tm,obj,value,
2026-04-14 00:00,15号桥节制闸,0.000000,
2026-04-14 01:00,15号桥节制闸,0.000000,
2026-04-14 02:00,15号桥节制闸,0.000000,
2026-04-14 03:00,15号桥节制闸,0.000000,
2026-04-14 04:00,15号桥节制闸,0.000000,
2026-04-14 05:00,15号桥节制闸,0.000000,
2026-04-14 06:00,15号桥节制闸,0.000000,
2026-04-14 07:00,15号桥节制闸,0.000000,
2026-04-14 08:00,15号桥节制闸,0.000000,
2026-04-14 09:00,15号桥节制闸,0.000000,
2026-04-14 10:00,15号桥节制闸,0.000000,
2026-04-14 11:00,15号桥节制闸,0.000000,
2026-04-14 12:00,15号桥节制闸,0.000000,
2026-04-14 13:00,15号桥节制闸,0.000000,
2026-04-14 14:00,15号桥节制闸,0.000000,
2026-04-14 15:00,15号桥节制闸,0.000000,
2026-04-14 16:00,15号桥节制闸,0.000000,
2026-04-14 17:00,15号桥节制闸,0.000000,
2026-04-14 18:00,15号桥节制闸,0.000000,
2026-04-14 19:00,15号桥节制闸,0.000000,
2026-04-14 20:00,15号桥节制闸,0.000000,
2026-04-14 21:00,15号桥节制闸,0.000000,
2026-04-14 22:00,15号桥节制闸,0.000000,
2026-04-14 23:00,15号桥节制闸,0.000000,
2026-04-15 00:00,15号桥节制闸,0.596042,
2026-04-15 01:00,15号桥节制闸,0.874063,
2026-04-15 02:00,15号桥节制闸,1.430104,
2026-04-15 03:00,15号桥节制闸,1.152083,
2026-04-15 04:00,15号桥节制闸,0.874063,
2026-04-15 05:00,15号桥节制闸,1.149800,
2026-04-15 06:00,15号桥节制闸,0.042283,
2026-04-15 07:00,15号桥节制闸,0.040000,
2026-04-15 08:00,15号桥节制闸,0.040000,
2026-04-15 09:00,15号桥节制闸,0.040000,
2026-04-15 10:00,15号桥节制闸,0.040000,
2026-04-15 11:00,15号桥节制闸,0.040000,
2026-04-15 12:00,15号桥节制闸,0.040000,
2026-04-15 13:00,15号桥节制闸,0.040000,
2026-04-15 14:00,15号桥节制闸,0.040000,
2026-04-15 15:00,15号桥节制闸,0.040000,
2026-04-15 16:00,15号桥节制闸,0.040000,
2026-04-15 17:00,15号桥节制闸,0.040000,
2026-04-15 18:00,15号桥节制闸,0.040000,
2026-04-15 19:00,15号桥节制闸,0.040000,
2026-04-15 20:00,15号桥节制闸,0.040000,
2026-04-15 21:00,15号桥节制闸,0.040000,
2026-04-15 22:00,15号桥节制闸,0.040000,
2026-04-15 23:00,15号桥节制闸,0.040000,
2026-04-16 00:00,15号桥节制闸,0.040000,
2026-04-16 01:00,15号桥节制闸,0.040000,
2026-04-16 02:00,15号桥节制闸,0.040000,
2026-04-16 03:00,15号桥节制闸,0.040000,
2026-04-16 04:00,15号桥节制闸,0.040000,
2026-04-16 05:00,15号桥节制闸,0.040000,
2026-04-16 06:00,15号桥节制闸,0.040000,
2026-04-16 07:00,15号桥节制闸,0.040000,
2026-04-16 08:00,15号桥节制闸,0.040000,
2026-04-16 09:00,15号桥节制闸,0.040000,
2026-04-16 10:00,15号桥节制闸,0.040000,
2026-04-16 11:00,15号桥节制闸,0.591475,
2026-04-16 12:00,15号桥节制闸,1.027212,
2026-04-16 13:00,15号桥节制闸,0.000000,
2026-04-16 14:00,15号桥节制闸,0.000000,
2026-04-16 15:00,15号桥节制闸,0.000000,
2026-04-16 16:00,15号桥节制闸,0.000000,
2026-04-16 17:00,15号桥节制闸,0.000000,
2026-04-16 18:00,15号桥节制闸,0.000000,
2026-04-16 19:00,15号桥节制闸,0.000000,
2026-04-16 20:00,15号桥节制闸,0.435737,
2026-04-16 21:00,15号桥节制闸,5.989776,
2026-04-16 22:00,15号桥节制闸,0.000000,
2026-04-16 23:00,15号桥节制闸,0.000000,
2026-04-17 00:00,15号桥节制闸,0.000000,
2026-04-17 01:00,15号桥节制闸,0.000000,
2026-04-17 02:00,15号桥节制闸,0.000000,
2026-04-17 03:00,15号桥节制闸,3.922657,
2026-04-17 04:00,15号桥节制闸,4.105344,
2026-04-17 05:00,15号桥节制闸,0.000000,
2026-04-17 06:00,15号桥节制闸,0.000000,
2026-04-17 07:00,15号桥节制闸,0.000000,
2026-04-17 08:00,15号桥节制闸,1.077697,
2026-04-17 09:00,15号桥节制闸,0.318667,
2026-04-17 10:00,15号桥节制闸,0.000000,
2026-04-17 11:00,15号桥节制闸,1.923917,
2026-04-17 12:00,15号桥节制闸,2.198208,
2026-04-17 13:00,15号桥节制闸,2.203204,
2026-04-17 14:00,15号桥节制闸,1.109258,
2026-04-17 15:00,15号桥节制闸,1.388996,
2026-04-17 16:00,15号桥节制闸,2.531938,
2026-04-17 17:00,15号桥节制闸,1.154971,
2026-04-17 18:00,15号桥节制闸,0.000000,
2026-04-17 19:00,15号桥节制闸,0.074225,
2026-04-17 20:00,15号桥节制闸,1.133983,
2026-04-17 21:00,15号桥节制闸,1.966758,
2026-04-17 22:00,15号桥节制闸,2.517229,
2026-04-17 23:00,15号桥节制闸,3.042983,
2026-04-18 00:00,15号桥节制闸,2.772954,
2026-04-18 01:00,15号桥节制闸,2.510196,
2026-04-18 02:00,15号桥节制闸,3.370950,
2026-04-18 03:00,15号桥节制闸,3.390929,
2026-04-18 04:00,15号桥节制闸,4.159354,
2026-04-18 05:00,15号桥节制闸,2.894562,
2026-04-18 06:00,15号桥节制闸,0.000000,
2026-04-18 07:00,15号桥节制闸,0.000000,
2026-04-18 08:00,15号桥节制闸,0.000000,
2026-04-18 09:00,15号桥节制闸,1.494546,
2026-04-18 10:00,15号桥节制闸,0.000000,
2026-04-18 11:00,15号桥节制闸,0.000000,
2026-04-18 12:00,15号桥节制闸,0.000000,
2026-04-18 13:00,15号桥节制闸,0.000000,
2026-04-18 14:00,15号桥节制闸,0.000000,
2026-04-18 15:00,15号桥节制闸,0.000000,
2026-04-18 16:00,15号桥节制闸,0.115858,
2026-04-18 17:00,15号桥节制闸,1.100562,
2026-04-18 18:00,15号桥节制闸,3.005187,
2026-04-18 19:00,15号桥节制闸,1.701275,
2026-04-18 20:00,15号桥节制闸,0.263204,
2026-04-18 21:00,15号桥节制闸,3.316004,
2026-04-18 22:00,15号桥节制闸,3.869192,
2026-04-18 23:00,15号桥节制闸,4.143213,
2026-04-19 00:00,15号桥节制闸,1.933042,
2026-04-19 01:00,15号桥节制闸,3.314708,
2026-04-19 02:00,15号桥节制闸,3.039687,
2026-04-19 03:00,15号桥节制闸,2.746567,
2026-04-19 04:00,15号桥节制闸,0.000000,
2026-04-19 05:00,15号桥节制闸,0.000000,
2026-04-19 06:00,15号桥节制闸,2.521638,
2026-04-19 07:00,15号桥节制闸,0.907213,
2026-04-19 08:00,15号桥节制闸,0.000000,
2026-04-19 09:00,15号桥节制闸,0.671475,
2026-04-19 10:00,15号桥节制闸,0.000000,
2026-04-19 11:00,15号桥节制闸,0.000000,
2026-04-19 12:00,15号桥节制闸,0.000000,
2026-04-19 13:00,15号桥节制闸,0.000000,
2026-04-19 14:00,15号桥节制闸,1.992204,
2026-04-19 15:00,15号桥节制闸,2.261454,
2026-04-19 16:00,15号桥节制闸,2.387254,
2026-04-19 17:00,15号桥节制闸,5.752513,
2026-04-19 18:00,15号桥节制闸,2.094649,
2026-04-19 19:00,15号桥节制闸,0.000000,
2026-04-19 20:00,15号桥节制闸,0.000000,
2026-04-19 21:00,15号桥节制闸,0.169872,
2026-04-19 22:00,15号桥节制闸,1.142950,
2026-04-19 23:00,15号桥节制闸,2.741358,
2026-04-20 00:00,15号桥节制闸,0.000000,
2026-04-20 01:00,15号桥节制闸,2.754192,
2026-04-20 02:00,15号桥节制闸,3.857142,
2026-04-20 03:00,15号桥节制闸,4.764704,
2026-04-20 04:00,15号桥节制闸,4.799392,
2026-04-20 05:00,15号桥节制闸,4.225942,
2026-04-20 06:00,15号桥节制闸,2.766204,
2026-04-20 07:00,15号桥节制闸,0.359463,
2026-04-20 08:00,15号桥节制闸,0.000000,
2026-04-20 09:00,15号桥节制闸,0.000000,
2026-04-20 10:00,15号桥节制闸,0.355737,
2026-04-20 11:00,15号桥节制闸,0.000000,
2026-04-20 12:00,15号桥节制闸,0.769679,
2026-04-20 13:00,15号桥节制闸,0.034104,
2026-04-20 14:00,15号桥节制闸,0.000000,
2026-04-20 15:00,15号桥节制闸,0.000000,
2026-04-20 16:00,15号桥节制闸,0.080000,
2026-04-20 17:00,15号桥节制闸,0.000000,
2026-04-20 18:00,15号桥节制闸,0.040000,
2026-04-20 19:00,15号桥节制闸,0.040000,
2026-04-20 20:00,15号桥节制闸,0.040000,
2026-04-20 21:00,15号桥节制闸,0.040000,
2026-04-20 22:00,15号桥节制闸,0.040000,
2026-04-20 23:00,15号桥节制闸,1.520000,
2026-04-14 00:00,17号桥节制闸,0.155000,
2026-04-14 01:00,17号桥节制闸,0.155000,
2026-04-14 02:00,17号桥节制闸,0.159000,
2026-04-14 03:00,17号桥节制闸,0.155000,
2026-04-14 04:00,17号桥节制闸,0.155000,
2026-04-14 05:00,17号桥节制闸,0.175636,
2026-04-14 06:00,17号桥节制闸,0.175636,
2026-04-14 07:00,17号桥节制闸,0.175636,
2026-04-14 08:00,17号桥节制闸,0.159636,
2026-04-14 09:00,17号桥节制闸,0.139000,
2026-04-14 10:00,17号桥节制闸,0.146000,
2026-04-14 11:00,17号桥节制闸,0.175000,
2026-04-14 12:00,17号桥节制闸,0.163000,
2026-04-14 13:00,17号桥节制闸,0.169000,
2026-04-14 14:00,17号桥节制闸,0.170000,
2026-04-14 15:00,17号桥节制闸,0.164000,
2026-04-14 16:00,17号桥节制闸,0.172000,
2026-04-14 17:00,17号桥节制闸,0.000000,
2026-04-14 18:00,17号桥节制闸,0.000000,
2026-04-14 19:00,17号桥节制闸,0.000000,
2026-04-14 20:00,17号桥节制闸,0.000000,
2026-04-14 21:00,17号桥节制闸,0.000000,
2026-04-14 22:00,17号桥节制闸,0.000000,
2026-04-14 23:00,17号桥节制闸,0.000000,
2026-04-15 00:00,17号桥节制闸,0.000000,
2026-04-15 01:00,17号桥节制闸,0.000000,
2026-04-15 02:00,17号桥节制闸,0.000000,
2026-04-15 03:00,17号桥节制闸,0.000000,
2026-04-15 04:00,17号桥节制闸,0.000000,
2026-04-15 05:00,17号桥节制闸,0.078751,
2026-04-15 06:00,17号桥节制闸,0.078751,
2026-04-15 07:00,17号桥节制闸,0.078751,
2026-04-15 08:00,17号桥节制闸,0.078751,
2026-04-15 09:00,17号桥节制闸,0.000000,
2026-04-15 10:00,17号桥节制闸,0.000000,
2026-04-15 11:00,17号桥节制闸,0.408630,
2026-04-15 12:00,17号桥节制闸,0.408630,
2026-04-15 13:00,17号桥节制闸,0.408630,
2026-04-15 14:00,17号桥节制闸,0.408630,
2026-04-15 15:00,17号桥节制闸,0.408630,
2026-04-15 16:00,17号桥节制闸,0.408630,
2026-04-15 17:00,17号桥节制闸,0.408630,
2026-04-15 18:00,17号桥节制闸,0.291992,
2026-04-15 19:00,17号桥节制闸,0.000000,
2026-04-15 20:00,17号桥节制闸,0.096836,
2026-04-15 21:00,17号桥节制闸,0.096836,
2026-04-15 22:00,17号桥节制闸,0.096836,
2026-04-15 23:00,17号桥节制闸,0.096836,
2026-04-16 00:00,17号桥节制闸,0.096836,
2026-04-16 01:00,17号桥节制闸,0.002288,
2026-04-16 02:00,17号桥节制闸,0.000000,
2026-04-16 03:00,17号桥节制闸,0.000000,
2026-04-16 04:00,17号桥节制闸,0.000000,
2026-04-16 05:00,17号桥节制闸,0.000000,
2026-04-16 06:00,17号桥节制闸,0.070618,
2026-04-16 07:00,17号桥节制闸,0.070618,
2026-04-16 08:00,17号桥节制闸,0.000000,
2026-04-16 09:00,17号桥节制闸,0.000000,
2026-04-16 10:00,17号桥节制闸,0.000000,
2026-04-16 11:00,17号桥节制闸,0.000000,
2026-04-16 12:00,17号桥节制闸,0.000000,
2026-04-16 13:00,17号桥节制闸,0.000000,
2026-04-16 14:00,17号桥节制闸,0.000000,
2026-04-16 15:00,17号桥节制闸,0.000000,
2026-04-16 16:00,17号桥节制闸,0.000000,
2026-04-16 17:00,17号桥节制闸,0.000000,
2026-04-16 18:00,17号桥节制闸,0.000000,
2026-04-16 19:00,17号桥节制闸,0.000000,
2026-04-16 20:00,17号桥节制闸,0.000000,
2026-04-16 21:00,17号桥节制闸,0.000000,
2026-04-16 22:00,17号桥节制闸,0.000000,
2026-04-16 23:00,17号桥节制闸,0.000000,
2026-04-17 00:00,17号桥节制闸,0.000000,
2026-04-17 01:00,17号桥节制闸,0.000000,
2026-04-17 02:00,17号桥节制闸,0.000000,
2026-04-17 03:00,17号桥节制闸,0.000000,
2026-04-17 04:00,17号桥节制闸,0.000000,
2026-04-17 05:00,17号桥节制闸,0.000000,
2026-04-17 06:00,17号桥节制闸,0.000000,
2026-04-17 07:00,17号桥节制闸,0.000000,
2026-04-17 08:00,17号桥节制闸,0.690000,
2026-04-17 09:00,17号桥节制闸,0.690000,
2026-04-17 10:00,17号桥节制闸,0.768000,
2026-04-17 11:00,17号桥节制闸,0.707000,
2026-04-17 12:00,17号桥节制闸,0.701000,
2026-04-17 13:00,17号桥节制闸,0.706000,
2026-04-17 14:00,17号桥节制闸,0.715000,
2026-04-17 15:00,17号桥节制闸,0.729000,
2026-04-17 16:00,17号桥节制闸,0.769000,
2026-04-17 17:00,17号桥节制闸,0.763000,
2026-04-17 18:00,17号桥节制闸,0.752000,
2026-04-17 19:00,17号桥节制闸,0.745000,
2026-04-17 20:00,17号桥节制闸,0.752000,
2026-04-17 21:00,17号桥节制闸,0.753000,
2026-04-17 22:00,17号桥节制闸,0.752000,
2026-04-17 23:00,17号桥节制闸,0.724000,
2026-04-18 00:00,17号桥节制闸,0.732000,
2026-04-18 01:00,17号桥节制闸,0.722000,
2026-04-18 02:00,17号桥节制闸,0.728000,
2026-04-18 03:00,17号桥节制闸,0.725000,
2026-04-18 04:00,17号桥节制闸,0.726000,
2026-04-18 05:00,17号桥节制闸,0.718000,
2026-04-18 06:00,17号桥节制闸,0.725000,
2026-04-18 07:00,17号桥节制闸,0.739000,
2026-04-18 08:00,17号桥节制闸,0.736000,
2026-04-18 09:00,17号桥节制闸,0.717000,
2026-04-18 10:00,17号桥节制闸,0.735000,
2026-04-18 11:00,17号桥节制闸,0.727000,
2026-04-18 12:00,17号桥节制闸,0.699000,
2026-04-18 13:00,17号桥节制闸,0.756000,
2026-04-18 14:00,17号桥节制闸,0.676000,
2026-04-18 15:00,17号桥节制闸,0.680000,
2026-04-18 16:00,17号桥节制闸,0.724000,
2026-04-18 17:00,17号桥节制闸,0.714000,
2026-04-18 18:00,17号桥节制闸,0.723000,
2026-04-18 19:00,17号桥节制闸,0.725000,
2026-04-18 20:00,17号桥节制闸,0.713000,
2026-04-18 21:00,17号桥节制闸,0.719000,
2026-04-18 22:00,17号桥节制闸,0.723000,
2026-04-18 23:00,17号桥节制闸,0.719000,
2026-04-19 00:00,17号桥节制闸,0.717000,
2026-04-19 01:00,17号桥节制闸,0.720000,
2026-04-19 02:00,17号桥节制闸,0.723000,
2026-04-19 03:00,17号桥节制闸,0.731000,
2026-04-19 04:00,17号桥节制闸,0.722000,
2026-04-19 05:00,17号桥节制闸,0.720000,
2026-04-19 06:00,17号桥节制闸,0.728000,
2026-04-19 07:00,17号桥节制闸,0.878000,
2026-04-19 08:00,17号桥节制闸,0.881000,
2026-04-19 09:00,17号桥节制闸,0.913000,
2026-04-19 10:00,17号桥节制闸,0.927000,
2026-04-19 11:00,17号桥节制闸,0.906000,
2026-04-19 12:00,17号桥节制闸,0.914000,
2026-04-19 13:00,17号桥节制闸,0.931000,
2026-04-19 14:00,17号桥节制闸,0.948000,
2026-04-19 15:00,17号桥节制闸,0.950000,
2026-04-19 16:00,17号桥节制闸,0.939000,
2026-04-19 17:00,17号桥节制闸,0.943000,
2026-04-19 18:00,17号桥节制闸,0.951000,
2026-04-19 19:00,17号桥节制闸,0.942000,
2026-04-19 20:00,17号桥节制闸,0.941000,
2026-04-19 21:00,17号桥节制闸,0.940000,
2026-04-19 22:00,17号桥节制闸,0.873000,
2026-04-19 23:00,17号桥节制闸,0.869000,
2026-04-20 00:00,17号桥节制闸,0.867000,
2026-04-20 01:00,17号桥节制闸,0.866000,
2026-04-20 02:00,17号桥节制闸,0.866000,
2026-04-20 03:00,17号桥节制闸,0.866000,
2026-04-20 04:00,17号桥节制闸,0.864000,
2026-04-20 05:00,17号桥节制闸,0.865000,
2026-04-20 06:00,17号桥节制闸,0.862000,
2026-04-20 07:00,17号桥节制闸,0.860000,
2026-04-20 08:00,17号桥节制闸,0.867000,
2026-04-20 09:00,17号桥节制闸,0.864000,
2026-04-20 10:00,17号桥节制闸,0.871000,
2026-04-20 11:00,17号桥节制闸,0.861000,
2026-04-20 12:00,17号桥节制闸,0.869000,
2026-04-20 13:00,17号桥节制闸,0.869000,
2026-04-20 14:00,17号桥节制闸,0.855000,
2026-04-20 15:00,17号桥节制闸,0.869000,
2026-04-20 16:00,17号桥节制闸,0.869000,
2026-04-20 17:00,17号桥节制闸,0.831000,
2026-04-20 18:00,17号桥节制闸,0.829000,
2026-04-20 19:00,17号桥节制闸,0.822000,
2026-04-20 20:00,17号桥节制闸,0.793000,
2026-04-20 21:00,17号桥节制闸,0.771000,
2026-04-20 22:00,17号桥节制闸,0.757000,
2026-04-20 23:00,17号桥节制闸,0.750000,
2026-04-14 00:00,d0,0.000000,
2026-04-14 01:00,d0,0.702000,
2026-04-14 02:00,d0,0.696000,
2026-04-14 03:00,d0,0.697000,
2026-04-14 04:00,d0,0.616000,
2026-04-14 05:00,d0,0.540000,
2026-04-14 06:00,d0,0.559000,
2026-04-14 07:00,d0,0.561000,
2026-04-14 08:00,d0,0.599000,
2026-04-14 09:00,d0,0.597000,
2026-04-14 10:00,d0,0.652000,
2026-04-14 11:00,d0,0.636000,
2026-04-14 12:00,d0,0.628000,
2026-04-14 13:00,d0,0.651000,
2026-04-14 14:00,d0,0.649000,
2026-04-14 15:00,d0,0.601000,
2026-04-14 16:00,d0,0.604000,
2026-04-14 17:00,d0,0.593000,
2026-04-14 18:00,d0,0.589000,
2026-04-14 19:00,d0,0.591000,
2026-04-14 20:00,d0,0.596000,
2026-04-14 21:00,d0,0.598000,
2026-04-14 22:00,d0,0.600000,
2026-04-14 23:00,d0,0.603000,
2026-04-15 00:00,d0,0.577000,
2026-04-15 01:00,d0,0.580000,
2026-04-15 02:00,d0,0.580000,
2026-04-15 03:00,d0,0.587000,
2026-04-15 04:00,d0,0.598000,
2026-04-15 05:00,d0,0.612000,
2026-04-15 06:00,d0,0.624000,
2026-04-15 07:00,d0,0.624000,
2026-04-15 08:00,d0,0.512000,
2026-04-15 09:00,d0,0.485000,
2026-04-15 10:00,d0,0.471000,
2026-04-15 11:00,d0,0.471000,
2026-04-15 12:00,d0,0.509000,
2026-04-15 13:00,d0,0.534000,
2026-04-15 14:00,d0,0.539000,
2026-04-15 15:00,d0,0.540000,
2026-04-15 16:00,d0,0.554000,
2026-04-15 17:00,d0,0.578000,
2026-04-15 18:00,d0,0.565000,
2026-04-15 19:00,d0,0.538000,
2026-04-15 20:00,d0,0.576000,
2026-04-15 21:00,d0,0.549000,
2026-04-15 22:00,d0,0.566000,
2026-04-15 23:00,d0,0.557000,
2026-04-16 00:00,d0,0.557000,
2026-04-16 01:00,d0,0.528000,
2026-04-16 02:00,d0,0.541000,
2026-04-16 03:00,d0,0.583000,
2026-04-16 04:00,d0,0.582000,
2026-04-16 05:00,d0,0.589000,
2026-04-16 06:00,d0,0.592000,
2026-04-16 07:00,d0,0.598000,
2026-04-16 08:00,d0,0.598000,
2026-04-16 09:00,d0,0.586000,
2026-04-16 10:00,d0,0.595000,
2026-04-16 11:00,d0,0.614000,
2026-04-16 12:00,d0,0.617000,
2026-04-16 13:00,d0,0.664000,
2026-04-16 14:00,d0,0.655000,
2026-04-16 15:00,d0,0.658000,
2026-04-16 16:00,d0,0.658000,
2026-04-16 17:00,d0,0.655000,
2026-04-16 18:00,d0,0.643000,
2026-04-16 19:00,d0,0.627000,
2026-04-16 20:00,d0,0.627000,
2026-04-16 21:00,d0,0.628000,
2026-04-16 22:00,d0,0.629000,
2026-04-16 23:00,d0,0.628000,
2026-04-17 00:00,d0,0.629000,
2026-04-17 01:00,d0,0.627000,
2026-04-17 02:00,d0,0.627000,
2026-04-17 03:00,d0,0.582000,
2026-04-17 04:00,d0,0.622000,
2026-04-17 05:00,d0,0.548000,
2026-04-17 06:00,d0,0.564000,
2026-04-17 07:00,d0,0.612000,
2026-04-17 08:00,d0,0.608000,
2026-04-17 09:00,d0,0.602000,
2026-04-17 10:00,d0,0.608000,
2026-04-17 11:00,d0,0.605000,
2026-04-17 12:00,d0,0.660000,
2026-04-17 13:00,d0,0.669000,
2026-04-17 14:00,d0,0.666000,
2026-04-17 15:00,d0,0.669000,
2026-04-17 16:00,d0,0.670000,
2026-04-17 17:00,d0,0.616000,
2026-04-17 18:00,d0,0.619000,
2026-04-17 19:00,d0,0.621000,
2026-04-17 20:00,d0,0.624000,
2026-04-17 21:00,d0,0.630000,
2026-04-17 22:00,d0,0.636000,
2026-04-17 23:00,d0,0.638000,
2026-04-18 00:00,d0,0.638000,
2026-04-18 01:00,d0,0.647000,
2026-04-18 02:00,d0,0.651000,
2026-04-18 03:00,d0,0.650000,
2026-04-18 04:00,d0,0.651000,
2026-04-18 05:00,d0,0.614000,
2026-04-18 06:00,d0,0.664000,
2026-04-18 07:00,d0,0.684000,
2026-04-18 08:00,d0,0.672000,
2026-04-18 09:00,d0,0.736000,
2026-04-18 10:00,d0,0.727000,
2026-04-18 11:00,d0,0.720000,
2026-04-18 12:00,d0,0.732000,
2026-04-18 13:00,d0,0.738000,
2026-04-18 14:00,d0,0.737000,
2026-04-18 15:00,d0,0.721000,
2026-04-18 16:00,d0,0.716000,
2026-04-18 17:00,d0,0.619000,
2026-04-18 18:00,d0,0.599000,
2026-04-18 19:00,d0,0.529000,
2026-04-18 20:00,d0,0.527000,
2026-04-18 21:00,d0,0.483000,
2026-04-18 22:00,d0,0.495000,
2026-04-18 23:00,d0,0.503000,
2026-04-19 00:00,d0,0.499000,
2026-04-19 01:00,d0,0.510000,
2026-04-19 02:00,d0,0.504000,
2026-04-19 03:00,d0,0.502000,
2026-04-19 04:00,d0,0.497000,
2026-04-19 05:00,d0,0.524000,
2026-04-19 06:00,d0,0.569000,
2026-04-19 07:00,d0,0.558000,
2026-04-19 08:00,d0,0.574000,
2026-04-19 09:00,d0,0.596000,
2026-04-19 10:00,d0,0.584000,
2026-04-19 11:00,d0,0.581000,
2026-04-19 12:00,d0,0.596000,
2026-04-19 13:00,d0,0.645000,
2026-04-19 14:00,d0,0.623000,
2026-04-19 15:00,d0,0.623000,
2026-04-19 16:00,d0,0.591000,
2026-04-19 17:00,d0,0.541000,
2026-04-19 18:00,d0,0.508000,
2026-04-19 19:00,d0,0.416000,
2026-04-19 20:00,d0,0.386000,
2026-04-19 21:00,d0,0.389000,
2026-04-19 22:00,d0,0.340000,
2026-04-19 23:00,d0,0.297000,
2026-04-20 00:00,d0,0.301000,
2026-04-20 01:00,d0,0.281000,
2026-04-20 02:00,d0,0.285000,
2026-04-20 03:00,d0,0.272000,
2026-04-20 04:00,d0,0.270000,
2026-04-20 05:00,d0,0.266000,
2026-04-20 06:00,d0,0.268000,
2026-04-20 07:00,d0,0.262000,
2026-04-20 08:00,d0,0.267000,
2026-04-20 09:00,d0,0.308000,
2026-04-20 10:00,d0,0.258000,
2026-04-20 11:00,d0,0.260000,
2026-04-20 12:00,d0,0.257000,
2026-04-20 13:00,d0,0.284000,
2026-04-20 14:00,d0,0.284000,
2026-04-20 15:00,d0,0.281000,
2026-04-20 16:00,d0,0.285000,
2026-04-20 17:00,d0,0.283000,
2026-04-20 18:00,d0,0.280000,
2026-04-20 19:00,d0,0.274000,
2026-04-20 20:00,d0,0.228000,
2026-04-20 21:00,d0,0.228000,
2026-04-20 22:00,d0,0.231000,
2026-04-20 23:00,d0,0.161000,
2026-04-14 00:00,d1,0.000000,
2026-04-14 01:00,d1,1.957000,
2026-04-14 02:00,d1,1.941000,
2026-04-14 03:00,d1,1.934000,
2026-04-14 04:00,d1,2.024000,
2026-04-14 05:00,d1,2.099000,
2026-04-14 06:00,d1,2.092000,
2026-04-14 07:00,d1,2.073000,
2026-04-14 08:00,d1,2.050000,
2026-04-14 09:00,d1,2.054000,
2026-04-14 10:00,d1,1.988000,
2026-04-14 11:00,d1,2.011000,
2026-04-14 12:00,d1,2.015000,
2026-04-14 13:00,d1,1.993000,
2026-04-14 14:00,d1,1.983000,
2026-04-14 15:00,d1,2.045000,
2026-04-14 16:00,d1,2.047000,
2026-04-14 17:00,d1,2.056000,
2026-04-14 18:00,d1,2.058000,
2026-04-14 19:00,d1,2.056000,
2026-04-14 20:00,d1,2.049000,
2026-04-14 21:00,d1,2.050000,
2026-04-14 22:00,d1,2.052000,
2026-04-14 23:00,d1,2.048000,
2026-04-15 00:00,d1,2.080000,
2026-04-15 01:00,d1,0.750533,
2026-04-15 02:00,d1,0.000000,
2026-04-15 03:00,d1,0.000000,
2026-04-15 04:00,d1,0.000000,
2026-04-15 05:00,d1,0.000000,
2026-04-15 06:00,d1,0.000000,
2026-04-15 07:00,d1,1.734014,
2026-04-15 08:00,d1,2.127000,
2026-04-15 09:00,d1,2.160000,
2026-04-15 10:00,d1,2.154000,
2026-04-15 11:00,d1,2.162000,
2026-04-15 12:00,d1,2.135000,
2026-04-15 13:00,d1,2.103000,
2026-04-15 14:00,d1,2.108000,
2026-04-15 15:00,d1,2.103000,
2026-04-15 16:00,d1,2.076000,
2026-04-15 17:00,d1,0.716000,
2026-04-15 18:00,d1,0.726000,
2026-04-15 19:00,d1,0.752000,
2026-04-15 20:00,d1,0.710000,
2026-04-15 21:00,d1,0.739000,
2026-04-15 22:00,d1,0.721000,
2026-04-15 23:00,d1,0.731000,
2026-04-16 00:00,d1,0.733000,
2026-04-16 01:00,d1,2.112000,
2026-04-16 02:00,d1,2.111000,
2026-04-16 03:00,d1,2.060000,
2026-04-16 04:00,d1,2.059000,
2026-04-16 05:00,d1,1.705697,
2026-04-16 06:00,d1,0.000000,
2026-04-16 07:00,d1,1.698403,
2026-04-16 08:00,d1,2.052000,
2026-04-16 09:00,d1,0.706000,
2026-04-16 10:00,d1,0.690000,
2026-04-16 11:00,d1,0.672000,
2026-04-16 12:00,d1,0.000000,
2026-04-16 13:00,d1,0.000000,
2026-04-16 14:00,d1,0.000000,
2026-04-16 15:00,d1,0.013870,
2026-04-16 16:00,d1,0.014880,
2026-04-16 17:00,d1,0.017880,
2026-04-16 18:00,d1,1.404500,
2026-04-16 19:00,d1,1.397490,
2026-04-16 20:00,d1,0.983773,
2026-04-16 21:00,d1,1.772870,
2026-04-16 22:00,d1,2.020000,
2026-04-16 23:00,d1,2.021000,
2026-04-17 00:00,d1,2.024000,
2026-04-17 01:00,d1,2.014000,
2026-04-17 02:00,d1,2.020000,
2026-04-17 03:00,d1,0.949795,
2026-04-17 04:00,d1,0.000000,
2026-04-17 05:00,d1,0.000000,
2026-04-17 06:00,d1,0.000000,
2026-04-17 07:00,d1,0.000000,
2026-04-17 08:00,d1,0.000000,
2026-04-17 09:00,d1,0.000000,
2026-04-17 10:00,d1,2.362753,
2026-04-17 11:00,d1,0.859603,
2026-04-17 12:00,d1,0.482302,
2026-04-17 13:00,d1,0.478406,
2026-04-17 14:00,d1,0.191705,
2026-04-17 15:00,d1,0.000000,
2026-04-17 16:00,d1,0.000000,
2026-04-17 17:00,d1,0.000000,
2026-04-17 18:00,d1,0.000000,
2026-04-17 19:00,d1,0.000000,
2026-04-17 20:00,d1,0.000000,
2026-04-17 21:00,d1,0.000000,
2026-04-17 22:00,d1,0.000000,
2026-04-17 23:00,d1,0.000000,
2026-04-18 00:00,d1,0.000000,
2026-04-18 01:00,d1,0.000000,
2026-04-18 02:00,d1,0.000000,
2026-04-18 03:00,d1,0.188829,
2026-04-18 04:00,d1,3.315000,
2026-04-18 05:00,d1,2.026000,
2026-04-18 06:00,d1,1.989000,
2026-04-18 07:00,d1,1.958000,
2026-04-18 08:00,d1,1.978000,
2026-04-18 09:00,d1,1.907000,
2026-04-18 10:00,d1,1.920000,
2026-04-18 11:00,d1,1.928000,
2026-04-18 12:00,d1,3.250000,
2026-04-18 13:00,d1,3.244000,
2026-04-18 14:00,d1,3.231000,
2026-04-18 15:00,d1,2.845446,
2026-04-18 16:00,d1,0.000000,
2026-04-18 17:00,d1,0.000000,
2026-04-18 18:00,d1,0.000000,
2026-04-18 19:00,d1,0.000000,
2026-04-18 20:00,d1,0.000000,
2026-04-18 21:00,d1,0.000000,
2026-04-18 22:00,d1,0.000000,
2026-04-18 23:00,d1,0.000000,
2026-04-19 00:00,d1,0.000000,
2026-04-19 01:00,d1,0.000000,
2026-04-19 02:00,d1,0.000000,
2026-04-19 03:00,d1,0.000000,
2026-04-19 04:00,d1,0.000000,
2026-04-19 05:00,d1,0.730648,
2026-04-19 06:00,d1,2.085000,
2026-04-19 07:00,d1,2.092000,
2026-04-19 08:00,d1,2.080000,
2026-04-19 09:00,d1,2.051000,
2026-04-19 10:00,d1,2.590000,
2026-04-19 11:00,d1,3.388000,
2026-04-19 12:00,d1,3.401000,
2026-04-19 13:00,d1,3.324000,
2026-04-19 14:00,d1,3.350000,
2026-04-19 15:00,d1,1.122693,
2026-04-19 16:00,d1,0.000000,
2026-04-19 17:00,d1,0.000000,
2026-04-19 18:00,d1,0.000000,
2026-04-19 19:00,d1,0.000000,
2026-04-19 20:00,d1,0.000000,
2026-04-19 21:00,d1,0.000000,
2026-04-19 22:00,d1,0.000000,
2026-04-19 23:00,d1,0.000000,
2026-04-20 00:00,d1,0.000000,
2026-04-20 01:00,d1,0.000000,
2026-04-20 02:00,d1,0.000000,
2026-04-20 03:00,d1,1.466634,
2026-04-20 04:00,d1,2.372000,
2026-04-20 05:00,d1,2.371000,
2026-04-20 06:00,d1,2.373000,
2026-04-20 07:00,d1,2.371000,
2026-04-20 08:00,d1,2.336000,
2026-04-20 09:00,d1,2.335000,
2026-04-20 10:00,d1,2.386000,
2026-04-20 11:00,d1,2.386000,
2026-04-20 12:00,d1,2.397000,
2026-04-20 13:00,d1,2.367000,
2026-04-20 14:00,d1,2.364000,
2026-04-20 15:00,d1,2.368000,
2026-04-20 16:00,d1,2.353000,
2026-04-20 17:00,d1,2.361000,
2026-04-20 18:00,d1,2.371000,
2026-04-20 19:00,d1,2.379000,
2026-04-20 20:00,d1,2.422000,
2026-04-20 21:00,d1,2.430000,
2026-04-20 22:00,d1,2.418000,
2026-04-20 23:00,d1,0.306440,
2026-04-14 00:00,d10,0.155000,
2026-04-14 01:00,d10,0.155000,
2026-04-14 02:00,d10,0.159000,
2026-04-14 03:00,d10,0.155000,
2026-04-14 04:00,d10,0.155000,
2026-04-14 05:00,d10,0.158000,
2026-04-14 06:00,d10,0.157000,
2026-04-14 07:00,d10,0.155000,
2026-04-14 08:00,d10,0.139000,
2026-04-14 09:00,d10,0.139000,
2026-04-14 10:00,d10,0.146000,
2026-04-14 11:00,d10,0.175000,
2026-04-14 12:00,d10,0.163000,
2026-04-14 13:00,d10,0.169000,
2026-04-14 14:00,d10,0.170000,
2026-04-14 15:00,d10,0.164000,
2026-04-14 16:00,d10,0.172000,
2026-04-14 17:00,d10,0.000000,
2026-04-14 18:00,d10,0.000000,
2026-04-14 19:00,d10,0.000000,
2026-04-14 20:00,d10,0.000000,
2026-04-14 21:00,d10,0.000000,
2026-04-14 22:00,d10,0.000000,
2026-04-14 23:00,d10,0.000000,
2026-04-15 00:00,d10,0.000000,
2026-04-15 01:00,d10,0.000000,
2026-04-15 02:00,d10,0.000000,
2026-04-15 03:00,d10,0.000000,
2026-04-15 04:00,d10,0.000000,
2026-04-15 05:00,d10,0.000000,
2026-04-15 06:00,d10,0.000000,
2026-04-15 07:00,d10,0.000000,
2026-04-15 08:00,d10,0.000000,
2026-04-15 09:00,d10,0.000000,
2026-04-15 10:00,d10,0.000000,
2026-04-15 11:00,d10,0.000000,
2026-04-15 12:00,d10,0.000000,
2026-04-15 13:00,d10,0.000000,
2026-04-15 14:00,d10,0.000000,
2026-04-15 15:00,d10,0.000000,
2026-04-15 16:00,d10,0.000000,
2026-04-15 17:00,d10,0.000000,
2026-04-15 18:00,d10,0.000000,
2026-04-15 19:00,d10,0.000000,
2026-04-15 20:00,d10,0.000000,
2026-04-15 21:00,d10,0.000000,
2026-04-15 22:00,d10,0.000000,
2026-04-15 23:00,d10,0.000000,
2026-04-16 00:00,d10,0.000000,
2026-04-16 01:00,d10,0.000000,
2026-04-16 02:00,d10,0.000000,
2026-04-16 03:00,d10,0.000000,
2026-04-16 04:00,d10,0.000000,
2026-04-16 05:00,d10,0.000000,
2026-04-16 06:00,d10,0.000000,
2026-04-16 07:00,d10,0.000000,
2026-04-16 08:00,d10,0.000000,
2026-04-16 09:00,d10,0.000000,
2026-04-16 10:00,d10,0.000000,
2026-04-16 11:00,d10,0.000000,
2026-04-16 12:00,d10,0.000000,
2026-04-16 13:00,d10,0.000000,
2026-04-16 14:00,d10,0.000000,
2026-04-16 15:00,d10,0.000000,
2026-04-16 16:00,d10,0.000000,
2026-04-16 17:00,d10,0.000000,
2026-04-16 18:00,d10,0.000000,
2026-04-16 19:00,d10,0.000000,
2026-04-16 20:00,d10,0.000000,
2026-04-16 21:00,d10,0.000000,
2026-04-16 22:00,d10,0.000000,
2026-04-16 23:00,d10,0.000000,
2026-04-17 00:00,d10,0.000000,
2026-04-17 01:00,d10,0.000000,
2026-04-17 02:00,d10,0.000000,
2026-04-17 03:00,d10,0.000000,
2026-04-17 04:00,d10,0.000000,
2026-04-17 05:00,d10,0.000000,
2026-04-17 06:00,d10,0.000000,
2026-04-17 07:00,d10,0.000000,
2026-04-17 08:00,d10,0.690000,
2026-04-17 09:00,d10,0.690000,
2026-04-17 10:00,d10,0.768000,
2026-04-17 11:00,d10,0.707000,
2026-04-17 12:00,d10,0.701000,
2026-04-17 13:00,d10,0.706000,
2026-04-17 14:00,d10,0.715000,
2026-04-17 15:00,d10,0.729000,
2026-04-17 16:00,d10,0.769000,
2026-04-17 17:00,d10,0.763000,
2026-04-17 18:00,d10,0.752000,
2026-04-17 19:00,d10,0.745000,
2026-04-17 20:00,d10,0.752000,
2026-04-17 21:00,d10,0.753000,
2026-04-17 22:00,d10,0.752000,
2026-04-17 23:00,d10,0.724000,
2026-04-18 00:00,d10,0.732000,
2026-04-18 01:00,d10,0.722000,
2026-04-18 02:00,d10,0.728000,
2026-04-18 03:00,d10,0.725000,
2026-04-18 04:00,d10,0.726000,
2026-04-18 05:00,d10,0.718000,
2026-04-18 06:00,d10,0.725000,
2026-04-18 07:00,d10,0.739000,
2026-04-18 08:00,d10,0.736000,
2026-04-18 09:00,d10,0.717000,
2026-04-18 10:00,d10,0.735000,
2026-04-18 11:00,d10,0.727000,
2026-04-18 12:00,d10,0.699000,
2026-04-18 13:00,d10,0.756000,
2026-04-18 14:00,d10,0.676000,
2026-04-18 15:00,d10,0.680000,
2026-04-18 16:00,d10,0.724000,
2026-04-18 17:00,d10,0.714000,
2026-04-18 18:00,d10,0.723000,
2026-04-18 19:00,d10,0.725000,
2026-04-18 20:00,d10,0.713000,
2026-04-18 21:00,d10,0.719000,
2026-04-18 22:00,d10,0.723000,
2026-04-18 23:00,d10,0.719000,
2026-04-19 00:00,d10,0.717000,
2026-04-19 01:00,d10,0.720000,
2026-04-19 02:00,d10,0.723000,
2026-04-19 03:00,d10,0.731000,
2026-04-19 04:00,d10,0.722000,
2026-04-19 05:00,d10,0.720000,
2026-04-19 06:00,d10,0.728000,
2026-04-19 07:00,d10,0.878000,
2026-04-19 08:00,d10,0.881000,
2026-04-19 09:00,d10,0.913000,
2026-04-19 10:00,d10,0.927000,
2026-04-19 11:00,d10,0.906000,
2026-04-19 12:00,d10,0.914000,
2026-04-19 13:00,d10,0.931000,
2026-04-19 14:00,d10,0.948000,
2026-04-19 15:00,d10,0.950000,
2026-04-19 16:00,d10,0.939000,
2026-04-19 17:00,d10,0.943000,
2026-04-19 18:00,d10,0.951000,
2026-04-19 19:00,d10,0.942000,
2026-04-19 20:00,d10,0.941000,
2026-04-19 21:00,d10,0.940000,
2026-04-19 22:00,d10,0.873000,
2026-04-19 23:00,d10,0.869000,
2026-04-20 00:00,d10,0.867000,
2026-04-20 01:00,d10,0.866000,
2026-04-20 02:00,d10,0.866000,
2026-04-20 03:00,d10,0.866000,
2026-04-20 04:00,d10,0.864000,
2026-04-20 05:00,d10,0.865000,
2026-04-20 06:00,d10,0.862000,
2026-04-20 07:00,d10,0.860000,
2026-04-20 08:00,d10,0.867000,
2026-04-20 09:00,d10,0.864000,
2026-04-20 10:00,d10,0.871000,
2026-04-20 11:00,d10,0.861000,
2026-04-20 12:00,d10,0.869000,
2026-04-20 13:00,d10,0.869000,
2026-04-20 14:00,d10,0.855000,
2026-04-20 15:00,d10,0.869000,
2026-04-20 16:00,d10,0.869000,
2026-04-20 17:00,d10,0.831000,
2026-04-20 18:00,d10,0.829000,
2026-04-20 19:00,d10,0.822000,
2026-04-20 20:00,d10,0.793000,
2026-04-20 21:00,d10,0.771000,
2026-04-20 22:00,d10,0.757000,
2026-04-20 23:00,d10,0.750000,
2026-04-14 00:00,d2,0.000000,
2026-04-14 01:00,d2,0.969000,
2026-04-14 02:00,d2,0.961000,
2026-04-14 03:00,d2,0.960000,
2026-04-14 04:00,d2,0.964000,
2026-04-14 05:00,d2,0.964000,
2026-04-14 06:00,d2,0.764000,
2026-04-14 07:00,d2,0.840000,
2026-04-14 08:00,d2,0.909000,
2026-04-14 09:00,d2,0.869000,
2026-04-14 10:00,d2,0.869000,
2026-04-14 11:00,d2,0.868000,
2026-04-14 12:00,d2,0.871000,
2026-04-14 13:00,d2,0.873000,
2026-04-14 14:00,d2,0.873000,
2026-04-14 15:00,d2,0.871000,
2026-04-14 16:00,d2,0.869000,
2026-04-14 17:00,d2,0.869000,
2026-04-14 18:00,d2,0.871000,
2026-04-14 19:00,d2,0.872000,
2026-04-14 20:00,d2,0.873000,
2026-04-14 21:00,d2,0.827000,
2026-04-14 22:00,d2,0.833000,
2026-04-14 23:00,d2,0.833000,
2026-04-15 00:00,d2,0.831000,
2026-04-15 01:00,d2,0.833000,
2026-04-15 02:00,d2,0.831000,
2026-04-15 03:00,d2,0.837000,
2026-04-15 04:00,d2,0.836000,
2026-04-15 05:00,d2,0.838000,
2026-04-15 06:00,d2,0.838000,
2026-04-15 07:00,d2,0.835000,
2026-04-15 08:00,d2,0.822000,
2026-04-15 09:00,d2,0.820000,
2026-04-15 10:00,d2,0.819000,
2026-04-15 11:00,d2,0.690000,
2026-04-15 12:00,d2,0.712000,
2026-04-15 13:00,d2,0.711000,
2026-04-15 14:00,d2,0.742000,
2026-04-15 15:00,d2,0.724000,
2026-04-15 16:00,d2,0.726000,
2026-04-15 17:00,d2,0.726000,
2026-04-15 18:00,d2,0.726000,
2026-04-15 19:00,d2,0.713000,
2026-04-15 20:00,d2,0.714000,
2026-04-15 21:00,d2,0.715000,
2026-04-15 22:00,d2,0.712000,
2026-04-15 23:00,d2,0.713000,
2026-04-16 00:00,d2,0.675000,
2026-04-16 01:00,d2,0.672000,
2026-04-16 02:00,d2,0.670000,
2026-04-16 03:00,d2,0.671000,
2026-04-16 04:00,d2,0.652000,
2026-04-16 05:00,d2,0.650000,
2026-04-16 06:00,d2,0.671000,
2026-04-16 07:00,d2,0.672000,
2026-04-16 08:00,d2,0.672000,
2026-04-16 09:00,d2,0.669000,
2026-04-16 10:00,d2,0.672000,
2026-04-16 11:00,d2,0.671000,
2026-04-16 12:00,d2,0.671000,
2026-04-16 13:00,d2,0.670000,
2026-04-16 14:00,d2,0.634000,
2026-04-16 15:00,d2,0.628000,
2026-04-16 16:00,d2,0.628000,
2026-04-16 17:00,d2,0.628000,
2026-04-16 18:00,d2,0.629000,
2026-04-16 19:00,d2,0.651000,
2026-04-16 20:00,d2,0.631000,
2026-04-16 21:00,d2,0.631000,
2026-04-16 22:00,d2,0.630000,
2026-04-16 23:00,d2,0.630000,
2026-04-17 00:00,d2,0.628000,
2026-04-17 01:00,d2,0.624000,
2026-04-17 02:00,d2,0.624000,
2026-04-17 03:00,d2,0.620000,
2026-04-17 04:00,d2,0.620000,
2026-04-17 05:00,d2,0.623000,
2026-04-17 06:00,d2,0.619000,
2026-04-17 07:00,d2,0.620000,
2026-04-17 08:00,d2,0.621000,
2026-04-17 09:00,d2,0.731000,
2026-04-17 10:00,d2,0.799000,
2026-04-17 11:00,d2,0.603000,
2026-04-17 12:00,d2,0.650000,
2026-04-17 13:00,d2,0.650000,
2026-04-17 14:00,d2,0.623000,
2026-04-17 15:00,d2,0.675000,
2026-04-17 16:00,d2,0.684000,
2026-04-17 17:00,d2,0.684000,
2026-04-17 18:00,d2,0.697000,
2026-04-17 19:00,d2,0.696000,
2026-04-17 20:00,d2,0.698000,
2026-04-17 21:00,d2,0.701000,
2026-04-17 22:00,d2,0.701000,
2026-04-17 23:00,d2,0.697000,
2026-04-18 00:00,d2,0.697000,
2026-04-18 01:00,d2,0.700000,
2026-04-18 02:00,d2,0.698000,
2026-04-18 03:00,d2,0.698000,
2026-04-18 04:00,d2,0.642000,
2026-04-18 05:00,d2,0.652000,
2026-04-18 06:00,d2,0.649000,
2026-04-18 07:00,d2,0.647000,
2026-04-18 08:00,d2,0.644000,
2026-04-18 09:00,d2,0.642000,
2026-04-18 10:00,d2,0.644000,
2026-04-18 11:00,d2,0.643000,
2026-04-18 12:00,d2,0.638000,
2026-04-18 13:00,d2,0.634000,
2026-04-18 14:00,d2,0.649000,
2026-04-18 15:00,d2,0.650000,
2026-04-18 16:00,d2,0.609000,
2026-04-18 17:00,d2,0.590000,
2026-04-18 18:00,d2,0.602000,
2026-04-18 19:00,d2,0.599000,
2026-04-18 20:00,d2,0.602000,
2026-04-18 21:00,d2,0.612000,
2026-04-18 22:00,d2,0.617000,
2026-04-18 23:00,d2,0.616000,
2026-04-19 00:00,d2,0.616000,
2026-04-19 01:00,d2,0.616000,
2026-04-19 02:00,d2,0.617000,
2026-04-19 03:00,d2,0.617000,
2026-04-19 04:00,d2,0.617000,
2026-04-19 05:00,d2,0.616000,
2026-04-19 06:00,d2,0.619000,
2026-04-19 07:00,d2,0.618000,
2026-04-19 08:00,d2,0.738000,
2026-04-19 09:00,d2,0.736000,
2026-04-19 10:00,d2,0.886000,
2026-04-19 11:00,d2,0.881000,
2026-04-19 12:00,d2,0.878000,
2026-04-19 13:00,d2,0.855000,
2026-04-19 14:00,d2,0.906000,
2026-04-19 15:00,d2,0.898000,
2026-04-19 16:00,d2,0.906000,
2026-04-19 17:00,d2,0.873000,
2026-04-19 18:00,d2,0.804000,
2026-04-19 19:00,d2,0.851000,
2026-04-19 20:00,d2,0.694000,
2026-04-19 21:00,d2,0.696000,
2026-04-19 22:00,d2,0.712000,
2026-04-19 23:00,d2,0.712000,
2026-04-20 00:00,d2,0.715000,
2026-04-20 01:00,d2,0.716000,
2026-04-20 02:00,d2,0.717000,
2026-04-20 03:00,d2,0.717000,
2026-04-20 04:00,d2,0.717000,
2026-04-20 05:00,d2,0.716000,
2026-04-20 06:00,d2,0.715000,
2026-04-20 07:00,d2,0.715000,
2026-04-20 08:00,d2,0.714000,
2026-04-20 09:00,d2,0.699000,
2026-04-20 10:00,d2,0.677000,
2026-04-20 11:00,d2,0.676000,
2026-04-20 12:00,d2,0.697000,
2026-04-20 13:00,d2,0.694000,
2026-04-20 14:00,d2,0.683000,
2026-04-20 15:00,d2,0.685000,
2026-04-20 16:00,d2,0.683000,
2026-04-20 17:00,d2,0.683000,
2026-04-20 18:00,d2,0.678000,
2026-04-20 19:00,d2,0.679000,
2026-04-20 20:00,d2,0.702000,
2026-04-20 21:00,d2,0.697000,
2026-04-20 22:00,d2,0.685000,
2026-04-20 23:00,d2,0.683000,
2026-04-14 00:00,d3,0.414416,
2026-04-14 01:00,d3,0.040000,
2026-04-14 02:00,d3,0.040000,
2026-04-14 03:00,d3,0.040000,
2026-04-14 04:00,d3,0.040000,
2026-04-14 05:00,d3,0.238030,
2026-04-14 06:00,d3,0.374290,
2026-04-14 07:00,d3,0.040000,
2026-04-14 08:00,d3,0.040000,
2026-04-14 09:00,d3,0.040000,
2026-04-14 10:00,d3,0.040000,
2026-04-14 11:00,d3,0.040000,
2026-04-14 12:00,d3,0.040000,
2026-04-14 13:00,d3,0.040000,
2026-04-14 14:00,d3,0.040000,
2026-04-14 15:00,d3,0.040000,
2026-04-14 16:00,d3,0.040000,
2026-04-14 17:00,d3,0.040000,
2026-04-14 18:00,d3,0.040000,
2026-04-14 19:00,d3,0.040000,
2026-04-14 20:00,d3,0.040000,
2026-04-14 21:00,d3,0.040000,
2026-04-14 22:00,d3,0.040000,
2026-04-14 23:00,d3,0.040000,
2026-04-15 00:00,d3,0.040000,
2026-04-15 01:00,d3,0.040000,
2026-04-15 02:00,d3,0.040000,
2026-04-15 03:00,d3,0.040000,
2026-04-15 04:00,d3,0.040000,
2026-04-15 05:00,d3,0.040000,
2026-04-15 06:00,d3,0.040000,
2026-04-15 07:00,d3,0.040000,
2026-04-15 08:00,d3,0.040000,
2026-04-15 09:00,d3,0.040000,
2026-04-15 10:00,d3,0.040000,
2026-04-15 11:00,d3,0.040000,
2026-04-15 12:00,d3,0.040000,
2026-04-15 13:00,d3,0.040000,
2026-04-15 14:00,d3,0.040000,
2026-04-15 15:00,d3,0.040000,
2026-04-15 16:00,d3,0.040000,
2026-04-15 17:00,d3,0.040000,
2026-04-15 18:00,d3,0.040000,
2026-04-15 19:00,d3,0.040000,
2026-04-15 20:00,d3,0.040000,
2026-04-15 21:00,d3,0.040000,
2026-04-15 22:00,d3,0.040000,
2026-04-15 23:00,d3,0.040000,
2026-04-16 00:00,d3,0.040000,
2026-04-16 01:00,d3,0.040000,
2026-04-16 02:00,d3,0.040000,
2026-04-16 03:00,d3,0.040000,
2026-04-16 04:00,d3,0.040000,
2026-04-16 05:00,d3,0.040000,
2026-04-16 06:00,d3,0.040000,
2026-04-16 07:00,d3,0.040000,
2026-04-16 08:00,d3,0.040000,
2026-04-16 09:00,d3,0.040000,
2026-04-16 10:00,d3,0.040000,
2026-04-16 11:00,d3,0.040000,
2026-04-16 12:00,d3,0.040000,
2026-04-16 13:00,d3,0.040000,
2026-04-16 14:00,d3,0.040000,
2026-04-16 15:00,d3,0.040000,
2026-04-16 16:00,d3,0.040000,
2026-04-16 17:00,d3,0.040000,
2026-04-16 18:00,d3,0.040000,
2026-04-16 19:00,d3,0.040000,
2026-04-16 20:00,d3,0.040000,
2026-04-16 21:00,d3,0.040000,
2026-04-16 22:00,d3,0.040000,
2026-04-16 23:00,d3,0.040000,
2026-04-17 00:00,d3,0.040000,
2026-04-17 01:00,d3,0.040000,
2026-04-17 02:00,d3,0.040000,
2026-04-17 03:00,d3,0.040000,
2026-04-17 04:00,d3,0.040000,
2026-04-17 05:00,d3,0.040000,
2026-04-17 06:00,d3,0.040000,
2026-04-17 07:00,d3,0.040000,
2026-04-17 08:00,d3,0.040000,
2026-04-17 09:00,d3,0.040000,
2026-04-17 10:00,d3,0.040000,
2026-04-17 11:00,d3,0.040000,
2026-04-17 12:00,d3,0.040000,
2026-04-17 13:00,d3,0.040000,
2026-04-17 14:00,d3,0.040000,
2026-04-17 15:00,d3,0.040000,
2026-04-17 16:00,d3,0.040000,
2026-04-17 17:00,d3,0.040000,
2026-04-17 18:00,d3,0.040000,
2026-04-17 19:00,d3,0.040000,
2026-04-17 20:00,d3,0.040000,
2026-04-17 21:00,d3,0.040000,
2026-04-17 22:00,d3,0.040000,
2026-04-17 23:00,d3,0.040000,
2026-04-18 00:00,d3,0.040000,
2026-04-18 01:00,d3,0.040000,
2026-04-18 02:00,d3,0.040000,
2026-04-18 03:00,d3,0.040000,
2026-04-18 04:00,d3,0.040000,
2026-04-18 05:00,d3,0.040000,
2026-04-18 06:00,d3,0.040000,
2026-04-18 07:00,d3,0.040000,
2026-04-18 08:00,d3,0.040000,
2026-04-18 09:00,d3,0.040000,
2026-04-18 10:00,d3,0.040000,
2026-04-18 11:00,d3,0.040000,
2026-04-18 12:00,d3,0.040000,
2026-04-18 13:00,d3,0.040000,
2026-04-18 14:00,d3,0.040000,
2026-04-18 15:00,d3,0.040000,
2026-04-18 16:00,d3,0.040000,
2026-04-18 17:00,d3,0.040000,
2026-04-18 18:00,d3,0.040000,
2026-04-18 19:00,d3,0.040000,
2026-04-18 20:00,d3,0.040000,
2026-04-18 21:00,d3,0.040000,
2026-04-18 22:00,d3,0.040000,
2026-04-18 23:00,d3,0.040000,
2026-04-19 00:00,d3,0.040000,
2026-04-19 01:00,d3,0.040000,
2026-04-19 02:00,d3,0.040000,
2026-04-19 03:00,d3,0.040000,
2026-04-19 04:00,d3,0.040000,
2026-04-19 05:00,d3,0.040000,
2026-04-19 06:00,d3,0.040000,
2026-04-19 07:00,d3,0.040000,
2026-04-19 08:00,d3,0.040000,
2026-04-19 09:00,d3,0.040000,
2026-04-19 10:00,d3,0.040000,
2026-04-19 11:00,d3,0.040000,
2026-04-19 12:00,d3,0.040000,
2026-04-19 13:00,d3,0.040000,
2026-04-19 14:00,d3,0.040000,
2026-04-19 15:00,d3,0.040000,
2026-04-19 16:00,d3,0.040000,
2026-04-19 17:00,d3,0.040000,
2026-04-19 18:00,d3,0.040000,
2026-04-19 19:00,d3,0.040000,
2026-04-19 20:00,d3,0.040000,
2026-04-19 21:00,d3,0.040000,
2026-04-19 22:00,d3,0.040000,
2026-04-19 23:00,d3,0.040000,
2026-04-20 00:00,d3,0.040000,
2026-04-20 01:00,d3,0.040000,
2026-04-20 02:00,d3,0.040000,
2026-04-20 03:00,d3,0.040000,
2026-04-20 04:00,d3,0.040000,
2026-04-20 05:00,d3,0.040000,
2026-04-20 06:00,d3,0.040000,
2026-04-20 07:00,d3,0.040000,
2026-04-20 08:00,d3,0.040000,
2026-04-20 09:00,d3,0.040000,
2026-04-20 10:00,d3,0.040000,
2026-04-20 11:00,d3,0.040000,
2026-04-20 12:00,d3,0.040000,
2026-04-20 13:00,d3,0.040000,
2026-04-20 14:00,d3,0.040000,
2026-04-20 15:00,d3,0.040000,
2026-04-20 16:00,d3,0.040000,
2026-04-20 17:00,d3,0.040000,
2026-04-20 18:00,d3,0.040000,
2026-04-20 19:00,d3,0.040000,
2026-04-20 20:00,d3,0.040000,
2026-04-20 21:00,d3,0.040000,
2026-04-20 22:00,d3,0.040000,
2026-04-20 23:00,d3,0.040000,
2026-04-14 00:00,d4,0.166992,
2026-04-14 01:00,d4,0.000000,
2026-04-14 02:00,d4,0.000000,
2026-04-14 03:00,d4,0.000000,
2026-04-14 04:00,d4,0.000000,
2026-04-14 05:00,d4,0.063815,
2026-04-14 06:00,d4,0.270410,
2026-04-14 07:00,d4,0.099771,
2026-04-14 08:00,d4,0.000000,
2026-04-14 09:00,d4,0.000000,
2026-04-14 10:00,d4,0.000000,
2026-04-14 11:00,d4,0.000000,
2026-04-14 12:00,d4,0.000000,
2026-04-14 13:00,d4,0.000000,
2026-04-14 14:00,d4,0.000000,
2026-04-14 15:00,d4,0.000000,
2026-04-14 16:00,d4,0.000000,
2026-04-14 17:00,d4,0.000000,
2026-04-14 18:00,d4,0.000000,
2026-04-14 19:00,d4,0.000000,
2026-04-14 20:00,d4,0.000000,
2026-04-14 21:00,d4,0.000000,
2026-04-14 22:00,d4,0.000000,
2026-04-14 23:00,d4,0.000000,
2026-04-15 00:00,d4,0.000000,
2026-04-15 01:00,d4,0.000000,
2026-04-15 02:00,d4,0.000000,
2026-04-15 03:00,d4,0.000000,
2026-04-15 04:00,d4,0.000000,
2026-04-15 05:00,d4,0.000000,
2026-04-15 06:00,d4,0.000000,
2026-04-15 07:00,d4,0.000000,
2026-04-15 08:00,d4,0.000000,
2026-04-15 09:00,d4,0.000000,
2026-04-15 10:00,d4,0.000000,
2026-04-15 11:00,d4,0.000000,
2026-04-15 12:00,d4,0.000000,
2026-04-15 13:00,d4,0.000000,
2026-04-15 14:00,d4,0.000000,
2026-04-15 15:00,d4,0.000000,
2026-04-15 16:00,d4,0.000000,
2026-04-15 17:00,d4,0.000000,
2026-04-15 18:00,d4,0.000000,
2026-04-15 19:00,d4,0.000000,
2026-04-15 20:00,d4,0.000000,
2026-04-15 21:00,d4,0.489047,
2026-04-15 22:00,d4,0.226263,
2026-04-15 23:00,d4,0.000000,
2026-04-16 00:00,d4,0.000000,
2026-04-16 01:00,d4,0.000000,
2026-04-16 02:00,d4,0.000000,
2026-04-16 03:00,d4,0.281068,
2026-04-16 04:00,d4,0.000000,
2026-04-16 05:00,d4,0.000000,
2026-04-16 06:00,d4,0.223602,
2026-04-16 07:00,d4,0.000000,
2026-04-16 08:00,d4,0.000000,
2026-04-16 09:00,d4,0.000000,
2026-04-16 10:00,d4,0.223602,
2026-04-16 11:00,d4,0.000000,
2026-04-16 12:00,d4,0.000000,
2026-04-16 13:00,d4,0.000000,
2026-04-16 14:00,d4,0.000000,
2026-04-16 15:00,d4,0.000000,
2026-04-16 16:00,d4,0.000000,
2026-04-16 17:00,d4,0.000000,
2026-04-16 18:00,d4,0.000000,
2026-04-16 19:00,d4,0.000000,
2026-04-16 20:00,d4,0.000000,
2026-04-16 21:00,d4,0.000000,
2026-04-16 22:00,d4,0.000000,
2026-04-16 23:00,d4,0.000000,
2026-04-17 00:00,d4,0.000000,
2026-04-17 01:00,d4,0.000000,
2026-04-17 02:00,d4,0.000000,
2026-04-17 03:00,d4,0.000000,
2026-04-17 04:00,d4,0.000000,
2026-04-17 05:00,d4,0.000000,
2026-04-17 06:00,d4,0.000000,
2026-04-17 07:00,d4,0.000000,
2026-04-17 08:00,d4,0.000000,
2026-04-17 09:00,d4,0.000000,
2026-04-17 10:00,d4,0.000000,
2026-04-17 11:00,d4,0.000000,
2026-04-17 12:00,d4,0.000000,
2026-04-17 13:00,d4,0.000000,
2026-04-17 14:00,d4,0.000000,
2026-04-17 15:00,d4,0.000000,
2026-04-17 16:00,d4,0.000000,
2026-04-17 17:00,d4,0.000000,
2026-04-17 18:00,d4,0.000000,
2026-04-17 19:00,d4,0.000000,
2026-04-17 20:00,d4,0.000000,
2026-04-17 21:00,d4,0.000000,
2026-04-17 22:00,d4,0.000000,
2026-04-17 23:00,d4,0.000000,
2026-04-18 00:00,d4,0.000000,
2026-04-18 01:00,d4,0.000000,
2026-04-18 02:00,d4,0.000000,
2026-04-18 03:00,d4,0.000000,
2026-04-18 04:00,d4,0.000000,
2026-04-18 05:00,d4,0.000000,
2026-04-18 06:00,d4,0.000000,
2026-04-18 07:00,d4,0.000000,
2026-04-18 08:00,d4,0.000000,
2026-04-18 09:00,d4,0.000000,
2026-04-18 10:00,d4,0.000000,
2026-04-18 11:00,d4,0.000000,
2026-04-18 12:00,d4,0.000000,
2026-04-18 13:00,d4,0.000000,
2026-04-18 14:00,d4,0.000000,
2026-04-18 15:00,d4,0.000000,
2026-04-18 16:00,d4,0.000000,
2026-04-18 17:00,d4,0.000000,
2026-04-18 18:00,d4,0.000000,
2026-04-18 19:00,d4,0.000000,
2026-04-18 20:00,d4,0.000000,
2026-04-18 21:00,d4,0.000000,
2026-04-18 22:00,d4,0.000000,
2026-04-18 23:00,d4,0.000000,
2026-04-19 00:00,d4,0.000000,
2026-04-19 01:00,d4,0.000000,
2026-04-19 02:00,d4,0.000000,
2026-04-19 03:00,d4,0.000000,
2026-04-19 04:00,d4,0.000000,
2026-04-19 05:00,d4,0.000000,
2026-04-19 06:00,d4,0.000000,
2026-04-19 07:00,d4,0.000000,
2026-04-19 08:00,d4,0.000000,
2026-04-19 09:00,d4,0.000000,
2026-04-19 10:00,d4,0.000000,
2026-04-19 11:00,d4,0.000000,
2026-04-19 12:00,d4,0.000000,
2026-04-19 13:00,d4,0.000000,
2026-04-19 14:00,d4,0.000000,
2026-04-19 15:00,d4,0.000000,
2026-04-19 16:00,d4,0.000000,
2026-04-19 17:00,d4,0.000000,
2026-04-19 18:00,d4,0.000000,
2026-04-19 19:00,d4,0.000000,
2026-04-19 20:00,d4,0.000000,
2026-04-19 21:00,d4,0.000000,
2026-04-19 22:00,d4,0.000000,
2026-04-19 23:00,d4,0.000000,
2026-04-20 00:00,d4,0.000000,
2026-04-20 01:00,d4,0.000000,
2026-04-20 02:00,d4,0.000000,
2026-04-20 03:00,d4,0.000000,
2026-04-20 04:00,d4,0.000000,
2026-04-20 05:00,d4,0.000000,
2026-04-20 06:00,d4,0.000000,
2026-04-20 07:00,d4,0.000000,
2026-04-20 08:00,d4,0.000000,
2026-04-20 09:00,d4,0.000000,
2026-04-20 10:00,d4,0.000000,
2026-04-20 11:00,d4,0.000000,
2026-04-20 12:00,d4,0.000000,
2026-04-20 13:00,d4,0.000000,
2026-04-20 14:00,d4,0.000000,
2026-04-20 15:00,d4,0.000000,
2026-04-20 16:00,d4,0.000000,
2026-04-20 17:00,d4,0.000000,
2026-04-20 18:00,d4,0.000000,
2026-04-20 19:00,d4,0.000000,
2026-04-20 20:00,d4,0.000000,
2026-04-20 21:00,d4,0.000000,
2026-04-20 22:00,d4,0.000000,
2026-04-20 23:00,d4,0.000000,
2026-04-14 00:00,d5,0.000000,
2026-04-14 01:00,d5,0.000000,
2026-04-14 02:00,d5,0.000000,
2026-04-14 03:00,d5,0.000000,
2026-04-14 04:00,d5,0.000000,
2026-04-14 05:00,d5,0.107401,
2026-04-14 06:00,d5,0.259186,
2026-04-14 07:00,d5,0.259186,
2026-04-14 08:00,d5,0.000000,
2026-04-14 09:00,d5,0.000000,
2026-04-14 10:00,d5,0.000000,
2026-04-14 11:00,d5,0.000000,
2026-04-14 12:00,d5,0.000000,
2026-04-14 13:00,d5,0.000000,
2026-04-14 14:00,d5,0.000000,
2026-04-14 15:00,d5,0.000000,
2026-04-14 16:00,d5,0.000000,
2026-04-14 17:00,d5,0.000000,
2026-04-14 18:00,d5,0.000000,
2026-04-14 19:00,d5,0.000000,
2026-04-14 20:00,d5,0.000000,
2026-04-14 21:00,d5,0.000000,
2026-04-14 22:00,d5,0.000000,
2026-04-14 23:00,d5,0.000000,
2026-04-15 00:00,d5,0.000000,
2026-04-15 01:00,d5,0.000000,
2026-04-15 02:00,d5,0.000000,
2026-04-15 03:00,d5,0.000000,
2026-04-15 04:00,d5,0.000000,
2026-04-15 05:00,d5,0.000000,
2026-04-15 06:00,d5,0.000000,
2026-04-15 07:00,d5,0.000000,
2026-04-15 08:00,d5,0.000000,
2026-04-15 09:00,d5,0.000000,
2026-04-15 10:00,d5,0.000000,
2026-04-15 11:00,d5,0.000000,
2026-04-15 12:00,d5,0.000000,
2026-04-15 13:00,d5,0.000000,
2026-04-15 14:00,d5,0.000000,
2026-04-15 15:00,d5,0.000000,
2026-04-15 16:00,d5,0.000000,
2026-04-15 17:00,d5,0.000000,
2026-04-15 18:00,d5,0.000000,
2026-04-15 19:00,d5,0.000000,
2026-04-15 20:00,d5,0.000000,
2026-04-15 21:00,d5,0.153833,
2026-04-15 22:00,d5,0.136308,
2026-04-15 23:00,d5,0.084551,
2026-04-16 00:00,d5,0.084551,
2026-04-16 01:00,d5,0.000000,
2026-04-16 02:00,d5,0.000000,
2026-04-16 03:00,d5,0.003815,
2026-04-16 04:00,d5,0.000000,
2026-04-16 05:00,d5,0.000000,
2026-04-16 06:00,d5,0.054419,
2026-04-16 07:00,d5,0.000000,
2026-04-16 08:00,d5,0.000000,
2026-04-16 09:00,d5,0.000000,
2026-04-16 10:00,d5,0.054419,
2026-04-16 11:00,d5,0.000000,
2026-04-16 12:00,d5,0.000000,
2026-04-16 13:00,d5,0.000000,
2026-04-16 14:00,d5,0.000000,
2026-04-16 15:00,d5,0.000000,
2026-04-16 16:00,d5,0.000000,
2026-04-16 17:00,d5,0.000000,
2026-04-16 18:00,d5,0.000000,
2026-04-16 19:00,d5,0.000000,
2026-04-16 20:00,d5,0.000000,
2026-04-16 21:00,d5,0.000000,
2026-04-16 22:00,d5,0.000000,
2026-04-16 23:00,d5,0.000000,
2026-04-17 00:00,d5,0.000000,
2026-04-17 01:00,d5,0.000000,
2026-04-17 02:00,d5,0.000000,
2026-04-17 03:00,d5,0.000000,
2026-04-17 04:00,d5,0.000000,
2026-04-17 05:00,d5,0.000000,
2026-04-17 06:00,d5,0.000000,
2026-04-17 07:00,d5,0.000000,
2026-04-17 08:00,d5,0.000000,
2026-04-17 09:00,d5,0.000000,
2026-04-17 10:00,d5,0.000000,
2026-04-17 11:00,d5,0.000000,
2026-04-17 12:00,d5,0.000000,
2026-04-17 13:00,d5,0.000000,
2026-04-17 14:00,d5,0.000000,
2026-04-17 15:00,d5,0.000000,
2026-04-17 16:00,d5,0.000000,
2026-04-17 17:00,d5,0.000000,
2026-04-17 18:00,d5,0.000000,
2026-04-17 19:00,d5,0.000000,
2026-04-17 20:00,d5,0.000000,
2026-04-17 21:00,d5,0.000000,
2026-04-17 22:00,d5,0.000000,
2026-04-17 23:00,d5,0.000000,
2026-04-18 00:00,d5,0.000000,
2026-04-18 01:00,d5,0.000000,
2026-04-18 02:00,d5,0.000000,
2026-04-18 03:00,d5,0.000000,
2026-04-18 04:00,d5,0.000000,
2026-04-18 05:00,d5,0.000000,
2026-04-18 06:00,d5,0.000000,
2026-04-18 07:00,d5,0.000000,
2026-04-18 08:00,d5,0.000000,
2026-04-18 09:00,d5,0.000000,
2026-04-18 10:00,d5,0.000000,
2026-04-18 11:00,d5,0.000000,
2026-04-18 12:00,d5,0.000000,
2026-04-18 13:00,d5,0.000000,
2026-04-18 14:00,d5,0.000000,
2026-04-18 15:00,d5,0.000000,
2026-04-18 16:00,d5,0.000000,
2026-04-18 17:00,d5,0.000000,
2026-04-18 18:00,d5,0.000000,
2026-04-18 19:00,d5,0.000000,
2026-04-18 20:00,d5,0.000000,
2026-04-18 21:00,d5,0.000000,
2026-04-18 22:00,d5,0.000000,
2026-04-18 23:00,d5,0.000000,
2026-04-19 00:00,d5,0.000000,
2026-04-19 01:00,d5,0.000000,
2026-04-19 02:00,d5,0.000000,
2026-04-19 03:00,d5,0.000000,
2026-04-19 04:00,d5,0.000000,
2026-04-19 05:00,d5,0.000000,
2026-04-19 06:00,d5,0.000000,
2026-04-19 07:00,d5,0.000000,
2026-04-19 08:00,d5,0.000000,
2026-04-19 09:00,d5,0.000000,
2026-04-19 10:00,d5,0.000000,
2026-04-19 11:00,d5,0.000000,
2026-04-19 12:00,d5,0.000000,
2026-04-19 13:00,d5,0.000000,
2026-04-19 14:00,d5,0.000000,
2026-04-19 15:00,d5,0.000000,
2026-04-19 16:00,d5,0.000000,
2026-04-19 17:00,d5,0.000000,
2026-04-19 18:00,d5,0.000000,
2026-04-19 19:00,d5,0.000000,
2026-04-19 20:00,d5,0.000000,
2026-04-19 21:00,d5,0.000000,
2026-04-19 22:00,d5,0.000000,
2026-04-19 23:00,d5,0.000000,
2026-04-20 00:00,d5,0.000000,
2026-04-20 01:00,d5,0.000000,
2026-04-20 02:00,d5,0.000000,
2026-04-20 03:00,d5,0.000000,
2026-04-20 04:00,d5,0.000000,
2026-04-20 05:00,d5,0.000000,
2026-04-20 06:00,d5,0.000000,
2026-04-20 07:00,d5,0.000000,
2026-04-20 08:00,d5,0.000000,
2026-04-20 09:00,d5,0.000000,
2026-04-20 10:00,d5,0.000000,
2026-04-20 11:00,d5,0.000000,
2026-04-20 12:00,d5,0.000000,
2026-04-20 13:00,d5,0.000000,
2026-04-20 14:00,d5,0.000000,
2026-04-20 15:00,d5,0.000000,
2026-04-20 16:00,d5,0.000000,
2026-04-20 17:00,d5,0.000000,
2026-04-20 18:00,d5,0.000000,
2026-04-20 19:00,d5,0.000000,
2026-04-20 20:00,d5,0.000000,
2026-04-20 21:00,d5,0.000000,
2026-04-20 22:00,d5,0.000000,
2026-04-20 23:00,d5,0.000000,
2026-04-14 00:00,d6,0.000000,
2026-04-14 01:00,d6,0.000000,
2026-04-14 02:00,d6,0.000000,
2026-04-14 03:00,d6,0.000000,
2026-04-14 04:00,d6,0.000000,
2026-04-14 05:00,d6,0.125794,
2026-04-14 06:00,d6,0.297182,
2026-04-14 07:00,d6,0.297182,
2026-04-14 08:00,d6,0.081660,
2026-04-14 09:00,d6,0.000000,
2026-04-14 10:00,d6,0.000000,
2026-04-14 11:00,d6,0.000000,
2026-04-14 12:00,d6,0.000000,
2026-04-14 13:00,d6,0.000000,
2026-04-14 14:00,d6,0.000000,
2026-04-14 15:00,d6,0.000000,
2026-04-14 16:00,d6,0.000000,
2026-04-14 17:00,d6,0.000000,
2026-04-14 18:00,d6,0.000000,
2026-04-14 19:00,d6,0.000000,
2026-04-14 20:00,d6,0.000000,
2026-04-14 21:00,d6,0.000000,
2026-04-14 22:00,d6,0.000000,
2026-04-14 23:00,d6,0.275733,
2026-04-15 00:00,d6,0.275733,
2026-04-15 01:00,d6,0.000000,
2026-04-15 02:00,d6,0.275733,
2026-04-15 03:00,d6,0.000000,
2026-04-15 04:00,d6,0.000000,
2026-04-15 05:00,d6,0.196983,
2026-04-15 06:00,d6,0.196983,
2026-04-15 07:00,d6,0.675207,
2026-04-15 08:00,d6,0.407531,
2026-04-15 09:00,d6,0.000000,
2026-04-15 10:00,d6,0.000000,
2026-04-15 11:00,d6,0.142836,
2026-04-15 12:00,d6,0.142836,
2026-04-15 13:00,d6,0.142836,
2026-04-15 14:00,d6,0.142836,
2026-04-15 15:00,d6,0.418570,
2026-04-15 16:00,d6,0.142836,
2026-04-15 17:00,d6,0.142836,
2026-04-15 18:00,d6,0.091933,
2026-04-15 19:00,d6,0.000000,
2026-04-15 20:00,d6,0.070705,
2026-04-15 21:00,d6,0.096634,
2026-04-15 22:00,d6,0.096634,
2026-04-15 23:00,d6,0.096634,
2026-04-16 00:00,d6,0.096634,
2026-04-16 01:00,d6,0.000000,
2026-04-16 02:00,d6,0.000000,
2026-04-16 03:00,d6,0.000000,
2026-04-16 04:00,d6,0.000000,
2026-04-16 05:00,d6,0.000000,
2026-04-16 06:00,d6,1.301298,
2026-04-16 07:00,d6,0.882108,
2026-04-16 08:00,d6,0.000000,
2026-04-16 09:00,d6,0.000000,
2026-04-16 10:00,d6,0.000000,
2026-04-16 11:00,d6,0.000000,
2026-04-16 12:00,d6,0.000000,
2026-04-16 13:00,d6,0.000000,
2026-04-16 14:00,d6,0.000000,
2026-04-16 15:00,d6,0.000000,
2026-04-16 16:00,d6,0.000000,
2026-04-16 17:00,d6,0.000000,
2026-04-16 18:00,d6,0.000000,
2026-04-16 19:00,d6,0.000000,
2026-04-16 20:00,d6,0.000000,
2026-04-16 21:00,d6,0.000000,
2026-04-16 22:00,d6,0.000000,
2026-04-16 23:00,d6,0.000000,
2026-04-17 00:00,d6,0.000000,
2026-04-17 01:00,d6,0.000000,
2026-04-17 02:00,d6,0.000000,
2026-04-17 03:00,d6,0.000000,
2026-04-17 04:00,d6,0.000000,
2026-04-17 05:00,d6,0.000000,
2026-04-17 06:00,d6,0.540000,
2026-04-17 07:00,d6,0.630000,
2026-04-17 08:00,d6,0.630000,
2026-04-17 09:00,d6,0.630000,
2026-04-17 10:00,d6,0.630000,
2026-04-17 11:00,d6,0.630000,
2026-04-17 12:00,d6,0.630000,
2026-04-17 13:00,d6,0.630000,
2026-04-17 14:00,d6,0.630000,
2026-04-17 15:00,d6,0.620000,
2026-04-17 16:00,d6,0.620000,
2026-04-17 17:00,d6,0.630000,
2026-04-17 18:00,d6,0.630000,
2026-04-17 19:00,d6,0.620000,
2026-04-17 20:00,d6,0.620000,
2026-04-17 21:00,d6,0.620000,
2026-04-17 22:00,d6,0.620000,
2026-04-17 23:00,d6,0.620000,
2026-04-18 00:00,d6,0.620000,
2026-04-18 01:00,d6,0.620000,
2026-04-18 02:00,d6,0.620000,
2026-04-18 03:00,d6,0.620000,
2026-04-18 04:00,d6,0.620000,
2026-04-18 05:00,d6,0.620000,
2026-04-18 06:00,d6,0.620000,
2026-04-18 07:00,d6,0.620000,
2026-04-18 08:00,d6,0.620000,
2026-04-18 09:00,d6,0.620000,
2026-04-18 10:00,d6,0.620000,
2026-04-18 11:00,d6,0.620000,
2026-04-18 12:00,d6,0.620000,
2026-04-18 13:00,d6,0.620000,
2026-04-18 14:00,d6,0.620000,
2026-04-18 15:00,d6,0.620000,
2026-04-18 16:00,d6,0.620000,
2026-04-18 17:00,d6,0.620000,
2026-04-18 18:00,d6,0.620000,
2026-04-18 19:00,d6,0.610000,
2026-04-18 20:00,d6,0.620000,
2026-04-18 21:00,d6,0.620000,
2026-04-18 22:00,d6,0.620000,
2026-04-18 23:00,d6,0.620000,
2026-04-19 00:00,d6,0.620000,
2026-04-19 01:00,d6,0.620000,
2026-04-19 02:00,d6,0.620000,
2026-04-19 03:00,d6,0.620000,
2026-04-19 04:00,d6,0.620000,
2026-04-19 05:00,d6,0.620000,
2026-04-19 06:00,d6,0.620000,
2026-04-19 07:00,d6,0.450000,
2026-04-19 08:00,d6,0.750000,
2026-04-19 09:00,d6,0.750000,
2026-04-19 10:00,d6,0.750000,
2026-04-19 11:00,d6,0.740000,
2026-04-19 12:00,d6,0.750000,
2026-04-19 13:00,d6,0.740000,
2026-04-19 14:00,d6,0.720000,
2026-04-19 15:00,d6,0.720000,
2026-04-19 16:00,d6,0.720000,
2026-04-19 17:00,d6,0.720000,
2026-04-19 18:00,d6,0.740000,
2026-04-19 19:00,d6,0.770000,
2026-04-19 20:00,d6,0.770000,
2026-04-19 21:00,d6,0.770000,
2026-04-19 22:00,d6,0.770000,
2026-04-19 23:00,d6,0.750000,
2026-04-20 00:00,d6,0.720000,
2026-04-20 01:00,d6,0.720000,
2026-04-20 02:00,d6,0.720000,
2026-04-20 03:00,d6,0.720000,
2026-04-20 04:00,d6,0.720000,
2026-04-20 05:00,d6,0.720000,
2026-04-20 06:00,d6,0.720000,
2026-04-20 07:00,d6,0.720000,
2026-04-20 08:00,d6,0.720000,
2026-04-20 09:00,d6,0.720000,
2026-04-20 10:00,d6,0.720000,
2026-04-20 11:00,d6,0.720000,
2026-04-20 12:00,d6,0.720000,
2026-04-20 13:00,d6,0.710000,
2026-04-20 14:00,d6,0.720000,
2026-04-20 15:00,d6,0.730000,
2026-04-20 16:00,d6,0.730000,
2026-04-20 17:00,d6,0.730000,
2026-04-20 18:00,d6,0.730000,
2026-04-20 19:00,d6,0.730000,
2026-04-20 20:00,d6,0.730000,
2026-04-20 21:00,d6,0.730000,
2026-04-20 22:00,d6,0.730000,
2026-04-20 23:00,d6,0.730000,
2026-04-14 00:00,d7,0.000000,
2026-04-14 01:00,d7,0.000000,
2026-04-14 02:00,d7,0.000000,
2026-04-14 03:00,d7,0.000000,
2026-04-14 04:00,d7,0.000000,
2026-04-14 05:00,d7,0.000000,
2026-04-14 06:00,d7,0.000000,
2026-04-14 07:00,d7,0.000000,
2026-04-14 08:00,d7,0.000000,
2026-04-14 09:00,d7,0.000000,
2026-04-14 10:00,d7,0.000000,
2026-04-14 11:00,d7,0.000000,
2026-04-14 12:00,d7,0.000000,
2026-04-14 13:00,d7,0.000000,
2026-04-14 14:00,d7,0.000000,
2026-04-14 15:00,d7,0.000000,
2026-04-14 16:00,d7,0.000000,
2026-04-14 17:00,d7,0.000000,
2026-04-14 18:00,d7,0.000000,
2026-04-14 19:00,d7,0.000000,
2026-04-14 20:00,d7,0.000000,
2026-04-14 21:00,d7,0.000000,
2026-04-14 22:00,d7,0.000000,
2026-04-14 23:00,d7,0.000000,
2026-04-15 00:00,d7,0.000000,
2026-04-15 01:00,d7,0.000000,
2026-04-15 02:00,d7,0.000000,
2026-04-15 03:00,d7,0.000000,
2026-04-15 04:00,d7,0.000000,
2026-04-15 05:00,d7,0.000000,
2026-04-15 06:00,d7,0.000000,
2026-04-15 07:00,d7,0.073242,
2026-04-15 08:00,d7,0.065186,
2026-04-15 09:00,d7,0.000000,
2026-04-15 10:00,d7,0.000000,
2026-04-15 11:00,d7,0.000000,
2026-04-15 12:00,d7,0.000000,
2026-04-15 13:00,d7,0.000000,
2026-04-15 14:00,d7,0.000000,
2026-04-15 15:00,d7,0.000000,
2026-04-15 16:00,d7,0.000000,
2026-04-15 17:00,d7,0.000000,
2026-04-15 18:00,d7,0.000000,
2026-04-15 19:00,d7,0.000000,
2026-04-15 20:00,d7,0.000000,
2026-04-15 21:00,d7,0.000000,
2026-04-15 22:00,d7,0.000000,
2026-04-15 23:00,d7,0.000000,
2026-04-16 00:00,d7,0.000000,
2026-04-16 01:00,d7,0.000000,
2026-04-16 02:00,d7,0.000000,
2026-04-16 03:00,d7,0.000000,
2026-04-16 04:00,d7,0.000000,
2026-04-16 05:00,d7,0.000000,
2026-04-16 06:00,d7,0.504352,
2026-04-16 07:00,d7,0.372075,
2026-04-16 08:00,d7,0.000000,
2026-04-16 09:00,d7,0.000000,
2026-04-16 10:00,d7,0.000000,
2026-04-16 11:00,d7,0.000000,
2026-04-16 12:00,d7,0.000000,
2026-04-16 13:00,d7,0.000000,
2026-04-16 14:00,d7,0.000000,
2026-04-16 15:00,d7,0.000000,
2026-04-16 16:00,d7,0.000000,
2026-04-16 17:00,d7,0.000000,
2026-04-16 18:00,d7,0.000000,
2026-04-16 19:00,d7,0.000000,
2026-04-16 20:00,d7,0.000000,
2026-04-16 21:00,d7,0.000000,
2026-04-16 22:00,d7,0.000000,
2026-04-16 23:00,d7,0.000000,
2026-04-17 00:00,d7,0.000000,
2026-04-17 01:00,d7,0.000000,
2026-04-17 02:00,d7,0.000000,
2026-04-17 03:00,d7,0.000000,
2026-04-17 04:00,d7,0.000000,
2026-04-17 05:00,d7,0.000000,
2026-04-17 06:00,d7,0.000000,
2026-04-17 07:00,d7,0.000000,
2026-04-17 08:00,d7,0.000000,
2026-04-17 09:00,d7,0.000000,
2026-04-17 10:00,d7,0.000000,
2026-04-17 11:00,d7,0.000000,
2026-04-17 12:00,d7,0.000000,
2026-04-17 13:00,d7,0.000000,
2026-04-17 14:00,d7,0.000000,
2026-04-17 15:00,d7,0.000000,
2026-04-17 16:00,d7,0.000000,
2026-04-17 17:00,d7,0.000000,
2026-04-17 18:00,d7,0.000000,
2026-04-17 19:00,d7,0.000000,
2026-04-17 20:00,d7,0.000000,
2026-04-17 21:00,d7,0.000000,
2026-04-17 22:00,d7,0.000000,
2026-04-17 23:00,d7,0.000000,
2026-04-18 00:00,d7,0.000000,
2026-04-18 01:00,d7,0.000000,
2026-04-18 02:00,d7,0.000000,
2026-04-18 03:00,d7,0.000000,
2026-04-18 04:00,d7,0.000000,
2026-04-18 05:00,d7,0.000000,
2026-04-18 06:00,d7,0.000000,
2026-04-18 07:00,d7,0.000000,
2026-04-18 08:00,d7,0.000000,
2026-04-18 09:00,d7,0.000000,
2026-04-18 10:00,d7,0.000000,
2026-04-18 11:00,d7,0.000000,
2026-04-18 12:00,d7,0.000000,
2026-04-18 13:00,d7,0.000000,
2026-04-18 14:00,d7,0.000000,
2026-04-18 15:00,d7,0.000000,
2026-04-18 16:00,d7,0.000000,
2026-04-18 17:00,d7,0.000000,
2026-04-18 18:00,d7,0.000000,
2026-04-18 19:00,d7,0.000000,
2026-04-18 20:00,d7,0.000000,
2026-04-18 21:00,d7,0.000000,
2026-04-18 22:00,d7,0.000000,
2026-04-18 23:00,d7,0.000000,
2026-04-19 00:00,d7,0.000000,
2026-04-19 01:00,d7,0.000000,
2026-04-19 02:00,d7,0.000000,
2026-04-19 03:00,d7,0.000000,
2026-04-19 04:00,d7,0.000000,
2026-04-19 05:00,d7,0.000000,
2026-04-19 06:00,d7,0.000000,
2026-04-19 07:00,d7,0.000000,
2026-04-19 08:00,d7,0.000000,
2026-04-19 09:00,d7,0.000000,
2026-04-19 10:00,d7,0.000000,
2026-04-19 11:00,d7,0.000000,
2026-04-19 12:00,d7,0.000000,
2026-04-19 13:00,d7,0.000000,
2026-04-19 14:00,d7,0.000000,
2026-04-19 15:00,d7,0.000000,
2026-04-19 16:00,d7,0.000000,
2026-04-19 17:00,d7,0.000000,
2026-04-19 18:00,d7,0.000000,
2026-04-19 19:00,d7,0.000000,
2026-04-19 20:00,d7,0.000000,
2026-04-19 21:00,d7,0.000000,
2026-04-19 22:00,d7,0.000000,
2026-04-19 23:00,d7,0.000000,
2026-04-20 00:00,d7,0.000000,
2026-04-20 01:00,d7,0.000000,
2026-04-20 02:00,d7,0.000000,
2026-04-20 03:00,d7,0.000000,
2026-04-20 04:00,d7,0.000000,
2026-04-20 05:00,d7,0.000000,
2026-04-20 06:00,d7,0.000000,
2026-04-20 07:00,d7,0.000000,
2026-04-20 08:00,d7,0.000000,
2026-04-20 09:00,d7,0.000000,
2026-04-20 10:00,d7,0.000000,
2026-04-20 11:00,d7,0.000000,
2026-04-20 12:00,d7,0.000000,
2026-04-20 13:00,d7,0.000000,
2026-04-20 14:00,d7,0.000000,
2026-04-20 15:00,d7,0.000000,
2026-04-20 16:00,d7,0.000000,
2026-04-20 17:00,d7,0.000000,
2026-04-20 18:00,d7,0.000000,
2026-04-20 19:00,d7,0.000000,
2026-04-20 20:00,d7,0.000000,
2026-04-20 21:00,d7,0.000000,
2026-04-20 22:00,d7,0.000000,
2026-04-20 23:00,d7,0.000000,
2026-04-14 00:00,d8,0.000000,
2026-04-14 01:00,d8,0.000000,
2026-04-14 02:00,d8,0.000000,
2026-04-14 03:00,d8,0.000000,
2026-04-14 04:00,d8,0.000000,
2026-04-14 05:00,d8,0.000000,
2026-04-14 06:00,d8,0.000000,
2026-04-14 07:00,d8,0.000000,
2026-04-14 08:00,d8,0.000000,
2026-04-14 09:00,d8,0.000000,
2026-04-14 10:00,d8,0.000000,
2026-04-14 11:00,d8,0.000000,
2026-04-14 12:00,d8,0.000000,
2026-04-14 13:00,d8,0.000000,
2026-04-14 14:00,d8,0.000000,
2026-04-14 15:00,d8,0.000000,
2026-04-14 16:00,d8,0.000000,
2026-04-14 17:00,d8,0.000000,
2026-04-14 18:00,d8,0.000000,
2026-04-14 19:00,d8,0.000000,
2026-04-14 20:00,d8,0.000000,
2026-04-14 21:00,d8,0.000000,
2026-04-14 22:00,d8,0.000000,
2026-04-14 23:00,d8,0.000000,
2026-04-15 00:00,d8,0.000000,
2026-04-15 01:00,d8,0.000000,
2026-04-15 02:00,d8,0.000000,
2026-04-15 03:00,d8,0.000000,
2026-04-15 04:00,d8,0.000000,
2026-04-15 05:00,d8,0.000000,
2026-04-15 06:00,d8,0.000000,
2026-04-15 07:00,d8,0.000000,
2026-04-15 08:00,d8,0.000000,
2026-04-15 09:00,d8,0.000000,
2026-04-15 10:00,d8,0.000000,
2026-04-15 11:00,d8,0.000000,
2026-04-15 12:00,d8,0.000000,
2026-04-15 13:00,d8,0.000000,
2026-04-15 14:00,d8,0.000000,
2026-04-15 15:00,d8,0.000000,
2026-04-15 16:00,d8,0.000000,
2026-04-15 17:00,d8,0.000000,
2026-04-15 18:00,d8,0.000000,
2026-04-15 19:00,d8,0.000000,
2026-04-15 20:00,d8,0.000000,
2026-04-15 21:00,d8,0.000000,
2026-04-15 22:00,d8,0.000000,
2026-04-15 23:00,d8,0.000000,
2026-04-16 00:00,d8,0.000000,
2026-04-16 01:00,d8,0.000000,
2026-04-16 02:00,d8,0.000000,
2026-04-16 03:00,d8,0.000000,
2026-04-16 04:00,d8,0.000000,
2026-04-16 05:00,d8,0.000000,
2026-04-16 06:00,d8,0.053866,
2026-04-16 07:00,d8,0.053866,
2026-04-16 08:00,d8,0.000000,
2026-04-16 09:00,d8,0.000000,
2026-04-16 10:00,d8,0.000000,
2026-04-16 11:00,d8,0.000000,
2026-04-16 12:00,d8,0.000000,
2026-04-16 13:00,d8,0.000000,
2026-04-16 14:00,d8,0.000000,
2026-04-16 15:00,d8,0.000000,
2026-04-16 16:00,d8,0.000000,
2026-04-16 17:00,d8,0.000000,
2026-04-16 18:00,d8,0.000000,
2026-04-16 19:00,d8,0.000000,
2026-04-16 20:00,d8,0.000000,
2026-04-16 21:00,d8,0.000000,
2026-04-16 22:00,d8,0.000000,
2026-04-16 23:00,d8,0.000000,
2026-04-17 00:00,d8,0.000000,
2026-04-17 01:00,d8,0.000000,
2026-04-17 02:00,d8,0.000000,
2026-04-17 03:00,d8,0.000000,
2026-04-17 04:00,d8,0.000000,
2026-04-17 05:00,d8,0.000000,
2026-04-17 06:00,d8,0.000000,
2026-04-17 07:00,d8,0.000000,
2026-04-17 08:00,d8,0.000000,
2026-04-17 09:00,d8,0.000000,
2026-04-17 10:00,d8,0.000000,
2026-04-17 11:00,d8,0.000000,
2026-04-17 12:00,d8,0.000000,
2026-04-17 13:00,d8,0.000000,
2026-04-17 14:00,d8,0.000000,
2026-04-17 15:00,d8,0.000000,
2026-04-17 16:00,d8,0.000000,
2026-04-17 17:00,d8,0.000000,
2026-04-17 18:00,d8,0.000000,
2026-04-17 19:00,d8,0.000000,
2026-04-17 20:00,d8,0.000000,
2026-04-17 21:00,d8,0.000000,
2026-04-17 22:00,d8,0.000000,
2026-04-17 23:00,d8,0.000000,
2026-04-18 00:00,d8,0.000000,
2026-04-18 01:00,d8,0.000000,
2026-04-18 02:00,d8,0.000000,
2026-04-18 03:00,d8,0.000000,
2026-04-18 04:00,d8,0.000000,
2026-04-18 05:00,d8,0.000000,
2026-04-18 06:00,d8,0.000000,
2026-04-18 07:00,d8,0.000000,
2026-04-18 08:00,d8,0.000000,
2026-04-18 09:00,d8,0.000000,
2026-04-18 10:00,d8,0.000000,
2026-04-18 11:00,d8,0.000000,
2026-04-18 12:00,d8,0.000000,
2026-04-18 13:00,d8,0.000000,
2026-04-18 14:00,d8,0.000000,
2026-04-18 15:00,d8,0.000000,
2026-04-18 16:00,d8,0.000000,
2026-04-18 17:00,d8,0.000000,
2026-04-18 18:00,d8,0.000000,
2026-04-18 19:00,d8,0.000000,
2026-04-18 20:00,d8,0.000000,
2026-04-18 21:00,d8,0.000000,
2026-04-18 22:00,d8,0.000000,
2026-04-18 23:00,d8,0.000000,
2026-04-19 00:00,d8,0.000000,
2026-04-19 01:00,d8,0.000000,
2026-04-19 02:00,d8,0.000000,
2026-04-19 03:00,d8,0.000000,
2026-04-19 04:00,d8,0.000000,
2026-04-19 05:00,d8,0.000000,
2026-04-19 06:00,d8,0.000000,
2026-04-19 07:00,d8,0.000000,
2026-04-19 08:00,d8,0.000000,
2026-04-19 09:00,d8,0.000000,
2026-04-19 10:00,d8,0.000000,
2026-04-19 11:00,d8,0.000000,
2026-04-19 12:00,d8,0.000000,
2026-04-19 13:00,d8,0.000000,
2026-04-19 14:00,d8,0.000000,
2026-04-19 15:00,d8,0.000000,
2026-04-19 16:00,d8,0.000000,
2026-04-19 17:00,d8,0.000000,
2026-04-19 18:00,d8,0.000000,
2026-04-19 19:00,d8,0.000000,
2026-04-19 20:00,d8,0.000000,
2026-04-19 21:00,d8,0.000000,
2026-04-19 22:00,d8,0.000000,
2026-04-19 23:00,d8,0.000000,
2026-04-20 00:00,d8,0.000000,
2026-04-20 01:00,d8,0.000000,
2026-04-20 02:00,d8,0.000000,
2026-04-20 03:00,d8,0.000000,
2026-04-20 04:00,d8,0.000000,
2026-04-20 05:00,d8,0.000000,
2026-04-20 06:00,d8,0.000000,
2026-04-20 07:00,d8,0.000000,
2026-04-20 08:00,d8,0.000000,
2026-04-20 09:00,d8,0.000000,
2026-04-20 10:00,d8,0.000000,
2026-04-20 11:00,d8,0.000000,
2026-04-20 12:00,d8,0.000000,
2026-04-20 13:00,d8,0.000000,
2026-04-20 14:00,d8,0.000000,
2026-04-20 15:00,d8,0.000000,
2026-04-20 16:00,d8,0.000000,
2026-04-20 17:00,d8,0.000000,
2026-04-20 18:00,d8,0.000000,
2026-04-20 19:00,d8,0.000000,
2026-04-20 20:00,d8,0.000000,
2026-04-20 21:00,d8,0.000000,
2026-04-20 22:00,d8,0.000000,
2026-04-20 23:00,d8,0.000000,
2026-04-14 00:00,d9,0.000000,
2026-04-14 01:00,d9,0.000000,
2026-04-14 02:00,d9,0.000000,
2026-04-14 03:00,d9,0.000000,
2026-04-14 04:00,d9,0.000000,
2026-04-14 05:00,d9,0.000000,
2026-04-14 06:00,d9,0.000000,
2026-04-14 07:00,d9,0.000000,
2026-04-14 08:00,d9,0.000000,
2026-04-14 09:00,d9,0.000000,
2026-04-14 10:00,d9,0.000000,
2026-04-14 11:00,d9,0.000000,
2026-04-14 12:00,d9,0.000000,
2026-04-14 13:00,d9,0.000000,
2026-04-14 14:00,d9,0.000000,
2026-04-14 15:00,d9,0.000000,
2026-04-14 16:00,d9,0.000000,
2026-04-14 17:00,d9,0.000000,
2026-04-14 18:00,d9,0.000000,
2026-04-14 19:00,d9,0.000000,
2026-04-14 20:00,d9,0.000000,
2026-04-14 21:00,d9,0.000000,
2026-04-14 22:00,d9,0.000000,
2026-04-14 23:00,d9,0.000000,
2026-04-15 00:00,d9,0.000000,
2026-04-15 01:00,d9,0.000000,
2026-04-15 02:00,d9,0.000000,
2026-04-15 03:00,d9,0.000000,
2026-04-15 04:00,d9,0.000000,
2026-04-15 05:00,d9,0.000000,
2026-04-15 06:00,d9,0.000000,
2026-04-15 07:00,d9,0.000000,
2026-04-15 08:00,d9,0.000000,
2026-04-15 09:00,d9,0.000000,
2026-04-15 10:00,d9,0.000000,
2026-04-15 11:00,d9,0.000000,
2026-04-15 12:00,d9,0.000000,
2026-04-15 13:00,d9,0.000000,
2026-04-15 14:00,d9,0.000000,
2026-04-15 15:00,d9,0.000000,
2026-04-15 16:00,d9,0.000000,
2026-04-15 17:00,d9,0.000000,
2026-04-15 18:00,d9,0.000000,
2026-04-15 19:00,d9,0.000000,
2026-04-15 20:00,d9,0.000000,
2026-04-15 21:00,d9,0.000000,
2026-04-15 22:00,d9,0.000000,
2026-04-15 23:00,d9,0.000000,
2026-04-16 00:00,d9,0.000000,
2026-04-16 01:00,d9,0.000000,
2026-04-16 02:00,d9,0.000000,
2026-04-16 03:00,d9,0.000000,
2026-04-16 04:00,d9,0.000000,
2026-04-16 05:00,d9,0.000000,
2026-04-16 06:00,d9,0.000000,
2026-04-16 07:00,d9,0.000000,
2026-04-16 08:00,d9,0.000000,
2026-04-16 09:00,d9,0.000000,
2026-04-16 10:00,d9,0.000000,
2026-04-16 11:00,d9,0.000000,
2026-04-16 12:00,d9,0.000000,
2026-04-16 13:00,d9,0.000000,
2026-04-16 14:00,d9,0.000000,
2026-04-16 15:00,d9,0.000000,
2026-04-16 16:00,d9,0.000000,
2026-04-16 17:00,d9,0.000000,
2026-04-16 18:00,d9,0.000000,
2026-04-16 19:00,d9,0.000000,
2026-04-16 20:00,d9,0.000000,
2026-04-16 21:00,d9,0.000000,
2026-04-16 22:00,d9,0.000000,
2026-04-16 23:00,d9,0.000000,
2026-04-17 00:00,d9,0.000000,
2026-04-17 01:00,d9,0.000000,
2026-04-17 02:00,d9,0.000000,
2026-04-17 03:00,d9,0.000000,
2026-04-17 04:00,d9,0.000000,
2026-04-17 05:00,d9,0.000000,
2026-04-17 06:00,d9,0.000000,
2026-04-17 07:00,d9,0.000000,
2026-04-17 08:00,d9,0.000000,
2026-04-17 09:00,d9,0.000000,
2026-04-17 10:00,d9,0.000000,
2026-04-17 11:00,d9,0.000000,
2026-04-17 12:00,d9,0.000000,
2026-04-17 13:00,d9,0.000000,
2026-04-17 14:00,d9,0.000000,
2026-04-17 15:00,d9,0.000000,
2026-04-17 16:00,d9,0.000000,
2026-04-17 17:00,d9,0.000000,
2026-04-17 18:00,d9,0.000000,
2026-04-17 19:00,d9,0.000000,
2026-04-17 20:00,d9,0.000000,
2026-04-17 21:00,d9,0.000000,
2026-04-17 22:00,d9,0.000000,
2026-04-17 23:00,d9,0.000000,
2026-04-18 00:00,d9,0.000000,
2026-04-18 01:00,d9,0.000000,
2026-04-18 02:00,d9,0.000000,
2026-04-18 03:00,d9,0.000000,
2026-04-18 04:00,d9,0.000000,
2026-04-18 05:00,d9,0.000000,
2026-04-18 06:00,d9,0.000000,
2026-04-18 07:00,d9,0.000000,
2026-04-18 08:00,d9,0.000000,
2026-04-18 09:00,d9,0.000000,
2026-04-18 10:00,d9,0.000000,
2026-04-18 11:00,d9,0.000000,
2026-04-18 12:00,d9,0.000000,
2026-04-18 13:00,d9,0.000000,
2026-04-18 14:00,d9,0.000000,
2026-04-18 15:00,d9,0.000000,
2026-04-18 16:00,d9,0.000000,
2026-04-18 17:00,d9,0.000000,
2026-04-18 18:00,d9,0.000000,
2026-04-18 19:00,d9,0.000000,
2026-04-18 20:00,d9,0.000000,
2026-04-18 21:00,d9,0.000000,
2026-04-18 22:00,d9,0.000000,
2026-04-18 23:00,d9,0.000000,
2026-04-19 00:00,d9,0.000000,
2026-04-19 01:00,d9,0.000000,
2026-04-19 02:00,d9,0.000000,
2026-04-19 03:00,d9,0.000000,
2026-04-19 04:00,d9,0.000000,
2026-04-19 05:00,d9,0.000000,
2026-04-19 06:00,d9,0.000000,
2026-04-19 07:00,d9,0.000000,
2026-04-19 08:00,d9,0.000000,
2026-04-19 09:00,d9,0.000000,
2026-04-19 10:00,d9,0.000000,
2026-04-19 11:00,d9,0.000000,
2026-04-19 12:00,d9,0.000000,
2026-04-19 13:00,d9,0.000000,
2026-04-19 14:00,d9,0.000000,
2026-04-19 15:00,d9,0.000000,
2026-04-19 16:00,d9,0.000000,
2026-04-19 17:00,d9,0.000000,
2026-04-19 18:00,d9,0.000000,
2026-04-19 19:00,d9,0.000000,
2026-04-19 20:00,d9,0.000000,
2026-04-19 21:00,d9,0.000000,
2026-04-19 22:00,d9,0.000000,
2026-04-19 23:00,d9,0.000000,
2026-04-20 00:00,d9,0.000000,
2026-04-20 01:00,d9,0.000000,
2026-04-20 02:00,d9,0.000000,
2026-04-20 03:00,d9,0.000000,
2026-04-20 04:00,d9,0.000000,
2026-04-20 05:00,d9,0.000000,
2026-04-20 06:00,d9,0.000000,
2026-04-20 07:00,d9,0.000000,
2026-04-20 08:00,d9,0.000000,
2026-04-20 09:00,d9,0.000000,
2026-04-20 10:00,d9,0.000000,
2026-04-20 11:00,d9,0.000000,
2026-04-20 12:00,d9,0.000000,
2026-04-20 13:00,d9,0.000000,
2026-04-20 14:00,d9,0.000000,
2026-04-20 15:00,d9,0.000000,
2026-04-20 16:00,d9,0.000000,
2026-04-20 17:00,d9,0.000000,
2026-04-20 18:00,d9,0.000000,
2026-04-20 19:00,d9,0.000000,
2026-04-20 20:00,d9,0.000000,
2026-04-20 21:00,d9,0.000000,
2026-04-20 22:00,d9,0.000000,
2026-04-20 23:00,d9,0.000000,
2026-04-14 00:00,inflow0,0.000000,
2026-04-14 01:00,inflow0,0.000000,
2026-04-14 02:00,inflow0,0.000000,
2026-04-14 03:00,inflow0,0.000000,
2026-04-14 04:00,inflow0,0.000000,
2026-04-14 05:00,inflow0,0.000000,
2026-04-14 06:00,inflow0,0.000000,
2026-04-14 07:00,inflow0,0.000000,
2026-04-14 08:00,inflow0,0.000000,
2026-04-14 09:00,inflow0,0.000000,
2026-04-14 10:00,inflow0,0.000000,
2026-04-14 11:00,inflow0,0.000000,
2026-04-14 12:00,inflow0,0.000000,
2026-04-14 13:00,inflow0,0.000000,
2026-04-14 14:00,inflow0,0.000000,
2026-04-14 15:00,inflow0,0.000000,
2026-04-14 16:00,inflow0,0.000000,
2026-04-14 17:00,inflow0,0.000000,
2026-04-14 18:00,inflow0,0.000000,
2026-04-14 19:00,inflow0,0.000000,
2026-04-14 20:00,inflow0,0.000000,
2026-04-14 21:00,inflow0,0.000000,
2026-04-14 22:00,inflow0,0.000000,
2026-04-14 23:00,inflow0,0.000000,
2026-04-15 00:00,inflow0,0.000000,
2026-04-15 01:00,inflow0,0.000000,
2026-04-15 02:00,inflow0,0.000000,
2026-04-15 03:00,inflow0,0.000000,
2026-04-15 04:00,inflow0,0.000000,
2026-04-15 05:00,inflow0,0.000000,
2026-04-15 06:00,inflow0,0.000000,
2026-04-15 07:00,inflow0,0.000000,
2026-04-15 08:00,inflow0,0.000000,
2026-04-15 09:00,inflow0,0.000000,
2026-04-15 10:00,inflow0,0.000000,
2026-04-15 11:00,inflow0,0.000000,
2026-04-15 12:00,inflow0,0.000000,
2026-04-15 13:00,inflow0,0.000000,
2026-04-15 14:00,inflow0,0.000000,
2026-04-15 15:00,inflow0,0.000000,
2026-04-15 16:00,inflow0,0.000000,
2026-04-15 17:00,inflow0,0.000000,
2026-04-15 18:00,inflow0,0.000000,
2026-04-15 19:00,inflow0,0.000000,
2026-04-15 20:00,inflow0,0.000000,
2026-04-15 21:00,inflow0,0.000000,
2026-04-15 22:00,inflow0,0.000000,
2026-04-15 23:00,inflow0,0.000000,
2026-04-16 00:00,inflow0,0.000000,
2026-04-16 01:00,inflow0,0.000000,
2026-04-16 02:00,inflow0,0.000000,
2026-04-16 03:00,inflow0,0.000000,
2026-04-16 04:00,inflow0,0.000000,
2026-04-16 05:00,inflow0,0.000000,
2026-04-16 06:00,inflow0,0.000000,
2026-04-16 07:00,inflow0,0.000000,
2026-04-16 08:00,inflow0,0.000000,
2026-04-16 09:00,inflow0,0.000000,
2026-04-16 10:00,inflow0,0.000000,
2026-04-16 11:00,inflow0,0.000000,
2026-04-16 12:00,inflow0,0.000000,
2026-04-16 13:00,inflow0,0.000000,
2026-04-16 14:00,inflow0,0.000000,
2026-04-16 15:00,inflow0,0.000000,
2026-04-16 16:00,inflow0,0.000000,
2026-04-16 17:00,inflow0,0.000000,
2026-04-16 18:00,inflow0,0.000000,
2026-04-16 19:00,inflow0,0.000000,
2026-04-16 20:00,inflow0,0.000000,
2026-04-16 21:00,inflow0,0.000000,
2026-04-16 22:00,inflow0,0.000000,
2026-04-16 23:00,inflow0,0.000000,
2026-04-17 00:00,inflow0,0.000000,
2026-04-17 01:00,inflow0,0.000000,
2026-04-17 02:00,inflow0,0.000000,
2026-04-17 03:00,inflow0,0.000000,
2026-04-17 04:00,inflow0,0.000000,
2026-04-17 05:00,inflow0,0.000000,
2026-04-17 06:00,inflow0,0.000000,
2026-04-17 07:00,inflow0,0.000000,
2026-04-17 08:00,inflow0,0.000000,
2026-04-17 09:00,inflow0,0.000000,
2026-04-17 10:00,inflow0,0.000000,
2026-04-17 11:00,inflow0,0.000000,
2026-04-17 12:00,inflow0,0.000000,
2026-04-17 13:00,inflow0,0.000000,
2026-04-17 14:00,inflow0,0.000000,
2026-04-17 15:00,inflow0,0.000000,
2026-04-17 16:00,inflow0,0.000000,
2026-04-17 17:00,inflow0,0.000000,
2026-04-17 18:00,inflow0,0.000000,
2026-04-17 19:00,inflow0,0.000000,
2026-04-17 20:00,inflow0,0.000000,
2026-04-17 21:00,inflow0,0.000000,
2026-04-17 22:00,inflow0,0.000000,
2026-04-17 23:00,inflow0,0.000000,
2026-04-18 00:00,inflow0,0.000000,
2026-04-18 01:00,inflow0,0.000000,
2026-04-18 02:00,inflow0,0.000000,
2026-04-18 03:00,inflow0,0.000000,
2026-04-18 04:00,inflow0,0.000000,
2026-04-18 05:00,inflow0,0.000000,
2026-04-18 06:00,inflow0,0.000000,
2026-04-18 07:00,inflow0,0.000000,
2026-04-18 08:00,inflow0,0.000000,
2026-04-18 09:00,inflow0,0.000000,
2026-04-18 10:00,inflow0,0.000000,
2026-04-18 11:00,inflow0,0.000000,
2026-04-18 12:00,inflow0,0.000000,
2026-04-18 13:00,inflow0,0.000000,
2026-04-18 14:00,inflow0,0.000000,
2026-04-18 15:00,inflow0,0.000000,
2026-04-18 16:00,inflow0,0.000000,
2026-04-18 17:00,inflow0,0.000000,
2026-04-18 18:00,inflow0,0.000000,
2026-04-18 19:00,inflow0,0.000000,
2026-04-18 20:00,inflow0,0.000000,
2026-04-18 21:00,inflow0,0.000000,
2026-04-18 22:00,inflow0,0.000000,
2026-04-18 23:00,inflow0,0.000000,
2026-04-19 00:00,inflow0,0.000000,
2026-04-19 01:00,inflow0,0.000000,
2026-04-19 02:00,inflow0,0.000000,
2026-04-19 03:00,inflow0,0.000000,
2026-04-19 04:00,inflow0,0.000000,
2026-04-19 05:00,inflow0,0.000000,
2026-04-19 06:00,inflow0,0.000000,
2026-04-19 07:00,inflow0,0.000000,
2026-04-19 08:00,inflow0,0.000000,
2026-04-19 09:00,inflow0,0.000000,
2026-04-19 10:00,inflow0,0.000000,
2026-04-19 11:00,inflow0,0.000000,
2026-04-19 12:00,inflow0,0.000000,
2026-04-19 13:00,inflow0,0.000000,
2026-04-19 14:00,inflow0,0.000000,
2026-04-19 15:00,inflow0,0.000000,
2026-04-19 16:00,inflow0,0.000000,
2026-04-19 17:00,inflow0,0.000000,
2026-04-19 18:00,inflow0,0.000000,
2026-04-19 19:00,inflow0,0.000000,
2026-04-19 20:00,inflow0,0.000000,
2026-04-19 21:00,inflow0,0.000000,
2026-04-19 22:00,inflow0,0.000000,
2026-04-19 23:00,inflow0,0.000000,
2026-04-20 00:00,inflow0,0.000000,
2026-04-20 01:00,inflow0,0.000000,
2026-04-20 02:00,inflow0,0.000000,
2026-04-20 03:00,inflow0,0.000000,
2026-04-20 04:00,inflow0,0.000000,
2026-04-20 05:00,inflow0,0.000000,
2026-04-20 06:00,inflow0,0.000000,
2026-04-20 07:00,inflow0,0.000000,
2026-04-20 08:00,inflow0,0.000000,
2026-04-20 09:00,inflow0,0.000000,
2026-04-20 10:00,inflow0,0.000000,
2026-04-20 11:00,inflow0,0.000000,
2026-04-20 12:00,inflow0,0.000000,
2026-04-20 13:00,inflow0,0.000000,
2026-04-20 14:00,inflow0,0.000000,
2026-04-20 15:00,inflow0,0.000000,
2026-04-20 16:00,inflow0,0.000000,
2026-04-20 17:00,inflow0,0.000000,
2026-04-20 18:00,inflow0,0.000000,
2026-04-20 19:00,inflow0,0.000000,
2026-04-20 20:00,inflow0,0.000000,
2026-04-20 21:00,inflow0,0.000000,
2026-04-20 22:00,inflow0,0.000000,
2026-04-20 23:00,inflow0,0.000000,
2026-04-14 00:00,inflow1,0.000000,
2026-04-14 01:00,inflow1,0.000000,
2026-04-14 02:00,inflow1,0.000000,
2026-04-14 03:00,inflow1,0.000000,
2026-04-14 04:00,inflow1,0.000000,
2026-04-14 05:00,inflow1,0.000000,
2026-04-14 06:00,inflow1,0.000000,
2026-04-14 07:00,inflow1,0.000000,
2026-04-14 08:00,inflow1,0.000000,
2026-04-14 09:00,inflow1,0.000000,
2026-04-14 10:00,inflow1,0.000000,
2026-04-14 11:00,inflow1,0.000000,
2026-04-14 12:00,inflow1,0.000000,
2026-04-14 13:00,inflow1,0.000000,
2026-04-14 14:00,inflow1,0.000000,
2026-04-14 15:00,inflow1,0.000000,
2026-04-14 16:00,inflow1,0.000000,
2026-04-14 17:00,inflow1,0.000000,
2026-04-14 18:00,inflow1,0.000000,
2026-04-14 19:00,inflow1,0.000000,
2026-04-14 20:00,inflow1,0.000000,
2026-04-14 21:00,inflow1,0.000000,
2026-04-14 22:00,inflow1,0.000000,
2026-04-14 23:00,inflow1,0.000000,
2026-04-15 00:00,inflow1,0.000000,
2026-04-15 01:00,inflow1,0.000000,
2026-04-15 02:00,inflow1,0.000000,
2026-04-15 03:00,inflow1,0.000000,
2026-04-15 04:00,inflow1,0.000000,
2026-04-15 05:00,inflow1,0.000000,
2026-04-15 06:00,inflow1,0.000000,
2026-04-15 07:00,inflow1,0.000000,
2026-04-15 08:00,inflow1,0.000000,
2026-04-15 09:00,inflow1,0.000000,
2026-04-15 10:00,inflow1,0.000000,
2026-04-15 11:00,inflow1,0.000000,
2026-04-15 12:00,inflow1,0.000000,
2026-04-15 13:00,inflow1,0.000000,
2026-04-15 14:00,inflow1,0.000000,
2026-04-15 15:00,inflow1,0.000000,
2026-04-15 16:00,inflow1,0.000000,
2026-04-15 17:00,inflow1,0.000000,
2026-04-15 18:00,inflow1,0.000000,
2026-04-15 19:00,inflow1,0.000000,
2026-04-15 20:00,inflow1,0.000000,
2026-04-15 21:00,inflow1,0.000000,
2026-04-15 22:00,inflow1,0.000000,
2026-04-15 23:00,inflow1,0.000000,
2026-04-16 00:00,inflow1,0.000000,
2026-04-16 01:00,inflow1,0.000000,
2026-04-16 02:00,inflow1,0.000000,
2026-04-16 03:00,inflow1,0.000000,
2026-04-16 04:00,inflow1,0.000000,
2026-04-16 05:00,inflow1,0.000000,
2026-04-16 06:00,inflow1,0.000000,
2026-04-16 07:00,inflow1,0.000000,
2026-04-16 08:00,inflow1,0.000000,
2026-04-16 09:00,inflow1,0.000000,
2026-04-16 10:00,inflow1,0.000000,
2026-04-16 11:00,inflow1,0.000000,
2026-04-16 12:00,inflow1,0.000000,
2026-04-16 13:00,inflow1,0.000000,
2026-04-16 14:00,inflow1,0.000000,
2026-04-16 15:00,inflow1,0.000000,
2026-04-16 16:00,inflow1,0.000000,
2026-04-16 17:00,inflow1,0.000000,
2026-04-16 18:00,inflow1,0.000000,
2026-04-16 19:00,inflow1,0.000000,
2026-04-16 20:00,inflow1,0.000000,
2026-04-16 21:00,inflow1,0.000000,
2026-04-16 22:00,inflow1,0.000000,
2026-04-16 23:00,inflow1,0.000000,
2026-04-17 00:00,inflow1,0.000000,
2026-04-17 01:00,inflow1,0.000000,
2026-04-17 02:00,inflow1,0.000000,
2026-04-17 03:00,inflow1,0.000000,
2026-04-17 04:00,inflow1,0.000000,
2026-04-17 05:00,inflow1,0.000000,
2026-04-17 06:00,inflow1,0.000000,
2026-04-17 07:00,inflow1,0.000000,
2026-04-17 08:00,inflow1,0.000000,
2026-04-17 09:00,inflow1,0.000000,
2026-04-17 10:00,inflow1,0.000000,
2026-04-17 11:00,inflow1,0.000000,
2026-04-17 12:00,inflow1,0.000000,
2026-04-17 13:00,inflow1,0.000000,
2026-04-17 14:00,inflow1,0.000000,
2026-04-17 15:00,inflow1,0.000000,
2026-04-17 16:00,inflow1,0.000000,
2026-04-17 17:00,inflow1,0.000000,
2026-04-17 18:00,inflow1,0.000000,
2026-04-17 19:00,inflow1,0.000000,
2026-04-17 20:00,inflow1,0.000000,
2026-04-17 21:00,inflow1,0.000000,
2026-04-17 22:00,inflow1,0.000000,
2026-04-17 23:00,inflow1,0.000000,
2026-04-18 00:00,inflow1,0.000000,
2026-04-18 01:00,inflow1,0.000000,
2026-04-18 02:00,inflow1,0.000000,
2026-04-18 03:00,inflow1,0.000000,
2026-04-18 04:00,inflow1,0.000000,
2026-04-18 05:00,inflow1,0.000000,
2026-04-18 06:00,inflow1,0.000000,
2026-04-18 07:00,inflow1,0.000000,
2026-04-18 08:00,inflow1,0.000000,
2026-04-18 09:00,inflow1,0.000000,
2026-04-18 10:00,inflow1,0.000000,
2026-04-18 11:00,inflow1,0.000000,
2026-04-18 12:00,inflow1,0.000000,
2026-04-18 13:00,inflow1,0.000000,
2026-04-18 14:00,inflow1,0.000000,
2026-04-18 15:00,inflow1,0.000000,
2026-04-18 16:00,inflow1,0.000000,
2026-04-18 17:00,inflow1,0.000000,
2026-04-18 18:00,inflow1,0.000000,
2026-04-18 19:00,inflow1,0.000000,
2026-04-18 20:00,inflow1,0.000000,
2026-04-18 21:00,inflow1,0.000000,
2026-04-18 22:00,inflow1,0.000000,
2026-04-18 23:00,inflow1,0.000000,
2026-04-19 00:00,inflow1,0.000000,
2026-04-19 01:00,inflow1,0.000000,
2026-04-19 02:00,inflow1,0.000000,
2026-04-19 03:00,inflow1,0.000000,
2026-04-19 04:00,inflow1,0.000000,
2026-04-19 05:00,inflow1,0.000000,
2026-04-19 06:00,inflow1,0.000000,
2026-04-19 07:00,inflow1,0.000000,
2026-04-19 08:00,inflow1,0.000000,
2026-04-19 09:00,inflow1,0.000000,
2026-04-19 10:00,inflow1,0.000000,
2026-04-19 11:00,inflow1,0.000000,
2026-04-19 12:00,inflow1,0.000000,
2026-04-19 13:00,inflow1,0.000000,
2026-04-19 14:00,inflow1,0.000000,
2026-04-19 15:00,inflow1,0.000000,
2026-04-19 16:00,inflow1,0.000000,
2026-04-19 17:00,inflow1,0.000000,
2026-04-19 18:00,inflow1,0.000000,
2026-04-19 19:00,inflow1,0.000000,
2026-04-19 20:00,inflow1,0.000000,
2026-04-19 21:00,inflow1,0.000000,
2026-04-19 22:00,inflow1,0.000000,
2026-04-19 23:00,inflow1,0.000000,
2026-04-20 00:00,inflow1,0.000000,
2026-04-20 01:00,inflow1,0.000000,
2026-04-20 02:00,inflow1,0.000000,
2026-04-20 03:00,inflow1,0.000000,
2026-04-20 04:00,inflow1,0.000000,
2026-04-20 05:00,inflow1,0.000000,
2026-04-20 06:00,inflow1,0.000000,
2026-04-20 07:00,inflow1,0.000000,
2026-04-20 08:00,inflow1,0.000000,
2026-04-20 09:00,inflow1,0.000000,
2026-04-20 10:00,inflow1,0.000000,
2026-04-20 11:00,inflow1,0.000000,
2026-04-20 12:00,inflow1,0.000000,
2026-04-20 13:00,inflow1,0.000000,
2026-04-20 14:00,inflow1,0.000000,
2026-04-20 15:00,inflow1,0.000000,
2026-04-20 16:00,inflow1,0.000000,
2026-04-20 17:00,inflow1,0.000000,
2026-04-20 18:00,inflow1,0.000000,
2026-04-20 19:00,inflow1,0.000000,
2026-04-20 20:00,inflow1,0.000000,
2026-04-20 21:00,inflow1,0.000000,
2026-04-20 22:00,inflow1,0.000000,
2026-04-20 23:00,inflow1,0.000000,
2026-04-14 00:00,inflow10,0.000000,
2026-04-14 01:00,inflow10,0.000000,
2026-04-14 02:00,inflow10,0.000000,
2026-04-14 03:00,inflow10,0.000000,
2026-04-14 04:00,inflow10,0.000000,
2026-04-14 05:00,inflow10,0.000000,
2026-04-14 06:00,inflow10,0.000000,
2026-04-14 07:00,inflow10,0.000000,
2026-04-14 08:00,inflow10,0.000000,
2026-04-14 09:00,inflow10,0.000000,
2026-04-14 10:00,inflow10,0.000000,
2026-04-14 11:00,inflow10,0.000000,
2026-04-14 12:00,inflow10,0.000000,
2026-04-14 13:00,inflow10,0.000000,
2026-04-14 14:00,inflow10,0.000000,
2026-04-14 15:00,inflow10,0.000000,
2026-04-14 16:00,inflow10,0.000000,
2026-04-14 17:00,inflow10,0.000000,
2026-04-14 18:00,inflow10,0.000000,
2026-04-14 19:00,inflow10,0.000000,
2026-04-14 20:00,inflow10,0.000000,
2026-04-14 21:00,inflow10,0.000000,
2026-04-14 22:00,inflow10,0.000000,
2026-04-14 23:00,inflow10,0.000000,
2026-04-15 00:00,inflow10,0.000000,
2026-04-15 01:00,inflow10,0.000000,
2026-04-15 02:00,inflow10,0.000000,
2026-04-15 03:00,inflow10,0.000000,
2026-04-15 04:00,inflow10,0.000000,
2026-04-15 05:00,inflow10,0.000000,
2026-04-15 06:00,inflow10,0.000000,
2026-04-15 07:00,inflow10,0.000000,
2026-04-15 08:00,inflow10,0.000000,
2026-04-15 09:00,inflow10,0.000000,
2026-04-15 10:00,inflow10,0.000000,
2026-04-15 11:00,inflow10,0.000000,
2026-04-15 12:00,inflow10,0.000000,
2026-04-15 13:00,inflow10,0.000000,
2026-04-15 14:00,inflow10,0.000000,
2026-04-15 15:00,inflow10,0.000000,
2026-04-15 16:00,inflow10,0.000000,
2026-04-15 17:00,inflow10,0.000000,
2026-04-15 18:00,inflow10,0.000000,
2026-04-15 19:00,inflow10,0.000000,
2026-04-15 20:00,inflow10,0.000000,
2026-04-15 21:00,inflow10,0.000000,
2026-04-15 22:00,inflow10,0.000000,
2026-04-15 23:00,inflow10,0.000000,
2026-04-16 00:00,inflow10,0.000000,
2026-04-16 01:00,inflow10,0.000000,
2026-04-16 02:00,inflow10,0.000000,
2026-04-16 03:00,inflow10,0.000000,
2026-04-16 04:00,inflow10,0.000000,
2026-04-16 05:00,inflow10,0.000000,
2026-04-16 06:00,inflow10,0.000000,
2026-04-16 07:00,inflow10,0.000000,
2026-04-16 08:00,inflow10,0.000000,
2026-04-16 09:00,inflow10,0.000000,
2026-04-16 10:00,inflow10,0.000000,
2026-04-16 11:00,inflow10,0.000000,
2026-04-16 12:00,inflow10,0.000000,
2026-04-16 13:00,inflow10,0.000000,
2026-04-16 14:00,inflow10,0.000000,
2026-04-16 15:00,inflow10,0.000000,
2026-04-16 16:00,inflow10,0.000000,
2026-04-16 17:00,inflow10,0.000000,
2026-04-16 18:00,inflow10,0.000000,
2026-04-16 19:00,inflow10,0.000000,
2026-04-16 20:00,inflow10,0.000000,
2026-04-16 21:00,inflow10,0.000000,
2026-04-16 22:00,inflow10,0.000000,
2026-04-16 23:00,inflow10,0.000000,
2026-04-17 00:00,inflow10,0.000000,
2026-04-17 01:00,inflow10,0.000000,
2026-04-17 02:00,inflow10,0.000000,
2026-04-17 03:00,inflow10,0.000000,
2026-04-17 04:00,inflow10,0.000000,
2026-04-17 05:00,inflow10,0.000000,
2026-04-17 06:00,inflow10,0.000000,
2026-04-17 07:00,inflow10,0.000000,
2026-04-17 08:00,inflow10,0.000000,
2026-04-17 09:00,inflow10,0.000000,
2026-04-17 10:00,inflow10,0.000000,
2026-04-17 11:00,inflow10,0.000000,
2026-04-17 12:00,inflow10,0.000000,
2026-04-17 13:00,inflow10,0.000000,
2026-04-17 14:00,inflow10,0.000000,
2026-04-17 15:00,inflow10,0.000000,
2026-04-17 16:00,inflow10,0.000000,
2026-04-17 17:00,inflow10,0.000000,
2026-04-17 18:00,inflow10,0.000000,
2026-04-17 19:00,inflow10,0.000000,
2026-04-17 20:00,inflow10,0.000000,
2026-04-17 21:00,inflow10,0.000000,
2026-04-17 22:00,inflow10,0.000000,
2026-04-17 23:00,inflow10,0.000000,
2026-04-18 00:00,inflow10,0.000000,
2026-04-18 01:00,inflow10,0.000000,
2026-04-18 02:00,inflow10,0.000000,
2026-04-18 03:00,inflow10,0.000000,
2026-04-18 04:00,inflow10,0.000000,
2026-04-18 05:00,inflow10,0.000000,
2026-04-18 06:00,inflow10,0.000000,
2026-04-18 07:00,inflow10,0.000000,
2026-04-18 08:00,inflow10,0.000000,
2026-04-18 09:00,inflow10,0.000000,
2026-04-18 10:00,inflow10,0.000000,
2026-04-18 11:00,inflow10,0.000000,
2026-04-18 12:00,inflow10,0.000000,
2026-04-18 13:00,inflow10,0.000000,
2026-04-18 14:00,inflow10,0.000000,
2026-04-18 15:00,inflow10,0.000000,
2026-04-18 16:00,inflow10,0.000000,
2026-04-18 17:00,inflow10,0.000000,
2026-04-18 18:00,inflow10,0.000000,
2026-04-18 19:00,inflow10,0.000000,
2026-04-18 20:00,inflow10,0.000000,
2026-04-18 21:00,inflow10,0.000000,
2026-04-18 22:00,inflow10,0.000000,
2026-04-18 23:00,inflow10,0.000000,
2026-04-19 00:00,inflow10,0.000000,
2026-04-19 01:00,inflow10,0.000000,
2026-04-19 02:00,inflow10,0.000000,
2026-04-19 03:00,inflow10,0.000000,
2026-04-19 04:00,inflow10,0.000000,
2026-04-19 05:00,inflow10,0.000000,
2026-04-19 06:00,inflow10,0.000000,
2026-04-19 07:00,inflow10,0.000000,
2026-04-19 08:00,inflow10,0.000000,
2026-04-19 09:00,inflow10,0.000000,
2026-04-19 10:00,inflow10,0.000000,
2026-04-19 11:00,inflow10,0.000000,
2026-04-19 12:00,inflow10,0.000000,
2026-04-19 13:00,inflow10,0.000000,
2026-04-19 14:00,inflow10,0.000000,
2026-04-19 15:00,inflow10,0.000000,
2026-04-19 16:00,inflow10,0.000000,
2026-04-19 17:00,inflow10,0.000000,
2026-04-19 18:00,inflow10,0.000000,
2026-04-19 19:00,inflow10,0.000000,
2026-04-19 20:00,inflow10,0.000000,
2026-04-19 21:00,inflow10,0.000000,
2026-04-19 22:00,inflow10,0.000000,
2026-04-19 23:00,inflow10,0.000000,
2026-04-20 00:00,inflow10,0.000000,
2026-04-20 01:00,inflow10,0.000000,
2026-04-20 02:00,inflow10,0.000000,
2026-04-20 03:00,inflow10,0.000000,
2026-04-20 04:00,inflow10,0.000000,
2026-04-20 05:00,inflow10,0.000000,
2026-04-20 06:00,inflow10,0.000000,
2026-04-20 07:00,inflow10,0.000000,
2026-04-20 08:00,inflow10,0.000000,
2026-04-20 09:00,inflow10,0.000000,
2026-04-20 10:00,inflow10,0.000000,
2026-04-20 11:00,inflow10,0.000000,
2026-04-20 12:00,inflow10,0.000000,
2026-04-20 13:00,inflow10,0.000000,
2026-04-20 14:00,inflow10,0.000000,
2026-04-20 15:00,inflow10,0.000000,
2026-04-20 16:00,inflow10,0.000000,
2026-04-20 17:00,inflow10,0.000000,
2026-04-20 18:00,inflow10,0.000000,
2026-04-20 19:00,inflow10,0.000000,
2026-04-20 20:00,inflow10,0.000000,
2026-04-20 21:00,inflow10,0.000000,
2026-04-20 22:00,inflow10,0.000000,
2026-04-20 23:00,inflow10,0.000000,
2026-04-14 00:00,inflow2,0.000000,
2026-04-14 01:00,inflow2,0.000000,
2026-04-14 02:00,inflow2,0.000000,
2026-04-14 03:00,inflow2,0.000000,
2026-04-14 04:00,inflow2,0.000000,
2026-04-14 05:00,inflow2,0.000000,
2026-04-14 06:00,inflow2,0.000000,
2026-04-14 07:00,inflow2,0.000000,
2026-04-14 08:00,inflow2,0.000000,
2026-04-14 09:00,inflow2,0.000000,
2026-04-14 10:00,inflow2,0.000000,
2026-04-14 11:00,inflow2,0.000000,
2026-04-14 12:00,inflow2,0.000000,
2026-04-14 13:00,inflow2,0.000000,
2026-04-14 14:00,inflow2,0.000000,
2026-04-14 15:00,inflow2,0.000000,
2026-04-14 16:00,inflow2,0.000000,
2026-04-14 17:00,inflow2,0.000000,
2026-04-14 18:00,inflow2,0.000000,
2026-04-14 19:00,inflow2,0.000000,
2026-04-14 20:00,inflow2,0.000000,
2026-04-14 21:00,inflow2,0.000000,
2026-04-14 22:00,inflow2,0.000000,
2026-04-14 23:00,inflow2,0.000000,
2026-04-15 00:00,inflow2,0.000000,
2026-04-15 01:00,inflow2,0.000000,
2026-04-15 02:00,inflow2,0.000000,
2026-04-15 03:00,inflow2,0.000000,
2026-04-15 04:00,inflow2,0.000000,
2026-04-15 05:00,inflow2,0.000000,
2026-04-15 06:00,inflow2,0.000000,
2026-04-15 07:00,inflow2,0.000000,
2026-04-15 08:00,inflow2,0.000000,
2026-04-15 09:00,inflow2,0.000000,
2026-04-15 10:00,inflow2,0.000000,
2026-04-15 11:00,inflow2,0.000000,
2026-04-15 12:00,inflow2,0.000000,
2026-04-15 13:00,inflow2,0.000000,
2026-04-15 14:00,inflow2,0.000000,
2026-04-15 15:00,inflow2,0.000000,
2026-04-15 16:00,inflow2,0.000000,
2026-04-15 17:00,inflow2,0.000000,
2026-04-15 18:00,inflow2,0.000000,
2026-04-15 19:00,inflow2,0.000000,
2026-04-15 20:00,inflow2,0.000000,
2026-04-15 21:00,inflow2,0.000000,
2026-04-15 22:00,inflow2,0.000000,
2026-04-15 23:00,inflow2,0.000000,
2026-04-16 00:00,inflow2,0.000000,
2026-04-16 01:00,inflow2,0.000000,
2026-04-16 02:00,inflow2,0.000000,
2026-04-16 03:00,inflow2,0.000000,
2026-04-16 04:00,inflow2,0.000000,
2026-04-16 05:00,inflow2,0.000000,
2026-04-16 06:00,inflow2,0.000000,
2026-04-16 07:00,inflow2,0.000000,
2026-04-16 08:00,inflow2,0.000000,
2026-04-16 09:00,inflow2,0.000000,
2026-04-16 10:00,inflow2,0.000000,
2026-04-16 11:00,inflow2,0.000000,
2026-04-16 12:00,inflow2,0.000000,
2026-04-16 13:00,inflow2,0.000000,
2026-04-16 14:00,inflow2,0.000000,
2026-04-16 15:00,inflow2,0.000000,
2026-04-16 16:00,inflow2,0.000000,
2026-04-16 17:00,inflow2,0.000000,
2026-04-16 18:00,inflow2,0.000000,
2026-04-16 19:00,inflow2,0.000000,
2026-04-16 20:00,inflow2,0.000000,
2026-04-16 21:00,inflow2,0.000000,
2026-04-16 22:00,inflow2,0.000000,
2026-04-16 23:00,inflow2,0.000000,
2026-04-17 00:00,inflow2,0.000000,
2026-04-17 01:00,inflow2,0.000000,
2026-04-17 02:00,inflow2,0.000000,
2026-04-17 03:00,inflow2,0.000000,
2026-04-17 04:00,inflow2,0.000000,
2026-04-17 05:00,inflow2,0.000000,
2026-04-17 06:00,inflow2,0.000000,
2026-04-17 07:00,inflow2,0.000000,
2026-04-17 08:00,inflow2,0.000000,
2026-04-17 09:00,inflow2,0.000000,
2026-04-17 10:00,inflow2,0.000000,
2026-04-17 11:00,inflow2,0.000000,
2026-04-17 12:00,inflow2,0.000000,
2026-04-17 13:00,inflow2,0.000000,
2026-04-17 14:00,inflow2,0.000000,
2026-04-17 15:00,inflow2,0.000000,
2026-04-17 16:00,inflow2,0.000000,
2026-04-17 17:00,inflow2,0.000000,
2026-04-17 18:00,inflow2,0.000000,
2026-04-17 19:00,inflow2,0.000000,
2026-04-17 20:00,inflow2,0.000000,
2026-04-17 21:00,inflow2,0.000000,
2026-04-17 22:00,inflow2,0.000000,
2026-04-17 23:00,inflow2,0.000000,
2026-04-18 00:00,inflow2,0.000000,
2026-04-18 01:00,inflow2,0.000000,
2026-04-18 02:00,inflow2,0.000000,
2026-04-18 03:00,inflow2,0.000000,
2026-04-18 04:00,inflow2,0.000000,
2026-04-18 05:00,inflow2,0.000000,
2026-04-18 06:00,inflow2,0.000000,
2026-04-18 07:00,inflow2,0.000000,
2026-04-18 08:00,inflow2,0.000000,
2026-04-18 09:00,inflow2,0.000000,
2026-04-18 10:00,inflow2,0.000000,
2026-04-18 11:00,inflow2,0.000000,
2026-04-18 12:00,inflow2,0.000000,
2026-04-18 13:00,inflow2,0.000000,
2026-04-18 14:00,inflow2,0.000000,
2026-04-18 15:00,inflow2,0.000000,
2026-04-18 16:00,inflow2,0.000000,
2026-04-18 17:00,inflow2,0.000000,
2026-04-18 18:00,inflow2,0.000000,
2026-04-18 19:00,inflow2,0.000000,
2026-04-18 20:00,inflow2,0.000000,
2026-04-18 21:00,inflow2,0.000000,
2026-04-18 22:00,inflow2,0.000000,
2026-04-18 23:00,inflow2,0.000000,
2026-04-19 00:00,inflow2,0.000000,
2026-04-19 01:00,inflow2,0.000000,
2026-04-19 02:00,inflow2,0.000000,
2026-04-19 03:00,inflow2,0.000000,
2026-04-19 04:00,inflow2,0.000000,
2026-04-19 05:00,inflow2,0.000000,
2026-04-19 06:00,inflow2,0.000000,
2026-04-19 07:00,inflow2,0.000000,
2026-04-19 08:00,inflow2,0.000000,
2026-04-19 09:00,inflow2,0.000000,
2026-04-19 10:00,inflow2,0.000000,
2026-04-19 11:00,inflow2,0.000000,
2026-04-19 12:00,inflow2,0.000000,
2026-04-19 13:00,inflow2,0.000000,
2026-04-19 14:00,inflow2,0.000000,
2026-04-19 15:00,inflow2,0.000000,
2026-04-19 16:00,inflow2,0.000000,
2026-04-19 17:00,inflow2,0.000000,
2026-04-19 18:00,inflow2,0.000000,
2026-04-19 19:00,inflow2,0.000000,
2026-04-19 20:00,inflow2,0.000000,
2026-04-19 21:00,inflow2,0.000000,
2026-04-19 22:00,inflow2,0.000000,
2026-04-19 23:00,inflow2,0.000000,
2026-04-20 00:00,inflow2,0.000000,
2026-04-20 01:00,inflow2,0.000000,
2026-04-20 02:00,inflow2,0.000000,
2026-04-20 03:00,inflow2,0.000000,
2026-04-20 04:00,inflow2,0.000000,
2026-04-20 05:00,inflow2,0.000000,
2026-04-20 06:00,inflow2,0.000000,
2026-04-20 07:00,inflow2,0.000000,
2026-04-20 08:00,inflow2,0.000000,
2026-04-20 09:00,inflow2,0.000000,
2026-04-20 10:00,inflow2,0.000000,
2026-04-20 11:00,inflow2,0.000000,
2026-04-20 12:00,inflow2,0.000000,
2026-04-20 13:00,inflow2,0.000000,
2026-04-20 14:00,inflow2,0.000000,
2026-04-20 15:00,inflow2,0.000000,
2026-04-20 16:00,inflow2,0.000000,
2026-04-20 17:00,inflow2,0.000000,
2026-04-20 18:00,inflow2,0.000000,
2026-04-20 19:00,inflow2,0.000000,
2026-04-20 20:00,inflow2,0.000000,
2026-04-20 21:00,inflow2,0.000000,
2026-04-20 22:00,inflow2,0.000000,
2026-04-20 23:00,inflow2,0.000000,
2026-04-14 00:00,inflow3,0.000000,
2026-04-14 01:00,inflow3,0.000000,
2026-04-14 02:00,inflow3,0.000000,
2026-04-14 03:00,inflow3,0.000000,
2026-04-14 04:00,inflow3,0.000000,
2026-04-14 05:00,inflow3,0.000000,
2026-04-14 06:00,inflow3,0.000000,
2026-04-14 07:00,inflow3,0.000000,
2026-04-14 08:00,inflow3,0.000000,
2026-04-14 09:00,inflow3,0.000000,
2026-04-14 10:00,inflow3,0.000000,
2026-04-14 11:00,inflow3,0.000000,
2026-04-14 12:00,inflow3,0.000000,
2026-04-14 13:00,inflow3,0.000000,
2026-04-14 14:00,inflow3,0.000000,
2026-04-14 15:00,inflow3,0.000000,
2026-04-14 16:00,inflow3,0.000000,
2026-04-14 17:00,inflow3,0.000000,
2026-04-14 18:00,inflow3,0.000000,
2026-04-14 19:00,inflow3,0.000000,
2026-04-14 20:00,inflow3,0.000000,
2026-04-14 21:00,inflow3,0.000000,
2026-04-14 22:00,inflow3,0.000000,
2026-04-14 23:00,inflow3,0.000000,
2026-04-15 00:00,inflow3,0.000000,
2026-04-15 01:00,inflow3,0.000000,
2026-04-15 02:00,inflow3,0.000000,
2026-04-15 03:00,inflow3,0.000000,
2026-04-15 04:00,inflow3,0.000000,
2026-04-15 05:00,inflow3,0.000000,
2026-04-15 06:00,inflow3,0.000000,
2026-04-15 07:00,inflow3,0.000000,
2026-04-15 08:00,inflow3,0.000000,
2026-04-15 09:00,inflow3,0.000000,
2026-04-15 10:00,inflow3,0.000000,
2026-04-15 11:00,inflow3,0.000000,
2026-04-15 12:00,inflow3,0.000000,
2026-04-15 13:00,inflow3,0.000000,
2026-04-15 14:00,inflow3,0.000000,
2026-04-15 15:00,inflow3,0.000000,
2026-04-15 16:00,inflow3,0.000000,
2026-04-15 17:00,inflow3,0.000000,
2026-04-15 18:00,inflow3,0.000000,
2026-04-15 19:00,inflow3,0.000000,
2026-04-15 20:00,inflow3,0.000000,
2026-04-15 21:00,inflow3,0.000000,
2026-04-15 22:00,inflow3,0.000000,
2026-04-15 23:00,inflow3,0.000000,
2026-04-16 00:00,inflow3,0.000000,
2026-04-16 01:00,inflow3,0.000000,
2026-04-16 02:00,inflow3,0.000000,
2026-04-16 03:00,inflow3,0.000000,
2026-04-16 04:00,inflow3,0.000000,
2026-04-16 05:00,inflow3,0.000000,
2026-04-16 06:00,inflow3,0.000000,
2026-04-16 07:00,inflow3,0.000000,
2026-04-16 08:00,inflow3,0.000000,
2026-04-16 09:00,inflow3,0.000000,
2026-04-16 10:00,inflow3,0.000000,
2026-04-16 11:00,inflow3,0.000000,
2026-04-16 12:00,inflow3,0.000000,
2026-04-16 13:00,inflow3,0.000000,
2026-04-16 14:00,inflow3,0.000000,
2026-04-16 15:00,inflow3,0.000000,
2026-04-16 16:00,inflow3,0.000000,
2026-04-16 17:00,inflow3,0.000000,
2026-04-16 18:00,inflow3,0.000000,
2026-04-16 19:00,inflow3,0.000000,
2026-04-16 20:00,inflow3,0.000000,
2026-04-16 21:00,inflow3,0.000000,
2026-04-16 22:00,inflow3,0.000000,
2026-04-16 23:00,inflow3,0.000000,
2026-04-17 00:00,inflow3,0.000000,
2026-04-17 01:00,inflow3,0.000000,
2026-04-17 02:00,inflow3,0.000000,
2026-04-17 03:00,inflow3,0.000000,
2026-04-17 04:00,inflow3,0.000000,
2026-04-17 05:00,inflow3,0.000000,
2026-04-17 06:00,inflow3,0.000000,
2026-04-17 07:00,inflow3,0.000000,
2026-04-17 08:00,inflow3,0.000000,
2026-04-17 09:00,inflow3,0.000000,
2026-04-17 10:00,inflow3,0.000000,
2026-04-17 11:00,inflow3,0.000000,
2026-04-17 12:00,inflow3,0.000000,
2026-04-17 13:00,inflow3,0.000000,
2026-04-17 14:00,inflow3,0.000000,
2026-04-17 15:00,inflow3,0.000000,
2026-04-17 16:00,inflow3,0.000000,
2026-04-17 17:00,inflow3,0.000000,
2026-04-17 18:00,inflow3,0.000000,
2026-04-17 19:00,inflow3,0.000000,
2026-04-17 20:00,inflow3,0.000000,
2026-04-17 21:00,inflow3,0.000000,
2026-04-17 22:00,inflow3,0.000000,
2026-04-17 23:00,inflow3,0.000000,
2026-04-18 00:00,inflow3,0.000000,
2026-04-18 01:00,inflow3,0.000000,
2026-04-18 02:00,inflow3,0.000000,
2026-04-18 03:00,inflow3,0.000000,
2026-04-18 04:00,inflow3,0.000000,
2026-04-18 05:00,inflow3,0.000000,
2026-04-18 06:00,inflow3,0.000000,
2026-04-18 07:00,inflow3,0.000000,
2026-04-18 08:00,inflow3,0.000000,
2026-04-18 09:00,inflow3,0.000000,
2026-04-18 10:00,inflow3,0.000000,
2026-04-18 11:00,inflow3,0.000000,
2026-04-18 12:00,inflow3,0.000000,
2026-04-18 13:00,inflow3,0.000000,
2026-04-18 14:00,inflow3,0.000000,
2026-04-18 15:00,inflow3,0.000000,
2026-04-18 16:00,inflow3,0.000000,
2026-04-18 17:00,inflow3,0.000000,
2026-04-18 18:00,inflow3,0.000000,
2026-04-18 19:00,inflow3,0.000000,
2026-04-18 20:00,inflow3,0.000000,
2026-04-18 21:00,inflow3,0.000000,
2026-04-18 22:00,inflow3,0.000000,
2026-04-18 23:00,inflow3,0.000000,
2026-04-19 00:00,inflow3,0.000000,
2026-04-19 01:00,inflow3,0.000000,
2026-04-19 02:00,inflow3,0.000000,
2026-04-19 03:00,inflow3,0.000000,
2026-04-19 04:00,inflow3,0.000000,
2026-04-19 05:00,inflow3,0.000000,
2026-04-19 06:00,inflow3,0.000000,
2026-04-19 07:00,inflow3,0.000000,
2026-04-19 08:00,inflow3,0.000000,
2026-04-19 09:00,inflow3,0.000000,
2026-04-19 10:00,inflow3,0.000000,
2026-04-19 11:00,inflow3,0.000000,
2026-04-19 12:00,inflow3,0.000000,
2026-04-19 13:00,inflow3,0.000000,
2026-04-19 14:00,inflow3,0.000000,
2026-04-19 15:00,inflow3,0.000000,
2026-04-19 16:00,inflow3,0.000000,
2026-04-19 17:00,inflow3,0.000000,
2026-04-19 18:00,inflow3,0.000000,
2026-04-19 19:00,inflow3,0.000000,
2026-04-19 20:00,inflow3,0.000000,
2026-04-19 21:00,inflow3,0.000000,
2026-04-19 22:00,inflow3,0.000000,
2026-04-19 23:00,inflow3,0.000000,
2026-04-20 00:00,inflow3,0.000000,
2026-04-20 01:00,inflow3,0.000000,
2026-04-20 02:00,inflow3,0.000000,
2026-04-20 03:00,inflow3,0.000000,
2026-04-20 04:00,inflow3,0.000000,
2026-04-20 05:00,inflow3,0.000000,
2026-04-20 06:00,inflow3,0.000000,
2026-04-20 07:00,inflow3,0.000000,
2026-04-20 08:00,inflow3,0.000000,
2026-04-20 09:00,inflow3,0.000000,
2026-04-20 10:00,inflow3,0.000000,
2026-04-20 11:00,inflow3,0.000000,
2026-04-20 12:00,inflow3,0.000000,
2026-04-20 13:00,inflow3,0.000000,
2026-04-20 14:00,inflow3,0.000000,
2026-04-20 15:00,inflow3,0.000000,
2026-04-20 16:00,inflow3,0.000000,
2026-04-20 17:00,inflow3,0.000000,
2026-04-20 18:00,inflow3,0.000000,
2026-04-20 19:00,inflow3,0.000000,
2026-04-20 20:00,inflow3,0.000000,
2026-04-20 21:00,inflow3,0.000000,
2026-04-20 22:00,inflow3,0.000000,
2026-04-20 23:00,inflow3,0.000000,
2026-04-14 00:00,inflow4,0.000000,
2026-04-14 01:00,inflow4,0.000000,
2026-04-14 02:00,inflow4,0.000000,
2026-04-14 03:00,inflow4,0.000000,
2026-04-14 04:00,inflow4,0.000000,
2026-04-14 05:00,inflow4,0.000000,
2026-04-14 06:00,inflow4,0.000000,
2026-04-14 07:00,inflow4,0.000000,
2026-04-14 08:00,inflow4,0.000000,
2026-04-14 09:00,inflow4,0.000000,
2026-04-14 10:00,inflow4,0.000000,
2026-04-14 11:00,inflow4,0.000000,
2026-04-14 12:00,inflow4,0.000000,
2026-04-14 13:00,inflow4,0.000000,
2026-04-14 14:00,inflow4,0.000000,
2026-04-14 15:00,inflow4,0.000000,
2026-04-14 16:00,inflow4,0.000000,
2026-04-14 17:00,inflow4,0.000000,
2026-04-14 18:00,inflow4,0.000000,
2026-04-14 19:00,inflow4,0.000000,
2026-04-14 20:00,inflow4,0.000000,
2026-04-14 21:00,inflow4,0.000000,
2026-04-14 22:00,inflow4,0.000000,
2026-04-14 23:00,inflow4,0.000000,
2026-04-15 00:00,inflow4,0.000000,
2026-04-15 01:00,inflow4,0.000000,
2026-04-15 02:00,inflow4,0.000000,
2026-04-15 03:00,inflow4,0.000000,
2026-04-15 04:00,inflow4,0.000000,
2026-04-15 05:00,inflow4,0.000000,
2026-04-15 06:00,inflow4,0.000000,
2026-04-15 07:00,inflow4,0.000000,
2026-04-15 08:00,inflow4,0.000000,
2026-04-15 09:00,inflow4,0.000000,
2026-04-15 10:00,inflow4,0.000000,
2026-04-15 11:00,inflow4,0.000000,
2026-04-15 12:00,inflow4,0.000000,
2026-04-15 13:00,inflow4,0.000000,
2026-04-15 14:00,inflow4,0.000000,
2026-04-15 15:00,inflow4,0.000000,
2026-04-15 16:00,inflow4,0.000000,
2026-04-15 17:00,inflow4,0.000000,
2026-04-15 18:00,inflow4,0.000000,
2026-04-15 19:00,inflow4,0.000000,
2026-04-15 20:00,inflow4,0.000000,
2026-04-15 21:00,inflow4,0.000000,
2026-04-15 22:00,inflow4,0.000000,
2026-04-15 23:00,inflow4,0.000000,
2026-04-16 00:00,inflow4,0.000000,
2026-04-16 01:00,inflow4,0.000000,
2026-04-16 02:00,inflow4,0.000000,
2026-04-16 03:00,inflow4,0.000000,
2026-04-16 04:00,inflow4,0.000000,
2026-04-16 05:00,inflow4,0.000000,
2026-04-16 06:00,inflow4,0.000000,
2026-04-16 07:00,inflow4,0.000000,
2026-04-16 08:00,inflow4,0.000000,
2026-04-16 09:00,inflow4,0.000000,
2026-04-16 10:00,inflow4,0.000000,
2026-04-16 11:00,inflow4,0.000000,
2026-04-16 12:00,inflow4,0.000000,
2026-04-16 13:00,inflow4,0.000000,
2026-04-16 14:00,inflow4,0.000000,
2026-04-16 15:00,inflow4,0.000000,
2026-04-16 16:00,inflow4,0.000000,
2026-04-16 17:00,inflow4,0.000000,
2026-04-16 18:00,inflow4,0.000000,
2026-04-16 19:00,inflow4,0.000000,
2026-04-16 20:00,inflow4,0.000000,
2026-04-16 21:00,inflow4,0.000000,
2026-04-16 22:00,inflow4,0.000000,
2026-04-16 23:00,inflow4,0.000000,
2026-04-17 00:00,inflow4,0.000000,
2026-04-17 01:00,inflow4,0.000000,
2026-04-17 02:00,inflow4,0.000000,
2026-04-17 03:00,inflow4,0.000000,
2026-04-17 04:00,inflow4,0.000000,
2026-04-17 05:00,inflow4,0.000000,
2026-04-17 06:00,inflow4,0.000000,
2026-04-17 07:00,inflow4,0.000000,
2026-04-17 08:00,inflow4,0.000000,
2026-04-17 09:00,inflow4,0.000000,
2026-04-17 10:00,inflow4,0.000000,
2026-04-17 11:00,inflow4,0.000000,
2026-04-17 12:00,inflow4,0.000000,
2026-04-17 13:00,inflow4,0.000000,
2026-04-17 14:00,inflow4,0.000000,
2026-04-17 15:00,inflow4,0.000000,
2026-04-17 16:00,inflow4,0.000000,
2026-04-17 17:00,inflow4,0.000000,
2026-04-17 18:00,inflow4,0.000000,
2026-04-17 19:00,inflow4,0.000000,
2026-04-17 20:00,inflow4,0.000000,
2026-04-17 21:00,inflow4,0.000000,
2026-04-17 22:00,inflow4,0.000000,
2026-04-17 23:00,inflow4,0.000000,
2026-04-18 00:00,inflow4,0.000000,
2026-04-18 01:00,inflow4,0.000000,
2026-04-18 02:00,inflow4,0.000000,
2026-04-18 03:00,inflow4,0.000000,
2026-04-18 04:00,inflow4,0.000000,
2026-04-18 05:00,inflow4,0.000000,
2026-04-18 06:00,inflow4,0.000000,
2026-04-18 07:00,inflow4,0.000000,
2026-04-18 08:00,inflow4,0.000000,
2026-04-18 09:00,inflow4,0.000000,
2026-04-18 10:00,inflow4,0.000000,
2026-04-18 11:00,inflow4,0.000000,
2026-04-18 12:00,inflow4,0.000000,
2026-04-18 13:00,inflow4,0.000000,
2026-04-18 14:00,inflow4,0.000000,
2026-04-18 15:00,inflow4,0.000000,
2026-04-18 16:00,inflow4,0.000000,
2026-04-18 17:00,inflow4,0.000000,
2026-04-18 18:00,inflow4,0.000000,
2026-04-18 19:00,inflow4,0.000000,
2026-04-18 20:00,inflow4,0.000000,
2026-04-18 21:00,inflow4,0.000000,
2026-04-18 22:00,inflow4,0.000000,
2026-04-18 23:00,inflow4,0.000000,
2026-04-19 00:00,inflow4,0.000000,
2026-04-19 01:00,inflow4,0.000000,
2026-04-19 02:00,inflow4,0.000000,
2026-04-19 03:00,inflow4,0.000000,
2026-04-19 04:00,inflow4,0.000000,
2026-04-19 05:00,inflow4,0.000000,
2026-04-19 06:00,inflow4,0.000000,
2026-04-19 07:00,inflow4,0.000000,
2026-04-19 08:00,inflow4,0.000000,
2026-04-19 09:00,inflow4,0.000000,
2026-04-19 10:00,inflow4,0.000000,
2026-04-19 11:00,inflow4,0.000000,
2026-04-19 12:00,inflow4,0.000000,
2026-04-19 13:00,inflow4,0.000000,
2026-04-19 14:00,inflow4,0.000000,
2026-04-19 15:00,inflow4,0.000000,
2026-04-19 16:00,inflow4,0.000000,
2026-04-19 17:00,inflow4,0.000000,
2026-04-19 18:00,inflow4,0.000000,
2026-04-19 19:00,inflow4,0.000000,
2026-04-19 20:00,inflow4,0.000000,
2026-04-19 21:00,inflow4,0.000000,
2026-04-19 22:00,inflow4,0.000000,
2026-04-19 23:00,inflow4,0.000000,
2026-04-20 00:00,inflow4,0.000000,
2026-04-20 01:00,inflow4,0.000000,
2026-04-20 02:00,inflow4,0.000000,
2026-04-20 03:00,inflow4,0.000000,
2026-04-20 04:00,inflow4,0.000000,
2026-04-20 05:00,inflow4,0.000000,
2026-04-20 06:00,inflow4,0.000000,
2026-04-20 07:00,inflow4,0.000000,
2026-04-20 08:00,inflow4,0.000000,
2026-04-20 09:00,inflow4,0.000000,
2026-04-20 10:00,inflow4,0.000000,
2026-04-20 11:00,inflow4,0.000000,
2026-04-20 12:00,inflow4,0.000000,
2026-04-20 13:00,inflow4,0.000000,
2026-04-20 14:00,inflow4,0.000000,
2026-04-20 15:00,inflow4,0.000000,
2026-04-20 16:00,inflow4,0.000000,
2026-04-20 17:00,inflow4,0.000000,
2026-04-20 18:00,inflow4,0.000000,
2026-04-20 19:00,inflow4,0.000000,
2026-04-20 20:00,inflow4,0.000000,
2026-04-20 21:00,inflow4,0.000000,
2026-04-20 22:00,inflow4,0.000000,
2026-04-20 23:00,inflow4,0.000000,
2026-04-14 00:00,inflow5,0.000000,
2026-04-14 01:00,inflow5,0.000000,
2026-04-14 02:00,inflow5,0.000000,
2026-04-14 03:00,inflow5,0.000000,
2026-04-14 04:00,inflow5,0.000000,
2026-04-14 05:00,inflow5,0.000000,
2026-04-14 06:00,inflow5,0.000000,
2026-04-14 07:00,inflow5,0.000000,
2026-04-14 08:00,inflow5,0.000000,
2026-04-14 09:00,inflow5,0.000000,
2026-04-14 10:00,inflow5,0.000000,
2026-04-14 11:00,inflow5,0.000000,
2026-04-14 12:00,inflow5,0.000000,
2026-04-14 13:00,inflow5,0.000000,
2026-04-14 14:00,inflow5,0.000000,
2026-04-14 15:00,inflow5,0.000000,
2026-04-14 16:00,inflow5,0.000000,
2026-04-14 17:00,inflow5,0.000000,
2026-04-14 18:00,inflow5,0.000000,
2026-04-14 19:00,inflow5,0.000000,
2026-04-14 20:00,inflow5,0.000000,
2026-04-14 21:00,inflow5,0.000000,
2026-04-14 22:00,inflow5,0.000000,
2026-04-14 23:00,inflow5,0.000000,
2026-04-15 00:00,inflow5,0.000000,
2026-04-15 01:00,inflow5,0.000000,
2026-04-15 02:00,inflow5,0.000000,
2026-04-15 03:00,inflow5,0.000000,
2026-04-15 04:00,inflow5,0.000000,
2026-04-15 05:00,inflow5,0.000000,
2026-04-15 06:00,inflow5,0.000000,
2026-04-15 07:00,inflow5,0.000000,
2026-04-15 08:00,inflow5,0.000000,
2026-04-15 09:00,inflow5,0.000000,
2026-04-15 10:00,inflow5,0.000000,
2026-04-15 11:00,inflow5,0.000000,
2026-04-15 12:00,inflow5,0.000000,
2026-04-15 13:00,inflow5,0.000000,
2026-04-15 14:00,inflow5,0.000000,
2026-04-15 15:00,inflow5,0.000000,
2026-04-15 16:00,inflow5,0.000000,
2026-04-15 17:00,inflow5,0.000000,
2026-04-15 18:00,inflow5,0.000000,
2026-04-15 19:00,inflow5,0.000000,
2026-04-15 20:00,inflow5,0.000000,
2026-04-15 21:00,inflow5,0.000000,
2026-04-15 22:00,inflow5,0.000000,
2026-04-15 23:00,inflow5,0.000000,
2026-04-16 00:00,inflow5,0.000000,
2026-04-16 01:00,inflow5,0.000000,
2026-04-16 02:00,inflow5,0.000000,
2026-04-16 03:00,inflow5,0.000000,
2026-04-16 04:00,inflow5,0.000000,
2026-04-16 05:00,inflow5,0.000000,
2026-04-16 06:00,inflow5,0.000000,
2026-04-16 07:00,inflow5,0.000000,
2026-04-16 08:00,inflow5,0.000000,
2026-04-16 09:00,inflow5,0.000000,
2026-04-16 10:00,inflow5,0.000000,
2026-04-16 11:00,inflow5,0.000000,
2026-04-16 12:00,inflow5,0.000000,
2026-04-16 13:00,inflow5,0.000000,
2026-04-16 14:00,inflow5,0.000000,
2026-04-16 15:00,inflow5,0.000000,
2026-04-16 16:00,inflow5,0.000000,
2026-04-16 17:00,inflow5,0.000000,
2026-04-16 18:00,inflow5,0.000000,
2026-04-16 19:00,inflow5,0.000000,
2026-04-16 20:00,inflow5,0.000000,
2026-04-16 21:00,inflow5,0.000000,
2026-04-16 22:00,inflow5,0.000000,
2026-04-16 23:00,inflow5,0.000000,
2026-04-17 00:00,inflow5,0.000000,
2026-04-17 01:00,inflow5,0.000000,
2026-04-17 02:00,inflow5,0.000000,
2026-04-17 03:00,inflow5,0.000000,
2026-04-17 04:00,inflow5,0.000000,
2026-04-17 05:00,inflow5,0.000000,
2026-04-17 06:00,inflow5,0.000000,
2026-04-17 07:00,inflow5,0.000000,
2026-04-17 08:00,inflow5,0.000000,
2026-04-17 09:00,inflow5,0.000000,
2026-04-17 10:00,inflow5,0.000000,
2026-04-17 11:00,inflow5,0.000000,
2026-04-17 12:00,inflow5,0.000000,
2026-04-17 13:00,inflow5,0.000000,
2026-04-17 14:00,inflow5,0.000000,
2026-04-17 15:00,inflow5,0.000000,
2026-04-17 16:00,inflow5,0.000000,
2026-04-17 17:00,inflow5,0.000000,
2026-04-17 18:00,inflow5,0.000000,
2026-04-17 19:00,inflow5,0.000000,
2026-04-17 20:00,inflow5,0.000000,
2026-04-17 21:00,inflow5,0.000000,
2026-04-17 22:00,inflow5,0.000000,
2026-04-17 23:00,inflow5,0.000000,
2026-04-18 00:00,inflow5,0.000000,
2026-04-18 01:00,inflow5,0.000000,
2026-04-18 02:00,inflow5,0.000000,
2026-04-18 03:00,inflow5,0.000000,
2026-04-18 04:00,inflow5,0.000000,
2026-04-18 05:00,inflow5,0.000000,
2026-04-18 06:00,inflow5,0.000000,
2026-04-18 07:00,inflow5,0.000000,
2026-04-18 08:00,inflow5,0.000000,
2026-04-18 09:00,inflow5,0.000000,
2026-04-18 10:00,inflow5,0.000000,
2026-04-18 11:00,inflow5,0.000000,
2026-04-18 12:00,inflow5,0.000000,
2026-04-18 13:00,inflow5,0.000000,
2026-04-18 14:00,inflow5,0.000000,
2026-04-18 15:00,inflow5,0.000000,
2026-04-18 16:00,inflow5,0.000000,
2026-04-18 17:00,inflow5,0.000000,
2026-04-18 18:00,inflow5,0.000000,
2026-04-18 19:00,inflow5,0.000000,
2026-04-18 20:00,inflow5,0.000000,
2026-04-18 21:00,inflow5,0.000000,
2026-04-18 22:00,inflow5,0.000000,
2026-04-18 23:00,inflow5,0.000000,
2026-04-19 00:00,inflow5,0.000000,
2026-04-19 01:00,inflow5,0.000000,
2026-04-19 02:00,inflow5,0.000000,
2026-04-19 03:00,inflow5,0.000000,
2026-04-19 04:00,inflow5,0.000000,
2026-04-19 05:00,inflow5,0.000000,
2026-04-19 06:00,inflow5,0.000000,
2026-04-19 07:00,inflow5,0.000000,
2026-04-19 08:00,inflow5,0.000000,
2026-04-19 09:00,inflow5,0.000000,
2026-04-19 10:00,inflow5,0.000000,
2026-04-19 11:00,inflow5,0.000000,
2026-04-19 12:00,inflow5,0.000000,
2026-04-19 13:00,inflow5,0.000000,
2026-04-19 14:00,inflow5,0.000000,
2026-04-19 15:00,inflow5,0.000000,
2026-04-19 16:00,inflow5,0.000000,
2026-04-19 17:00,inflow5,0.000000,
2026-04-19 18:00,inflow5,0.000000,
2026-04-19 19:00,inflow5,0.000000,
2026-04-19 20:00,inflow5,0.000000,
2026-04-19 21:00,inflow5,0.000000,
2026-04-19 22:00,inflow5,0.000000,
2026-04-19 23:00,inflow5,0.000000,
2026-04-20 00:00,inflow5,0.000000,
2026-04-20 01:00,inflow5,0.000000,
2026-04-20 02:00,inflow5,0.000000,
2026-04-20 03:00,inflow5,0.000000,
2026-04-20 04:00,inflow5,0.000000,
2026-04-20 05:00,inflow5,0.000000,
2026-04-20 06:00,inflow5,0.000000,
2026-04-20 07:00,inflow5,0.000000,
2026-04-20 08:00,inflow5,0.000000,
2026-04-20 09:00,inflow5,0.000000,
2026-04-20 10:00,inflow5,0.000000,
2026-04-20 11:00,inflow5,0.000000,
2026-04-20 12:00,inflow5,0.000000,
2026-04-20 13:00,inflow5,0.000000,
2026-04-20 14:00,inflow5,0.000000,
2026-04-20 15:00,inflow5,0.000000,
2026-04-20 16:00,inflow5,0.000000,
2026-04-20 17:00,inflow5,0.000000,
2026-04-20 18:00,inflow5,0.000000,
2026-04-20 19:00,inflow5,0.000000,
2026-04-20 20:00,inflow5,0.000000,
2026-04-20 21:00,inflow5,0.000000,
2026-04-20 22:00,inflow5,0.000000,
2026-04-20 23:00,inflow5,0.000000,
2026-04-14 00:00,inflow6,0.000000,
2026-04-14 01:00,inflow6,0.000000,
2026-04-14 02:00,inflow6,0.000000,
2026-04-14 03:00,inflow6,0.000000,
2026-04-14 04:00,inflow6,0.000000,
2026-04-14 05:00,inflow6,0.000000,
2026-04-14 06:00,inflow6,0.000000,
2026-04-14 07:00,inflow6,0.000000,
2026-04-14 08:00,inflow6,0.000000,
2026-04-14 09:00,inflow6,0.000000,
2026-04-14 10:00,inflow6,0.000000,
2026-04-14 11:00,inflow6,0.000000,
2026-04-14 12:00,inflow6,0.000000,
2026-04-14 13:00,inflow6,0.000000,
2026-04-14 14:00,inflow6,0.000000,
2026-04-14 15:00,inflow6,0.000000,
2026-04-14 16:00,inflow6,0.000000,
2026-04-14 17:00,inflow6,0.000000,
2026-04-14 18:00,inflow6,0.000000,
2026-04-14 19:00,inflow6,0.000000,
2026-04-14 20:00,inflow6,0.000000,
2026-04-14 21:00,inflow6,0.000000,
2026-04-14 22:00,inflow6,0.000000,
2026-04-14 23:00,inflow6,0.000000,
2026-04-15 00:00,inflow6,0.000000,
2026-04-15 01:00,inflow6,0.000000,
2026-04-15 02:00,inflow6,0.000000,
2026-04-15 03:00,inflow6,0.000000,
2026-04-15 04:00,inflow6,0.000000,
2026-04-15 05:00,inflow6,0.000000,
2026-04-15 06:00,inflow6,0.000000,
2026-04-15 07:00,inflow6,0.000000,
2026-04-15 08:00,inflow6,0.000000,
2026-04-15 09:00,inflow6,0.000000,
2026-04-15 10:00,inflow6,0.000000,
2026-04-15 11:00,inflow6,0.000000,
2026-04-15 12:00,inflow6,0.000000,
2026-04-15 13:00,inflow6,0.000000,
2026-04-15 14:00,inflow6,0.000000,
2026-04-15 15:00,inflow6,0.000000,
2026-04-15 16:00,inflow6,0.000000,
2026-04-15 17:00,inflow6,0.000000,
2026-04-15 18:00,inflow6,0.000000,
2026-04-15 19:00,inflow6,0.000000,
2026-04-15 20:00,inflow6,0.000000,
2026-04-15 21:00,inflow6,0.000000,
2026-04-15 22:00,inflow6,0.000000,
2026-04-15 23:00,inflow6,0.000000,
2026-04-16 00:00,inflow6,0.000000,
2026-04-16 01:00,inflow6,0.000000,
2026-04-16 02:00,inflow6,0.000000,
2026-04-16 03:00,inflow6,0.000000,
2026-04-16 04:00,inflow6,0.000000,
2026-04-16 05:00,inflow6,0.000000,
2026-04-16 06:00,inflow6,0.000000,
2026-04-16 07:00,inflow6,0.000000,
2026-04-16 08:00,inflow6,0.000000,
2026-04-16 09:00,inflow6,0.000000,
2026-04-16 10:00,inflow6,0.000000,
2026-04-16 11:00,inflow6,0.000000,
2026-04-16 12:00,inflow6,0.000000,
2026-04-16 13:00,inflow6,0.000000,
2026-04-16 14:00,inflow6,0.000000,
2026-04-16 15:00,inflow6,0.000000,
2026-04-16 16:00,inflow6,0.000000,
2026-04-16 17:00,inflow6,0.000000,
2026-04-16 18:00,inflow6,0.000000,
2026-04-16 19:00,inflow6,0.000000,
2026-04-16 20:00,inflow6,0.000000,
2026-04-16 21:00,inflow6,0.000000,
2026-04-16 22:00,inflow6,0.000000,
2026-04-16 23:00,inflow6,0.000000,
2026-04-17 00:00,inflow6,0.000000,
2026-04-17 01:00,inflow6,0.000000,
2026-04-17 02:00,inflow6,0.000000,
2026-04-17 03:00,inflow6,0.000000,
2026-04-17 04:00,inflow6,0.000000,
2026-04-17 05:00,inflow6,0.000000,
2026-04-17 06:00,inflow6,0.000000,
2026-04-17 07:00,inflow6,0.000000,
2026-04-17 08:00,inflow6,0.000000,
2026-04-17 09:00,inflow6,0.000000,
2026-04-17 10:00,inflow6,0.000000,
2026-04-17 11:00,inflow6,0.000000,
2026-04-17 12:00,inflow6,0.000000,
2026-04-17 13:00,inflow6,0.000000,
2026-04-17 14:00,inflow6,0.000000,
2026-04-17 15:00,inflow6,0.000000,
2026-04-17 16:00,inflow6,0.000000,
2026-04-17 17:00,inflow6,0.000000,
2026-04-17 18:00,inflow6,0.000000,
2026-04-17 19:00,inflow6,0.000000,
2026-04-17 20:00,inflow6,0.000000,
2026-04-17 21:00,inflow6,0.000000,
2026-04-17 22:00,inflow6,0.000000,
2026-04-17 23:00,inflow6,0.000000,
2026-04-18 00:00,inflow6,0.000000,
2026-04-18 01:00,inflow6,0.000000,
2026-04-18 02:00,inflow6,0.000000,
2026-04-18 03:00,inflow6,0.000000,
2026-04-18 04:00,inflow6,0.000000,
2026-04-18 05:00,inflow6,0.000000,
2026-04-18 06:00,inflow6,0.000000,
2026-04-18 07:00,inflow6,0.000000,
2026-04-18 08:00,inflow6,0.000000,
2026-04-18 09:00,inflow6,0.000000,
2026-04-18 10:00,inflow6,0.000000,
2026-04-18 11:00,inflow6,0.000000,
2026-04-18 12:00,inflow6,0.000000,
2026-04-18 13:00,inflow6,0.000000,
2026-04-18 14:00,inflow6,0.000000,
2026-04-18 15:00,inflow6,0.000000,
2026-04-18 16:00,inflow6,0.000000,
2026-04-18 17:00,inflow6,0.000000,
2026-04-18 18:00,inflow6,0.000000,
2026-04-18 19:00,inflow6,0.000000,
2026-04-18 20:00,inflow6,0.000000,
2026-04-18 21:00,inflow6,0.000000,
2026-04-18 22:00,inflow6,0.000000,
2026-04-18 23:00,inflow6,0.000000,
2026-04-19 00:00,inflow6,0.000000,
2026-04-19 01:00,inflow6,0.000000,
2026-04-19 02:00,inflow6,0.000000,
2026-04-19 03:00,inflow6,0.000000,
2026-04-19 04:00,inflow6,0.000000,
2026-04-19 05:00,inflow6,0.000000,
2026-04-19 06:00,inflow6,0.000000,
2026-04-19 07:00,inflow6,0.000000,
2026-04-19 08:00,inflow6,0.000000,
2026-04-19 09:00,inflow6,0.000000,
2026-04-19 10:00,inflow6,0.000000,
2026-04-19 11:00,inflow6,0.000000,
2026-04-19 12:00,inflow6,0.000000,
2026-04-19 13:00,inflow6,0.000000,
2026-04-19 14:00,inflow6,0.000000,
2026-04-19 15:00,inflow6,0.000000,
2026-04-19 16:00,inflow6,0.000000,
2026-04-19 17:00,inflow6,0.000000,
2026-04-19 18:00,inflow6,0.000000,
2026-04-19 19:00,inflow6,0.000000,
2026-04-19 20:00,inflow6,0.000000,
2026-04-19 21:00,inflow6,0.000000,
2026-04-19 22:00,inflow6,0.000000,
2026-04-19 23:00,inflow6,0.000000,
2026-04-20 00:00,inflow6,0.000000,
2026-04-20 01:00,inflow6,0.000000,
2026-04-20 02:00,inflow6,0.000000,
2026-04-20 03:00,inflow6,0.000000,
2026-04-20 04:00,inflow6,0.000000,
2026-04-20 05:00,inflow6,0.000000,
2026-04-20 06:00,inflow6,0.000000,
2026-04-20 07:00,inflow6,0.000000,
2026-04-20 08:00,inflow6,0.000000,
2026-04-20 09:00,inflow6,0.000000,
2026-04-20 10:00,inflow6,0.000000,
2026-04-20 11:00,inflow6,0.000000,
2026-04-20 12:00,inflow6,0.000000,
2026-04-20 13:00,inflow6,0.000000,
2026-04-20 14:00,inflow6,0.000000,
2026-04-20 15:00,inflow6,0.000000,
2026-04-20 16:00,inflow6,0.000000,
2026-04-20 17:00,inflow6,0.000000,
2026-04-20 18:00,inflow6,0.000000,
2026-04-20 19:00,inflow6,0.000000,
2026-04-20 20:00,inflow6,0.000000,
2026-04-20 21:00,inflow6,0.000000,
2026-04-20 22:00,inflow6,0.000000,
2026-04-20 23:00,inflow6,0.000000,
2026-04-14 00:00,inflow7,0.000000,
2026-04-14 01:00,inflow7,0.000000,
2026-04-14 02:00,inflow7,0.000000,
2026-04-14 03:00,inflow7,0.000000,
2026-04-14 04:00,inflow7,0.000000,
2026-04-14 05:00,inflow7,0.000000,
2026-04-14 06:00,inflow7,0.000000,
2026-04-14 07:00,inflow7,0.000000,
2026-04-14 08:00,inflow7,0.000000,
2026-04-14 09:00,inflow7,0.000000,
2026-04-14 10:00,inflow7,0.000000,
2026-04-14 11:00,inflow7,0.000000,
2026-04-14 12:00,inflow7,0.000000,
2026-04-14 13:00,inflow7,0.000000,
2026-04-14 14:00,inflow7,0.000000,
2026-04-14 15:00,inflow7,0.000000,
2026-04-14 16:00,inflow7,0.000000,
2026-04-14 17:00,inflow7,0.000000,
2026-04-14 18:00,inflow7,0.000000,
2026-04-14 19:00,inflow7,0.000000,
2026-04-14 20:00,inflow7,0.000000,
2026-04-14 21:00,inflow7,0.000000,
2026-04-14 22:00,inflow7,0.000000,
2026-04-14 23:00,inflow7,0.000000,
2026-04-15 00:00,inflow7,0.000000,
2026-04-15 01:00,inflow7,0.000000,
2026-04-15 02:00,inflow7,0.000000,
2026-04-15 03:00,inflow7,0.000000,
2026-04-15 04:00,inflow7,0.000000,
2026-04-15 05:00,inflow7,0.000000,
2026-04-15 06:00,inflow7,0.000000,
2026-04-15 07:00,inflow7,0.000000,
2026-04-15 08:00,inflow7,0.000000,
2026-04-15 09:00,inflow7,0.000000,
2026-04-15 10:00,inflow7,0.000000,
2026-04-15 11:00,inflow7,0.000000,
2026-04-15 12:00,inflow7,0.000000,
2026-04-15 13:00,inflow7,0.000000,
2026-04-15 14:00,inflow7,0.000000,
2026-04-15 15:00,inflow7,0.000000,
2026-04-15 16:00,inflow7,0.000000,
2026-04-15 17:00,inflow7,0.000000,
2026-04-15 18:00,inflow7,0.000000,
2026-04-15 19:00,inflow7,0.000000,
2026-04-15 20:00,inflow7,0.000000,
2026-04-15 21:00,inflow7,0.000000,
2026-04-15 22:00,inflow7,0.000000,
2026-04-15 23:00,inflow7,0.000000,
2026-04-16 00:00,inflow7,0.000000,
2026-04-16 01:00,inflow7,0.000000,
2026-04-16 02:00,inflow7,0.000000,
2026-04-16 03:00,inflow7,0.000000,
2026-04-16 04:00,inflow7,0.000000,
2026-04-16 05:00,inflow7,0.000000,
2026-04-16 06:00,inflow7,0.000000,
2026-04-16 07:00,inflow7,0.000000,
2026-04-16 08:00,inflow7,0.000000,
2026-04-16 09:00,inflow7,0.000000,
2026-04-16 10:00,inflow7,0.000000,
2026-04-16 11:00,inflow7,0.000000,
2026-04-16 12:00,inflow7,0.000000,
2026-04-16 13:00,inflow7,0.000000,
2026-04-16 14:00,inflow7,0.000000,
2026-04-16 15:00,inflow7,0.000000,
2026-04-16 16:00,inflow7,0.000000,
2026-04-16 17:00,inflow7,0.000000,
2026-04-16 18:00,inflow7,0.000000,
2026-04-16 19:00,inflow7,0.000000,
2026-04-16 20:00,inflow7,0.000000,
2026-04-16 21:00,inflow7,0.000000,
2026-04-16 22:00,inflow7,0.000000,
2026-04-16 23:00,inflow7,0.000000,
2026-04-17 00:00,inflow7,0.000000,
2026-04-17 01:00,inflow7,0.000000,
2026-04-17 02:00,inflow7,0.000000,
2026-04-17 03:00,inflow7,0.000000,
2026-04-17 04:00,inflow7,0.000000,
2026-04-17 05:00,inflow7,0.000000,
2026-04-17 06:00,inflow7,0.000000,
2026-04-17 07:00,inflow7,0.000000,
2026-04-17 08:00,inflow7,0.000000,
2026-04-17 09:00,inflow7,0.000000,
2026-04-17 10:00,inflow7,0.000000,
2026-04-17 11:00,inflow7,0.000000,
2026-04-17 12:00,inflow7,0.000000,
2026-04-17 13:00,inflow7,0.000000,
2026-04-17 14:00,inflow7,0.000000,
2026-04-17 15:00,inflow7,0.000000,
2026-04-17 16:00,inflow7,0.000000,
2026-04-17 17:00,inflow7,0.000000,
2026-04-17 18:00,inflow7,0.000000,
2026-04-17 19:00,inflow7,0.000000,
2026-04-17 20:00,inflow7,0.000000,
2026-04-17 21:00,inflow7,0.000000,
2026-04-17 22:00,inflow7,0.000000,
2026-04-17 23:00,inflow7,0.000000,
2026-04-18 00:00,inflow7,0.000000,
2026-04-18 01:00,inflow7,0.000000,
2026-04-18 02:00,inflow7,0.000000,
2026-04-18 03:00,inflow7,0.000000,
2026-04-18 04:00,inflow7,0.000000,
2026-04-18 05:00,inflow7,0.000000,
2026-04-18 06:00,inflow7,0.000000,
2026-04-18 07:00,inflow7,0.000000,
2026-04-18 08:00,inflow7,0.000000,
2026-04-18 09:00,inflow7,0.000000,
2026-04-18 10:00,inflow7,0.000000,
2026-04-18 11:00,inflow7,0.000000,
2026-04-18 12:00,inflow7,0.000000,
2026-04-18 13:00,inflow7,0.000000,
2026-04-18 14:00,inflow7,0.000000,
2026-04-18 15:00,inflow7,0.000000,
2026-04-18 16:00,inflow7,0.000000,
2026-04-18 17:00,inflow7,0.000000,
2026-04-18 18:00,inflow7,0.000000,
2026-04-18 19:00,inflow7,0.000000,
2026-04-18 20:00,inflow7,0.000000,
2026-04-18 21:00,inflow7,0.000000,
2026-04-18 22:00,inflow7,0.000000,
2026-04-18 23:00,inflow7,0.000000,
2026-04-19 00:00,inflow7,0.000000,
2026-04-19 01:00,inflow7,0.000000,
2026-04-19 02:00,inflow7,0.000000,
2026-04-19 03:00,inflow7,0.000000,
2026-04-19 04:00,inflow7,0.000000,
2026-04-19 05:00,inflow7,0.000000,
2026-04-19 06:00,inflow7,0.000000,
2026-04-19 07:00,inflow7,0.000000,
2026-04-19 08:00,inflow7,0.000000,
2026-04-19 09:00,inflow7,0.000000,
2026-04-19 10:00,inflow7,0.000000,
2026-04-19 11:00,inflow7,0.000000,
2026-04-19 12:00,inflow7,0.000000,
2026-04-19 13:00,inflow7,0.000000,
2026-04-19 14:00,inflow7,0.000000,
2026-04-19 15:00,inflow7,0.000000,
2026-04-19 16:00,inflow7,0.000000,
2026-04-19 17:00,inflow7,0.000000,
2026-04-19 18:00,inflow7,0.000000,
2026-04-19 19:00,inflow7,0.000000,
2026-04-19 20:00,inflow7,0.000000,
2026-04-19 21:00,inflow7,0.000000,
2026-04-19 22:00,inflow7,0.000000,
2026-04-19 23:00,inflow7,0.000000,
2026-04-20 00:00,inflow7,0.000000,
2026-04-20 01:00,inflow7,0.000000,
2026-04-20 02:00,inflow7,0.000000,
2026-04-20 03:00,inflow7,0.000000,
2026-04-20 04:00,inflow7,0.000000,
2026-04-20 05:00,inflow7,0.000000,
2026-04-20 06:00,inflow7,0.000000,
2026-04-20 07:00,inflow7,0.000000,
2026-04-20 08:00,inflow7,0.000000,
2026-04-20 09:00,inflow7,0.000000,
2026-04-20 10:00,inflow7,0.000000,
2026-04-20 11:00,inflow7,0.000000,
2026-04-20 12:00,inflow7,0.000000,
2026-04-20 13:00,inflow7,0.000000,
2026-04-20 14:00,inflow7,0.000000,
2026-04-20 15:00,inflow7,0.000000,
2026-04-20 16:00,inflow7,0.000000,
2026-04-20 17:00,inflow7,0.000000,
2026-04-20 18:00,inflow7,0.000000,
2026-04-20 19:00,inflow7,0.000000,
2026-04-20 20:00,inflow7,0.000000,
2026-04-20 21:00,inflow7,0.000000,
2026-04-20 22:00,inflow7,0.000000,
2026-04-20 23:00,inflow7,0.000000,
2026-04-14 00:00,inflow8,0.000000,
2026-04-14 01:00,inflow8,0.000000,
2026-04-14 02:00,inflow8,0.000000,
2026-04-14 03:00,inflow8,0.000000,
2026-04-14 04:00,inflow8,0.000000,
2026-04-14 05:00,inflow8,0.000000,
2026-04-14 06:00,inflow8,0.000000,
2026-04-14 07:00,inflow8,0.000000,
2026-04-14 08:00,inflow8,0.000000,
2026-04-14 09:00,inflow8,0.000000,
2026-04-14 10:00,inflow8,0.000000,
2026-04-14 11:00,inflow8,0.000000,
2026-04-14 12:00,inflow8,0.000000,
2026-04-14 13:00,inflow8,0.000000,
2026-04-14 14:00,inflow8,0.000000,
2026-04-14 15:00,inflow8,0.000000,
2026-04-14 16:00,inflow8,0.000000,
2026-04-14 17:00,inflow8,0.000000,
2026-04-14 18:00,inflow8,0.000000,
2026-04-14 19:00,inflow8,0.000000,
2026-04-14 20:00,inflow8,0.000000,
2026-04-14 21:00,inflow8,0.000000,
2026-04-14 22:00,inflow8,0.000000,
2026-04-14 23:00,inflow8,0.000000,
2026-04-15 00:00,inflow8,0.000000,
2026-04-15 01:00,inflow8,0.000000,
2026-04-15 02:00,inflow8,0.000000,
2026-04-15 03:00,inflow8,0.000000,
2026-04-15 04:00,inflow8,0.000000,
2026-04-15 05:00,inflow8,0.000000,
2026-04-15 06:00,inflow8,0.000000,
2026-04-15 07:00,inflow8,0.000000,
2026-04-15 08:00,inflow8,0.000000,
2026-04-15 09:00,inflow8,0.000000,
2026-04-15 10:00,inflow8,0.000000,
2026-04-15 11:00,inflow8,0.000000,
2026-04-15 12:00,inflow8,0.000000,
2026-04-15 13:00,inflow8,0.000000,
2026-04-15 14:00,inflow8,0.000000,
2026-04-15 15:00,inflow8,0.000000,
2026-04-15 16:00,inflow8,0.000000,
2026-04-15 17:00,inflow8,0.000000,
2026-04-15 18:00,inflow8,0.000000,
2026-04-15 19:00,inflow8,0.000000,
2026-04-15 20:00,inflow8,0.000000,
2026-04-15 21:00,inflow8,0.000000,
2026-04-15 22:00,inflow8,0.000000,
2026-04-15 23:00,inflow8,0.000000,
2026-04-16 00:00,inflow8,0.000000,
2026-04-16 01:00,inflow8,0.000000,
2026-04-16 02:00,inflow8,0.000000,
2026-04-16 03:00,inflow8,0.000000,
2026-04-16 04:00,inflow8,0.000000,
2026-04-16 05:00,inflow8,0.000000,
2026-04-16 06:00,inflow8,0.000000,
2026-04-16 07:00,inflow8,0.000000,
2026-04-16 08:00,inflow8,0.000000,
2026-04-16 09:00,inflow8,0.000000,
2026-04-16 10:00,inflow8,0.000000,
2026-04-16 11:00,inflow8,0.000000,
2026-04-16 12:00,inflow8,0.000000,
2026-04-16 13:00,inflow8,0.000000,
2026-04-16 14:00,inflow8,0.000000,
2026-04-16 15:00,inflow8,0.000000,
2026-04-16 16:00,inflow8,0.000000,
2026-04-16 17:00,inflow8,0.000000,
2026-04-16 18:00,inflow8,0.000000,
2026-04-16 19:00,inflow8,0.000000,
2026-04-16 20:00,inflow8,0.000000,
2026-04-16 21:00,inflow8,0.000000,
2026-04-16 22:00,inflow8,0.000000,
2026-04-16 23:00,inflow8,0.000000,
2026-04-17 00:00,inflow8,0.000000,
2026-04-17 01:00,inflow8,0.000000,
2026-04-17 02:00,inflow8,0.000000,
2026-04-17 03:00,inflow8,0.000000,
2026-04-17 04:00,inflow8,0.000000,
2026-04-17 05:00,inflow8,0.000000,
2026-04-17 06:00,inflow8,0.000000,
2026-04-17 07:00,inflow8,0.000000,
2026-04-17 08:00,inflow8,0.000000,
2026-04-17 09:00,inflow8,0.000000,
2026-04-17 10:00,inflow8,0.000000,
2026-04-17 11:00,inflow8,0.000000,
2026-04-17 12:00,inflow8,0.000000,
2026-04-17 13:00,inflow8,0.000000,
2026-04-17 14:00,inflow8,0.000000,
2026-04-17 15:00,inflow8,0.000000,
2026-04-17 16:00,inflow8,0.000000,
2026-04-17 17:00,inflow8,0.000000,
2026-04-17 18:00,inflow8,0.000000,
2026-04-17 19:00,inflow8,0.000000,
2026-04-17 20:00,inflow8,0.000000,
2026-04-17 21:00,inflow8,0.000000,
2026-04-17 22:00,inflow8,0.000000,
2026-04-17 23:00,inflow8,0.000000,
2026-04-18 00:00,inflow8,0.000000,
2026-04-18 01:00,inflow8,0.000000,
2026-04-18 02:00,inflow8,0.000000,
2026-04-18 03:00,inflow8,0.000000,
2026-04-18 04:00,inflow8,0.000000,
2026-04-18 05:00,inflow8,0.000000,
2026-04-18 06:00,inflow8,0.000000,
2026-04-18 07:00,inflow8,0.000000,
2026-04-18 08:00,inflow8,0.000000,
2026-04-18 09:00,inflow8,0.000000,
2026-04-18 10:00,inflow8,0.000000,
2026-04-18 11:00,inflow8,0.000000,
2026-04-18 12:00,inflow8,0.000000,
2026-04-18 13:00,inflow8,0.000000,
2026-04-18 14:00,inflow8,0.000000,
2026-04-18 15:00,inflow8,0.000000,
2026-04-18 16:00,inflow8,0.000000,
2026-04-18 17:00,inflow8,0.000000,
2026-04-18 18:00,inflow8,0.000000,
2026-04-18 19:00,inflow8,0.000000,
2026-04-18 20:00,inflow8,0.000000,
2026-04-18 21:00,inflow8,0.000000,
2026-04-18 22:00,inflow8,0.000000,
2026-04-18 23:00,inflow8,0.000000,
2026-04-19 00:00,inflow8,0.000000,
2026-04-19 01:00,inflow8,0.000000,
2026-04-19 02:00,inflow8,0.000000,
2026-04-19 03:00,inflow8,0.000000,
2026-04-19 04:00,inflow8,0.000000,
2026-04-19 05:00,inflow8,0.000000,
2026-04-19 06:00,inflow8,0.000000,
2026-04-19 07:00,inflow8,0.000000,
2026-04-19 08:00,inflow8,0.000000,
2026-04-19 09:00,inflow8,0.000000,
2026-04-19 10:00,inflow8,0.000000,
2026-04-19 11:00,inflow8,0.000000,
2026-04-19 12:00,inflow8,0.000000,
2026-04-19 13:00,inflow8,0.000000,
2026-04-19 14:00,inflow8,0.000000,
2026-04-19 15:00,inflow8,0.000000,
2026-04-19 16:00,inflow8,0.000000,
2026-04-19 17:00,inflow8,0.000000,
2026-04-19 18:00,inflow8,0.000000,
2026-04-19 19:00,inflow8,0.000000,
2026-04-19 20:00,inflow8,0.000000,
2026-04-19 21:00,inflow8,0.000000,
2026-04-19 22:00,inflow8,0.000000,
2026-04-19 23:00,inflow8,0.000000,
2026-04-20 00:00,inflow8,0.000000,
2026-04-20 01:00,inflow8,0.000000,
2026-04-20 02:00,inflow8,0.000000,
2026-04-20 03:00,inflow8,0.000000,
2026-04-20 04:00,inflow8,0.000000,
2026-04-20 05:00,inflow8,0.000000,
2026-04-20 06:00,inflow8,0.000000,
2026-04-20 07:00,inflow8,0.000000,
2026-04-20 08:00,inflow8,0.000000,
2026-04-20 09:00,inflow8,0.000000,
2026-04-20 10:00,inflow8,0.000000,
2026-04-20 11:00,inflow8,0.000000,
2026-04-20 12:00,inflow8,0.000000,
2026-04-20 13:00,inflow8,0.000000,
2026-04-20 14:00,inflow8,0.000000,
2026-04-20 15:00,inflow8,0.000000,
2026-04-20 16:00,inflow8,0.000000,
2026-04-20 17:00,inflow8,0.000000,
2026-04-20 18:00,inflow8,0.000000,
2026-04-20 19:00,inflow8,0.000000,
2026-04-20 20:00,inflow8,0.000000,
2026-04-20 21:00,inflow8,0.000000,
2026-04-20 22:00,inflow8,0.000000,
2026-04-20 23:00,inflow8,0.000000,
2026-04-14 00:00,inflow9,0.000000,
2026-04-14 01:00,inflow9,0.000000,
2026-04-14 02:00,inflow9,0.000000,
2026-04-14 03:00,inflow9,0.000000,
2026-04-14 04:00,inflow9,0.000000,
2026-04-14 05:00,inflow9,0.000000,
2026-04-14 06:00,inflow9,0.000000,
2026-04-14 07:00,inflow9,0.000000,
2026-04-14 08:00,inflow9,0.000000,
2026-04-14 09:00,inflow9,0.000000,
2026-04-14 10:00,inflow9,0.000000,
2026-04-14 11:00,inflow9,0.000000,
2026-04-14 12:00,inflow9,0.000000,
2026-04-14 13:00,inflow9,0.000000,
2026-04-14 14:00,inflow9,0.000000,
2026-04-14 15:00,inflow9,0.000000,
2026-04-14 16:00,inflow9,0.000000,
2026-04-14 17:00,inflow9,0.000000,
2026-04-14 18:00,inflow9,0.000000,
2026-04-14 19:00,inflow9,0.000000,
2026-04-14 20:00,inflow9,0.000000,
2026-04-14 21:00,inflow9,0.000000,
2026-04-14 22:00,inflow9,0.000000,
2026-04-14 23:00,inflow9,0.000000,
2026-04-15 00:00,inflow9,0.000000,
2026-04-15 01:00,inflow9,0.000000,
2026-04-15 02:00,inflow9,0.000000,
2026-04-15 03:00,inflow9,0.000000,
2026-04-15 04:00,inflow9,0.000000,
2026-04-15 05:00,inflow9,0.000000,
2026-04-15 06:00,inflow9,0.000000,
2026-04-15 07:00,inflow9,0.000000,
2026-04-15 08:00,inflow9,0.000000,
2026-04-15 09:00,inflow9,0.000000,
2026-04-15 10:00,inflow9,0.000000,
2026-04-15 11:00,inflow9,0.000000,
2026-04-15 12:00,inflow9,0.000000,
2026-04-15 13:00,inflow9,0.000000,
2026-04-15 14:00,inflow9,0.000000,
2026-04-15 15:00,inflow9,0.000000,
2026-04-15 16:00,inflow9,0.000000,
2026-04-15 17:00,inflow9,0.000000,
2026-04-15 18:00,inflow9,0.000000,
2026-04-15 19:00,inflow9,0.000000,
2026-04-15 20:00,inflow9,0.000000,
2026-04-15 21:00,inflow9,0.000000,
2026-04-15 22:00,inflow9,0.000000,
2026-04-15 23:00,inflow9,0.000000,
2026-04-16 00:00,inflow9,0.000000,
2026-04-16 01:00,inflow9,0.000000,
2026-04-16 02:00,inflow9,0.000000,
2026-04-16 03:00,inflow9,0.000000,
2026-04-16 04:00,inflow9,0.000000,
2026-04-16 05:00,inflow9,0.000000,
2026-04-16 06:00,inflow9,0.000000,
2026-04-16 07:00,inflow9,0.000000,
2026-04-16 08:00,inflow9,0.000000,
2026-04-16 09:00,inflow9,0.000000,
2026-04-16 10:00,inflow9,0.000000,
2026-04-16 11:00,inflow9,0.000000,
2026-04-16 12:00,inflow9,0.000000,
2026-04-16 13:00,inflow9,0.000000,
2026-04-16 14:00,inflow9,0.000000,
2026-04-16 15:00,inflow9,0.000000,
2026-04-16 16:00,inflow9,0.000000,
2026-04-16 17:00,inflow9,0.000000,
2026-04-16 18:00,inflow9,0.000000,
2026-04-16 19:00,inflow9,0.000000,
2026-04-16 20:00,inflow9,0.000000,
2026-04-16 21:00,inflow9,0.000000,
2026-04-16 22:00,inflow9,0.000000,
2026-04-16 23:00,inflow9,0.000000,
2026-04-17 00:00,inflow9,0.000000,
2026-04-17 01:00,inflow9,0.000000,
2026-04-17 02:00,inflow9,0.000000,
2026-04-17 03:00,inflow9,0.000000,
2026-04-17 04:00,inflow9,0.000000,
2026-04-17 05:00,inflow9,0.000000,
2026-04-17 06:00,inflow9,0.000000,
2026-04-17 07:00,inflow9,0.000000,
2026-04-17 08:00,inflow9,0.000000,
2026-04-17 09:00,inflow9,0.000000,
2026-04-17 10:00,inflow9,0.000000,
2026-04-17 11:00,inflow9,0.000000,
2026-04-17 12:00,inflow9,0.000000,
2026-04-17 13:00,inflow9,0.000000,
2026-04-17 14:00,inflow9,0.000000,
2026-04-17 15:00,inflow9,0.000000,
2026-04-17 16:00,inflow9,0.000000,
2026-04-17 17:00,inflow9,0.000000,
2026-04-17 18:00,inflow9,0.000000,
2026-04-17 19:00,inflow9,0.000000,
2026-04-17 20:00,inflow9,0.000000,
2026-04-17 21:00,inflow9,0.000000,
2026-04-17 22:00,inflow9,0.000000,
2026-04-17 23:00,inflow9,0.000000,
2026-04-18 00:00,inflow9,0.000000,
2026-04-18 01:00,inflow9,0.000000,
2026-04-18 02:00,inflow9,0.000000,
2026-04-18 03:00,inflow9,0.000000,
2026-04-18 04:00,inflow9,0.000000,
2026-04-18 05:00,inflow9,0.000000,
2026-04-18 06:00,inflow9,0.000000,
2026-04-18 07:00,inflow9,0.000000,
2026-04-18 08:00,inflow9,0.000000,
2026-04-18 09:00,inflow9,0.000000,
2026-04-18 10:00,inflow9,0.000000,
2026-04-18 11:00,inflow9,0.000000,
2026-04-18 12:00,inflow9,0.000000,
2026-04-18 13:00,inflow9,0.000000,
2026-04-18 14:00,inflow9,0.000000,
2026-04-18 15:00,inflow9,0.000000,
2026-04-18 16:00,inflow9,0.000000,
2026-04-18 17:00,inflow9,0.000000,
2026-04-18 18:00,inflow9,0.000000,
2026-04-18 19:00,inflow9,0.000000,
2026-04-18 20:00,inflow9,0.000000,
2026-04-18 21:00,inflow9,0.000000,
2026-04-18 22:00,inflow9,0.000000,
2026-04-18 23:00,inflow9,0.000000,
2026-04-19 00:00,inflow9,0.000000,
2026-04-19 01:00,inflow9,0.000000,
2026-04-19 02:00,inflow9,0.000000,
2026-04-19 03:00,inflow9,0.000000,
2026-04-19 04:00,inflow9,0.000000,
2026-04-19 05:00,inflow9,0.000000,
2026-04-19 06:00,inflow9,0.000000,
2026-04-19 07:00,inflow9,0.000000,
2026-04-19 08:00,inflow9,0.000000,
2026-04-19 09:00,inflow9,0.000000,
2026-04-19 10:00,inflow9,0.000000,
2026-04-19 11:00,inflow9,0.000000,
2026-04-19 12:00,inflow9,0.000000,
2026-04-19 13:00,inflow9,0.000000,
2026-04-19 14:00,inflow9,0.000000,
2026-04-19 15:00,inflow9,0.000000,
2026-04-19 16:00,inflow9,0.000000,
2026-04-19 17:00,inflow9,0.000000,
2026-04-19 18:00,inflow9,0.000000,
2026-04-19 19:00,inflow9,0.000000,
2026-04-19 20:00,inflow9,0.000000,
2026-04-19 21:00,inflow9,0.000000,
2026-04-19 22:00,inflow9,0.000000,
2026-04-19 23:00,inflow9,0.000000,
2026-04-20 00:00,inflow9,0.000000,
2026-04-20 01:00,inflow9,0.000000,
2026-04-20 02:00,inflow9,0.000000,
2026-04-20 03:00,inflow9,0.000000,
2026-04-20 04:00,inflow9,0.000000,
2026-04-20 05:00,inflow9,0.000000,
2026-04-20 06:00,inflow9,0.000000,
2026-04-20 07:00,inflow9,0.000000,
2026-04-20 08:00,inflow9,0.000000,
2026-04-20 09:00,inflow9,0.000000,
2026-04-20 10:00,inflow9,0.000000,
2026-04-20 11:00,inflow9,0.000000,
2026-04-20 12:00,inflow9,0.000000,
2026-04-20 13:00,inflow9,0.000000,
2026-04-20 14:00,inflow9,0.000000,
2026-04-20 15:00,inflow9,0.000000,
2026-04-20 16:00,inflow9,0.000000,
2026-04-20 17:00,inflow9,0.000000,
2026-04-20 18:00,inflow9,0.000000,
2026-04-20 19:00,inflow9,0.000000,
2026-04-20 20:00,inflow9,0.000000,
2026-04-20 21:00,inflow9,0.000000,
2026-04-20 22:00,inflow9,0.000000,
2026-04-20 23:00,inflow9,0.000000,
2026-04-14 00:00,leakage4,0.000000,
2026-04-14 01:00,leakage4,0.000000,
2026-04-14 02:00,leakage4,0.000000,
2026-04-14 03:00,leakage4,0.000000,
2026-04-14 04:00,leakage4,0.000000,
2026-04-14 05:00,leakage4,0.000000,
2026-04-14 06:00,leakage4,0.000000,
2026-04-14 07:00,leakage4,0.000000,
2026-04-14 08:00,leakage4,0.000000,
2026-04-14 09:00,leakage4,0.000000,
2026-04-14 10:00,leakage4,0.000000,
2026-04-14 11:00,leakage4,0.000000,
2026-04-14 12:00,leakage4,0.000000,
2026-04-14 13:00,leakage4,0.000000,
2026-04-14 14:00,leakage4,0.000000,
2026-04-14 15:00,leakage4,0.000000,
2026-04-14 16:00,leakage4,0.000000,
2026-04-14 17:00,leakage4,0.000000,
2026-04-14 18:00,leakage4,0.000000,
2026-04-14 19:00,leakage4,0.000000,
2026-04-14 20:00,leakage4,0.000000,
2026-04-14 21:00,leakage4,0.000000,
2026-04-14 22:00,leakage4,0.000000,
2026-04-14 23:00,leakage4,0.000000,
2026-04-15 00:00,leakage4,0.000000,
2026-04-15 01:00,leakage4,0.000000,
2026-04-15 02:00,leakage4,0.000000,
2026-04-15 03:00,leakage4,0.000000,
2026-04-15 04:00,leakage4,0.000000,
2026-04-15 05:00,leakage4,0.000000,
2026-04-15 06:00,leakage4,0.000000,
2026-04-15 07:00,leakage4,0.000000,
2026-04-15 08:00,leakage4,0.000000,
2026-04-15 09:00,leakage4,0.000000,
2026-04-15 10:00,leakage4,0.000000,
2026-04-15 11:00,leakage4,0.000000,
2026-04-15 12:00,leakage4,0.000000,
2026-04-15 13:00,leakage4,0.000000,
2026-04-15 14:00,leakage4,0.000000,
2026-04-15 15:00,leakage4,0.000000,
2026-04-15 16:00,leakage4,0.000000,
2026-04-15 17:00,leakage4,0.000000,
2026-04-15 18:00,leakage4,0.000000,
2026-04-15 19:00,leakage4,0.000000,
2026-04-15 20:00,leakage4,0.000000,
2026-04-15 21:00,leakage4,0.000000,
2026-04-15 22:00,leakage4,0.000000,
2026-04-15 23:00,leakage4,0.000000,
2026-04-16 00:00,leakage4,0.000000,
2026-04-16 01:00,leakage4,0.000000,
2026-04-16 02:00,leakage4,0.000000,
2026-04-16 03:00,leakage4,0.000000,
2026-04-16 04:00,leakage4,0.000000,
2026-04-16 05:00,leakage4,0.000000,
2026-04-16 06:00,leakage4,0.000000,
2026-04-16 07:00,leakage4,0.000000,
2026-04-16 08:00,leakage4,0.000000,
2026-04-16 09:00,leakage4,0.000000,
2026-04-16 10:00,leakage4,0.000000,
2026-04-16 11:00,leakage4,0.000000,
2026-04-16 12:00,leakage4,0.000000,
2026-04-16 13:00,leakage4,0.000000,
2026-04-16 14:00,leakage4,0.000000,
2026-04-16 15:00,leakage4,0.000000,
2026-04-16 16:00,leakage4,0.000000,
2026-04-16 17:00,leakage4,0.000000,
2026-04-16 18:00,leakage4,0.000000,
2026-04-16 19:00,leakage4,0.000000,
2026-04-16 20:00,leakage4,0.000000,
2026-04-16 21:00,leakage4,0.000000,
2026-04-16 22:00,leakage4,0.000000,
2026-04-16 23:00,leakage4,0.000000,
2026-04-17 00:00,leakage4,0.000000,
2026-04-17 01:00,leakage4,0.000000,
2026-04-17 02:00,leakage4,0.000000,
2026-04-17 03:00,leakage4,0.000000,
2026-04-17 04:00,leakage4,0.000000,
2026-04-17 05:00,leakage4,0.000000,
2026-04-17 06:00,leakage4,0.000000,
2026-04-17 07:00,leakage4,0.000000,
2026-04-17 08:00,leakage4,0.000000,
2026-04-17 09:00,leakage4,0.000000,
2026-04-17 10:00,leakage4,0.000000,
2026-04-17 11:00,leakage4,0.000000,
2026-04-17 12:00,leakage4,0.000000,
2026-04-17 13:00,leakage4,0.000000,
2026-04-17 14:00,leakage4,0.000000,
2026-04-17 15:00,leakage4,0.000000,
2026-04-17 16:00,leakage4,0.000000,
2026-04-17 17:00,leakage4,0.000000,
2026-04-17 18:00,leakage4,0.000000,
2026-04-17 19:00,leakage4,0.000000,
2026-04-17 20:00,leakage4,0.000000,
2026-04-17 21:00,leakage4,0.000000,
2026-04-17 22:00,leakage4,0.000000,
2026-04-17 23:00,leakage4,0.000000,
2026-04-18 00:00,leakage4,0.000000,
2026-04-18 01:00,leakage4,0.000000,
2026-04-18 02:00,leakage4,0.000000,
2026-04-18 03:00,leakage4,0.000000,
2026-04-18 04:00,leakage4,0.000000,
2026-04-18 05:00,leakage4,0.000000,
2026-04-18 06:00,leakage4,0.000000,
2026-04-18 07:00,leakage4,0.000000,
2026-04-18 08:00,leakage4,0.000000,
2026-04-18 09:00,leakage4,0.000000,
2026-04-18 10:00,leakage4,0.000000,
2026-04-18 11:00,leakage4,0.000000,
2026-04-18 12:00,leakage4,0.000000,
2026-04-18 13:00,leakage4,0.000000,
2026-04-18 14:00,leakage4,0.000000,
2026-04-18 15:00,leakage4,0.000000,
2026-04-18 16:00,leakage4,0.000000,
2026-04-18 17:00,leakage4,0.000000,
2026-04-18 18:00,leakage4,0.000000,
2026-04-18 19:00,leakage4,0.000000,
2026-04-18 20:00,leakage4,0.000000,
2026-04-18 21:00,leakage4,0.000000,
2026-04-18 22:00,leakage4,0.000000,
2026-04-18 23:00,leakage4,0.000000,
2026-04-19 00:00,leakage4,0.000000,
2026-04-19 01:00,leakage4,0.000000,
2026-04-19 02:00,leakage4,0.000000,
2026-04-19 03:00,leakage4,0.000000,
2026-04-19 04:00,leakage4,0.000000,
2026-04-19 05:00,leakage4,0.000000,
2026-04-19 06:00,leakage4,0.000000,
2026-04-19 07:00,leakage4,0.000000,
2026-04-19 08:00,leakage4,0.000000,
2026-04-19 09:00,leakage4,0.000000,
2026-04-19 10:00,leakage4,0.000000,
2026-04-19 11:00,leakage4,0.000000,
2026-04-19 12:00,leakage4,0.000000,
2026-04-19 13:00,leakage4,0.000000,
2026-04-19 14:00,leakage4,0.000000,
2026-04-19 15:00,leakage4,0.000000,
2026-04-19 16:00,leakage4,0.000000,
2026-04-19 17:00,leakage4,0.000000,
2026-04-19 18:00,leakage4,0.000000,
2026-04-19 19:00,leakage4,0.000000,
2026-04-19 20:00,leakage4,0.000000,
2026-04-19 21:00,leakage4,0.000000,
2026-04-19 22:00,leakage4,0.000000,
2026-04-19 23:00,leakage4,0.000000,
2026-04-20 00:00,leakage4,0.000000,
2026-04-20 01:00,leakage4,0.000000,
2026-04-20 02:00,leakage4,0.000000,
2026-04-20 03:00,leakage4,0.000000,
2026-04-20 04:00,leakage4,0.000000,
2026-04-20 05:00,leakage4,0.000000,
2026-04-20 06:00,leakage4,0.000000,
2026-04-20 07:00,leakage4,0.000000,
2026-04-20 08:00,leakage4,0.000000,
2026-04-20 09:00,leakage4,0.000000,
2026-04-20 10:00,leakage4,0.000000,
2026-04-20 11:00,leakage4,0.000000,
2026-04-20 12:00,leakage4,0.000000,
2026-04-20 13:00,leakage4,0.000000,
2026-04-20 14:00,leakage4,0.000000,
2026-04-20 15:00,leakage4,0.000000,
2026-04-20 16:00,leakage4,0.000000,
2026-04-20 17:00,leakage4,0.000000,
2026-04-20 18:00,leakage4,0.000000,
2026-04-20 19:00,leakage4,0.000000,
2026-04-20 20:00,leakage4,0.000000,
2026-04-20 21:00,leakage4,0.000000,
2026-04-20 22:00,leakage4,0.000000,
2026-04-20 23:00,leakage4,0.000000,
2026-04-14 00:00,leakage5,0.000000,
2026-04-14 01:00,leakage5,0.000000,
2026-04-14 02:00,leakage5,0.000000,
2026-04-14 03:00,leakage5,0.000000,
2026-04-14 04:00,leakage5,0.000000,
2026-04-14 05:00,leakage5,0.000000,
2026-04-14 06:00,leakage5,0.000000,
2026-04-14 07:00,leakage5,0.000000,
2026-04-14 08:00,leakage5,0.000000,
2026-04-14 09:00,leakage5,0.000000,
2026-04-14 10:00,leakage5,0.000000,
2026-04-14 11:00,leakage5,0.000000,
2026-04-14 12:00,leakage5,0.000000,
2026-04-14 13:00,leakage5,0.000000,
2026-04-14 14:00,leakage5,0.000000,
2026-04-14 15:00,leakage5,0.000000,
2026-04-14 16:00,leakage5,0.000000,
2026-04-14 17:00,leakage5,0.000000,
2026-04-14 18:00,leakage5,0.000000,
2026-04-14 19:00,leakage5,0.000000,
2026-04-14 20:00,leakage5,0.000000,
2026-04-14 21:00,leakage5,0.000000,
2026-04-14 22:00,leakage5,0.000000,
2026-04-14 23:00,leakage5,0.000000,
2026-04-15 00:00,leakage5,0.000000,
2026-04-15 01:00,leakage5,0.000000,
2026-04-15 02:00,leakage5,0.000000,
2026-04-15 03:00,leakage5,0.000000,
2026-04-15 04:00,leakage5,0.000000,
2026-04-15 05:00,leakage5,0.000000,
2026-04-15 06:00,leakage5,0.000000,
2026-04-15 07:00,leakage5,0.000000,
2026-04-15 08:00,leakage5,0.000000,
2026-04-15 09:00,leakage5,0.000000,
2026-04-15 10:00,leakage5,0.000000,
2026-04-15 11:00,leakage5,0.000000,
2026-04-15 12:00,leakage5,0.000000,
2026-04-15 13:00,leakage5,0.000000,
2026-04-15 14:00,leakage5,0.000000,
2026-04-15 15:00,leakage5,0.000000,
2026-04-15 16:00,leakage5,0.000000,
2026-04-15 17:00,leakage5,0.000000,
2026-04-15 18:00,leakage5,0.000000,
2026-04-15 19:00,leakage5,0.000000,
2026-04-15 20:00,leakage5,0.000000,
2026-04-15 21:00,leakage5,0.000000,
2026-04-15 22:00,leakage5,0.000000,
2026-04-15 23:00,leakage5,0.000000,
2026-04-16 00:00,leakage5,0.000000,
2026-04-16 01:00,leakage5,0.000000,
2026-04-16 02:00,leakage5,0.000000,
2026-04-16 03:00,leakage5,0.000000,
2026-04-16 04:00,leakage5,0.000000,
2026-04-16 05:00,leakage5,0.000000,
2026-04-16 06:00,leakage5,0.000000,
2026-04-16 07:00,leakage5,0.000000,
2026-04-16 08:00,leakage5,0.000000,
2026-04-16 09:00,leakage5,0.000000,
2026-04-16 10:00,leakage5,0.000000,
2026-04-16 11:00,leakage5,0.000000,
2026-04-16 12:00,leakage5,0.000000,
2026-04-16 13:00,leakage5,0.000000,
2026-04-16 14:00,leakage5,0.000000,
2026-04-16 15:00,leakage5,0.000000,
2026-04-16 16:00,leakage5,0.000000,
2026-04-16 17:00,leakage5,0.000000,
2026-04-16 18:00,leakage5,0.000000,
2026-04-16 19:00,leakage5,0.000000,
2026-04-16 20:00,leakage5,0.000000,
2026-04-16 21:00,leakage5,0.000000,
2026-04-16 22:00,leakage5,0.000000,
2026-04-16 23:00,leakage5,0.000000,
2026-04-17 00:00,leakage5,0.000000,
2026-04-17 01:00,leakage5,0.000000,
2026-04-17 02:00,leakage5,0.000000,
2026-04-17 03:00,leakage5,0.000000,
2026-04-17 04:00,leakage5,0.000000,
2026-04-17 05:00,leakage5,0.000000,
2026-04-17 06:00,leakage5,0.000000,
2026-04-17 07:00,leakage5,0.000000,
2026-04-17 08:00,leakage5,0.000000,
2026-04-17 09:00,leakage5,0.000000,
2026-04-17 10:00,leakage5,0.000000,
2026-04-17 11:00,leakage5,0.000000,
2026-04-17 12:00,leakage5,0.000000,
2026-04-17 13:00,leakage5,0.000000,
2026-04-17 14:00,leakage5,0.000000,
2026-04-17 15:00,leakage5,0.000000,
2026-04-17 16:00,leakage5,0.000000,
2026-04-17 17:00,leakage5,0.000000,
2026-04-17 18:00,leakage5,0.000000,
2026-04-17 19:00,leakage5,0.000000,
2026-04-17 20:00,leakage5,0.000000,
2026-04-17 21:00,leakage5,0.000000,
2026-04-17 22:00,leakage5,0.000000,
2026-04-17 23:00,leakage5,0.000000,
2026-04-18 00:00,leakage5,0.000000,
2026-04-18 01:00,leakage5,0.000000,
2026-04-18 02:00,leakage5,0.000000,
2026-04-18 03:00,leakage5,0.000000,
2026-04-18 04:00,leakage5,0.000000,
2026-04-18 05:00,leakage5,0.000000,
2026-04-18 06:00,leakage5,0.000000,
2026-04-18 07:00,leakage5,0.000000,
2026-04-18 08:00,leakage5,0.000000,
2026-04-18 09:00,leakage5,0.000000,
2026-04-18 10:00,leakage5,0.000000,
2026-04-18 11:00,leakage5,0.000000,
2026-04-18 12:00,leakage5,0.000000,
2026-04-18 13:00,leakage5,0.000000,
2026-04-18 14:00,leakage5,0.000000,
2026-04-18 15:00,leakage5,0.000000,
2026-04-18 16:00,leakage5,0.000000,
2026-04-18 17:00,leakage5,0.000000,
2026-04-18 18:00,leakage5,0.000000,
2026-04-18 19:00,leakage5,0.000000,
2026-04-18 20:00,leakage5,0.000000,
2026-04-18 21:00,leakage5,0.000000,
2026-04-18 22:00,leakage5,0.000000,
2026-04-18 23:00,leakage5,0.000000,
2026-04-19 00:00,leakage5,0.000000,
2026-04-19 01:00,leakage5,0.000000,
2026-04-19 02:00,leakage5,0.000000,
2026-04-19 03:00,leakage5,0.000000,
2026-04-19 04:00,leakage5,0.000000,
2026-04-19 05:00,leakage5,0.000000,
2026-04-19 06:00,leakage5,0.000000,
2026-04-19 07:00,leakage5,0.000000,
2026-04-19 08:00,leakage5,0.000000,
2026-04-19 09:00,leakage5,0.000000,
2026-04-19 10:00,leakage5,0.000000,
2026-04-19 11:00,leakage5,0.000000,
2026-04-19 12:00,leakage5,0.000000,
2026-04-19 13:00,leakage5,0.000000,
2026-04-19 14:00,leakage5,0.000000,
2026-04-19 15:00,leakage5,0.000000,
2026-04-19 16:00,leakage5,0.000000,
2026-04-19 17:00,leakage5,0.000000,
2026-04-19 18:00,leakage5,0.000000,
2026-04-19 19:00,leakage5,0.000000,
2026-04-19 20:00,leakage5,0.000000,
2026-04-19 21:00,leakage5,0.000000,
2026-04-19 22:00,leakage5,0.000000,
2026-04-19 23:00,leakage5,0.000000,
2026-04-20 00:00,leakage5,0.000000,
2026-04-20 01:00,leakage5,0.000000,
2026-04-20 02:00,leakage5,0.000000,
2026-04-20 03:00,leakage5,0.000000,
2026-04-20 04:00,leakage5,0.000000,
2026-04-20 05:00,leakage5,0.000000,
2026-04-20 06:00,leakage5,0.000000,
2026-04-20 07:00,leakage5,0.000000,
2026-04-20 08:00,leakage5,0.000000,
2026-04-20 09:00,leakage5,0.000000,
2026-04-20 10:00,leakage5,0.000000,
2026-04-20 11:00,leakage5,0.000000,
2026-04-20 12:00,leakage5,0.000000,
2026-04-20 13:00,leakage5,0.000000,
2026-04-20 14:00,leakage5,0.000000,
2026-04-20 15:00,leakage5,0.000000,
2026-04-20 16:00,leakage5,0.000000,
2026-04-20 17:00,leakage5,0.000000,
2026-04-20 18:00,leakage5,0.000000,
2026-04-20 19:00,leakage5,0.000000,
2026-04-20 20:00,leakage5,0.000000,
2026-04-20 21:00,leakage5,0.000000,
2026-04-20 22:00,leakage5,0.000000,
2026-04-20 23:00,leakage5,0.000000,
2026-04-14 00:00,leakage8,0.000000,
2026-04-14 01:00,leakage8,0.000000,
2026-04-14 02:00,leakage8,0.000000,
2026-04-14 03:00,leakage8,0.000000,
2026-04-14 04:00,leakage8,0.000000,
2026-04-14 05:00,leakage8,0.000000,
2026-04-14 06:00,leakage8,0.000000,
2026-04-14 07:00,leakage8,0.000000,
2026-04-14 08:00,leakage8,0.000000,
2026-04-14 09:00,leakage8,0.000000,
2026-04-14 10:00,leakage8,0.000000,
2026-04-14 11:00,leakage8,0.000000,
2026-04-14 12:00,leakage8,0.000000,
2026-04-14 13:00,leakage8,0.000000,
2026-04-14 14:00,leakage8,0.000000,
2026-04-14 15:00,leakage8,0.000000,
2026-04-14 16:00,leakage8,0.000000,
2026-04-14 17:00,leakage8,0.000000,
2026-04-14 18:00,leakage8,0.000000,
2026-04-14 19:00,leakage8,0.000000,
2026-04-14 20:00,leakage8,0.000000,
2026-04-14 21:00,leakage8,0.000000,
2026-04-14 22:00,leakage8,0.000000,
2026-04-14 23:00,leakage8,0.000000,
2026-04-15 00:00,leakage8,0.000000,
2026-04-15 01:00,leakage8,0.000000,
2026-04-15 02:00,leakage8,0.000000,
2026-04-15 03:00,leakage8,0.000000,
2026-04-15 04:00,leakage8,0.000000,
2026-04-15 05:00,leakage8,0.000000,
2026-04-15 06:00,leakage8,0.000000,
2026-04-15 07:00,leakage8,0.000000,
2026-04-15 08:00,leakage8,0.000000,
2026-04-15 09:00,leakage8,0.000000,
2026-04-15 10:00,leakage8,0.000000,
2026-04-15 11:00,leakage8,0.000000,
2026-04-15 12:00,leakage8,0.000000,
2026-04-15 13:00,leakage8,0.000000,
2026-04-15 14:00,leakage8,0.000000,
2026-04-15 15:00,leakage8,0.000000,
2026-04-15 16:00,leakage8,0.000000,
2026-04-15 17:00,leakage8,0.000000,
2026-04-15 18:00,leakage8,0.000000,
2026-04-15 19:00,leakage8,0.000000,
2026-04-15 20:00,leakage8,0.000000,
2026-04-15 21:00,leakage8,0.000000,
2026-04-15 22:00,leakage8,0.000000,
2026-04-15 23:00,leakage8,0.000000,
2026-04-16 00:00,leakage8,0.000000,
2026-04-16 01:00,leakage8,0.000000,
2026-04-16 02:00,leakage8,0.000000,
2026-04-16 03:00,leakage8,0.000000,
2026-04-16 04:00,leakage8,0.000000,
2026-04-16 05:00,leakage8,0.000000,
2026-04-16 06:00,leakage8,0.000000,
2026-04-16 07:00,leakage8,0.000000,
2026-04-16 08:00,leakage8,0.000000,
2026-04-16 09:00,leakage8,0.000000,
2026-04-16 10:00,leakage8,0.000000,
2026-04-16 11:00,leakage8,0.000000,
2026-04-16 12:00,leakage8,0.000000,
2026-04-16 13:00,leakage8,0.000000,
2026-04-16 14:00,leakage8,0.000000,
2026-04-16 15:00,leakage8,0.000000,
2026-04-16 16:00,leakage8,0.000000,
2026-04-16 17:00,leakage8,0.000000,
2026-04-16 18:00,leakage8,0.000000,
2026-04-16 19:00,leakage8,0.000000,
2026-04-16 20:00,leakage8,0.000000,
2026-04-16 21:00,leakage8,0.000000,
2026-04-16 22:00,leakage8,0.000000,
2026-04-16 23:00,leakage8,0.000000,
2026-04-17 00:00,leakage8,0.000000,
2026-04-17 01:00,leakage8,0.000000,
2026-04-17 02:00,leakage8,0.000000,
2026-04-17 03:00,leakage8,0.000000,
2026-04-17 04:00,leakage8,0.000000,
2026-04-17 05:00,leakage8,0.000000,
2026-04-17 06:00,leakage8,0.000000,
2026-04-17 07:00,leakage8,0.000000,
2026-04-17 08:00,leakage8,0.000000,
2026-04-17 09:00,leakage8,0.000000,
2026-04-17 10:00,leakage8,0.000000,
2026-04-17 11:00,leakage8,0.000000,
2026-04-17 12:00,leakage8,0.000000,
2026-04-17 13:00,leakage8,0.000000,
2026-04-17 14:00,leakage8,0.000000,
2026-04-17 15:00,leakage8,0.000000,
2026-04-17 16:00,leakage8,0.000000,
2026-04-17 17:00,leakage8,0.000000,
2026-04-17 18:00,leakage8,0.000000,
2026-04-17 19:00,leakage8,0.000000,
2026-04-17 20:00,leakage8,0.000000,
2026-04-17 21:00,leakage8,0.000000,
2026-04-17 22:00,leakage8,0.000000,
2026-04-17 23:00,leakage8,0.000000,
2026-04-18 00:00,leakage8,0.000000,
2026-04-18 01:00,leakage8,0.000000,
2026-04-18 02:00,leakage8,0.000000,
2026-04-18 03:00,leakage8,0.000000,
2026-04-18 04:00,leakage8,0.000000,
2026-04-18 05:00,leakage8,0.000000,
2026-04-18 06:00,leakage8,0.000000,
2026-04-18 07:00,leakage8,0.000000,
2026-04-18 08:00,leakage8,0.000000,
2026-04-18 09:00,leakage8,0.000000,
2026-04-18 10:00,leakage8,0.000000,
2026-04-18 11:00,leakage8,0.000000,
2026-04-18 12:00,leakage8,0.000000,
2026-04-18 13:00,leakage8,0.000000,
2026-04-18 14:00,leakage8,0.000000,
2026-04-18 15:00,leakage8,0.000000,
2026-04-18 16:00,leakage8,0.000000,
2026-04-18 17:00,leakage8,0.000000,
2026-04-18 18:00,leakage8,0.000000,
2026-04-18 19:00,leakage8,0.000000,
2026-04-18 20:00,leakage8,0.000000,
2026-04-18 21:00,leakage8,0.000000,
2026-04-18 22:00,leakage8,0.000000,
2026-04-18 23:00,leakage8,0.000000,
2026-04-19 00:00,leakage8,0.000000,
2026-04-19 01:00,leakage8,0.000000,
2026-04-19 02:00,leakage8,0.000000,
2026-04-19 03:00,leakage8,0.000000,
2026-04-19 04:00,leakage8,0.000000,
2026-04-19 05:00,leakage8,0.000000,
2026-04-19 06:00,leakage8,0.000000,
2026-04-19 07:00,leakage8,0.000000,
2026-04-19 08:00,leakage8,0.000000,
2026-04-19 09:00,leakage8,0.000000,
2026-04-19 10:00,leakage8,0.000000,
2026-04-19 11:00,leakage8,0.000000,
2026-04-19 12:00,leakage8,0.000000,
2026-04-19 13:00,leakage8,0.000000,
2026-04-19 14:00,leakage8,0.000000,
2026-04-19 15:00,leakage8,0.000000,
2026-04-19 16:00,leakage8,0.000000,
2026-04-19 17:00,leakage8,0.000000,
2026-04-19 18:00,leakage8,0.000000,
2026-04-19 19:00,leakage8,0.000000,
2026-04-19 20:00,leakage8,0.000000,
2026-04-19 21:00,leakage8,0.000000,
2026-04-19 22:00,leakage8,0.000000,
2026-04-19 23:00,leakage8,0.000000,
2026-04-20 00:00,leakage8,0.000000,
2026-04-20 01:00,leakage8,0.000000,
2026-04-20 02:00,leakage8,0.000000,
2026-04-20 03:00,leakage8,0.000000,
2026-04-20 04:00,leakage8,0.000000,
2026-04-20 05:00,leakage8,0.000000,
2026-04-20 06:00,leakage8,0.000000,
2026-04-20 07:00,leakage8,0.000000,
2026-04-20 08:00,leakage8,0.000000,
2026-04-20 09:00,leakage8,0.000000,
2026-04-20 10:00,leakage8,0.000000,
2026-04-20 11:00,leakage8,0.000000,
2026-04-20 12:00,leakage8,0.000000,
2026-04-20 13:00,leakage8,0.000000,
2026-04-20 14:00,leakage8,0.000000,
2026-04-20 15:00,leakage8,0.000000,
2026-04-20 16:00,leakage8,0.000000,
2026-04-20 17:00,leakage8,0.000000,
2026-04-20 18:00,leakage8,0.000000,
2026-04-20 19:00,leakage8,0.000000,
2026-04-20 20:00,leakage8,0.000000,
2026-04-20 21:00,leakage8,0.000000,
2026-04-20 22:00,leakage8,0.000000,
2026-04-20 23:00,leakage8,0.000000,
2026-04-14 00:00,leakage9,0.000000,
2026-04-14 01:00,leakage9,0.000000,
2026-04-14 02:00,leakage9,0.000000,
2026-04-14 03:00,leakage9,0.000000,
2026-04-14 04:00,leakage9,0.000000,
2026-04-14 05:00,leakage9,0.000000,
2026-04-14 06:00,leakage9,0.000000,
2026-04-14 07:00,leakage9,0.000000,
2026-04-14 08:00,leakage9,0.000000,
2026-04-14 09:00,leakage9,0.000000,
2026-04-14 10:00,leakage9,0.000000,
2026-04-14 11:00,leakage9,0.000000,
2026-04-14 12:00,leakage9,0.000000,
2026-04-14 13:00,leakage9,0.000000,
2026-04-14 14:00,leakage9,0.000000,
2026-04-14 15:00,leakage9,0.000000,
2026-04-14 16:00,leakage9,0.000000,
2026-04-14 17:00,leakage9,0.000000,
2026-04-14 18:00,leakage9,0.000000,
2026-04-14 19:00,leakage9,0.000000,
2026-04-14 20:00,leakage9,0.000000,
2026-04-14 21:00,leakage9,0.000000,
2026-04-14 22:00,leakage9,0.000000,
2026-04-14 23:00,leakage9,0.000000,
2026-04-15 00:00,leakage9,0.000000,
2026-04-15 01:00,leakage9,0.000000,
2026-04-15 02:00,leakage9,0.000000,
2026-04-15 03:00,leakage9,0.000000,
2026-04-15 04:00,leakage9,0.000000,
2026-04-15 05:00,leakage9,0.000000,
2026-04-15 06:00,leakage9,0.000000,
2026-04-15 07:00,leakage9,0.000000,
2026-04-15 08:00,leakage9,0.000000,
2026-04-15 09:00,leakage9,0.000000,
2026-04-15 10:00,leakage9,0.000000,
2026-04-15 11:00,leakage9,0.000000,
2026-04-15 12:00,leakage9,0.000000,
2026-04-15 13:00,leakage9,0.000000,
2026-04-15 14:00,leakage9,0.000000,
2026-04-15 15:00,leakage9,0.000000,
2026-04-15 16:00,leakage9,0.000000,
2026-04-15 17:00,leakage9,0.000000,
2026-04-15 18:00,leakage9,0.000000,
2026-04-15 19:00,leakage9,0.000000,
2026-04-15 20:00,leakage9,0.000000,
2026-04-15 21:00,leakage9,0.000000,
2026-04-15 22:00,leakage9,0.000000,
2026-04-15 23:00,leakage9,0.000000,
2026-04-16 00:00,leakage9,0.000000,
2026-04-16 01:00,leakage9,0.000000,
2026-04-16 02:00,leakage9,0.000000,
2026-04-16 03:00,leakage9,0.000000,
2026-04-16 04:00,leakage9,0.000000,
2026-04-16 05:00,leakage9,0.000000,
2026-04-16 06:00,leakage9,0.000000,
2026-04-16 07:00,leakage9,0.000000,
2026-04-16 08:00,leakage9,0.000000,
2026-04-16 09:00,leakage9,0.000000,
2026-04-16 10:00,leakage9,0.000000,
2026-04-16 11:00,leakage9,0.000000,
2026-04-16 12:00,leakage9,0.000000,
2026-04-16 13:00,leakage9,0.000000,
2026-04-16 14:00,leakage9,0.000000,
2026-04-16 15:00,leakage9,0.000000,
2026-04-16 16:00,leakage9,0.000000,
2026-04-16 17:00,leakage9,0.000000,
2026-04-16 18:00,leakage9,0.000000,
2026-04-16 19:00,leakage9,0.000000,
2026-04-16 20:00,leakage9,0.000000,
2026-04-16 21:00,leakage9,0.000000,
2026-04-16 22:00,leakage9,0.000000,
2026-04-16 23:00,leakage9,0.000000,
2026-04-17 00:00,leakage9,0.000000,
2026-04-17 01:00,leakage9,0.000000,
2026-04-17 02:00,leakage9,0.000000,
2026-04-17 03:00,leakage9,0.000000,
2026-04-17 04:00,leakage9,0.000000,
2026-04-17 05:00,leakage9,0.000000,
2026-04-17 06:00,leakage9,0.000000,
2026-04-17 07:00,leakage9,0.000000,
2026-04-17 08:00,leakage9,0.000000,
2026-04-17 09:00,leakage9,0.000000,
2026-04-17 10:00,leakage9,0.000000,
2026-04-17 11:00,leakage9,0.000000,
2026-04-17 12:00,leakage9,0.000000,
2026-04-17 13:00,leakage9,0.000000,
2026-04-17 14:00,leakage9,0.000000,
2026-04-17 15:00,leakage9,0.000000,
2026-04-17 16:00,leakage9,0.000000,
2026-04-17 17:00,leakage9,0.000000,
2026-04-17 18:00,leakage9,0.000000,
2026-04-17 19:00,leakage9,0.000000,
2026-04-17 20:00,leakage9,0.000000,
2026-04-17 21:00,leakage9,0.000000,
2026-04-17 22:00,leakage9,0.000000,
2026-04-17 23:00,leakage9,0.000000,
2026-04-18 00:00,leakage9,0.000000,
2026-04-18 01:00,leakage9,0.000000,
2026-04-18 02:00,leakage9,0.000000,
2026-04-18 03:00,leakage9,0.000000,
2026-04-18 04:00,leakage9,0.000000,
2026-04-18 05:00,leakage9,0.000000,
2026-04-18 06:00,leakage9,0.000000,
2026-04-18 07:00,leakage9,0.000000,
2026-04-18 08:00,leakage9,0.000000,
2026-04-18 09:00,leakage9,0.000000,
2026-04-18 10:00,leakage9,0.000000,
2026-04-18 11:00,leakage9,0.000000,
2026-04-18 12:00,leakage9,0.000000,
2026-04-18 13:00,leakage9,0.000000,
2026-04-18 14:00,leakage9,0.000000,
2026-04-18 15:00,leakage9,0.000000,
2026-04-18 16:00,leakage9,0.000000,
2026-04-18 17:00,leakage9,0.000000,
2026-04-18 18:00,leakage9,0.000000,
2026-04-18 19:00,leakage9,0.000000,
2026-04-18 20:00,leakage9,0.000000,
2026-04-18 21:00,leakage9,0.000000,
2026-04-18 22:00,leakage9,0.000000,
2026-04-18 23:00,leakage9,0.000000,
2026-04-19 00:00,leakage9,0.000000,
2026-04-19 01:00,leakage9,0.000000,
2026-04-19 02:00,leakage9,0.000000,
2026-04-19 03:00,leakage9,0.000000,
2026-04-19 04:00,leakage9,0.000000,
2026-04-19 05:00,leakage9,0.000000,
2026-04-19 06:00,leakage9,0.000000,
2026-04-19 07:00,leakage9,0.000000,
2026-04-19 08:00,leakage9,0.000000,
2026-04-19 09:00,leakage9,0.000000,
2026-04-19 10:00,leakage9,0.000000,
2026-04-19 11:00,leakage9,0.000000,
2026-04-19 12:00,leakage9,0.000000,
2026-04-19 13:00,leakage9,0.000000,
2026-04-19 14:00,leakage9,0.000000,
2026-04-19 15:00,leakage9,0.000000,
2026-04-19 16:00,leakage9,0.000000,
2026-04-19 17:00,leakage9,0.000000,
2026-04-19 18:00,leakage9,0.000000,
2026-04-19 19:00,leakage9,0.000000,
2026-04-19 20:00,leakage9,0.000000,
2026-04-19 21:00,leakage9,0.000000,
2026-04-19 22:00,leakage9,0.000000,
2026-04-19 23:00,leakage9,0.000000,
2026-04-20 00:00,leakage9,0.000000,
2026-04-20 01:00,leakage9,0.000000,
2026-04-20 02:00,leakage9,0.000000,
2026-04-20 03:00,leakage9,0.000000,
2026-04-20 04:00,leakage9,0.000000,
2026-04-20 05:00,leakage9,0.000000,
2026-04-20 06:00,leakage9,0.000000,
2026-04-20 07:00,leakage9,0.000000,
2026-04-20 08:00,leakage9,0.000000,
2026-04-20 09:00,leakage9,0.000000,
2026-04-20 10:00,leakage9,0.000000,
2026-04-20 11:00,leakage9,0.000000,
2026-04-20 12:00,leakage9,0.000000,
2026-04-20 13:00,leakage9,0.000000,
2026-04-20 14:00,leakage9,0.000000,
2026-04-20 15:00,leakage9,0.000000,
2026-04-20 16:00,leakage9,0.000000,
2026-04-20 17:00,leakage9,0.000000,
2026-04-20 18:00,leakage9,0.000000,
2026-04-20 19:00,leakage9,0.000000,
2026-04-20 20:00,leakage9,0.000000,
2026-04-20 21:00,leakage9,0.000000,
2026-04-20 22:00,leakage9,0.000000,
2026-04-20 23:00,leakage9,0.000000,
2026-04-14 00:00,outflow0,0.000000,
2026-04-14 01:00,outflow0,0.000000,
2026-04-14 02:00,outflow0,0.000000,
2026-04-14 03:00,outflow0,0.000000,
2026-04-14 04:00,outflow0,0.000000,
2026-04-14 05:00,outflow0,0.000000,
2026-04-14 06:00,outflow0,0.000000,
2026-04-14 07:00,outflow0,0.000000,
2026-04-14 08:00,outflow0,0.000000,
2026-04-14 09:00,outflow0,0.000000,
2026-04-14 10:00,outflow0,0.000000,
2026-04-14 11:00,outflow0,0.000000,
2026-04-14 12:00,outflow0,0.000000,
2026-04-14 13:00,outflow0,0.000000,
2026-04-14 14:00,outflow0,0.000000,
2026-04-14 15:00,outflow0,0.000000,
2026-04-14 16:00,outflow0,0.000000,
2026-04-14 17:00,outflow0,0.000000,
2026-04-14 18:00,outflow0,0.000000,
2026-04-14 19:00,outflow0,0.000000,
2026-04-14 20:00,outflow0,0.000000,
2026-04-14 21:00,outflow0,0.000000,
2026-04-14 22:00,outflow0,0.000000,
2026-04-14 23:00,outflow0,0.000000,
2026-04-15 00:00,outflow0,0.000000,
2026-04-15 01:00,outflow0,0.000000,
2026-04-15 02:00,outflow0,0.000000,
2026-04-15 03:00,outflow0,0.000000,
2026-04-15 04:00,outflow0,0.000000,
2026-04-15 05:00,outflow0,0.000000,
2026-04-15 06:00,outflow0,0.000000,
2026-04-15 07:00,outflow0,0.000000,
2026-04-15 08:00,outflow0,0.000000,
2026-04-15 09:00,outflow0,0.000000,
2026-04-15 10:00,outflow0,0.000000,
2026-04-15 11:00,outflow0,0.000000,
2026-04-15 12:00,outflow0,0.000000,
2026-04-15 13:00,outflow0,0.000000,
2026-04-15 14:00,outflow0,0.000000,
2026-04-15 15:00,outflow0,0.000000,
2026-04-15 16:00,outflow0,0.000000,
2026-04-15 17:00,outflow0,0.000000,
2026-04-15 18:00,outflow0,0.000000,
2026-04-15 19:00,outflow0,0.000000,
2026-04-15 20:00,outflow0,0.000000,
2026-04-15 21:00,outflow0,0.000000,
2026-04-15 22:00,outflow0,0.000000,
2026-04-15 23:00,outflow0,0.000000,
2026-04-16 00:00,outflow0,0.000000,
2026-04-16 01:00,outflow0,0.000000,
2026-04-16 02:00,outflow0,0.000000,
2026-04-16 03:00,outflow0,0.000000,
2026-04-16 04:00,outflow0,0.000000,
2026-04-16 05:00,outflow0,0.000000,
2026-04-16 06:00,outflow0,0.000000,
2026-04-16 07:00,outflow0,0.000000,
2026-04-16 08:00,outflow0,0.000000,
2026-04-16 09:00,outflow0,0.000000,
2026-04-16 10:00,outflow0,0.000000,
2026-04-16 11:00,outflow0,0.000000,
2026-04-16 12:00,outflow0,0.000000,
2026-04-16 13:00,outflow0,0.000000,
2026-04-16 14:00,outflow0,0.000000,
2026-04-16 15:00,outflow0,0.000000,
2026-04-16 16:00,outflow0,0.000000,
2026-04-16 17:00,outflow0,0.000000,
2026-04-16 18:00,outflow0,0.000000,
2026-04-16 19:00,outflow0,0.000000,
2026-04-16 20:00,outflow0,0.000000,
2026-04-16 21:00,outflow0,0.000000,
2026-04-16 22:00,outflow0,0.000000,
2026-04-16 23:00,outflow0,0.000000,
2026-04-17 00:00,outflow0,0.000000,
2026-04-17 01:00,outflow0,0.000000,
2026-04-17 02:00,outflow0,0.000000,
2026-04-17 03:00,outflow0,0.000000,
2026-04-17 04:00,outflow0,0.000000,
2026-04-17 05:00,outflow0,0.000000,
2026-04-17 06:00,outflow0,0.000000,
2026-04-17 07:00,outflow0,0.000000,
2026-04-17 08:00,outflow0,0.000000,
2026-04-17 09:00,outflow0,0.000000,
2026-04-17 10:00,outflow0,0.000000,
2026-04-17 11:00,outflow0,0.000000,
2026-04-17 12:00,outflow0,0.000000,
2026-04-17 13:00,outflow0,0.000000,
2026-04-17 14:00,outflow0,0.000000,
2026-04-17 15:00,outflow0,0.000000,
2026-04-17 16:00,outflow0,0.000000,
2026-04-17 17:00,outflow0,0.000000,
2026-04-17 18:00,outflow0,0.000000,
2026-04-17 19:00,outflow0,0.000000,
2026-04-17 20:00,outflow0,0.000000,
2026-04-17 21:00,outflow0,0.000000,
2026-04-17 22:00,outflow0,0.000000,
2026-04-17 23:00,outflow0,0.000000,
2026-04-18 00:00,outflow0,0.000000,
2026-04-18 01:00,outflow0,0.000000,
2026-04-18 02:00,outflow0,0.000000,
2026-04-18 03:00,outflow0,0.000000,
2026-04-18 04:00,outflow0,0.000000,
2026-04-18 05:00,outflow0,0.000000,
2026-04-18 06:00,outflow0,0.000000,
2026-04-18 07:00,outflow0,0.000000,
2026-04-18 08:00,outflow0,0.000000,
2026-04-18 09:00,outflow0,0.000000,
2026-04-18 10:00,outflow0,0.000000,
2026-04-18 11:00,outflow0,0.000000,
2026-04-18 12:00,outflow0,0.000000,
2026-04-18 13:00,outflow0,0.000000,
2026-04-18 14:00,outflow0,0.000000,
2026-04-18 15:00,outflow0,0.000000,
2026-04-18 16:00,outflow0,0.000000,
2026-04-18 17:00,outflow0,0.000000,
2026-04-18 18:00,outflow0,0.000000,
2026-04-18 19:00,outflow0,0.000000,
2026-04-18 20:00,outflow0,0.000000,
2026-04-18 21:00,outflow0,0.000000,
2026-04-18 22:00,outflow0,0.000000,
2026-04-18 23:00,outflow0,0.000000,
2026-04-19 00:00,outflow0,0.000000,
2026-04-19 01:00,outflow0,0.000000,
2026-04-19 02:00,outflow0,0.000000,
2026-04-19 03:00,outflow0,0.000000,
2026-04-19 04:00,outflow0,0.000000,
2026-04-19 05:00,outflow0,0.000000,
2026-04-19 06:00,outflow0,0.000000,
2026-04-19 07:00,outflow0,0.000000,
2026-04-19 08:00,outflow0,0.000000,
2026-04-19 09:00,outflow0,0.000000,
2026-04-19 10:00,outflow0,0.000000,
2026-04-19 11:00,outflow0,0.000000,
2026-04-19 12:00,outflow0,0.000000,
2026-04-19 13:00,outflow0,0.000000,
2026-04-19 14:00,outflow0,0.000000,
2026-04-19 15:00,outflow0,0.000000,
2026-04-19 16:00,outflow0,0.000000,
2026-04-19 17:00,outflow0,0.000000,
2026-04-19 18:00,outflow0,0.000000,
2026-04-19 19:00,outflow0,0.000000,
2026-04-19 20:00,outflow0,0.000000,
2026-04-19 21:00,outflow0,0.000000,
2026-04-19 22:00,outflow0,0.000000,
2026-04-19 23:00,outflow0,0.000000,
2026-04-20 00:00,outflow0,0.000000,
2026-04-20 01:00,outflow0,0.000000,
2026-04-20 02:00,outflow0,0.000000,
2026-04-20 03:00,outflow0,0.000000,
2026-04-20 04:00,outflow0,0.000000,
2026-04-20 05:00,outflow0,0.000000,
2026-04-20 06:00,outflow0,0.000000,
2026-04-20 07:00,outflow0,0.000000,
2026-04-20 08:00,outflow0,0.000000,
2026-04-20 09:00,outflow0,0.000000,
2026-04-20 10:00,outflow0,0.000000,
2026-04-20 11:00,outflow0,0.000000,
2026-04-20 12:00,outflow0,0.000000,
2026-04-20 13:00,outflow0,0.000000,
2026-04-20 14:00,outflow0,0.000000,
2026-04-20 15:00,outflow0,0.000000,
2026-04-20 16:00,outflow0,0.000000,
2026-04-20 17:00,outflow0,0.000000,
2026-04-20 18:00,outflow0,0.000000,
2026-04-20 19:00,outflow0,0.000000,
2026-04-20 20:00,outflow0,0.000000,
2026-04-20 21:00,outflow0,0.000000,
2026-04-20 22:00,outflow0,0.000000,
2026-04-20 23:00,outflow0,0.000000,
2026-04-14 00:00,outflow1,0.000000,
2026-04-14 01:00,outflow1,0.000000,
2026-04-14 02:00,outflow1,0.000000,
2026-04-14 03:00,outflow1,0.000000,
2026-04-14 04:00,outflow1,0.000000,
2026-04-14 05:00,outflow1,0.000000,
2026-04-14 06:00,outflow1,0.000000,
2026-04-14 07:00,outflow1,0.000000,
2026-04-14 08:00,outflow1,0.000000,
2026-04-14 09:00,outflow1,0.000000,
2026-04-14 10:00,outflow1,0.000000,
2026-04-14 11:00,outflow1,0.000000,
2026-04-14 12:00,outflow1,0.000000,
2026-04-14 13:00,outflow1,0.000000,
2026-04-14 14:00,outflow1,0.000000,
2026-04-14 15:00,outflow1,0.000000,
2026-04-14 16:00,outflow1,0.000000,
2026-04-14 17:00,outflow1,0.000000,
2026-04-14 18:00,outflow1,0.000000,
2026-04-14 19:00,outflow1,0.000000,
2026-04-14 20:00,outflow1,0.000000,
2026-04-14 21:00,outflow1,0.000000,
2026-04-14 22:00,outflow1,0.000000,
2026-04-14 23:00,outflow1,0.000000,
2026-04-15 00:00,outflow1,0.000000,
2026-04-15 01:00,outflow1,0.000000,
2026-04-15 02:00,outflow1,0.000000,
2026-04-15 03:00,outflow1,0.000000,
2026-04-15 04:00,outflow1,0.000000,
2026-04-15 05:00,outflow1,0.000000,
2026-04-15 06:00,outflow1,0.000000,
2026-04-15 07:00,outflow1,0.000000,
2026-04-15 08:00,outflow1,0.000000,
2026-04-15 09:00,outflow1,0.000000,
2026-04-15 10:00,outflow1,0.000000,
2026-04-15 11:00,outflow1,0.000000,
2026-04-15 12:00,outflow1,0.000000,
2026-04-15 13:00,outflow1,0.000000,
2026-04-15 14:00,outflow1,0.000000,
2026-04-15 15:00,outflow1,0.000000,
2026-04-15 16:00,outflow1,0.000000,
2026-04-15 17:00,outflow1,0.000000,
2026-04-15 18:00,outflow1,0.000000,
2026-04-15 19:00,outflow1,0.000000,
2026-04-15 20:00,outflow1,0.000000,
2026-04-15 21:00,outflow1,0.000000,
2026-04-15 22:00,outflow1,0.000000,
2026-04-15 23:00,outflow1,0.000000,
2026-04-16 00:00,outflow1,0.000000,
2026-04-16 01:00,outflow1,0.000000,
2026-04-16 02:00,outflow1,0.000000,
2026-04-16 03:00,outflow1,0.000000,
2026-04-16 04:00,outflow1,0.000000,
2026-04-16 05:00,outflow1,0.000000,
2026-04-16 06:00,outflow1,0.000000,
2026-04-16 07:00,outflow1,0.000000,
2026-04-16 08:00,outflow1,0.000000,
2026-04-16 09:00,outflow1,0.000000,
2026-04-16 10:00,outflow1,0.000000,
2026-04-16 11:00,outflow1,0.000000,
2026-04-16 12:00,outflow1,0.000000,
2026-04-16 13:00,outflow1,0.000000,
2026-04-16 14:00,outflow1,0.000000,
2026-04-16 15:00,outflow1,0.000000,
2026-04-16 16:00,outflow1,0.000000,
2026-04-16 17:00,outflow1,0.000000,
2026-04-16 18:00,outflow1,0.000000,
2026-04-16 19:00,outflow1,0.000000,
2026-04-16 20:00,outflow1,0.000000,
2026-04-16 21:00,outflow1,0.000000,
2026-04-16 22:00,outflow1,0.000000,
2026-04-16 23:00,outflow1,0.000000,
2026-04-17 00:00,outflow1,0.000000,
2026-04-17 01:00,outflow1,0.000000,
2026-04-17 02:00,outflow1,0.000000,
2026-04-17 03:00,outflow1,0.000000,
2026-04-17 04:00,outflow1,0.000000,
2026-04-17 05:00,outflow1,0.000000,
2026-04-17 06:00,outflow1,0.000000,
2026-04-17 07:00,outflow1,0.000000,
2026-04-17 08:00,outflow1,0.000000,
2026-04-17 09:00,outflow1,0.000000,
2026-04-17 10:00,outflow1,0.000000,
2026-04-17 11:00,outflow1,0.000000,
2026-04-17 12:00,outflow1,0.000000,
2026-04-17 13:00,outflow1,0.000000,
2026-04-17 14:00,outflow1,0.000000,
2026-04-17 15:00,outflow1,0.000000,
2026-04-17 16:00,outflow1,0.000000,
2026-04-17 17:00,outflow1,0.000000,
2026-04-17 18:00,outflow1,0.000000,
2026-04-17 19:00,outflow1,0.000000,
2026-04-17 20:00,outflow1,0.000000,
2026-04-17 21:00,outflow1,0.000000,
2026-04-17 22:00,outflow1,0.000000,
2026-04-17 23:00,outflow1,0.000000,
2026-04-18 00:00,outflow1,0.000000,
2026-04-18 01:00,outflow1,0.000000,
2026-04-18 02:00,outflow1,0.000000,
2026-04-18 03:00,outflow1,0.000000,
2026-04-18 04:00,outflow1,0.000000,
2026-04-18 05:00,outflow1,0.000000,
2026-04-18 06:00,outflow1,0.000000,
2026-04-18 07:00,outflow1,0.000000,
2026-04-18 08:00,outflow1,0.000000,
2026-04-18 09:00,outflow1,0.000000,
2026-04-18 10:00,outflow1,0.000000,
2026-04-18 11:00,outflow1,0.000000,
2026-04-18 12:00,outflow1,0.000000,
2026-04-18 13:00,outflow1,0.000000,
2026-04-18 14:00,outflow1,0.000000,
2026-04-18 15:00,outflow1,0.000000,
2026-04-18 16:00,outflow1,0.000000,
2026-04-18 17:00,outflow1,0.000000,
2026-04-18 18:00,outflow1,0.000000,
2026-04-18 19:00,outflow1,0.000000,
2026-04-18 20:00,outflow1,0.000000,
2026-04-18 21:00,outflow1,0.000000,
2026-04-18 22:00,outflow1,0.000000,
2026-04-18 23:00,outflow1,0.000000,
2026-04-19 00:00,outflow1,0.000000,
2026-04-19 01:00,outflow1,0.000000,
2026-04-19 02:00,outflow1,0.000000,
2026-04-19 03:00,outflow1,0.000000,
2026-04-19 04:00,outflow1,0.000000,
2026-04-19 05:00,outflow1,0.000000,
2026-04-19 06:00,outflow1,0.000000,
2026-04-19 07:00,outflow1,0.000000,
2026-04-19 08:00,outflow1,0.000000,
2026-04-19 09:00,outflow1,0.000000,
2026-04-19 10:00,outflow1,0.000000,
2026-04-19 11:00,outflow1,0.000000,
2026-04-19 12:00,outflow1,0.000000,
2026-04-19 13:00,outflow1,0.000000,
2026-04-19 14:00,outflow1,0.000000,
2026-04-19 15:00,outflow1,0.000000,
2026-04-19 16:00,outflow1,0.000000,
2026-04-19 17:00,outflow1,0.000000,
2026-04-19 18:00,outflow1,0.000000,
2026-04-19 19:00,outflow1,0.000000,
2026-04-19 20:00,outflow1,0.000000,
2026-04-19 21:00,outflow1,0.000000,
2026-04-19 22:00,outflow1,0.000000,
2026-04-19 23:00,outflow1,0.000000,
2026-04-20 00:00,outflow1,0.000000,
2026-04-20 01:00,outflow1,0.000000,
2026-04-20 02:00,outflow1,0.000000,
2026-04-20 03:00,outflow1,0.000000,
2026-04-20 04:00,outflow1,0.000000,
2026-04-20 05:00,outflow1,0.000000,
2026-04-20 06:00,outflow1,0.000000,
2026-04-20 07:00,outflow1,0.000000,
2026-04-20 08:00,outflow1,0.000000,
2026-04-20 09:00,outflow1,0.000000,
2026-04-20 10:00,outflow1,0.000000,
2026-04-20 11:00,outflow1,0.000000,
2026-04-20 12:00,outflow1,0.000000,
2026-04-20 13:00,outflow1,0.000000,
2026-04-20 14:00,outflow1,0.000000,
2026-04-20 15:00,outflow1,0.000000,
2026-04-20 16:00,outflow1,0.000000,
2026-04-20 17:00,outflow1,0.000000,
2026-04-20 18:00,outflow1,0.000000,
2026-04-20 19:00,outflow1,0.000000,
2026-04-20 20:00,outflow1,0.000000,
2026-04-20 21:00,outflow1,0.000000,
2026-04-20 22:00,outflow1,0.000000,
2026-04-20 23:00,outflow1,0.000000,
2026-04-14 00:00,outflow10,0.000000,
2026-04-14 01:00,outflow10,0.000000,
2026-04-14 02:00,outflow10,0.000000,
2026-04-14 03:00,outflow10,0.000000,
2026-04-14 04:00,outflow10,0.000000,
2026-04-14 05:00,outflow10,0.000000,
2026-04-14 06:00,outflow10,0.000000,
2026-04-14 07:00,outflow10,0.000000,
2026-04-14 08:00,outflow10,0.000000,
2026-04-14 09:00,outflow10,0.000000,
2026-04-14 10:00,outflow10,0.000000,
2026-04-14 11:00,outflow10,0.000000,
2026-04-14 12:00,outflow10,0.000000,
2026-04-14 13:00,outflow10,0.000000,
2026-04-14 14:00,outflow10,0.000000,
2026-04-14 15:00,outflow10,0.000000,
2026-04-14 16:00,outflow10,0.000000,
2026-04-14 17:00,outflow10,0.000000,
2026-04-14 18:00,outflow10,0.000000,
2026-04-14 19:00,outflow10,0.000000,
2026-04-14 20:00,outflow10,0.000000,
2026-04-14 21:00,outflow10,0.000000,
2026-04-14 22:00,outflow10,0.000000,
2026-04-14 23:00,outflow10,0.000000,
2026-04-15 00:00,outflow10,0.000000,
2026-04-15 01:00,outflow10,0.000000,
2026-04-15 02:00,outflow10,0.000000,
2026-04-15 03:00,outflow10,0.000000,
2026-04-15 04:00,outflow10,0.000000,
2026-04-15 05:00,outflow10,0.000000,
2026-04-15 06:00,outflow10,0.000000,
2026-04-15 07:00,outflow10,0.000000,
2026-04-15 08:00,outflow10,0.000000,
2026-04-15 09:00,outflow10,0.000000,
2026-04-15 10:00,outflow10,0.000000,
2026-04-15 11:00,outflow10,0.000000,
2026-04-15 12:00,outflow10,0.000000,
2026-04-15 13:00,outflow10,0.000000,
2026-04-15 14:00,outflow10,0.000000,
2026-04-15 15:00,outflow10,0.000000,
2026-04-15 16:00,outflow10,0.000000,
2026-04-15 17:00,outflow10,0.000000,
2026-04-15 18:00,outflow10,0.000000,
2026-04-15 19:00,outflow10,0.000000,
2026-04-15 20:00,outflow10,0.000000,
2026-04-15 21:00,outflow10,0.000000,
2026-04-15 22:00,outflow10,0.000000,
2026-04-15 23:00,outflow10,0.000000,
2026-04-16 00:00,outflow10,0.000000,
2026-04-16 01:00,outflow10,0.000000,
2026-04-16 02:00,outflow10,0.000000,
2026-04-16 03:00,outflow10,0.000000,
2026-04-16 04:00,outflow10,0.000000,
2026-04-16 05:00,outflow10,0.000000,
2026-04-16 06:00,outflow10,0.000000,
2026-04-16 07:00,outflow10,0.000000,
2026-04-16 08:00,outflow10,0.000000,
2026-04-16 09:00,outflow10,0.000000,
2026-04-16 10:00,outflow10,0.000000,
2026-04-16 11:00,outflow10,0.000000,
2026-04-16 12:00,outflow10,0.000000,
2026-04-16 13:00,outflow10,0.000000,
2026-04-16 14:00,outflow10,0.000000,
2026-04-16 15:00,outflow10,0.000000,
2026-04-16 16:00,outflow10,0.000000,
2026-04-16 17:00,outflow10,0.000000,
2026-04-16 18:00,outflow10,0.000000,
2026-04-16 19:00,outflow10,0.000000,
2026-04-16 20:00,outflow10,0.000000,
2026-04-16 21:00,outflow10,0.000000,
2026-04-16 22:00,outflow10,0.000000,
2026-04-16 23:00,outflow10,0.000000,
2026-04-17 00:00,outflow10,0.000000,
2026-04-17 01:00,outflow10,0.000000,
2026-04-17 02:00,outflow10,0.000000,
2026-04-17 03:00,outflow10,0.000000,
2026-04-17 04:00,outflow10,0.000000,
2026-04-17 05:00,outflow10,0.000000,
2026-04-17 06:00,outflow10,0.000000,
2026-04-17 07:00,outflow10,0.000000,
2026-04-17 08:00,outflow10,0.000000,
2026-04-17 09:00,outflow10,0.000000,
2026-04-17 10:00,outflow10,0.000000,
2026-04-17 11:00,outflow10,0.000000,
2026-04-17 12:00,outflow10,0.000000,
2026-04-17 13:00,outflow10,0.000000,
2026-04-17 14:00,outflow10,0.000000,
2026-04-17 15:00,outflow10,0.000000,
2026-04-17 16:00,outflow10,0.000000,
2026-04-17 17:00,outflow10,0.000000,
2026-04-17 18:00,outflow10,0.000000,
2026-04-17 19:00,outflow10,0.000000,
2026-04-17 20:00,outflow10,0.000000,
2026-04-17 21:00,outflow10,0.000000,
2026-04-17 22:00,outflow10,0.000000,
2026-04-17 23:00,outflow10,0.000000,
2026-04-18 00:00,outflow10,0.000000,
2026-04-18 01:00,outflow10,0.000000,
2026-04-18 02:00,outflow10,0.000000,
2026-04-18 03:00,outflow10,0.000000,
2026-04-18 04:00,outflow10,0.000000,
2026-04-18 05:00,outflow10,0.000000,
2026-04-18 06:00,outflow10,0.000000,
2026-04-18 07:00,outflow10,0.000000,
2026-04-18 08:00,outflow10,0.000000,
2026-04-18 09:00,outflow10,0.000000,
2026-04-18 10:00,outflow10,0.000000,
2026-04-18 11:00,outflow10,0.000000,
2026-04-18 12:00,outflow10,0.000000,
2026-04-18 13:00,outflow10,0.000000,
2026-04-18 14:00,outflow10,0.000000,
2026-04-18 15:00,outflow10,0.000000,
2026-04-18 16:00,outflow10,0.000000,
2026-04-18 17:00,outflow10,0.000000,
2026-04-18 18:00,outflow10,0.000000,
2026-04-18 19:00,outflow10,0.000000,
2026-04-18 20:00,outflow10,0.000000,
2026-04-18 21:00,outflow10,0.000000,
2026-04-18 22:00,outflow10,0.000000,
2026-04-18 23:00,outflow10,0.000000,
2026-04-19 00:00,outflow10,0.000000,
2026-04-19 01:00,outflow10,0.000000,
2026-04-19 02:00,outflow10,0.000000,
2026-04-19 03:00,outflow10,0.000000,
2026-04-19 04:00,outflow10,0.000000,
2026-04-19 05:00,outflow10,0.000000,
2026-04-19 06:00,outflow10,0.000000,
2026-04-19 07:00,outflow10,0.000000,
2026-04-19 08:00,outflow10,0.000000,
2026-04-19 09:00,outflow10,0.000000,
2026-04-19 10:00,outflow10,0.000000,
2026-04-19 11:00,outflow10,0.000000,
2026-04-19 12:00,outflow10,0.000000,
2026-04-19 13:00,outflow10,0.000000,
2026-04-19 14:00,outflow10,0.000000,
2026-04-19 15:00,outflow10,0.000000,
2026-04-19 16:00,outflow10,0.000000,
2026-04-19 17:00,outflow10,0.000000,
2026-04-19 18:00,outflow10,0.000000,
2026-04-19 19:00,outflow10,0.000000,
2026-04-19 20:00,outflow10,0.000000,
2026-04-19 21:00,outflow10,0.000000,
2026-04-19 22:00,outflow10,0.000000,
2026-04-19 23:00,outflow10,0.000000,
2026-04-20 00:00,outflow10,0.000000,
2026-04-20 01:00,outflow10,0.000000,
2026-04-20 02:00,outflow10,0.000000,
2026-04-20 03:00,outflow10,0.000000,
2026-04-20 04:00,outflow10,0.000000,
2026-04-20 05:00,outflow10,0.000000,
2026-04-20 06:00,outflow10,0.000000,
2026-04-20 07:00,outflow10,0.000000,
2026-04-20 08:00,outflow10,0.000000,
2026-04-20 09:00,outflow10,0.000000,
2026-04-20 10:00,outflow10,0.000000,
2026-04-20 11:00,outflow10,0.000000,
2026-04-20 12:00,outflow10,0.000000,
2026-04-20 13:00,outflow10,0.000000,
2026-04-20 14:00,outflow10,0.000000,
2026-04-20 15:00,outflow10,0.000000,
2026-04-20 16:00,outflow10,0.000000,
2026-04-20 17:00,outflow10,0.000000,
2026-04-20 18:00,outflow10,0.000000,
2026-04-20 19:00,outflow10,0.000000,
2026-04-20 20:00,outflow10,0.000000,
2026-04-20 21:00,outflow10,0.000000,
2026-04-20 22:00,outflow10,0.000000,
2026-04-20 23:00,outflow10,0.000000,
2026-04-14 00:00,outflow2,0.000000,
2026-04-14 01:00,outflow2,0.000000,
2026-04-14 02:00,outflow2,0.000000,
2026-04-14 03:00,outflow2,0.000000,
2026-04-14 04:00,outflow2,0.000000,
2026-04-14 05:00,outflow2,0.000000,
2026-04-14 06:00,outflow2,0.000000,
2026-04-14 07:00,outflow2,0.000000,
2026-04-14 08:00,outflow2,0.000000,
2026-04-14 09:00,outflow2,0.000000,
2026-04-14 10:00,outflow2,0.000000,
2026-04-14 11:00,outflow2,0.000000,
2026-04-14 12:00,outflow2,0.000000,
2026-04-14 13:00,outflow2,0.000000,
2026-04-14 14:00,outflow2,0.000000,
2026-04-14 15:00,outflow2,0.000000,
2026-04-14 16:00,outflow2,0.000000,
2026-04-14 17:00,outflow2,0.000000,
2026-04-14 18:00,outflow2,0.000000,
2026-04-14 19:00,outflow2,0.000000,
2026-04-14 20:00,outflow2,0.000000,
2026-04-14 21:00,outflow2,0.000000,
2026-04-14 22:00,outflow2,0.000000,
2026-04-14 23:00,outflow2,0.000000,
2026-04-15 00:00,outflow2,0.000000,
2026-04-15 01:00,outflow2,0.000000,
2026-04-15 02:00,outflow2,0.000000,
2026-04-15 03:00,outflow2,0.000000,
2026-04-15 04:00,outflow2,0.000000,
2026-04-15 05:00,outflow2,0.000000,
2026-04-15 06:00,outflow2,0.000000,
2026-04-15 07:00,outflow2,0.000000,
2026-04-15 08:00,outflow2,0.000000,
2026-04-15 09:00,outflow2,0.000000,
2026-04-15 10:00,outflow2,0.000000,
2026-04-15 11:00,outflow2,0.000000,
2026-04-15 12:00,outflow2,0.000000,
2026-04-15 13:00,outflow2,0.000000,
2026-04-15 14:00,outflow2,0.000000,
2026-04-15 15:00,outflow2,0.000000,
2026-04-15 16:00,outflow2,0.000000,
2026-04-15 17:00,outflow2,0.000000,
2026-04-15 18:00,outflow2,0.000000,
2026-04-15 19:00,outflow2,0.000000,
2026-04-15 20:00,outflow2,0.000000,
2026-04-15 21:00,outflow2,0.000000,
2026-04-15 22:00,outflow2,0.000000,
2026-04-15 23:00,outflow2,0.000000,
2026-04-16 00:00,outflow2,0.000000,
2026-04-16 01:00,outflow2,0.000000,
2026-04-16 02:00,outflow2,0.000000,
2026-04-16 03:00,outflow2,0.000000,
2026-04-16 04:00,outflow2,0.000000,
2026-04-16 05:00,outflow2,0.000000,
2026-04-16 06:00,outflow2,0.000000,
2026-04-16 07:00,outflow2,0.000000,
2026-04-16 08:00,outflow2,0.000000,
2026-04-16 09:00,outflow2,0.000000,
2026-04-16 10:00,outflow2,0.000000,
2026-04-16 11:00,outflow2,0.000000,
2026-04-16 12:00,outflow2,0.000000,
2026-04-16 13:00,outflow2,0.000000,
2026-04-16 14:00,outflow2,0.000000,
2026-04-16 15:00,outflow2,0.000000,
2026-04-16 16:00,outflow2,0.000000,
2026-04-16 17:00,outflow2,0.000000,
2026-04-16 18:00,outflow2,0.000000,
2026-04-16 19:00,outflow2,0.000000,
2026-04-16 20:00,outflow2,0.000000,
2026-04-16 21:00,outflow2,0.000000,
2026-04-16 22:00,outflow2,0.000000,
2026-04-16 23:00,outflow2,0.000000,
2026-04-17 00:00,outflow2,0.000000,
2026-04-17 01:00,outflow2,0.000000,
2026-04-17 02:00,outflow2,0.000000,
2026-04-17 03:00,outflow2,0.000000,
2026-04-17 04:00,outflow2,0.000000,
2026-04-17 05:00,outflow2,0.000000,
2026-04-17 06:00,outflow2,0.000000,
2026-04-17 07:00,outflow2,0.000000,
2026-04-17 08:00,outflow2,0.000000,
2026-04-17 09:00,outflow2,0.000000,
2026-04-17 10:00,outflow2,0.000000,
2026-04-17 11:00,outflow2,0.000000,
2026-04-17 12:00,outflow2,0.000000,
2026-04-17 13:00,outflow2,0.000000,
2026-04-17 14:00,outflow2,0.000000,
2026-04-17 15:00,outflow2,0.000000,
2026-04-17 16:00,outflow2,0.000000,
2026-04-17 17:00,outflow2,0.000000,
2026-04-17 18:00,outflow2,0.000000,
2026-04-17 19:00,outflow2,0.000000,
2026-04-17 20:00,outflow2,0.000000,
2026-04-17 21:00,outflow2,0.000000,
2026-04-17 22:00,outflow2,0.000000,
2026-04-17 23:00,outflow2,0.000000,
2026-04-18 00:00,outflow2,0.000000,
2026-04-18 01:00,outflow2,0.000000,
2026-04-18 02:00,outflow2,0.000000,
2026-04-18 03:00,outflow2,0.000000,
2026-04-18 04:00,outflow2,0.000000,
2026-04-18 05:00,outflow2,0.000000,
2026-04-18 06:00,outflow2,0.000000,
2026-04-18 07:00,outflow2,0.000000,
2026-04-18 08:00,outflow2,0.000000,
2026-04-18 09:00,outflow2,0.000000,
2026-04-18 10:00,outflow2,0.000000,
2026-04-18 11:00,outflow2,0.000000,
2026-04-18 12:00,outflow2,0.000000,
2026-04-18 13:00,outflow2,0.000000,
2026-04-18 14:00,outflow2,0.000000,
2026-04-18 15:00,outflow2,0.000000,
2026-04-18 16:00,outflow2,0.000000,
2026-04-18 17:00,outflow2,0.000000,
2026-04-18 18:00,outflow2,0.000000,
2026-04-18 19:00,outflow2,0.000000,
2026-04-18 20:00,outflow2,0.000000,
2026-04-18 21:00,outflow2,0.000000,
2026-04-18 22:00,outflow2,0.000000,
2026-04-18 23:00,outflow2,0.000000,
2026-04-19 00:00,outflow2,0.000000,
2026-04-19 01:00,outflow2,0.000000,
2026-04-19 02:00,outflow2,0.000000,
2026-04-19 03:00,outflow2,0.000000,
2026-04-19 04:00,outflow2,0.000000,
2026-04-19 05:00,outflow2,0.000000,
2026-04-19 06:00,outflow2,0.000000,
2026-04-19 07:00,outflow2,0.000000,
2026-04-19 08:00,outflow2,0.000000,
2026-04-19 09:00,outflow2,0.000000,
2026-04-19 10:00,outflow2,0.000000,
2026-04-19 11:00,outflow2,0.000000,
2026-04-19 12:00,outflow2,0.000000,
2026-04-19 13:00,outflow2,0.000000,
2026-04-19 14:00,outflow2,0.000000,
2026-04-19 15:00,outflow2,0.000000,
2026-04-19 16:00,outflow2,0.000000,
2026-04-19 17:00,outflow2,0.000000,
2026-04-19 18:00,outflow2,0.000000,
2026-04-19 19:00,outflow2,0.000000,
2026-04-19 20:00,outflow2,0.000000,
2026-04-19 21:00,outflow2,0.000000,
2026-04-19 22:00,outflow2,0.000000,
2026-04-19 23:00,outflow2,0.000000,
2026-04-20 00:00,outflow2,0.000000,
2026-04-20 01:00,outflow2,0.000000,
2026-04-20 02:00,outflow2,0.000000,
2026-04-20 03:00,outflow2,0.000000,
2026-04-20 04:00,outflow2,0.000000,
2026-04-20 05:00,outflow2,0.000000,
2026-04-20 06:00,outflow2,0.000000,
2026-04-20 07:00,outflow2,0.000000,
2026-04-20 08:00,outflow2,0.000000,
2026-04-20 09:00,outflow2,0.000000,
2026-04-20 10:00,outflow2,0.000000,
2026-04-20 11:00,outflow2,0.000000,
2026-04-20 12:00,outflow2,0.000000,
2026-04-20 13:00,outflow2,0.000000,
2026-04-20 14:00,outflow2,0.000000,
2026-04-20 15:00,outflow2,0.000000,
2026-04-20 16:00,outflow2,0.000000,
2026-04-20 17:00,outflow2,0.000000,
2026-04-20 18:00,outflow2,0.000000,
2026-04-20 19:00,outflow2,0.000000,
2026-04-20 20:00,outflow2,0.000000,
2026-04-20 21:00,outflow2,0.000000,
2026-04-20 22:00,outflow2,0.000000,
2026-04-20 23:00,outflow2,0.000000,
2026-04-14 00:00,outflow3,0.374416,
2026-04-14 01:00,outflow3,0.000000,
2026-04-14 02:00,outflow3,0.000000,
2026-04-14 03:00,outflow3,0.000000,
2026-04-14 04:00,outflow3,0.000000,
2026-04-14 05:00,outflow3,0.198030,
2026-04-14 06:00,outflow3,0.334290,
2026-04-14 07:00,outflow3,0.000000,
2026-04-14 08:00,outflow3,0.000000,
2026-04-14 09:00,outflow3,0.000000,
2026-04-14 10:00,outflow3,0.000000,
2026-04-14 11:00,outflow3,0.000000,
2026-04-14 12:00,outflow3,0.000000,
2026-04-14 13:00,outflow3,0.000000,
2026-04-14 14:00,outflow3,0.000000,
2026-04-14 15:00,outflow3,0.000000,
2026-04-14 16:00,outflow3,0.000000,
2026-04-14 17:00,outflow3,0.000000,
2026-04-14 18:00,outflow3,0.000000,
2026-04-14 19:00,outflow3,0.000000,
2026-04-14 20:00,outflow3,0.000000,
2026-04-14 21:00,outflow3,0.000000,
2026-04-14 22:00,outflow3,0.000000,
2026-04-14 23:00,outflow3,0.000000,
2026-04-15 00:00,outflow3,0.000000,
2026-04-15 01:00,outflow3,0.000000,
2026-04-15 02:00,outflow3,0.000000,
2026-04-15 03:00,outflow3,0.000000,
2026-04-15 04:00,outflow3,0.000000,
2026-04-15 05:00,outflow3,0.000000,
2026-04-15 06:00,outflow3,0.000000,
2026-04-15 07:00,outflow3,0.000000,
2026-04-15 08:00,outflow3,0.000000,
2026-04-15 09:00,outflow3,0.000000,
2026-04-15 10:00,outflow3,0.000000,
2026-04-15 11:00,outflow3,0.000000,
2026-04-15 12:00,outflow3,0.000000,
2026-04-15 13:00,outflow3,0.000000,
2026-04-15 14:00,outflow3,0.000000,
2026-04-15 15:00,outflow3,0.000000,
2026-04-15 16:00,outflow3,0.000000,
2026-04-15 17:00,outflow3,0.000000,
2026-04-15 18:00,outflow3,0.000000,
2026-04-15 19:00,outflow3,0.000000,
2026-04-15 20:00,outflow3,0.000000,
2026-04-15 21:00,outflow3,0.000000,
2026-04-15 22:00,outflow3,0.000000,
2026-04-15 23:00,outflow3,0.000000,
2026-04-16 00:00,outflow3,0.000000,
2026-04-16 01:00,outflow3,0.000000,
2026-04-16 02:00,outflow3,0.000000,
2026-04-16 03:00,outflow3,0.000000,
2026-04-16 04:00,outflow3,0.000000,
2026-04-16 05:00,outflow3,0.000000,
2026-04-16 06:00,outflow3,0.000000,
2026-04-16 07:00,outflow3,0.000000,
2026-04-16 08:00,outflow3,0.000000,
2026-04-16 09:00,outflow3,0.000000,
2026-04-16 10:00,outflow3,0.000000,
2026-04-16 11:00,outflow3,0.000000,
2026-04-16 12:00,outflow3,0.000000,
2026-04-16 13:00,outflow3,0.000000,
2026-04-16 14:00,outflow3,0.000000,
2026-04-16 15:00,outflow3,0.000000,
2026-04-16 16:00,outflow3,0.000000,
2026-04-16 17:00,outflow3,0.000000,
2026-04-16 18:00,outflow3,0.000000,
2026-04-16 19:00,outflow3,0.000000,
2026-04-16 20:00,outflow3,0.000000,
2026-04-16 21:00,outflow3,0.000000,
2026-04-16 22:00,outflow3,0.000000,
2026-04-16 23:00,outflow3,0.000000,
2026-04-17 00:00,outflow3,0.000000,
2026-04-17 01:00,outflow3,0.000000,
2026-04-17 02:00,outflow3,0.000000,
2026-04-17 03:00,outflow3,0.000000,
2026-04-17 04:00,outflow3,0.000000,
2026-04-17 05:00,outflow3,0.000000,
2026-04-17 06:00,outflow3,0.000000,
2026-04-17 07:00,outflow3,0.000000,
2026-04-17 08:00,outflow3,0.000000,
2026-04-17 09:00,outflow3,0.000000,
2026-04-17 10:00,outflow3,0.000000,
2026-04-17 11:00,outflow3,0.000000,
2026-04-17 12:00,outflow3,0.000000,
2026-04-17 13:00,outflow3,0.000000,
2026-04-17 14:00,outflow3,0.000000,
2026-04-17 15:00,outflow3,0.000000,
2026-04-17 16:00,outflow3,0.000000,
2026-04-17 17:00,outflow3,0.000000,
2026-04-17 18:00,outflow3,0.000000,
2026-04-17 19:00,outflow3,0.000000,
2026-04-17 20:00,outflow3,0.000000,
2026-04-17 21:00,outflow3,0.000000,
2026-04-17 22:00,outflow3,0.000000,
2026-04-17 23:00,outflow3,0.000000,
2026-04-18 00:00,outflow3,0.000000,
2026-04-18 01:00,outflow3,0.000000,
2026-04-18 02:00,outflow3,0.000000,
2026-04-18 03:00,outflow3,0.000000,
2026-04-18 04:00,outflow3,0.000000,
2026-04-18 05:00,outflow3,0.000000,
2026-04-18 06:00,outflow3,0.000000,
2026-04-18 07:00,outflow3,0.000000,
2026-04-18 08:00,outflow3,0.000000,
2026-04-18 09:00,outflow3,0.000000,
2026-04-18 10:00,outflow3,0.000000,
2026-04-18 11:00,outflow3,0.000000,
2026-04-18 12:00,outflow3,0.000000,
2026-04-18 13:00,outflow3,0.000000,
2026-04-18 14:00,outflow3,0.000000,
2026-04-18 15:00,outflow3,0.000000,
2026-04-18 16:00,outflow3,0.000000,
2026-04-18 17:00,outflow3,0.000000,
2026-04-18 18:00,outflow3,0.000000,
2026-04-18 19:00,outflow3,0.000000,
2026-04-18 20:00,outflow3,0.000000,
2026-04-18 21:00,outflow3,0.000000,
2026-04-18 22:00,outflow3,0.000000,
2026-04-18 23:00,outflow3,0.000000,
2026-04-19 00:00,outflow3,0.000000,
2026-04-19 01:00,outflow3,0.000000,
2026-04-19 02:00,outflow3,0.000000,
2026-04-19 03:00,outflow3,0.000000,
2026-04-19 04:00,outflow3,0.000000,
2026-04-19 05:00,outflow3,0.000000,
2026-04-19 06:00,outflow3,0.000000,
2026-04-19 07:00,outflow3,0.000000,
2026-04-19 08:00,outflow3,0.000000,
2026-04-19 09:00,outflow3,0.000000,
2026-04-19 10:00,outflow3,0.000000,
2026-04-19 11:00,outflow3,0.000000,
2026-04-19 12:00,outflow3,0.000000,
2026-04-19 13:00,outflow3,0.000000,
2026-04-19 14:00,outflow3,0.000000,
2026-04-19 15:00,outflow3,0.000000,
2026-04-19 16:00,outflow3,0.000000,
2026-04-19 17:00,outflow3,0.000000,
2026-04-19 18:00,outflow3,0.000000,
2026-04-19 19:00,outflow3,0.000000,
2026-04-19 20:00,outflow3,0.000000,
2026-04-19 21:00,outflow3,0.000000,
2026-04-19 22:00,outflow3,0.000000,
2026-04-19 23:00,outflow3,0.000000,
2026-04-20 00:00,outflow3,0.000000,
2026-04-20 01:00,outflow3,0.000000,
2026-04-20 02:00,outflow3,0.000000,
2026-04-20 03:00,outflow3,0.000000,
2026-04-20 04:00,outflow3,0.000000,
2026-04-20 05:00,outflow3,0.000000,
2026-04-20 06:00,outflow3,0.000000,
2026-04-20 07:00,outflow3,0.000000,
2026-04-20 08:00,outflow3,0.000000,
2026-04-20 09:00,outflow3,0.000000,
2026-04-20 10:00,outflow3,0.000000,
2026-04-20 11:00,outflow3,0.000000,
2026-04-20 12:00,outflow3,0.000000,
2026-04-20 13:00,outflow3,0.000000,
2026-04-20 14:00,outflow3,0.000000,
2026-04-20 15:00,outflow3,0.000000,
2026-04-20 16:00,outflow3,0.000000,
2026-04-20 17:00,outflow3,0.000000,
2026-04-20 18:00,outflow3,0.000000,
2026-04-20 19:00,outflow3,0.000000,
2026-04-20 20:00,outflow3,0.000000,
2026-04-20 21:00,outflow3,0.000000,
2026-04-20 22:00,outflow3,0.000000,
2026-04-20 23:00,outflow3,0.000000,
2026-04-14 00:00,outflow4,0.166992,
2026-04-14 01:00,outflow4,0.000000,
2026-04-14 02:00,outflow4,0.000000,
2026-04-14 03:00,outflow4,0.000000,
2026-04-14 04:00,outflow4,0.000000,
2026-04-14 05:00,outflow4,0.063815,
2026-04-14 06:00,outflow4,0.270410,
2026-04-14 07:00,outflow4,0.099771,
2026-04-14 08:00,outflow4,0.000000,
2026-04-14 09:00,outflow4,0.000000,
2026-04-14 10:00,outflow4,0.000000,
2026-04-14 11:00,outflow4,0.000000,
2026-04-14 12:00,outflow4,0.000000,
2026-04-14 13:00,outflow4,0.000000,
2026-04-14 14:00,outflow4,0.000000,
2026-04-14 15:00,outflow4,0.000000,
2026-04-14 16:00,outflow4,0.000000,
2026-04-14 17:00,outflow4,0.000000,
2026-04-14 18:00,outflow4,0.000000,
2026-04-14 19:00,outflow4,0.000000,
2026-04-14 20:00,outflow4,0.000000,
2026-04-14 21:00,outflow4,0.000000,
2026-04-14 22:00,outflow4,0.000000,
2026-04-14 23:00,outflow4,0.000000,
2026-04-15 00:00,outflow4,0.000000,
2026-04-15 01:00,outflow4,0.000000,
2026-04-15 02:00,outflow4,0.000000,
2026-04-15 03:00,outflow4,0.000000,
2026-04-15 04:00,outflow4,0.000000,
2026-04-15 05:00,outflow4,0.000000,
2026-04-15 06:00,outflow4,0.000000,
2026-04-15 07:00,outflow4,0.000000,
2026-04-15 08:00,outflow4,0.000000,
2026-04-15 09:00,outflow4,0.000000,
2026-04-15 10:00,outflow4,0.000000,
2026-04-15 11:00,outflow4,0.000000,
2026-04-15 12:00,outflow4,0.000000,
2026-04-15 13:00,outflow4,0.000000,
2026-04-15 14:00,outflow4,0.000000,
2026-04-15 15:00,outflow4,0.000000,
2026-04-15 16:00,outflow4,0.000000,
2026-04-15 17:00,outflow4,0.000000,
2026-04-15 18:00,outflow4,0.000000,
2026-04-15 19:00,outflow4,0.000000,
2026-04-15 20:00,outflow4,0.000000,
2026-04-15 21:00,outflow4,0.489047,
2026-04-15 22:00,outflow4,0.226263,
2026-04-15 23:00,outflow4,0.000000,
2026-04-16 00:00,outflow4,0.000000,
2026-04-16 01:00,outflow4,0.000000,
2026-04-16 02:00,outflow4,0.000000,
2026-04-16 03:00,outflow4,0.281068,
2026-04-16 04:00,outflow4,0.000000,
2026-04-16 05:00,outflow4,0.000000,
2026-04-16 06:00,outflow4,0.223602,
2026-04-16 07:00,outflow4,0.000000,
2026-04-16 08:00,outflow4,0.000000,
2026-04-16 09:00,outflow4,0.000000,
2026-04-16 10:00,outflow4,0.223602,
2026-04-16 11:00,outflow4,0.000000,
2026-04-16 12:00,outflow4,0.000000,
2026-04-16 13:00,outflow4,0.000000,
2026-04-16 14:00,outflow4,0.000000,
2026-04-16 15:00,outflow4,0.000000,
2026-04-16 16:00,outflow4,0.000000,
2026-04-16 17:00,outflow4,0.000000,
2026-04-16 18:00,outflow4,0.000000,
2026-04-16 19:00,outflow4,0.000000,
2026-04-16 20:00,outflow4,0.000000,
2026-04-16 21:00,outflow4,0.000000,
2026-04-16 22:00,outflow4,0.000000,
2026-04-16 23:00,outflow4,0.000000,
2026-04-17 00:00,outflow4,0.000000,
2026-04-17 01:00,outflow4,0.000000,
2026-04-17 02:00,outflow4,0.000000,
2026-04-17 03:00,outflow4,0.000000,
2026-04-17 04:00,outflow4,0.000000,
2026-04-17 05:00,outflow4,0.000000,
2026-04-17 06:00,outflow4,0.000000,
2026-04-17 07:00,outflow4,0.000000,
2026-04-17 08:00,outflow4,0.000000,
2026-04-17 09:00,outflow4,0.000000,
2026-04-17 10:00,outflow4,0.000000,
2026-04-17 11:00,outflow4,0.000000,
2026-04-17 12:00,outflow4,0.000000,
2026-04-17 13:00,outflow4,0.000000,
2026-04-17 14:00,outflow4,0.000000,
2026-04-17 15:00,outflow4,0.000000,
2026-04-17 16:00,outflow4,0.000000,
2026-04-17 17:00,outflow4,0.000000,
2026-04-17 18:00,outflow4,0.000000,
2026-04-17 19:00,outflow4,0.000000,
2026-04-17 20:00,outflow4,0.000000,
2026-04-17 21:00,outflow4,0.000000,
2026-04-17 22:00,outflow4,0.000000,
2026-04-17 23:00,outflow4,0.000000,
2026-04-18 00:00,outflow4,0.000000,
2026-04-18 01:00,outflow4,0.000000,
2026-04-18 02:00,outflow4,0.000000,
2026-04-18 03:00,outflow4,0.000000,
2026-04-18 04:00,outflow4,0.000000,
2026-04-18 05:00,outflow4,0.000000,
2026-04-18 06:00,outflow4,0.000000,
2026-04-18 07:00,outflow4,0.000000,
2026-04-18 08:00,outflow4,0.000000,
2026-04-18 09:00,outflow4,0.000000,
2026-04-18 10:00,outflow4,0.000000,
2026-04-18 11:00,outflow4,0.000000,
2026-04-18 12:00,outflow4,0.000000,
2026-04-18 13:00,outflow4,0.000000,
2026-04-18 14:00,outflow4,0.000000,
2026-04-18 15:00,outflow4,0.000000,
2026-04-18 16:00,outflow4,0.000000,
2026-04-18 17:00,outflow4,0.000000,
2026-04-18 18:00,outflow4,0.000000,
2026-04-18 19:00,outflow4,0.000000,
2026-04-18 20:00,outflow4,0.000000,
2026-04-18 21:00,outflow4,0.000000,
2026-04-18 22:00,outflow4,0.000000,
2026-04-18 23:00,outflow4,0.000000,
2026-04-19 00:00,outflow4,0.000000,
2026-04-19 01:00,outflow4,0.000000,
2026-04-19 02:00,outflow4,0.000000,
2026-04-19 03:00,outflow4,0.000000,
2026-04-19 04:00,outflow4,0.000000,
2026-04-19 05:00,outflow4,0.000000,
2026-04-19 06:00,outflow4,0.000000,
2026-04-19 07:00,outflow4,0.000000,
2026-04-19 08:00,outflow4,0.000000,
2026-04-19 09:00,outflow4,0.000000,
2026-04-19 10:00,outflow4,0.000000,
2026-04-19 11:00,outflow4,0.000000,
2026-04-19 12:00,outflow4,0.000000,
2026-04-19 13:00,outflow4,0.000000,
2026-04-19 14:00,outflow4,0.000000,
2026-04-19 15:00,outflow4,0.000000,
2026-04-19 16:00,outflow4,0.000000,
2026-04-19 17:00,outflow4,0.000000,
2026-04-19 18:00,outflow4,0.000000,
2026-04-19 19:00,outflow4,0.000000,
2026-04-19 20:00,outflow4,0.000000,
2026-04-19 21:00,outflow4,0.000000,
2026-04-19 22:00,outflow4,0.000000,
2026-04-19 23:00,outflow4,0.000000,
2026-04-20 00:00,outflow4,0.000000,
2026-04-20 01:00,outflow4,0.000000,
2026-04-20 02:00,outflow4,0.000000,
2026-04-20 03:00,outflow4,0.000000,
2026-04-20 04:00,outflow4,0.000000,
2026-04-20 05:00,outflow4,0.000000,
2026-04-20 06:00,outflow4,0.000000,
2026-04-20 07:00,outflow4,0.000000,
2026-04-20 08:00,outflow4,0.000000,
2026-04-20 09:00,outflow4,0.000000,
2026-04-20 10:00,outflow4,0.000000,
2026-04-20 11:00,outflow4,0.000000,
2026-04-20 12:00,outflow4,0.000000,
2026-04-20 13:00,outflow4,0.000000,
2026-04-20 14:00,outflow4,0.000000,
2026-04-20 15:00,outflow4,0.000000,
2026-04-20 16:00,outflow4,0.000000,
2026-04-20 17:00,outflow4,0.000000,
2026-04-20 18:00,outflow4,0.000000,
2026-04-20 19:00,outflow4,0.000000,
2026-04-20 20:00,outflow4,0.000000,
2026-04-20 21:00,outflow4,0.000000,
2026-04-20 22:00,outflow4,0.000000,
2026-04-20 23:00,outflow4,0.000000,
2026-04-14 00:00,outflow5,0.000000,
2026-04-14 01:00,outflow5,0.000000,
2026-04-14 02:00,outflow5,0.000000,
2026-04-14 03:00,outflow5,0.000000,
2026-04-14 04:00,outflow5,0.000000,
2026-04-14 05:00,outflow5,0.107401,
2026-04-14 06:00,outflow5,0.259186,
2026-04-14 07:00,outflow5,0.259186,
2026-04-14 08:00,outflow5,0.000000,
2026-04-14 09:00,outflow5,0.000000,
2026-04-14 10:00,outflow5,0.000000,
2026-04-14 11:00,outflow5,0.000000,
2026-04-14 12:00,outflow5,0.000000,
2026-04-14 13:00,outflow5,0.000000,
2026-04-14 14:00,outflow5,0.000000,
2026-04-14 15:00,outflow5,0.000000,
2026-04-14 16:00,outflow5,0.000000,
2026-04-14 17:00,outflow5,0.000000,
2026-04-14 18:00,outflow5,0.000000,
2026-04-14 19:00,outflow5,0.000000,
2026-04-14 20:00,outflow5,0.000000,
2026-04-14 21:00,outflow5,0.000000,
2026-04-14 22:00,outflow5,0.000000,
2026-04-14 23:00,outflow5,0.000000,
2026-04-15 00:00,outflow5,0.000000,
2026-04-15 01:00,outflow5,0.000000,
2026-04-15 02:00,outflow5,0.000000,
2026-04-15 03:00,outflow5,0.000000,
2026-04-15 04:00,outflow5,0.000000,
2026-04-15 05:00,outflow5,0.000000,
2026-04-15 06:00,outflow5,0.000000,
2026-04-15 07:00,outflow5,0.000000,
2026-04-15 08:00,outflow5,0.000000,
2026-04-15 09:00,outflow5,0.000000,
2026-04-15 10:00,outflow5,0.000000,
2026-04-15 11:00,outflow5,0.000000,
2026-04-15 12:00,outflow5,0.000000,
2026-04-15 13:00,outflow5,0.000000,
2026-04-15 14:00,outflow5,0.000000,
2026-04-15 15:00,outflow5,0.000000,
2026-04-15 16:00,outflow5,0.000000,
2026-04-15 17:00,outflow5,0.000000,
2026-04-15 18:00,outflow5,0.000000,
2026-04-15 19:00,outflow5,0.000000,
2026-04-15 20:00,outflow5,0.000000,
2026-04-15 21:00,outflow5,0.153833,
2026-04-15 22:00,outflow5,0.136308,
2026-04-15 23:00,outflow5,0.084551,
2026-04-16 00:00,outflow5,0.084551,
2026-04-16 01:00,outflow5,0.000000,
2026-04-16 02:00,outflow5,0.000000,
2026-04-16 03:00,outflow5,0.003815,
2026-04-16 04:00,outflow5,0.000000,
2026-04-16 05:00,outflow5,0.000000,
2026-04-16 06:00,outflow5,0.054419,
2026-04-16 07:00,outflow5,0.000000,
2026-04-16 08:00,outflow5,0.000000,
2026-04-16 09:00,outflow5,0.000000,
2026-04-16 10:00,outflow5,0.054419,
2026-04-16 11:00,outflow5,0.000000,
2026-04-16 12:00,outflow5,0.000000,
2026-04-16 13:00,outflow5,0.000000,
2026-04-16 14:00,outflow5,0.000000,
2026-04-16 15:00,outflow5,0.000000,
2026-04-16 16:00,outflow5,0.000000,
2026-04-16 17:00,outflow5,0.000000,
2026-04-16 18:00,outflow5,0.000000,
2026-04-16 19:00,outflow5,0.000000,
2026-04-16 20:00,outflow5,0.000000,
2026-04-16 21:00,outflow5,0.000000,
2026-04-16 22:00,outflow5,0.000000,
2026-04-16 23:00,outflow5,0.000000,
2026-04-17 00:00,outflow5,0.000000,
2026-04-17 01:00,outflow5,0.000000,
2026-04-17 02:00,outflow5,0.000000,
2026-04-17 03:00,outflow5,0.000000,
2026-04-17 04:00,outflow5,0.000000,
2026-04-17 05:00,outflow5,0.000000,
2026-04-17 06:00,outflow5,0.000000,
2026-04-17 07:00,outflow5,0.000000,
2026-04-17 08:00,outflow5,0.000000,
2026-04-17 09:00,outflow5,0.000000,
2026-04-17 10:00,outflow5,0.000000,
2026-04-17 11:00,outflow5,0.000000,
2026-04-17 12:00,outflow5,0.000000,
2026-04-17 13:00,outflow5,0.000000,
2026-04-17 14:00,outflow5,0.000000,
2026-04-17 15:00,outflow5,0.000000,
2026-04-17 16:00,outflow5,0.000000,
2026-04-17 17:00,outflow5,0.000000,
2026-04-17 18:00,outflow5,0.000000,
2026-04-17 19:00,outflow5,0.000000,
2026-04-17 20:00,outflow5,0.000000,
2026-04-17 21:00,outflow5,0.000000,
2026-04-17 22:00,outflow5,0.000000,
2026-04-17 23:00,outflow5,0.000000,
2026-04-18 00:00,outflow5,0.000000,
2026-04-18 01:00,outflow5,0.000000,
2026-04-18 02:00,outflow5,0.000000,
2026-04-18 03:00,outflow5,0.000000,
2026-04-18 04:00,outflow5,0.000000,
2026-04-18 05:00,outflow5,0.000000,
2026-04-18 06:00,outflow5,0.000000,
2026-04-18 07:00,outflow5,0.000000,
2026-04-18 08:00,outflow5,0.000000,
2026-04-18 09:00,outflow5,0.000000,
2026-04-18 10:00,outflow5,0.000000,
2026-04-18 11:00,outflow5,0.000000,
2026-04-18 12:00,outflow5,0.000000,
2026-04-18 13:00,outflow5,0.000000,
2026-04-18 14:00,outflow5,0.000000,
2026-04-18 15:00,outflow5,0.000000,
2026-04-18 16:00,outflow5,0.000000,
2026-04-18 17:00,outflow5,0.000000,
2026-04-18 18:00,outflow5,0.000000,
2026-04-18 19:00,outflow5,0.000000,
2026-04-18 20:00,outflow5,0.000000,
2026-04-18 21:00,outflow5,0.000000,
2026-04-18 22:00,outflow5,0.000000,
2026-04-18 23:00,outflow5,0.000000,
2026-04-19 00:00,outflow5,0.000000,
2026-04-19 01:00,outflow5,0.000000,
2026-04-19 02:00,outflow5,0.000000,
2026-04-19 03:00,outflow5,0.000000,
2026-04-19 04:00,outflow5,0.000000,
2026-04-19 05:00,outflow5,0.000000,
2026-04-19 06:00,outflow5,0.000000,
2026-04-19 07:00,outflow5,0.000000,
2026-04-19 08:00,outflow5,0.000000,
2026-04-19 09:00,outflow5,0.000000,
2026-04-19 10:00,outflow5,0.000000,
2026-04-19 11:00,outflow5,0.000000,
2026-04-19 12:00,outflow5,0.000000,
2026-04-19 13:00,outflow5,0.000000,
2026-04-19 14:00,outflow5,0.000000,
2026-04-19 15:00,outflow5,0.000000,
2026-04-19 16:00,outflow5,0.000000,
2026-04-19 17:00,outflow5,0.000000,
2026-04-19 18:00,outflow5,0.000000,
2026-04-19 19:00,outflow5,0.000000,
2026-04-19 20:00,outflow5,0.000000,
2026-04-19 21:00,outflow5,0.000000,
2026-04-19 22:00,outflow5,0.000000,
2026-04-19 23:00,outflow5,0.000000,
2026-04-20 00:00,outflow5,0.000000,
2026-04-20 01:00,outflow5,0.000000,
2026-04-20 02:00,outflow5,0.000000,
2026-04-20 03:00,outflow5,0.000000,
2026-04-20 04:00,outflow5,0.000000,
2026-04-20 05:00,outflow5,0.000000,
2026-04-20 06:00,outflow5,0.000000,
2026-04-20 07:00,outflow5,0.000000,
2026-04-20 08:00,outflow5,0.000000,
2026-04-20 09:00,outflow5,0.000000,
2026-04-20 10:00,outflow5,0.000000,
2026-04-20 11:00,outflow5,0.000000,
2026-04-20 12:00,outflow5,0.000000,
2026-04-20 13:00,outflow5,0.000000,
2026-04-20 14:00,outflow5,0.000000,
2026-04-20 15:00,outflow5,0.000000,
2026-04-20 16:00,outflow5,0.000000,
2026-04-20 17:00,outflow5,0.000000,
2026-04-20 18:00,outflow5,0.000000,
2026-04-20 19:00,outflow5,0.000000,
2026-04-20 20:00,outflow5,0.000000,
2026-04-20 21:00,outflow5,0.000000,
2026-04-20 22:00,outflow5,0.000000,
2026-04-20 23:00,outflow5,0.000000,
2026-04-14 00:00,outflow6,0.000000,
2026-04-14 01:00,outflow6,0.000000,
2026-04-14 02:00,outflow6,0.000000,
2026-04-14 03:00,outflow6,0.000000,
2026-04-14 04:00,outflow6,0.000000,
2026-04-14 05:00,outflow6,0.125794,
2026-04-14 06:00,outflow6,0.297182,
2026-04-14 07:00,outflow6,0.297182,
2026-04-14 08:00,outflow6,0.081660,
2026-04-14 09:00,outflow6,0.000000,
2026-04-14 10:00,outflow6,0.000000,
2026-04-14 11:00,outflow6,0.000000,
2026-04-14 12:00,outflow6,0.000000,
2026-04-14 13:00,outflow6,0.000000,
2026-04-14 14:00,outflow6,0.000000,
2026-04-14 15:00,outflow6,0.000000,
2026-04-14 16:00,outflow6,0.000000,
2026-04-14 17:00,outflow6,0.000000,
2026-04-14 18:00,outflow6,0.000000,
2026-04-14 19:00,outflow6,0.000000,
2026-04-14 20:00,outflow6,0.000000,
2026-04-14 21:00,outflow6,0.000000,
2026-04-14 22:00,outflow6,0.000000,
2026-04-14 23:00,outflow6,0.275733,
2026-04-15 00:00,outflow6,0.275733,
2026-04-15 01:00,outflow6,0.000000,
2026-04-15 02:00,outflow6,0.275733,
2026-04-15 03:00,outflow6,0.000000,
2026-04-15 04:00,outflow6,0.000000,
2026-04-15 05:00,outflow6,0.196983,
2026-04-15 06:00,outflow6,0.196983,
2026-04-15 07:00,outflow6,0.675207,
2026-04-15 08:00,outflow6,0.407531,
2026-04-15 09:00,outflow6,0.000000,
2026-04-15 10:00,outflow6,0.000000,
2026-04-15 11:00,outflow6,0.142836,
2026-04-15 12:00,outflow6,0.142836,
2026-04-15 13:00,outflow6,0.142836,
2026-04-15 14:00,outflow6,0.142836,
2026-04-15 15:00,outflow6,0.418570,
2026-04-15 16:00,outflow6,0.142836,
2026-04-15 17:00,outflow6,0.142836,
2026-04-15 18:00,outflow6,0.091933,
2026-04-15 19:00,outflow6,0.000000,
2026-04-15 20:00,outflow6,0.070705,
2026-04-15 21:00,outflow6,0.096634,
2026-04-15 22:00,outflow6,0.096634,
2026-04-15 23:00,outflow6,0.096634,
2026-04-16 00:00,outflow6,0.096634,
2026-04-16 01:00,outflow6,0.000000,
2026-04-16 02:00,outflow6,0.000000,
2026-04-16 03:00,outflow6,0.000000,
2026-04-16 04:00,outflow6,0.000000,
2026-04-16 05:00,outflow6,0.000000,
2026-04-16 06:00,outflow6,1.301298,
2026-04-16 07:00,outflow6,0.882108,
2026-04-16 08:00,outflow6,0.000000,
2026-04-16 09:00,outflow6,0.000000,
2026-04-16 10:00,outflow6,0.000000,
2026-04-16 11:00,outflow6,0.000000,
2026-04-16 12:00,outflow6,0.000000,
2026-04-16 13:00,outflow6,0.000000,
2026-04-16 14:00,outflow6,0.000000,
2026-04-16 15:00,outflow6,0.000000,
2026-04-16 16:00,outflow6,0.000000,
2026-04-16 17:00,outflow6,0.000000,
2026-04-16 18:00,outflow6,0.000000,
2026-04-16 19:00,outflow6,0.000000,
2026-04-16 20:00,outflow6,0.000000,
2026-04-16 21:00,outflow6,0.000000,
2026-04-16 22:00,outflow6,0.000000,
2026-04-16 23:00,outflow6,0.000000,
2026-04-17 00:00,outflow6,0.000000,
2026-04-17 01:00,outflow6,0.000000,
2026-04-17 02:00,outflow6,0.000000,
2026-04-17 03:00,outflow6,0.000000,
2026-04-17 04:00,outflow6,0.000000,
2026-04-17 05:00,outflow6,0.000000,
2026-04-17 06:00,outflow6,0.000000,
2026-04-17 07:00,outflow6,0.000000,
2026-04-17 08:00,outflow6,0.000000,
2026-04-17 09:00,outflow6,0.000000,
2026-04-17 10:00,outflow6,0.000000,
2026-04-17 11:00,outflow6,0.000000,
2026-04-17 12:00,outflow6,0.000000,
2026-04-17 13:00,outflow6,0.000000,
2026-04-17 14:00,outflow6,0.000000,
2026-04-17 15:00,outflow6,0.000000,
2026-04-17 16:00,outflow6,0.000000,
2026-04-17 17:00,outflow6,0.000000,
2026-04-17 18:00,outflow6,0.000000,
2026-04-17 19:00,outflow6,0.000000,
2026-04-17 20:00,outflow6,0.000000,
2026-04-17 21:00,outflow6,0.000000,
2026-04-17 22:00,outflow6,0.000000,
2026-04-17 23:00,outflow6,0.000000,
2026-04-18 00:00,outflow6,0.000000,
2026-04-18 01:00,outflow6,0.000000,
2026-04-18 02:00,outflow6,0.000000,
2026-04-18 03:00,outflow6,0.000000,
2026-04-18 04:00,outflow6,0.000000,
2026-04-18 05:00,outflow6,0.000000,
2026-04-18 06:00,outflow6,0.000000,
2026-04-18 07:00,outflow6,0.000000,
2026-04-18 08:00,outflow6,0.000000,
2026-04-18 09:00,outflow6,0.000000,
2026-04-18 10:00,outflow6,0.000000,
2026-04-18 11:00,outflow6,0.000000,
2026-04-18 12:00,outflow6,0.000000,
2026-04-18 13:00,outflow6,0.000000,
2026-04-18 14:00,outflow6,0.000000,
2026-04-18 15:00,outflow6,0.000000,
2026-04-18 16:00,outflow6,0.000000,
2026-04-18 17:00,outflow6,0.000000,
2026-04-18 18:00,outflow6,0.000000,
2026-04-18 19:00,outflow6,0.000000,
2026-04-18 20:00,outflow6,0.000000,
2026-04-18 21:00,outflow6,0.000000,
2026-04-18 22:00,outflow6,0.000000,
2026-04-18 23:00,outflow6,0.000000,
2026-04-19 00:00,outflow6,0.000000,
2026-04-19 01:00,outflow6,0.000000,
2026-04-19 02:00,outflow6,0.000000,
2026-04-19 03:00,outflow6,0.000000,
2026-04-19 04:00,outflow6,0.000000,
2026-04-19 05:00,outflow6,0.000000,
2026-04-19 06:00,outflow6,0.000000,
2026-04-19 07:00,outflow6,0.000000,
2026-04-19 08:00,outflow6,0.000000,
2026-04-19 09:00,outflow6,0.000000,
2026-04-19 10:00,outflow6,0.000000,
2026-04-19 11:00,outflow6,0.000000,
2026-04-19 12:00,outflow6,0.000000,
2026-04-19 13:00,outflow6,0.000000,
2026-04-19 14:00,outflow6,0.000000,
2026-04-19 15:00,outflow6,0.000000,
2026-04-19 16:00,outflow6,0.000000,
2026-04-19 17:00,outflow6,0.000000,
2026-04-19 18:00,outflow6,0.000000,
2026-04-19 19:00,outflow6,0.000000,
2026-04-19 20:00,outflow6,0.000000,
2026-04-19 21:00,outflow6,0.000000,
2026-04-19 22:00,outflow6,0.000000,
2026-04-19 23:00,outflow6,0.000000,
2026-04-20 00:00,outflow6,0.000000,
2026-04-20 01:00,outflow6,0.000000,
2026-04-20 02:00,outflow6,0.000000,
2026-04-20 03:00,outflow6,0.000000,
2026-04-20 04:00,outflow6,0.000000,
2026-04-20 05:00,outflow6,0.000000,
2026-04-20 06:00,outflow6,0.000000,
2026-04-20 07:00,outflow6,0.000000,
2026-04-20 08:00,outflow6,0.000000,
2026-04-20 09:00,outflow6,0.000000,
2026-04-20 10:00,outflow6,0.000000,
2026-04-20 11:00,outflow6,0.000000,
2026-04-20 12:00,outflow6,0.000000,
2026-04-20 13:00,outflow6,0.000000,
2026-04-20 14:00,outflow6,0.000000,
2026-04-20 15:00,outflow6,0.000000,
2026-04-20 16:00,outflow6,0.000000,
2026-04-20 17:00,outflow6,0.000000,
2026-04-20 18:00,outflow6,0.000000,
2026-04-20 19:00,outflow6,0.000000,
2026-04-20 20:00,outflow6,0.000000,
2026-04-20 21:00,outflow6,0.000000,
2026-04-20 22:00,outflow6,0.000000,
2026-04-20 23:00,outflow6,0.000000,
2026-04-14 00:00,outflow7,0.000000,
2026-04-14 01:00,outflow7,0.000000,
2026-04-14 02:00,outflow7,0.000000,
2026-04-14 03:00,outflow7,0.000000,
2026-04-14 04:00,outflow7,0.000000,
2026-04-14 05:00,outflow7,0.000000,
2026-04-14 06:00,outflow7,0.000000,
2026-04-14 07:00,outflow7,0.000000,
2026-04-14 08:00,outflow7,0.000000,
2026-04-14 09:00,outflow7,0.000000,
2026-04-14 10:00,outflow7,0.000000,
2026-04-14 11:00,outflow7,0.000000,
2026-04-14 12:00,outflow7,0.000000,
2026-04-14 13:00,outflow7,0.000000,
2026-04-14 14:00,outflow7,0.000000,
2026-04-14 15:00,outflow7,0.000000,
2026-04-14 16:00,outflow7,0.000000,
2026-04-14 17:00,outflow7,0.000000,
2026-04-14 18:00,outflow7,0.000000,
2026-04-14 19:00,outflow7,0.000000,
2026-04-14 20:00,outflow7,0.000000,
2026-04-14 21:00,outflow7,0.000000,
2026-04-14 22:00,outflow7,0.000000,
2026-04-14 23:00,outflow7,0.000000,
2026-04-15 00:00,outflow7,0.000000,
2026-04-15 01:00,outflow7,0.000000,
2026-04-15 02:00,outflow7,0.000000,
2026-04-15 03:00,outflow7,0.000000,
2026-04-15 04:00,outflow7,0.000000,
2026-04-15 05:00,outflow7,0.000000,
2026-04-15 06:00,outflow7,0.000000,
2026-04-15 07:00,outflow7,0.073242,
2026-04-15 08:00,outflow7,0.065186,
2026-04-15 09:00,outflow7,0.000000,
2026-04-15 10:00,outflow7,0.000000,
2026-04-15 11:00,outflow7,0.000000,
2026-04-15 12:00,outflow7,0.000000,
2026-04-15 13:00,outflow7,0.000000,
2026-04-15 14:00,outflow7,0.000000,
2026-04-15 15:00,outflow7,0.000000,
2026-04-15 16:00,outflow7,0.000000,
2026-04-15 17:00,outflow7,0.000000,
2026-04-15 18:00,outflow7,0.000000,
2026-04-15 19:00,outflow7,0.000000,
2026-04-15 20:00,outflow7,0.000000,
2026-04-15 21:00,outflow7,0.000000,
2026-04-15 22:00,outflow7,0.000000,
2026-04-15 23:00,outflow7,0.000000,
2026-04-16 00:00,outflow7,0.000000,
2026-04-16 01:00,outflow7,0.000000,
2026-04-16 02:00,outflow7,0.000000,
2026-04-16 03:00,outflow7,0.000000,
2026-04-16 04:00,outflow7,0.000000,
2026-04-16 05:00,outflow7,0.000000,
2026-04-16 06:00,outflow7,0.504352,
2026-04-16 07:00,outflow7,0.372075,
2026-04-16 08:00,outflow7,0.000000,
2026-04-16 09:00,outflow7,0.000000,
2026-04-16 10:00,outflow7,0.000000,
2026-04-16 11:00,outflow7,0.000000,
2026-04-16 12:00,outflow7,0.000000,
2026-04-16 13:00,outflow7,0.000000,
2026-04-16 14:00,outflow7,0.000000,
2026-04-16 15:00,outflow7,0.000000,
2026-04-16 16:00,outflow7,0.000000,
2026-04-16 17:00,outflow7,0.000000,
2026-04-16 18:00,outflow7,0.000000,
2026-04-16 19:00,outflow7,0.000000,
2026-04-16 20:00,outflow7,0.000000,
2026-04-16 21:00,outflow7,0.000000,
2026-04-16 22:00,outflow7,0.000000,
2026-04-16 23:00,outflow7,0.000000,
2026-04-17 00:00,outflow7,0.000000,
2026-04-17 01:00,outflow7,0.000000,
2026-04-17 02:00,outflow7,0.000000,
2026-04-17 03:00,outflow7,0.000000,
2026-04-17 04:00,outflow7,0.000000,
2026-04-17 05:00,outflow7,0.000000,
2026-04-17 06:00,outflow7,0.000000,
2026-04-17 07:00,outflow7,0.000000,
2026-04-17 08:00,outflow7,0.000000,
2026-04-17 09:00,outflow7,0.000000,
2026-04-17 10:00,outflow7,0.000000,
2026-04-17 11:00,outflow7,0.000000,
2026-04-17 12:00,outflow7,0.000000,
2026-04-17 13:00,outflow7,0.000000,
2026-04-17 14:00,outflow7,0.000000,
2026-04-17 15:00,outflow7,0.000000,
2026-04-17 16:00,outflow7,0.000000,
2026-04-17 17:00,outflow7,0.000000,
2026-04-17 18:00,outflow7,0.000000,
2026-04-17 19:00,outflow7,0.000000,
2026-04-17 20:00,outflow7,0.000000,
2026-04-17 21:00,outflow7,0.000000,
2026-04-17 22:00,outflow7,0.000000,
2026-04-17 23:00,outflow7,0.000000,
2026-04-18 00:00,outflow7,0.000000,
2026-04-18 01:00,outflow7,0.000000,
2026-04-18 02:00,outflow7,0.000000,
2026-04-18 03:00,outflow7,0.000000,
2026-04-18 04:00,outflow7,0.000000,
2026-04-18 05:00,outflow7,0.000000,
2026-04-18 06:00,outflow7,0.000000,
2026-04-18 07:00,outflow7,0.000000,
2026-04-18 08:00,outflow7,0.000000,
2026-04-18 09:00,outflow7,0.000000,
2026-04-18 10:00,outflow7,0.000000,
2026-04-18 11:00,outflow7,0.000000,
2026-04-18 12:00,outflow7,0.000000,
2026-04-18 13:00,outflow7,0.000000,
2026-04-18 14:00,outflow7,0.000000,
2026-04-18 15:00,outflow7,0.000000,
2026-04-18 16:00,outflow7,0.000000,
2026-04-18 17:00,outflow7,0.000000,
2026-04-18 18:00,outflow7,0.000000,
2026-04-18 19:00,outflow7,0.000000,
2026-04-18 20:00,outflow7,0.000000,
2026-04-18 21:00,outflow7,0.000000,
2026-04-18 22:00,outflow7,0.000000,
2026-04-18 23:00,outflow7,0.000000,
2026-04-19 00:00,outflow7,0.000000,
2026-04-19 01:00,outflow7,0.000000,
2026-04-19 02:00,outflow7,0.000000,
2026-04-19 03:00,outflow7,0.000000,
2026-04-19 04:00,outflow7,0.000000,
2026-04-19 05:00,outflow7,0.000000,
2026-04-19 06:00,outflow7,0.000000,
2026-04-19 07:00,outflow7,0.000000,
2026-04-19 08:00,outflow7,0.000000,
2026-04-19 09:00,outflow7,0.000000,
2026-04-19 10:00,outflow7,0.000000,
2026-04-19 11:00,outflow7,0.000000,
2026-04-19 12:00,outflow7,0.000000,
2026-04-19 13:00,outflow7,0.000000,
2026-04-19 14:00,outflow7,0.000000,
2026-04-19 15:00,outflow7,0.000000,
2026-04-19 16:00,outflow7,0.000000,
2026-04-19 17:00,outflow7,0.000000,
2026-04-19 18:00,outflow7,0.000000,
2026-04-19 19:00,outflow7,0.000000,
2026-04-19 20:00,outflow7,0.000000,
2026-04-19 21:00,outflow7,0.000000,
2026-04-19 22:00,outflow7,0.000000,
2026-04-19 23:00,outflow7,0.000000,
2026-04-20 00:00,outflow7,0.000000,
2026-04-20 01:00,outflow7,0.000000,
2026-04-20 02:00,outflow7,0.000000,
2026-04-20 03:00,outflow7,0.000000,
2026-04-20 04:00,outflow7,0.000000,
2026-04-20 05:00,outflow7,0.000000,
2026-04-20 06:00,outflow7,0.000000,
2026-04-20 07:00,outflow7,0.000000,
2026-04-20 08:00,outflow7,0.000000,
2026-04-20 09:00,outflow7,0.000000,
2026-04-20 10:00,outflow7,0.000000,
2026-04-20 11:00,outflow7,0.000000,
2026-04-20 12:00,outflow7,0.000000,
2026-04-20 13:00,outflow7,0.000000,
2026-04-20 14:00,outflow7,0.000000,
2026-04-20 15:00,outflow7,0.000000,
2026-04-20 16:00,outflow7,0.000000,
2026-04-20 17:00,outflow7,0.000000,
2026-04-20 18:00,outflow7,0.000000,
2026-04-20 19:00,outflow7,0.000000,
2026-04-20 20:00,outflow7,0.000000,
2026-04-20 21:00,outflow7,0.000000,
2026-04-20 22:00,outflow7,0.000000,
2026-04-20 23:00,outflow7,0.000000,
2026-04-14 00:00,outflow8,0.000000,
2026-04-14 01:00,outflow8,0.000000,
2026-04-14 02:00,outflow8,0.000000,
2026-04-14 03:00,outflow8,0.000000,
2026-04-14 04:00,outflow8,0.000000,
2026-04-14 05:00,outflow8,0.000000,
2026-04-14 06:00,outflow8,0.000000,
2026-04-14 07:00,outflow8,0.000000,
2026-04-14 08:00,outflow8,0.000000,
2026-04-14 09:00,outflow8,0.000000,
2026-04-14 10:00,outflow8,0.000000,
2026-04-14 11:00,outflow8,0.000000,
2026-04-14 12:00,outflow8,0.000000,
2026-04-14 13:00,outflow8,0.000000,
2026-04-14 14:00,outflow8,0.000000,
2026-04-14 15:00,outflow8,0.000000,
2026-04-14 16:00,outflow8,0.000000,
2026-04-14 17:00,outflow8,0.000000,
2026-04-14 18:00,outflow8,0.000000,
2026-04-14 19:00,outflow8,0.000000,
2026-04-14 20:00,outflow8,0.000000,
2026-04-14 21:00,outflow8,0.000000,
2026-04-14 22:00,outflow8,0.000000,
2026-04-14 23:00,outflow8,0.000000,
2026-04-15 00:00,outflow8,0.000000,
2026-04-15 01:00,outflow8,0.000000,
2026-04-15 02:00,outflow8,0.000000,
2026-04-15 03:00,outflow8,0.000000,
2026-04-15 04:00,outflow8,0.000000,
2026-04-15 05:00,outflow8,0.000000,
2026-04-15 06:00,outflow8,0.000000,
2026-04-15 07:00,outflow8,0.000000,
2026-04-15 08:00,outflow8,0.000000,
2026-04-15 09:00,outflow8,0.000000,
2026-04-15 10:00,outflow8,0.000000,
2026-04-15 11:00,outflow8,0.000000,
2026-04-15 12:00,outflow8,0.000000,
2026-04-15 13:00,outflow8,0.000000,
2026-04-15 14:00,outflow8,0.000000,
2026-04-15 15:00,outflow8,0.000000,
2026-04-15 16:00,outflow8,0.000000,
2026-04-15 17:00,outflow8,0.000000,
2026-04-15 18:00,outflow8,0.000000,
2026-04-15 19:00,outflow8,0.000000,
2026-04-15 20:00,outflow8,0.000000,
2026-04-15 21:00,outflow8,0.000000,
2026-04-15 22:00,outflow8,0.000000,
2026-04-15 23:00,outflow8,0.000000,
2026-04-16 00:00,outflow8,0.000000,
2026-04-16 01:00,outflow8,0.000000,
2026-04-16 02:00,outflow8,0.000000,
2026-04-16 03:00,outflow8,0.000000,
2026-04-16 04:00,outflow8,0.000000,
2026-04-16 05:00,outflow8,0.000000,
2026-04-16 06:00,outflow8,0.053866,
2026-04-16 07:00,outflow8,0.053866,
2026-04-16 08:00,outflow8,0.000000,
2026-04-16 09:00,outflow8,0.000000,
2026-04-16 10:00,outflow8,0.000000,
2026-04-16 11:00,outflow8,0.000000,
2026-04-16 12:00,outflow8,0.000000,
2026-04-16 13:00,outflow8,0.000000,
2026-04-16 14:00,outflow8,0.000000,
2026-04-16 15:00,outflow8,0.000000,
2026-04-16 16:00,outflow8,0.000000,
2026-04-16 17:00,outflow8,0.000000,
2026-04-16 18:00,outflow8,0.000000,
2026-04-16 19:00,outflow8,0.000000,
2026-04-16 20:00,outflow8,0.000000,
2026-04-16 21:00,outflow8,0.000000,
2026-04-16 22:00,outflow8,0.000000,
2026-04-16 23:00,outflow8,0.000000,
2026-04-17 00:00,outflow8,0.000000,
2026-04-17 01:00,outflow8,0.000000,
2026-04-17 02:00,outflow8,0.000000,
2026-04-17 03:00,outflow8,0.000000,
2026-04-17 04:00,outflow8,0.000000,
2026-04-17 05:00,outflow8,0.000000,
2026-04-17 06:00,outflow8,0.000000,
2026-04-17 07:00,outflow8,0.000000,
2026-04-17 08:00,outflow8,0.000000,
2026-04-17 09:00,outflow8,0.000000,
2026-04-17 10:00,outflow8,0.000000,
2026-04-17 11:00,outflow8,0.000000,
2026-04-17 12:00,outflow8,0.000000,
2026-04-17 13:00,outflow8,0.000000,
2026-04-17 14:00,outflow8,0.000000,
2026-04-17 15:00,outflow8,0.000000,
2026-04-17 16:00,outflow8,0.000000,
2026-04-17 17:00,outflow8,0.000000,
2026-04-17 18:00,outflow8,0.000000,
2026-04-17 19:00,outflow8,0.000000,
2026-04-17 20:00,outflow8,0.000000,
2026-04-17 21:00,outflow8,0.000000,
2026-04-17 22:00,outflow8,0.000000,
2026-04-17 23:00,outflow8,0.000000,
2026-04-18 00:00,outflow8,0.000000,
2026-04-18 01:00,outflow8,0.000000,
2026-04-18 02:00,outflow8,0.000000,
2026-04-18 03:00,outflow8,0.000000,
2026-04-18 04:00,outflow8,0.000000,
2026-04-18 05:00,outflow8,0.000000,
2026-04-18 06:00,outflow8,0.000000,
2026-04-18 07:00,outflow8,0.000000,
2026-04-18 08:00,outflow8,0.000000,
2026-04-18 09:00,outflow8,0.000000,
2026-04-18 10:00,outflow8,0.000000,
2026-04-18 11:00,outflow8,0.000000,
2026-04-18 12:00,outflow8,0.000000,
2026-04-18 13:00,outflow8,0.000000,
2026-04-18 14:00,outflow8,0.000000,
2026-04-18 15:00,outflow8,0.000000,
2026-04-18 16:00,outflow8,0.000000,
2026-04-18 17:00,outflow8,0.000000,
2026-04-18 18:00,outflow8,0.000000,
2026-04-18 19:00,outflow8,0.000000,
2026-04-18 20:00,outflow8,0.000000,
2026-04-18 21:00,outflow8,0.000000,
2026-04-18 22:00,outflow8,0.000000,
2026-04-18 23:00,outflow8,0.000000,
2026-04-19 00:00,outflow8,0.000000,
2026-04-19 01:00,outflow8,0.000000,
2026-04-19 02:00,outflow8,0.000000,
2026-04-19 03:00,outflow8,0.000000,
2026-04-19 04:00,outflow8,0.000000,
2026-04-19 05:00,outflow8,0.000000,
2026-04-19 06:00,outflow8,0.000000,
2026-04-19 07:00,outflow8,0.000000,
2026-04-19 08:00,outflow8,0.000000,
2026-04-19 09:00,outflow8,0.000000,
2026-04-19 10:00,outflow8,0.000000,
2026-04-19 11:00,outflow8,0.000000,
2026-04-19 12:00,outflow8,0.000000,
2026-04-19 13:00,outflow8,0.000000,
2026-04-19 14:00,outflow8,0.000000,
2026-04-19 15:00,outflow8,0.000000,
2026-04-19 16:00,outflow8,0.000000,
2026-04-19 17:00,outflow8,0.000000,
2026-04-19 18:00,outflow8,0.000000,
2026-04-19 19:00,outflow8,0.000000,
2026-04-19 20:00,outflow8,0.000000,
2026-04-19 21:00,outflow8,0.000000,
2026-04-19 22:00,outflow8,0.000000,
2026-04-19 23:00,outflow8,0.000000,
2026-04-20 00:00,outflow8,0.000000,
2026-04-20 01:00,outflow8,0.000000,
2026-04-20 02:00,outflow8,0.000000,
2026-04-20 03:00,outflow8,0.000000,
2026-04-20 04:00,outflow8,0.000000,
2026-04-20 05:00,outflow8,0.000000,
2026-04-20 06:00,outflow8,0.000000,
2026-04-20 07:00,outflow8,0.000000,
2026-04-20 08:00,outflow8,0.000000,
2026-04-20 09:00,outflow8,0.000000,
2026-04-20 10:00,outflow8,0.000000,
2026-04-20 11:00,outflow8,0.000000,
2026-04-20 12:00,outflow8,0.000000,
2026-04-20 13:00,outflow8,0.000000,
2026-04-20 14:00,outflow8,0.000000,
2026-04-20 15:00,outflow8,0.000000,
2026-04-20 16:00,outflow8,0.000000,
2026-04-20 17:00,outflow8,0.000000,
2026-04-20 18:00,outflow8,0.000000,
2026-04-20 19:00,outflow8,0.000000,
2026-04-20 20:00,outflow8,0.000000,
2026-04-20 21:00,outflow8,0.000000,
2026-04-20 22:00,outflow8,0.000000,
2026-04-20 23:00,outflow8,0.000000,
2026-04-14 00:00,outflow9,0.000000,
2026-04-14 01:00,outflow9,0.000000,
2026-04-14 02:00,outflow9,0.000000,
2026-04-14 03:00,outflow9,0.000000,
2026-04-14 04:00,outflow9,0.000000,
2026-04-14 05:00,outflow9,0.000000,
2026-04-14 06:00,outflow9,0.000000,
2026-04-14 07:00,outflow9,0.000000,
2026-04-14 08:00,outflow9,0.000000,
2026-04-14 09:00,outflow9,0.000000,
2026-04-14 10:00,outflow9,0.000000,
2026-04-14 11:00,outflow9,0.000000,
2026-04-14 12:00,outflow9,0.000000,
2026-04-14 13:00,outflow9,0.000000,
2026-04-14 14:00,outflow9,0.000000,
2026-04-14 15:00,outflow9,0.000000,
2026-04-14 16:00,outflow9,0.000000,
2026-04-14 17:00,outflow9,0.000000,
2026-04-14 18:00,outflow9,0.000000,
2026-04-14 19:00,outflow9,0.000000,
2026-04-14 20:00,outflow9,0.000000,
2026-04-14 21:00,outflow9,0.000000,
2026-04-14 22:00,outflow9,0.000000,
2026-04-14 23:00,outflow9,0.000000,
2026-04-15 00:00,outflow9,0.000000,
2026-04-15 01:00,outflow9,0.000000,
2026-04-15 02:00,outflow9,0.000000,
2026-04-15 03:00,outflow9,0.000000,
2026-04-15 04:00,outflow9,0.000000,
2026-04-15 05:00,outflow9,0.000000,
2026-04-15 06:00,outflow9,0.000000,
2026-04-15 07:00,outflow9,0.000000,
2026-04-15 08:00,outflow9,0.000000,
2026-04-15 09:00,outflow9,0.000000,
2026-04-15 10:00,outflow9,0.000000,
2026-04-15 11:00,outflow9,0.000000,
2026-04-15 12:00,outflow9,0.000000,
2026-04-15 13:00,outflow9,0.000000,
2026-04-15 14:00,outflow9,0.000000,
2026-04-15 15:00,outflow9,0.000000,
2026-04-15 16:00,outflow9,0.000000,
2026-04-15 17:00,outflow9,0.000000,
2026-04-15 18:00,outflow9,0.000000,
2026-04-15 19:00,outflow9,0.000000,
2026-04-15 20:00,outflow9,0.000000,
2026-04-15 21:00,outflow9,0.000000,
2026-04-15 22:00,outflow9,0.000000,
2026-04-15 23:00,outflow9,0.000000,
2026-04-16 00:00,outflow9,0.000000,
2026-04-16 01:00,outflow9,0.000000,
2026-04-16 02:00,outflow9,0.000000,
2026-04-16 03:00,outflow9,0.000000,
2026-04-16 04:00,outflow9,0.000000,
2026-04-16 05:00,outflow9,0.000000,
2026-04-16 06:00,outflow9,0.000000,
2026-04-16 07:00,outflow9,0.000000,
2026-04-16 08:00,outflow9,0.000000,
2026-04-16 09:00,outflow9,0.000000,
2026-04-16 10:00,outflow9,0.000000,
2026-04-16 11:00,outflow9,0.000000,
2026-04-16 12:00,outflow9,0.000000,
2026-04-16 13:00,outflow9,0.000000,
2026-04-16 14:00,outflow9,0.000000,
2026-04-16 15:00,outflow9,0.000000,
2026-04-16 16:00,outflow9,0.000000,
2026-04-16 17:00,outflow9,0.000000,
2026-04-16 18:00,outflow9,0.000000,
2026-04-16 19:00,outflow9,0.000000,
2026-04-16 20:00,outflow9,0.000000,
2026-04-16 21:00,outflow9,0.000000,
2026-04-16 22:00,outflow9,0.000000,
2026-04-16 23:00,outflow9,0.000000,
2026-04-17 00:00,outflow9,0.000000,
2026-04-17 01:00,outflow9,0.000000,
2026-04-17 02:00,outflow9,0.000000,
2026-04-17 03:00,outflow9,0.000000,
2026-04-17 04:00,outflow9,0.000000,
2026-04-17 05:00,outflow9,0.000000,
2026-04-17 06:00,outflow9,0.000000,
2026-04-17 07:00,outflow9,0.000000,
2026-04-17 08:00,outflow9,0.000000,
2026-04-17 09:00,outflow9,0.000000,
2026-04-17 10:00,outflow9,0.000000,
2026-04-17 11:00,outflow9,0.000000,
2026-04-17 12:00,outflow9,0.000000,
2026-04-17 13:00,outflow9,0.000000,
2026-04-17 14:00,outflow9,0.000000,
2026-04-17 15:00,outflow9,0.000000,
2026-04-17 16:00,outflow9,0.000000,
2026-04-17 17:00,outflow9,0.000000,
2026-04-17 18:00,outflow9,0.000000,
2026-04-17 19:00,outflow9,0.000000,
2026-04-17 20:00,outflow9,0.000000,
2026-04-17 21:00,outflow9,0.000000,
2026-04-17 22:00,outflow9,0.000000,
2026-04-17 23:00,outflow9,0.000000,
2026-04-18 00:00,outflow9,0.000000,
2026-04-18 01:00,outflow9,0.000000,
2026-04-18 02:00,outflow9,0.000000,
2026-04-18 03:00,outflow9,0.000000,
2026-04-18 04:00,outflow9,0.000000,
2026-04-18 05:00,outflow9,0.000000,
2026-04-18 06:00,outflow9,0.000000,
2026-04-18 07:00,outflow9,0.000000,
2026-04-18 08:00,outflow9,0.000000,
2026-04-18 09:00,outflow9,0.000000,
2026-04-18 10:00,outflow9,0.000000,
2026-04-18 11:00,outflow9,0.000000,
2026-04-18 12:00,outflow9,0.000000,
2026-04-18 13:00,outflow9,0.000000,
2026-04-18 14:00,outflow9,0.000000,
2026-04-18 15:00,outflow9,0.000000,
2026-04-18 16:00,outflow9,0.000000,
2026-04-18 17:00,outflow9,0.000000,
2026-04-18 18:00,outflow9,0.000000,
2026-04-18 19:00,outflow9,0.000000,
2026-04-18 20:00,outflow9,0.000000,
2026-04-18 21:00,outflow9,0.000000,
2026-04-18 22:00,outflow9,0.000000,
2026-04-18 23:00,outflow9,0.000000,
2026-04-19 00:00,outflow9,0.000000,
2026-04-19 01:00,outflow9,0.000000,
2026-04-19 02:00,outflow9,0.000000,
2026-04-19 03:00,outflow9,0.000000,
2026-04-19 04:00,outflow9,0.000000,
2026-04-19 05:00,outflow9,0.000000,
2026-04-19 06:00,outflow9,0.000000,
2026-04-19 07:00,outflow9,0.000000,
2026-04-19 08:00,outflow9,0.000000,
2026-04-19 09:00,outflow9,0.000000,
2026-04-19 10:00,outflow9,0.000000,
2026-04-19 11:00,outflow9,0.000000,
2026-04-19 12:00,outflow9,0.000000,
2026-04-19 13:00,outflow9,0.000000,
2026-04-19 14:00,outflow9,0.000000,
2026-04-19 15:00,outflow9,0.000000,
2026-04-19 16:00,outflow9,0.000000,
2026-04-19 17:00,outflow9,0.000000,
2026-04-19 18:00,outflow9,0.000000,
2026-04-19 19:00,outflow9,0.000000,
2026-04-19 20:00,outflow9,0.000000,
2026-04-19 21:00,outflow9,0.000000,
2026-04-19 22:00,outflow9,0.000000,
2026-04-19 23:00,outflow9,0.000000,
2026-04-20 00:00,outflow9,0.000000,
2026-04-20 01:00,outflow9,0.000000,
2026-04-20 02:00,outflow9,0.000000,
2026-04-20 03:00,outflow9,0.000000,
2026-04-20 04:00,outflow9,0.000000,
2026-04-20 05:00,outflow9,0.000000,
2026-04-20 06:00,outflow9,0.000000,
2026-04-20 07:00,outflow9,0.000000,
2026-04-20 08:00,outflow9,0.000000,
2026-04-20 09:00,outflow9,0.000000,
2026-04-20 10:00,outflow9,0.000000,
2026-04-20 11:00,outflow9,0.000000,
2026-04-20 12:00,outflow9,0.000000,
2026-04-20 13:00,outflow9,0.000000,
2026-04-20 14:00,outflow9,0.000000,
2026-04-20 15:00,outflow9,0.000000,
2026-04-20 16:00,outflow9,0.000000,
2026-04-20 17:00,outflow9,0.000000,
2026-04-20 18:00,outflow9,0.000000,
2026-04-20 19:00,outflow9,0.000000,
2026-04-20 20:00,outflow9,0.000000,
2026-04-20 21:00,outflow9,0.000000,
2026-04-20 22:00,outflow9,0.000000,
2026-04-20 23:00,outflow9,0.000000,
2026-04-14 00:00,一级路南节制闸,3.463800,
2026-04-14 01:00,一级路南节制闸,0.865467,
2026-04-14 02:00,一级路南节制闸,0.000000,
2026-04-14 03:00,一级路南节制闸,0.423432,
2026-04-14 04:00,一级路南节制闸,0.423432,
2026-04-14 05:00,一级路南节制闸,0.423432,
2026-04-14 06:00,一级路南节制闸,0.456271,
2026-04-14 07:00,一级路南节制闸,0.456271,
2026-04-14 08:00,一级路南节制闸,0.834063,
2026-04-14 09:00,一级路南节制闸,0.000000,
2026-04-14 10:00,一级路南节制闸,0.000000,
2026-04-14 11:00,一级路南节制闸,0.000000,
2026-04-14 12:00,一级路南节制闸,0.000000,
2026-04-14 13:00,一级路南节制闸,0.000000,
2026-04-14 14:00,一级路南节制闸,0.000000,
2026-04-14 15:00,一级路南节制闸,0.399868,
2026-04-14 16:00,一级路南节制闸,0.305365,
2026-04-14 17:00,一级路南节制闸,0.000000,
2026-04-14 18:00,一级路南节制闸,0.000000,
2026-04-14 19:00,一级路南节制闸,0.000000,
2026-04-14 20:00,一级路南节制闸,0.000000,
2026-04-14 21:00,一级路南节制闸,0.000000,
2026-04-14 22:00,一级路南节制闸,0.000000,
2026-04-14 23:00,一级路南节制闸,0.000000,
2026-04-15 00:00,一级路南节制闸,0.000000,
2026-04-15 01:00,一级路南节制闸,0.000000,
2026-04-15 02:00,一级路南节制闸,0.000000,
2026-04-15 03:00,一级路南节制闸,0.000000,
2026-04-15 04:00,一级路南节制闸,0.000000,
2026-04-15 05:00,一级路南节制闸,0.000000,
2026-04-15 06:00,一级路南节制闸,0.000000,
2026-04-15 07:00,一级路南节制闸,0.000000,
2026-04-15 08:00,一级路南节制闸,0.000000,
2026-04-15 09:00,一级路南节制闸,0.000000,
2026-04-15 10:00,一级路南节制闸,0.000000,
2026-04-15 11:00,一级路南节制闸,0.000000,
2026-04-15 12:00,一级路南节制闸,0.000000,
2026-04-15 13:00,一级路南节制闸,0.000000,
2026-04-15 14:00,一级路南节制闸,0.000000,
2026-04-15 15:00,一级路南节制闸,0.000000,
2026-04-15 16:00,一级路南节制闸,0.000000,
2026-04-15 17:00,一级路南节制闸,0.000000,
2026-04-15 18:00,一级路南节制闸,0.000000,
2026-04-15 19:00,一级路南节制闸,0.000000,
2026-04-15 20:00,一级路南节制闸,0.000000,
2026-04-15 21:00,一级路南节制闸,0.623036,
2026-04-15 22:00,一级路南节制闸,0.329779,
2026-04-15 23:00,一级路南节制闸,0.278021,
2026-04-16 00:00,一级路南节制闸,0.278021,
2026-04-16 01:00,一级路南节制闸,0.278021,
2026-04-16 02:00,一级路南节制闸,0.275733,
2026-04-16 03:00,一级路南节制闸,0.555282,
2026-04-16 04:00,一级路南节制闸,0.000000,
2026-04-16 05:00,一级路南节制闸,0.000000,
2026-04-16 06:00,一级路南节制闸,0.054419,
2026-04-16 07:00,一级路南节制闸,0.000000,
2026-04-16 08:00,一级路南节制闸,0.000000,
2026-04-16 09:00,一级路南节制闸,0.000000,
2026-04-16 10:00,一级路南节制闸,0.054419,
2026-04-16 11:00,一级路南节制闸,0.000000,
2026-04-16 12:00,一级路南节制闸,0.000000,
2026-04-16 13:00,一级路南节制闸,0.000000,
2026-04-16 14:00,一级路南节制闸,0.000000,
2026-04-16 15:00,一级路南节制闸,0.000000,
2026-04-16 16:00,一级路南节制闸,0.000000,
2026-04-16 17:00,一级路南节制闸,0.000000,
2026-04-16 18:00,一级路南节制闸,0.000000,
2026-04-16 19:00,一级路南节制闸,0.000000,
2026-04-16 20:00,一级路南节制闸,0.000000,
2026-04-16 21:00,一级路南节制闸,0.000000,
2026-04-16 22:00,一级路南节制闸,0.000000,
2026-04-16 23:00,一级路南节制闸,1.416630,
2026-04-17 00:00,一级路南节制闸,1.122563,
2026-04-17 01:00,一级路南节制闸,1.614425,
2026-04-17 02:00,一级路南节制闸,1.614425,
2026-04-17 03:00,一级路南节制闸,1.676757,
2026-04-17 04:00,一级路南节制闸,2.962394,
2026-04-17 05:00,一级路南节制闸,0.177403,
2026-04-17 06:00,一级路南节制闸,0.177403,
2026-04-17 07:00,一级路南节制闸,0.000000,
2026-04-17 08:00,一级路南节制闸,0.000000,
2026-04-17 09:00,一级路南节制闸,0.595892,
2026-04-17 10:00,一级路南节制闸,0.743441,
2026-04-17 11:00,一级路南节制闸,0.785533,
2026-04-17 12:00,一级路南节制闸,1.606733,
2026-04-17 13:00,一级路南节制闸,1.887467,
2026-04-17 14:00,一级路南节制闸,1.620733,
2026-04-17 15:00,一级路南节制闸,1.624733,
2026-04-17 16:00,一级路南节制闸,2.216200,
2026-04-17 17:00,一级路南节制闸,1.944467,
2026-04-17 18:00,一级路南节制闸,0.541133,
2026-04-17 19:00,一级路南节制闸,0.000000,
2026-04-17 20:00,一级路南节制闸,1.096267,
2026-04-17 21:00,一级路南节制闸,1.373000,
2026-04-17 22:00,一级路南节制闸,1.647733,
2026-04-17 23:00,一级路南节制闸,1.895467,
2026-04-18 00:00,一级路南节制闸,2.454933,
2026-04-18 01:00,一级路南节制闸,2.470196,
2026-04-18 02:00,一级路南节制闸,2.777192,
2026-04-18 03:00,一级路南节制闸,2.799454,
2026-04-18 04:00,一级路南节制闸,1.621733,
2026-04-18 05:00,一级路南节制闸,0.000000,
2026-04-18 06:00,一级路南节制闸,0.594203,
2026-04-18 07:00,一级路南节制闸,0.809578,
2026-04-18 08:00,一级路南节制闸,0.809578,
2026-04-18 09:00,一级路南节制闸,1.337000,
2026-04-18 10:00,一级路南节制闸,0.527800,
2026-04-18 11:00,一级路南节制闸,1.974387,
2026-04-18 12:00,一级路南节制闸,2.173175,
2026-04-18 13:00,一级路南节制闸,1.895154,
2026-04-18 14:00,一级路南节制闸,1.112083,
2026-04-18 15:00,一级路南节制闸,0.000000,
2026-04-18 16:00,一级路南节制闸,0.000000,
2026-04-18 17:00,一级路南节制闸,0.231067,
2026-04-18 18:00,一级路南节制闸,0.472133,
2026-04-18 19:00,一级路南节制闸,0.000000,
2026-04-18 20:00,一级路南节制闸,1.057267,
2026-04-18 21:00,一级路南节制闸,1.890467,
2026-04-18 22:00,一级路南节制闸,2.170200,
2026-04-18 23:00,一级路南节制闸,2.166200,
2026-04-19 00:00,一级路南节制闸,1.337000,
2026-04-19 01:00,一级路南节制闸,2.718667,
2026-04-19 02:00,一级路南节制闸,2.721667,
2026-04-19 03:00,一级路南节制闸,2.721667,
2026-04-19 04:00,一级路南节制闸,2.896792,
2026-04-19 05:00,一级路南节制闸,3.078899,
2026-04-19 06:00,一级路南节制闸,0.278021,
2026-04-19 07:00,一级路南节制闸,0.000000,
2026-04-19 08:00,一级路南节制闸,0.496110,
2026-04-19 09:00,一级路南节制闸,0.893994,
2026-04-19 10:00,一级路南节制闸,0.671994,
2026-04-19 11:00,一级路南节制闸,0.996131,
2026-04-19 12:00,一级路南节制闸,0.996131,
2026-04-19 13:00,一级路南节制闸,0.865448,
2026-04-19 14:00,一级路南节制闸,2.503679,
2026-04-19 15:00,一级路南节制闸,3.048667,
2026-04-19 16:00,一级路南节制闸,2.618425,
2026-04-19 17:00,一级路南节制闸,0.979309,
2026-04-19 18:00,一级路南节制闸,0.863800,
2026-04-19 19:00,一级路南节制闸,0.884800,
2026-04-19 20:00,一级路南节制闸,2.575286,
2026-04-19 21:00,一级路南节制闸,1.612591,
2026-04-19 22:00,一级路南节制闸,0.324656,
2026-04-19 23:00,一级路南节制闸,2.145317,
2026-04-20 00:00,一级路南节制闸,2.163617,
2026-04-20 01:00,一级路南节制闸,2.989929,
2026-04-20 02:00,一级路南节制闸,2.989929,
2026-04-20 03:00,一级路南节制闸,3.341450,
2026-04-20 04:00,一级路南节制闸,2.813246,
2026-04-20 05:00,一级路南节制闸,2.513250,
2026-04-20 06:00,一级路南节制闸,1.055796,
2026-04-20 07:00,一级路南节制闸,1.117743,
2026-04-20 08:00,一级路南节制闸,1.928228,
2026-04-20 09:00,一级路南节制闸,1.899296,
2026-04-20 10:00,一级路南节制闸,0.834063,
2026-04-20 11:00,一级路南节制闸,1.390104,
2026-04-20 12:00,一级路南节制闸,1.288004,
2026-04-20 13:00,一级路南节制闸,1.101621,
2026-04-20 14:00,一级路南节制闸,0.791779,
2026-04-20 15:00,一级路南节制闸,0.476896,
2026-04-20 16:00,一级路南节制闸,0.771800,
2026-04-20 17:00,一级路南节制闸,1.112891,
2026-04-20 18:00,一级路南节制闸,1.112891,
2026-04-20 19:00,一级路南节制闸,1.067551,
2026-04-20 20:00,一级路南节制闸,0.695800,
2026-04-20 21:00,一级路南节制闸,0.000000,
2026-04-20 22:00,一级路南节制闸,0.000000,
2026-04-20 23:00,一级路南节制闸,1.480000,
2026-04-14 00:00,二级站出口,10.300000,
2026-04-14 01:00,二级站出口,2.621000,
2026-04-14 02:00,二级站出口,2.633000,
2026-04-14 03:00,二级站出口,2.632000,
2026-04-14 04:00,二级站出口,2.635000,
2026-04-14 05:00,二级站出口,2.642000,
2026-04-14 06:00,二级站出口,2.677510,
2026-04-14 07:00,二级站出口,2.670440,
2026-04-14 08:00,二级站出口,2.674480,
2026-04-14 09:00,二级站出口,2.686600,
2026-04-14 10:00,二级站出口,2.669430,
2026-04-14 11:00,二级站出口,2.669430,
2026-04-14 12:00,二级站出口,2.669430,
2026-04-14 13:00,二级站出口,2.661350,
2026-04-14 14:00,二级站出口,2.656300,
2026-04-14 15:00,二级站出口,2.678520,
2026-04-14 16:00,二级站出口,2.685590,
2026-04-14 17:00,二级站出口,2.677510,
2026-04-14 18:00,二级站出口,2.675490,
2026-04-14 19:00,二级站出口,2.673470,
2026-04-14 20:00,二级站出口,2.679530,
2026-04-14 21:00,二级站出口,2.674480,
2026-04-14 22:00,二级站出口,2.682560,
2026-04-14 23:00,二级站出口,2.678520,
2026-04-15 00:00,二级站出口,2.685590,
2026-04-15 01:00,二级站出口,2.677510,
2026-04-15 02:00,二级站出口,2.679530,
2026-04-15 03:00,二级站出口,2.674480,
2026-04-15 04:00,二级站出口,2.670440,
2026-04-15 05:00,二级站出口,2.666400,
2026-04-15 06:00,二级站出口,2.669430,
2026-04-15 07:00,二级站出口,2.659330,
2026-04-15 08:00,二级站出口,2.671450,
2026-04-15 09:00,二级站出口,2.679530,
2026-04-15 10:00,二级站出口,2.651250,
2026-04-15 11:00,二级站出口,2.658320,
2026-04-15 12:00,二级站出口,2.667410,
2026-04-15 13:00,二级站出口,2.674480,
2026-04-15 14:00,二级站出口,2.662360,
2026-04-15 15:00,二级站出口,2.665390,
2026-04-15 16:00,二级站出口,2.657310,
2026-04-15 17:00,二级站出口,1.306940,
2026-04-15 18:00,二级站出口,1.304920,
2026-04-15 19:00,二级站出口,1.301890,
2026-04-15 20:00,二级站出口,1.300880,
2026-04-15 21:00,二级站出口,1.299870,
2026-04-15 22:00,二级站出口,1.299870,
2026-04-15 23:00,二级站出口,1.298860,
2026-04-16 00:00,二级站出口,1.295830,
2026-04-16 01:00,二级站出口,2.668420,
2026-04-16 02:00,二级站出口,2.671450,
2026-04-16 03:00,二级站出口,2.660340,
2026-04-16 04:00,二级站出口,2.669430,
2026-04-16 05:00,二级站出口,2.658320,
2026-04-16 06:00,二级站出口,2.673470,
2026-04-16 07:00,二级站出口,2.674480,
2026-04-16 08:00,二级站出口,2.674480,
2026-04-16 09:00,二级站出口,1.304920,
2026-04-16 10:00,二级站出口,1.298860,
2026-04-16 11:00,二级站出口,1.298860,
2026-04-16 12:00,二级站出口,1.298860,
2026-04-16 13:00,二级站出口,1.297850,
2026-04-16 14:00,二级站出口,1.302900,
2026-04-16 15:00,二级站出口,1.299870,
2026-04-16 16:00,二级站出口,1.300880,
2026-04-16 17:00,二级站出口,1.300880,
2026-04-16 18:00,二级站出口,2.676500,
2026-04-16 19:00,二级站出口,2.675490,
2026-04-16 20:00,二级站出口,2.677510,
2026-04-16 21:00,二级站出口,2.685590,
2026-04-16 22:00,二级站出口,2.674480,
2026-04-16 23:00,二级站出口,2.667410,
2026-04-17 00:00,二级站出口,2.676500,
2026-04-17 01:00,二级站出口,2.673470,
2026-04-17 02:00,二级站出口,2.673470,
2026-04-17 03:00,二级站出口,4.019800,
2026-04-17 04:00,二级站出口,4.018790,
2026-04-17 05:00,二级站出口,4.021820,
2026-04-17 06:00,二级站出口,4.017780,
2026-04-17 07:00,二级站出口,4.012730,
2026-04-17 08:00,二级站出口,4.010710,
2026-04-17 09:00,二级站出口,3.991520,
2026-04-17 10:00,二级站出口,3.988490,
2026-04-17 11:00,二级站出口,3.991520,
2026-04-17 12:00,二级站出口,3.990510,
2026-04-17 13:00,二级站出口,4.000610,
2026-04-17 14:00,二级站出口,3.994550,
2026-04-17 15:00,二级站出口,3.985460,
2026-04-17 16:00,二级站出口,4.008690,
2026-04-17 17:00,二级站出口,4.015760,
2026-04-17 18:00,二级站出口,3.998590,
2026-04-17 19:00,二级站出口,4.009700,
2026-04-17 20:00,二级站出口,3.996570,
2026-04-17 21:00,二级站出口,3.989500,
2026-04-17 22:00,二级站出口,3.986470,
2026-04-17 23:00,二级站出口,3.972330,
2026-04-18 00:00,二级站出口,3.985460,
2026-04-18 01:00,二级站出口,4.000610,
2026-04-18 02:00,二级站出口,4.001620,
2026-04-18 03:00,二级站出口,4.001620,
2026-04-18 04:00,二级站出口,4.010710,
2026-04-18 05:00,二级站出口,2.667410,
2026-04-18 06:00,二级站出口,2.665390,
2026-04-18 07:00,二级站出口,2.674480,
2026-04-18 08:00,二级站出口,2.671450,
2026-04-18 09:00,二级站出口,2.667410,
2026-04-18 10:00,二级站出口,2.677510,
2026-04-18 11:00,二级站出口,2.667410,
2026-04-18 12:00,二级站出口,4.021820,
2026-04-18 13:00,二级站出口,4.003640,
2026-04-18 14:00,二级站出口,4.013740,
2026-04-18 15:00,二级站出口,4.036970,
2026-04-18 16:00,二级站出口,4.031920,
2026-04-18 17:00,二级站出口,4.002630,
2026-04-18 18:00,二级站出口,4.006670,
2026-04-18 19:00,二级站出口,3.993540,
2026-04-18 20:00,二级站出口,3.993540,
2026-04-18 21:00,二级站出口,4.008690,
2026-04-18 22:00,二级站出口,4.019800,
2026-04-18 23:00,二级站出口,4.013740,
2026-04-19 00:00,二级站出口,4.023840,
2026-04-19 01:00,二级站出口,4.019800,
2026-04-19 02:00,二级站出口,4.013740,
2026-04-19 03:00,二级站出口,4.016770,
2026-04-19 04:00,二级站出口,4.006670,
2026-04-19 05:00,二级站出口,4.008690,
2026-04-19 06:00,二级站出口,2.675490,
2026-04-19 07:00,二级站出口,2.674480,
2026-04-19 08:00,二级站出口,2.678520,
2026-04-19 09:00,二级站出口,2.667410,
2026-04-19 10:00,二级站出口,4.020810,
2026-04-19 11:00,二级站出口,4.016770,
2026-04-19 12:00,二级站出口,4.032930,
2026-04-19 13:00,二级站出口,4.033940,
2026-04-19 14:00,二级站出口,4.009700,
2026-04-19 15:00,二级站出口,4.006670,
2026-04-19 16:00,二级站出口,4.004650,
2026-04-19 17:00,二级站出口,4.020810,
2026-04-19 18:00,二级站出口,4.005660,
2026-04-19 19:00,二级站出口,4.007680,
2026-04-19 20:00,二级站出口,4.004650,
2026-04-19 21:00,二级站出口,4.001620,
2026-04-19 22:00,二级站出口,4.022830,
2026-04-19 23:00,二级站出口,4.014750,
2026-04-20 00:00,二级站出口,4.012730,
2026-04-20 01:00,二级站出口,4.001620,
2026-04-20 02:00,二级站出口,2.656300,
2026-04-20 03:00,二级站出口,2.663370,
2026-04-20 04:00,二级站出口,2.667410,
2026-04-20 05:00,二级站出口,2.666400,
2026-04-20 06:00,二级站出口,2.663370,
2026-04-20 07:00,二级站出口,2.668420,
2026-04-20 08:00,二级站出口,2.671450,
2026-04-20 09:00,二级站出口,2.667410,
2026-04-20 10:00,二级站出口,2.673470,
2026-04-20 11:00,二级站出口,2.679530,
2026-04-20 12:00,二级站出口,2.686600,
2026-04-20 13:00,二级站出口,2.673470,
2026-04-20 14:00,二级站出口,2.693670,
2026-04-20 15:00,二级站出口,2.679530,
2026-04-20 16:00,二级站出口,2.671450,
2026-04-20 17:00,二级站出口,2.656000,
2026-04-20 18:00,二级站出口,2.656000,
2026-04-20 19:00,二级站出口,2.647000,
2026-04-20 20:00,二级站出口,2.656000,
2026-04-20 21:00,二级站出口,2.657000,
2026-04-20 22:00,二级站出口,2.645000,
2026-04-20 23:00,二级站出口,2.670440,
2026-04-14 00:00,刘原管理站,0.000000,
2026-04-14 01:00,刘原管理站,0.000000,
2026-04-14 02:00,刘原管理站,0.000000,
2026-04-14 03:00,刘原管理站,0.000000,
2026-04-14 04:00,刘原管理站,0.000000,
2026-04-14 05:00,刘原管理站,0.000000,
2026-04-14 06:00,刘原管理站,0.000000,
2026-04-14 07:00,刘原管理站,0.000000,
2026-04-14 08:00,刘原管理站,0.000000,
2026-04-14 09:00,刘原管理站,0.000000,
2026-04-14 10:00,刘原管理站,0.000000,
2026-04-14 11:00,刘原管理站,0.000000,
2026-04-14 12:00,刘原管理站,0.000000,
2026-04-14 13:00,刘原管理站,0.000000,
2026-04-14 14:00,刘原管理站,0.000000,
2026-04-14 15:00,刘原管理站,0.000000,
2026-04-14 16:00,刘原管理站,0.000000,
2026-04-14 17:00,刘原管理站,0.000000,
2026-04-14 18:00,刘原管理站,0.000000,
2026-04-14 19:00,刘原管理站,0.000000,
2026-04-14 20:00,刘原管理站,0.000000,
2026-04-14 21:00,刘原管理站,0.000000,
2026-04-14 22:00,刘原管理站,0.000000,
2026-04-14 23:00,刘原管理站,0.000000,
2026-04-15 00:00,刘原管理站,0.000000,
2026-04-15 01:00,刘原管理站,0.000000,
2026-04-15 02:00,刘原管理站,0.000000,
2026-04-15 03:00,刘原管理站,0.000000,
2026-04-15 04:00,刘原管理站,0.000000,
2026-04-15 05:00,刘原管理站,0.000000,
2026-04-15 06:00,刘原管理站,0.000000,
2026-04-15 07:00,刘原管理站,0.000000,
2026-04-15 08:00,刘原管理站,0.000000,
2026-04-15 09:00,刘原管理站,0.000000,
2026-04-15 10:00,刘原管理站,0.000000,
2026-04-15 11:00,刘原管理站,0.000000,
2026-04-15 12:00,刘原管理站,0.000000,
2026-04-15 13:00,刘原管理站,0.000000,
2026-04-15 14:00,刘原管理站,0.000000,
2026-04-15 15:00,刘原管理站,0.000000,
2026-04-15 16:00,刘原管理站,0.000000,
2026-04-15 17:00,刘原管理站,0.000000,
2026-04-15 18:00,刘原管理站,0.000000,
2026-04-15 19:00,刘原管理站,0.000000,
2026-04-15 20:00,刘原管理站,0.000000,
2026-04-15 21:00,刘原管理站,0.000000,
2026-04-15 22:00,刘原管理站,0.000000,
2026-04-15 23:00,刘原管理站,0.000000,
2026-04-16 00:00,刘原管理站,0.000000,
2026-04-16 01:00,刘原管理站,0.000000,
2026-04-16 02:00,刘原管理站,0.000000,
2026-04-16 03:00,刘原管理站,0.000000,
2026-04-16 04:00,刘原管理站,0.000000,
2026-04-16 05:00,刘原管理站,0.000000,
2026-04-16 06:00,刘原管理站,0.000000,
2026-04-16 07:00,刘原管理站,0.000000,
2026-04-16 08:00,刘原管理站,0.000000,
2026-04-16 09:00,刘原管理站,0.000000,
2026-04-16 10:00,刘原管理站,0.000000,
2026-04-16 11:00,刘原管理站,0.000000,
2026-04-16 12:00,刘原管理站,0.000000,
2026-04-16 13:00,刘原管理站,0.000000,
2026-04-16 14:00,刘原管理站,0.000000,
2026-04-16 15:00,刘原管理站,0.000000,
2026-04-16 16:00,刘原管理站,0.000000,
2026-04-16 17:00,刘原管理站,0.000000,
2026-04-16 18:00,刘原管理站,0.000000,
2026-04-16 19:00,刘原管理站,0.000000,
2026-04-16 20:00,刘原管理站,0.000000,
2026-04-16 21:00,刘原管理站,0.000000,
2026-04-16 22:00,刘原管理站,0.000000,
2026-04-16 23:00,刘原管理站,0.000000,
2026-04-17 00:00,刘原管理站,0.000000,
2026-04-17 01:00,刘原管理站,0.000000,
2026-04-17 02:00,刘原管理站,0.000000,
2026-04-17 03:00,刘原管理站,0.000000,
2026-04-17 04:00,刘原管理站,0.000000,
2026-04-17 05:00,刘原管理站,0.000000,
2026-04-17 06:00,刘原管理站,0.000000,
2026-04-17 07:00,刘原管理站,0.000000,
2026-04-17 08:00,刘原管理站,0.000000,
2026-04-17 09:00,刘原管理站,0.000000,
2026-04-17 10:00,刘原管理站,0.000000,
2026-04-17 11:00,刘原管理站,0.000000,
2026-04-17 12:00,刘原管理站,0.000000,
2026-04-17 13:00,刘原管理站,0.000000,
2026-04-17 14:00,刘原管理站,0.000000,
2026-04-17 15:00,刘原管理站,0.000000,
2026-04-17 16:00,刘原管理站,0.000000,
2026-04-17 17:00,刘原管理站,0.000000,
2026-04-17 18:00,刘原管理站,0.000000,
2026-04-17 19:00,刘原管理站,0.000000,
2026-04-17 20:00,刘原管理站,0.000000,
2026-04-17 21:00,刘原管理站,0.000000,
2026-04-17 22:00,刘原管理站,0.000000,
2026-04-17 23:00,刘原管理站,0.000000,
2026-04-18 00:00,刘原管理站,0.000000,
2026-04-18 01:00,刘原管理站,0.000000,
2026-04-18 02:00,刘原管理站,0.000000,
2026-04-18 03:00,刘原管理站,0.000000,
2026-04-18 04:00,刘原管理站,0.000000,
2026-04-18 05:00,刘原管理站,0.000000,
2026-04-18 06:00,刘原管理站,0.000000,
2026-04-18 07:00,刘原管理站,0.000000,
2026-04-18 08:00,刘原管理站,0.000000,
2026-04-18 09:00,刘原管理站,0.000000,
2026-04-18 10:00,刘原管理站,0.000000,
2026-04-18 11:00,刘原管理站,0.000000,
2026-04-18 12:00,刘原管理站,0.000000,
2026-04-18 13:00,刘原管理站,0.000000,
2026-04-18 14:00,刘原管理站,0.000000,
2026-04-18 15:00,刘原管理站,0.000000,
2026-04-18 16:00,刘原管理站,0.000000,
2026-04-18 17:00,刘原管理站,0.000000,
2026-04-18 18:00,刘原管理站,0.000000,
2026-04-18 19:00,刘原管理站,0.000000,
2026-04-18 20:00,刘原管理站,0.000000,
2026-04-18 21:00,刘原管理站,0.000000,
2026-04-18 22:00,刘原管理站,0.000000,
2026-04-18 23:00,刘原管理站,0.000000,
2026-04-19 00:00,刘原管理站,0.000000,
2026-04-19 01:00,刘原管理站,0.000000,
2026-04-19 02:00,刘原管理站,0.000000,
2026-04-19 03:00,刘原管理站,0.000000,
2026-04-19 04:00,刘原管理站,0.000000,
2026-04-19 05:00,刘原管理站,0.000000,
2026-04-19 06:00,刘原管理站,0.000000,
2026-04-19 07:00,刘原管理站,0.000000,
2026-04-19 08:00,刘原管理站,0.000000,
2026-04-19 09:00,刘原管理站,0.000000,
2026-04-19 10:00,刘原管理站,0.000000,
2026-04-19 11:00,刘原管理站,0.000000,
2026-04-19 12:00,刘原管理站,0.000000,
2026-04-19 13:00,刘原管理站,0.000000,
2026-04-19 14:00,刘原管理站,0.000000,
2026-04-19 15:00,刘原管理站,0.000000,
2026-04-19 16:00,刘原管理站,0.000000,
2026-04-19 17:00,刘原管理站,0.000000,
2026-04-19 18:00,刘原管理站,0.000000,
2026-04-19 19:00,刘原管理站,0.000000,
2026-04-19 20:00,刘原管理站,0.000000,
2026-04-19 21:00,刘原管理站,0.000000,
2026-04-19 22:00,刘原管理站,0.000000,
2026-04-19 23:00,刘原管理站,0.000000,
2026-04-20 00:00,刘原管理站,0.000000,
2026-04-20 01:00,刘原管理站,0.000000,
2026-04-20 02:00,刘原管理站,0.000000,
2026-04-20 03:00,刘原管理站,0.000000,
2026-04-20 04:00,刘原管理站,0.000000,
2026-04-20 05:00,刘原管理站,0.000000,
2026-04-20 06:00,刘原管理站,0.000000,
2026-04-20 07:00,刘原管理站,0.000000,
2026-04-20 08:00,刘原管理站,0.000000,
2026-04-20 09:00,刘原管理站,0.000000,
2026-04-20 10:00,刘原管理站,0.000000,
2026-04-20 11:00,刘原管理站,0.000000,
2026-04-20 12:00,刘原管理站,0.000000,
2026-04-20 13:00,刘原管理站,0.000000,
2026-04-20 14:00,刘原管理站,0.000000,
2026-04-20 15:00,刘原管理站,0.000000,
2026-04-20 16:00,刘原管理站,0.000000,
2026-04-20 17:00,刘原管理站,0.000000,
2026-04-20 18:00,刘原管理站,0.000000,
2026-04-20 19:00,刘原管理站,0.000000,
2026-04-20 20:00,刘原管理站,0.000000,
2026-04-20 21:00,刘原管理站,0.000000,
2026-04-20 22:00,刘原管理站,0.000000,
2026-04-20 23:00,刘原管理站,0.000000,
2026-04-14 00:00,刘原节制闸,3.463800,
2026-04-14 01:00,刘原节制闸,0.432733,
2026-04-14 02:00,刘原节制闸,0.432733,
2026-04-14 03:00,刘原节制闸,0.423432,
2026-04-14 04:00,刘原节制闸,0.423432,
2026-04-14 05:00,刘原节制闸,0.316032,
2026-04-14 06:00,刘原节制闸,0.197085,
2026-04-14 07:00,刘原节制闸,0.197085,
2026-04-14 08:00,刘原节制闸,0.000000,
2026-04-14 09:00,刘原节制闸,0.000000,
2026-04-14 10:00,刘原节制闸,0.000000,
2026-04-14 11:00,刘原节制闸,0.000000,
2026-04-14 12:00,刘原节制闸,0.000000,
2026-04-14 13:00,刘原节制闸,0.000000,
2026-04-14 14:00,刘原节制闸,0.651829,
2026-04-14 15:00,刘原节制闸,0.582102,
2026-04-14 16:00,刘原节制闸,0.305365,
2026-04-14 17:00,刘原节制闸,0.000000,
2026-04-14 18:00,刘原节制闸,0.000000,
2026-04-14 19:00,刘原节制闸,0.000000,
2026-04-14 20:00,刘原节制闸,0.000000,
2026-04-14 21:00,刘原节制闸,0.000000,
2026-04-14 22:00,刘原节制闸,0.000000,
2026-04-14 23:00,刘原节制闸,0.000000,
2026-04-15 00:00,刘原节制闸,0.000000,
2026-04-15 01:00,刘原节制闸,0.000000,
2026-04-15 02:00,刘原节制闸,0.000000,
2026-04-15 03:00,刘原节制闸,0.000000,
2026-04-15 04:00,刘原节制闸,0.000000,
2026-04-15 05:00,刘原节制闸,0.000000,
2026-04-15 06:00,刘原节制闸,0.000000,
2026-04-15 07:00,刘原节制闸,0.000000,
2026-04-15 08:00,刘原节制闸,0.000000,
2026-04-15 09:00,刘原节制闸,0.000000,
2026-04-15 10:00,刘原节制闸,0.000000,
2026-04-15 11:00,刘原节制闸,0.000000,
2026-04-15 12:00,刘原节制闸,0.000000,
2026-04-15 13:00,刘原节制闸,0.000000,
2026-04-15 14:00,刘原节制闸,0.000000,
2026-04-15 15:00,刘原节制闸,0.000000,
2026-04-15 16:00,刘原节制闸,0.000000,
2026-04-15 17:00,刘原节制闸,0.000000,
2026-04-15 18:00,刘原节制闸,0.000000,
2026-04-15 19:00,刘原节制闸,0.000000,
2026-04-15 20:00,刘原节制闸,0.000000,
2026-04-15 21:00,刘原节制闸,0.469204,
2026-04-15 22:00,刘原节制闸,0.193470,
2026-04-15 23:00,刘原节制闸,0.193470,
2026-04-16 00:00,刘原节制闸,0.193470,
2026-04-16 01:00,刘原节制闸,0.278021,
2026-04-16 02:00,刘原节制闸,0.275733,
2026-04-16 03:00,刘原节制闸,0.275733,
2026-04-16 04:00,刘原节制闸,0.275733,
2026-04-16 05:00,刘原节制闸,0.000000,
2026-04-16 06:00,刘原节制闸,0.000000,
2026-04-16 07:00,刘原节制闸,0.000000,
2026-04-16 08:00,刘原节制闸,0.000000,
2026-04-16 09:00,刘原节制闸,0.000000,
2026-04-16 10:00,刘原节制闸,0.000000,
2026-04-16 11:00,刘原节制闸,0.000000,
2026-04-16 12:00,刘原节制闸,0.000000,
2026-04-16 13:00,刘原节制闸,0.000000,
2026-04-16 14:00,刘原节制闸,0.000000,
2026-04-16 15:00,刘原节制闸,0.000000,
2026-04-16 16:00,刘原节制闸,0.000000,
2026-04-16 17:00,刘原节制闸,0.000000,
2026-04-16 18:00,刘原节制闸,0.000000,
2026-04-16 19:00,刘原节制闸,0.000000,
2026-04-16 20:00,刘原节制闸,0.000000,
2026-04-16 21:00,刘原节制闸,0.000000,
2026-04-16 22:00,刘原节制闸,0.000000,
2026-04-16 23:00,刘原节制闸,0.000000,
2026-04-17 00:00,刘原节制闸,0.000000,
2026-04-17 01:00,刘原节制闸,0.000000,
2026-04-17 02:00,刘原节制闸,2.588730,
2026-04-17 03:00,刘原节制闸,4.856070,
2026-04-17 04:00,刘原节制闸,2.962394,
2026-04-17 05:00,刘原节制闸,0.177403,
2026-04-17 06:00,刘原节制闸,0.000000,
2026-04-17 07:00,刘原节制闸,0.000000,
2026-04-17 08:00,刘原节制闸,0.177403,
2026-04-17 09:00,刘原节制闸,0.595892,
2026-04-17 10:00,刘原节制闸,0.743441,
2026-04-17 11:00,刘原节制闸,0.785533,
2026-04-17 12:00,刘原节制闸,1.606733,
2026-04-17 13:00,刘原节制闸,1.887467,
2026-04-17 14:00,刘原节制闸,1.620733,
2026-04-17 15:00,刘原节制闸,1.624733,
2026-04-17 16:00,刘原节制闸,2.216200,
2026-04-17 17:00,刘原节制闸,1.944467,
2026-04-17 18:00,刘原节制闸,0.279067,
2026-04-17 19:00,刘原节制闸,0.262067,
2026-04-17 20:00,刘原节制闸,1.096267,
2026-04-17 21:00,刘原节制闸,1.373000,
2026-04-17 22:00,刘原节制闸,1.647733,
2026-04-17 23:00,刘原节制闸,1.895467,
2026-04-18 00:00,刘原节制闸,2.454933,
2026-04-18 01:00,刘原节制闸,2.169200,
2026-04-18 02:00,刘原节制闸,2.175200,
2026-04-18 03:00,刘原节制闸,1.896467,
2026-04-18 04:00,刘原节制闸,1.621733,
2026-04-18 05:00,刘原节制闸,1.338000,
2026-04-18 06:00,刘原节制闸,1.062178,
2026-04-18 07:00,刘原节制闸,0.809578,
2026-04-18 08:00,刘原节制闸,0.809578,
2026-04-18 09:00,刘原节制闸,1.337000,
2026-04-18 10:00,刘原节制闸,0.527800,
2026-04-18 11:00,刘原节制闸,0.277829,
2026-04-18 12:00,刘原节制闸,1.560971,
2026-04-18 13:00,刘原节制闸,1.651733,
2026-04-18 14:00,刘原节制闸,1.847467,
2026-04-18 15:00,刘原节制闸,1.024267,
2026-04-18 16:00,刘原节制闸,0.792533,
2026-04-18 17:00,刘原节制闸,0.231067,
2026-04-18 18:00,刘原节制闸,0.472133,
2026-04-18 19:00,刘原节制闸,0.000000,
2026-04-18 20:00,刘原节制闸,1.057267,
2026-04-18 21:00,刘原节制闸,1.890467,
2026-04-18 22:00,刘原节制闸,2.170200,
2026-04-18 23:00,刘原节制闸,2.166200,
2026-04-19 00:00,刘原节制闸,1.337000,
2026-04-19 01:00,刘原节制闸,2.718667,
2026-04-19 02:00,刘原节制闸,2.721667,
2026-04-19 03:00,刘原节制闸,2.721667,
2026-04-19 04:00,刘原节制闸,1.625733,
2026-04-19 05:00,刘原节制闸,1.340000,
2026-04-19 06:00,刘原节制闸,1.348000,
2026-04-19 07:00,刘原节制闸,1.328000,
2026-04-19 08:00,刘原节制闸,1.108090,
2026-04-19 09:00,刘原节制闸,0.638302,
2026-04-19 10:00,刘原节制闸,0.927685,
2026-04-19 11:00,刘原节制闸,0.082656,
2026-04-19 12:00,刘原节制闸,0.000000,
2026-04-19 13:00,刘原节制闸,1.671000,
2026-04-19 14:00,刘原节制闸,3.607733,
2026-04-19 15:00,刘原节制闸,3.048667,
2026-04-19 16:00,刘原节制闸,2.486200,
2026-04-19 17:00,刘原节制闸,1.111533,
2026-04-19 18:00,刘原节制闸,0.863800,
2026-04-19 19:00,刘原节制闸,0.884800,
2026-04-19 20:00,刘原节制闸,1.037115,
2026-04-19 21:00,刘原节制闸,1.832418,
2026-04-19 22:00,刘原节制闸,1.643000,
2026-04-19 23:00,刘原节制闸,2.145317,
2026-04-20 00:00,刘原节制闸,2.163617,
2026-04-20 01:00,刘原节制闸,2.688933,
2026-04-20 02:00,刘原节制闸,2.688933,
2026-04-20 03:00,刘原节制闸,2.137467,
2026-04-20 04:00,刘原节制闸,1.308267,
2026-04-20 05:00,刘原节制闸,1.309267,
2026-04-20 06:00,刘原节制闸,0.754800,
2026-04-20 07:00,刘原节制闸,1.580000,
2026-04-20 08:00,刘原节制闸,1.862733,
2026-04-20 09:00,刘原节制闸,2.962667,
2026-04-20 10:00,刘原节制闸,1.591000,
2026-04-20 11:00,刘原节制闸,1.581000,
2026-04-20 12:00,刘原节制闸,1.589000,
2026-04-20 13:00,刘原节制闸,1.579000,
2026-04-20 14:00,刘原节制闸,1.575000,
2026-04-20 15:00,刘原节制闸,1.323267,
2026-04-20 16:00,刘原节制闸,0.771800,
2026-04-20 17:00,刘原节制闸,1.112891,
2026-04-20 18:00,刘原节制闸,1.112891,
2026-04-20 19:00,刘原节制闸,1.067551,
2026-04-20 20:00,刘原节制闸,0.695800,
2026-04-20 21:00,刘原节制闸,0.000000,
2026-04-20 22:00,刘原节制闸,0.000000,
2026-04-20 23:00,刘原节制闸,1.480000,
2026-04-14 00:00,北一干管理站,0.000000,
2026-04-14 01:00,北一干管理站,0.969000,
2026-04-14 02:00,北一干管理站,0.961000,
2026-04-14 03:00,北一干管理站,0.960000,
2026-04-14 04:00,北一干管理站,0.964000,
2026-04-14 05:00,北一干管理站,0.964000,
2026-04-14 06:00,北一干管理站,0.764000,
2026-04-14 07:00,北一干管理站,0.840000,
2026-04-14 08:00,北一干管理站,0.909000,
2026-04-14 09:00,北一干管理站,0.869000,
2026-04-14 10:00,北一干管理站,0.869000,
2026-04-14 11:00,北一干管理站,0.868000,
2026-04-14 12:00,北一干管理站,0.871000,
2026-04-14 13:00,北一干管理站,0.873000,
2026-04-14 14:00,北一干管理站,0.873000,
2026-04-14 15:00,北一干管理站,0.871000,
2026-04-14 16:00,北一干管理站,0.869000,
2026-04-14 17:00,北一干管理站,0.869000,
2026-04-14 18:00,北一干管理站,0.871000,
2026-04-14 19:00,北一干管理站,0.872000,
2026-04-14 20:00,北一干管理站,0.873000,
2026-04-14 21:00,北一干管理站,0.827000,
2026-04-14 22:00,北一干管理站,0.833000,
2026-04-14 23:00,北一干管理站,0.833000,
2026-04-15 00:00,北一干管理站,0.831000,
2026-04-15 01:00,北一干管理站,0.833000,
2026-04-15 02:00,北一干管理站,0.831000,
2026-04-15 03:00,北一干管理站,0.837000,
2026-04-15 04:00,北一干管理站,0.836000,
2026-04-15 05:00,北一干管理站,0.838000,
2026-04-15 06:00,北一干管理站,0.838000,
2026-04-15 07:00,北一干管理站,0.835000,
2026-04-15 08:00,北一干管理站,0.822000,
2026-04-15 09:00,北一干管理站,0.820000,
2026-04-15 10:00,北一干管理站,0.819000,
2026-04-15 11:00,北一干管理站,0.690000,
2026-04-15 12:00,北一干管理站,0.712000,
2026-04-15 13:00,北一干管理站,0.711000,
2026-04-15 14:00,北一干管理站,0.742000,
2026-04-15 15:00,北一干管理站,0.724000,
2026-04-15 16:00,北一干管理站,0.726000,
2026-04-15 17:00,北一干管理站,0.726000,
2026-04-15 18:00,北一干管理站,0.726000,
2026-04-15 19:00,北一干管理站,0.713000,
2026-04-15 20:00,北一干管理站,0.714000,
2026-04-15 21:00,北一干管理站,0.715000,
2026-04-15 22:00,北一干管理站,0.712000,
2026-04-15 23:00,北一干管理站,0.713000,
2026-04-16 00:00,北一干管理站,0.675000,
2026-04-16 01:00,北一干管理站,0.672000,
2026-04-16 02:00,北一干管理站,0.670000,
2026-04-16 03:00,北一干管理站,0.671000,
2026-04-16 04:00,北一干管理站,0.652000,
2026-04-16 05:00,北一干管理站,0.650000,
2026-04-16 06:00,北一干管理站,0.671000,
2026-04-16 07:00,北一干管理站,0.672000,
2026-04-16 08:00,北一干管理站,0.672000,
2026-04-16 09:00,北一干管理站,0.669000,
2026-04-16 10:00,北一干管理站,0.672000,
2026-04-16 11:00,北一干管理站,0.671000,
2026-04-16 12:00,北一干管理站,0.671000,
2026-04-16 13:00,北一干管理站,0.670000,
2026-04-16 14:00,北一干管理站,0.634000,
2026-04-16 15:00,北一干管理站,0.628000,
2026-04-16 16:00,北一干管理站,0.628000,
2026-04-16 17:00,北一干管理站,0.628000,
2026-04-16 18:00,北一干管理站,0.629000,
2026-04-16 19:00,北一干管理站,0.651000,
2026-04-16 20:00,北一干管理站,0.631000,
2026-04-16 21:00,北一干管理站,0.631000,
2026-04-16 22:00,北一干管理站,0.630000,
2026-04-16 23:00,北一干管理站,0.630000,
2026-04-17 00:00,北一干管理站,0.628000,
2026-04-17 01:00,北一干管理站,0.624000,
2026-04-17 02:00,北一干管理站,0.624000,
2026-04-17 03:00,北一干管理站,0.620000,
2026-04-17 04:00,北一干管理站,0.620000,
2026-04-17 05:00,北一干管理站,0.623000,
2026-04-17 06:00,北一干管理站,0.619000,
2026-04-17 07:00,北一干管理站,0.620000,
2026-04-17 08:00,北一干管理站,0.621000,
2026-04-17 09:00,北一干管理站,0.731000,
2026-04-17 10:00,北一干管理站,0.799000,
2026-04-17 11:00,北一干管理站,0.603000,
2026-04-17 12:00,北一干管理站,0.650000,
2026-04-17 13:00,北一干管理站,0.650000,
2026-04-17 14:00,北一干管理站,0.623000,
2026-04-17 15:00,北一干管理站,0.675000,
2026-04-17 16:00,北一干管理站,0.684000,
2026-04-17 17:00,北一干管理站,0.684000,
2026-04-17 18:00,北一干管理站,0.697000,
2026-04-17 19:00,北一干管理站,0.696000,
2026-04-17 20:00,北一干管理站,0.698000,
2026-04-17 21:00,北一干管理站,0.701000,
2026-04-17 22:00,北一干管理站,0.701000,
2026-04-17 23:00,北一干管理站,0.697000,
2026-04-18 00:00,北一干管理站,0.697000,
2026-04-18 01:00,北一干管理站,0.700000,
2026-04-18 02:00,北一干管理站,0.698000,
2026-04-18 03:00,北一干管理站,0.698000,
2026-04-18 04:00,北一干管理站,0.642000,
2026-04-18 05:00,北一干管理站,0.652000,
2026-04-18 06:00,北一干管理站,0.649000,
2026-04-18 07:00,北一干管理站,0.647000,
2026-04-18 08:00,北一干管理站,0.644000,
2026-04-18 09:00,北一干管理站,0.642000,
2026-04-18 10:00,北一干管理站,0.644000,
2026-04-18 11:00,北一干管理站,0.643000,
2026-04-18 12:00,北一干管理站,0.638000,
2026-04-18 13:00,北一干管理站,0.634000,
2026-04-18 14:00,北一干管理站,0.649000,
2026-04-18 15:00,北一干管理站,0.650000,
2026-04-18 16:00,北一干管理站,0.609000,
2026-04-18 17:00,北一干管理站,0.590000,
2026-04-18 18:00,北一干管理站,0.602000,
2026-04-18 19:00,北一干管理站,0.599000,
2026-04-18 20:00,北一干管理站,0.602000,
2026-04-18 21:00,北一干管理站,0.612000,
2026-04-18 22:00,北一干管理站,0.617000,
2026-04-18 23:00,北一干管理站,0.616000,
2026-04-19 00:00,北一干管理站,0.616000,
2026-04-19 01:00,北一干管理站,0.616000,
2026-04-19 02:00,北一干管理站,0.617000,
2026-04-19 03:00,北一干管理站,0.617000,
2026-04-19 04:00,北一干管理站,0.617000,
2026-04-19 05:00,北一干管理站,0.616000,
2026-04-19 06:00,北一干管理站,0.619000,
2026-04-19 07:00,北一干管理站,0.618000,
2026-04-19 08:00,北一干管理站,0.738000,
2026-04-19 09:00,北一干管理站,0.736000,
2026-04-19 10:00,北一干管理站,0.886000,
2026-04-19 11:00,北一干管理站,0.881000,
2026-04-19 12:00,北一干管理站,0.878000,
2026-04-19 13:00,北一干管理站,0.855000,
2026-04-19 14:00,北一干管理站,0.906000,
2026-04-19 15:00,北一干管理站,0.898000,
2026-04-19 16:00,北一干管理站,0.906000,
2026-04-19 17:00,北一干管理站,0.873000,
2026-04-19 18:00,北一干管理站,0.804000,
2026-04-19 19:00,北一干管理站,0.851000,
2026-04-19 20:00,北一干管理站,0.694000,
2026-04-19 21:00,北一干管理站,0.696000,
2026-04-19 22:00,北一干管理站,0.712000,
2026-04-19 23:00,北一干管理站,0.712000,
2026-04-20 00:00,北一干管理站,0.715000,
2026-04-20 01:00,北一干管理站,0.716000,
2026-04-20 02:00,北一干管理站,0.717000,
2026-04-20 03:00,北一干管理站,0.717000,
2026-04-20 04:00,北一干管理站,0.717000,
2026-04-20 05:00,北一干管理站,0.716000,
2026-04-20 06:00,北一干管理站,0.715000,
2026-04-20 07:00,北一干管理站,0.715000,
2026-04-20 08:00,北一干管理站,0.714000,
2026-04-20 09:00,北一干管理站,0.699000,
2026-04-20 10:00,北一干管理站,0.677000,
2026-04-20 11:00,北一干管理站,0.676000,
2026-04-20 12:00,北一干管理站,0.697000,
2026-04-20 13:00,北一干管理站,0.694000,
2026-04-20 14:00,北一干管理站,0.683000,
2026-04-20 15:00,北一干管理站,0.685000,
2026-04-20 16:00,北一干管理站,0.683000,
2026-04-20 17:00,北一干管理站,0.683000,
2026-04-20 18:00,北一干管理站,0.678000,
2026-04-20 19:00,北一干管理站,0.679000,
2026-04-20 20:00,北一干管理站,0.702000,
2026-04-20 21:00,北一干管理站,0.697000,
2026-04-20 22:00,北一干管理站,0.685000,
2026-04-20 23:00,北一干管理站,0.683000,
2026-04-14 00:00,北二干管理站,0.000000,
2026-04-14 01:00,北二干管理站,0.000000,
2026-04-14 02:00,北二干管理站,0.000000,
2026-04-14 03:00,北二干管理站,0.000000,
2026-04-14 04:00,北二干管理站,0.000000,
2026-04-14 05:00,北二干管理站,0.000000,
2026-04-14 06:00,北二干管理站,0.000000,
2026-04-14 07:00,北二干管理站,0.000000,
2026-04-14 08:00,北二干管理站,0.000000,
2026-04-14 09:00,北二干管理站,0.000000,
2026-04-14 10:00,北二干管理站,0.000000,
2026-04-14 11:00,北二干管理站,0.000000,
2026-04-14 12:00,北二干管理站,0.000000,
2026-04-14 13:00,北二干管理站,0.000000,
2026-04-14 14:00,北二干管理站,0.000000,
2026-04-14 15:00,北二干管理站,0.000000,
2026-04-14 16:00,北二干管理站,0.000000,
2026-04-14 17:00,北二干管理站,0.000000,
2026-04-14 18:00,北二干管理站,0.000000,
2026-04-14 19:00,北二干管理站,0.000000,
2026-04-14 20:00,北二干管理站,0.000000,
2026-04-14 21:00,北二干管理站,0.000000,
2026-04-14 22:00,北二干管理站,0.000000,
2026-04-14 23:00,北二干管理站,0.000000,
2026-04-15 00:00,北二干管理站,0.000000,
2026-04-15 01:00,北二干管理站,0.000000,
2026-04-15 02:00,北二干管理站,0.000000,
2026-04-15 03:00,北二干管理站,0.000000,
2026-04-15 04:00,北二干管理站,0.000000,
2026-04-15 05:00,北二干管理站,0.000000,
2026-04-15 06:00,北二干管理站,0.000000,
2026-04-15 07:00,北二干管理站,0.000000,
2026-04-15 08:00,北二干管理站,0.000000,
2026-04-15 09:00,北二干管理站,0.000000,
2026-04-15 10:00,北二干管理站,0.000000,
2026-04-15 11:00,北二干管理站,0.000000,
2026-04-15 12:00,北二干管理站,0.000000,
2026-04-15 13:00,北二干管理站,0.000000,
2026-04-15 14:00,北二干管理站,0.000000,
2026-04-15 15:00,北二干管理站,0.000000,
2026-04-15 16:00,北二干管理站,0.000000,
2026-04-15 17:00,北二干管理站,0.000000,
2026-04-15 18:00,北二干管理站,0.000000,
2026-04-15 19:00,北二干管理站,0.000000,
2026-04-15 20:00,北二干管理站,0.000000,
2026-04-15 21:00,北二干管理站,0.000000,
2026-04-15 22:00,北二干管理站,0.000000,
2026-04-15 23:00,北二干管理站,0.000000,
2026-04-16 00:00,北二干管理站,0.000000,
2026-04-16 01:00,北二干管理站,0.000000,
2026-04-16 02:00,北二干管理站,0.000000,
2026-04-16 03:00,北二干管理站,0.000000,
2026-04-16 04:00,北二干管理站,0.000000,
2026-04-16 05:00,北二干管理站,0.000000,
2026-04-16 06:00,北二干管理站,0.000000,
2026-04-16 07:00,北二干管理站,0.000000,
2026-04-16 08:00,北二干管理站,0.000000,
2026-04-16 09:00,北二干管理站,0.000000,
2026-04-16 10:00,北二干管理站,0.000000,
2026-04-16 11:00,北二干管理站,0.000000,
2026-04-16 12:00,北二干管理站,0.000000,
2026-04-16 13:00,北二干管理站,0.000000,
2026-04-16 14:00,北二干管理站,0.000000,
2026-04-16 15:00,北二干管理站,0.000000,
2026-04-16 16:00,北二干管理站,0.000000,
2026-04-16 17:00,北二干管理站,0.000000,
2026-04-16 18:00,北二干管理站,0.000000,
2026-04-16 19:00,北二干管理站,0.000000,
2026-04-16 20:00,北二干管理站,0.000000,
2026-04-16 21:00,北二干管理站,0.000000,
2026-04-16 22:00,北二干管理站,0.000000,
2026-04-16 23:00,北二干管理站,0.000000,
2026-04-17 00:00,北二干管理站,0.000000,
2026-04-17 01:00,北二干管理站,0.000000,
2026-04-17 02:00,北二干管理站,0.000000,
2026-04-17 03:00,北二干管理站,0.000000,
2026-04-17 04:00,北二干管理站,0.000000,
2026-04-17 05:00,北二干管理站,0.000000,
2026-04-17 06:00,北二干管理站,0.540000,
2026-04-17 07:00,北二干管理站,0.630000,
2026-04-17 08:00,北二干管理站,0.630000,
2026-04-17 09:00,北二干管理站,0.630000,
2026-04-17 10:00,北二干管理站,0.630000,
2026-04-17 11:00,北二干管理站,0.630000,
2026-04-17 12:00,北二干管理站,0.630000,
2026-04-17 13:00,北二干管理站,0.630000,
2026-04-17 14:00,北二干管理站,0.630000,
2026-04-17 15:00,北二干管理站,0.620000,
2026-04-17 16:00,北二干管理站,0.620000,
2026-04-17 17:00,北二干管理站,0.630000,
2026-04-17 18:00,北二干管理站,0.630000,
2026-04-17 19:00,北二干管理站,0.620000,
2026-04-17 20:00,北二干管理站,0.620000,
2026-04-17 21:00,北二干管理站,0.620000,
2026-04-17 22:00,北二干管理站,0.620000,
2026-04-17 23:00,北二干管理站,0.620000,
2026-04-18 00:00,北二干管理站,0.620000,
2026-04-18 01:00,北二干管理站,0.620000,
2026-04-18 02:00,北二干管理站,0.620000,
2026-04-18 03:00,北二干管理站,0.620000,
2026-04-18 04:00,北二干管理站,0.620000,
2026-04-18 05:00,北二干管理站,0.620000,
2026-04-18 06:00,北二干管理站,0.620000,
2026-04-18 07:00,北二干管理站,0.620000,
2026-04-18 08:00,北二干管理站,0.620000,
2026-04-18 09:00,北二干管理站,0.620000,
2026-04-18 10:00,北二干管理站,0.620000,
2026-04-18 11:00,北二干管理站,0.620000,
2026-04-18 12:00,北二干管理站,0.620000,
2026-04-18 13:00,北二干管理站,0.620000,
2026-04-18 14:00,北二干管理站,0.620000,
2026-04-18 15:00,北二干管理站,0.620000,
2026-04-18 16:00,北二干管理站,0.620000,
2026-04-18 17:00,北二干管理站,0.620000,
2026-04-18 18:00,北二干管理站,0.620000,
2026-04-18 19:00,北二干管理站,0.610000,
2026-04-18 20:00,北二干管理站,0.620000,
2026-04-18 21:00,北二干管理站,0.620000,
2026-04-18 22:00,北二干管理站,0.620000,
2026-04-18 23:00,北二干管理站,0.620000,
2026-04-19 00:00,北二干管理站,0.620000,
2026-04-19 01:00,北二干管理站,0.620000,
2026-04-19 02:00,北二干管理站,0.620000,
2026-04-19 03:00,北二干管理站,0.620000,
2026-04-19 04:00,北二干管理站,0.620000,
2026-04-19 05:00,北二干管理站,0.620000,
2026-04-19 06:00,北二干管理站,0.620000,
2026-04-19 07:00,北二干管理站,0.450000,
2026-04-19 08:00,北二干管理站,0.750000,
2026-04-19 09:00,北二干管理站,0.750000,
2026-04-19 10:00,北二干管理站,0.750000,
2026-04-19 11:00,北二干管理站,0.740000,
2026-04-19 12:00,北二干管理站,0.750000,
2026-04-19 13:00,北二干管理站,0.740000,
2026-04-19 14:00,北二干管理站,0.720000,
2026-04-19 15:00,北二干管理站,0.720000,
2026-04-19 16:00,北二干管理站,0.720000,
2026-04-19 17:00,北二干管理站,0.720000,
2026-04-19 18:00,北二干管理站,0.740000,
2026-04-19 19:00,北二干管理站,0.770000,
2026-04-19 20:00,北二干管理站,0.770000,
2026-04-19 21:00,北二干管理站,0.770000,
2026-04-19 22:00,北二干管理站,0.770000,
2026-04-19 23:00,北二干管理站,0.750000,
2026-04-20 00:00,北二干管理站,0.720000,
2026-04-20 01:00,北二干管理站,0.720000,
2026-04-20 02:00,北二干管理站,0.720000,
2026-04-20 03:00,北二干管理站,0.720000,
2026-04-20 04:00,北二干管理站,0.720000,
2026-04-20 05:00,北二干管理站,0.720000,
2026-04-20 06:00,北二干管理站,0.720000,
2026-04-20 07:00,北二干管理站,0.720000,
2026-04-20 08:00,北二干管理站,0.720000,
2026-04-20 09:00,北二干管理站,0.720000,
2026-04-20 10:00,北二干管理站,0.720000,
2026-04-20 11:00,北二干管理站,0.720000,
2026-04-20 12:00,北二干管理站,0.720000,
2026-04-20 13:00,北二干管理站,0.710000,
2026-04-20 14:00,北二干管理站,0.720000,
2026-04-20 15:00,北二干管理站,0.730000,
2026-04-20 16:00,北二干管理站,0.730000,
2026-04-20 17:00,北二干管理站,0.730000,
2026-04-20 18:00,北二干管理站,0.730000,
2026-04-20 19:00,北二干管理站,0.730000,
2026-04-20 20:00,北二干管理站,0.730000,
2026-04-20 21:00,北二干管理站,0.730000,
2026-04-20 22:00,北二干管理站,0.730000,
2026-04-20 23:00,北二干管理站,0.730000,
2026-04-14 00:00,南干管理站,0.000000,
2026-04-14 01:00,南干管理站,0.702000,
2026-04-14 02:00,南干管理站,0.696000,
2026-04-14 03:00,南干管理站,0.697000,
2026-04-14 04:00,南干管理站,0.616000,
2026-04-14 05:00,南干管理站,0.540000,
2026-04-14 06:00,南干管理站,0.559000,
2026-04-14 07:00,南干管理站,0.561000,
2026-04-14 08:00,南干管理站,0.599000,
2026-04-14 09:00,南干管理站,0.597000,
2026-04-14 10:00,南干管理站,0.652000,
2026-04-14 11:00,南干管理站,0.636000,
2026-04-14 12:00,南干管理站,0.628000,
2026-04-14 13:00,南干管理站,0.651000,
2026-04-14 14:00,南干管理站,0.649000,
2026-04-14 15:00,南干管理站,0.601000,
2026-04-14 16:00,南干管理站,0.604000,
2026-04-14 17:00,南干管理站,0.593000,
2026-04-14 18:00,南干管理站,0.589000,
2026-04-14 19:00,南干管理站,0.591000,
2026-04-14 20:00,南干管理站,0.596000,
2026-04-14 21:00,南干管理站,0.598000,
2026-04-14 22:00,南干管理站,0.600000,
2026-04-14 23:00,南干管理站,0.603000,
2026-04-15 00:00,南干管理站,0.577000,
2026-04-15 01:00,南干管理站,0.580000,
2026-04-15 02:00,南干管理站,0.580000,
2026-04-15 03:00,南干管理站,0.587000,
2026-04-15 04:00,南干管理站,0.598000,
2026-04-15 05:00,南干管理站,0.612000,
2026-04-15 06:00,南干管理站,0.624000,
2026-04-15 07:00,南干管理站,0.624000,
2026-04-15 08:00,南干管理站,0.512000,
2026-04-15 09:00,南干管理站,0.485000,
2026-04-15 10:00,南干管理站,0.471000,
2026-04-15 11:00,南干管理站,0.471000,
2026-04-15 12:00,南干管理站,0.509000,
2026-04-15 13:00,南干管理站,0.534000,
2026-04-15 14:00,南干管理站,0.539000,
2026-04-15 15:00,南干管理站,0.540000,
2026-04-15 16:00,南干管理站,0.554000,
2026-04-15 17:00,南干管理站,0.578000,
2026-04-15 18:00,南干管理站,0.565000,
2026-04-15 19:00,南干管理站,0.538000,
2026-04-15 20:00,南干管理站,0.576000,
2026-04-15 21:00,南干管理站,0.549000,
2026-04-15 22:00,南干管理站,0.566000,
2026-04-15 23:00,南干管理站,0.557000,
2026-04-16 00:00,南干管理站,0.557000,
2026-04-16 01:00,南干管理站,0.528000,
2026-04-16 02:00,南干管理站,0.541000,
2026-04-16 03:00,南干管理站,0.583000,
2026-04-16 04:00,南干管理站,0.582000,
2026-04-16 05:00,南干管理站,0.589000,
2026-04-16 06:00,南干管理站,0.592000,
2026-04-16 07:00,南干管理站,0.598000,
2026-04-16 08:00,南干管理站,0.598000,
2026-04-16 09:00,南干管理站,0.586000,
2026-04-16 10:00,南干管理站,0.595000,
2026-04-16 11:00,南干管理站,0.614000,
2026-04-16 12:00,南干管理站,0.617000,
2026-04-16 13:00,南干管理站,0.664000,
2026-04-16 14:00,南干管理站,0.655000,
2026-04-16 15:00,南干管理站,0.658000,
2026-04-16 16:00,南干管理站,0.658000,
2026-04-16 17:00,南干管理站,0.655000,
2026-04-16 18:00,南干管理站,0.643000,
2026-04-16 19:00,南干管理站,0.627000,
2026-04-16 20:00,南干管理站,0.627000,
2026-04-16 21:00,南干管理站,0.628000,
2026-04-16 22:00,南干管理站,0.629000,
2026-04-16 23:00,南干管理站,0.628000,
2026-04-17 00:00,南干管理站,0.629000,
2026-04-17 01:00,南干管理站,0.627000,
2026-04-17 02:00,南干管理站,0.627000,
2026-04-17 03:00,南干管理站,0.582000,
2026-04-17 04:00,南干管理站,0.622000,
2026-04-17 05:00,南干管理站,0.548000,
2026-04-17 06:00,南干管理站,0.564000,
2026-04-17 07:00,南干管理站,0.612000,
2026-04-17 08:00,南干管理站,0.608000,
2026-04-17 09:00,南干管理站,0.602000,
2026-04-17 10:00,南干管理站,0.608000,
2026-04-17 11:00,南干管理站,0.605000,
2026-04-17 12:00,南干管理站,0.660000,
2026-04-17 13:00,南干管理站,0.669000,
2026-04-17 14:00,南干管理站,0.666000,
2026-04-17 15:00,南干管理站,0.669000,
2026-04-17 16:00,南干管理站,0.670000,
2026-04-17 17:00,南干管理站,0.616000,
2026-04-17 18:00,南干管理站,0.619000,
2026-04-17 19:00,南干管理站,0.621000,
2026-04-17 20:00,南干管理站,0.624000,
2026-04-17 21:00,南干管理站,0.630000,
2026-04-17 22:00,南干管理站,0.636000,
2026-04-17 23:00,南干管理站,0.638000,
2026-04-18 00:00,南干管理站,0.638000,
2026-04-18 01:00,南干管理站,0.647000,
2026-04-18 02:00,南干管理站,0.651000,
2026-04-18 03:00,南干管理站,0.650000,
2026-04-18 04:00,南干管理站,0.651000,
2026-04-18 05:00,南干管理站,0.614000,
2026-04-18 06:00,南干管理站,0.664000,
2026-04-18 07:00,南干管理站,0.684000,
2026-04-18 08:00,南干管理站,0.672000,
2026-04-18 09:00,南干管理站,0.736000,
2026-04-18 10:00,南干管理站,0.727000,
2026-04-18 11:00,南干管理站,0.720000,
2026-04-18 12:00,南干管理站,0.732000,
2026-04-18 13:00,南干管理站,0.738000,
2026-04-18 14:00,南干管理站,0.737000,
2026-04-18 15:00,南干管理站,0.721000,
2026-04-18 16:00,南干管理站,0.716000,
2026-04-18 17:00,南干管理站,0.619000,
2026-04-18 18:00,南干管理站,0.599000,
2026-04-18 19:00,南干管理站,0.529000,
2026-04-18 20:00,南干管理站,0.527000,
2026-04-18 21:00,南干管理站,0.483000,
2026-04-18 22:00,南干管理站,0.495000,
2026-04-18 23:00,南干管理站,0.503000,
2026-04-19 00:00,南干管理站,0.499000,
2026-04-19 01:00,南干管理站,0.510000,
2026-04-19 02:00,南干管理站,0.504000,
2026-04-19 03:00,南干管理站,0.502000,
2026-04-19 04:00,南干管理站,0.497000,
2026-04-19 05:00,南干管理站,0.524000,
2026-04-19 06:00,南干管理站,0.569000,
2026-04-19 07:00,南干管理站,0.558000,
2026-04-19 08:00,南干管理站,0.574000,
2026-04-19 09:00,南干管理站,0.596000,
2026-04-19 10:00,南干管理站,0.584000,
2026-04-19 11:00,南干管理站,0.581000,
2026-04-19 12:00,南干管理站,0.596000,
2026-04-19 13:00,南干管理站,0.645000,
2026-04-19 14:00,南干管理站,0.623000,
2026-04-19 15:00,南干管理站,0.623000,
2026-04-19 16:00,南干管理站,0.591000,
2026-04-19 17:00,南干管理站,0.541000,
2026-04-19 18:00,南干管理站,0.508000,
2026-04-19 19:00,南干管理站,0.416000,
2026-04-19 20:00,南干管理站,0.386000,
2026-04-19 21:00,南干管理站,0.389000,
2026-04-19 22:00,南干管理站,0.340000,
2026-04-19 23:00,南干管理站,0.297000,
2026-04-20 00:00,南干管理站,0.301000,
2026-04-20 01:00,南干管理站,0.281000,
2026-04-20 02:00,南干管理站,0.285000,
2026-04-20 03:00,南干管理站,0.272000,
2026-04-20 04:00,南干管理站,0.270000,
2026-04-20 05:00,南干管理站,0.266000,
2026-04-20 06:00,南干管理站,0.268000,
2026-04-20 07:00,南干管理站,0.262000,
2026-04-20 08:00,南干管理站,0.267000,
2026-04-20 09:00,南干管理站,0.308000,
2026-04-20 10:00,南干管理站,0.258000,
2026-04-20 11:00,南干管理站,0.260000,
2026-04-20 12:00,南干管理站,0.257000,
2026-04-20 13:00,南干管理站,0.284000,
2026-04-20 14:00,南干管理站,0.284000,
2026-04-20 15:00,南干管理站,0.281000,
2026-04-20 16:00,南干管理站,0.285000,
2026-04-20 17:00,南干管理站,0.283000,
2026-04-20 18:00,南干管理站,0.280000,
2026-04-20 19:00,南干管理站,0.274000,
2026-04-20 20:00,南干管理站,0.228000,
2026-04-20 21:00,南干管理站,0.228000,
2026-04-20 22:00,南干管理站,0.231000,
2026-04-20 23:00,南干管理站,0.161000,
2026-04-14 00:00,富家岭提水,0.040000,
2026-04-14 01:00,富家岭提水,0.040000,
2026-04-14 02:00,富家岭提水,0.040000,
2026-04-14 03:00,富家岭提水,0.040000,
2026-04-14 04:00,富家岭提水,0.040000,
2026-04-14 05:00,富家岭提水,0.040000,
2026-04-14 06:00,富家岭提水,0.040000,
2026-04-14 07:00,富家岭提水,0.040000,
2026-04-14 08:00,富家岭提水,0.040000,
2026-04-14 09:00,富家岭提水,0.040000,
2026-04-14 10:00,富家岭提水,0.040000,
2026-04-14 11:00,富家岭提水,0.040000,
2026-04-14 12:00,富家岭提水,0.040000,
2026-04-14 13:00,富家岭提水,0.040000,
2026-04-14 14:00,富家岭提水,0.040000,
2026-04-14 15:00,富家岭提水,0.040000,
2026-04-14 16:00,富家岭提水,0.040000,
2026-04-14 17:00,富家岭提水,0.040000,
2026-04-14 18:00,富家岭提水,0.040000,
2026-04-14 19:00,富家岭提水,0.040000,
2026-04-14 20:00,富家岭提水,0.040000,
2026-04-14 21:00,富家岭提水,0.040000,
2026-04-14 22:00,富家岭提水,0.040000,
2026-04-14 23:00,富家岭提水,0.040000,
2026-04-15 00:00,富家岭提水,0.040000,
2026-04-15 01:00,富家岭提水,0.040000,
2026-04-15 02:00,富家岭提水,0.040000,
2026-04-15 03:00,富家岭提水,0.040000,
2026-04-15 04:00,富家岭提水,0.040000,
2026-04-15 05:00,富家岭提水,0.040000,
2026-04-15 06:00,富家岭提水,0.040000,
2026-04-15 07:00,富家岭提水,0.040000,
2026-04-15 08:00,富家岭提水,0.040000,
2026-04-15 09:00,富家岭提水,0.040000,
2026-04-15 10:00,富家岭提水,0.040000,
2026-04-15 11:00,富家岭提水,0.040000,
2026-04-15 12:00,富家岭提水,0.040000,
2026-04-15 13:00,富家岭提水,0.040000,
2026-04-15 14:00,富家岭提水,0.040000,
2026-04-15 15:00,富家岭提水,0.040000,
2026-04-15 16:00,富家岭提水,0.040000,
2026-04-15 17:00,富家岭提水,0.040000,
2026-04-15 18:00,富家岭提水,0.040000,
2026-04-15 19:00,富家岭提水,0.040000,
2026-04-15 20:00,富家岭提水,0.040000,
2026-04-15 21:00,富家岭提水,0.040000,
2026-04-15 22:00,富家岭提水,0.040000,
2026-04-15 23:00,富家岭提水,0.040000,
2026-04-16 00:00,富家岭提水,0.040000,
2026-04-16 01:00,富家岭提水,0.040000,
2026-04-16 02:00,富家岭提水,0.040000,
2026-04-16 03:00,富家岭提水,0.040000,
2026-04-16 04:00,富家岭提水,0.040000,
2026-04-16 05:00,富家岭提水,0.040000,
2026-04-16 06:00,富家岭提水,0.040000,
2026-04-16 07:00,富家岭提水,0.040000,
2026-04-16 08:00,富家岭提水,0.040000,
2026-04-16 09:00,富家岭提水,0.040000,
2026-04-16 10:00,富家岭提水,0.040000,
2026-04-16 11:00,富家岭提水,0.040000,
2026-04-16 12:00,富家岭提水,0.040000,
2026-04-16 13:00,富家岭提水,0.040000,
2026-04-16 14:00,富家岭提水,0.040000,
2026-04-16 15:00,富家岭提水,0.040000,
2026-04-16 16:00,富家岭提水,0.040000,
2026-04-16 17:00,富家岭提水,0.040000,
2026-04-16 18:00,富家岭提水,0.040000,
2026-04-16 19:00,富家岭提水,0.040000,
2026-04-16 20:00,富家岭提水,0.040000,
2026-04-16 21:00,富家岭提水,0.040000,
2026-04-16 22:00,富家岭提水,0.040000,
2026-04-16 23:00,富家岭提水,0.040000,
2026-04-17 00:00,富家岭提水,0.040000,
2026-04-17 01:00,富家岭提水,0.040000,
2026-04-17 02:00,富家岭提水,0.040000,
2026-04-17 03:00,富家岭提水,0.040000,
2026-04-17 04:00,富家岭提水,0.040000,
2026-04-17 05:00,富家岭提水,0.040000,
2026-04-17 06:00,富家岭提水,0.040000,
2026-04-17 07:00,富家岭提水,0.040000,
2026-04-17 08:00,富家岭提水,0.040000,
2026-04-17 09:00,富家岭提水,0.040000,
2026-04-17 10:00,富家岭提水,0.040000,
2026-04-17 11:00,富家岭提水,0.040000,
2026-04-17 12:00,富家岭提水,0.040000,
2026-04-17 13:00,富家岭提水,0.040000,
2026-04-17 14:00,富家岭提水,0.040000,
2026-04-17 15:00,富家岭提水,0.040000,
2026-04-17 16:00,富家岭提水,0.040000,
2026-04-17 17:00,富家岭提水,0.040000,
2026-04-17 18:00,富家岭提水,0.040000,
2026-04-17 19:00,富家岭提水,0.040000,
2026-04-17 20:00,富家岭提水,0.040000,
2026-04-17 21:00,富家岭提水,0.040000,
2026-04-17 22:00,富家岭提水,0.040000,
2026-04-17 23:00,富家岭提水,0.040000,
2026-04-18 00:00,富家岭提水,0.040000,
2026-04-18 01:00,富家岭提水,0.040000,
2026-04-18 02:00,富家岭提水,0.040000,
2026-04-18 03:00,富家岭提水,0.040000,
2026-04-18 04:00,富家岭提水,0.040000,
2026-04-18 05:00,富家岭提水,0.040000,
2026-04-18 06:00,富家岭提水,0.040000,
2026-04-18 07:00,富家岭提水,0.040000,
2026-04-18 08:00,富家岭提水,0.040000,
2026-04-18 09:00,富家岭提水,0.040000,
2026-04-18 10:00,富家岭提水,0.040000,
2026-04-18 11:00,富家岭提水,0.040000,
2026-04-18 12:00,富家岭提水,0.040000,
2026-04-18 13:00,富家岭提水,0.040000,
2026-04-18 14:00,富家岭提水,0.040000,
2026-04-18 15:00,富家岭提水,0.040000,
2026-04-18 16:00,富家岭提水,0.040000,
2026-04-18 17:00,富家岭提水,0.040000,
2026-04-18 18:00,富家岭提水,0.040000,
2026-04-18 19:00,富家岭提水,0.040000,
2026-04-18 20:00,富家岭提水,0.040000,
2026-04-18 21:00,富家岭提水,0.040000,
2026-04-18 22:00,富家岭提水,0.040000,
2026-04-18 23:00,富家岭提水,0.040000,
2026-04-19 00:00,富家岭提水,0.040000,
2026-04-19 01:00,富家岭提水,0.040000,
2026-04-19 02:00,富家岭提水,0.040000,
2026-04-19 03:00,富家岭提水,0.040000,
2026-04-19 04:00,富家岭提水,0.040000,
2026-04-19 05:00,富家岭提水,0.040000,
2026-04-19 06:00,富家岭提水,0.040000,
2026-04-19 07:00,富家岭提水,0.040000,
2026-04-19 08:00,富家岭提水,0.040000,
2026-04-19 09:00,富家岭提水,0.040000,
2026-04-19 10:00,富家岭提水,0.040000,
2026-04-19 11:00,富家岭提水,0.040000,
2026-04-19 12:00,富家岭提水,0.040000,
2026-04-19 13:00,富家岭提水,0.040000,
2026-04-19 14:00,富家岭提水,0.040000,
2026-04-19 15:00,富家岭提水,0.040000,
2026-04-19 16:00,富家岭提水,0.040000,
2026-04-19 17:00,富家岭提水,0.040000,
2026-04-19 18:00,富家岭提水,0.040000,
2026-04-19 19:00,富家岭提水,0.040000,
2026-04-19 20:00,富家岭提水,0.040000,
2026-04-19 21:00,富家岭提水,0.040000,
2026-04-19 22:00,富家岭提水,0.040000,
2026-04-19 23:00,富家岭提水,0.040000,
2026-04-20 00:00,富家岭提水,0.040000,
2026-04-20 01:00,富家岭提水,0.040000,
2026-04-20 02:00,富家岭提水,0.040000,
2026-04-20 03:00,富家岭提水,0.040000,
2026-04-20 04:00,富家岭提水,0.040000,
2026-04-20 05:00,富家岭提水,0.040000,
2026-04-20 06:00,富家岭提水,0.040000,
2026-04-20 07:00,富家岭提水,0.040000,
2026-04-20 08:00,富家岭提水,0.040000,
2026-04-20 09:00,富家岭提水,0.040000,
2026-04-20 10:00,富家岭提水,0.040000,
2026-04-20 11:00,富家岭提水,0.040000,
2026-04-20 12:00,富家岭提水,0.040000,
2026-04-20 13:00,富家岭提水,0.040000,
2026-04-20 14:00,富家岭提水,0.040000,
2026-04-20 15:00,富家岭提水,0.040000,
2026-04-20 16:00,富家岭提水,0.040000,
2026-04-20 17:00,富家岭提水,0.040000,
2026-04-20 18:00,富家岭提水,0.040000,
2026-04-20 19:00,富家岭提水,0.040000,
2026-04-20 20:00,富家岭提水,0.040000,
2026-04-20 21:00,富家岭提水,0.040000,
2026-04-20 22:00,富家岭提水,0.040000,
2026-04-20 23:00,富家岭提水,0.040000,
2026-04-14 00:00,富家岭节制闸,0.604368,
2026-04-14 01:00,富家岭节制闸,0.421560,
2026-04-14 02:00,富家岭节制闸,0.134081,
2026-04-14 03:00,富家岭节制闸,0.433767,
2026-04-14 04:00,富家岭节制闸,0.589183,
2026-04-14 05:00,富家岭节制闸,0.589183,
2026-04-14 06:00,富家岭节制闸,0.448660,
2026-04-14 07:00,富家岭节制闸,0.000000,
2026-04-14 08:00,富家岭节制闸,0.000000,
2026-04-14 09:00,富家岭节制闸,0.000000,
2026-04-14 10:00,富家岭节制闸,0.000000,
2026-04-14 11:00,富家岭节制闸,0.000000,
2026-04-14 12:00,富家岭节制闸,0.000000,
2026-04-14 13:00,富家岭节制闸,0.000000,
2026-04-14 14:00,富家岭节制闸,0.000000,
2026-04-14 15:00,富家岭节制闸,0.121848,
2026-04-14 16:00,富家岭节制闸,0.284210,
2026-04-14 17:00,富家岭节制闸,0.021155,
2026-04-14 18:00,富家岭节制闸,0.000000,
2026-04-14 19:00,富家岭节制闸,0.000000,
2026-04-14 20:00,富家岭节制闸,0.000000,
2026-04-14 21:00,富家岭节制闸,0.000000,
2026-04-14 22:00,富家岭节制闸,0.000000,
2026-04-14 23:00,富家岭节制闸,0.000000,
2026-04-15 00:00,富家岭节制闸,0.556042,
2026-04-15 01:00,富家岭节制闸,0.834063,
2026-04-15 02:00,富家岭节制闸,1.390104,
2026-04-15 03:00,富家岭节制闸,1.112083,
2026-04-15 04:00,富家岭节制闸,0.834063,
2026-04-15 05:00,富家岭节制闸,0.834063,
2026-04-15 06:00,富家岭节制闸,0.278021,
2026-04-15 07:00,富家岭节制闸,0.000000,
2026-04-15 08:00,富家岭节制闸,0.000000,
2026-04-15 09:00,富家岭节制闸,0.000000,
2026-04-15 10:00,富家岭节制闸,0.000000,
2026-04-15 11:00,富家岭节制闸,0.000000,
2026-04-15 12:00,富家岭节制闸,0.000000,
2026-04-15 13:00,富家岭节制闸,0.000000,
2026-04-15 14:00,富家岭节制闸,0.000000,
2026-04-15 15:00,富家岭节制闸,0.000000,
2026-04-15 16:00,富家岭节制闸,0.000000,
2026-04-15 17:00,富家岭节制闸,0.000000,
2026-04-15 18:00,富家岭节制闸,0.000000,
2026-04-15 19:00,富家岭节制闸,0.000000,
2026-04-15 20:00,富家岭节制闸,0.000000,
2026-04-15 21:00,富家岭节制闸,0.000000,
2026-04-15 22:00,富家岭节制闸,0.000000,
2026-04-15 23:00,富家岭节制闸,0.000000,
2026-04-16 00:00,富家岭节制闸,0.000000,
2026-04-16 01:00,富家岭节制闸,0.000000,
2026-04-16 02:00,富家岭节制闸,0.000000,
2026-04-16 03:00,富家岭节制闸,0.000000,
2026-04-16 04:00,富家岭节制闸,0.000000,
2026-04-16 05:00,富家岭节制闸,0.000000,
2026-04-16 06:00,富家岭节制闸,0.000000,
2026-04-16 07:00,富家岭节制闸,0.000000,
2026-04-16 08:00,富家岭节制闸,0.000000,
2026-04-16 09:00,富家岭节制闸,0.000000,
2026-04-16 10:00,富家岭节制闸,0.000000,
2026-04-16 11:00,富家岭节制闸,0.000000,
2026-04-16 12:00,富家岭节制闸,0.000000,
2026-04-16 13:00,富家岭节制闸,0.000000,
2026-04-16 14:00,富家岭节制闸,0.000000,
2026-04-16 15:00,富家岭节制闸,0.000000,
2026-04-16 16:00,富家岭节制闸,0.000000,
2026-04-16 17:00,富家岭节制闸,0.000000,
2026-04-16 18:00,富家岭节制闸,0.000000,
2026-04-16 19:00,富家岭节制闸,0.000000,
2026-04-16 20:00,富家岭节制闸,0.000000,
2026-04-16 21:00,富家岭节制闸,0.000000,
2026-04-16 22:00,富家岭节制闸,0.000000,
2026-04-16 23:00,富家岭节制闸,0.000000,
2026-04-17 00:00,富家岭节制闸,0.315026,
2026-04-17 01:00,富家岭节制闸,1.614425,
2026-04-17 02:00,富家岭节制闸,1.614425,
2026-04-17 03:00,富家岭节制闸,1.676757,
2026-04-17 04:00,富家岭节制闸,2.962394,
2026-04-17 05:00,富家岭节制闸,0.177403,
2026-04-17 06:00,富家岭节制闸,0.363975,
2026-04-17 07:00,富家岭节制闸,0.403934,
2026-04-17 08:00,富家岭节制闸,0.799597,
2026-04-17 09:00,富家岭节制闸,0.830142,
2026-04-17 10:00,富家岭节制闸,0.787213,
2026-04-17 11:00,富家岭节制闸,0.229492,
2026-04-17 12:00,富家岭节制闸,1.606733,
2026-04-17 13:00,富家岭节制闸,1.887467,
2026-04-17 14:00,富家岭节制闸,1.620733,
2026-04-17 15:00,富家岭节制闸,1.624733,
2026-04-17 16:00,富家岭节制闸,2.216200,
2026-04-17 17:00,富家岭节制闸,1.666446,
2026-04-17 18:00,富家岭节制闸,0.606338,
2026-04-17 19:00,富家岭节制闸,0.490837,
2026-04-17 20:00,富家岭节制闸,0.818246,
2026-04-17 21:00,富家岭节制闸,1.651021,
2026-04-17 22:00,富家岭节制闸,1.925754,
2026-04-17 23:00,富家岭节制闸,2.451508,
2026-04-18 00:00,富家岭节制闸,2.732954,
2026-04-18 01:00,富家岭节制闸,2.470196,
2026-04-18 02:00,富家岭节制闸,3.055213,
2026-04-18 03:00,富家岭节制闸,2.799454,
2026-04-18 04:00,富家岭节制闸,3.567879,
2026-04-18 05:00,富家岭节制闸,2.642979,
2026-04-18 06:00,富家岭节制闸,1.487906,
2026-04-18 07:00,富家岭节制闸,0.809578,
2026-04-18 08:00,富家岭节制闸,0.000000,
2026-04-18 09:00,富家岭节制闸,0.000000,
2026-04-18 10:00,富家岭节制闸,0.000000,
2026-04-18 11:00,富家岭节制闸,0.000000,
2026-04-18 12:00,富家岭节制闸,0.783071,
2026-04-18 13:00,富家岭节制闸,0.783071,
2026-04-18 14:00,富家岭节制闸,0.000000,
2026-04-18 15:00,富家岭节制闸,0.000000,
2026-04-18 16:00,富家岭节制闸,0.000000,
2026-04-18 17:00,富家岭节制闸,0.509087,
2026-04-18 18:00,富家岭节制闸,1.862237,
2026-04-18 19:00,富家岭节制闸,0.834062,
2026-04-18 20:00,富家岭节制闸,0.223204,
2026-04-18 21:00,富家岭节制闸,2.724529,
2026-04-18 22:00,富家岭节制闸,2.726242,
2026-04-18 23:00,富家岭节制闸,3.000263,
2026-04-19 00:00,富家岭节制闸,1.893042,
2026-04-19 01:00,富家岭节制闸,3.274708,
2026-04-19 02:00,富家岭节制闸,2.999687,
2026-04-19 03:00,富家岭节制闸,2.896792,
2026-04-19 04:00,富家岭节制闸,2.896792,
2026-04-19 05:00,富家岭节制闸,2.347732,
2026-04-19 06:00,富家岭节制闸,0.000000,
2026-04-19 07:00,富家岭节制闸,0.000000,
2026-04-19 08:00,富家岭节制闸,0.000000,
2026-04-19 09:00,富家岭节制闸,0.000000,
2026-04-19 10:00,富家岭节制闸,0.000000,
2026-04-19 11:00,富家岭节制闸,0.000000,
2026-04-19 12:00,富家岭节制闸,0.000000,
2026-04-19 13:00,富家岭节制闸,0.471475,
2026-04-19 14:00,富家岭节制闸,2.503679,
2026-04-19 15:00,富家岭节制闸,3.048667,
2026-04-19 16:00,富家岭节制闸,3.174466,
2026-04-19 17:00,富家岭节制闸,6.539725,
2026-04-19 18:00,富家岭节制闸,2.881861,
2026-04-19 19:00,富家岭节制闸,0.877085,
2026-04-19 20:00,富家岭节制闸,0.000000,
2026-04-19 21:00,富家岭节制闸,0.000000,
2026-04-19 22:00,富家岭节制闸,0.000000,
2026-04-19 23:00,富家岭节制闸,2.701358,
2026-04-20 00:00,富家岭节制闸,2.441638,
2026-04-20 01:00,富家岭节制闸,2.989929,
2026-04-20 02:00,富家岭节制闸,2.989929,
2026-04-20 03:00,富家岭节制闸,3.897492,
2026-04-20 04:00,富家岭节制闸,4.759392,
2026-04-20 05:00,富家岭节制闸,4.737417,
2026-04-20 06:00,富家岭节制闸,3.001942,
2026-04-20 07:00,富家岭节制闸,1.117743,
2026-04-20 08:00,富家岭节制闸,0.816145,
2026-04-20 09:00,富家岭节制闸,0.787213,
2026-04-20 10:00,富家岭节制闸,0.000000,
2026-04-20 11:00,富家岭节制闸,0.000000,
2026-04-20 12:00,富家岭节制闸,0.453942,
2026-04-20 13:00,富家岭节制闸,0.545579,
2026-04-20 14:00,富家岭节制闸,0.235738,
2026-04-20 15:00,富家岭节制闸,0.511475,
2026-04-20 16:00,富家岭节制闸,0.000000,
2026-04-20 17:00,富家岭节制闸,0.000000,
2026-04-20 18:00,富家岭节制闸,0.000000,
2026-04-20 19:00,富家岭节制闸,0.000000,
2026-04-20 20:00,富家岭节制闸,0.000000,
2026-04-20 21:00,富家岭节制闸,0.000000,
2026-04-20 22:00,富家岭节制闸,0.000000,
2026-04-20 23:00,富家岭节制闸,1.480000,
2026-04-14 00:00,总干渠尾,0.000000,
2026-04-14 01:00,总干渠尾,0.000000,
2026-04-14 02:00,总干渠尾,0.000000,
2026-04-14 03:00,总干渠尾,0.000000,
2026-04-14 04:00,总干渠尾,0.000000,
2026-04-14 05:00,总干渠尾,0.017636,
2026-04-14 06:00,总干渠尾,0.018636,
2026-04-14 07:00,总干渠尾,0.020636,
2026-04-14 08:00,总干渠尾,0.020636,
2026-04-14 09:00,总干渠尾,0.000000,
2026-04-14 10:00,总干渠尾,0.000000,
2026-04-14 11:00,总干渠尾,0.000000,
2026-04-14 12:00,总干渠尾,0.000000,
2026-04-14 13:00,总干渠尾,0.000000,
2026-04-14 14:00,总干渠尾,0.000000,
2026-04-14 15:00,总干渠尾,0.000000,
2026-04-14 16:00,总干渠尾,0.000000,
2026-04-14 17:00,总干渠尾,0.000000,
2026-04-14 18:00,总干渠尾,0.000000,
2026-04-14 19:00,总干渠尾,0.000000,
2026-04-14 20:00,总干渠尾,0.000000,
2026-04-14 21:00,总干渠尾,0.000000,
2026-04-14 22:00,总干渠尾,0.000000,
2026-04-14 23:00,总干渠尾,0.000000,
2026-04-15 00:00,总干渠尾,0.000000,
2026-04-15 01:00,总干渠尾,0.000000,
2026-04-15 02:00,总干渠尾,0.000000,
2026-04-15 03:00,总干渠尾,0.000000,
2026-04-15 04:00,总干渠尾,0.000000,
2026-04-15 05:00,总干渠尾,0.078751,
2026-04-15 06:00,总干渠尾,0.078751,
2026-04-15 07:00,总干渠尾,0.078751,
2026-04-15 08:00,总干渠尾,0.078751,
2026-04-15 09:00,总干渠尾,0.000000,
2026-04-15 10:00,总干渠尾,0.000000,
2026-04-15 11:00,总干渠尾,0.408630,
2026-04-15 12:00,总干渠尾,0.408630,
2026-04-15 13:00,总干渠尾,0.408630,
2026-04-15 14:00,总干渠尾,0.408630,
2026-04-15 15:00,总干渠尾,0.408630,
2026-04-15 16:00,总干渠尾,0.408630,
2026-04-15 17:00,总干渠尾,0.408630,
2026-04-15 18:00,总干渠尾,0.291992,
2026-04-15 19:00,总干渠尾,0.000000,
2026-04-15 20:00,总干渠尾,0.096836,
2026-04-15 21:00,总干渠尾,0.096836,
2026-04-15 22:00,总干渠尾,0.096836,
2026-04-15 23:00,总干渠尾,0.096836,
2026-04-16 00:00,总干渠尾,0.096836,
2026-04-16 01:00,总干渠尾,0.002288,
2026-04-16 02:00,总干渠尾,0.000000,
2026-04-16 03:00,总干渠尾,0.000000,
2026-04-16 04:00,总干渠尾,0.000000,
2026-04-16 05:00,总干渠尾,0.000000,
2026-04-16 06:00,总干渠尾,0.070618,
2026-04-16 07:00,总干渠尾,0.070618,
2026-04-16 08:00,总干渠尾,0.000000,
2026-04-16 09:00,总干渠尾,0.000000,
2026-04-16 10:00,总干渠尾,0.000000,
2026-04-16 11:00,总干渠尾,0.000000,
2026-04-16 12:00,总干渠尾,0.000000,
2026-04-16 13:00,总干渠尾,0.000000,
2026-04-16 14:00,总干渠尾,0.000000,
2026-04-16 15:00,总干渠尾,0.000000,
2026-04-16 16:00,总干渠尾,0.000000,
2026-04-16 17:00,总干渠尾,0.000000,
2026-04-16 18:00,总干渠尾,0.000000,
2026-04-16 19:00,总干渠尾,0.000000,
2026-04-16 20:00,总干渠尾,0.000000,
2026-04-16 21:00,总干渠尾,0.000000,
2026-04-16 22:00,总干渠尾,0.000000,
2026-04-16 23:00,总干渠尾,0.000000,
2026-04-17 00:00,总干渠尾,0.000000,
2026-04-17 01:00,总干渠尾,0.000000,
2026-04-17 02:00,总干渠尾,0.000000,
2026-04-17 03:00,总干渠尾,0.000000,
2026-04-17 04:00,总干渠尾,0.000000,
2026-04-17 05:00,总干渠尾,0.000000,
2026-04-17 06:00,总干渠尾,0.000000,
2026-04-17 07:00,总干渠尾,0.000000,
2026-04-17 08:00,总干渠尾,0.000000,
2026-04-17 09:00,总干渠尾,0.000000,
2026-04-17 10:00,总干渠尾,0.000000,
2026-04-17 11:00,总干渠尾,0.000000,
2026-04-17 12:00,总干渠尾,0.000000,
2026-04-17 13:00,总干渠尾,0.000000,
2026-04-17 14:00,总干渠尾,0.000000,
2026-04-17 15:00,总干渠尾,0.000000,
2026-04-17 16:00,总干渠尾,0.000000,
2026-04-17 17:00,总干渠尾,0.000000,
2026-04-17 18:00,总干渠尾,0.000000,
2026-04-17 19:00,总干渠尾,0.000000,
2026-04-17 20:00,总干渠尾,0.000000,
2026-04-17 21:00,总干渠尾,0.000000,
2026-04-17 22:00,总干渠尾,0.000000,
2026-04-17 23:00,总干渠尾,0.000000,
2026-04-18 00:00,总干渠尾,0.000000,
2026-04-18 01:00,总干渠尾,0.000000,
2026-04-18 02:00,总干渠尾,0.000000,
2026-04-18 03:00,总干渠尾,0.000000,
2026-04-18 04:00,总干渠尾,0.000000,
2026-04-18 05:00,总干渠尾,0.000000,
2026-04-18 06:00,总干渠尾,0.000000,
2026-04-18 07:00,总干渠尾,0.000000,
2026-04-18 08:00,总干渠尾,0.000000,
2026-04-18 09:00,总干渠尾,0.000000,
2026-04-18 10:00,总干渠尾,0.000000,
2026-04-18 11:00,总干渠尾,0.000000,
2026-04-18 12:00,总干渠尾,0.000000,
2026-04-18 13:00,总干渠尾,0.000000,
2026-04-18 14:00,总干渠尾,0.000000,
2026-04-18 15:00,总干渠尾,0.000000,
2026-04-18 16:00,总干渠尾,0.000000,
2026-04-18 17:00,总干渠尾,0.000000,
2026-04-18 18:00,总干渠尾,0.000000,
2026-04-18 19:00,总干渠尾,0.000000,
2026-04-18 20:00,总干渠尾,0.000000,
2026-04-18 21:00,总干渠尾,0.000000,
2026-04-18 22:00,总干渠尾,0.000000,
2026-04-18 23:00,总干渠尾,0.000000,
2026-04-19 00:00,总干渠尾,0.000000,
2026-04-19 01:00,总干渠尾,0.000000,
2026-04-19 02:00,总干渠尾,0.000000,
2026-04-19 03:00,总干渠尾,0.000000,
2026-04-19 04:00,总干渠尾,0.000000,
2026-04-19 05:00,总干渠尾,0.000000,
2026-04-19 06:00,总干渠尾,0.000000,
2026-04-19 07:00,总干渠尾,0.000000,
2026-04-19 08:00,总干渠尾,0.000000,
2026-04-19 09:00,总干渠尾,0.000000,
2026-04-19 10:00,总干渠尾,0.000000,
2026-04-19 11:00,总干渠尾,0.000000,
2026-04-19 12:00,总干渠尾,0.000000,
2026-04-19 13:00,总干渠尾,0.000000,
2026-04-19 14:00,总干渠尾,0.000000,
2026-04-19 15:00,总干渠尾,0.000000,
2026-04-19 16:00,总干渠尾,0.000000,
2026-04-19 17:00,总干渠尾,0.000000,
2026-04-19 18:00,总干渠尾,0.000000,
2026-04-19 19:00,总干渠尾,0.000000,
2026-04-19 20:00,总干渠尾,0.000000,
2026-04-19 21:00,总干渠尾,0.000000,
2026-04-19 22:00,总干渠尾,0.000000,
2026-04-19 23:00,总干渠尾,0.000000,
2026-04-20 00:00,总干渠尾,0.000000,
2026-04-20 01:00,总干渠尾,0.000000,
2026-04-20 02:00,总干渠尾,0.000000,
2026-04-20 03:00,总干渠尾,0.000000,
2026-04-20 04:00,总干渠尾,0.000000,
2026-04-20 05:00,总干渠尾,0.000000,
2026-04-20 06:00,总干渠尾,0.000000,
2026-04-20 07:00,总干渠尾,0.000000,
2026-04-20 08:00,总干渠尾,0.000000,
2026-04-20 09:00,总干渠尾,0.000000,
2026-04-20 10:00,总干渠尾,0.000000,
2026-04-20 11:00,总干渠尾,0.000000,
2026-04-20 12:00,总干渠尾,0.000000,
2026-04-20 13:00,总干渠尾,0.000000,
2026-04-20 14:00,总干渠尾,0.000000,
2026-04-20 15:00,总干渠尾,0.000000,
2026-04-20 16:00,总干渠尾,0.000000,
2026-04-20 17:00,总干渠尾,0.000000,
2026-04-20 18:00,总干渠尾,0.000000,
2026-04-20 19:00,总干渠尾,0.000000,
2026-04-20 20:00,总干渠尾,0.000000,
2026-04-20 21:00,总干渠尾,0.000000,
2026-04-20 22:00,总干渠尾,0.000000,
2026-04-20 23:00,总干渠尾,0.000000,
2026-04-14 00:00,总干管理站,0.000000,
2026-04-14 01:00,总干管理站,1.957000,
2026-04-14 02:00,总干管理站,1.941000,
2026-04-14 03:00,总干管理站,1.934000,
2026-04-14 04:00,总干管理站,2.024000,
2026-04-14 05:00,总干管理站,2.099000,
2026-04-14 06:00,总干管理站,2.092000,
2026-04-14 07:00,总干管理站,2.073000,
2026-04-14 08:00,总干管理站,2.050000,
2026-04-14 09:00,总干管理站,2.054000,
2026-04-14 10:00,总干管理站,1.988000,
2026-04-14 11:00,总干管理站,2.011000,
2026-04-14 12:00,总干管理站,2.015000,
2026-04-14 13:00,总干管理站,1.993000,
2026-04-14 14:00,总干管理站,1.983000,
2026-04-14 15:00,总干管理站,2.045000,
2026-04-14 16:00,总干管理站,2.047000,
2026-04-14 17:00,总干管理站,2.056000,
2026-04-14 18:00,总干管理站,2.058000,
2026-04-14 19:00,总干管理站,2.056000,
2026-04-14 20:00,总干管理站,2.049000,
2026-04-14 21:00,总干管理站,2.050000,
2026-04-14 22:00,总干管理站,2.052000,
2026-04-14 23:00,总干管理站,2.048000,
2026-04-15 00:00,总干管理站,2.080000,
2026-04-15 01:00,总干管理站,0.750533,
2026-04-15 02:00,总干管理站,0.000000,
2026-04-15 03:00,总干管理站,0.000000,
2026-04-15 04:00,总干管理站,0.000000,
2026-04-15 05:00,总干管理站,0.000000,
2026-04-15 06:00,总干管理站,0.000000,
2026-04-15 07:00,总干管理站,1.734014,
2026-04-15 08:00,总干管理站,2.127000,
2026-04-15 09:00,总干管理站,2.160000,
2026-04-15 10:00,总干管理站,2.154000,
2026-04-15 11:00,总干管理站,2.162000,
2026-04-15 12:00,总干管理站,2.135000,
2026-04-15 13:00,总干管理站,2.103000,
2026-04-15 14:00,总干管理站,2.108000,
2026-04-15 15:00,总干管理站,2.103000,
2026-04-15 16:00,总干管理站,2.076000,
2026-04-15 17:00,总干管理站,0.716000,
2026-04-15 18:00,总干管理站,0.726000,
2026-04-15 19:00,总干管理站,0.752000,
2026-04-15 20:00,总干管理站,0.710000,
2026-04-15 21:00,总干管理站,0.739000,
2026-04-15 22:00,总干管理站,0.721000,
2026-04-15 23:00,总干管理站,0.731000,
2026-04-16 00:00,总干管理站,0.733000,
2026-04-16 01:00,总干管理站,2.112000,
2026-04-16 02:00,总干管理站,2.111000,
2026-04-16 03:00,总干管理站,2.060000,
2026-04-16 04:00,总干管理站,2.059000,
2026-04-16 05:00,总干管理站,1.705697,
2026-04-16 06:00,总干管理站,0.000000,
2026-04-16 07:00,总干管理站,1.698403,
2026-04-16 08:00,总干管理站,2.052000,
2026-04-16 09:00,总干管理站,0.706000,
2026-04-16 10:00,总干管理站,0.690000,
2026-04-16 11:00,总干管理站,0.672000,
2026-04-16 12:00,总干管理站,0.000000,
2026-04-16 13:00,总干管理站,0.000000,
2026-04-16 14:00,总干管理站,0.000000,
2026-04-16 15:00,总干管理站,0.013870,
2026-04-16 16:00,总干管理站,0.014880,
2026-04-16 17:00,总干管理站,0.017880,
2026-04-16 18:00,总干管理站,1.404500,
2026-04-16 19:00,总干管理站,1.397490,
2026-04-16 20:00,总干管理站,0.983773,
2026-04-16 21:00,总干管理站,1.772870,
2026-04-16 22:00,总干管理站,2.020000,
2026-04-16 23:00,总干管理站,2.021000,
2026-04-17 00:00,总干管理站,2.024000,
2026-04-17 01:00,总干管理站,2.014000,
2026-04-17 02:00,总干管理站,2.020000,
2026-04-17 03:00,总干管理站,0.949795,
2026-04-17 04:00,总干管理站,0.000000,
2026-04-17 05:00,总干管理站,0.000000,
2026-04-17 06:00,总干管理站,0.000000,
2026-04-17 07:00,总干管理站,0.000000,
2026-04-17 08:00,总干管理站,0.000000,
2026-04-17 09:00,总干管理站,0.000000,
2026-04-17 10:00,总干管理站,2.362753,
2026-04-17 11:00,总干管理站,0.859603,
2026-04-17 12:00,总干管理站,0.482302,
2026-04-17 13:00,总干管理站,0.478406,
2026-04-17 14:00,总干管理站,0.191705,
2026-04-17 15:00,总干管理站,0.000000,
2026-04-17 16:00,总干管理站,0.000000,
2026-04-17 17:00,总干管理站,0.000000,
2026-04-17 18:00,总干管理站,0.000000,
2026-04-17 19:00,总干管理站,0.000000,
2026-04-17 20:00,总干管理站,0.000000,
2026-04-17 21:00,总干管理站,0.000000,
2026-04-17 22:00,总干管理站,0.000000,
2026-04-17 23:00,总干管理站,0.000000,
2026-04-18 00:00,总干管理站,0.000000,
2026-04-18 01:00,总干管理站,0.000000,
2026-04-18 02:00,总干管理站,0.000000,
2026-04-18 03:00,总干管理站,0.188829,
2026-04-18 04:00,总干管理站,3.315000,
2026-04-18 05:00,总干管理站,2.026000,
2026-04-18 06:00,总干管理站,1.989000,
2026-04-18 07:00,总干管理站,1.958000,
2026-04-18 08:00,总干管理站,1.978000,
2026-04-18 09:00,总干管理站,1.907000,
2026-04-18 10:00,总干管理站,1.920000,
2026-04-18 11:00,总干管理站,1.928000,
2026-04-18 12:00,总干管理站,3.250000,
2026-04-18 13:00,总干管理站,3.244000,
2026-04-18 14:00,总干管理站,3.231000,
2026-04-18 15:00,总干管理站,2.845446,
2026-04-18 16:00,总干管理站,0.000000,
2026-04-18 17:00,总干管理站,0.000000,
2026-04-18 18:00,总干管理站,0.000000,
2026-04-18 19:00,总干管理站,0.000000,
2026-04-18 20:00,总干管理站,0.000000,
2026-04-18 21:00,总干管理站,0.000000,
2026-04-18 22:00,总干管理站,0.000000,
2026-04-18 23:00,总干管理站,0.000000,
2026-04-19 00:00,总干管理站,0.000000,
2026-04-19 01:00,总干管理站,0.000000,
2026-04-19 02:00,总干管理站,0.000000,
2026-04-19 03:00,总干管理站,0.000000,
2026-04-19 04:00,总干管理站,0.000000,
2026-04-19 05:00,总干管理站,0.730648,
2026-04-19 06:00,总干管理站,2.085000,
2026-04-19 07:00,总干管理站,2.092000,
2026-04-19 08:00,总干管理站,2.080000,
2026-04-19 09:00,总干管理站,2.051000,
2026-04-19 10:00,总干管理站,2.590000,
2026-04-19 11:00,总干管理站,3.388000,
2026-04-19 12:00,总干管理站,3.401000,
2026-04-19 13:00,总干管理站,3.324000,
2026-04-19 14:00,总干管理站,3.350000,
2026-04-19 15:00,总干管理站,1.122693,
2026-04-19 16:00,总干管理站,0.000000,
2026-04-19 17:00,总干管理站,0.000000,
2026-04-19 18:00,总干管理站,0.000000,
2026-04-19 19:00,总干管理站,0.000000,
2026-04-19 20:00,总干管理站,0.000000,
2026-04-19 21:00,总干管理站,0.000000,
2026-04-19 22:00,总干管理站,0.000000,
2026-04-19 23:00,总干管理站,0.000000,
2026-04-20 00:00,总干管理站,0.000000,
2026-04-20 01:00,总干管理站,0.000000,
2026-04-20 02:00,总干管理站,0.000000,
2026-04-20 03:00,总干管理站,1.466634,
2026-04-20 04:00,总干管理站,2.372000,
2026-04-20 05:00,总干管理站,2.371000,
2026-04-20 06:00,总干管理站,2.373000,
2026-04-20 07:00,总干管理站,2.371000,
2026-04-20 08:00,总干管理站,2.336000,
2026-04-20 09:00,总干管理站,2.335000,
2026-04-20 10:00,总干管理站,2.386000,
2026-04-20 11:00,总干管理站,2.386000,
2026-04-20 12:00,总干管理站,2.397000,
2026-04-20 13:00,总干管理站,2.367000,
2026-04-20 14:00,总干管理站,2.364000,
2026-04-20 15:00,总干管理站,2.368000,
2026-04-20 16:00,总干管理站,2.353000,
2026-04-20 17:00,总干管理站,2.361000,
2026-04-20 18:00,总干管理站,2.371000,
2026-04-20 19:00,总干管理站,2.379000,
2026-04-20 20:00,总干管理站,2.422000,
2026-04-20 21:00,总干管理站,2.430000,
2026-04-20 22:00,总干管理站,2.418000,
2026-04-20 23:00,总干管理站,0.306440,
2026-04-14 00:00,杨元坝节制闸,0.155000,
2026-04-14 01:00,杨元坝节制闸,0.155000,
2026-04-14 02:00,杨元坝节制闸,0.159000,
2026-04-14 03:00,杨元坝节制闸,0.155000,
2026-04-14 04:00,杨元坝节制闸,0.155000,
2026-04-14 05:00,杨元坝节制闸,0.175636,
2026-04-14 06:00,杨元坝节制闸,0.175636,
2026-04-14 07:00,杨元坝节制闸,0.175636,
2026-04-14 08:00,杨元坝节制闸,0.159636,
2026-04-14 09:00,杨元坝节制闸,0.139000,
2026-04-14 10:00,杨元坝节制闸,0.146000,
2026-04-14 11:00,杨元坝节制闸,0.175000,
2026-04-14 12:00,杨元坝节制闸,0.163000,
2026-04-14 13:00,杨元坝节制闸,0.169000,
2026-04-14 14:00,杨元坝节制闸,0.170000,
2026-04-14 15:00,杨元坝节制闸,0.164000,
2026-04-14 16:00,杨元坝节制闸,0.172000,
2026-04-14 17:00,杨元坝节制闸,0.000000,
2026-04-14 18:00,杨元坝节制闸,0.000000,
2026-04-14 19:00,杨元坝节制闸,0.000000,
2026-04-14 20:00,杨元坝节制闸,0.000000,
2026-04-14 21:00,杨元坝节制闸,0.000000,
2026-04-14 22:00,杨元坝节制闸,0.000000,
2026-04-14 23:00,杨元坝节制闸,0.000000,
2026-04-15 00:00,杨元坝节制闸,0.000000,
2026-04-15 01:00,杨元坝节制闸,0.000000,
2026-04-15 02:00,杨元坝节制闸,0.000000,
2026-04-15 03:00,杨元坝节制闸,0.000000,
2026-04-15 04:00,杨元坝节制闸,0.000000,
2026-04-15 05:00,杨元坝节制闸,0.078751,
2026-04-15 06:00,杨元坝节制闸,0.078751,
2026-04-15 07:00,杨元坝节制闸,0.078751,
2026-04-15 08:00,杨元坝节制闸,0.078751,
2026-04-15 09:00,杨元坝节制闸,0.000000,
2026-04-15 10:00,杨元坝节制闸,0.000000,
2026-04-15 11:00,杨元坝节制闸,0.408630,
2026-04-15 12:00,杨元坝节制闸,0.408630,
2026-04-15 13:00,杨元坝节制闸,0.408630,
2026-04-15 14:00,杨元坝节制闸,0.408630,
2026-04-15 15:00,杨元坝节制闸,0.408630,
2026-04-15 16:00,杨元坝节制闸,0.408630,
2026-04-15 17:00,杨元坝节制闸,0.408630,
2026-04-15 18:00,杨元坝节制闸,0.291992,
2026-04-15 19:00,杨元坝节制闸,0.000000,
2026-04-15 20:00,杨元坝节制闸,0.096836,
2026-04-15 21:00,杨元坝节制闸,0.096836,
2026-04-15 22:00,杨元坝节制闸,0.096836,
2026-04-15 23:00,杨元坝节制闸,0.096836,
2026-04-16 00:00,杨元坝节制闸,0.096836,
2026-04-16 01:00,杨元坝节制闸,0.002287,
2026-04-16 02:00,杨元坝节制闸,0.000000,
2026-04-16 03:00,杨元坝节制闸,0.000000,
2026-04-16 04:00,杨元坝节制闸,0.000000,
2026-04-16 05:00,杨元坝节制闸,0.000000,
2026-04-16 06:00,杨元坝节制闸,0.124483,
2026-04-16 07:00,杨元坝节制闸,0.124483,
2026-04-16 08:00,杨元坝节制闸,0.000000,
2026-04-16 09:00,杨元坝节制闸,0.000000,
2026-04-16 10:00,杨元坝节制闸,0.000000,
2026-04-16 11:00,杨元坝节制闸,0.000000,
2026-04-16 12:00,杨元坝节制闸,0.000000,
2026-04-16 13:00,杨元坝节制闸,0.000000,
2026-04-16 14:00,杨元坝节制闸,0.000000,
2026-04-16 15:00,杨元坝节制闸,0.000000,
2026-04-16 16:00,杨元坝节制闸,0.000000,
2026-04-16 17:00,杨元坝节制闸,0.000000,
2026-04-16 18:00,杨元坝节制闸,0.000000,
2026-04-16 19:00,杨元坝节制闸,0.000000,
2026-04-16 20:00,杨元坝节制闸,0.000000,
2026-04-16 21:00,杨元坝节制闸,0.000000,
2026-04-16 22:00,杨元坝节制闸,0.000000,
2026-04-16 23:00,杨元坝节制闸,0.000000,
2026-04-17 00:00,杨元坝节制闸,0.000000,
2026-04-17 01:00,杨元坝节制闸,0.000000,
2026-04-17 02:00,杨元坝节制闸,0.000000,
2026-04-17 03:00,杨元坝节制闸,0.000000,
2026-04-17 04:00,杨元坝节制闸,0.000000,
2026-04-17 05:00,杨元坝节制闸,0.000000,
2026-04-17 06:00,杨元坝节制闸,0.000000,
2026-04-17 07:00,杨元坝节制闸,0.000000,
2026-04-17 08:00,杨元坝节制闸,0.690000,
2026-04-17 09:00,杨元坝节制闸,0.690000,
2026-04-17 10:00,杨元坝节制闸,0.768000,
2026-04-17 11:00,杨元坝节制闸,0.707000,
2026-04-17 12:00,杨元坝节制闸,0.701000,
2026-04-17 13:00,杨元坝节制闸,0.706000,
2026-04-17 14:00,杨元坝节制闸,0.715000,
2026-04-17 15:00,杨元坝节制闸,0.729000,
2026-04-17 16:00,杨元坝节制闸,0.769000,
2026-04-17 17:00,杨元坝节制闸,0.763000,
2026-04-17 18:00,杨元坝节制闸,0.752000,
2026-04-17 19:00,杨元坝节制闸,0.745000,
2026-04-17 20:00,杨元坝节制闸,0.752000,
2026-04-17 21:00,杨元坝节制闸,0.753000,
2026-04-17 22:00,杨元坝节制闸,0.752000,
2026-04-17 23:00,杨元坝节制闸,0.724000,
2026-04-18 00:00,杨元坝节制闸,0.732000,
2026-04-18 01:00,杨元坝节制闸,0.722000,
2026-04-18 02:00,杨元坝节制闸,0.728000,
2026-04-18 03:00,杨元坝节制闸,0.725000,
2026-04-18 04:00,杨元坝节制闸,0.726000,
2026-04-18 05:00,杨元坝节制闸,0.718000,
2026-04-18 06:00,杨元坝节制闸,0.725000,
2026-04-18 07:00,杨元坝节制闸,0.739000,
2026-04-18 08:00,杨元坝节制闸,0.736000,
2026-04-18 09:00,杨元坝节制闸,0.717000,
2026-04-18 10:00,杨元坝节制闸,0.735000,
2026-04-18 11:00,杨元坝节制闸,0.727000,
2026-04-18 12:00,杨元坝节制闸,0.699000,
2026-04-18 13:00,杨元坝节制闸,0.756000,
2026-04-18 14:00,杨元坝节制闸,0.676000,
2026-04-18 15:00,杨元坝节制闸,0.680000,
2026-04-18 16:00,杨元坝节制闸,0.724000,
2026-04-18 17:00,杨元坝节制闸,0.714000,
2026-04-18 18:00,杨元坝节制闸,0.723000,
2026-04-18 19:00,杨元坝节制闸,0.725000,
2026-04-18 20:00,杨元坝节制闸,0.713000,
2026-04-18 21:00,杨元坝节制闸,0.719000,
2026-04-18 22:00,杨元坝节制闸,0.723000,
2026-04-18 23:00,杨元坝节制闸,0.719000,
2026-04-19 00:00,杨元坝节制闸,0.717000,
2026-04-19 01:00,杨元坝节制闸,0.720000,
2026-04-19 02:00,杨元坝节制闸,0.723000,
2026-04-19 03:00,杨元坝节制闸,0.731000,
2026-04-19 04:00,杨元坝节制闸,0.722000,
2026-04-19 05:00,杨元坝节制闸,0.720000,
2026-04-19 06:00,杨元坝节制闸,0.728000,
2026-04-19 07:00,杨元坝节制闸,0.878000,
2026-04-19 08:00,杨元坝节制闸,0.881000,
2026-04-19 09:00,杨元坝节制闸,0.913000,
2026-04-19 10:00,杨元坝节制闸,0.927000,
2026-04-19 11:00,杨元坝节制闸,0.906000,
2026-04-19 12:00,杨元坝节制闸,0.914000,
2026-04-19 13:00,杨元坝节制闸,0.931000,
2026-04-19 14:00,杨元坝节制闸,0.948000,
2026-04-19 15:00,杨元坝节制闸,0.950000,
2026-04-19 16:00,杨元坝节制闸,0.939000,
2026-04-19 17:00,杨元坝节制闸,0.943000,
2026-04-19 18:00,杨元坝节制闸,0.951000,
2026-04-19 19:00,杨元坝节制闸,0.942000,
2026-04-19 20:00,杨元坝节制闸,0.941000,
2026-04-19 21:00,杨元坝节制闸,0.940000,
2026-04-19 22:00,杨元坝节制闸,0.873000,
2026-04-19 23:00,杨元坝节制闸,0.869000,
2026-04-20 00:00,杨元坝节制闸,0.867000,
2026-04-20 01:00,杨元坝节制闸,0.866000,
2026-04-20 02:00,杨元坝节制闸,0.866000,
2026-04-20 03:00,杨元坝节制闸,0.866000,
2026-04-20 04:00,杨元坝节制闸,0.864000,
2026-04-20 05:00,杨元坝节制闸,0.865000,
2026-04-20 06:00,杨元坝节制闸,0.862000,
2026-04-20 07:00,杨元坝节制闸,0.860000,
2026-04-20 08:00,杨元坝节制闸,0.867000,
2026-04-20 09:00,杨元坝节制闸,0.864000,
2026-04-20 10:00,杨元坝节制闸,0.871000,
2026-04-20 11:00,杨元坝节制闸,0.861000,
2026-04-20 12:00,杨元坝节制闸,0.869000,
2026-04-20 13:00,杨元坝节制闸,0.869000,
2026-04-20 14:00,杨元坝节制闸,0.855000,
2026-04-20 15:00,杨元坝节制闸,0.869000,
2026-04-20 16:00,杨元坝节制闸,0.869000,
2026-04-20 17:00,杨元坝节制闸,0.831000,
2026-04-20 18:00,杨元坝节制闸,0.829000,
2026-04-20 19:00,杨元坝节制闸,0.822000,
2026-04-20 20:00,杨元坝节制闸,0.793000,
2026-04-20 21:00,杨元坝节制闸,0.771000,
2026-04-20 22:00,杨元坝节制闸,0.757000,
2026-04-20 23:00,杨元坝节制闸,0.750000,
2026-04-14 00:00,圪塔节制闸,0.000000,
2026-04-14 01:00,圪塔节制闸,0.969000,
2026-04-14 02:00,圪塔节制闸,0.961000,
2026-04-14 03:00,圪塔节制闸,0.960000,
2026-04-14 04:00,圪塔节制闸,0.964000,
2026-04-14 05:00,圪塔节制闸,0.964000,
2026-04-14 06:00,圪塔节制闸,0.764000,
2026-04-14 07:00,圪塔节制闸,0.840000,
2026-04-14 08:00,圪塔节制闸,0.909000,
2026-04-14 09:00,圪塔节制闸,0.869000,
2026-04-14 10:00,圪塔节制闸,0.869000,
2026-04-14 11:00,圪塔节制闸,0.868000,
2026-04-14 12:00,圪塔节制闸,0.871000,
2026-04-14 13:00,圪塔节制闸,0.873000,
2026-04-14 14:00,圪塔节制闸,0.873000,
2026-04-14 15:00,圪塔节制闸,0.871000,
2026-04-14 16:00,圪塔节制闸,0.869000,
2026-04-14 17:00,圪塔节制闸,0.869000,
2026-04-14 18:00,圪塔节制闸,0.871000,
2026-04-14 19:00,圪塔节制闸,0.872000,
2026-04-14 20:00,圪塔节制闸,0.873000,
2026-04-14 21:00,圪塔节制闸,0.827000,
2026-04-14 22:00,圪塔节制闸,0.833000,
2026-04-14 23:00,圪塔节制闸,0.833000,
2026-04-15 00:00,圪塔节制闸,1.427042,
2026-04-15 01:00,圪塔节制闸,1.707063,
2026-04-15 02:00,圪塔节制闸,2.261104,
2026-04-15 03:00,圪塔节制闸,1.989083,
2026-04-15 04:00,圪塔节制闸,1.710063,
2026-04-15 05:00,圪塔节制闸,1.987800,
2026-04-15 06:00,圪塔节制闸,0.880283,
2026-04-15 07:00,圪塔节制闸,0.875000,
2026-04-15 08:00,圪塔节制闸,0.862000,
2026-04-15 09:00,圪塔节制闸,0.860000,
2026-04-15 10:00,圪塔节制闸,0.859000,
2026-04-15 11:00,圪塔节制闸,0.730000,
2026-04-15 12:00,圪塔节制闸,0.752000,
2026-04-15 13:00,圪塔节制闸,0.751000,
2026-04-15 14:00,圪塔节制闸,0.782000,
2026-04-15 15:00,圪塔节制闸,0.764000,
2026-04-15 16:00,圪塔节制闸,0.766000,
2026-04-15 17:00,圪塔节制闸,0.766000,
2026-04-15 18:00,圪塔节制闸,0.766000,
2026-04-15 19:00,圪塔节制闸,0.753000,
2026-04-15 20:00,圪塔节制闸,0.754000,
2026-04-15 21:00,圪塔节制闸,0.755000,
2026-04-15 22:00,圪塔节制闸,0.752000,
2026-04-15 23:00,圪塔节制闸,0.753000,
2026-04-16 00:00,圪塔节制闸,0.715000,
2026-04-16 01:00,圪塔节制闸,0.712000,
2026-04-16 02:00,圪塔节制闸,0.710000,
2026-04-16 03:00,圪塔节制闸,0.711000,
2026-04-16 04:00,圪塔节制闸,0.692000,
2026-04-16 05:00,圪塔节制闸,0.690000,
2026-04-16 06:00,圪塔节制闸,0.711000,
2026-04-16 07:00,圪塔节制闸,0.712000,
2026-04-16 08:00,圪塔节制闸,0.712000,
2026-04-16 09:00,圪塔节制闸,0.709000,
2026-04-16 10:00,圪塔节制闸,0.712000,
2026-04-16 11:00,圪塔节制闸,1.262475,
2026-04-16 12:00,圪塔节制闸,1.698212,
2026-04-16 13:00,圪塔节制闸,0.670000,
2026-04-16 14:00,圪塔节制闸,0.634000,
2026-04-16 15:00,圪塔节制闸,0.628000,
2026-04-16 16:00,圪塔节制闸,0.628000,
2026-04-16 17:00,圪塔节制闸,0.628000,
2026-04-16 18:00,圪塔节制闸,0.629000,
2026-04-16 19:00,圪塔节制闸,0.651000,
2026-04-16 20:00,圪塔节制闸,1.066737,
2026-04-16 21:00,圪塔节制闸,0.328610,
2026-04-16 22:00,圪塔节制闸,0.000000,
2026-04-16 23:00,圪塔节制闸,0.000000,
2026-04-17 00:00,圪塔节制闸,0.000000,
2026-04-17 01:00,圪塔节制闸,0.000000,
2026-04-17 02:00,圪塔节制闸,0.000000,
2026-04-17 03:00,圪塔节制闸,0.000000,
2026-04-17 04:00,圪塔节制闸,4.609501,
2026-04-17 05:00,圪塔节制闸,5.025083,
2026-04-17 06:00,圪塔节制闸,3.260250,
2026-04-17 07:00,圪塔节制闸,2.380833,
2026-04-17 08:00,圪塔节制闸,5.660572,
2026-04-17 09:00,圪塔节制闸,2.370292,
2026-04-17 10:00,圪塔节制闸,0.799000,
2026-04-17 11:00,圪塔节制闸,2.526917,
2026-04-17 12:00,圪塔节制闸,2.848208,
2026-04-17 13:00,圪塔节制闸,2.853204,
2026-04-17 14:00,圪塔节制闸,1.732258,
2026-04-17 15:00,圪塔节制闸,2.063996,
2026-04-17 16:00,圪塔节制闸,3.215938,
2026-04-17 17:00,圪塔节制闸,1.838971,
2026-04-17 18:00,圪塔节制闸,0.697000,
2026-04-17 19:00,圪塔节制闸,0.770225,
2026-04-17 20:00,圪塔节制闸,1.831983,
2026-04-17 21:00,圪塔节制闸,2.667758,
2026-04-17 22:00,圪塔节制闸,3.218229,
2026-04-17 23:00,圪塔节制闸,3.739983,
2026-04-18 00:00,圪塔节制闸,3.469954,
2026-04-18 01:00,圪塔节制闸,3.210196,
2026-04-18 02:00,圪塔节制闸,4.068950,
2026-04-18 03:00,圪塔节制闸,4.088929,
2026-04-18 04:00,圪塔节制闸,4.801354,
2026-04-18 05:00,圪塔节制闸,3.546562,
2026-04-18 06:00,圪塔节制闸,0.649000,
2026-04-18 07:00,圪塔节制闸,0.647000,
2026-04-18 08:00,圪塔节制闸,0.545879,
2026-04-18 09:00,圪塔节制闸,0.000000,
2026-04-18 10:00,圪塔节制闸,0.000000,
2026-04-18 11:00,圪塔节制闸,0.000000,
2026-04-18 12:00,圪塔节制闸,0.000000,
2026-04-18 13:00,圪塔节制闸,0.000000,
2026-04-18 14:00,圪塔节制闸,0.000000,
2026-04-18 15:00,圪塔节制闸,0.000000,
2026-04-18 16:00,圪塔节制闸,0.000000,
2026-04-18 17:00,圪塔节制闸,3.665796,
2026-04-18 18:00,圪塔节制闸,5.808229,
2026-04-18 19:00,圪塔节制闸,4.941525,
2026-04-18 20:00,圪塔节制闸,0.865204,
2026-04-18 21:00,圪塔节制闸,3.928004,
2026-04-18 22:00,圪塔节制闸,4.486192,
2026-04-18 23:00,圪塔节制闸,4.759213,
2026-04-19 00:00,圪塔节制闸,2.549042,
2026-04-19 01:00,圪塔节制闸,3.930708,
2026-04-19 02:00,圪塔节制闸,3.656687,
2026-04-19 03:00,圪塔节制闸,3.363567,
2026-04-19 04:00,圪塔节制闸,0.617000,
2026-04-19 05:00,圪塔节制闸,0.616000,
2026-04-19 06:00,圪塔节制闸,3.140638,
2026-04-19 07:00,圪塔节制闸,1.525213,
2026-04-19 08:00,圪塔节制闸,0.738000,
2026-04-19 09:00,圪塔节制闸,0.000000,
2026-04-19 10:00,圪塔节制闸,0.000000,
2026-04-19 11:00,圪塔节制闸,0.000000,
2026-04-19 12:00,圪塔节制闸,0.000000,
2026-04-19 13:00,圪塔节制闸,0.000000,
2026-04-19 14:00,圪塔节制闸,0.000000,
2026-04-19 15:00,圪塔节制闸,0.000000,
2026-04-19 16:00,圪塔节制闸,0.000000,
2026-04-19 17:00,圪塔节制闸,3.275567,
2026-04-19 18:00,圪塔节制闸,8.181149,
2026-04-19 19:00,圪塔节制闸,3.071184,
2026-04-19 20:00,圪塔节制闸,5.957357,
2026-04-19 21:00,圪塔节制闸,4.827747,
2026-04-19 22:00,圪塔节制闸,2.735367,
2026-04-19 23:00,圪塔节制闸,3.453358,
2026-04-20 00:00,圪塔节制闸,0.715000,
2026-04-20 01:00,圪塔节制闸,3.470192,
2026-04-20 02:00,圪塔节制闸,4.574142,
2026-04-20 03:00,圪塔节制闸,5.481704,
2026-04-20 04:00,圪塔节制闸,5.516392,
2026-04-20 05:00,圪塔节制闸,3.270426,
2026-04-20 06:00,圪塔节制闸,0.022370,
2026-04-20 07:00,圪塔节制闸,0.035420,
2026-04-20 08:00,圪塔节制闸,0.068450,
2026-04-20 09:00,圪塔节制闸,0.024410,
2026-04-20 10:00,圪塔节制闸,0.029470,
2026-04-20 11:00,圪塔节制闸,0.033530,
2026-04-20 12:00,圪塔节制闸,0.032600,
2026-04-20 13:00,圪塔节制闸,0.022470,
2026-04-20 14:00,圪塔节制闸,0.045670,
2026-04-20 15:00,圪塔节制闸,0.030530,
2026-04-20 16:00,圪塔节制闸,0.033450,
2026-04-20 17:00,圪塔节制闸,0.011000,
2026-04-20 18:00,圪塔节制闸,0.000000,
2026-04-20 19:00,圪塔节制闸,0.000000,
2026-04-20 20:00,圪塔节制闸,0.001000,
2026-04-20 21:00,圪塔节制闸,0.000000,
2026-04-20 22:00,圪塔节制闸,0.000000,
2026-04-20 23:00,圪塔节制闸,2.203000,
2026-04-14 00:00,老庄节制闸,7.920637,
2026-04-14 01:00,老庄节制闸,1.921000,
2026-04-14 02:00,老庄节制闸,1.935000,
2026-04-14 03:00,老庄节制闸,1.935000,
2026-04-14 04:00,老庄节制闸,2.019000,
2026-04-14 05:00,老庄节制闸,2.102000,
2026-04-14 06:00,老庄节制闸,2.118510,
2026-04-14 07:00,老庄节制闸,2.109440,
2026-04-14 08:00,老庄节制闸,2.075480,
2026-04-14 09:00,老庄节制闸,2.089600,
2026-04-14 10:00,老庄节制闸,2.017430,
2026-04-14 11:00,老庄节制闸,2.033430,
2026-04-14 12:00,老庄节制闸,2.041430,
2026-04-14 13:00,老庄节制闸,2.010350,
2026-04-14 14:00,老庄节制闸,2.521719,
2026-04-14 15:00,老庄节制闸,2.916000,
2026-04-14 16:00,老庄节制闸,2.916000,
2026-04-14 17:00,老庄节制闸,2.925000,
2026-04-14 18:00,老庄节制闸,2.929000,
2026-04-14 19:00,老庄节制闸,2.928000,
2026-04-14 20:00,老庄节制闸,2.922000,
2026-04-14 21:00,老庄节制闸,2.877000,
2026-04-14 22:00,老庄节制闸,2.885000,
2026-04-14 23:00,老庄节制闸,2.881000,
2026-04-15 00:00,老庄节制闸,3.507042,
2026-04-15 01:00,老庄节制闸,2.457596,
2026-04-15 02:00,老庄节制闸,2.261104,
2026-04-15 03:00,老庄节制闸,1.989083,
2026-04-15 04:00,老庄节制闸,1.710063,
2026-04-15 05:00,老庄节制闸,1.987800,
2026-04-15 06:00,老庄节制闸,0.880283,
2026-04-15 07:00,老庄节制闸,2.609014,
2026-04-15 08:00,老庄节制闸,2.989000,
2026-04-15 09:00,老庄节制闸,3.020000,
2026-04-15 10:00,老庄节制闸,3.013000,
2026-04-15 11:00,老庄节制闸,2.892000,
2026-04-15 12:00,老庄节制闸,2.887000,
2026-04-15 13:00,老庄节制闸,2.854000,
2026-04-15 14:00,老庄节制闸,2.890000,
2026-04-15 15:00,老庄节制闸,2.867000,
2026-04-15 16:00,老庄节制闸,2.842000,
2026-04-15 17:00,老庄节制闸,1.482000,
2026-04-15 18:00,老庄节制闸,1.492000,
2026-04-15 19:00,老庄节制闸,1.505000,
2026-04-15 20:00,老庄节制闸,1.464000,
2026-04-15 21:00,老庄节制闸,1.494000,
2026-04-15 22:00,老庄节制闸,1.473000,
2026-04-15 23:00,老庄节制闸,1.484000,
2026-04-16 00:00,老庄节制闸,1.448000,
2026-04-16 01:00,老庄节制闸,2.824000,
2026-04-16 02:00,老庄节制闸,2.821000,
2026-04-16 03:00,老庄节制闸,2.771000,
2026-04-16 04:00,老庄节制闸,2.751000,
2026-04-16 05:00,老庄节制闸,2.395697,
2026-04-16 06:00,老庄节制闸,0.711000,
2026-04-16 07:00,老庄节制闸,2.410403,
2026-04-16 08:00,老庄节制闸,2.764000,
2026-04-16 09:00,老庄节制闸,1.415000,
2026-04-16 10:00,老庄节制闸,1.402000,
2026-04-16 11:00,老庄节制闸,1.934475,
2026-04-16 12:00,老庄节制闸,1.698212,
2026-04-16 13:00,老庄节制闸,0.656100,
2026-04-16 14:00,老庄节制闸,0.647900,
2026-04-16 15:00,老庄节制闸,0.641870,
2026-04-16 16:00,老庄节制闸,0.642880,
2026-04-16 17:00,老庄节制闸,0.645880,
2026-04-16 18:00,老庄节制闸,2.033500,
2026-04-16 19:00,老庄节制闸,2.048490,
2026-04-16 20:00,老庄节制闸,2.050510,
2026-04-16 21:00,老庄节制闸,2.057590,
2026-04-16 22:00,老庄节制闸,2.045480,
2026-04-16 23:00,老庄节制闸,2.039410,
2026-04-17 00:00,老庄节制闸,2.024000,
2026-04-17 01:00,老庄节制闸,2.014000,
2026-04-17 02:00,老庄节制闸,2.020000,
2026-04-17 03:00,老庄节制闸,1.349098,
2026-04-17 04:00,老庄节制闸,4.210199,
2026-04-17 05:00,老庄节制闸,4.831553,
2026-04-17 06:00,老庄节制闸,3.453780,
2026-04-17 07:00,老庄节制闸,2.612507,
2026-04-17 08:00,老庄节制闸,4.190933,
2026-04-17 09:00,老庄节制闸,3.389520,
2026-04-17 10:00,老庄节制闸,3.380490,
2026-04-17 11:00,老庄节制闸,3.386520,
2026-04-17 12:00,老庄节制闸,3.330510,
2026-04-17 13:00,老庄节制闸,3.331610,
2026-04-17 14:00,老庄节制闸,1.923963,
2026-04-17 15:00,老庄节制闸,2.063996,
2026-04-17 16:00,老庄节制闸,3.215937,
2026-04-17 17:00,老庄节制闸,1.838971,
2026-04-17 18:00,老庄节制闸,0.697000,
2026-04-17 19:00,老庄节制闸,0.770225,
2026-04-17 20:00,老庄节制闸,1.831983,
2026-04-17 21:00,老庄节制闸,2.667758,
2026-04-17 22:00,老庄节制闸,3.218229,
2026-04-17 23:00,老庄节制闸,3.739983,
2026-04-18 00:00,老庄节制闸,3.469954,
2026-04-18 01:00,老庄节制闸,3.210196,
2026-04-18 02:00,老庄节制闸,4.068950,
2026-04-18 03:00,老庄节制闸,4.277758,
2026-04-18 04:00,老庄节制闸,8.116354,
2026-04-18 05:00,老庄节制闸,5.572562,
2026-04-18 06:00,老庄节制闸,2.638000,
2026-04-18 07:00,老庄节制闸,2.605000,
2026-04-18 08:00,老庄节制闸,2.449549,
2026-04-18 09:00,老庄节制闸,1.931410,
2026-04-18 10:00,老庄节制闸,1.950510,
2026-04-18 11:00,老庄节制闸,1.947410,
2026-04-18 12:00,老庄节制闸,3.250000,
2026-04-18 13:00,老庄节制闸,3.244000,
2026-04-18 14:00,老庄节制闸,3.231000,
2026-04-18 15:00,老庄节制闸,2.845446,
2026-04-18 16:00,老庄节制闸,0.282166,
2026-04-18 17:00,老庄节制闸,3.383630,
2026-04-18 18:00,老庄节制闸,5.808229,
2026-04-18 19:00,老庄节制闸,4.675459,
2026-04-18 20:00,老庄节制闸,1.533584,
2026-04-18 21:00,老庄节制闸,3.525690,
2026-04-18 22:00,老庄节制闸,4.486192,
2026-04-18 23:00,老庄节制闸,4.482304,
2026-04-19 00:00,老庄节制闸,2.825950,
2026-04-19 01:00,老庄节制闸,3.930708,
2026-04-19 02:00,老庄节制闸,3.656687,
2026-04-19 03:00,老庄节制闸,3.363567,
2026-04-19 04:00,老庄节制闸,0.617000,
2026-04-19 05:00,老庄节制闸,1.346648,
2026-04-19 06:00,老庄节制闸,5.225638,
2026-04-19 07:00,老庄节制闸,3.617213,
2026-04-19 08:00,老庄节制闸,2.797590,
2026-04-19 09:00,老庄节制闸,2.071410,
2026-04-19 10:00,老庄节制闸,2.590000,
2026-04-19 11:00,老庄节制闸,3.388000,
2026-04-19 12:00,老庄节制闸,3.401000,
2026-04-19 13:00,老庄节制闸,3.324000,
2026-04-19 14:00,老庄节制闸,3.350000,
2026-04-19 15:00,老庄节制闸,1.122693,
2026-04-19 16:00,老庄节制闸,0.179137,
2026-04-19 17:00,老庄节制闸,3.892028,
2026-04-19 18:00,老庄节制闸,7.385551,
2026-04-19 19:00,老庄节制闸,4.149101,
2026-04-19 20:00,老庄节制闸,4.879441,
2026-04-19 21:00,老庄节制闸,4.021940,
2026-04-19 22:00,老庄节制闸,3.541174,
2026-04-19 23:00,老庄节制闸,3.181482,
2026-04-20 00:00,老庄节制闸,0.986876,
2026-04-20 01:00,老庄节制闸,3.470192,
2026-04-20 02:00,老庄节制闸,4.574142,
2026-04-20 03:00,老庄节制闸,3.841734,
2026-04-20 04:00,老庄节制闸,2.397410,
2026-04-20 05:00,老庄节制闸,2.400400,
2026-04-20 06:00,老庄节制闸,2.395370,
2026-04-20 07:00,老庄节制闸,2.406420,
2026-04-20 08:00,老庄节制闸,2.404450,
2026-04-20 09:00,老庄节制闸,2.359410,
2026-04-20 10:00,老庄节制闸,2.415470,
2026-04-20 11:00,老庄节制闸,2.419530,
2026-04-20 12:00,老庄节制闸,2.429600,
2026-04-20 13:00,老庄节制闸,2.389470,
2026-04-20 14:00,老庄节制闸,2.409670,
2026-04-20 15:00,老庄节制闸,2.398530,
2026-04-20 16:00,老庄节制闸,2.386450,
2026-04-20 17:00,老庄节制闸,2.373000,
2026-04-20 18:00,老庄节制闸,2.376000,
2026-04-20 19:00,老庄节制闸,2.373000,
2026-04-20 20:00,老庄节制闸,2.428000,
2026-04-20 21:00,老庄节制闸,2.429000,
2026-04-20 22:00,老庄节制闸,2.414000,
2026-04-20 23:00,老庄节制闸,2.509440,
2026-04-14 00:00,西干管理站,0.155000,
2026-04-14 01:00,西干管理站,0.155000,
2026-04-14 02:00,西干管理站,0.159000,
2026-04-14 03:00,西干管理站,0.155000,
2026-04-14 04:00,西干管理站,0.155000,
2026-04-14 05:00,西干管理站,0.158000,
2026-04-14 06:00,西干管理站,0.157000,
2026-04-14 07:00,西干管理站,0.155000,
2026-04-14 08:00,西干管理站,0.139000,
2026-04-14 09:00,西干管理站,0.139000,
2026-04-14 10:00,西干管理站,0.146000,
2026-04-14 11:00,西干管理站,0.175000,
2026-04-14 12:00,西干管理站,0.163000,
2026-04-14 13:00,西干管理站,0.169000,
2026-04-14 14:00,西干管理站,0.170000,
2026-04-14 15:00,西干管理站,0.164000,
2026-04-14 16:00,西干管理站,0.172000,
2026-04-14 17:00,西干管理站,0.000000,
2026-04-14 18:00,西干管理站,0.000000,
2026-04-14 19:00,西干管理站,0.000000,
2026-04-14 20:00,西干管理站,0.000000,
2026-04-14 21:00,西干管理站,0.000000,
2026-04-14 22:00,西干管理站,0.000000,
2026-04-14 23:00,西干管理站,0.000000,
2026-04-15 00:00,西干管理站,0.000000,
2026-04-15 01:00,西干管理站,0.000000,
2026-04-15 02:00,西干管理站,0.000000,
2026-04-15 03:00,西干管理站,0.000000,
2026-04-15 04:00,西干管理站,0.000000,
2026-04-15 05:00,西干管理站,0.000000,
2026-04-15 06:00,西干管理站,0.000000,
2026-04-15 07:00,西干管理站,0.000000,
2026-04-15 08:00,西干管理站,0.000000,
2026-04-15 09:00,西干管理站,0.000000,
2026-04-15 10:00,西干管理站,0.000000,
2026-04-15 11:00,西干管理站,0.000000,
2026-04-15 12:00,西干管理站,0.000000,
2026-04-15 13:00,西干管理站,0.000000,
2026-04-15 14:00,西干管理站,0.000000,
2026-04-15 15:00,西干管理站,0.000000,
2026-04-15 16:00,西干管理站,0.000000,
2026-04-15 17:00,西干管理站,0.000000,
2026-04-15 18:00,西干管理站,0.000000,
2026-04-15 19:00,西干管理站,0.000000,
2026-04-15 20:00,西干管理站,0.000000,
2026-04-15 21:00,西干管理站,0.000000,
2026-04-15 22:00,西干管理站,0.000000,
2026-04-15 23:00,西干管理站,0.000000,
2026-04-16 00:00,西干管理站,0.000000,
2026-04-16 01:00,西干管理站,0.000000,
2026-04-16 02:00,西干管理站,0.000000,
2026-04-16 03:00,西干管理站,0.000000,
2026-04-16 04:00,西干管理站,0.000000,
2026-04-16 05:00,西干管理站,0.000000,
2026-04-16 06:00,西干管理站,0.000000,
2026-04-16 07:00,西干管理站,0.000000,
2026-04-16 08:00,西干管理站,0.000000,
2026-04-16 09:00,西干管理站,0.000000,
2026-04-16 10:00,西干管理站,0.000000,
2026-04-16 11:00,西干管理站,0.000000,
2026-04-16 12:00,西干管理站,0.000000,
2026-04-16 13:00,西干管理站,0.000000,
2026-04-16 14:00,西干管理站,0.000000,
2026-04-16 15:00,西干管理站,0.000000,
2026-04-16 16:00,西干管理站,0.000000,
2026-04-16 17:00,西干管理站,0.000000,
2026-04-16 18:00,西干管理站,0.000000,
2026-04-16 19:00,西干管理站,0.000000,
2026-04-16 20:00,西干管理站,0.000000,
2026-04-16 21:00,西干管理站,0.000000,
2026-04-16 22:00,西干管理站,0.000000,
2026-04-16 23:00,西干管理站,0.000000,
2026-04-17 00:00,西干管理站,0.000000,
2026-04-17 01:00,西干管理站,0.000000,
2026-04-17 02:00,西干管理站,0.000000,
2026-04-17 03:00,西干管理站,0.000000,
2026-04-17 04:00,西干管理站,0.000000,
2026-04-17 05:00,西干管理站,0.000000,
2026-04-17 06:00,西干管理站,0.000000,
2026-04-17 07:00,西干管理站,0.000000,
2026-04-17 08:00,西干管理站,0.690000,
2026-04-17 09:00,西干管理站,0.690000,
2026-04-17 10:00,西干管理站,0.768000,
2026-04-17 11:00,西干管理站,0.707000,
2026-04-17 12:00,西干管理站,0.701000,
2026-04-17 13:00,西干管理站,0.706000,
2026-04-17 14:00,西干管理站,0.715000,
2026-04-17 15:00,西干管理站,0.729000,
2026-04-17 16:00,西干管理站,0.769000,
2026-04-17 17:00,西干管理站,0.763000,
2026-04-17 18:00,西干管理站,0.752000,
2026-04-17 19:00,西干管理站,0.745000,
2026-04-17 20:00,西干管理站,0.752000,
2026-04-17 21:00,西干管理站,0.753000,
2026-04-17 22:00,西干管理站,0.752000,
2026-04-17 23:00,西干管理站,0.724000,
2026-04-18 00:00,西干管理站,0.732000,
2026-04-18 01:00,西干管理站,0.722000,
2026-04-18 02:00,西干管理站,0.728000,
2026-04-18 03:00,西干管理站,0.725000,
2026-04-18 04:00,西干管理站,0.726000,
2026-04-18 05:00,西干管理站,0.718000,
2026-04-18 06:00,西干管理站,0.725000,
2026-04-18 07:00,西干管理站,0.739000,
2026-04-18 08:00,西干管理站,0.736000,
2026-04-18 09:00,西干管理站,0.717000,
2026-04-18 10:00,西干管理站,0.735000,
2026-04-18 11:00,西干管理站,0.727000,
2026-04-18 12:00,西干管理站,0.699000,
2026-04-18 13:00,西干管理站,0.756000,
2026-04-18 14:00,西干管理站,0.676000,
2026-04-18 15:00,西干管理站,0.680000,
2026-04-18 16:00,西干管理站,0.724000,
2026-04-18 17:00,西干管理站,0.714000,
2026-04-18 18:00,西干管理站,0.723000,
2026-04-18 19:00,西干管理站,0.725000,
2026-04-18 20:00,西干管理站,0.713000,
2026-04-18 21:00,西干管理站,0.719000,
2026-04-18 22:00,西干管理站,0.723000,
2026-04-18 23:00,西干管理站,0.719000,
2026-04-19 00:00,西干管理站,0.717000,
2026-04-19 01:00,西干管理站,0.720000,
2026-04-19 02:00,西干管理站,0.723000,
2026-04-19 03:00,西干管理站,0.731000,
2026-04-19 04:00,西干管理站,0.722000,
2026-04-19 05:00,西干管理站,0.720000,
2026-04-19 06:00,西干管理站,0.728000,
2026-04-19 07:00,西干管理站,0.878000,
2026-04-19 08:00,西干管理站,0.881000,
2026-04-19 09:00,西干管理站,0.913000,
2026-04-19 10:00,西干管理站,0.927000,
2026-04-19 11:00,西干管理站,0.906000,
2026-04-19 12:00,西干管理站,0.914000,
2026-04-19 13:00,西干管理站,0.931000,
2026-04-19 14:00,西干管理站,0.948000,
2026-04-19 15:00,西干管理站,0.950000,
2026-04-19 16:00,西干管理站,0.939000,
2026-04-19 17:00,西干管理站,0.943000,
2026-04-19 18:00,西干管理站,0.951000,
2026-04-19 19:00,西干管理站,0.942000,
2026-04-19 20:00,西干管理站,0.941000,
2026-04-19 21:00,西干管理站,0.940000,
2026-04-19 22:00,西干管理站,0.873000,
2026-04-19 23:00,西干管理站,0.869000,
2026-04-20 00:00,西干管理站,0.867000,
2026-04-20 01:00,西干管理站,0.866000,
2026-04-20 02:00,西干管理站,0.866000,
2026-04-20 03:00,西干管理站,0.866000,
2026-04-20 04:00,西干管理站,0.864000,
2026-04-20 05:00,西干管理站,0.865000,
2026-04-20 06:00,西干管理站,0.862000,
2026-04-20 07:00,西干管理站,0.860000,
2026-04-20 08:00,西干管理站,0.867000,
2026-04-20 09:00,西干管理站,0.864000,
2026-04-20 10:00,西干管理站,0.871000,
2026-04-20 11:00,西干管理站,0.861000,
2026-04-20 12:00,西干管理站,0.869000,
2026-04-20 13:00,西干管理站,0.869000,
2026-04-20 14:00,西干管理站,0.855000,
2026-04-20 15:00,西干管理站,0.869000,
2026-04-20 16:00,西干管理站,0.869000,
2026-04-20 17:00,西干管理站,0.831000,
2026-04-20 18:00,西干管理站,0.829000,
2026-04-20 19:00,西干管理站,0.822000,
2026-04-20 20:00,西干管理站,0.793000,
2026-04-20 21:00,西干管理站,0.771000,
2026-04-20 22:00,西干管理站,0.757000,
2026-04-20 23:00,西干管理站,0.750000,
2026-04-14 00:00,阳院节制闸,0.155000,
2026-04-14 01:00,阳院节制闸,0.155000,
2026-04-14 02:00,阳院节制闸,0.159000,
2026-04-14 03:00,阳院节制闸,0.155000,
2026-04-14 04:00,阳院节制闸,0.155000,
2026-04-14 05:00,阳院节制闸,0.175636,
2026-04-14 06:00,阳院节制闸,0.175636,
2026-04-14 07:00,阳院节制闸,0.175636,
2026-04-14 08:00,阳院节制闸,0.159636,
2026-04-14 09:00,阳院节制闸,0.139000,
2026-04-14 10:00,阳院节制闸,0.146000,
2026-04-14 11:00,阳院节制闸,0.175000,
2026-04-14 12:00,阳院节制闸,0.163000,
2026-04-14 13:00,阳院节制闸,0.169000,
2026-04-14 14:00,阳院节制闸,0.170000,
2026-04-14 15:00,阳院节制闸,0.164000,
2026-04-14 16:00,阳院节制闸,0.172000,
2026-04-14 17:00,阳院节制闸,0.000000,
2026-04-14 18:00,阳院节制闸,0.000000,
2026-04-14 19:00,阳院节制闸,0.000000,
2026-04-14 20:00,阳院节制闸,0.000000,
2026-04-14 21:00,阳院节制闸,0.000000,
2026-04-14 22:00,阳院节制闸,0.000000,
2026-04-14 23:00,阳院节制闸,0.000000,
2026-04-15 00:00,阳院节制闸,0.000000,
2026-04-15 01:00,阳院节制闸,0.000000,
2026-04-15 02:00,阳院节制闸,0.000000,
2026-04-15 03:00,阳院节制闸,0.000000,
2026-04-15 04:00,阳院节制闸,0.000000,
2026-04-15 05:00,阳院节制闸,0.078751,
2026-04-15 06:00,阳院节制闸,0.078751,
2026-04-15 07:00,阳院节制闸,0.151993,
2026-04-15 08:00,阳院节制闸,0.143936,
2026-04-15 09:00,阳院节制闸,0.000000,
2026-04-15 10:00,阳院节制闸,0.000000,
2026-04-15 11:00,阳院节制闸,0.408630,
2026-04-15 12:00,阳院节制闸,0.408630,
2026-04-15 13:00,阳院节制闸,0.408630,
2026-04-15 14:00,阳院节制闸,0.408630,
2026-04-15 15:00,阳院节制闸,0.408630,
2026-04-15 16:00,阳院节制闸,0.408630,
2026-04-15 17:00,阳院节制闸,0.408630,
2026-04-15 18:00,阳院节制闸,0.291992,
2026-04-15 19:00,阳院节制闸,0.000000,
2026-04-15 20:00,阳院节制闸,0.096836,
2026-04-15 21:00,阳院节制闸,0.096836,
2026-04-15 22:00,阳院节制闸,0.096836,
2026-04-15 23:00,阳院节制闸,0.096836,
2026-04-16 00:00,阳院节制闸,0.096836,
2026-04-16 01:00,阳院节制闸,0.002287,
2026-04-16 02:00,阳院节制闸,0.000000,
2026-04-16 03:00,阳院节制闸,0.000000,
2026-04-16 04:00,阳院节制闸,0.000000,
2026-04-16 05:00,阳院节制闸,0.000000,
2026-04-16 06:00,阳院节制闸,0.628835,
2026-04-16 07:00,阳院节制闸,0.496559,
2026-04-16 08:00,阳院节制闸,0.000000,
2026-04-16 09:00,阳院节制闸,0.000000,
2026-04-16 10:00,阳院节制闸,0.000000,
2026-04-16 11:00,阳院节制闸,0.000000,
2026-04-16 12:00,阳院节制闸,0.000000,
2026-04-16 13:00,阳院节制闸,0.000000,
2026-04-16 14:00,阳院节制闸,0.000000,
2026-04-16 15:00,阳院节制闸,0.000000,
2026-04-16 16:00,阳院节制闸,0.000000,
2026-04-16 17:00,阳院节制闸,0.000000,
2026-04-16 18:00,阳院节制闸,0.000000,
2026-04-16 19:00,阳院节制闸,0.000000,
2026-04-16 20:00,阳院节制闸,0.000000,
2026-04-16 21:00,阳院节制闸,0.000000,
2026-04-16 22:00,阳院节制闸,0.000000,
2026-04-16 23:00,阳院节制闸,0.000000,
2026-04-17 00:00,阳院节制闸,0.000000,
2026-04-17 01:00,阳院节制闸,0.000000,
2026-04-17 02:00,阳院节制闸,0.000000,
2026-04-17 03:00,阳院节制闸,0.000000,
2026-04-17 04:00,阳院节制闸,0.000000,
2026-04-17 05:00,阳院节制闸,0.000000,
2026-04-17 06:00,阳院节制闸,0.000000,
2026-04-17 07:00,阳院节制闸,0.000000,
2026-04-17 08:00,阳院节制闸,0.690000,
2026-04-17 09:00,阳院节制闸,0.690000,
2026-04-17 10:00,阳院节制闸,0.768000,
2026-04-17 11:00,阳院节制闸,0.707000,
2026-04-17 12:00,阳院节制闸,0.701000,
2026-04-17 13:00,阳院节制闸,0.706000,
2026-04-17 14:00,阳院节制闸,0.715000,
2026-04-17 15:00,阳院节制闸,0.729000,
2026-04-17 16:00,阳院节制闸,0.769000,
2026-04-17 17:00,阳院节制闸,0.763000,
2026-04-17 18:00,阳院节制闸,0.752000,
2026-04-17 19:00,阳院节制闸,0.745000,
2026-04-17 20:00,阳院节制闸,0.752000,
2026-04-17 21:00,阳院节制闸,0.753000,
2026-04-17 22:00,阳院节制闸,0.752000,
2026-04-17 23:00,阳院节制闸,0.724000,
2026-04-18 00:00,阳院节制闸,0.732000,
2026-04-18 01:00,阳院节制闸,0.722000,
2026-04-18 02:00,阳院节制闸,0.728000,
2026-04-18 03:00,阳院节制闸,0.725000,
2026-04-18 04:00,阳院节制闸,0.726000,
2026-04-18 05:00,阳院节制闸,0.718000,
2026-04-18 06:00,阳院节制闸,0.725000,
2026-04-18 07:00,阳院节制闸,0.739000,
2026-04-18 08:00,阳院节制闸,0.736000,
2026-04-18 09:00,阳院节制闸,0.717000,
2026-04-18 10:00,阳院节制闸,0.735000,
2026-04-18 11:00,阳院节制闸,0.727000,
2026-04-18 12:00,阳院节制闸,0.699000,
2026-04-18 13:00,阳院节制闸,0.756000,
2026-04-18 14:00,阳院节制闸,0.676000,
2026-04-18 15:00,阳院节制闸,0.680000,
2026-04-18 16:00,阳院节制闸,0.724000,
2026-04-18 17:00,阳院节制闸,0.714000,
2026-04-18 18:00,阳院节制闸,0.723000,
2026-04-18 19:00,阳院节制闸,0.725000,
2026-04-18 20:00,阳院节制闸,0.713000,
2026-04-18 21:00,阳院节制闸,0.719000,
2026-04-18 22:00,阳院节制闸,0.723000,
2026-04-18 23:00,阳院节制闸,0.719000,
2026-04-19 00:00,阳院节制闸,0.717000,
2026-04-19 01:00,阳院节制闸,0.720000,
2026-04-19 02:00,阳院节制闸,0.723000,
2026-04-19 03:00,阳院节制闸,0.731000,
2026-04-19 04:00,阳院节制闸,0.722000,
2026-04-19 05:00,阳院节制闸,0.720000,
2026-04-19 06:00,阳院节制闸,0.728000,
2026-04-19 07:00,阳院节制闸,0.878000,
2026-04-19 08:00,阳院节制闸,0.881000,
2026-04-19 09:00,阳院节制闸,0.913000,
2026-04-19 10:00,阳院节制闸,0.927000,
2026-04-19 11:00,阳院节制闸,0.906000,
2026-04-19 12:00,阳院节制闸,0.914000,
2026-04-19 13:00,阳院节制闸,0.931000,
2026-04-19 14:00,阳院节制闸,0.948000,
2026-04-19 15:00,阳院节制闸,0.950000,
2026-04-19 16:00,阳院节制闸,0.939000,
2026-04-19 17:00,阳院节制闸,0.943000,
2026-04-19 18:00,阳院节制闸,0.951000,
2026-04-19 19:00,阳院节制闸,0.942000,
2026-04-19 20:00,阳院节制闸,0.941000,
2026-04-19 21:00,阳院节制闸,0.940000,
2026-04-19 22:00,阳院节制闸,0.873000,
2026-04-19 23:00,阳院节制闸,0.869000,
2026-04-20 00:00,阳院节制闸,0.867000,
2026-04-20 01:00,阳院节制闸,0.866000,
2026-04-20 02:00,阳院节制闸,0.866000,
2026-04-20 03:00,阳院节制闸,0.866000,
2026-04-20 04:00,阳院节制闸,0.864000,
2026-04-20 05:00,阳院节制闸,0.865000,
2026-04-20 06:00,阳院节制闸,0.862000,
2026-04-20 07:00,阳院节制闸,0.860000,
2026-04-20 08:00,阳院节制闸,0.867000,
2026-04-20 09:00,阳院节制闸,0.864000,
2026-04-20 10:00,阳院节制闸,0.871000,
2026-04-20 11:00,阳院节制闸,0.861000,
2026-04-20 12:00,阳院节制闸,0.869000,
2026-04-20 13:00,阳院节制闸,0.869000,
2026-04-20 14:00,阳院节制闸,0.855000,
2026-04-20 15:00,阳院节制闸,0.869000,
2026-04-20 16:00,阳院节制闸,0.869000,
2026-04-20 17:00,阳院节制闸,0.831000,
2026-04-20 18:00,阳院节制闸,0.829000,
2026-04-20 19:00,阳院节制闸,0.822000,
2026-04-20 20:00,阳院节制闸,0.793000,
2026-04-20 21:00,阳院节制闸,0.771000,
2026-04-20 22:00,阳院节制闸,0.757000,
2026-04-20 23:00,阳院节制闸,0.750000,
2026-04-14 00:00,麻原节制闸,0.155000,
2026-04-14 01:00,麻原节制闸,0.155000,
2026-04-14 02:00,麻原节制闸,0.159000,
2026-04-14 03:00,麻原节制闸,0.155000,
2026-04-14 04:00,麻原节制闸,0.155000,
2026-04-14 05:00,麻原节制闸,0.175636,
2026-04-14 06:00,麻原节制闸,0.175636,
2026-04-14 07:00,麻原节制闸,0.175636,
2026-04-14 08:00,麻原节制闸,0.159636,
2026-04-14 09:00,麻原节制闸,0.139000,
2026-04-14 10:00,麻原节制闸,0.146000,
2026-04-14 11:00,麻原节制闸,0.175000,
2026-04-14 12:00,麻原节制闸,0.163000,
2026-04-14 13:00,麻原节制闸,0.169000,
2026-04-14 14:00,麻原节制闸,0.170000,
2026-04-14 15:00,麻原节制闸,0.164000,
2026-04-14 16:00,麻原节制闸,0.172000,
2026-04-14 17:00,麻原节制闸,0.000000,
2026-04-14 18:00,麻原节制闸,0.000000,
2026-04-14 19:00,麻原节制闸,0.000000,
2026-04-14 20:00,麻原节制闸,0.000000,
2026-04-14 21:00,麻原节制闸,0.000000,
2026-04-14 22:00,麻原节制闸,0.000000,
2026-04-14 23:00,麻原节制闸,0.000000,
2026-04-15 00:00,麻原节制闸,0.000000,
2026-04-15 01:00,麻原节制闸,0.000000,
2026-04-15 02:00,麻原节制闸,0.000000,
2026-04-15 03:00,麻原节制闸,0.000000,
2026-04-15 04:00,麻原节制闸,0.000000,
2026-04-15 05:00,麻原节制闸,0.078751,
2026-04-15 06:00,麻原节制闸,0.078751,
2026-04-15 07:00,麻原节制闸,0.078751,
2026-04-15 08:00,麻原节制闸,0.078751,
2026-04-15 09:00,麻原节制闸,0.000000,
2026-04-15 10:00,麻原节制闸,0.000000,
2026-04-15 11:00,麻原节制闸,0.408630,
2026-04-15 12:00,麻原节制闸,0.408630,
2026-04-15 13:00,麻原节制闸,0.408630,
2026-04-15 14:00,麻原节制闸,0.408630,
2026-04-15 15:00,麻原节制闸,0.408630,
2026-04-15 16:00,麻原节制闸,0.408630,
2026-04-15 17:00,麻原节制闸,0.408630,
2026-04-15 18:00,麻原节制闸,0.291992,
2026-04-15 19:00,麻原节制闸,0.000000,
2026-04-15 20:00,麻原节制闸,0.096836,
2026-04-15 21:00,麻原节制闸,0.096836,
2026-04-15 22:00,麻原节制闸,0.096836,
2026-04-15 23:00,麻原节制闸,0.096836,
2026-04-16 00:00,麻原节制闸,0.096836,
2026-04-16 01:00,麻原节制闸,0.002287,
2026-04-16 02:00,麻原节制闸,0.000000,
2026-04-16 03:00,麻原节制闸,0.000000,
2026-04-16 04:00,麻原节制闸,0.000000,
2026-04-16 05:00,麻原节制闸,0.000000,
2026-04-16 06:00,麻原节制闸,0.070618,
2026-04-16 07:00,麻原节制闸,0.070618,
2026-04-16 08:00,麻原节制闸,0.000000,
2026-04-16 09:00,麻原节制闸,0.000000,
2026-04-16 10:00,麻原节制闸,0.000000,
2026-04-16 11:00,麻原节制闸,0.000000,
2026-04-16 12:00,麻原节制闸,0.000000,
2026-04-16 13:00,麻原节制闸,0.000000,
2026-04-16 14:00,麻原节制闸,0.000000,
2026-04-16 15:00,麻原节制闸,0.000000,
2026-04-16 16:00,麻原节制闸,0.000000,
2026-04-16 17:00,麻原节制闸,0.000000,
2026-04-16 18:00,麻原节制闸,0.000000,
2026-04-16 19:00,麻原节制闸,0.000000,
2026-04-16 20:00,麻原节制闸,0.000000,
2026-04-16 21:00,麻原节制闸,0.000000,
2026-04-16 22:00,麻原节制闸,0.000000,
2026-04-16 23:00,麻原节制闸,0.000000,
2026-04-17 00:00,麻原节制闸,0.000000,
2026-04-17 01:00,麻原节制闸,0.000000,
2026-04-17 02:00,麻原节制闸,0.000000,
2026-04-17 03:00,麻原节制闸,0.000000,
2026-04-17 04:00,麻原节制闸,0.000000,
2026-04-17 05:00,麻原节制闸,0.000000,
2026-04-17 06:00,麻原节制闸,0.000000,
2026-04-17 07:00,麻原节制闸,0.000000,
2026-04-17 08:00,麻原节制闸,0.690000,
2026-04-17 09:00,麻原节制闸,0.690000,
2026-04-17 10:00,麻原节制闸,0.768000,
2026-04-17 11:00,麻原节制闸,0.707000,
2026-04-17 12:00,麻原节制闸,0.701000,
2026-04-17 13:00,麻原节制闸,0.706000,
2026-04-17 14:00,麻原节制闸,0.715000,
2026-04-17 15:00,麻原节制闸,0.729000,
2026-04-17 16:00,麻原节制闸,0.769000,
2026-04-17 17:00,麻原节制闸,0.763000,
2026-04-17 18:00,麻原节制闸,0.752000,
2026-04-17 19:00,麻原节制闸,0.745000,
2026-04-17 20:00,麻原节制闸,0.752000,
2026-04-17 21:00,麻原节制闸,0.753000,
2026-04-17 22:00,麻原节制闸,0.752000,
2026-04-17 23:00,麻原节制闸,0.724000,
2026-04-18 00:00,麻原节制闸,0.732000,
2026-04-18 01:00,麻原节制闸,0.722000,
2026-04-18 02:00,麻原节制闸,0.728000,
2026-04-18 03:00,麻原节制闸,0.725000,
2026-04-18 04:00,麻原节制闸,0.726000,
2026-04-18 05:00,麻原节制闸,0.718000,
2026-04-18 06:00,麻原节制闸,0.725000,
2026-04-18 07:00,麻原节制闸,0.739000,
2026-04-18 08:00,麻原节制闸,0.736000,
2026-04-18 09:00,麻原节制闸,0.717000,
2026-04-18 10:00,麻原节制闸,0.735000,
2026-04-18 11:00,麻原节制闸,0.727000,
2026-04-18 12:00,麻原节制闸,0.699000,
2026-04-18 13:00,麻原节制闸,0.756000,
2026-04-18 14:00,麻原节制闸,0.676000,
2026-04-18 15:00,麻原节制闸,0.680000,
2026-04-18 16:00,麻原节制闸,0.724000,
2026-04-18 17:00,麻原节制闸,0.714000,
2026-04-18 18:00,麻原节制闸,0.723000,
2026-04-18 19:00,麻原节制闸,0.725000,
2026-04-18 20:00,麻原节制闸,0.713000,
2026-04-18 21:00,麻原节制闸,0.719000,
2026-04-18 22:00,麻原节制闸,0.723000,
2026-04-18 23:00,麻原节制闸,0.719000,
2026-04-19 00:00,麻原节制闸,0.717000,
2026-04-19 01:00,麻原节制闸,0.720000,
2026-04-19 02:00,麻原节制闸,0.723000,
2026-04-19 03:00,麻原节制闸,0.731000,
2026-04-19 04:00,麻原节制闸,0.722000,
2026-04-19 05:00,麻原节制闸,0.720000,
2026-04-19 06:00,麻原节制闸,0.728000,
2026-04-19 07:00,麻原节制闸,0.878000,
2026-04-19 08:00,麻原节制闸,0.881000,
2026-04-19 09:00,麻原节制闸,0.913000,
2026-04-19 10:00,麻原节制闸,0.927000,
2026-04-19 11:00,麻原节制闸,0.906000,
2026-04-19 12:00,麻原节制闸,0.914000,
2026-04-19 13:00,麻原节制闸,0.931000,
2026-04-19 14:00,麻原节制闸,0.948000,
2026-04-19 15:00,麻原节制闸,0.950000,
2026-04-19 16:00,麻原节制闸,0.939000,
2026-04-19 17:00,麻原节制闸,0.943000,
2026-04-19 18:00,麻原节制闸,0.951000,
2026-04-19 19:00,麻原节制闸,0.942000,
2026-04-19 20:00,麻原节制闸,0.941000,
2026-04-19 21:00,麻原节制闸,0.940000,
2026-04-19 22:00,麻原节制闸,0.873000,
2026-04-19 23:00,麻原节制闸,0.869000,
2026-04-20 00:00,麻原节制闸,0.867000,
2026-04-20 01:00,麻原节制闸,0.866000,
2026-04-20 02:00,麻原节制闸,0.866000,
2026-04-20 03:00,麻原节制闸,0.866000,
2026-04-20 04:00,麻原节制闸,0.864000,
2026-04-20 05:00,麻原节制闸,0.865000,
2026-04-20 06:00,麻原节制闸,0.862000,
2026-04-20 07:00,麻原节制闸,0.860000,
2026-04-20 08:00,麻原节制闸,0.867000,
2026-04-20 09:00,麻原节制闸,0.864000,
2026-04-20 10:00,麻原节制闸,0.871000,
2026-04-20 11:00,麻原节制闸,0.861000,
2026-04-20 12:00,麻原节制闸,0.869000,
2026-04-20 13:00,麻原节制闸,0.869000,
2026-04-20 14:00,麻原节制闸,0.855000,
2026-04-20 15:00,麻原节制闸,0.869000,
2026-04-20 16:00,麻原节制闸,0.869000,
2026-04-20 17:00,麻原节制闸,0.831000,
2026-04-20 18:00,麻原节制闸,0.829000,
2026-04-20 19:00,麻原节制闸,0.822000,
2026-04-20 20:00,麻原节制闸,0.793000,
2026-04-20 21:00,麻原节制闸,0.771000,
2026-04-20 22:00,麻原节制闸,0.757000,
2026-04-20 23:00,麻原节制闸,0.750000,
