tm,obj,value
2026/4/21 18:07,北一干管理站,0
2026/4/21 18:02,北一干管理站,0
2026/4/21 17:56,北一干管理站,0
2026/4/21 17:51,北一干管理站,0
2026/4/21 17:46,北一干管理站,0
2026/4/21 17:40,北一干管理站,0
2026/4/21 17:35,北一干管理站,0
2026/4/21 17:30,北一干管理站,0
2026/4/21 17:24,北一干管理站,0
2026/4/21 17:19,北一干管理站,0
2026/4/21 17:14,北一干管理站,0
2026/4/21 17:09,北一干管理站,0
2026/4/21 17:03,北一干管理站,0
2026/4/21 16:58,北一干管理站,0.395
2026/4/21 16:53,北一干管理站,0.393
2026/4/21 16:47,北一干管理站,0.396
2026/4/21 16:42,北一干管理站,0.397
2026/4/21 16:37,北一干管理站,0.394
2026/4/21 16:32,北一干管理站,0.395
2026/4/21 16:27,北一干管理站,0.399
2026/4/21 16:22,北一干管理站,0.397
2026/4/21 16:16,北一干管理站,0.397
2026/4/21 16:11,北一干管理站,0.398
2026/4/21 16:06,北一干管理站,0.399
2026/4/21 16:01,北一干管理站,0.4
2026/4/21 15:56,北一干管理站,0.399
2026/4/21 15:50,北一干管理站,0.396
2026/4/21 15:45,北一干管理站,0.397
2026/4/21 15:40,北一干管理站,0.396
2026/4/21 15:35,北一干管理站,0.397
2026/4/21 15:29,北一干管理站,0.397
2026/4/21 15:24,北一干管理站,0.397
2026/4/21 15:19,北一干管理站,0.396
2026/4/21 15:14,北一干管理站,0.415
2026/4/21 15:09,北一干管理站,0.412
2026/4/21 15:03,北一干管理站,0.412
2026/4/21 14:58,北一干管理站,0.414
2026/4/21 14:52,北一干管理站,0.413
2026/4/21 14:47,北一干管理站,0.412
2026/4/21 14:42,北一干管理站,0.415
2026/4/21 14:37,北一干管理站,0.412
2026/4/21 14:32,北一干管理站,0.415
2026/4/21 14:26,北一干管理站,0.415
2026/4/21 14:21,北一干管理站,0.415
2026/4/21 14:16,北一干管理站,0.416
2026/4/21 14:11,北一干管理站,0.416
2026/4/21 14:06,北一干管理站,0.412
2026/4/21 14:00,北一干管理站,0.415
2026/4/21 13:55,北一干管理站,0.412
2026/4/21 13:49,北一干管理站,0.413
2026/4/21 13:44,北一干管理站,0.415
2026/4/21 13:39,北一干管理站,0.416
2026/4/21 13:34,北一干管理站,0.415
2026/4/21 13:29,北一干管理站,0.418
2026/4/21 13:24,北一干管理站,0.415
2026/4/21 13:18,北一干管理站,0.467
2026/4/21 13:13,北一干管理站,0.466
2026/4/21 13:07,北一干管理站,0.467
2026/4/21 13:02,北一干管理站,0.467
2026/4/21 12:57,北一干管理站,0.467
2026/4/21 12:52,北一干管理站,0.468
2026/4/21 12:47,北一干管理站,0.468
2026/4/21 12:42,北一干管理站,0.47
2026/4/21 12:37,北一干管理站,0.467
2026/4/21 12:31,北一干管理站,0.468
2026/4/21 12:26,北一干管理站,0.47
2026/4/21 12:20,北一干管理站,0.468
2026/4/21 12:15,北一干管理站,0.467
2026/4/21 12:10,北一干管理站,0.468
2026/4/21 12:05,北一干管理站,0.467
2026/4/21 12:00,北一干管理站,0.467
2026/4/21 11:54,北一干管理站,0.467
2026/4/21 11:49,北一干管理站,0.47
2026/4/21 11:44,北一干管理站,0.469
2026/4/21 11:38,北一干管理站,0.47
2026/4/21 11:33,北一干管理站,0.47
2026/4/21 11:28,北一干管理站,0.47
2026/4/21 11:23,北一干管理站,0.47
2026/4/21 11:17,北一干管理站,0.47
2026/4/21 11:12,北一干管理站,0.468
2026/4/21 11:07,北一干管理站,0.468
2026/4/21 11:01,北一干管理站,0.469
2026/4/21 10:56,北一干管理站,0.47
2026/4/21 10:51,北一干管理站,0.469
2026/4/21 10:45,北一干管理站,0.468
2026/4/21 10:40,北一干管理站,0.462
2026/4/21 10:35,北一干管理站,0.461
2026/4/21 10:29,北一干管理站,0.461
2026/4/21 10:24,北一干管理站,0.461
2026/4/21 10:19,北一干管理站,0.461
2026/4/21 10:14,北一干管理站,0.459
2026/4/21 10:08,北一干管理站,0.461
2026/4/21 10:03,北一干管理站,0.459
2026/4/21 9:58,北一干管理站,0.46
2026/4/21 9:53,北一干管理站,0.459
2026/4/21 9:48,北一干管理站,0.46
2026/4/21 9:43,北一干管理站,0.461
2026/4/21 9:38,北一干管理站,0.459
2026/4/21 9:32,北一干管理站,0.459
2026/4/21 9:27,北一干管理站,0.459
2026/4/21 9:22,北一干管理站,0.459
2026/4/21 9:17,北一干管理站,0.459
2026/4/21 9:11,北一干管理站,0.501
2026/4/21 9:06,北一干管理站,0.522
2026/4/21 9:01,北一干管理站,0.522
2026/4/21 8:56,北一干管理站,0.533
2026/4/21 8:50,北一干管理站,0.533
2026/4/21 8:45,北一干管理站,0.533
2026/4/21 8:40,北一干管理站,0.532
2026/4/21 8:34,北一干管理站,0.533
2026/4/21 8:29,北一干管理站,0.531
2026/4/21 8:24,北一干管理站,0.53
2026/4/21 8:19,北一干管理站,0.53
2026/4/21 8:13,北一干管理站,0.529
2026/4/21 8:08,北一干管理站,0.528
2026/4/21 8:03,北一干管理站,0.527
2026/4/21 7:58,北一干管理站,0.526
2026/4/21 7:52,北一干管理站,0.43
2026/4/21 7:47,北一干管理站,0.426
2026/4/21 7:42,北一干管理站,0.426
2026/4/21 7:37,北一干管理站,0.536
2026/4/21 7:32,北一干管理站,0.664
2026/4/21 7:26,北一干管理站,0.664
2026/4/21 7:21,北一干管理站,0.683
2026/4/21 7:16,北一干管理站,0.69
2026/4/21 7:11,北一干管理站,0.687
2026/4/21 7:05,北一干管理站,0.686
2026/4/21 7:00,北一干管理站,0.688
2026/4/21 6:55,北一干管理站,0.689
2026/4/21 6:49,北一干管理站,0.686
2026/4/21 6:44,北一干管理站,0.686
2026/4/21 6:38,北一干管理站,0.546
2026/4/21 6:33,北一干管理站,0.547
2026/4/21 6:27,北一干管理站,0.545
2026/4/21 6:22,北一干管理站,0.547
2026/4/21 6:17,北一干管理站,0.548
2026/4/21 6:11,北一干管理站,0.543
2026/4/21 6:06,北一干管理站,0.543
2026/4/21 6:00,北一干管理站,0.543
2026/4/21 5:55,北一干管理站,0.543
2026/4/21 5:50,北一干管理站,0.543
2026/4/21 5:44,北一干管理站,0.543
2026/4/21 5:39,北一干管理站,0.546
2026/4/21 5:34,北一干管理站,0.547
2026/4/21 5:29,北一干管理站,0.631
2026/4/21 5:24,北一干管理站,0.701
2026/4/21 5:19,北一干管理站,0.702
2026/4/21 5:14,北一干管理站,0.705
2026/4/21 5:09,北一干管理站,0.708
2026/4/21 5:03,北一干管理站,0.708
2026/4/21 4:58,北一干管理站,0.707
2026/4/21 4:53,北一干管理站,0.706
2026/4/21 4:48,北一干管理站,0.707
2026/4/21 4:42,北一干管理站,0.697
2026/4/21 4:37,北一干管理站,0.683
2026/4/21 4:31,北一干管理站,0.554
2026/4/21 4:26,北一干管理站,0.555
2026/4/21 4:21,北一干管理站,0.555
2026/4/21 4:15,北一干管理站,0.556
2026/4/21 4:10,北一干管理站,0.558
2026/4/21 4:05,北一干管理站,0.554
2026/4/21 4:00,北一干管理站,0.555
2026/4/21 3:55,北一干管理站,0.557
2026/4/21 3:50,北一干管理站,0.555
2026/4/21 3:44,北一干管理站,0.556
2026/4/21 3:39,北一干管理站,0.557
2026/4/21 3:34,北一干管理站,0.557
2026/4/21 3:28,北一干管理站,0.558
2026/4/21 3:23,北一干管理站,0.555
2026/4/21 3:18,北一干管理站,0.557
2026/4/21 3:13,北一干管理站,0.556
2026/4/21 3:07,北一干管理站,0.555
2026/4/21 3:02,北一干管理站,0.555
2026/4/21 2:57,北一干管理站,0.555
2026/4/21 2:51,北一干管理站,0.555
2026/4/21 2:46,北一干管理站,0.555
2026/4/21 2:41,北一干管理站,0.557
2026/4/21 2:35,北一干管理站,0.556
2026/4/21 2:30,北一干管理站,0.556
2026/4/21 2:25,北一干管理站,0.556
2026/4/21 2:20,北一干管理站,0.555
2026/4/21 2:14,北一干管理站,0.555
2026/4/21 2:09,北一干管理站,0.554
2026/4/21 2:04,北一干管理站,0.554
2026/4/21 1:59,北一干管理站,0.555
2026/4/21 1:53,北一干管理站,0.554
2026/4/21 1:48,北一干管理站,0.555
2026/4/21 1:43,北一干管理站,0.555
2026/4/21 1:37,北一干管理站,0.556
2026/4/21 1:32,北一干管理站,0.555
2026/4/21 1:27,北一干管理站,0.555
2026/4/21 1:22,北一干管理站,0.557
2026/4/21 1:16,北一干管理站,0.557
2026/4/21 1:11,北一干管理站,0.558
2026/4/21 1:06,北一干管理站,0.555
2026/4/21 1:00,北一干管理站,0.556
2026/4/21 0:55,北一干管理站,0.558
2026/4/21 0:50,北一干管理站,0.558
2026/4/21 0:45,北一干管理站,0.557
2026/4/21 0:39,北一干管理站,0.554
2026/4/21 0:34,北一干管理站,0.556
2026/4/21 0:29,北一干管理站,0.557
2026/4/21 0:24,北一干管理站,0.611
2026/4/21 0:19,北一干管理站,0.617
2026/4/21 0:13,北一干管理站,0.69
2026/4/21 0:08,北一干管理站,0.688
2026/4/21 0:03,北一干管理站,0.688
2026/4/20 23:58,北一干管理站,0.689
2026/4/20 23:53,北一干管理站,0.688
2026/4/20 23:47,北一干管理站,0.686
2026/4/20 23:42,北一干管理站,0.686
2026/4/20 23:37,北一干管理站,0.686
2026/4/20 23:32,北一干管理站,0.687
2026/4/20 23:26,北一干管理站,0.686
2026/4/20 23:21,北一干管理站,0.686
2026/4/20 23:16,北一干管理站,0.685
2026/4/20 23:10,北一干管理站,0.685
2026/4/20 23:03,北一干管理站,0.685
2026/4/20 22:59,北一干管理站,0.683
2026/4/20 22:54,北一干管理站,0.685
2026/4/20 22:49,北一干管理站,0.686
2026/4/20 22:44,北一干管理站,0.685
2026/4/20 22:39,北一干管理站,0.686
2026/4/20 22:33,北一干管理站,0.685
2026/4/20 22:28,北一干管理站,0.685
2026/4/20 22:23,北一干管理站,0.684
2026/4/20 22:18,北一干管理站,0.686
2026/4/20 22:12,北一干管理站,0.685
2026/4/20 22:07,北一干管理站,0.685
2026/4/20 22:02,北一干管理站,0.684
2026/4/20 21:56,北一干管理站,0.685
2026/4/20 21:51,北一干管理站,0.686
2026/4/20 21:46,北一干管理站,0.686
2026/4/20 21:41,北一干管理站,0.686
2026/4/20 21:35,北一干管理站,0.687
2026/4/20 21:30,北一干管理站,0.686
2026/4/20 21:25,北一干管理站,0.685
2026/4/20 21:20,北一干管理站,0.686
2026/4/20 21:14,北一干管理站,0.685
2026/4/20 21:09,北一干管理站,0.697
2026/4/20 21:04,北一干管理站,0.695
2026/4/20 20:58,北一干管理站,0.697
2026/4/20 20:53,北一干管理站,0.697
2026/4/20 20:48,北一干管理站,0.698
2026/4/20 20:42,北一干管理站,0.698
2026/4/20 20:37,北一干管理站,0.701
2026/4/20 20:31,北一干管理站,0.701
2026/4/20 20:26,北一干管理站,0.698
2026/4/20 20:21,北一干管理站,0.701
2026/4/20 20:16,北一干管理站,0.7
2026/4/20 20:10,北一干管理站,0.701
2026/4/20 20:05,北一干管理站,0.7
2026/4/20 19:59,北一干管理站,0.702
2026/4/20 19:54,北一干管理站,0.7
2026/4/20 19:49,北一干管理站,0.678
2026/4/20 19:44,北一干管理站,0.678
2026/4/20 19:38,北一干管理站,0.678
2026/4/20 19:33,北一干管理站,0.679
2026/4/20 19:28,北一干管理站,0.679
2026/4/20 19:23,北一干管理站,0.678
2026/4/20 19:18,北一干管理站,0.677
2026/4/20 19:13,北一干管理站,0.677
2026/4/20 19:07,北一干管理站,0.678
2026/4/20 19:02,北一干管理站,0.678
2026/4/20 18:57,北一干管理站,0.679
2026/4/20 18:52,北一干管理站,0.68
2026/4/20 18:47,北一干管理站,0.678
2026/4/20 18:42,北一干管理站,0.678
2026/4/20 18:36,北一干管理站,0.679
2026/4/20 18:31,北一干管理站,0.679
2026/4/20 18:26,北一干管理站,0.68
2026/4/20 18:21,北一干管理站,0.679
2026/4/20 18:16,北一干管理站,0.678
2026/4/20 18:10,北一干管理站,0.678
2026/4/20 18:05,北一干管理站,0.677
2026/4/20 18:00,北一干管理站,0.679
2026/4/20 17:55,北一干管理站,0.678
2026/4/20 17:50,北一干管理站,0.679
2026/4/20 17:45,北一干管理站,0.679
2026/4/20 17:39,北一干管理站,0.679
2026/4/20 17:34,北一干管理站,0.678
2026/4/20 17:28,北一干管理站,0.68
2026/4/20 17:23,北一干管理站,0.682
2026/4/20 17:17,北一干管理站,0.682
2026/4/20 17:12,北一干管理站,0.68
2026/4/20 17:07,北一干管理站,0.681
2026/4/20 17:01,北一干管理站,0.683
2026/4/20 16:56,北一干管理站,0.683
2026/4/20 16:50,北一干管理站,0.681
2026/4/20 16:45,北一干管理站,0.679
2026/4/20 16:40,北一干管理站,0.682
2026/4/20 16:35,北一干管理站,0.68
2026/4/20 16:30,北一干管理站,0.68
2026/4/20 16:24,北一干管理站,0.683
2026/4/20 16:19,北一干管理站,0.681
2026/4/20 16:13,北一干管理站,0.682
2026/4/20 16:08,北一干管理站,0.682
2026/4/20 16:03,北一干管理站,0.685
2026/4/20 15:57,北一干管理站,0.683
2026/4/20 15:52,北一干管理站,0.685
2026/4/20 15:47,北一干管理站,0.683
2026/4/20 15:42,北一干管理站,0.683
2026/4/20 15:36,北一干管理站,0.685
2026/4/20 15:31,北一干管理站,0.685
2026/4/20 15:26,北一干管理站,0.681
2026/4/20 15:21,北一干管理站,0.682
2026/4/20 15:16,北一干管理站,0.684
2026/4/20 15:10,北一干管理站,0.684
2026/4/20 15:05,北一干管理站,0.685
2026/4/20 15:00,北一干管理站,0.684
2026/4/20 14:55,北一干管理站,0.685
2026/4/20 14:50,北一干管理站,0.686
2026/4/20 14:44,北一干管理站,0.684
2026/4/20 14:39,北一干管理站,0.685
2026/4/20 14:34,北一干管理站,0.685
2026/4/20 14:29,北一干管理站,0.686
2026/4/20 14:23,北一干管理站,0.684
2026/4/20 14:18,北一干管理站,0.685
2026/4/20 14:13,北一干管理站,0.685
2026/4/20 14:08,北一干管理站,0.686
2026/4/20 14:02,北一干管理站,0.686
2026/4/20 13:57,北一干管理站,0.683
2026/4/20 13:52,北一干管理站,0.686
2026/4/20 13:47,北一干管理站,0.686
2026/4/20 13:41,北一干管理站,0.686
2026/4/20 13:36,北一干管理站,0.686
2026/4/20 13:30,北一干管理站,0.684
2026/4/20 13:25,北一干管理站,0.685
2026/4/20 13:19,北一干管理站,0.686
2026/4/20 13:14,北一干管理站,0.686
2026/4/20 13:09,北一干管理站,0.686
2026/4/20 13:04,北一干管理站,0.686
2026/4/20 12:58,北一干管理站,0.694
2026/4/20 12:53,北一干管理站,0.695
2026/4/20 12:48,北一干管理站,0.696
2026/4/20 12:43,北一干管理站,0.695
2026/4/20 12:38,北一干管理站,0.695
2026/4/20 12:32,北一干管理站,0.694
2026/4/20 12:27,北一干管理站,0.697
2026/4/20 12:22,北一干管理站,0.696
2026/4/20 12:17,北一干管理站,0.695
2026/4/20 12:12,北一干管理站,0.693
2026/4/20 12:07,北一干管理站,0.697
2026/4/20 12:01,北一干管理站,0.697
2026/4/20 11:56,北一干管理站,0.697
2026/4/20 11:51,北一干管理站,0.697
2026/4/20 11:45,北一干管理站,0.682
2026/4/20 11:40,北一干管理站,0.675
2026/4/20 11:35,北一干管理站,0.677
2026/4/20 11:30,北一干管理站,0.673
2026/4/20 11:24,北一干管理站,0.674
2026/4/20 11:19,北一干管理站,0.677
2026/4/20 11:14,北一干管理站,0.674
2026/4/20 11:08,北一干管理站,0.677
2026/4/20 11:03,北一干管理站,0.676
2026/4/20 10:58,北一干管理站,0.676
2026/4/20 10:52,北一干管理站,0.677
2026/4/20 10:47,北一干管理站,0.675
2026/4/20 10:42,北一干管理站,0.677
2026/4/20 10:36,北一干管理站,0.677
2026/4/20 10:31,北一干管理站,0.676
2026/4/20 10:26,北一干管理站,0.675
2026/4/20 10:20,北一干管理站,0.676
2026/4/20 10:15,北一干管理站,0.675
2026/4/20 10:10,北一干管理站,0.678
2026/4/20 10:04,北一干管理站,0.678
2026/4/20 9:59,北一干管理站,0.677
2026/4/20 9:54,北一干管理站,0.677
2026/4/20 9:49,北一干管理站,0.677
2026/4/20 9:44,北一干管理站,0.679
2026/4/20 9:38,北一干管理站,0.679
2026/4/20 9:33,北一干管理站,0.678
2026/4/20 9:27,北一干管理站,0.681
2026/4/20 9:22,北一干管理站,0.681
2026/4/20 9:17,北一干管理站,0.682
2026/4/20 9:11,北一干管理站,0.682
2026/4/20 9:06,北一干管理站,0.694
2026/4/20 9:01,北一干管理站,0.698
2026/4/20 8:56,北一干管理站,0.699
2026/4/20 8:50,北一干管理站,0.71
2026/4/20 8:45,北一干管理站,0.711
2026/4/20 8:40,北一干管理站,0.711
2026/4/20 8:34,北一干管理站,0.711
2026/4/20 8:29,北一干管理站,0.708
2026/4/20 8:23,北一干管理站,0.712
2026/4/20 8:18,北一干管理站,0.711
2026/4/20 8:13,北一干管理站,0.71
2026/4/20 8:08,北一干管理站,0.712
2026/4/20 8:03,北一干管理站,0.711
2026/4/20 7:57,北一干管理站,0.714
2026/4/20 7:52,北一干管理站,0.713
2026/4/20 7:46,北一干管理站,0.714
2026/4/20 7:41,北一干管理站,0.712
2026/4/20 7:36,北一干管理站,0.715
2026/4/20 7:30,北一干管理站,0.712
2026/4/20 7:25,北一干管理站,0.712
2026/4/20 7:19,北一干管理站,0.713
2026/4/20 7:14,北一干管理站,0.716
2026/4/20 7:09,北一干管理站,0.715
2026/4/20 7:04,北一干管理站,0.715
2026/4/20 6:59,北一干管理站,0.715
2026/4/20 6:54,北一干管理站,0.715
2026/4/20 6:48,北一干管理站,0.715
2026/4/20 6:43,北一干管理站,0.715
2026/4/20 6:38,北一干管理站,0.715
2026/4/20 6:33,北一干管理站,0.715
2026/4/20 6:28,北一干管理站,0.714
2026/4/20 6:23,北一干管理站,0.715
2026/4/20 6:17,北一干管理站,0.718
2026/4/20 6:12,北一干管理站,0.716
2026/4/20 6:07,北一干管理站,0.715
2026/4/20 6:02,北一干管理站,0.715
2026/4/20 5:56,北一干管理站,0.715
2026/4/20 5:51,北一干管理站,0.713
2026/4/20 5:46,北一干管理站,0.715
2026/4/20 5:40,北一干管理站,0.712
2026/4/20 5:35,北一干管理站,0.716
2026/4/20 5:30,北一干管理站,0.715
2026/4/20 5:24,北一干管理站,0.715
2026/4/20 5:19,北一干管理站,0.715
2026/4/20 5:14,北一干管理站,0.715
2026/4/20 5:08,北一干管理站,0.714
2026/4/20 5:03,北一干管理站,0.716
2026/4/20 4:58,北一干管理站,0.716
2026/4/20 4:53,北一干管理站,0.715
2026/4/20 4:47,北一干管理站,0.715
2026/4/20 4:42,北一干管理站,0.716
2026/4/20 4:37,北一干管理站,0.717
2026/4/20 4:32,北一干管理站,0.715
2026/4/20 4:26,北一干管理站,0.717
2026/4/20 4:21,北一干管理站,0.718
2026/4/20 4:16,北一干管理站,0.717
2026/4/20 4:11,北一干管理站,0.714
2026/4/20 4:05,北一干管理站,0.718
2026/4/20 4:00,北一干管理站,0.716
2026/4/20 3:55,北一干管理站,0.717
2026/4/20 3:50,北一干管理站,0.717
2026/4/20 3:44,北一干管理站,0.716
2026/4/20 3:39,北一干管理站,0.717
2026/4/20 3:34,北一干管理站,0.717
2026/4/20 3:28,北一干管理站,0.716
2026/4/20 3:23,北一干管理站,0.718
2026/4/20 3:18,北一干管理站,0.716
2026/4/20 3:13,北一干管理站,0.717
2026/4/20 3:07,北一干管理站,0.717
2026/4/20 3:02,北一干管理站,0.715
2026/4/20 2:57,北一干管理站,0.717
2026/4/20 2:52,北一干管理站,0.718
2026/4/20 2:46,北一干管理站,0.717
2026/4/20 2:41,北一干管理站,0.718
2026/4/20 2:35,北一干管理站,0.717
2026/4/20 2:30,北一干管理站,0.717
2026/4/20 2:25,北一干管理站,0.717
2026/4/20 2:20,北一干管理站,0.715
2026/4/20 2:15,北一干管理站,0.718
2026/4/20 2:09,北一干管理站,0.715
2026/4/20 2:04,北一干管理站,0.716
2026/4/20 1:59,北一干管理站,0.717
2026/4/20 1:54,北一干管理站,0.716
2026/4/20 1:48,北一干管理站,0.717
2026/4/20 1:43,北一干管理站,0.715
2026/4/20 1:38,北一干管理站,0.717
2026/4/20 1:33,北一干管理站,0.718
2026/4/20 1:27,北一干管理站,0.716
2026/4/20 1:22,北一干管理站,0.717
2026/4/20 1:16,北一干管理站,0.716
2026/4/20 1:11,北一干管理站,0.715
2026/4/20 1:05,北一干管理站,0.715
2026/4/20 1:00,北一干管理站,0.715
2026/4/20 0:55,北一干管理站,0.716
2026/4/20 0:50,北一干管理站,0.714
2026/4/20 0:44,北一干管理站,0.714
2026/4/20 0:39,北一干管理站,0.716
2026/4/20 0:33,北一干管理站,0.715
2026/4/20 0:28,北一干管理站,0.715
2026/4/20 0:23,北一干管理站,0.715
2026/4/20 0:18,北一干管理站,0.714
2026/4/20 0:13,北一干管理站,0.714
2026/4/20 0:08,北一干管理站,0.714
2026/4/20 0:02,北一干管理站,0.712
2026/4/19 23:57,北一干管理站,0.715
2026/4/19 23:52,北一干管理站,0.712
2026/4/19 23:46,北一干管理站,0.714
2026/4/19 23:41,北一干管理站,0.712
2026/4/19 23:36,北一干管理站,0.712
2026/4/19 23:31,北一干管理站,0.713
2026/4/19 23:26,北一干管理站,0.714
2026/4/19 23:20,北一干管理站,0.712
2026/4/19 23:15,北一干管理站,0.713
2026/4/19 23:10,北一干管理站,0.712
2026/4/19 23:02,北一干管理站,0.713
2026/4/19 22:59,北一干管理站,0.712
2026/4/19 22:54,北一干管理站,0.715
2026/4/19 22:49,北一干管理站,0.712
2026/4/19 22:44,北一干管理站,0.712
2026/4/19 22:38,北一干管理站,0.712
2026/4/19 22:33,北一干管理站,0.712
2026/4/19 22:28,北一干管理站,0.712
2026/4/19 22:23,北一干管理站,0.711
2026/4/19 22:17,北一干管理站,0.712
2026/4/19 22:12,北一干管理站,0.713
2026/4/19 22:06,北一干管理站,0.711
2026/4/19 22:01,北一干管理站,0.71
2026/4/19 21:56,北一干管理站,0.712
2026/4/19 21:51,北一干管理站,0.711
2026/4/19 21:45,北一干管理站,0.698
2026/4/19 21:40,北一干管理站,0.699
2026/4/19 21:35,北一干管理站,0.698
2026/4/19 21:29,北一干管理站,0.697
2026/4/19 21:24,北一干管理站,0.699
2026/4/19 21:19,北一干管理站,0.697
2026/4/19 21:14,北一干管理站,0.697
2026/4/19 21:08,北一干管理站,0.694
2026/4/19 21:03,北一干管理站,0.697
2026/4/19 20:58,北一干管理站,0.696
2026/4/19 20:53,北一干管理站,0.696
2026/4/19 20:47,北一干管理站,0.697
2026/4/19 20:42,北一干管理站,0.695
2026/4/19 20:37,北一干管理站,0.696
2026/4/19 20:32,北一干管理站,0.695
2026/4/19 20:27,北一干管理站,0.694
2026/4/19 20:22,北一干管理站,0.696
2026/4/19 20:16,北一干管理站,0.696
2026/4/19 20:11,北一干管理站,0.696
2026/4/19 20:06,北一干管理站,0.694
2026/4/19 20:01,北一干管理站,0.696
2026/4/19 19:56,北一干管理站,0.694
2026/4/19 19:50,北一干管理站,0.697
2026/4/19 19:45,北一干管理站,0.696
2026/4/19 19:40,北一干管理站,0.695
2026/4/19 19:34,北一干管理站,0.695
2026/4/19 19:29,北一干管理站,0.694
2026/4/19 19:23,北一干管理站,0.519
2026/4/19 19:18,北一干管理站,0.78
2026/4/19 19:13,北一干管理站,0.781
2026/4/19 19:07,北一干管理站,0.853
2026/4/19 19:02,北一干管理站,0.853
2026/4/19 18:57,北一干管理站,0.851
2026/4/19 18:51,北一干管理站,0.848
2026/4/19 18:46,北一干管理站,0.847
2026/4/19 18:41,北一干管理站,0.848
2026/4/19 18:36,北一干管理站,0.847
2026/4/19 18:30,北一干管理站,0.758
2026/4/19 18:25,北一干管理站,0.756
2026/4/19 18:20,北一干管理站,0.753
2026/4/19 18:15,北一干管理站,0.758
2026/4/19 18:09,北一干管理站,0.818
2026/4/19 18:04,北一干管理站,0.738
2026/4/19 17:59,北一干管理站,0.804
2026/4/19 17:54,北一干管理站,0.994
2026/4/19 17:48,北一干管理站,1.034
2026/4/19 17:43,北一干管理站,1.035
2026/4/19 17:37,北一干管理站,0.965
2026/4/19 17:32,北一干管理站,0.872
2026/4/19 17:26,北一干管理站,0.872
2026/4/19 17:21,北一干管理站,0.869
2026/4/19 17:16,北一干管理站,0.871
2026/4/19 17:11,北一干管理站,0.872
2026/4/19 17:06,北一干管理站,0.873
2026/4/19 17:00,北一干管理站,0.873
2026/4/19 16:55,北一干管理站,0.873
2026/4/19 16:50,北一干管理站,0.873
2026/4/19 16:44,北一干管理站,0.876
2026/4/19 16:39,北一干管理站,0.872
2026/4/19 16:34,北一干管理站,0.872
2026/4/19 16:28,北一干管理站,0.859
2026/4/19 16:23,北一干管理站,0.851
2026/4/19 16:18,北一干管理站,0.851
2026/4/19 16:13,北一干管理站,0.851
2026/4/19 16:07,北一干管理站,0.855
2026/4/19 16:02,北一干管理站,0.855
2026/4/19 15:57,北一干管理站,0.906
2026/4/19 15:51,北一干管理站,0.9
2026/4/19 15:46,北一干管理站,0.901
2026/4/19 15:40,北一干管理站,0.9
2026/4/19 15:35,北一干管理站,0.898
2026/4/19 15:29,北一干管理站,0.898
2026/4/19 15:24,北一干管理站,0.899
2026/4/19 15:19,北一干管理站,0.902
2026/4/19 15:14,北一干管理站,0.902
2026/4/19 15:08,北一干管理站,0.899
2026/4/19 15:03,北一干管理站,0.901
2026/4/19 14:58,北一干管理站,0.898
2026/4/19 14:52,北一干管理站,0.9
2026/4/19 14:47,北一干管理站,0.854
2026/4/19 14:42,北一干管理站,0.854
2026/4/19 14:36,北一干管理站,0.853
2026/4/19 14:31,北一干管理站,0.834
2026/4/19 14:26,北一干管理站,0.835
2026/4/19 14:20,北一干管理站,0.905
2026/4/19 14:15,北一干管理站,0.896
2026/4/19 14:10,北一干管理站,0.902
2026/4/19 14:04,北一干管理站,0.902
2026/4/19 13:59,北一干管理站,0.906
2026/4/19 13:53,北一干管理站,0.902
2026/4/19 13:48,北一干管理站,0.895
2026/4/19 13:43,北一干管理站,0.899
2026/4/19 13:38,北一干管理站,0.857
2026/4/19 13:32,北一干管理站,0.859
2026/4/19 13:27,北一干管理站,0.858
2026/4/19 13:22,北一干管理站,0.855
2026/4/19 13:17,北一干管理站,0.856
2026/4/19 13:11,北一干管理站,0.858
2026/4/19 13:06,北一干管理站,0.854
2026/4/19 13:01,北一干管理站,0.855
2026/4/19 12:55,北一干管理站,0.855
2026/4/19 12:50,北一干管理站,0.859
2026/4/19 12:45,北一干管理站,0.866
2026/4/19 12:39,北一干管理站,0.874
2026/4/19 12:34,北一干管理站,0.873
2026/4/19 12:29,北一干管理站,0.875
2026/4/19 12:24,北一干管理站,0.873
2026/4/19 12:18,北一干管理站,0.874
2026/4/19 12:13,北一干管理站,0.875
2026/4/19 12:08,北一干管理站,0.877
2026/4/19 12:03,北一干管理站,0.874
2026/4/19 11:58,北一干管理站,0.878
2026/4/19 11:52,北一干管理站,0.879
2026/4/19 11:47,北一干管理站,0.878
2026/4/19 11:42,北一干管理站,0.878
2026/4/19 11:37,北一干管理站,0.877
2026/4/19 11:31,北一干管理站,0.88
2026/4/19 11:26,北一干管理站,0.88
2026/4/19 11:21,北一干管理站,0.875
2026/4/19 11:16,北一干管理站,0.88
2026/4/19 11:10,北一干管理站,0.878
2026/4/19 11:05,北一干管理站,0.879
2026/4/19 11:00,北一干管理站,0.879
2026/4/19 10:55,北一干管理站,0.881
2026/4/19 10:49,北一干管理站,0.882
2026/4/19 10:44,北一干管理站,0.88
2026/4/19 10:39,北一干管理站,0.884
2026/4/19 10:34,北一干管理站,0.884
2026/4/19 10:28,北一干管理站,0.884
2026/4/19 10:23,北一干管理站,0.84
2026/4/19 10:18,北一干管理站,0.837
2026/4/19 10:13,北一干管理站,0.866
2026/4/19 10:08,北一干管理站,1.012
2026/4/19 10:03,北一干管理站,0.884
2026/4/19 9:57,北一干管理站,0.886
2026/4/19 9:52,北一干管理站,0.69
2026/4/19 9:47,北一干管理站,0.735
2026/4/19 9:41,北一干管理站,0.736
2026/4/19 9:36,北一干管理站,0.733
2026/4/19 9:31,北一干管理站,0.732
2026/4/19 9:25,北一干管理站,0.734
2026/4/19 9:20,北一干管理站,0.736
2026/4/19 9:15,北一干管理站,0.734
2026/4/19 9:10,北一干管理站,0.737
2026/4/19 9:04,北一干管理站,0.732
2026/4/19 8:59,北一干管理站,0.736
2026/4/19 8:53,北一干管理站,0.737
2026/4/19 8:48,北一干管理站,0.737
2026/4/19 8:42,北一干管理站,0.737
2026/4/19 8:37,北一干管理站,0.739
2026/4/19 8:32,北一干管理站,0.736
2026/4/19 8:27,北一干管理站,0.737
2026/4/19 8:22,北一干管理站,0.737
2026/4/19 8:17,北一干管理站,0.734
2026/4/19 8:11,北一干管理站,0.737
2026/4/19 8:06,北一干管理站,0.737
2026/4/19 8:01,北一干管理站,0.736
2026/4/19 7:56,北一干管理站,0.738
2026/4/19 7:51,北一干管理站,0.738
2026/4/19 7:45,北一干管理站,0.731
2026/4/19 7:40,北一干管理站,0.729
2026/4/19 7:35,北一干管理站,0.695
2026/4/19 7:30,北一干管理站,0.693
2026/4/19 7:25,北一干管理站,0.695
2026/4/19 7:19,北一干管理站,0.69
2026/4/19 7:14,北一干管理站,0.681
2026/4/19 7:08,北一干管理站,0.683
2026/4/19 7:03,北一干管理站,0.68
2026/4/19 6:58,北一干管理站,0.618
2026/4/19 6:53,北一干管理站,0.618
2026/4/19 6:47,北一干管理站,0.619
2026/4/19 6:42,北一干管理站,0.62
2026/4/19 6:37,北一干管理站,0.619
2026/4/19 6:32,北一干管理站,0.617
2026/4/19 6:27,北一干管理站,0.62
2026/4/19 6:21,北一干管理站,0.62
2026/4/19 6:16,北一干管理站,0.619
2026/4/19 6:11,北一干管理站,0.617
2026/4/19 6:06,北一干管理站,0.617
2026/4/19 6:01,北一干管理站,0.619
2026/4/19 5:55,北一干管理站,0.619
2026/4/19 5:50,北一干管理站,0.62
2026/4/19 5:45,北一干管理站,0.617
2026/4/19 5:39,北一干管理站,0.617
2026/4/19 5:34,北一干管理站,0.617
2026/4/19 5:29,北一干管理站,0.618
2026/4/19 5:23,北一干管理站,0.618
2026/4/19 5:18,北一干管理站,0.617
2026/4/19 5:13,北一干管理站,0.617
2026/4/19 5:07,北一干管理站,0.617
2026/4/19 5:02,北一干管理站,0.62
2026/4/19 4:57,北一干管理站,0.616
2026/4/19 4:52,北一干管理站,0.617
2026/4/19 4:47,北一干管理站,0.618
2026/4/19 4:41,北一干管理站,0.617
2026/4/19 4:36,北一干管理站,0.617
2026/4/19 4:31,北一干管理站,0.617
2026/4/19 4:25,北一干管理站,0.618
2026/4/19 4:20,北一干管理站,0.617
2026/4/19 4:14,北一干管理站,0.619
2026/4/19 4:09,北一干管理站,0.619
2026/4/19 4:04,北一干管理站,0.617
2026/4/19 3:58,北一干管理站,0.617
2026/4/19 3:53,北一干管理站,0.617
2026/4/19 3:48,北一干管理站,0.618
2026/4/19 3:43,北一干管理站,0.618
2026/4/19 3:38,北一干管理站,0.616
2026/4/19 3:33,北一干管理站,0.617
2026/4/19 3:27,北一干管理站,0.617
2026/4/19 3:22,北一干管理站,0.616
2026/4/19 3:17,北一干管理站,0.617
2026/4/19 3:11,北一干管理站,0.617
2026/4/19 3:06,北一干管理站,0.617
2026/4/19 3:01,北一干管理站,0.617
2026/4/19 2:56,北一干管理站,0.617
2026/4/19 2:50,北一干管理站,0.617
2026/4/19 2:45,北一干管理站,0.618
2026/4/19 2:40,北一干管理站,0.617
2026/4/19 2:34,北一干管理站,0.617
2026/4/19 2:29,北一干管理站,0.617
2026/4/19 2:24,北一干管理站,0.617
2026/4/19 2:18,北一干管理站,0.617
2026/4/19 2:13,北一干管理站,0.617
2026/4/19 2:08,北一干管理站,0.617
2026/4/19 2:03,北一干管理站,0.617
2026/4/19 1:57,北一干管理站,0.617
2026/4/19 1:52,北一干管理站,0.617
2026/4/19 1:47,北一干管理站,0.617
2026/4/19 1:41,北一干管理站,0.616
2026/4/19 1:36,北一干管理站,0.617
2026/4/19 1:31,北一干管理站,0.616
2026/4/19 1:25,北一干管理站,0.618
2026/4/19 1:20,北一干管理站,0.617
2026/4/19 1:15,北一干管理站,0.616
2026/4/19 1:10,北一干管理站,0.615
2026/4/19 1:05,北一干管理站,0.616
2026/4/19 0:59,北一干管理站,0.616
2026/4/19 0:54,北一干管理站,0.616
2026/4/19 0:49,北一干管理站,0.617
2026/4/19 0:44,北一干管理站,0.616
2026/4/19 0:39,北一干管理站,0.617
2026/4/19 0:33,北一干管理站,0.615
2026/4/19 0:28,北一干管理站,0.617
2026/4/19 0:23,北一干管理站,0.613
2026/4/19 0:18,北一干管理站,0.616
2026/4/19 0:13,北一干管理站,0.616
2026/4/19 0:07,北一干管理站,0.616
2026/4/19 0:02,北一干管理站,0.613
2026/4/18 23:57,北一干管理站,0.616
2026/4/18 23:51,北一干管理站,0.614
2026/4/18 23:46,北一干管理站,0.613
2026/4/18 23:41,北一干管理站,0.619
2026/4/18 23:35,北一干管理站,0.617
2026/4/18 23:30,北一干管理站,0.619
2026/4/18 23:25,北一干管理站,0.617
2026/4/18 23:20,北一干管理站,0.618
2026/4/18 23:15,北一干管理站,0.618
2026/4/18 23:09,北一干管理站,0.617
2026/4/18 23:04,北一干管理站,0.617
2026/4/18 22:59,北一干管理站,0.616
2026/4/18 22:54,北一干管理站,0.618
2026/4/18 22:48,北一干管理站,0.619
2026/4/18 22:43,北一干管理站,0.617
2026/4/18 22:38,北一干管理站,0.616
2026/4/18 22:33,北一干管理站,0.617
2026/4/18 22:28,北一干管理站,0.615
2026/4/18 22:22,北一干管理站,0.615
2026/4/18 22:17,北一干管理站,0.619
2026/4/18 22:11,北一干管理站,0.617
2026/4/18 22:06,北一干管理站,0.617
2026/4/18 22:01,北一干管理站,0.617
2026/4/18 21:56,北一干管理站,0.617
2026/4/18 21:50,北一干管理站,0.616
2026/4/18 21:45,北一干管理站,0.615
2026/4/18 21:39,北一干管理站,0.615
2026/4/18 21:34,北一干管理站,0.614
2026/4/18 21:29,北一干管理站,0.614
2026/4/18 21:23,北一干管理站,0.615
2026/4/18 21:18,北一干管理站,0.613
2026/4/18 21:12,北一干管理站,0.611
2026/4/18 21:07,北一干管理站,0.61
2026/4/18 21:02,北一干管理站,0.614
2026/4/18 20:57,北一干管理站,0.612
2026/4/18 20:51,北一干管理站,0.611
2026/4/18 20:46,北一干管理站,0.613
2026/4/18 20:41,北一干管理站,0.611
2026/4/18 20:36,北一干管理站,0.612
2026/4/18 20:30,北一干管理站,0.611
2026/4/18 20:25,北一干管理站,0.612
2026/4/18 20:20,北一干管理站,0.603
2026/4/18 20:15,北一干管理站,0.602
2026/4/18 20:09,北一干管理站,0.602
2026/4/18 20:04,北一干管理站,0.602
2026/4/18 19:58,北一干管理站,0.602
2026/4/18 19:53,北一干管理站,0.603
2026/4/18 19:48,北一干管理站,0.602
2026/4/18 19:42,北一干管理站,0.602
2026/4/18 19:37,北一干管理站,0.6
2026/4/18 19:32,北一干管理站,0.602
2026/4/18 19:27,北一干管理站,0.602
2026/4/18 19:22,北一干管理站,0.602
2026/4/18 19:17,北一干管理站,0.602
2026/4/18 19:12,北一干管理站,0.602
2026/4/18 19:07,北一干管理站,0.602
2026/4/18 19:01,北一干管理站,0.6
2026/4/18 18:56,北一干管理站,0.599
2026/4/18 18:51,北一干管理站,0.601
2026/4/18 18:46,北一干管理站,0.598
2026/4/18 18:41,北一干管理站,0.601
2026/4/18 18:36,北一干管理站,0.602
2026/4/18 18:30,北一干管理站,0.601
2026/4/18 18:25,北一干管理站,0.601
2026/4/18 18:20,北一干管理站,0.6
2026/4/18 18:14,北一干管理站,0.599
2026/4/18 18:09,北一干管理站,0.6
2026/4/18 18:04,北一干管理站,0.6
2026/4/18 17:59,北一干管理站,0.602
2026/4/18 17:53,北一干管理站,0.599
2026/4/18 17:48,北一干管理站,0.6
2026/4/18 17:43,北一干管理站,0.598
2026/4/18 17:38,北一干管理站,0.599
2026/4/18 17:32,北一干管理站,0.598
2026/4/18 17:27,北一干管理站,0.601
2026/4/18 17:22,北一干管理站,0.598
2026/4/18 17:17,北一干管理站,0.596
2026/4/18 17:11,北一干管理站,0.598
2026/4/18 17:06,北一干管理站,0.598
2026/4/18 17:00,北一干管理站,0.601
2026/4/18 16:55,北一干管理站,0.59
2026/4/18 16:50,北一干管理站,0.592
2026/4/18 16:44,北一干管理站,0.591
2026/4/18 16:39,北一干管理站,0.593
2026/4/18 16:34,北一干管理站,0.592
2026/4/18 16:29,北一干管理站,0.591
2026/4/18 16:24,北一干管理站,0.595
2026/4/18 16:19,北一干管理站,0.594
2026/4/18 16:13,北一干管理站,0.598
2026/4/18 16:08,北一干管理站,0.598
2026/4/18 16:03,北一干管理站,0.602
2026/4/18 15:58,北一干管理站,0.609
2026/4/18 15:53,北一干管理站,0.606
2026/4/18 15:47,北一干管理站,0.616
2026/4/18 15:42,北一干管理站,0.555
2026/4/18 15:37,北一干管理站,0.56
2026/4/18 15:32,北一干管理站,0.558
2026/4/18 15:26,北一干管理站,0.562
2026/4/18 15:21,北一干管理站,0.631
2026/4/18 15:16,北一干管理站,0.631
2026/4/18 15:11,北一干管理站,0.654
2026/4/18 15:05,北一干管理站,0.653
2026/4/18 15:00,北一干管理站,0.653
2026/4/18 14:55,北一干管理站,0.65
2026/4/18 14:49,北一干管理站,0.651
2026/4/18 14:44,北一干管理站,0.649
2026/4/18 14:39,北一干管理站,0.65
2026/4/18 14:34,北一干管理站,0.649
2026/4/18 14:29,北一干管理站,0.65
2026/4/18 14:24,北一干管理站,0.653
2026/4/18 14:18,北一干管理站,0.65
2026/4/18 14:13,北一干管理站,0.65
2026/4/18 14:08,北一干管理站,0.65
2026/4/18 14:02,北一干管理站,0.649
2026/4/18 13:57,北一干管理站,0.649
2026/4/18 13:52,北一干管理站,0.65
2026/4/18 13:47,北一干管理站,0.65
2026/4/18 13:42,北一干管理站,0.65
2026/4/18 13:37,北一干管理站,0.651
2026/4/18 13:32,北一干管理站,0.65
2026/4/18 13:26,北一干管理站,0.65
2026/4/18 13:21,北一干管理站,0.633
2026/4/18 13:16,北一干管理站,0.635
2026/4/18 13:10,北一干管理站,0.634
2026/4/18 13:05,北一干管理站,0.632
2026/4/18 13:00,北一干管理站,0.636
2026/4/18 12:55,北一干管理站,0.634
2026/4/18 12:49,北一干管理站,0.634
2026/4/18 12:44,北一干管理站,0.634
2026/4/18 12:39,北一干管理站,0.636
2026/4/18 12:34,北一干管理站,0.636
2026/4/18 12:28,北一干管理站,0.635
2026/4/18 12:23,北一干管理站,0.635
2026/4/18 12:18,北一干管理站,0.637
2026/4/18 12:12,北一干管理站,0.638
2026/4/18 12:07,北一干管理站,0.637
2026/4/18 12:02,北一干管理站,0.636
2026/4/18 11:57,北一干管理站,0.638
2026/4/18 11:52,北一干管理站,0.641
2026/4/18 11:47,北一干管理站,0.64
2026/4/18 11:41,北一干管理站,0.64
2026/4/18 11:36,北一干管理站,0.642
2026/4/18 11:31,北一干管理站,0.641
2026/4/18 11:26,北一干管理站,0.643
2026/4/18 11:20,北一干管理站,0.64
2026/4/18 11:15,北一干管理站,0.639
2026/4/18 11:10,北一干管理站,0.639
2026/4/18 11:04,北一干管理站,0.64
2026/4/18 10:59,北一干管理站,0.643
2026/4/18 10:54,北一干管理站,0.642
2026/4/18 10:48,北一干管理站,0.642
2026/4/18 10:43,北一干管理站,0.642
2026/4/18 10:38,北一干管理站,0.641
2026/4/18 10:32,北一干管理站,0.642
2026/4/18 10:27,北一干管理站,0.642
2026/4/18 10:22,北一干管理站,0.642
2026/4/18 10:17,北一干管理站,0.643
2026/4/18 10:12,北一干管理站,0.645
2026/4/18 10:06,北一干管理站,0.644
2026/4/18 10:01,北一干管理站,0.642
2026/4/18 9:56,北一干管理站,0.644
2026/4/18 9:51,北一干管理站,0.644
2026/4/18 9:45,北一干管理站,0.644
2026/4/18 9:40,北一干管理站,0.645
2026/4/18 9:34,北一干管理站,0.644
2026/4/18 9:29,北一干管理站,0.645
2026/4/18 9:23,北一干管理站,0.645
2026/4/18 9:18,北一干管理站,0.644
2026/4/18 9:13,北一干管理站,0.643
2026/4/18 9:08,北一干管理站,0.642
2026/4/18 9:03,北一干管理站,0.642
2026/4/18 8:58,北一干管理站,0.642
2026/4/18 8:53,北一干管理站,0.643
2026/4/18 8:47,北一干管理站,0.644
2026/4/18 8:42,北一干管理站,0.641
2026/4/18 8:37,北一干管理站,0.642
2026/4/18 8:32,北一干管理站,0.644
2026/4/18 8:26,北一干管理站,0.644
2026/4/18 8:21,北一干管理站,0.644
2026/4/18 8:15,北一干管理站,0.646
2026/4/18 8:10,北一干管理站,0.643
2026/4/18 8:05,北一干管理站,0.643
2026/4/18 8:00,北一干管理站,0.644
2026/4/18 7:55,北一干管理站,0.644
2026/4/18 7:49,北一干管理站,0.646
2026/4/18 7:44,北一干管理站,0.646
2026/4/18 7:38,北一干管理站,0.644
2026/4/18 7:33,北一干管理站,0.644
2026/4/18 7:28,北一干管理站,0.644
2026/4/18 7:23,北一干管理站,0.644
2026/4/18 7:18,北一干管理站,0.646
2026/4/18 7:13,北一干管理站,0.646
2026/4/18 7:08,北一干管理站,0.646
2026/4/18 7:03,北一干管理站,0.646
2026/4/18 6:57,北一干管理站,0.647
2026/4/18 6:52,北一干管理站,0.646
2026/4/18 6:47,北一干管理站,0.645
2026/4/18 6:42,北一干管理站,0.646
2026/4/18 6:36,北一干管理站,0.646
2026/4/18 6:31,北一干管理站,0.647
2026/4/18 6:25,北一干管理站,0.647
2026/4/18 6:20,北一干管理站,0.649
2026/4/18 6:15,北一干管理站,0.648
2026/4/18 6:10,北一干管理站,0.647
2026/4/18 6:04,北一干管理站,0.65
2026/4/18 5:59,北一干管理站,0.649
2026/4/18 5:53,北一干管理站,0.649
2026/4/18 5:48,北一干管理站,0.65
2026/4/18 5:43,北一干管理站,0.65
2026/4/18 5:37,北一干管理站,0.65
2026/4/18 5:32,北一干管理站,0.65
2026/4/18 5:27,北一干管理站,0.651
2026/4/18 5:21,北一干管理站,0.65
2026/4/18 5:16,北一干管理站,0.651
2026/4/18 5:10,北一干管理站,0.651
2026/4/18 5:05,北一干管理站,0.65
2026/4/18 5:00,北一干管理站,0.652
2026/4/18 4:54,北一干管理站,0.652
2026/4/18 4:49,北一干管理站,0.65
2026/4/18 4:44,北一干管理站,0.652
2026/4/18 4:38,北一干管理站,0.653
2026/4/18 4:33,北一干管理站,0.657
2026/4/18 4:28,北一干管理站,0.635
2026/4/18 4:22,北一干管理站,0.636
2026/4/18 4:17,北一干管理站,0.635
2026/4/18 4:11,北一干管理站,0.634
2026/4/18 4:06,北一干管理站,0.634
2026/4/18 4:01,北一干管理站,0.635
2026/4/18 3:55,北一干管理站,0.642
2026/4/18 3:50,北一干管理站,0.686
2026/4/18 3:45,北一干管理站,0.685
2026/4/18 3:39,北一干管理站,0.697
2026/4/18 3:34,北一干管理站,0.697
2026/4/18 3:29,北一干管理站,0.698
2026/4/18 3:24,北一干管理站,0.701
2026/4/18 3:18,北一干管理站,0.698
2026/4/18 3:13,北一干管理站,0.698
2026/4/18 3:08,北一干管理站,0.699
2026/4/18 3:02,北一干管理站,0.7
2026/4/18 2:57,北一干管理站,0.698
2026/4/18 2:52,北一干管理站,0.698
2026/4/18 2:47,北一干管理站,0.697
2026/4/18 2:42,北一干管理站,0.697
2026/4/18 2:36,北一干管理站,0.697
2026/4/18 2:31,北一干管理站,0.699
2026/4/18 2:25,北一干管理站,0.7
2026/4/18 2:20,北一干管理站,0.698
2026/4/18 2:15,北一干管理站,0.698
2026/4/18 2:10,北一干管理站,0.7
2026/4/18 2:04,北一干管理站,0.698
2026/4/18 1:59,北一干管理站,0.698
2026/4/18 1:54,北一干管理站,0.698
2026/4/18 1:48,北一干管理站,0.697
2026/4/18 1:43,北一干管理站,0.699
2026/4/18 1:38,北一干管理站,0.697
2026/4/18 1:32,北一干管理站,0.694
2026/4/18 1:27,北一干管理站,0.696
2026/4/18 1:22,北一干管理站,0.694
2026/4/18 1:17,北一干管理站,0.694
2026/4/18 1:12,北一干管理站,0.697
2026/4/18 1:02,北一干管理站,0.697
2026/4/18 1:01,北一干管理站,0.697
2026/4/18 0:55,北一干管理站,0.7
2026/4/18 0:50,北一干管理站,0.694
2026/4/18 0:44,北一干管理站,0.696
2026/4/18 0:39,北一干管理站,0.697
2026/4/18 0:34,北一干管理站,0.698
2026/4/18 0:28,北一干管理站,0.697
2026/4/18 0:23,北一干管理站,0.698
2026/4/18 0:18,北一干管理站,0.697
2026/4/18 0:13,北一干管理站,0.697
2026/4/18 0:08,北一干管理站,0.697
2026/4/18 0:02,北一干管理站,0.696
2026/4/17 23:57,北一干管理站,0.697
2026/4/17 23:51,北一干管理站,0.697
2026/4/17 23:46,北一干管理站,0.698
2026/4/17 23:41,北一干管理站,0.697
2026/4/17 23:35,北一干管理站,0.697
2026/4/17 23:30,北一干管理站,0.696
2026/4/17 23:25,北一干管理站,0.697
2026/4/17 23:20,北一干管理站,0.697
2026/4/17 23:14,北一干管理站,0.696
2026/4/17 23:09,北一干管理站,0.698
2026/4/17 23:02,北一干管理站,0.696
2026/4/17 22:58,北一干管理站,0.697
2026/4/17 22:53,北一干管理站,0.697
2026/4/17 22:48,北一干管理站,0.697
2026/4/17 22:43,北一干管理站,0.701
2026/4/17 22:37,北一干管理站,0.698
2026/4/17 22:32,北一干管理站,0.699
2026/4/17 22:27,北一干管理站,0.699
2026/4/17 22:22,北一干管理站,0.704
2026/4/17 22:16,北一干管理站,0.703
2026/4/17 22:11,北一干管理站,0.704
2026/4/17 22:05,北一干管理站,0.704
2026/4/17 22:00,北一干管理站,0.702
2026/4/17 21:54,北一干管理站,0.701
2026/4/17 21:49,北一干管理站,0.702
2026/4/17 21:44,北一干管理站,0.705
2026/4/17 21:38,北一干管理站,0.702
2026/4/17 21:33,北一干管理站,0.705
2026/4/17 21:28,北一干管理站,0.702
2026/4/17 21:23,北一干管理站,0.701
2026/4/17 21:17,北一干管理站,0.702
2026/4/17 21:12,北一干管理站,0.704
2026/4/17 21:07,北一干管理站,0.702
2026/4/17 21:02,北一干管理站,0.701
2026/4/17 20:57,北一干管理站,0.701
2026/4/17 20:52,北一干管理站,0.702
2026/4/17 20:46,北一干管理站,0.702
2026/4/17 20:41,北一干管理站,0.701
2026/4/17 20:36,北一干管理站,0.703
2026/4/17 20:31,北一干管理站,0.701
2026/4/17 20:26,北一干管理站,0.702
2026/4/17 20:21,北一干管理站,0.699
2026/4/17 20:16,北一干管理站,0.698
2026/4/17 20:10,北一干管理站,0.698
2026/4/17 20:05,北一干管理站,0.699
2026/4/17 20:00,北一干管理站,0.697
2026/4/17 19:55,北一干管理站,0.698
2026/4/17 19:50,北一干管理站,0.697
2026/4/17 19:45,北一干管理站,0.699
2026/4/17 19:39,北一干管理站,0.697
2026/4/17 19:34,北一干管理站,0.697
2026/4/17 19:28,北一干管理站,0.697
2026/4/17 19:23,北一干管理站,0.697
2026/4/17 19:18,北一干管理站,0.694
2026/4/17 19:12,北一干管理站,0.694
2026/4/17 19:07,北一干管理站,0.694
2026/4/17 19:01,北一干管理站,0.697
2026/4/17 18:56,北一干管理站,0.696
2026/4/17 18:51,北一干管理站,0.696
2026/4/17 18:45,北一干管理站,0.697
2026/4/17 18:40,北一干管理站,0.697
2026/4/17 18:35,北一干管理站,0.695
2026/4/17 18:30,北一干管理站,0.697
2026/4/17 18:24,北一干管理站,0.698
2026/4/17 18:19,北一干管理站,0.696
2026/4/17 18:14,北一干管理站,0.697
2026/4/17 18:09,北一干管理站,0.695
2026/4/17 18:03,北一干管理站,0.697
2026/4/17 17:58,北一干管理站,0.697
2026/4/17 17:53,北一干管理站,0.695
2026/4/17 17:47,北一干管理站,0.695
2026/4/17 17:42,北一干管理站,0.695
2026/4/17 17:37,北一干管理站,0.695
2026/4/17 17:32,北一干管理站,0.695
2026/4/17 17:26,北一干管理站,0.688
2026/4/17 17:21,北一干管理站,0.685
2026/4/17 17:15,北一干管理站,0.683
2026/4/17 17:10,北一干管理站,0.685
2026/4/17 17:05,北一干管理站,0.684
2026/4/17 17:00,北一干管理站,0.685
2026/4/17 16:55,北一干管理站,0.684
2026/4/17 16:49,北一干管理站,0.684
2026/4/17 16:44,北一干管理站,0.685
2026/4/17 16:39,北一干管理站,0.685
2026/4/17 16:34,北一干管理站,0.683
2026/4/17 16:28,北一干管理站,0.685
2026/4/17 16:23,北一干管理站,0.683
2026/4/17 16:17,北一干管理站,0.683
2026/4/17 16:12,北一干管理站,0.685
2026/4/17 16:06,北一干管理站,0.684
2026/4/17 16:01,北一干管理站,0.683
2026/4/17 15:56,北一干管理站,0.684
2026/4/17 15:51,北一干管理站,0.683
2026/4/17 15:46,北一干管理站,0.683
2026/4/17 15:41,北一干管理站,0.682
2026/4/17 15:36,北一干管理站,0.701
2026/4/17 15:30,北一干管理站,0.701
2026/4/17 15:25,北一干管理站,0.702
2026/4/17 15:20,北一干管理站,0.702
2026/4/17 15:14,北一干管理站,0.701
2026/4/17 15:09,北一干管理站,0.704
2026/4/17 15:04,北一干管理站,0.693
2026/4/17 14:59,北一干管理站,0.675
2026/4/17 14:53,北一干管理站,0.608
2026/4/17 14:48,北一干管理站,0.642
2026/4/17 14:43,北一干管理站,0.637
2026/4/17 14:38,北一干管理站,0.627
2026/4/17 14:33,北一干管理站,0.628
2026/4/17 14:27,北一干管理站,0.628
2026/4/17 14:22,北一干管理站,0.624
2026/4/17 14:17,北一干管理站,0.624
2026/4/17 14:11,北一干管理站,0.624
2026/4/17 14:06,北一干管理站,0.623
2026/4/17 14:00,北一干管理站,0.624
2026/4/17 13:55,北一干管理站,0.623
2026/4/17 13:50,北一干管理站,0.622
2026/4/17 13:45,北一干管理站,0.622
2026/4/17 13:39,北一干管理站,0.618
2026/4/17 13:34,北一干管理站,0.62
2026/4/17 13:29,北一干管理站,0.617
2026/4/17 13:24,北一干管理站,0.612
2026/4/17 13:19,北一干管理站,0.65
2026/4/17 13:13,北一干管理站,0.65
2026/4/17 13:08,北一干管理站,0.65
2026/4/17 13:03,北一干管理站,0.65
2026/4/17 12:57,北一干管理站,0.65
2026/4/17 12:52,北一干管理站,0.652
2026/4/17 12:46,北一干管理站,0.652
2026/4/17 12:41,北一干管理站,0.651
2026/4/17 12:35,北一干管理站,0.651
2026/4/17 12:30,北一干管理站,0.65
2026/4/17 12:25,北一干管理站,0.65
2026/4/17 12:19,北一干管理站,0.65
2026/4/17 12:14,北一干管理站,0.65
2026/4/17 12:09,北一干管理站,0.65
2026/4/17 12:04,北一干管理站,0.648
2026/4/17 11:59,北一干管理站,0.65
2026/4/17 11:54,北一干管理站,0.653
2026/4/17 11:49,北一干管理站,0.653
2026/4/17 11:43,北一干管理站,0.654
2026/4/17 11:38,北一干管理站,0.651
2026/4/17 11:33,北一干管理站,0.65
2026/4/17 11:28,北一干管理站,0.65
2026/4/17 11:22,北一干管理站,0.65
2026/4/17 11:17,北一干管理站,0.65
2026/4/17 11:12,北一干管理站,0.655
2026/4/17 11:06,北一干管理站,0.651
2026/4/17 11:01,北一干管理站,0.625
2026/4/17 10:55,北一干管理站,0.603
2026/4/17 10:50,北一干管理站,0.39
2026/4/17 10:45,北一干管理站,0.468
2026/4/17 10:39,北一干管理站,0.683
2026/4/17 10:34,北一干管理站,0.684
2026/4/17 10:29,北一干管理站,0.69
2026/4/17 10:23,北一干管理站,0.688
2026/4/17 10:18,北一干管理站,0.475
2026/4/17 10:12,北一干管理站,0.539
2026/4/17 10:07,北一干管理站,0.641
2026/4/17 10:02,北一干管理站,0.64
2026/4/17 9:56,北一干管理站,0.799
2026/4/17 9:51,北一干管理站,0.731
2026/4/17 9:45,北一干管理站,0.73
2026/4/17 9:40,北一干管理站,0.732
2026/4/17 9:34,北一干管理站,0.73
2026/4/17 9:29,北一干管理站,0.731
2026/4/17 9:24,北一干管理站,0.73
2026/4/17 9:19,北一干管理站,0.732
2026/4/17 9:14,北一干管理站,0.731
2026/4/17 9:08,北一干管理站,0.732
2026/4/17 9:03,北一干管理站,0.73
2026/4/17 8:58,北一干管理站,0.731
2026/4/17 8:53,北一干管理站,0.731
2026/4/17 8:48,北一干管理站,0.723
2026/4/17 8:42,北一干管理站,0.692
2026/4/17 8:37,北一干管理站,0.683
2026/4/17 8:32,北一干管理站,0.676
2026/4/17 8:27,北一干管理站,0.674
2026/4/17 8:21,北一干管理站,0.692
2026/4/17 8:16,北一干管理站,0.676
2026/4/17 8:11,北一干管理站,0.659
2026/4/17 8:05,北一干管理站,0.659
2026/4/17 8:00,北一干管理站,0.622
2026/4/17 7:55,北一干管理站,0.621
2026/4/17 7:49,北一干管理站,0.622
2026/4/17 7:44,北一干管理站,0.621
2026/4/17 7:39,北一干管理站,0.62
2026/4/17 7:33,北一干管理站,0.623
2026/4/17 7:28,北一干管理站,0.622
2026/4/17 7:23,北一干管理站,0.62
2026/4/17 7:18,北一干管理站,0.623
2026/4/17 7:12,北一干管理站,0.621
2026/4/17 7:07,北一干管理站,0.621
2026/4/17 7:02,北一干管理站,0.622
2026/4/17 6:57,北一干管理站,0.62
2026/4/17 6:52,北一干管理站,0.621
2026/4/17 6:46,北一干管理站,0.621
2026/4/17 6:41,北一干管理站,0.62
2026/4/17 6:36,北一干管理站,0.621
2026/4/17 6:31,北一干管理站,0.62
2026/4/17 6:25,北一干管理站,0.621
2026/4/17 6:20,北一干管理站,0.621
2026/4/17 6:15,北一干管理站,0.619
2026/4/17 6:09,北一干管理站,0.622
2026/4/17 6:04,北一干管理站,0.62
2026/4/17 5:59,北一干管理站,0.619
2026/4/17 5:54,北一干管理站,0.619
2026/4/17 5:48,北一干管理站,0.62
2026/4/17 5:43,北一干管理站,0.617
2026/4/17 5:37,北一干管理站,0.618
2026/4/17 5:32,北一干管理站,0.62
2026/4/17 5:27,北一干管理站,0.623
2026/4/17 5:21,北一干管理站,0.624
2026/4/17 5:16,北一干管理站,0.62
2026/4/17 5:10,北一干管理站,0.622
2026/4/17 5:05,北一干管理站,0.622
2026/4/17 5:00,北一干管理站,0.622
2026/4/17 4:54,北一干管理站,0.623
2026/4/17 4:49,北一干管理站,0.622
2026/4/17 4:44,北一干管理站,0.62
2026/4/17 4:39,北一干管理站,0.62
2026/4/17 4:34,北一干管理站,0.622
2026/4/17 4:28,北一干管理站,0.62
2026/4/17 4:23,北一干管理站,0.621
2026/4/17 4:18,北一干管理站,0.62
2026/4/17 4:13,北一干管理站,0.62
2026/4/17 4:07,北一干管理站,0.62
2026/4/17 4:02,北一干管理站,0.619
2026/4/17 3:56,北一干管理站,0.62
2026/4/17 3:51,北一干管理站,0.62
2026/4/17 3:46,北一干管理站,0.621
2026/4/17 3:41,北一干管理站,0.62
2026/4/17 3:36,北一干管理站,0.619
2026/4/17 3:31,北一干管理站,0.623
2026/4/17 3:25,北一干管理站,0.622
2026/4/17 3:20,北一干管理站,0.62
2026/4/17 3:15,北一干管理站,0.621
2026/4/17 3:09,北一干管理站,0.62
2026/4/17 3:04,北一干管理站,0.623
2026/4/17 2:59,北一干管理站,0.62
2026/4/17 2:53,北一干管理站,0.62
2026/4/17 2:48,北一干管理站,0.621
2026/4/17 2:43,北一干管理站,0.622
2026/4/17 2:37,北一干管理站,0.62
2026/4/17 2:32,北一干管理站,0.624
2026/4/17 2:27,北一干管理站,0.624
2026/4/17 2:22,北一干管理站,0.624
2026/4/17 2:16,北一干管理站,0.624
2026/4/17 2:11,北一干管理站,0.624
2026/4/17 2:06,北一干管理站,0.624
2026/4/17 2:00,北一干管理站,0.623
2026/4/17 1:55,北一干管理站,0.624
2026/4/17 1:50,北一干管理站,0.624
2026/4/17 1:45,北一干管理站,0.625
2026/4/17 1:39,北一干管理站,0.624
2026/4/17 1:34,北一干管理站,0.624
2026/4/17 1:29,北一干管理站,0.624
2026/4/17 1:24,北一干管理站,0.624
2026/4/17 1:19,北一干管理站,0.625
2026/4/17 1:13,北一干管理站,0.625
2026/4/17 1:08,北一干管理站,0.624
2026/4/17 1:03,北一干管理站,0.624
2026/4/17 0:58,北一干管理站,0.624
2026/4/17 0:53,北一干管理站,0.624
2026/4/17 0:47,北一干管理站,0.624
2026/4/17 0:42,北一干管理站,0.624
2026/4/17 0:37,北一干管理站,0.625
2026/4/17 0:32,北一干管理站,0.624
2026/4/17 0:26,北一干管理站,0.626
2026/4/17 0:21,北一干管理站,0.625
2026/4/17 0:16,北一干管理站,0.626
2026/4/17 0:11,北一干管理站,0.627
2026/4/17 0:05,北一干管理站,0.624
2026/4/17 0:00,北一干管理站,0.627
2026/4/16 23:55,北一干管理站,0.628
2026/4/16 23:49,北一干管理站,0.626
2026/4/16 23:44,北一干管理站,0.625
2026/4/16 23:39,北一干管理站,0.628
2026/4/16 23:34,北一干管理站,0.627
2026/4/16 23:29,北一干管理站,0.628
2026/4/16 23:23,北一干管理站,0.627
2026/4/16 23:18,北一干管理站,0.629
2026/4/16 23:13,北一干管理站,0.628
2026/4/16 23:08,北一干管理站,0.627
2026/4/16 23:02,北一干管理站,0.628
2026/4/16 22:57,北一干管理站,0.63
2026/4/16 22:52,北一干管理站,0.629
2026/4/16 22:47,北一干管理站,0.631
2026/4/16 22:42,北一干管理站,0.63
2026/4/16 22:37,北一干管理站,0.631
2026/4/16 22:31,北一干管理站,0.631
2026/4/16 22:26,北一干管理站,0.63
2026/4/16 22:21,北一干管理站,0.63
2026/4/16 22:16,北一干管理站,0.631
2026/4/16 22:10,北一干管理站,0.629
2026/4/16 22:05,北一干管理站,0.634
2026/4/16 22:00,北一干管理站,0.631
2026/4/16 21:55,北一干管理站,0.63
2026/4/16 21:50,北一干管理站,0.63
2026/4/16 21:44,北一干管理站,0.63
2026/4/16 21:39,北一干管理站,0.631
2026/4/16 21:34,北一干管理站,0.63
2026/4/16 21:28,北一干管理站,0.629
2026/4/16 21:23,北一干管理站,0.631
2026/4/16 21:18,北一干管理站,0.631
2026/4/16 21:12,北一干管理站,0.631
2026/4/16 21:07,北一干管理站,0.631
2026/4/16 21:02,北一干管理站,0.63
2026/4/16 20:57,北一干管理站,0.631
2026/4/16 20:51,北一干管理站,0.629
2026/4/16 20:46,北一干管理站,0.63
2026/4/16 20:40,北一干管理站,0.631
2026/4/16 20:35,北一干管理站,0.631
2026/4/16 20:30,北一干管理站,0.633
2026/4/16 20:24,北一干管理站,0.63
2026/4/16 20:19,北一干管理站,0.631
2026/4/16 20:14,北一干管理站,0.63
2026/4/16 20:09,北一干管理站,0.629
2026/4/16 20:03,北一干管理站,0.63
2026/4/16 19:58,北一干管理站,0.631
2026/4/16 19:53,北一干管理站,0.631
2026/4/16 19:47,北一干管理站,0.631
2026/4/16 19:42,北一干管理站,0.652
2026/4/16 19:37,北一干管理站,0.65
2026/4/16 19:31,北一干管理站,0.652
2026/4/16 19:26,北一干管理站,0.651
2026/4/16 19:21,北一干管理站,0.652
2026/4/16 19:15,北一干管理站,0.65
2026/4/16 19:10,北一干管理站,0.652
2026/4/16 19:05,北一干管理站,0.65
2026/4/16 18:59,北一干管理站,0.651
2026/4/16 18:54,北一干管理站,0.653
2026/4/16 18:49,北一干管理站,0.65
2026/4/16 18:43,北一干管理站,0.628
2026/4/16 18:38,北一干管理站,0.627
2026/4/16 18:33,北一干管理站,0.626
2026/4/16 18:28,北一干管理站,0.627
2026/4/16 18:22,北一干管理站,0.629
2026/4/16 18:17,北一干管理站,0.627
2026/4/16 18:11,北一干管理站,0.63
2026/4/16 18:06,北一干管理站,0.629
2026/4/16 18:00,北一干管理站,0.628
2026/4/16 17:55,北一干管理站,0.629
2026/4/16 17:50,北一干管理站,0.63
2026/4/16 17:45,北一干管理站,0.626
2026/4/16 17:40,北一干管理站,0.625
2026/4/16 17:35,北一干管理站,0.63
2026/4/16 17:30,北一干管理站,0.627
2026/4/16 17:24,北一干管理站,0.629
2026/4/16 17:19,北一干管理站,0.629
2026/4/16 17:14,北一干管理站,0.626
2026/4/16 17:09,北一干管理站,0.628
2026/4/16 17:04,北一干管理站,0.628
2026/4/16 16:58,北一干管理站,0.628
2026/4/16 16:53,北一干管理站,0.627
2026/4/16 16:48,北一干管理站,0.628
2026/4/16 16:42,北一干管理站,0.628
2026/4/16 16:37,北一干管理站,0.626
2026/4/16 16:32,北一干管理站,0.628
2026/4/16 16:26,北一干管理站,0.628
2026/4/16 16:21,北一干管理站,0.628
2026/4/16 16:16,北一干管理站,0.628
2026/4/16 16:10,北一干管理站,0.629
2026/4/16 16:05,北一干管理站,0.628
2026/4/16 16:00,北一干管理站,0.628
2026/4/16 15:55,北一干管理站,0.628
2026/4/16 15:50,北一干管理站,0.629
2026/4/16 15:44,北一干管理站,0.628
2026/4/16 15:39,北一干管理站,0.629
2026/4/16 15:34,北一干管理站,0.628
2026/4/16 15:29,北一干管理站,0.629
2026/4/16 15:24,北一干管理站,0.628
2026/4/16 15:18,北一干管理站,0.628
2026/4/16 15:13,北一干管理站,0.628
2026/4/16 15:08,北一干管理站,0.629
2026/4/16 15:03,北一干管理站,0.629
2026/4/16 14:58,北一干管理站,0.628
2026/4/16 14:53,北一干管理站,0.628
2026/4/16 14:47,北一干管理站,0.63
2026/4/16 14:42,北一干管理站,0.628
2026/4/16 14:36,北一干管理站,0.629
2026/4/16 14:31,北一干管理站,0.628
2026/4/16 14:26,北一干管理站,0.629
2026/4/16 14:21,北一干管理站,0.629
2026/4/16 14:15,北一干管理站,0.63
2026/4/16 14:10,北一干管理站,0.632
2026/4/16 14:05,北一干管理站,0.63
2026/4/16 13:59,北一干管理站,0.634
2026/4/16 13:54,北一干管理站,0.636
2026/4/16 13:49,北一干管理站,0.635
2026/4/16 13:43,北一干管理站,0.639
2026/4/16 13:38,北一干管理站,0.646
2026/4/16 13:32,北一干管理站,0.645
2026/4/16 13:27,北一干管理站,0.66
2026/4/16 13:22,北一干管理站,0.67
2026/4/16 13:17,北一干管理站,0.671
2026/4/16 13:11,北一干管理站,0.671
2026/4/16 13:06,北一干管理站,0.669
2026/4/16 13:01,北一干管理站,0.669
2026/4/16 12:55,北一干管理站,0.67
2026/4/16 12:50,北一干管理站,0.671
2026/4/16 12:45,北一干管理站,0.668
2026/4/16 12:40,北一干管理站,0.669
2026/4/16 12:35,北一干管理站,0.671
2026/4/16 12:30,北一干管理站,0.671
2026/4/16 12:25,北一干管理站,0.671
2026/4/16 12:19,北一干管理站,0.668
2026/4/16 12:14,北一干管理站,0.671
2026/4/16 12:09,北一干管理站,0.671
2026/4/16 12:04,北一干管理站,0.672
2026/4/16 11:58,北一干管理站,0.671
2026/4/16 11:53,北一干管理站,0.671
2026/4/16 11:48,北一干管理站,0.67
2026/4/16 11:43,北一干管理站,0.671
2026/4/16 11:38,北一干管理站,0.672
2026/4/16 11:32,北一干管理站,0.671
2026/4/16 11:27,北一干管理站,0.672
2026/4/16 11:22,北一干管理站,0.67
2026/4/16 11:16,北一干管理站,0.668
2026/4/16 11:11,北一干管理站,0.671
2026/4/16 11:06,北一干管理站,0.668
2026/4/16 11:01,北一干管理站,0.669
2026/4/16 10:55,北一干管理站,0.671
2026/4/16 10:50,北一干管理站,0.668
2026/4/16 10:45,北一干管理站,0.67
2026/4/16 10:40,北一干管理站,0.669
2026/4/16 10:35,北一干管理站,0.668
2026/4/16 10:29,北一干管理站,0.668
2026/4/16 10:24,北一干管理站,0.67
2026/4/16 10:19,北一干管理站,0.671
2026/4/16 10:13,北一干管理站,0.674
2026/4/16 10:08,北一干管理站,0.673
2026/4/16 10:03,北一干管理站,0.672
2026/4/16 9:58,北一干管理站,0.672
2026/4/16 9:53,北一干管理站,0.672
2026/4/16 9:48,北一干管理站,0.671
2026/4/16 9:42,北一干管理站,0.672
2026/4/16 9:37,北一干管理站,0.672
2026/4/16 9:32,北一干管理站,0.671
2026/4/16 9:27,北一干管理站,0.673
2026/4/16 9:22,北一干管理站,0.671
2026/4/16 9:17,北一干管理站,0.672
2026/4/16 9:12,北一干管理站,0.673
2026/4/16 9:06,北一干管理站,0.672
2026/4/16 9:01,北一干管理站,0.67
2026/4/16 8:56,北一干管理站,0.669
2026/4/16 8:50,北一干管理站,0.67
2026/4/16 8:45,北一干管理站,0.671
2026/4/16 8:40,北一干管理站,0.67
2026/4/16 8:35,北一干管理站,0.67
2026/4/16 8:29,北一干管理站,0.672
2026/4/16 8:24,北一干管理站,0.672
2026/4/16 8:19,北一干管理站,0.67
2026/4/16 8:14,北一干管理站,0.672
2026/4/16 8:09,北一干管理站,0.671
2026/4/16 8:03,北一干管理站,0.671
2026/4/16 7:58,北一干管理站,0.672
2026/4/16 7:52,北一干管理站,0.672
2026/4/16 7:47,北一干管理站,0.671
2026/4/16 7:42,北一干管理站,0.672
2026/4/16 7:37,北一干管理站,0.672
2026/4/16 7:32,北一干管理站,0.671
2026/4/16 7:26,北一干管理站,0.673
2026/4/16 7:21,北一干管理站,0.673
2026/4/16 7:16,北一干管理站,0.672
2026/4/16 7:10,北一干管理站,0.672
2026/4/16 7:05,北一干管理站,0.671
2026/4/16 7:00,北一干管理站,0.672
2026/4/16 6:55,北一干管理站,0.672
2026/4/16 6:50,北一干管理站,0.672
2026/4/16 6:44,北一干管理站,0.673
2026/4/16 6:39,北一干管理站,0.672
2026/4/16 6:34,北一干管理站,0.672
2026/4/16 6:29,北一干管理站,0.671
2026/4/16 6:23,北一干管理站,0.671
2026/4/16 6:18,北一干管理站,0.672
2026/4/16 6:13,北一干管理站,0.67
2026/4/16 6:08,北一干管理站,0.671
2026/4/16 6:03,北一干管理站,0.668
2026/4/16 5:57,北一干管理站,0.671
2026/4/16 5:52,北一干管理站,0.67
2026/4/16 5:46,北一干管理站,0.67
2026/4/16 5:41,北一干管理站,0.66
2026/4/16 5:36,北一干管理站,0.654
2026/4/16 5:31,北一干管理站,0.65
2026/4/16 5:26,北一干管理站,0.652
2026/4/16 5:21,北一干管理站,0.651
2026/4/16 5:15,北一干管理站,0.65
2026/4/16 5:10,北一干管理站,0.651
2026/4/16 5:04,北一干管理站,0.653
2026/4/16 4:59,北一干管理站,0.65
2026/4/16 4:54,北一干管理站,0.65
2026/4/16 4:49,北一干管理站,0.653
2026/4/16 4:43,北一干管理站,0.651
2026/4/16 4:38,北一干管理站,0.652
2026/4/16 4:33,北一干管理站,0.653
2026/4/16 4:27,北一干管理站,0.651
2026/4/16 4:22,北一干管理站,0.651
2026/4/16 4:17,北一干管理站,0.65
2026/4/16 4:11,北一干管理站,0.652
2026/4/16 4:06,北一干管理站,0.65
2026/4/16 4:01,北一干管理站,0.65
2026/4/16 3:55,北一干管理站,0.652
2026/4/16 3:50,北一干管理站,0.652
2026/4/16 3:45,北一干管理站,0.672
2026/4/16 3:40,北一干管理站,0.671
2026/4/16 3:34,北一干管理站,0.672
2026/4/16 3:29,北一干管理站,0.672
2026/4/16 3:24,北一干管理站,0.67
2026/4/16 3:18,北一干管理站,0.672
2026/4/16 3:13,北一干管理站,0.672
2026/4/16 3:08,北一干管理站,0.672
2026/4/16 3:03,北一干管理站,0.67
2026/4/16 2:58,北一干管理站,0.671
2026/4/16 2:52,北一干管理站,0.671
2026/4/16 2:47,北一干管理站,0.67
2026/4/16 2:41,北一干管理站,0.67
2026/4/16 2:36,北一干管理站,0.671
2026/4/16 2:30,北一干管理站,0.671
2026/4/16 2:25,北一干管理站,0.672
2026/4/16 2:19,北一干管理站,0.67
2026/4/16 2:14,北一干管理站,0.669
2026/4/16 2:09,北一干管理站,0.674
2026/4/16 2:04,北一干管理站,0.672
2026/4/16 1:59,北一干管理站,0.67
2026/4/16 1:54,北一干管理站,0.673
2026/4/16 1:48,北一干管理站,0.672
2026/4/16 1:43,北一干管理站,0.671
2026/4/16 1:38,北一干管理站,0.674
2026/4/16 1:33,北一干管理站,0.672
2026/4/16 1:28,北一干管理站,0.672
2026/4/16 1:23,北一干管理站,0.673
2026/4/16 1:17,北一干管理站,0.673
2026/4/16 1:12,北一干管理站,0.673
2026/4/16 1:07,北一干管理站,0.673
2026/4/16 1:02,北一干管理站,0.672
2026/4/16 0:57,北一干管理站,0.672
2026/4/16 0:51,北一干管理站,0.673
2026/4/16 0:46,北一干管理站,0.672
2026/4/16 0:40,北一干管理站,0.675
2026/4/16 0:35,北一干管理站,0.674
2026/4/16 0:29,北一干管理站,0.675
2026/4/16 0:24,北一干管理站,0.674
2026/4/16 0:19,北一干管理站,0.674
2026/4/16 0:14,北一干管理站,0.675
2026/4/16 0:09,北一干管理站,0.672
2026/4/16 0:04,北一干管理站,0.672
2026/4/15 23:59,北一干管理站,0.675
2026/4/15 23:53,北一干管理站,0.672
2026/4/15 23:48,北一干管理站,0.672
2026/4/15 23:43,北一干管理站,0.674
2026/4/15 23:37,北一干管理站,0.674
2026/4/15 23:32,北一干管理站,0.673
2026/4/15 23:27,北一干管理站,0.675
2026/4/15 23:22,北一干管理站,0.689
2026/4/15 23:16,北一干管理站,0.697
2026/4/15 23:11,北一干管理站,0.707
2026/4/15 23:04,北一干管理站,0.715
2026/4/15 23:01,北一干管理站,0.713
2026/4/15 22:56,北一干管理站,0.713
2026/4/15 22:50,北一干管理站,0.714
2026/4/15 22:45,北一干管理站,0.716
2026/4/15 22:39,北一干管理站,0.714
2026/4/15 22:34,北一干管理站,0.714
2026/4/15 22:29,北一干管理站,0.713
2026/4/15 22:24,北一干管理站,0.715
2026/4/15 22:19,北一干管理站,0.713
2026/4/15 22:13,北一干管理站,0.714
2026/4/15 22:08,北一干管理站,0.713
2026/4/15 22:03,北一干管理站,0.716
2026/4/15 21:58,北一干管理站,0.712
2026/4/15 21:53,北一干管理站,0.715
2026/4/15 21:47,北一干管理站,0.715
2026/4/15 21:42,北一干管理站,0.715
2026/4/15 21:37,北一干管理站,0.715
2026/4/15 21:32,北一干管理站,0.715
2026/4/15 21:26,北一干管理站,0.714
2026/4/15 21:21,北一干管理站,0.715
2026/4/15 21:15,北一干管理站,0.715
2026/4/15 21:10,北一干管理站,0.714
2026/4/15 21:05,北一干管理站,0.715
2026/4/15 21:00,北一干管理站,0.715
2026/4/15 20:54,北一干管理站,0.715
2026/4/15 20:49,北一干管理站,0.714
2026/4/15 20:43,北一干管理站,0.715
2026/4/15 20:38,北一干管理站,0.715
2026/4/15 20:33,北一干管理站,0.715
2026/4/15 20:28,北一干管理站,0.716
2026/4/15 20:22,北一干管理站,0.716
2026/4/15 20:17,北一干管理站,0.715
2026/4/15 20:12,北一干管理站,0.715
2026/4/15 20:06,北一干管理站,0.715
2026/4/15 20:01,北一干管理站,0.715
2026/4/15 19:56,北一干管理站,0.714
2026/4/15 19:51,北一干管理站,0.713
2026/4/15 19:46,北一干管理站,0.715
2026/4/15 19:41,北一干管理站,0.715
2026/4/15 19:36,北一干管理站,0.715
2026/4/15 19:31,北一干管理站,0.714
2026/4/15 19:25,北一干管理站,0.713
2026/4/15 19:20,北一干管理站,0.715
2026/4/15 19:15,北一干管理站,0.713
2026/4/15 19:10,北一干管理站,0.714
2026/4/15 19:04,北一干管理站,0.712
2026/4/15 18:59,北一干管理站,0.713
2026/4/15 18:54,北一干管理站,0.715
2026/4/15 18:48,北一干管理站,0.715
2026/4/15 18:43,北一干管理站,0.712
2026/4/15 18:38,北一干管理站,0.713
2026/4/15 18:32,北一干管理站,0.712
2026/4/15 18:27,北一干管理站,0.712
2026/4/15 18:22,北一干管理站,0.713
2026/4/15 18:17,北一干管理站,0.713
2026/4/15 18:11,北一干管理站,0.712
2026/4/15 18:06,北一干管理站,0.714
2026/4/15 18:00,北一干管理站,0.721
2026/4/15 17:55,北一干管理站,0.726
2026/4/15 17:50,北一干管理站,0.724
2026/4/15 17:45,北一干管理站,0.723
2026/4/15 17:40,北一干管理站,0.726
2026/4/15 17:34,北一干管理站,0.726
2026/4/15 17:29,北一干管理站,0.725
2026/4/15 17:24,北一干管理站,0.725
2026/4/15 17:18,北一干管理站,0.725
2026/4/15 17:13,北一干管理站,0.725
2026/4/15 17:08,北一干管理站,0.726
2026/4/15 17:03,北一干管理站,0.727
2026/4/15 16:57,北一干管理站,0.726
2026/4/15 16:52,北一干管理站,0.725
2026/4/15 16:46,北一干管理站,0.725
2026/4/15 16:41,北一干管理站,0.726
2026/4/15 16:36,北一干管理站,0.724
2026/4/15 16:31,北一干管理站,0.727
2026/4/15 16:26,北一干管理站,0.725
2026/4/15 16:21,北一干管理站,0.725
2026/4/15 16:15,北一干管理站,0.726
2026/4/15 16:10,北一干管理站,0.726
2026/4/15 16:05,北一干管理站,0.725
2026/4/15 16:00,北一干管理站,0.726
2026/4/15 15:55,北一干管理站,0.726
2026/4/15 15:50,北一干管理站,0.725
2026/4/15 15:45,北一干管理站,0.723
2026/4/15 15:39,北一干管理站,0.728
2026/4/15 15:34,北一干管理站,0.725
2026/4/15 15:29,北一干管理站,0.724
2026/4/15 15:23,北一干管理站,0.725
2026/4/15 15:18,北一干管理站,0.726
2026/4/15 15:13,北一干管理站,0.726
2026/4/15 15:08,北一干管理站,0.724
2026/4/15 15:02,北一干管理站,0.726
2026/4/15 14:57,北一干管理站,0.724
2026/4/15 14:52,北一干管理站,0.724
2026/4/15 14:47,北一干管理站,0.724
2026/4/15 14:42,北一干管理站,0.722
2026/4/15 14:36,北一干管理站,0.722
2026/4/15 14:31,北一干管理站,0.709
2026/4/15 14:26,北一干管理站,0.711
2026/4/15 14:20,北一干管理站,0.709
2026/4/15 14:15,北一干管理站,0.709
2026/4/15 14:09,北一干管理站,0.712
2026/4/15 14:04,北一干管理站,1.194
2026/4/15 13:59,北一干管理站,0.742
2026/4/15 13:54,北一干管理站,0.713
2026/4/15 13:48,北一干管理站,0.711
2026/4/15 13:43,北一干管理站,0.712
2026/4/15 13:38,北一干管理站,0.71
2026/4/15 13:33,北一干管理站,0.708
2026/4/15 13:27,北一干管理站,0.711
2026/4/15 13:22,北一干管理站,0.71
2026/4/15 13:17,北一干管理站,0.713
2026/4/15 13:11,北一干管理站,0.715
2026/4/15 13:06,北一干管理站,0.708
2026/4/15 13:01,北一干管理站,0.71
2026/4/15 12:56,北一干管理站,0.711
2026/4/15 12:51,北一干管理站,0.711
2026/4/15 12:45,北一干管理站,0.711
2026/4/15 12:40,北一干管理站,0.711
2026/4/15 12:35,北一干管理站,0.708
2026/4/15 12:29,北一干管理站,0.712
2026/4/15 12:24,北一干管理站,0.71
2026/4/15 12:18,北一干管理站,0.708
2026/4/15 12:13,北一干管理站,0.708
2026/4/15 12:08,北一干管理站,0.707
2026/4/15 12:03,北一干管理站,0.707
2026/4/15 11:57,北一干管理站,0.712
2026/4/15 11:52,北一干管理站,0.707
2026/4/15 11:47,北一干管理站,0.71
2026/4/15 11:42,北一干管理站,0.71
2026/4/15 11:37,北一干管理站,0.71
2026/4/15 11:31,北一干管理站,0.707
2026/4/15 11:26,北一干管理站,0.709
2026/4/15 11:21,北一干管理站,0.707
2026/4/15 11:16,北一干管理站,0.706
2026/4/15 11:11,北一干管理站,0.775
2026/4/15 11:06,北一干管理站,0.69
2026/4/15 11:00,北一干管理站,0.69
2026/4/15 10:55,北一干管理站,0.69
2026/4/15 10:50,北一干管理站,0.85
2026/4/15 10:45,北一干管理站,0.785
2026/4/15 10:40,北一干管理站,0.82
2026/4/15 10:34,北一干管理站,0.822
2026/4/15 10:29,北一干管理站,0.822
2026/4/15 10:24,北一干管理站,0.821
2026/4/15 10:19,北一干管理站,0.823
2026/4/15 10:14,北一干管理站,0.82
2026/4/15 10:09,北一干管理站,0.822
2026/4/15 10:03,北一干管理站,0.82
2026/4/15 9:58,北一干管理站,0.819
2026/4/15 9:52,北一干管理站,0.822
2026/4/15 9:47,北一干管理站,0.822
2026/4/15 9:42,北一干管理站,0.818
2026/4/15 9:37,北一干管理站,0.822
2026/4/15 9:32,北一干管理站,0.823
2026/4/15 9:27,北一干管理站,0.818
2026/4/15 9:21,北一干管理站,0.82
2026/4/15 9:16,北一干管理站,0.82
2026/4/15 9:11,北一干管理站,0.821
2026/4/15 9:06,北一干管理站,0.82
2026/4/15 9:01,北一干管理站,0.822
2026/4/15 8:56,北一干管理站,0.82
2026/4/15 8:50,北一干管理站,0.823
2026/4/15 8:45,北一干管理站,0.822
2026/4/15 8:40,北一干管理站,0.823
2026/4/15 8:35,北一干管理站,0.818
2026/4/15 8:29,北一干管理站,0.824
2026/4/15 8:24,北一干管理站,0.822
2026/4/15 8:19,北一干管理站,0.82
2026/4/15 8:14,北一干管理站,0.819
2026/4/15 8:08,北一干管理站,0.818
2026/4/15 8:03,北一干管理站,0.818
2026/4/15 7:58,北一干管理站,0.822
2026/4/15 7:52,北一干管理站,0.82
2026/4/15 7:47,北一干管理站,0.821
2026/4/15 7:41,北一干管理站,0.806
2026/4/15 7:36,北一干管理站,0.805
2026/4/15 7:31,北一干管理站,0.8
2026/4/15 7:26,北一干管理站,0.8
2026/4/15 7:21,北一干管理站,0.829
2026/4/15 7:15,北一干管理站,0.835
2026/4/15 7:10,北一干管理站,0.836
2026/4/15 7:05,北一干管理站,0.836
2026/4/15 6:59,北一干管理站,0.835
2026/4/15 6:54,北一干管理站,0.835
2026/4/15 6:49,北一干管理站,0.833
2026/4/15 6:44,北一干管理站,0.835
2026/4/15 6:39,北一干管理站,0.836
2026/4/15 6:34,北一干管理站,0.836
2026/4/15 6:28,北一干管理站,0.838
2026/4/15 6:23,北一干管理站,0.836
2026/4/15 6:18,北一干管理站,0.839
2026/4/15 6:12,北一干管理站,0.837
2026/4/15 6:07,北一干管理站,0.836
2026/4/15 6:01,北一干管理站,0.835
2026/4/15 5:56,北一干管理站,0.838
2026/4/15 5:51,北一干管理站,0.838
2026/4/15 5:45,北一干管理站,0.837
2026/4/15 5:40,北一干管理站,0.834
2026/4/15 5:34,北一干管理站,0.835
2026/4/15 5:29,北一干管理站,0.836
2026/4/15 5:23,北一干管理站,0.836
2026/4/15 5:18,北一干管理站,0.838
2026/4/15 5:13,北一干管理站,0.836
2026/4/15 5:08,北一干管理站,0.835
2026/4/15 5:02,北一干管理站,0.839
2026/4/15 4:57,北一干管理站,0.838
2026/4/15 4:52,北一干管理站,0.833
2026/4/15 4:46,北一干管理站,0.836
2026/4/15 4:41,北一干管理站,0.836
2026/4/15 4:36,北一干管理站,0.836
2026/4/15 4:31,北一干管理站,0.836
2026/4/15 4:26,北一干管理站,0.837
2026/4/15 4:21,北一干管理站,0.837
2026/4/15 4:15,北一干管理站,0.837
2026/4/15 4:10,北一干管理站,0.833
2026/4/15 4:04,北一干管理站,0.834
2026/4/15 3:59,北一干管理站,0.836
2026/4/15 3:53,北一干管理站,0.833
2026/4/15 3:48,北一干管理站,0.835
2026/4/15 3:42,北一干管理站,0.835
2026/4/15 3:37,北一干管理站,0.833
2026/4/15 3:32,北一干管理站,0.834
2026/4/15 3:26,北一干管理站,0.832
2026/4/15 3:21,北一干管理站,0.835
2026/4/15 3:16,北一干管理站,0.833
2026/4/15 3:10,北一干管理站,0.834
2026/4/15 3:05,北一干管理站,0.834
2026/4/15 3:00,北一干管理站,0.834
2026/4/15 2:55,北一干管理站,0.837
2026/4/15 2:50,北一干管理站,0.833
2026/4/15 2:44,北一干管理站,0.835
2026/4/15 2:39,北一干管理站,0.834
2026/4/15 2:34,北一干管理站,0.834
2026/4/15 2:28,北一干管理站,0.833
2026/4/15 2:23,北一干管理站,0.836
2026/4/15 2:18,北一干管理站,0.836
2026/4/15 2:12,北一干管理站,0.836
2026/4/15 2:07,北一干管理站,0.834
2026/4/15 2:02,北一干管理站,0.836
2026/4/15 1:57,北一干管理站,0.831
2026/4/15 1:51,北一干管理站,0.834
2026/4/15 1:46,北一干管理站,0.834
2026/4/15 1:40,北一干管理站,0.833
2026/4/15 1:35,北一干管理站,0.834
2026/4/15 1:30,北一干管理站,0.833
2026/4/15 1:25,北一干管理站,0.833
2026/4/15 1:20,北一干管理站,0.833
2026/4/15 1:14,北一干管理站,0.831
2026/4/15 1:09,北一干管理站,0.834
2026/4/15 1:03,北一干管理站,0.832
2026/4/15 0:58,北一干管理站,0.833
2026/4/15 0:52,北一干管理站,0.833
2026/4/15 0:47,北一干管理站,0.834
2026/4/15 0:42,北一干管理站,0.833
2026/4/15 0:37,北一干管理站,0.833
2026/4/15 0:31,北一干管理站,0.832
2026/4/15 0:26,北一干管理站,0.833
2026/4/15 0:21,北一干管理站,0.833
2026/4/15 0:16,北一干管理站,0.833
2026/4/15 0:11,北一干管理站,0.833
2026/4/15 0:06,北一干管理站,0.829
2026/4/15 0:00,北一干管理站,0.833
2026/4/14 23:55,北一干管理站,0.831
2026/4/14 23:50,北一干管理站,0.832
2026/4/14 23:45,北一干管理站,0.833
2026/4/14 23:40,北一干管理站,0.83
2026/4/14 23:34,北一干管理站,0.836
2026/4/14 23:29,北一干管理站,0.83
2026/4/14 23:24,北一干管理站,0.833
2026/4/14 23:18,北一干管理站,0.835
2026/4/14 23:13,北一干管理站,0.831
2026/4/14 23:08,北一干管理站,0.832
2026/4/14 23:02,北一干管理站,0.83
2026/4/14 22:57,北一干管理站,0.833
2026/4/14 22:52,北一干管理站,0.833
2026/4/14 22:47,北一干管理站,0.831
2026/4/14 22:42,北一干管理站,0.833
2026/4/14 22:36,北一干管理站,0.832
2026/4/14 22:31,北一干管理站,0.833
2026/4/14 22:26,北一干管理站,0.829
2026/4/14 22:21,北一干管理站,0.83
2026/4/14 22:16,北一干管理站,0.83
2026/4/14 22:10,北一干管理站,0.831
2026/4/14 22:05,北一干管理站,0.832
2026/4/14 21:59,北一干管理站,0.833
2026/4/14 21:54,北一干管理站,0.834
2026/4/14 21:49,北一干管理站,0.829
2026/4/14 21:44,北一干管理站,0.833
2026/4/14 21:38,北一干管理站,0.831
2026/4/14 21:33,北一干管理站,0.83
2026/4/14 21:27,北一干管理站,0.808
2026/4/14 21:22,北一干管理站,0.813
2026/4/14 21:17,北一干管理站,0.829
2026/4/14 21:12,北一干管理站,0.827
2026/4/14 21:06,北一干管理站,0.83
2026/4/14 21:01,北一干管理站,0.829
2026/4/14 20:56,北一干管理站,0.827
2026/4/14 20:50,北一干管理站,0.827
2026/4/14 20:45,北一干管理站,0.827
2026/4/14 20:40,北一干管理站,0.828
2026/4/14 20:35,北一干管理站,0.829
2026/4/14 20:30,北一干管理站,0.873
2026/4/14 20:24,北一干管理站,0.874
2026/4/14 20:19,北一干管理站,0.873
2026/4/14 20:14,北一干管理站,0.873
2026/4/14 20:08,北一干管理站,0.873
2026/4/14 20:03,北一干管理站,0.873
2026/4/14 19:58,北一干管理站,0.873
2026/4/14 19:53,北一干管理站,0.873
2026/4/14 19:47,北一干管理站,0.874
2026/4/14 19:42,北一干管理站,0.873
2026/4/14 19:37,北一干管理站,0.872
2026/4/14 19:31,北一干管理站,0.871
2026/4/14 19:26,北一干管理站,0.873
2026/4/14 19:21,北一干管理站,0.875
2026/4/14 19:15,北一干管理站,0.872
2026/4/14 19:10,北一干管理站,0.873
2026/4/14 19:05,北一干管理站,0.874
2026/4/14 19:00,北一干管理站,0.871
2026/4/14 18:55,北一干管理站,0.872
2026/4/14 18:50,北一干管理站,0.873
2026/4/14 18:45,北一干管理站,0.873
2026/4/14 18:39,北一干管理站,0.873
2026/4/14 18:34,北一干管理站,0.873
2026/4/14 18:29,北一干管理站,0.87
2026/4/14 18:24,北一干管理站,0.871
2026/4/14 18:19,北一干管理站,0.87
2026/4/14 18:14,北一干管理站,0.873
2026/4/14 18:09,北一干管理站,0.873
2026/4/14 18:03,北一干管理站,0.872
2026/4/14 17:58,北一干管理站,0.871
2026/4/14 17:52,北一干管理站,0.869
2026/4/14 17:47,北一干管理站,0.869
2026/4/14 17:42,北一干管理站,0.868
2026/4/14 17:36,北一干管理站,0.868
2026/4/14 17:31,北一干管理站,0.869
2026/4/14 17:25,北一干管理站,0.868
2026/4/14 17:20,北一干管理站,0.87
2026/4/14 17:15,北一干管理站,0.867
2026/4/14 17:10,北一干管理站,0.869
2026/4/14 17:05,北一干管理站,0.869
2026/4/14 16:59,北一干管理站,0.869
2026/4/14 16:54,北一干管理站,0.868
2026/4/14 16:32,北一干管理站,0.868
2026/4/14 16:27,北一干管理站,0.871
2026/4/14 16:21,北一干管理站,0.868
2026/4/14 16:16,北一干管理站,0.866
2026/4/14 16:11,北一干管理站,0.873
2026/4/14 16:06,北一干管理站,0.867
2026/4/14 16:00,北一干管理站,0.872
2026/4/14 15:55,北一干管理站,0.869
2026/4/14 15:50,北一干管理站,0.87
2026/4/14 15:45,北一干管理站,0.871
2026/4/14 15:40,北一干管理站,0.869
2026/4/14 15:34,北一干管理站,0.87
2026/4/14 15:29,北一干管理站,0.869
2026/4/14 15:23,北一干管理站,0.869
2026/4/14 15:18,北一干管理站,0.87
2026/4/14 15:13,北一干管理站,0.869
2026/4/14 15:08,北一干管理站,0.87
2026/4/14 15:03,北一干管理站,0.873
2026/4/14 14:57,北一干管理站,0.871
2026/4/14 14:52,北一干管理站,0.869
2026/4/14 14:46,北一干管理站,0.871
2026/4/14 14:41,北一干管理站,0.871
2026/4/14 14:35,北一干管理站,0.869
2026/4/14 14:30,北一干管理站,0.871
2026/4/14 14:25,北一干管理站,0.87
2026/4/14 14:20,北一干管理站,0.871
2026/4/14 14:14,北一干管理站,0.872
2026/4/14 14:09,北一干管理站,0.874
2026/4/14 14:04,北一干管理站,0.871
2026/4/14 13:59,北一干管理站,0.873
2026/4/14 13:54,北一干管理站,0.874
2026/4/14 13:49,北一干管理站,0.872
2026/4/14 13:44,北一干管理站,0.871
2026/4/14 13:38,北一干管理站,0.875
2026/4/14 13:33,北一干管理站,0.871
2026/4/14 13:28,北一干管理站,0.872
2026/4/14 13:22,北一干管理站,0.874
2026/4/14 13:17,北一干管理站,0.876
2026/4/14 13:12,北一干管理站,0.875
2026/4/14 13:07,北一干管理站,0.876
2026/4/14 13:01,北一干管理站,0.873
2026/4/14 12:56,北一干管理站,0.873
2026/4/14 12:51,北一干管理站,0.873
2026/4/14 12:46,北一干管理站,0.873
2026/4/14 12:41,北一干管理站,0.882
2026/4/14 12:36,北一干管理站,0.882
2026/4/14 12:31,北一干管理站,0.882
2026/4/14 12:25,北一干管理站,0.9
2026/4/14 12:20,北一干管理站,0.897
2026/4/14 12:15,北一干管理站,0.897
2026/4/14 12:10,北一干管理站,0.898
2026/4/14 12:04,北一干管理站,0.896
2026/4/14 11:59,北一干管理站,0.871
2026/4/14 11:54,北一干管理站,0.869
2026/4/14 11:48,北一干管理站,0.868
2026/4/14 11:43,北一干管理站,0.866
2026/4/14 11:38,北一干管理站,0.869
2026/4/14 11:32,北一干管理站,0.868
2026/4/14 11:27,北一干管理站,0.869
2026/4/14 11:22,北一干管理站,0.872
2026/4/14 11:16,北一干管理站,0.866
2026/4/14 11:11,北一干管理站,0.869
2026/4/14 11:05,北一干管理站,0.869
2026/4/14 11:00,北一干管理站,0.869
2026/4/14 10:54,北一干管理站,0.868
2026/4/14 10:49,北一干管理站,0.87
2026/4/14 10:44,北一干管理站,0.869
2026/4/14 10:39,北一干管理站,0.871
2026/4/14 10:33,北一干管理站,0.867
2026/4/14 10:28,北一干管理站,0.868
2026/4/14 10:23,北一干管理站,0.868
2026/4/14 10:18,北一干管理站,0.868
2026/4/14 10:13,北一干管理站,0.869
2026/4/14 10:07,北一干管理站,0.869
2026/4/14 10:02,北一干管理站,0.868
2026/4/14 9:57,北一干管理站,0.869
2026/4/14 9:52,北一干管理站,0.869
2026/4/14 9:46,北一干管理站,0.868
2026/4/14 9:41,北一干管理站,0.868
2026/4/14 9:36,北一干管理站,0.873
2026/4/14 9:30,北一干管理站,0.868
2026/4/14 9:25,北一干管理站,0.87
2026/4/14 9:20,北一干管理站,0.869
2026/4/14 9:14,北一干管理站,0.867
2026/4/14 9:09,北一干管理站,0.871
2026/4/14 9:04,北一干管理站,0.872
2026/4/14 8:59,北一干管理站,0.869
2026/4/14 8:53,北一干管理站,0.872
2026/4/14 8:48,北一干管理站,0.87
2026/4/14 8:43,北一干管理站,0.871
2026/4/14 8:38,北一干管理站,0.871
2026/4/14 8:33,北一干管理站,0.868
2026/4/14 8:28,北一干管理站,0.869
2026/4/14 8:23,北一干管理站,0.868
2026/4/14 8:18,北一干管理站,0.868
2026/4/14 8:12,北一干管理站,0.871
2026/4/14 8:07,北一干管理站,0.891
2026/4/14 8:02,北一干管理站,0.908
2026/4/14 7:57,北一干管理站,0.909
2026/4/14 7:52,北一干管理站,0.909
2026/4/14 7:46,北一干管理站,0.909
2026/4/14 7:41,北一干管理站,0.912
2026/4/14 7:36,北一干管理站,0.909
2026/4/14 7:30,北一干管理站,0.906
2026/4/14 7:25,北一干管理站,0.909
2026/4/14 7:19,北一干管理站,0.832
2026/4/14 7:14,北一干管理站,0.833
2026/4/14 7:08,北一干管理站,0.833
2026/4/14 7:03,北一干管理站,0.836
2026/4/14 6:57,北一干管理站,0.84
2026/4/14 6:52,北一干管理站,0.838
2026/4/14 6:46,北一干管理站,0.837
2026/4/14 6:41,北一干管理站,0.84
2026/4/14 6:35,北一干管理站,0.836
2026/4/14 6:30,北一干管理站,0.919
2026/4/14 6:25,北一干管理站,0.921
2026/4/14 6:19,北一干管理站,0.834
2026/4/14 6:14,北一干管理站,0.833
2026/4/14 6:09,北一干管理站,0.8
2026/4/14 6:04,北一干管理站,0.797
2026/4/14 5:58,北一干管理站,0.764
2026/4/14 5:53,北一干管理站,0.763
2026/4/14 5:47,北一干管理站,0.761
2026/4/14 5:42,北一干管理站,0.762
2026/4/14 5:37,北一干管理站,0.8
2026/4/14 5:32,北一干管理站,0.962
2026/4/14 5:27,北一干管理站,0.96
2026/4/14 5:22,北一干管理站,0.959
2026/4/14 5:16,北一干管理站,0.962
2026/4/14 5:11,北一干管理站,0.961
2026/4/14 5:05,北一干管理站,0.962
2026/4/14 5:00,北一干管理站,0.961
2026/4/14 4:55,北一干管理站,0.964
2026/4/14 4:50,北一干管理站,0.965
2026/4/14 4:45,北一干管理站,0.961
2026/4/14 4:39,北一干管理站,0.962
2026/4/14 4:34,北一干管理站,0.963
2026/4/14 4:29,北一干管理站,0.961
2026/4/14 4:23,北一干管理站,0.961
2026/4/14 4:18,北一干管理站,0.961
2026/4/14 4:12,北一干管理站,0.961
2026/4/14 4:07,北一干管理站,0.963
2026/4/14 4:02,北一干管理站,0.96
2026/4/14 3:56,北一干管理站,0.964
2026/4/14 3:51,北一干管理站,0.963
2026/4/14 3:45,北一干管理站,0.962
2026/4/14 3:40,北一干管理站,0.963
2026/4/14 3:35,北一干管理站,0.963
2026/4/14 3:30,北一干管理站,0.961
2026/4/14 3:25,北一干管理站,0.961
2026/4/14 3:19,北一干管理站,0.963
2026/4/14 3:14,北一干管理站,0.961
2026/4/14 3:08,北一干管理站,0.961
2026/4/14 3:03,北一干管理站,0.961
2026/4/14 2:57,北一干管理站,0.96
2026/4/14 2:52,北一干管理站,0.964
2026/4/14 2:46,北一干管理站,0.963
2026/4/14 2:41,北一干管理站,0.962
2026/4/14 2:36,北一干管理站,0.964
2026/4/14 2:30,北一干管理站,0.963
2026/4/14 2:25,北一干管理站,0.962
2026/4/14 2:20,北一干管理站,0.964
2026/4/14 2:15,北一干管理站,0.962
2026/4/14 2:10,北一干管理站,0.962
2026/4/14 2:04,北一干管理站,0.961
2026/4/14 1:59,北一干管理站,0.961
2026/4/14 1:54,北一干管理站,0.964
2026/4/14 1:49,北一干管理站,0.962
2026/4/14 1:44,北一干管理站,0.963
2026/4/14 1:38,北一干管理站,0.964
2026/4/14 1:33,北一干管理站,0.968
2026/4/14 1:27,北一干管理站,0.968
2026/4/14 1:22,北一干管理站,0.969
2026/4/14 1:17,北一干管理站,0.969
2026/4/14 1:12,北一干管理站,0.969
2026/4/14 1:06,北一干管理站,0.972
2026/4/14 1:01,北一干管理站,0.968
2026/4/14 0:56,北一干管理站,0.969
2026/4/14 0:50,北一干管理站,0.969
2026/4/14 0:45,北一干管理站,0.969
2026/4/14 0:40,北一干管理站,0.973
2026/4/14 0:34,北一干管理站,0.97
2026/4/14 0:29,北一干管理站,0.973
2026/4/14 0:24,北一干管理站,0.968
2026/4/14 0:19,北一干管理站,0.972
2026/4/14 0:14,北一干管理站,0.972
2026/4/14 0:08,北一干管理站,0.97
2026/4/14 0:03,北一干管理站,0.967
2026/4/21 18:08,北二干管理站,0.61
2026/4/21 18:02,北二干管理站,0.61
2026/4/21 17:57,北二干管理站,0.61
2026/4/21 17:52,北二干管理站,0.61
2026/4/21 17:46,北二干管理站,0.61
2026/4/21 17:41,北二干管理站,0.61
2026/4/21 17:36,北二干管理站,0.61
2026/4/21 17:30,北二干管理站,0.61
2026/4/21 17:25,北二干管理站,0.61
2026/4/21 17:19,北二干管理站,0.61
2026/4/21 17:14,北二干管理站,0.61
2026/4/21 17:09,北二干管理站,0.61
2026/4/21 17:04,北二干管理站,0.61
2026/4/21 16:59,北二干管理站,0.61
2026/4/21 16:53,北二干管理站,0.61
2026/4/21 16:48,北二干管理站,0.61
2026/4/21 16:42,北二干管理站,0.61
2026/4/21 16:37,北二干管理站,0.61
2026/4/21 16:32,北二干管理站,0.61
2026/4/21 16:27,北二干管理站,0.61
2026/4/21 16:22,北二干管理站,0.61
2026/4/21 16:16,北二干管理站,0.61
2026/4/21 16:11,北二干管理站,0.61
2026/4/21 16:06,北二干管理站,0.61
2026/4/21 16:01,北二干管理站,0.61
2026/4/21 15:56,北二干管理站,0.61
2026/4/21 15:51,北二干管理站,0.61
2026/4/21 15:45,北二干管理站,0.61
2026/4/21 15:40,北二干管理站,0.61
2026/4/21 15:35,北二干管理站,0.61
2026/4/21 15:29,北二干管理站,0.61
2026/4/21 15:24,北二干管理站,0.63
2026/4/21 15:18,北二干管理站,0.64
2026/4/21 15:13,北二干管理站,0.64
2026/4/21 15:08,北二干管理站,0.63
2026/4/21 15:02,北二干管理站,0.64
2026/4/21 14:57,北二干管理站,0.63
2026/4/21 14:52,北二干管理站,0.63
2026/4/21 14:46,北二干管理站,0.63
2026/4/21 14:41,北二干管理站,0.63
2026/4/21 14:36,北二干管理站,0.63
2026/4/21 14:30,北二干管理站,0.63
2026/4/21 14:25,北二干管理站,0.63
2026/4/21 14:19,北二干管理站,0.63
2026/4/21 14:14,北二干管理站,0.63
2026/4/21 14:09,北二干管理站,0.63
2026/4/21 14:03,北二干管理站,0.63
2026/4/21 13:58,北二干管理站,0.63
2026/4/21 13:53,北二干管理站,0.63
2026/4/21 13:47,北二干管理站,0.63
2026/4/21 13:42,北二干管理站,0.63
2026/4/21 13:37,北二干管理站,0.63
2026/4/21 13:31,北二干管理站,0.63
2026/4/21 13:26,北二干管理站,0.63
2026/4/21 13:21,北二干管理站,0.63
2026/4/21 13:15,北二干管理站,0.63
2026/4/21 13:10,北二干管理站,0.63
2026/4/21 13:04,北二干管理站,0.65
2026/4/21 12:59,北二干管理站,0.65
2026/4/21 12:54,北二干管理站,0.73
2026/4/21 12:49,北二干管理站,0.73
2026/4/21 12:43,北二干管理站,0.73
2026/4/21 12:38,北二干管理站,0.72
2026/4/21 12:32,北二干管理站,0.73
2026/4/21 12:27,北二干管理站,0.73
2026/4/21 12:21,北二干管理站,0.73
2026/4/21 12:16,北二干管理站,0.73
2026/4/21 12:11,北二干管理站,0.73
2026/4/21 12:06,北二干管理站,0.73
2026/4/21 12:00,北二干管理站,0.72
2026/4/21 11:55,北二干管理站,0.73
2026/4/21 11:50,北二干管理站,0.73
2026/4/21 11:44,北二干管理站,0.73
2026/4/21 11:39,北二干管理站,0.72
2026/4/21 11:33,北二干管理站,0.72
2026/4/21 11:28,北二干管理站,0.72
2026/4/21 11:23,北二干管理站,0.72
2026/4/21 11:17,北二干管理站,0.72
2026/4/21 11:12,北二干管理站,0.72
2026/4/21 11:07,北二干管理站,0.73
2026/4/21 11:01,北二干管理站,0.72
2026/4/21 10:56,北二干管理站,0.72
2026/4/21 10:51,北二干管理站,0.72
2026/4/21 10:46,北二干管理站,0.73
2026/4/21 10:41,北二干管理站,0.73
2026/4/21 10:36,北二干管理站,0.72
2026/4/21 10:30,北二干管理站,0.72
2026/4/21 10:25,北二干管理站,0.72
2026/4/21 10:20,北二干管理站,0.72
2026/4/21 10:15,北二干管理站,0.72
2026/4/21 10:10,北二干管理站,0.72
2026/4/21 10:04,北二干管理站,0.72
2026/4/21 9:59,北二干管理站,0.72
2026/4/21 9:54,北二干管理站,0.72
2026/4/21 9:49,北二干管理站,0.72
2026/4/21 9:43,北二干管理站,0.72
2026/4/21 9:38,北二干管理站,0.72
2026/4/21 9:33,北二干管理站,0.72
2026/4/21 9:28,北二干管理站,0.72
2026/4/21 9:23,北二干管理站,0.72
2026/4/21 9:17,北二干管理站,0.72
2026/4/21 9:12,北二干管理站,0.72
2026/4/21 9:07,北二干管理站,0.72
2026/4/21 9:01,北二干管理站,0.72
2026/4/21 8:56,北二干管理站,0.72
2026/4/21 8:51,北二干管理站,0.72
2026/4/21 8:46,北二干管理站,0.72
2026/4/21 8:40,北二干管理站,0.72
2026/4/21 8:35,北二干管理站,0.72
2026/4/21 8:30,北二干管理站,0.72
2026/4/21 8:25,北二干管理站,0.72
2026/4/21 8:19,北二干管理站,0.72
2026/4/21 8:14,北二干管理站,0.72
2026/4/21 8:09,北二干管理站,0.72
2026/4/21 8:03,北二干管理站,0.72
2026/4/21 7:58,北二干管理站,0.72
2026/4/21 7:52,北二干管理站,0.72
2026/4/21 7:47,北二干管理站,0.72
2026/4/21 7:42,北二干管理站,0.72
2026/4/21 7:37,北二干管理站,0.72
2026/4/21 7:32,北二干管理站,0.72
2026/4/21 7:26,北二干管理站,0.71
2026/4/21 7:21,北二干管理站,0.72
2026/4/21 7:16,北二干管理站,0.72
2026/4/21 7:11,北二干管理站,0.72
2026/4/21 7:06,北二干管理站,0.72
2026/4/21 7:00,北二干管理站,0.72
2026/4/21 6:55,北二干管理站,0.71
2026/4/21 6:49,北二干管理站,0.68
2026/4/21 6:44,北二干管理站,0.68
2026/4/21 6:38,北二干管理站,0.68
2026/4/21 6:33,北二干管理站,0.68
2026/4/21 6:28,北二干管理站,0.68
2026/4/21 6:22,北二干管理站,0.74
2026/4/21 6:17,北二干管理站,0.74
2026/4/21 6:11,北二干管理站,0.74
2026/4/21 6:06,北二干管理站,0.73
2026/4/21 6:01,北二干管理站,0.74
2026/4/21 5:56,北二干管理站,0.74
2026/4/21 5:50,北二干管理站,0.74
2026/4/21 5:45,北二干管理站,0.74
2026/4/21 5:40,北二干管理站,0.74
2026/4/21 5:35,北二干管理站,0.74
2026/4/21 5:30,北二干管理站,0.74
2026/4/21 5:24,北二干管理站,0.74
2026/4/21 5:19,北二干管理站,0.73
2026/4/21 5:14,北二干管理站,0.74
2026/4/21 5:09,北二干管理站,0.74
2026/4/21 5:03,北二干管理站,0.73
2026/4/21 4:58,北二干管理站,0.73
2026/4/21 4:53,北二干管理站,0.74
2026/4/21 4:48,北二干管理站,0.73
2026/4/21 4:42,北二干管理站,0.74
2026/4/21 4:37,北二干管理站,0.74
2026/4/21 4:32,北二干管理站,0.74
2026/4/21 4:26,北二干管理站,0.73
2026/4/21 4:21,北二干管理站,0.74
2026/4/21 4:16,北二干管理站,0.73
2026/4/21 4:11,北二干管理站,0.74
2026/4/21 4:05,北二干管理站,0.73
2026/4/21 4:00,北二干管理站,0.74
2026/4/21 3:54,北二干管理站,0.73
2026/4/21 3:49,北二干管理站,0.73
2026/4/21 3:44,北二干管理站,0.73
2026/4/21 3:39,北二干管理站,0.73
2026/4/21 3:34,北二干管理站,0.73
2026/4/21 3:28,北二干管理站,0.73
2026/4/21 3:23,北二干管理站,0.73
2026/4/21 3:18,北二干管理站,0.73
2026/4/21 3:13,北二干管理站,0.73
2026/4/21 3:08,北二干管理站,0.73
2026/4/21 3:03,北二干管理站,0.73
2026/4/21 2:57,北二干管理站,0.73
2026/4/21 2:52,北二干管理站,0.73
2026/4/21 2:46,北二干管理站,0.73
2026/4/21 2:41,北二干管理站,0.74
2026/4/21 2:36,北二干管理站,0.73
2026/4/21 2:30,北二干管理站,0.73
2026/4/21 2:25,北二干管理站,0.73
2026/4/21 2:20,北二干管理站,0.73
2026/4/21 2:14,北二干管理站,0.73
2026/4/21 2:09,北二干管理站,0.73
2026/4/21 2:03,北二干管理站,0.73
2026/4/21 1:58,北二干管理站,0.73
2026/4/21 1:53,北二干管理站,0.73
2026/4/21 1:47,北二干管理站,0.73
2026/4/21 1:42,北二干管理站,0.73
2026/4/21 1:37,北二干管理站,0.73
2026/4/21 1:32,北二干管理站,0.73
2026/4/21 1:26,北二干管理站,0.73
2026/4/21 1:21,北二干管理站,0.73
2026/4/21 1:16,北二干管理站,0.73
2026/4/21 1:11,北二干管理站,0.74
2026/4/21 1:06,北二干管理站,0.73
2026/4/21 1:00,北二干管理站,0.73
2026/4/21 0:55,北二干管理站,0.73
2026/4/21 0:50,北二干管理站,0.74
2026/4/21 0:45,北二干管理站,0.73
2026/4/21 0:39,北二干管理站,0.73
2026/4/21 0:34,北二干管理站,0.74
2026/4/21 0:29,北二干管理站,0.73
2026/4/21 0:24,北二干管理站,0.73
2026/4/21 0:18,北二干管理站,0.73
2026/4/21 0:13,北二干管理站,0.73
2026/4/21 0:07,北二干管理站,0.73
2026/4/21 0:02,北二干管理站,0.73
2026/4/20 23:57,北二干管理站,0.73
2026/4/20 23:51,北二干管理站,0.73
2026/4/20 23:46,北二干管理站,0.73
2026/4/20 23:41,北二干管理站,0.73
2026/4/20 23:35,北二干管理站,0.73
2026/4/20 23:30,北二干管理站,0.73
2026/4/20 23:25,北二干管理站,0.73
2026/4/20 23:19,北二干管理站,0.73
2026/4/20 23:14,北二干管理站,0.73
2026/4/20 23:08,北二干管理站,0.73
2026/4/20 23:02,北二干管理站,0.73
2026/4/20 22:58,北二干管理站,0.73
2026/4/20 22:52,北二干管理站,0.73
2026/4/20 22:47,北二干管理站,0.73
2026/4/20 22:42,北二干管理站,0.73
2026/4/20 22:36,北二干管理站,0.73
2026/4/20 22:31,北二干管理站,0.73
2026/4/20 22:26,北二干管理站,0.73
2026/4/20 22:20,北二干管理站,0.73
2026/4/20 22:15,北二干管理站,0.73
2026/4/20 22:10,北二干管理站,0.73
2026/4/20 22:04,北二干管理站,0.72
2026/4/20 21:59,北二干管理站,0.73
2026/4/20 21:53,北二干管理站,0.73
2026/4/20 21:48,北二干管理站,0.73
2026/4/20 21:43,北二干管理站,0.73
2026/4/20 21:37,北二干管理站,0.73
2026/4/20 21:32,北二干管理站,0.73
2026/4/20 21:26,北二干管理站,0.73
2026/4/20 21:21,北二干管理站,0.73
2026/4/20 21:16,北二干管理站,0.73
2026/4/20 21:11,北二干管理站,0.73
2026/4/20 21:05,北二干管理站,0.73
2026/4/20 21:00,北二干管理站,0.73
2026/4/20 20:54,北二干管理站,0.73
2026/4/20 20:49,北二干管理站,0.73
2026/4/20 20:44,北二干管理站,0.73
2026/4/20 20:38,北二干管理站,0.73
2026/4/20 20:33,北二干管理站,0.73
2026/4/20 20:28,北二干管理站,0.73
2026/4/20 20:22,北二干管理站,0.73
2026/4/20 20:17,北二干管理站,0.73
2026/4/20 20:12,北二干管理站,0.73
2026/4/20 20:06,北二干管理站,0.73
2026/4/20 20:01,北二干管理站,0.73
2026/4/20 19:55,北二干管理站,0.73
2026/4/20 19:50,北二干管理站,0.73
2026/4/20 19:45,北二干管理站,0.73
2026/4/20 19:39,北二干管理站,0.73
2026/4/20 19:34,北二干管理站,0.73
2026/4/20 19:29,北二干管理站,0.73
2026/4/20 19:23,北二干管理站,0.73
2026/4/20 19:18,北二干管理站,0.73
2026/4/20 19:13,北二干管理站,0.73
2026/4/20 19:07,北二干管理站,0.73
2026/4/20 19:02,北二干管理站,0.73
2026/4/20 18:56,北二干管理站,0.73
2026/4/20 18:51,北二干管理站,0.73
2026/4/20 18:46,北二干管理站,0.73
2026/4/20 18:40,北二干管理站,0.73
2026/4/20 18:35,北二干管理站,0.73
2026/4/20 18:30,北二干管理站,0.73
2026/4/20 18:25,北二干管理站,0.73
2026/4/20 18:20,北二干管理站,0.73
2026/4/20 18:15,北二干管理站,0.73
2026/4/20 18:10,北二干管理站,0.73
2026/4/20 18:05,北二干管理站,0.73
2026/4/20 17:59,北二干管理站,0.73
2026/4/20 17:54,北二干管理站,0.73
2026/4/20 17:49,北二干管理站,0.73
2026/4/20 17:43,北二干管理站,0.73
2026/4/20 17:38,北二干管理站,0.73
2026/4/20 17:33,北二干管理站,0.74
2026/4/20 17:27,北二干管理站,0.73
2026/4/20 17:22,北二干管理站,0.73
2026/4/20 17:17,北二干管理站,0.74
2026/4/20 17:12,北二干管理站,0.73
2026/4/20 17:07,北二干管理站,0.73
2026/4/20 17:01,北二干管理站,0.73
2026/4/20 16:56,北二干管理站,0.73
2026/4/20 16:50,北二干管理站,0.73
2026/4/20 16:45,北二干管理站,0.73
2026/4/20 16:40,北二干管理站,0.73
2026/4/20 16:35,北二干管理站,0.73
2026/4/20 16:30,北二干管理站,0.73
2026/4/20 16:24,北二干管理站,0.73
2026/4/20 16:19,北二干管理站,0.73
2026/4/20 16:14,北二干管理站,0.73
2026/4/20 16:09,北二干管理站,0.73
2026/4/20 16:04,北二干管理站,0.73
2026/4/20 15:58,北二干管理站,0.73
2026/4/20 15:53,北二干管理站,0.73
2026/4/20 15:48,北二干管理站,0.73
2026/4/20 15:42,北二干管理站,0.73
2026/4/20 15:37,北二干管理站,0.73
2026/4/20 15:32,北二干管理站,0.73
2026/4/20 15:26,北二干管理站,0.73
2026/4/20 15:21,北二干管理站,0.73
2026/4/20 15:15,北二干管理站,0.73
2026/4/20 15:10,北二干管理站,0.73
2026/4/20 15:05,北二干管理站,0.73
2026/4/20 14:59,北二干管理站,0.73
2026/4/20 14:54,北二干管理站,0.73
2026/4/20 14:48,北二干管理站,0.73
2026/4/20 14:43,北二干管理站,0.73
2026/4/20 14:38,北二干管理站,0.73
2026/4/20 14:33,北二干管理站,0.71
2026/4/20 14:27,北二干管理站,0.72
2026/4/20 14:22,北二干管理站,0.71
2026/4/20 14:16,北二干管理站,0.71
2026/4/20 14:11,北二干管理站,0.71
2026/4/20 14:05,北二干管理站,0.72
2026/4/20 14:00,北二干管理站,0.72
2026/4/20 13:55,北二干管理站,0.72
2026/4/20 13:50,北二干管理站,0.71
2026/4/20 13:44,北二干管理站,0.71
2026/4/20 13:39,北二干管理站,0.72
2026/4/20 13:34,北二干管理站,0.71
2026/4/20 13:29,北二干管理站,0.71
2026/4/20 13:23,北二干管理站,0.72
2026/4/20 13:18,北二干管理站,0.71
2026/4/20 13:13,北二干管理站,0.71
2026/4/20 13:08,北二干管理站,0.71
2026/4/20 13:02,北二干管理站,0.71
2026/4/20 12:57,北二干管理站,0.71
2026/4/20 12:51,北二干管理站,0.71
2026/4/20 12:46,北二干管理站,0.71
2026/4/20 12:41,北二干管理站,0.71
2026/4/20 12:36,北二干管理站,0.71
2026/4/20 12:31,北二干管理站,0.71
2026/4/20 12:25,北二干管理站,0.71
2026/4/20 12:20,北二干管理站,0.72
2026/4/20 12:14,北二干管理站,0.72
2026/4/20 12:09,北二干管理站,0.71
2026/4/20 12:04,北二干管理站,0.71
2026/4/20 11:59,北二干管理站,0.72
2026/4/20 11:53,北二干管理站,0.71
2026/4/20 11:48,北二干管理站,0.72
2026/4/20 11:43,北二干管理站,0.72
2026/4/20 11:38,北二干管理站,0.72
2026/4/20 11:33,北二干管理站,0.71
2026/4/20 11:27,北二干管理站,0.71
2026/4/20 11:22,北二干管理站,0.72
2026/4/20 11:17,北二干管理站,0.71
2026/4/20 11:12,北二干管理站,0.72
2026/4/20 11:06,北二干管理站,0.72
2026/4/20 11:01,北二干管理站,0.71
2026/4/20 10:56,北二干管理站,0.72
2026/4/20 10:50,北二干管理站,0.72
2026/4/20 10:45,北二干管理站,0.72
2026/4/20 10:40,北二干管理站,0.72
2026/4/20 10:34,北二干管理站,0.72
2026/4/20 10:29,北二干管理站,0.72
2026/4/20 10:24,北二干管理站,0.72
2026/4/20 10:19,北二干管理站,0.72
2026/4/20 10:14,北二干管理站,0.72
2026/4/20 10:08,北二干管理站,0.72
2026/4/20 10:03,北二干管理站,0.72
2026/4/20 9:58,北二干管理站,0.72
2026/4/20 9:53,北二干管理站,0.72
2026/4/20 9:47,北二干管理站,0.72
2026/4/20 9:42,北二干管理站,0.72
2026/4/20 9:37,北二干管理站,0.72
2026/4/20 9:31,北二干管理站,0.72
2026/4/20 9:26,北二干管理站,0.72
2026/4/20 9:21,北二干管理站,0.72
2026/4/20 9:16,北二干管理站,0.72
2026/4/20 9:10,北二干管理站,0.72
2026/4/20 9:05,北二干管理站,0.72
2026/4/20 8:59,北二干管理站,0.72
2026/4/20 8:54,北二干管理站,0.72
2026/4/20 8:49,北二干管理站,0.72
2026/4/20 8:44,北二干管理站,0.72
2026/4/20 8:39,北二干管理站,0.72
2026/4/20 8:33,北二干管理站,0.72
2026/4/20 8:28,北二干管理站,0.72
2026/4/20 8:23,北二干管理站,0.72
2026/4/20 8:18,北二干管理站,0.72
2026/4/20 8:12,北二干管理站,0.72
2026/4/20 8:07,北二干管理站,0.72
2026/4/20 8:02,北二干管理站,0.72
2026/4/20 7:57,北二干管理站,0.72
2026/4/20 7:51,北二干管理站,0.72
2026/4/20 7:46,北二干管理站,0.72
2026/4/20 7:40,北二干管理站,0.72
2026/4/20 7:35,北二干管理站,0.72
2026/4/20 7:30,北二干管理站,0.72
2026/4/20 7:25,北二干管理站,0.72
2026/4/20 7:19,北二干管理站,0.72
2026/4/20 7:14,北二干管理站,0.72
2026/4/20 7:09,北二干管理站,0.72
2026/4/20 7:04,北二干管理站,0.72
2026/4/20 6:58,北二干管理站,0.72
2026/4/20 6:53,北二干管理站,0.72
2026/4/20 6:48,北二干管理站,0.72
2026/4/20 6:42,北二干管理站,0.72
2026/4/20 6:37,北二干管理站,0.72
2026/4/20 6:32,北二干管理站,0.72
2026/4/20 6:26,北二干管理站,0.72
2026/4/20 6:21,北二干管理站,0.72
2026/4/20 6:15,北二干管理站,0.72
2026/4/20 6:10,北二干管理站,0.72
2026/4/20 6:05,北二干管理站,0.73
2026/4/20 5:59,北二干管理站,0.72
2026/4/20 5:54,北二干管理站,0.73
2026/4/20 5:48,北二干管理站,0.72
2026/4/20 5:43,北二干管理站,0.72
2026/4/20 5:38,北二干管理站,0.72
2026/4/20 5:32,北二干管理站,0.72
2026/4/20 5:27,北二干管理站,0.72
2026/4/20 5:22,北二干管理站,0.72
2026/4/20 5:16,北二干管理站,0.72
2026/4/20 5:11,北二干管理站,0.72
2026/4/20 5:06,北二干管理站,0.72
2026/4/20 5:00,北二干管理站,0.72
2026/4/20 4:55,北二干管理站,0.72
2026/4/20 4:50,北二干管理站,0.72
2026/4/20 4:44,北二干管理站,0.72
2026/4/20 4:39,北二干管理站,0.72
2026/4/20 4:34,北二干管理站,0.72
2026/4/20 4:28,北二干管理站,0.72
2026/4/20 4:23,北二干管理站,0.71
2026/4/20 4:17,北二干管理站,0.72
2026/4/20 4:12,北二干管理站,0.72
2026/4/20 4:07,北二干管理站,0.72
2026/4/20 4:01,北二干管理站,0.72
2026/4/20 3:56,北二干管理站,0.72
2026/4/20 3:51,北二干管理站,0.72
2026/4/20 3:45,北二干管理站,0.72
2026/4/20 3:40,北二干管理站,0.72
2026/4/20 3:34,北二干管理站,0.72
2026/4/20 3:29,北二干管理站,0.72
2026/4/20 3:24,北二干管理站,0.72
2026/4/20 3:18,北二干管理站,0.72
2026/4/20 3:13,北二干管理站,0.72
2026/4/20 3:08,北二干管理站,0.72
2026/4/20 3:03,北二干管理站,0.72
2026/4/20 2:58,北二干管理站,0.72
2026/4/20 2:53,北二干管理站,0.72
2026/4/20 2:48,北二干管理站,0.72
2026/4/20 2:42,北二干管理站,0.72
2026/4/20 2:37,北二干管理站,0.72
2026/4/20 2:32,北二干管理站,0.72
2026/4/20 2:27,北二干管理站,0.72
2026/4/20 2:22,北二干管理站,0.72
2026/4/20 2:16,北二干管理站,0.72
2026/4/20 2:11,北二干管理站,0.72
2026/4/20 2:06,北二干管理站,0.72
2026/4/20 2:01,北二干管理站,0.72
2026/4/20 1:55,北二干管理站,0.72
2026/4/20 1:50,北二干管理站,0.72
2026/4/20 1:45,北二干管理站,0.72
2026/4/20 1:40,北二干管理站,0.72
2026/4/20 1:35,北二干管理站,0.72
2026/4/20 1:29,北二干管理站,0.72
2026/4/20 1:24,北二干管理站,0.72
2026/4/20 1:18,北二干管理站,0.72
2026/4/20 1:13,北二干管理站,0.72
2026/4/20 1:08,北二干管理站,0.72
2026/4/20 1:03,北二干管理站,0.72
2026/4/20 0:58,北二干管理站,0.72
2026/4/20 0:52,北二干管理站,0.72
2026/4/20 0:47,北二干管理站,0.72
2026/4/20 0:42,北二干管理站,0.72
2026/4/20 0:37,北二干管理站,0.72
2026/4/20 0:31,北二干管理站,0.72
2026/4/20 0:26,北二干管理站,0.72
2026/4/20 0:21,北二干管理站,0.72
2026/4/20 0:15,北二干管理站,0.73
2026/4/20 0:10,北二干管理站,0.72
2026/4/20 0:05,北二干管理站,0.72
2026/4/19 23:59,北二干管理站,0.72
2026/4/19 23:54,北二干管理站,0.72
2026/4/19 23:49,北二干管理站,0.76
2026/4/19 23:43,北二干管理站,0.75
2026/4/19 23:38,北二干管理站,0.76
2026/4/19 23:32,北二干管理站,0.76
2026/4/19 23:27,北二干管理站,0.75
2026/4/19 23:22,北二干管理站,0.75
2026/4/19 23:16,北二干管理站,0.76
2026/4/19 23:11,北二干管理站,0.75
2026/4/19 23:03,北二干管理站,0.75
2026/4/19 23:00,北二干管理站,0.75
2026/4/19 22:55,北二干管理站,0.75
2026/4/19 22:50,北二干管理站,0.76
2026/4/19 22:44,北二干管理站,0.76
2026/4/19 22:39,北二干管理站,0.77
2026/4/19 22:33,北二干管理站,0.77
2026/4/19 22:28,北二干管理站,0.59
2026/4/19 22:23,北二干管理站,0.59
2026/4/19 22:17,北二干管理站,0.77
2026/4/19 22:12,北二干管理站,0.77
2026/4/19 22:06,北二干管理站,0.77
2026/4/19 22:01,北二干管理站,0.76
2026/4/19 21:56,北二干管理站,0.77
2026/4/19 21:51,北二干管理站,0.77
2026/4/19 21:46,北二干管理站,0.77
2026/4/19 21:41,北二干管理站,0.77
2026/4/19 21:35,北二干管理站,0.77
2026/4/19 21:30,北二干管理站,0.77
2026/4/19 21:25,北二干管理站,0.77
2026/4/19 21:20,北二干管理站,0.76
2026/4/19 21:15,北二干管理站,0.77
2026/4/19 21:10,北二干管理站,0.77
2026/4/19 21:05,北二干管理站,0.77
2026/4/19 21:00,北二干管理站,0.77
2026/4/19 20:55,北二干管理站,0.77
2026/4/19 20:49,北二干管理站,0.77
2026/4/19 20:44,北二干管理站,0.77
2026/4/19 20:39,北二干管理站,0.77
2026/4/19 20:34,北二干管理站,0.77
2026/4/19 20:29,北二干管理站,0.77
2026/4/19 20:24,北二干管理站,0.77
2026/4/19 20:18,北二干管理站,0.77
2026/4/19 20:13,北二干管理站,0.77
2026/4/19 20:08,北二干管理站,0.77
2026/4/19 20:03,北二干管理站,0.77
2026/4/19 19:57,北二干管理站,0.77
2026/4/19 19:52,北二干管理站,0.77
2026/4/19 19:47,北二干管理站,0.77
2026/4/19 19:42,北二干管理站,0.77
2026/4/19 19:36,北二干管理站,0.77
2026/4/19 19:31,北二干管理站,0.77
2026/4/19 19:26,北二干管理站,0.77
2026/4/19 19:21,北二干管理站,0.77
2026/4/19 19:16,北二干管理站,0.76
2026/4/19 19:11,北二干管理站,0.77
2026/4/19 19:05,北二干管理站,0.77
2026/4/19 19:00,北二干管理站,0.77
2026/4/19 18:55,北二干管理站,0.77
2026/4/19 18:49,北二干管理站,0.77
2026/4/19 18:44,北二干管理站,0.77
2026/4/19 18:39,北二干管理站,0.77
2026/4/19 18:33,北二干管理站,0.77
2026/4/19 18:28,北二干管理站,0.77
2026/4/19 18:23,北二干管理站,0.77
2026/4/19 18:18,北二干管理站,0.74
2026/4/19 18:12,北二干管理站,0.74
2026/4/19 18:07,北二干管理站,0.73
2026/4/19 18:02,北二干管理站,0.74
2026/4/19 17:57,北二干管理站,0.74
2026/4/19 17:51,北二干管理站,0.72
2026/4/19 17:46,北二干管理站,0.72
2026/4/19 17:40,北二干管理站,0.72
2026/4/19 17:35,北二干管理站,0.72
2026/4/19 17:30,北二干管理站,0.72
2026/4/19 17:25,北二干管理站,0.71
2026/4/19 17:19,北二干管理站,0.72
2026/4/19 17:14,北二干管理站,0.72
2026/4/19 17:09,北二干管理站,0.72
2026/4/19 17:04,北二干管理站,0.72
2026/4/19 16:58,北二干管理站,0.72
2026/4/19 16:53,北二干管理站,0.72
2026/4/19 16:48,北二干管理站,0.72
2026/4/19 16:43,北二干管理站,0.72
2026/4/19 16:38,北二干管理站,0.72
2026/4/19 16:33,北二干管理站,0.72
2026/4/19 16:27,北二干管理站,0.72
2026/4/19 16:22,北二干管理站,0.72
2026/4/19 16:17,北二干管理站,0.72
2026/4/19 16:11,北二干管理站,0.71
2026/4/19 16:06,北二干管理站,0.72
2026/4/19 16:01,北二干管理站,0.72
2026/4/19 15:56,北二干管理站,0.72
2026/4/19 15:50,北二干管理站,0.72
2026/4/19 15:45,北二干管理站,0.72
2026/4/19 15:39,北二干管理站,0.72
2026/4/19 15:34,北二干管理站,0.72
2026/4/19 15:29,北二干管理站,0.72
2026/4/19 15:23,北二干管理站,0.72
2026/4/19 15:18,北二干管理站,0.72
2026/4/19 15:13,北二干管理站,0.72
2026/4/19 15:08,北二干管理站,0.72
2026/4/19 15:02,北二干管理站,0.72
2026/4/19 14:57,北二干管理站,0.72
2026/4/19 14:52,北二干管理站,0.72
2026/4/19 14:47,北二干管理站,0.71
2026/4/19 14:41,北二干管理站,0.72
2026/4/19 14:36,北二干管理站,0.72
2026/4/19 14:31,北二干管理站,0.72
2026/4/19 14:26,北二干管理站,0.72
2026/4/19 14:20,北二干管理站,0.72
2026/4/19 14:15,北二干管理站,0.72
2026/4/19 14:10,北二干管理站,0.72
2026/4/19 14:04,北二干管理站,0.72
2026/4/19 13:59,北二干管理站,0.72
2026/4/19 13:53,北二干管理站,0.72
2026/4/19 13:48,北二干管理站,0.72
2026/4/19 13:43,北二干管理站,0.72
2026/4/19 13:38,北二干管理站,0.74
2026/4/19 13:32,北二干管理站,0.74
2026/4/19 13:27,北二干管理站,0.74
2026/4/19 13:21,北二干管理站,0.74
2026/4/19 13:16,北二干管理站,0.74
2026/4/19 13:11,北二干管理站,0.74
2026/4/19 13:05,北二干管理站,0.74
2026/4/19 13:00,北二干管理站,0.75
2026/4/19 12:54,北二干管理站,0.74
2026/4/19 12:49,北二干管理站,0.75
2026/4/19 12:44,北二干管理站,0.74
2026/4/19 12:38,北二干管理站,0.74
2026/4/19 12:33,北二干管理站,0.74
2026/4/19 12:28,北二干管理站,0.74
2026/4/19 12:22,北二干管理站,0.74
2026/4/19 12:17,北二干管理站,0.74
2026/4/19 12:12,北二干管理站,0.74
2026/4/19 12:06,北二干管理站,0.74
2026/4/19 12:01,北二干管理站,0.74
2026/4/19 11:55,北二干管理站,0.75
2026/4/19 11:50,北二干管理站,0.75
2026/4/19 11:45,北二干管理站,0.74
2026/4/19 11:39,北二干管理站,0.75
2026/4/19 11:34,北二干管理站,0.75
2026/4/19 11:29,北二干管理站,0.75
2026/4/19 11:23,北二干管理站,0.75
2026/4/19 11:18,北二干管理站,0.75
2026/4/19 11:13,北二干管理站,0.74
2026/4/19 11:07,北二干管理站,0.74
2026/4/19 11:02,北二干管理站,0.74
2026/4/19 10:56,北二干管理站,0.74
2026/4/19 10:51,北二干管理站,0.74
2026/4/19 10:46,北二干管理站,0.74
2026/4/19 10:40,北二干管理站,0.74
2026/4/19 10:35,北二干管理站,0.74
2026/4/19 10:30,北二干管理站,0.74
2026/4/19 10:24,北二干管理站,0.75
2026/4/19 10:19,北二干管理站,0.75
2026/4/19 10:14,北二干管理站,0.75
2026/4/19 10:08,北二干管理站,0.75
2026/4/19 10:03,北二干管理站,0.74
2026/4/19 9:58,北二干管理站,0.75
2026/4/19 9:52,北二干管理站,0.75
2026/4/19 9:47,北二干管理站,0.75
2026/4/19 9:41,北二干管理站,0.75
2026/4/19 9:36,北二干管理站,0.75
2026/4/19 9:31,北二干管理站,0.75
2026/4/19 9:25,北二干管理站,0.75
2026/4/19 9:20,北二干管理站,0.75
2026/4/19 9:15,北二干管理站,0.75
2026/4/19 9:09,北二干管理站,0.75
2026/4/19 9:04,北二干管理站,0.75
2026/4/19 8:58,北二干管理站,0.75
2026/4/19 8:53,北二干管理站,0.75
2026/4/19 8:48,北二干管理站,0.75
2026/4/19 8:42,北二干管理站,0.75
2026/4/19 8:37,北二干管理站,0.75
2026/4/19 8:32,北二干管理站,0.75
2026/4/19 8:26,北二干管理站,0.75
2026/4/19 8:21,北二干管理站,0.75
2026/4/19 8:16,北二干管理站,0.75
2026/4/19 8:11,北二干管理站,0.75
2026/4/19 8:06,北二干管理站,0.75
2026/4/19 8:01,北二干管理站,0.75
2026/4/19 7:55,北二干管理站,0.75
2026/4/19 7:50,北二干管理站,0.75
2026/4/19 7:45,北二干管理站,0.75
2026/4/19 7:40,北二干管理站,0.75
2026/4/19 7:34,北二干管理站,0.75
2026/4/19 7:29,北二干管理站,0.75
2026/4/19 7:23,北二干管理站,0.75
2026/4/19 7:18,北二干管理站,0.75
2026/4/19 7:13,北二干管理站,0.75
2026/4/19 7:08,北二干管理站,0.87
2026/4/19 7:02,北二干管理站,0.45
2026/4/19 6:57,北二干管理站,0.45
2026/4/19 6:52,北二干管理站,0.62
2026/4/19 6:47,北二干管理站,0.62
2026/4/19 6:42,北二干管理站,0.62
2026/4/19 6:36,北二干管理站,0.62
2026/4/19 6:31,北二干管理站,0.62
2026/4/19 6:25,北二干管理站,0.62
2026/4/19 6:20,北二干管理站,0.62
2026/4/19 6:15,北二干管理站,0.62
2026/4/19 6:09,北二干管理站,0.62
2026/4/19 6:04,北二干管理站,0.62
2026/4/19 5:58,北二干管理站,0.62
2026/4/19 5:53,北二干管理站,0.62
2026/4/19 5:48,北二干管理站,0.62
2026/4/19 5:43,北二干管理站,0.62
2026/4/19 5:38,北二干管理站,0.62
2026/4/19 5:32,北二干管理站,0.62
2026/4/19 5:27,北二干管理站,0.62
2026/4/19 5:22,北二干管理站,0.62
2026/4/19 5:16,北二干管理站,0.62
2026/4/19 5:11,北二干管理站,0.62
2026/4/19 5:06,北二干管理站,0.62
2026/4/19 5:01,北二干管理站,0.62
2026/4/19 4:55,北二干管理站,0.62
2026/4/19 4:50,北二干管理站,0.62
2026/4/19 4:45,北二干管理站,0.62
2026/4/19 4:40,北二干管理站,0.62
2026/4/19 4:34,北二干管理站,0.62
2026/4/19 4:29,北二干管理站,0.62
2026/4/19 4:24,北二干管理站,0.62
2026/4/19 4:19,北二干管理站,0.62
2026/4/19 4:13,北二干管理站,0.62
2026/4/19 4:08,北二干管理站,0.62
2026/4/19 4:03,北二干管理站,0.62
2026/4/19 3:58,北二干管理站,0.62
2026/4/19 3:52,北二干管理站,0.62
2026/4/19 3:47,北二干管理站,0.62
2026/4/19 3:42,北二干管理站,0.62
2026/4/19 3:37,北二干管理站,0.62
2026/4/19 3:31,北二干管理站,0.62
2026/4/19 3:26,北二干管理站,0.62
2026/4/19 3:21,北二干管理站,0.62
2026/4/19 3:15,北二干管理站,0.62
2026/4/19 3:10,北二干管理站,0.62
2026/4/19 3:05,北二干管理站,0.62
2026/4/19 2:59,北二干管理站,0.62
2026/4/19 2:54,北二干管理站,0.62
2026/4/19 2:49,北二干管理站,0.62
2026/4/19 2:43,北二干管理站,0.62
2026/4/19 2:38,北二干管理站,0.62
2026/4/19 2:33,北二干管理站,0.62
2026/4/19 2:27,北二干管理站,0.62
2026/4/19 2:22,北二干管理站,0.62
2026/4/19 2:16,北二干管理站,0.62
2026/4/19 2:11,北二干管理站,0.62
2026/4/19 2:06,北二干管理站,0.62
2026/4/19 2:00,北二干管理站,0.62
2026/4/19 1:55,北二干管理站,0.62
2026/4/19 1:50,北二干管理站,0.62
2026/4/19 1:44,北二干管理站,0.62
2026/4/19 1:39,北二干管理站,0.62
2026/4/19 1:34,北二干管理站,0.62
2026/4/19 1:28,北二干管理站,0.62
2026/4/19 1:23,北二干管理站,0.62
2026/4/19 1:17,北二干管理站,0.62
2026/4/19 1:12,北二干管理站,0.62
2026/4/19 1:07,北二干管理站,0.62
2026/4/19 1:02,北二干管理站,0.62
2026/4/19 0:57,北二干管理站,0.62
2026/4/19 0:52,北二干管理站,0.62
2026/4/19 0:46,北二干管理站,0.62
2026/4/19 0:41,北二干管理站,0.62
2026/4/19 0:35,北二干管理站,0.62
2026/4/19 0:30,北二干管理站,0.62
2026/4/19 0:25,北二干管理站,0.62
2026/4/19 0:20,北二干管理站,0.62
2026/4/19 0:14,北二干管理站,0.62
2026/4/19 0:09,北二干管理站,0.62
2026/4/19 0:04,北二干管理站,0.62
2026/4/18 23:59,北二干管理站,0.62
2026/4/18 23:53,北二干管理站,0.62
2026/4/18 23:48,北二干管理站,0.62
2026/4/18 23:43,北二干管理站,0.62
2026/4/18 23:37,北二干管理站,0.62
2026/4/18 23:32,北二干管理站,0.62
2026/4/18 23:27,北二干管理站,0.62
2026/4/18 23:21,北二干管理站,0.62
2026/4/18 23:16,北二干管理站,0.62
2026/4/18 23:11,北二干管理站,0.62
2026/4/18 23:06,北二干管理站,0.62
2026/4/18 23:00,北二干管理站,0.62
2026/4/18 22:55,北二干管理站,0.62
2026/4/18 22:50,北二干管理站,0.62
2026/4/18 22:44,北二干管理站,0.62
2026/4/18 22:39,北二干管理站,0.62
2026/4/18 22:34,北二干管理站,0.62
2026/4/18 22:29,北二干管理站,0.62
2026/4/18 22:23,北二干管理站,0.62
2026/4/18 22:18,北二干管理站,0.62
2026/4/18 22:13,北二干管理站,0.62
2026/4/18 22:08,北二干管理站,0.62
2026/4/18 22:03,北二干管理站,0.61
2026/4/18 21:57,北二干管理站,0.62
2026/4/18 21:52,北二干管理站,0.62
2026/4/18 21:46,北二干管理站,0.62
2026/4/18 21:41,北二干管理站,0.62
2026/4/18 21:36,北二干管理站,0.62
2026/4/18 21:31,北二干管理站,0.62
2026/4/18 21:25,北二干管理站,0.62
2026/4/18 21:20,北二干管理站,0.62
2026/4/18 21:14,北二干管理站,0.62
2026/4/18 21:09,北二干管理站,0.62
2026/4/18 21:03,北二干管理站,0.62
2026/4/18 20:58,北二干管理站,0.62
2026/4/18 20:53,北二干管理站,0.62
2026/4/18 20:48,北二干管理站,0.62
2026/4/18 20:43,北二干管理站,0.62
2026/4/18 20:37,北二干管理站,0.62
2026/4/18 20:32,北二干管理站,0.62
2026/4/18 20:27,北二干管理站,0.62
2026/4/18 20:22,北二干管理站,0.62
2026/4/18 20:16,北二干管理站,0.62
2026/4/18 20:11,北二干管理站,0.62
2026/4/18 20:06,北二干管理站,0.62
2026/4/18 20:01,北二干管理站,0.62
2026/4/18 19:55,北二干管理站,0.62
2026/4/18 19:50,北二干管理站,0.62
2026/4/18 19:44,北二干管理站,0.62
2026/4/18 19:39,北二干管理站,0.62
2026/4/18 19:34,北二干管理站,0.62
2026/4/18 19:28,北二干管理站,0.62
2026/4/18 19:23,北二干管理站,0.62
2026/4/18 19:17,北二干管理站,0.62
2026/4/18 19:12,北二干管理站,0.62
2026/4/18 19:07,北二干管理站,0.62
2026/4/18 19:01,北二干管理站,0.62
2026/4/18 18:56,北二干管理站,0.61
2026/4/18 18:51,北二干管理站,0.62
2026/4/18 18:45,北二干管理站,0.62
2026/4/18 18:40,北二干管理站,0.62
2026/4/18 18:34,北二干管理站,0.62
2026/4/18 18:29,北二干管理站,0.62
2026/4/18 18:23,北二干管理站,0.62
2026/4/18 18:18,北二干管理站,0.62
2026/4/18 18:12,北二干管理站,0.62
2026/4/18 18:07,北二干管理站,0.62
2026/4/18 18:01,北二干管理站,0.62
2026/4/18 17:56,北二干管理站,0.62
2026/4/18 17:51,北二干管理站,0.62
2026/4/18 17:46,北二干管理站,0.62
2026/4/18 17:40,北二干管理站,0.62
2026/4/18 17:35,北二干管理站,0.62
2026/4/18 17:30,北二干管理站,0.61
2026/4/18 17:24,北二干管理站,0.62
2026/4/18 17:19,北二干管理站,0.62
2026/4/18 17:14,北二干管理站,0.61
2026/4/18 17:08,北二干管理站,0.62
2026/4/18 17:03,北二干管理站,0.61
2026/4/18 16:58,北二干管理站,0.62
2026/4/18 16:53,北二干管理站,0.61
2026/4/18 16:47,北二干管理站,0.62
2026/4/18 16:42,北二干管理站,0.61
2026/4/18 16:37,北二干管理站,0.62
2026/4/18 16:31,北二干管理站,0.61
2026/4/18 16:26,北二干管理站,0.62
2026/4/18 16:21,北二干管理站,0.62
2026/4/18 16:15,北二干管理站,0.61
2026/4/18 16:10,北二干管理站,0.62
2026/4/18 16:05,北二干管理站,0.62
2026/4/18 15:59,北二干管理站,0.62
2026/4/18 15:54,北二干管理站,0.62
2026/4/18 15:48,北二干管理站,0.62
2026/4/18 15:43,北二干管理站,0.62
2026/4/18 15:38,北二干管理站,0.62
2026/4/18 15:32,北二干管理站,0.62
2026/4/18 15:27,北二干管理站,0.62
2026/4/18 15:22,北二干管理站,0.62
2026/4/18 15:16,北二干管理站,0.62
2026/4/18 15:11,北二干管理站,0.62
2026/4/18 15:05,北二干管理站,0.62
2026/4/18 15:00,北二干管理站,0.62
2026/4/18 14:55,北二干管理站,0.62
2026/4/18 14:50,北二干管理站,0.62
2026/4/18 14:44,北二干管理站,0.62
2026/4/18 14:39,北二干管理站,0.61
2026/4/18 14:34,北二干管理站,0.62
2026/4/18 14:28,北二干管理站,0.62
2026/4/18 14:23,北二干管理站,0.62
2026/4/18 14:17,北二干管理站,0.62
2026/4/18 14:12,北二干管理站,0.61
2026/4/18 14:07,北二干管理站,0.62
2026/4/18 14:01,北二干管理站,0.62
2026/4/18 13:56,北二干管理站,0.62
2026/4/18 13:50,北二干管理站,0.62
2026/4/18 13:45,北二干管理站,0.61
2026/4/18 13:40,北二干管理站,0.62
2026/4/18 13:34,北二干管理站,0.62
2026/4/18 13:29,北二干管理站,0.62
2026/4/18 13:24,北二干管理站,0.62
2026/4/18 13:18,北二干管理站,0.62
2026/4/18 13:13,北二干管理站,0.62
2026/4/18 13:08,北二干管理站,0.62
2026/4/18 13:02,北二干管理站,0.62
2026/4/18 12:57,北二干管理站,0.62
2026/4/18 12:51,北二干管理站,0.62
2026/4/18 12:46,北二干管理站,0.62
2026/4/18 12:41,北二干管理站,0.62
2026/4/18 12:35,北二干管理站,0.62
2026/4/18 12:30,北二干管理站,0.62
2026/4/18 12:25,北二干管理站,0.62
2026/4/18 12:19,北二干管理站,0.62
2026/4/18 12:14,北二干管理站,0.62
2026/4/18 12:09,北二干管理站,0.62
2026/4/18 12:03,北二干管理站,0.62
2026/4/18 11:58,北二干管理站,0.62
2026/4/18 11:53,北二干管理站,0.62
2026/4/18 11:47,北二干管理站,0.62
2026/4/18 11:42,北二干管理站,0.62
2026/4/18 11:36,北二干管理站,0.62
2026/4/18 11:31,北二干管理站,0.62
2026/4/18 11:26,北二干管理站,0.62
2026/4/18 11:20,北二干管理站,0.62
2026/4/18 11:15,北二干管理站,0.62
2026/4/18 11:10,北二干管理站,0.62
2026/4/18 11:04,北二干管理站,0.62
2026/4/18 10:59,北二干管理站,0.62
2026/4/18 10:54,北二干管理站,0.62
2026/4/18 10:48,北二干管理站,0.62
2026/4/18 10:43,北二干管理站,0.62
2026/4/18 10:37,北二干管理站,0.62
2026/4/18 10:32,北二干管理站,0.62
2026/4/18 10:27,北二干管理站,0.62
2026/4/18 10:22,北二干管理站,0.62
2026/4/18 10:16,北二干管理站,0.62
2026/4/18 10:11,北二干管理站,0.62
2026/4/18 10:06,北二干管理站,0.62
2026/4/18 10:01,北二干管理站,0.62
2026/4/18 9:56,北二干管理站,0.62
2026/4/18 9:50,北二干管理站,0.62
2026/4/18 9:45,北二干管理站,0.62
2026/4/18 9:40,北二干管理站,0.62
2026/4/18 9:34,北二干管理站,0.62
2026/4/18 9:29,北二干管理站,0.62
2026/4/18 9:24,北二干管理站,0.62
2026/4/18 9:19,北二干管理站,0.62
2026/4/18 9:14,北二干管理站,0.62
2026/4/18 9:09,北二干管理站,0.62
2026/4/18 9:03,北二干管理站,0.62
2026/4/18 8:58,北二干管理站,0.62
2026/4/18 8:53,北二干管理站,0.62
2026/4/18 8:48,北二干管理站,0.62
2026/4/18 8:43,北二干管理站,0.62
2026/4/18 8:37,北二干管理站,0.62
2026/4/18 8:32,北二干管理站,0.62
2026/4/18 8:27,北二干管理站,0.62
2026/4/18 8:22,北二干管理站,0.62
2026/4/18 8:16,北二干管理站,0.62
2026/4/18 8:11,北二干管理站,0.62
2026/4/18 8:06,北二干管理站,0.62
2026/4/18 8:01,北二干管理站,0.62
2026/4/18 7:55,北二干管理站,0.62
2026/4/18 7:50,北二干管理站,0.62
2026/4/18 7:44,北二干管理站,0.62
2026/4/18 7:39,北二干管理站,0.62
2026/4/18 7:33,北二干管理站,0.62
2026/4/18 7:28,北二干管理站,0.62
2026/4/18 7:22,北二干管理站,0.62
2026/4/18 7:17,北二干管理站,0.62
2026/4/18 7:11,北二干管理站,0.62
2026/4/18 7:06,北二干管理站,0.62
2026/4/18 7:01,北二干管理站,0.62
2026/4/18 6:56,北二干管理站,0.62
2026/4/18 6:50,北二干管理站,0.62
2026/4/18 6:45,北二干管理站,0.62
2026/4/18 6:39,北二干管理站,0.62
2026/4/18 6:34,北二干管理站,0.62
2026/4/18 6:28,北二干管理站,0.62
2026/4/18 6:23,北二干管理站,0.62
2026/4/18 6:18,北二干管理站,0.62
2026/4/18 6:13,北二干管理站,0.62
2026/4/18 6:07,北二干管理站,0.62
2026/4/18 6:02,北二干管理站,0.62
2026/4/18 5:56,北二干管理站,0.62
2026/4/18 5:51,北二干管理站,0.62
2026/4/18 5:46,北二干管理站,0.62
2026/4/18 5:40,北二干管理站,0.62
2026/4/18 5:35,北二干管理站,0.62
2026/4/18 5:29,北二干管理站,0.62
2026/4/18 5:24,北二干管理站,0.62
2026/4/18 5:19,北二干管理站,0.62
2026/4/18 5:13,北二干管理站,0.62
2026/4/18 5:08,北二干管理站,0.62
2026/4/18 5:03,北二干管理站,0.62
2026/4/18 4:58,北二干管理站,0.62
2026/4/18 4:52,北二干管理站,0.62
2026/4/18 4:47,北二干管理站,0.62
2026/4/18 4:42,北二干管理站,0.62
2026/4/18 4:37,北二干管理站,0.62
2026/4/18 4:32,北二干管理站,0.62
2026/4/18 4:26,北二干管理站,0.62
2026/4/18 4:21,北二干管理站,0.62
2026/4/18 4:15,北二干管理站,0.62
2026/4/18 4:10,北二干管理站,0.62
2026/4/18 4:05,北二干管理站,0.62
2026/4/18 4:00,北二干管理站,0.62
2026/4/18 3:54,北二干管理站,0.62
2026/4/18 3:49,北二干管理站,0.62
2026/4/18 3:44,北二干管理站,0.62
2026/4/18 3:38,北二干管理站,0.62
2026/4/18 3:33,北二干管理站,0.62
2026/4/18 3:27,北二干管理站,0.62
2026/4/18 3:22,北二干管理站,0.62
2026/4/18 3:17,北二干管理站,0.62
2026/4/18 3:12,北二干管理站,0.62
2026/4/18 3:06,北二干管理站,0.62
2026/4/18 3:01,北二干管理站,0.62
2026/4/18 2:56,北二干管理站,0.62
2026/4/18 2:51,北二干管理站,0.62
2026/4/18 2:46,北二干管理站,0.62
2026/4/18 2:40,北二干管理站,0.62
2026/4/18 2:35,北二干管理站,0.62
2026/4/18 2:30,北二干管理站,0.62
2026/4/18 2:24,北二干管理站,0.62
2026/4/18 2:19,北二干管理站,0.62
2026/4/18 2:13,北二干管理站,0.62
2026/4/18 2:08,北二干管理站,0.62
2026/4/18 2:03,北二干管理站,0.62
2026/4/18 1:57,北二干管理站,0.62
2026/4/18 1:52,北二干管理站,0.62
2026/4/18 1:47,北二干管理站,0.62
2026/4/18 1:42,北二干管理站,0.62
2026/4/18 1:37,北二干管理站,0.62
2026/4/18 1:31,北二干管理站,0.62
2026/4/18 1:26,北二干管理站,0.62
2026/4/18 1:21,北二干管理站,0.62
2026/4/18 1:16,北二干管理站,0.62
2026/4/18 1:11,北二干管理站,0.62
2026/4/18 1:02,北二干管理站,0.62
2026/4/18 1:00,北二干管理站,0.62
2026/4/18 0:55,北二干管理站,0.62
2026/4/18 0:50,北二干管理站,0.62
2026/4/18 0:45,北二干管理站,0.62
2026/4/18 0:39,北二干管理站,0.62
2026/4/18 0:34,北二干管理站,0.62
2026/4/18 0:28,北二干管理站,0.62
2026/4/18 0:23,北二干管理站,0.62
2026/4/18 0:18,北二干管理站,0.62
2026/4/18 0:12,北二干管理站,0.62
2026/4/18 0:07,北二干管理站,0.62
2026/4/18 0:02,北二干管理站,0.62
2026/4/17 23:57,北二干管理站,0.62
2026/4/17 23:52,北二干管理站,0.62
2026/4/17 23:46,北二干管理站,0.62
2026/4/17 23:41,北二干管理站,0.62
2026/4/17 23:35,北二干管理站,0.62
2026/4/17 23:30,北二干管理站,0.62
2026/4/17 23:25,北二干管理站,0.62
2026/4/17 23:20,北二干管理站,0.62
2026/4/17 23:15,北二干管理站,0.62
2026/4/17 23:09,北二干管理站,0.62
2026/4/17 23:02,北二干管理站,0.62
2026/4/17 22:58,北二干管理站,0.62
2026/4/17 22:53,北二干管理站,0.62
2026/4/17 22:48,北二干管理站,0.62
2026/4/17 22:43,北二干管理站,0.62
2026/4/17 22:37,北二干管理站,0.62
2026/4/17 22:32,北二干管理站,0.62
2026/4/17 22:27,北二干管理站,0.62
2026/4/17 22:22,北二干管理站,0.62
2026/4/17 22:16,北二干管理站,0.62
2026/4/17 22:11,北二干管理站,0.62
2026/4/17 22:06,北二干管理站,0.62
2026/4/17 22:01,北二干管理站,0.62
2026/4/17 21:55,北二干管理站,0.62
2026/4/17 21:50,北二干管理站,0.62
2026/4/17 21:45,北二干管理站,0.62
2026/4/17 21:39,北二干管理站,0.62
2026/4/17 21:34,北二干管理站,0.62
2026/4/17 21:28,北二干管理站,0.62
2026/4/17 21:23,北二干管理站,0.62
2026/4/17 21:18,北二干管理站,0.62
2026/4/17 21:12,北二干管理站,0.62
2026/4/17 21:07,北二干管理站,0.62
2026/4/17 21:02,北二干管理站,0.62
2026/4/17 20:56,北二干管理站,0.62
2026/4/17 20:51,北二干管理站,0.62
2026/4/17 20:46,北二干管理站,0.62
2026/4/17 20:40,北二干管理站,0.62
2026/4/17 20:35,北二干管理站,0.62
2026/4/17 20:30,北二干管理站,0.62
2026/4/17 20:24,北二干管理站,0.62
2026/4/17 20:19,北二干管理站,0.62
2026/4/17 20:14,北二干管理站,0.62
2026/4/17 20:08,北二干管理站,0.62
2026/4/17 20:03,北二干管理站,0.62
2026/4/17 19:57,北二干管理站,0.62
2026/4/17 19:52,北二干管理站,0.62
2026/4/17 19:47,北二干管理站,0.62
2026/4/17 19:41,北二干管理站,0.62
2026/4/17 19:36,北二干管理站,0.62
2026/4/17 19:31,北二干管理站,0.62
2026/4/17 19:25,北二干管理站,0.62
2026/4/17 19:20,北二干管理站,0.62
2026/4/17 19:14,北二干管理站,0.62
2026/4/17 19:09,北二干管理站,0.62
2026/4/17 19:04,北二干管理站,0.62
2026/4/17 18:59,北二干管理站,0.62
2026/4/17 18:53,北二干管理站,0.62
2026/4/17 18:48,北二干管理站,0.62
2026/4/17 18:42,北二干管理站,0.62
2026/4/17 18:37,北二干管理站,0.62
2026/4/17 18:32,北二干管理站,0.62
2026/4/17 18:26,北二干管理站,0.62
2026/4/17 18:21,北二干管理站,0.63
2026/4/17 18:16,北二干管理站,0.63
2026/4/17 18:10,北二干管理站,0.63
2026/4/17 18:05,北二干管理站,0.63
2026/4/17 17:59,北二干管理站,0.63
2026/4/17 17:54,北二干管理站,0.63
2026/4/17 17:49,北二干管理站,0.63
2026/4/17 17:43,北二干管理站,0.63
2026/4/17 17:38,北二干管理站,0.63
2026/4/17 17:33,北二干管理站,0.63
2026/4/17 17:28,北二干管理站,0.63
2026/4/17 17:23,北二干管理站,0.63
2026/4/17 17:18,北二干管理站,0.62
2026/4/17 17:12,北二干管理站,0.63
2026/4/17 17:07,北二干管理站,0.63
2026/4/17 17:02,北二干管理站,0.63
2026/4/17 16:57,北二干管理站,0.63
2026/4/17 16:51,北二干管理站,0.63
2026/4/17 16:46,北二干管理站,0.63
2026/4/17 16:41,北二干管理站,0.62
2026/4/17 16:36,北二干管理站,0.63
2026/4/17 16:31,北二干管理站,0.63
2026/4/17 16:25,北二干管理站,0.63
2026/4/17 16:20,北二干管理站,0.62
2026/4/17 16:15,北二干管理站,0.62
2026/4/17 16:10,北二干管理站,0.62
2026/4/17 16:05,北二干管理站,0.63
2026/4/17 15:59,北二干管理站,0.62
2026/4/17 15:54,北二干管理站,0.62
2026/4/17 15:49,北二干管理站,0.62
2026/4/17 15:44,北二干管理站,0.62
2026/4/17 15:39,北二干管理站,0.62
2026/4/17 15:33,北二干管理站,0.63
2026/4/17 15:28,北二干管理站,0.63
2026/4/17 15:23,北二干管理站,0.62
2026/4/17 15:17,北二干管理站,0.63
2026/4/17 15:12,北二干管理站,0.62
2026/4/17 15:07,北二干管理站,0.63
2026/4/17 15:02,北二干管理站,0.62
2026/4/17 14:56,北二干管理站,0.62
2026/4/17 14:51,北二干管理站,0.63
2026/4/17 14:45,北二干管理站,0.62
2026/4/17 14:40,北二干管理站,0.62
2026/4/17 14:34,北二干管理站,0.62
2026/4/17 14:29,北二干管理站,0.62
2026/4/17 14:24,北二干管理站,0.62
2026/4/17 14:18,北二干管理站,0.62
2026/4/17 14:13,北二干管理站,0.63
2026/4/17 14:08,北二干管理站,0.62
2026/4/17 14:02,北二干管理站,0.62
2026/4/17 13:57,北二干管理站,0.63
2026/4/17 13:51,北二干管理站,0.62
2026/4/17 13:46,北二干管理站,0.62
2026/4/17 13:41,北二干管理站,0.63
2026/4/17 13:35,北二干管理站,0.63
2026/4/17 13:30,北二干管理站,0.62
2026/4/17 13:25,北二干管理站,0.62
2026/4/17 13:19,北二干管理站,0.62
2026/4/17 13:14,北二干管理站,0.63
2026/4/17 13:09,北二干管理站,0.63
2026/4/17 13:03,北二干管理站,0.63
2026/4/17 12:58,北二干管理站,0.63
2026/4/17 12:53,北二干管理站,0.63
2026/4/17 12:48,北二干管理站,0.63
2026/4/17 12:42,北二干管理站,0.63
2026/4/17 12:37,北二干管理站,0.63
2026/4/17 12:32,北二干管理站,0.63
2026/4/17 12:26,北二干管理站,0.63
2026/4/17 12:21,北二干管理站,0.63
2026/4/17 12:16,北二干管理站,0.63
2026/4/17 12:10,北二干管理站,0.63
2026/4/17 12:05,北二干管理站,0.63
2026/4/17 12:00,北二干管理站,0.63
2026/4/17 11:54,北二干管理站,0.63
2026/4/17 11:49,北二干管理站,0.63
2026/4/17 11:44,北二干管理站,0.63
2026/4/17 11:38,北二干管理站,0.63
2026/4/17 11:33,北二干管理站,0.63
2026/4/17 11:28,北二干管理站,0.63
2026/4/17 11:22,北二干管理站,0.63
2026/4/17 11:17,北二干管理站,0.63
2026/4/17 11:12,北二干管理站,0.63
2026/4/17 11:07,北二干管理站,0.63
2026/4/17 11:02,北二干管理站,0.63
2026/4/17 10:56,北二干管理站,0.63
2026/4/17 10:51,北二干管理站,0.63
2026/4/17 10:45,北二干管理站,0.63
2026/4/17 10:40,北二干管理站,0.63
2026/4/17 10:35,北二干管理站,0.63
2026/4/17 10:30,北二干管理站,0.63
2026/4/17 10:25,北二干管理站,0.63
2026/4/17 10:19,北二干管理站,0.63
2026/4/17 10:14,北二干管理站,0.63
2026/4/17 10:09,北二干管理站,0.63
2026/4/17 10:03,北二干管理站,0.63
2026/4/17 9:58,北二干管理站,0.63
2026/4/17 9:53,北二干管理站,0.63
2026/4/17 9:48,北二干管理站,0.63
2026/4/17 9:42,北二干管理站,0.63
2026/4/17 9:37,北二干管理站,0.63
2026/4/17 9:32,北二干管理站,0.63
2026/4/17 9:27,北二干管理站,0.63
2026/4/17 9:22,北二干管理站,0.63
2026/4/17 9:17,北二干管理站,0.63
2026/4/17 9:11,北二干管理站,0.63
2026/4/17 9:06,北二干管理站,0.63
2026/4/17 9:01,北二干管理站,0.63
2026/4/17 8:55,北二干管理站,0.63
2026/4/17 8:50,北二干管理站,0.63
2026/4/17 8:45,北二干管理站,0.63
2026/4/17 8:39,北二干管理站,0.63
2026/4/17 8:34,北二干管理站,0.63
2026/4/17 8:29,北二干管理站,0.63
2026/4/17 8:23,北二干管理站,0.63
2026/4/17 8:18,北二干管理站,0.63
2026/4/17 8:13,北二干管理站,0.63
2026/4/17 8:07,北二干管理站,0.63
2026/4/17 8:02,北二干管理站,0.63
2026/4/17 7:57,北二干管理站,0.63
2026/4/17 7:51,北二干管理站,0.63
2026/4/17 7:46,北二干管理站,0.63
2026/4/17 7:40,北二干管理站,0.63
2026/4/17 7:35,北二干管理站,0.63
2026/4/17 7:29,北二干管理站,0.63
2026/4/17 7:24,北二干管理站,0.63
2026/4/17 7:19,北二干管理站,0.63
2026/4/17 7:14,北二干管理站,0.63
2026/4/17 7:08,北二干管理站,0.63
2026/4/17 7:03,北二干管理站,0.62
2026/4/17 6:58,北二干管理站,0.63
2026/4/17 6:52,北二干管理站,0.63
2026/4/17 6:47,北二干管理站,0.63
2026/4/17 6:41,北二干管理站,0.61
2026/4/17 6:36,北二干管理站,0.61
2026/4/17 6:31,北二干管理站,0.6
2026/4/17 6:26,北二干管理站,0.6
2026/4/17 6:20,北二干管理站,0.58
2026/4/17 6:15,北二干管理站,0.58
2026/4/17 6:09,北二干管理站,0.58
2026/4/17 6:04,北二干管理站,0.56
2026/4/17 5:59,北二干管理站,0.54
2026/4/17 5:53,北二干管理站,0.56
2026/4/17 5:48,北二干管理站,0.53
2026/4/17 5:43,北二干管理站,0.54
2026/4/17 5:37,北二干管理站,0.55
2026/4/17 5:32,北二干管理站,0.51
2026/4/17 5:26,北二干管理站,0.52
2026/4/17 5:21,北二干管理站,0.47
2026/4/17 5:16,北二干管理站,0
2026/4/17 5:10,北二干管理站,0
2026/4/17 5:05,北二干管理站,0
2026/4/17 5:00,北二干管理站,0
2026/4/17 4:54,北二干管理站,0
2026/4/17 4:49,北二干管理站,0
2026/4/17 4:44,北二干管理站,0
2026/4/17 4:38,北二干管理站,0
2026/4/17 4:33,北二干管理站,0
2026/4/17 4:28,北二干管理站,0
2026/4/17 4:23,北二干管理站,0
2026/4/17 4:18,北二干管理站,0
2026/4/17 4:13,北二干管理站,0
2026/4/17 4:08,北二干管理站,0
2026/4/17 4:03,北二干管理站,0
2026/4/17 3:57,北二干管理站,0
2026/4/17 3:52,北二干管理站,0
2026/4/17 3:47,北二干管理站,0
2026/4/17 3:42,北二干管理站,0
2026/4/17 3:37,北二干管理站,0
2026/4/17 3:31,北二干管理站,0
2026/4/17 3:26,北二干管理站,0
2026/4/17 3:21,北二干管理站,0
2026/4/17 3:16,北二干管理站,0
2026/4/17 3:10,北二干管理站,0
2026/4/17 3:05,北二干管理站,0
2026/4/17 3:00,北二干管理站,0
2026/4/17 2:54,北二干管理站,0
2026/4/17 2:49,北二干管理站,0
2026/4/17 2:44,北二干管理站,0
2026/4/17 2:38,北二干管理站,0
2026/4/17 2:33,北二干管理站,0
2026/4/17 2:28,北二干管理站,0
2026/4/17 2:23,北二干管理站,0
2026/4/17 2:18,北二干管理站,0
2026/4/17 2:12,北二干管理站,0
2026/4/17 2:07,北二干管理站,0
2026/4/17 2:01,北二干管理站,0
2026/4/17 1:56,北二干管理站,0
2026/4/17 1:50,北二干管理站,0
2026/4/17 1:45,北二干管理站,0
2026/4/17 1:39,北二干管理站,0
2026/4/17 1:34,北二干管理站,0
2026/4/17 1:29,北二干管理站,0
2026/4/17 1:24,北二干管理站,0
2026/4/17 1:19,北二干管理站,0
2026/4/17 1:13,北二干管理站,0
2026/4/17 1:08,北二干管理站,0
2026/4/17 1:02,北二干管理站,0
2026/4/17 0:57,北二干管理站,0
2026/4/17 0:52,北二干管理站,0
2026/4/17 0:46,北二干管理站,0
2026/4/17 0:41,北二干管理站,0
2026/4/17 0:36,北二干管理站,0
2026/4/17 0:30,北二干管理站,0
2026/4/17 0:25,北二干管理站,0
2026/4/17 0:20,北二干管理站,0
2026/4/17 0:15,北二干管理站,0
2026/4/17 0:09,北二干管理站,0
2026/4/17 0:04,北二干管理站,0
2026/4/16 23:59,北二干管理站,0
2026/4/16 23:54,北二干管理站,0
2026/4/16 23:48,北二干管理站,0
2026/4/16 23:43,北二干管理站,0
2026/4/16 23:38,北二干管理站,0
2026/4/16 23:33,北二干管理站,0
2026/4/16 23:27,北二干管理站,0
2026/4/16 23:22,北二干管理站,0
2026/4/16 23:17,北二干管理站,0
2026/4/16 23:11,北二干管理站,0
2026/4/16 23:04,北二干管理站,0
2026/4/16 23:00,北二干管理站,0
2026/4/16 22:55,北二干管理站,0
2026/4/16 22:50,北二干管理站,0
2026/4/16 22:45,北二干管理站,0
2026/4/16 22:39,北二干管理站,0
2026/4/16 22:34,北二干管理站,0
2026/4/16 22:28,北二干管理站,0
2026/4/16 22:23,北二干管理站,0
2026/4/16 22:18,北二干管理站,0
2026/4/16 22:12,北二干管理站,0
2026/4/16 22:07,北二干管理站,0
2026/4/16 22:02,北二干管理站,0
2026/4/16 21:56,北二干管理站,0
2026/4/16 21:51,北二干管理站,0
2026/4/16 21:46,北二干管理站,0
2026/4/16 21:40,北二干管理站,0
2026/4/16 21:22,北二干管理站,0
2026/4/16 9:51,北二干管理站,0
2026/4/16 9:46,北二干管理站,0
2026/4/16 9:40,北二干管理站,0
2026/4/16 9:35,北二干管理站,0
2026/4/16 9:29,北二干管理站,0
2026/4/16 9:24,北二干管理站,0
2026/4/16 9:18,北二干管理站,0
2026/4/16 9:13,北二干管理站,0
2026/4/16 9:08,北二干管理站,0
2026/4/16 9:03,北二干管理站,0
2026/4/16 8:57,北二干管理站,0
2026/4/16 8:52,北二干管理站,0
2026/4/16 8:47,北二干管理站,0
2026/4/16 8:42,北二干管理站,0
2026/4/16 8:37,北二干管理站,0
2026/4/16 8:32,北二干管理站,0
2026/4/16 8:26,北二干管理站,0
2026/4/16 8:21,北二干管理站,0
2026/4/16 8:15,北二干管理站,0
2026/4/16 8:10,北二干管理站,0
2026/4/16 8:05,北二干管理站,0
2026/4/16 8:00,北二干管理站,0
2026/4/16 7:54,北二干管理站,0
2026/4/16 7:49,北二干管理站,0
2026/4/16 7:43,北二干管理站,0
2026/4/16 7:38,北二干管理站,0
2026/4/16 7:32,北二干管理站,0
2026/4/16 7:27,北二干管理站,0
2026/4/16 7:22,北二干管理站,0
2026/4/16 7:16,北二干管理站,0
2026/4/16 7:11,北二干管理站,0
2026/4/16 7:06,北二干管理站,0
2026/4/16 7:00,北二干管理站,0
2026/4/16 6:55,北二干管理站,0
2026/4/16 6:49,北二干管理站,0
2026/4/16 6:44,北二干管理站,0
2026/4/16 6:39,北二干管理站,0
2026/4/16 6:33,北二干管理站,0
2026/4/16 6:28,北二干管理站,0
2026/4/16 6:23,北二干管理站,0
2026/4/16 6:17,北二干管理站,0
2026/4/16 6:12,北二干管理站,0
2026/4/16 6:07,北二干管理站,0
2026/4/16 6:01,北二干管理站,0
2026/4/16 5:56,北二干管理站,0
2026/4/16 5:51,北二干管理站,0
2026/4/16 5:45,北二干管理站,0
2026/4/16 5:40,北二干管理站,0
2026/4/16 5:34,北二干管理站,0
2026/4/16 5:29,北二干管理站,0
2026/4/16 5:24,北二干管理站,0
2026/4/16 5:19,北二干管理站,0
2026/4/16 5:13,北二干管理站,0
2026/4/16 5:08,北二干管理站,0
2026/4/16 5:03,北二干管理站,0
2026/4/16 4:58,北二干管理站,0
2026/4/16 4:53,北二干管理站,0
2026/4/16 4:48,北二干管理站,0
2026/4/16 4:42,北二干管理站,0
2026/4/16 4:37,北二干管理站,0
2026/4/16 4:32,北二干管理站,0
2026/4/16 4:26,北二干管理站,0
2026/4/16 4:21,北二干管理站,0
2026/4/16 4:16,北二干管理站,0
2026/4/16 4:11,北二干管理站,0
2026/4/16 4:05,北二干管理站,0
2026/4/16 4:00,北二干管理站,0
2026/4/16 3:55,北二干管理站,0
2026/4/16 3:49,北二干管理站,0
2026/4/16 3:44,北二干管理站,0
2026/4/16 3:39,北二干管理站,0
2026/4/16 3:34,北二干管理站,0
2026/4/16 3:28,北二干管理站,0
2026/4/16 3:23,北二干管理站,0
2026/4/16 3:18,北二干管理站,0
2026/4/16 3:12,北二干管理站,0
2026/4/16 3:07,北二干管理站,0
2026/4/16 3:01,北二干管理站,0
2026/4/16 2:56,北二干管理站,0
2026/4/16 2:51,北二干管理站,0
2026/4/16 2:46,北二干管理站,0
2026/4/16 2:40,北二干管理站,0
2026/4/16 2:35,北二干管理站,0
2026/4/16 2:30,北二干管理站,0
2026/4/16 2:24,北二干管理站,0
2026/4/16 2:19,北二干管理站,0
2026/4/16 2:14,北二干管理站,0
2026/4/16 2:08,北二干管理站,0
2026/4/16 2:03,北二干管理站,0
2026/4/16 1:58,北二干管理站,0
2026/4/16 1:53,北二干管理站,0
2026/4/16 1:47,北二干管理站,0
2026/4/16 1:42,北二干管理站,0
2026/4/16 1:36,北二干管理站,0
2026/4/16 1:31,北二干管理站,0
2026/4/16 1:26,北二干管理站,0
2026/4/16 1:21,北二干管理站,0
2026/4/16 1:16,北二干管理站,0
2026/4/16 1:11,北二干管理站,0
2026/4/16 1:05,北二干管理站,0
2026/4/16 1:00,北二干管理站,0
2026/4/16 0:55,北二干管理站,0
2026/4/16 0:50,北二干管理站,0
2026/4/16 0:45,北二干管理站,0
2026/4/16 0:39,北二干管理站,0
2026/4/16 0:34,北二干管理站,0
2026/4/16 0:29,北二干管理站,0
2026/4/16 0:24,北二干管理站,0
2026/4/16 0:18,北二干管理站,0
2026/4/16 0:13,北二干管理站,0
2026/4/16 0:08,北二干管理站,0
2026/4/16 0:02,北二干管理站,0
2026/4/15 23:57,北二干管理站,0
2026/4/15 23:52,北二干管理站,0
2026/4/15 23:46,北二干管理站,0
2026/4/15 23:41,北二干管理站,0
2026/4/15 23:36,北二干管理站,0
2026/4/15 23:30,北二干管理站,0
2026/4/15 23:25,北二干管理站,0
2026/4/15 23:20,北二干管理站,0
2026/4/15 23:15,北二干管理站,0
2026/4/15 23:09,北二干管理站,0
2026/4/15 23:03,北二干管理站,0
2026/4/15 22:58,北二干管理站,0
2026/4/15 22:53,北二干管理站,0
2026/4/15 22:47,北二干管理站,0
2026/4/15 22:42,北二干管理站,0
2026/4/15 22:37,北二干管理站,0
2026/4/15 22:31,北二干管理站,0
2026/4/15 22:26,北二干管理站,0
2026/4/15 22:21,北二干管理站,0
2026/4/15 22:15,北二干管理站,0
2026/4/15 22:10,北二干管理站,0
2026/4/15 22:04,北二干管理站,0
2026/4/15 21:59,北二干管理站,0
2026/4/15 21:54,北二干管理站,0
2026/4/15 21:48,北二干管理站,0
2026/4/15 21:43,北二干管理站,0
2026/4/15 21:38,北二干管理站,0
2026/4/15 21:32,北二干管理站,0
2026/4/15 21:27,北二干管理站,0
2026/4/15 21:22,北二干管理站,0
2026/4/15 21:16,北二干管理站,0
2026/4/15 21:11,北二干管理站,0
2026/4/15 21:05,北二干管理站,0
2026/4/15 21:00,北二干管理站,0
2026/4/15 20:55,北二干管理站,0
2026/4/15 20:49,北二干管理站,0
2026/4/15 20:44,北二干管理站,0
2026/4/15 20:39,北二干管理站,0
2026/4/15 20:33,北二干管理站,0
2026/4/15 20:28,北二干管理站,0
2026/4/15 20:23,北二干管理站,0
2026/4/15 20:17,北二干管理站,0
2026/4/15 20:12,北二干管理站,0
2026/4/15 20:06,北二干管理站,0
2026/4/15 20:01,北二干管理站,0
2026/4/15 19:56,北二干管理站,0
2026/4/15 19:50,北二干管理站,0
2026/4/15 19:45,北二干管理站,0
2026/4/15 19:40,北二干管理站,0
2026/4/15 19:34,北二干管理站,0
2026/4/15 19:29,北二干管理站,0
2026/4/15 19:24,北二干管理站,0
2026/4/15 19:18,北二干管理站,0
2026/4/15 19:13,北二干管理站,0
2026/4/15 19:07,北二干管理站,0
2026/4/15 19:02,北二干管理站,0
2026/4/15 18:56,北二干管理站,0
2026/4/15 18:51,北二干管理站,0
2026/4/15 18:46,北二干管理站,0
2026/4/15 18:41,北二干管理站,0
2026/4/15 18:35,北二干管理站,0
2026/4/15 18:30,北二干管理站,0
2026/4/15 18:25,北二干管理站,0
2026/4/15 18:19,北二干管理站,0
2026/4/15 18:14,北二干管理站,0
2026/4/15 18:08,北二干管理站,0
2026/4/15 18:03,北二干管理站,0
2026/4/15 17:58,北二干管理站,0
2026/4/15 17:52,北二干管理站,0
2026/4/15 17:47,北二干管理站,0
2026/4/15 17:42,北二干管理站,0
2026/4/15 17:37,北二干管理站,0
2026/4/15 17:31,北二干管理站,0
2026/4/15 17:26,北二干管理站,0
2026/4/15 17:20,北二干管理站,0
2026/4/15 17:15,北二干管理站,0
2026/4/15 17:10,北二干管理站,0
2026/4/15 17:04,北二干管理站,0
2026/4/15 16:59,北二干管理站,0
2026/4/15 16:54,北二干管理站,0
2026/4/15 16:48,北二干管理站,0
2026/4/15 16:43,北二干管理站,0
2026/4/15 16:37,北二干管理站,0
2026/4/15 16:32,北二干管理站,0
2026/4/15 16:27,北二干管理站,0
2026/4/15 16:21,北二干管理站,0
2026/4/15 16:16,北二干管理站,0
2026/4/15 16:10,北二干管理站,0
2026/4/15 16:05,北二干管理站,0
2026/4/15 15:59,北二干管理站,0
2026/4/15 15:54,北二干管理站,0
2026/4/15 15:49,北二干管理站,0
2026/4/15 15:44,北二干管理站,0
2026/4/15 15:38,北二干管理站,0
2026/4/15 15:33,北二干管理站,0
2026/4/15 15:28,北二干管理站,0
2026/4/15 15:22,北二干管理站,0
2026/4/15 15:17,北二干管理站,0
2026/4/15 15:12,北二干管理站,0
2026/4/15 15:07,北二干管理站,0
2026/4/15 15:02,北二干管理站,0
2026/4/15 14:56,北二干管理站,0
2026/4/15 14:51,北二干管理站,0
2026/4/15 14:46,北二干管理站,0
2026/4/15 14:40,北二干管理站,0
2026/4/15 14:35,北二干管理站,0
2026/4/15 14:30,北二干管理站,0
2026/4/15 14:24,北二干管理站,0
2026/4/15 14:19,北二干管理站,0
2026/4/15 14:14,北二干管理站,0
2026/4/15 14:09,北二干管理站,0
2026/4/15 14:04,北二干管理站,0
2026/4/15 13:58,北二干管理站,0
2026/4/15 13:53,北二干管理站,0
2026/4/15 13:47,北二干管理站,0
2026/4/15 13:42,北二干管理站,0
2026/4/15 13:37,北二干管理站,0
2026/4/15 13:31,北二干管理站,0
2026/4/15 13:26,北二干管理站,0
2026/4/15 13:20,北二干管理站,0
2026/4/15 13:15,北二干管理站,0
2026/4/15 13:10,北二干管理站,0
2026/4/15 13:05,北二干管理站,0
2026/4/15 13:00,北二干管理站,0
2026/4/15 12:54,北二干管理站,0
2026/4/15 12:49,北二干管理站,0
2026/4/15 12:44,北二干管理站,0
2026/4/15 12:39,北二干管理站,0
2026/4/15 12:33,北二干管理站,0
2026/4/15 12:28,北二干管理站,0
2026/4/15 12:23,北二干管理站,0
2026/4/15 12:18,北二干管理站,0
2026/4/15 12:12,北二干管理站,0
2026/4/15 12:07,北二干管理站,0
2026/4/15 12:01,北二干管理站,0
2026/4/15 11:56,北二干管理站,0
2026/4/15 11:51,北二干管理站,0
2026/4/15 11:46,北二干管理站,0
2026/4/15 11:41,北二干管理站,0
2026/4/15 11:36,北二干管理站,0
2026/4/15 11:30,北二干管理站,0
2026/4/15 11:25,北二干管理站,0
2026/4/15 11:20,北二干管理站,0
2026/4/15 11:14,北二干管理站,0
2026/4/15 11:09,北二干管理站,0
2026/4/15 11:04,北二干管理站,0
2026/4/15 10:58,北二干管理站,0
2026/4/15 10:53,北二干管理站,0
2026/4/15 10:47,北二干管理站,0
2026/4/15 10:42,北二干管理站,0
2026/4/15 10:37,北二干管理站,0
2026/4/15 10:32,北二干管理站,0
2026/4/15 10:27,北二干管理站,0
2026/4/15 10:22,北二干管理站,0
2026/4/15 10:17,北二干管理站,0
2026/4/15 10:12,北二干管理站,0
2026/4/15 10:06,北二干管理站,0
2026/4/15 10:01,北二干管理站,0
2026/4/15 9:56,北二干管理站,0
2026/4/15 9:50,北二干管理站,0
2026/4/15 9:45,北二干管理站,0
2026/4/15 9:39,北二干管理站,0
2026/4/15 9:34,北二干管理站,0
2026/4/15 9:29,北二干管理站,0
2026/4/15 9:24,北二干管理站,0
2026/4/15 9:18,北二干管理站,0
2026/4/15 9:13,北二干管理站,0
2026/4/15 9:08,北二干管理站,0
2026/4/15 9:03,北二干管理站,0
2026/4/15 8:57,北二干管理站,0
2026/4/15 8:52,北二干管理站,0
2026/4/15 8:46,北二干管理站,0
2026/4/15 8:41,北二干管理站,0
2026/4/15 8:35,北二干管理站,0
2026/4/15 8:30,北二干管理站,0
2026/4/15 8:25,北二干管理站,0
2026/4/15 8:20,北二干管理站,0
2026/4/15 8:14,北二干管理站,0
2026/4/15 8:09,北二干管理站,0
2026/4/15 8:03,北二干管理站,0
2026/4/15 7:58,北二干管理站,0
2026/4/15 7:53,北二干管理站,0
2026/4/15 7:48,北二干管理站,0
2026/4/15 7:42,北二干管理站,0
2026/4/15 7:37,北二干管理站,0
2026/4/15 7:32,北二干管理站,0
2026/4/15 7:26,北二干管理站,0
2026/4/15 7:21,北二干管理站,0
2026/4/15 7:15,北二干管理站,0
2026/4/15 7:10,北二干管理站,0
2026/4/15 7:04,北二干管理站,0
2026/4/15 6:59,北二干管理站,0
2026/4/15 6:53,北二干管理站,0
2026/4/15 6:48,北二干管理站,0
2026/4/15 6:43,北二干管理站,0
2026/4/15 6:37,北二干管理站,0
2026/4/15 6:32,北二干管理站,0
2026/4/15 6:27,北二干管理站,0
2026/4/15 6:22,北二干管理站,0
2026/4/15 6:16,北二干管理站,0
2026/4/15 6:11,北二干管理站,0
2026/4/15 6:06,北二干管理站,0
2026/4/15 6:00,北二干管理站,0
2026/4/15 5:55,北二干管理站,0
2026/4/15 5:49,北二干管理站,0
2026/4/15 5:44,北二干管理站,0
2026/4/15 5:39,北二干管理站,0
2026/4/15 5:33,北二干管理站,0
2026/4/15 5:28,北二干管理站,0
2026/4/15 5:23,北二干管理站,0
2026/4/15 5:17,北二干管理站,0
2026/4/15 5:12,北二干管理站,0
2026/4/15 5:07,北二干管理站,0
2026/4/15 5:02,北二干管理站,0
2026/4/15 4:57,北二干管理站,0
2026/4/15 4:51,北二干管理站,0
2026/4/15 4:46,北二干管理站,0
2026/4/15 4:40,北二干管理站,0
2026/4/15 4:35,北二干管理站,0
2026/4/15 4:29,北二干管理站,0
2026/4/15 4:24,北二干管理站,0
2026/4/15 4:18,北二干管理站,0
2026/4/15 4:13,北二干管理站,0
2026/4/15 4:08,北二干管理站,0
2026/4/15 4:02,北二干管理站,0
2026/4/15 3:57,北二干管理站,0
2026/4/15 3:52,北二干管理站,0
2026/4/15 3:47,北二干管理站,0
2026/4/15 3:42,北二干管理站,0
2026/4/15 3:36,北二干管理站,0
2026/4/15 3:31,北二干管理站,0
2026/4/15 3:25,北二干管理站,0
2026/4/15 3:20,北二干管理站,0
2026/4/15 3:14,北二干管理站,0
2026/4/15 3:09,北二干管理站,0
2026/4/15 3:04,北二干管理站,0
2026/4/15 2:58,北二干管理站,0
2026/4/15 2:53,北二干管理站,0
2026/4/15 2:48,北二干管理站,0
2026/4/15 2:42,北二干管理站,0
2026/4/15 2:37,北二干管理站,0
2026/4/15 2:31,北二干管理站,0
2026/4/15 2:26,北二干管理站,0
2026/4/15 2:20,北二干管理站,0
2026/4/15 2:15,北二干管理站,0
2026/4/15 2:10,北二干管理站,0
2026/4/15 2:04,北二干管理站,0
2026/4/15 1:59,北二干管理站,0
2026/4/15 1:54,北二干管理站,0
2026/4/15 1:49,北二干管理站,0
2026/4/15 1:44,北二干管理站,0
2026/4/15 1:38,北二干管理站,0
2026/4/15 1:33,北二干管理站,0
2026/4/15 1:28,北二干管理站,0
2026/4/15 1:23,北二干管理站,0
2026/4/15 1:17,北二干管理站,0
2026/4/15 1:12,北二干管理站,0
2026/4/15 1:07,北二干管理站,0
2026/4/15 1:02,北二干管理站,0
2026/4/15 0:57,北二干管理站,0
2026/4/15 0:51,北二干管理站,0
2026/4/15 0:46,北二干管理站,0
2026/4/15 0:41,北二干管理站,0
2026/4/15 0:35,北二干管理站,0
2026/4/15 0:30,北二干管理站,0
2026/4/15 0:25,北二干管理站,0
2026/4/15 0:19,北二干管理站,0
2026/4/15 0:14,北二干管理站,0
2026/4/15 0:09,北二干管理站,0
2026/4/15 0:04,北二干管理站,0
2026/4/14 23:59,北二干管理站,0
2026/4/14 23:54,北二干管理站,0
2026/4/14 23:48,北二干管理站,0
2026/4/14 23:43,北二干管理站,0
2026/4/14 23:38,北二干管理站,0
2026/4/14 23:32,北二干管理站,0
2026/4/14 23:27,北二干管理站,0
2026/4/14 23:22,北二干管理站,0
2026/4/14 23:16,北二干管理站,0
2026/4/14 23:11,北二干管理站,0
2026/4/14 23:04,北二干管理站,0
2026/4/14 23:00,北二干管理站,0
2026/4/14 22:55,北二干管理站,0
2026/4/14 22:49,北二干管理站,0
2026/4/14 22:44,北二干管理站,0
2026/4/14 22:39,北二干管理站,0
2026/4/14 22:33,北二干管理站,0
2026/4/14 22:28,北二干管理站,0
2026/4/14 22:22,北二干管理站,0
2026/4/14 22:17,北二干管理站,0
2026/4/14 22:12,北二干管理站,0
2026/4/14 22:06,北二干管理站,0
2026/4/14 22:01,北二干管理站,0
2026/4/14 21:56,北二干管理站,0
2026/4/14 21:51,北二干管理站,0
2026/4/14 21:46,北二干管理站,0
2026/4/14 21:41,北二干管理站,0
2026/4/14 21:35,北二干管理站,0
2026/4/14 21:30,北二干管理站,0
2026/4/14 21:25,北二干管理站,0
2026/4/14 21:20,北二干管理站,0
2026/4/14 21:15,北二干管理站,0
2026/4/14 21:09,北二干管理站,0
2026/4/14 21:04,北二干管理站,0
2026/4/14 20:59,北二干管理站,0
2026/4/14 20:53,北二干管理站,0
2026/4/14 20:48,北二干管理站,0
2026/4/14 20:42,北二干管理站,0
2026/4/14 20:37,北二干管理站,0
2026/4/14 20:32,北二干管理站,0
2026/4/14 20:26,北二干管理站,0
2026/4/14 20:21,北二干管理站,0
2026/4/14 20:16,北二干管理站,0
2026/4/14 20:10,北二干管理站,0
2026/4/14 20:05,北二干管理站,0
2026/4/14 20:00,北二干管理站,0
2026/4/14 19:55,北二干管理站,0
2026/4/14 19:50,北二干管理站,0
2026/4/14 19:44,北二干管理站,0
2026/4/14 19:39,北二干管理站,0
2026/4/14 19:34,北二干管理站,0
2026/4/14 19:29,北二干管理站,0
2026/4/14 19:23,北二干管理站,0
2026/4/14 19:18,北二干管理站,0
2026/4/14 19:13,北二干管理站,0
2026/4/14 19:07,北二干管理站,0
2026/4/14 19:02,北二干管理站,0
2026/4/14 18:57,北二干管理站,0
2026/4/14 18:52,北二干管理站,0
2026/4/14 18:46,北二干管理站,0
2026/4/14 18:41,北二干管理站,0
2026/4/14 18:36,北二干管理站,0
2026/4/14 18:30,北二干管理站,0
2026/4/14 18:25,北二干管理站,0
2026/4/14 18:19,北二干管理站,0
2026/4/14 18:14,北二干管理站,0
2026/4/14 18:09,北二干管理站,0
2026/4/14 18:04,北二干管理站,0
2026/4/14 17:58,北二干管理站,0
2026/4/14 17:53,北二干管理站,0
2026/4/14 17:47,北二干管理站,0
2026/4/14 17:42,北二干管理站,0
2026/4/14 17:37,北二干管理站,0
2026/4/14 17:31,北二干管理站,0
2026/4/14 17:26,北二干管理站,0
2026/4/14 17:21,北二干管理站,0
2026/4/14 17:15,北二干管理站,0
2026/4/14 17:10,北二干管理站,0
2026/4/14 17:05,北二干管理站,0
2026/4/14 16:59,北二干管理站,0
2026/4/14 16:54,北二干管理站,0
2026/4/14 16:33,北二干管理站,0
2026/4/14 16:28,北二干管理站,0
2026/4/14 16:23,北二干管理站,0
2026/4/14 16:17,北二干管理站,0
2026/4/14 16:12,北二干管理站,0
2026/4/14 16:07,北二干管理站,0
2026/4/14 16:02,北二干管理站,0
2026/4/14 15:57,北二干管理站,0
2026/4/14 15:51,北二干管理站,0
2026/4/14 15:46,北二干管理站,0
2026/4/14 15:40,北二干管理站,0
2026/4/14 15:35,北二干管理站,0
2026/4/14 15:30,北二干管理站,0
2026/4/14 15:25,北二干管理站,0
2026/4/14 15:20,北二干管理站,0
2026/4/14 15:14,北二干管理站,0
2026/4/14 15:09,北二干管理站,0
2026/4/14 15:04,北二干管理站,0
2026/4/14 14:59,北二干管理站,0
2026/4/14 14:53,北二干管理站,0
2026/4/14 14:48,北二干管理站,0
2026/4/14 14:42,北二干管理站,0
2026/4/14 14:37,北二干管理站,0
2026/4/14 14:31,北二干管理站,0
2026/4/14 14:26,北二干管理站,0
2026/4/14 14:21,北二干管理站,0
2026/4/14 14:16,北二干管理站,0
2026/4/14 14:11,北二干管理站,0
2026/4/14 14:05,北二干管理站,0
2026/4/14 14:00,北二干管理站,0
2026/4/14 13:55,北二干管理站,0
2026/4/14 13:50,北二干管理站,0
2026/4/14 13:44,北二干管理站,0
2026/4/14 13:39,北二干管理站,0
2026/4/14 13:34,北二干管理站,0
2026/4/14 13:29,北二干管理站,0
2026/4/14 13:24,北二干管理站,0
2026/4/14 13:19,北二干管理站,0
2026/4/14 13:13,北二干管理站,0
2026/4/14 13:08,北二干管理站,0
2026/4/14 13:02,北二干管理站,0
2026/4/14 12:57,北二干管理站,0
2026/4/14 12:52,北二干管理站,0
2026/4/14 12:46,北二干管理站,0
2026/4/14 12:41,北二干管理站,0
2026/4/14 12:36,北二干管理站,0
2026/4/14 12:30,北二干管理站,0
2026/4/14 12:25,北二干管理站,0
2026/4/14 12:20,北二干管理站,0
2026/4/14 12:14,北二干管理站,0
2026/4/14 12:09,北二干管理站,0
2026/4/14 12:04,北二干管理站,0
2026/4/14 11:58,北二干管理站,0
2026/4/14 11:53,北二干管理站,0
2026/4/14 11:48,北二干管理站,0
2026/4/14 11:43,北二干管理站,0
2026/4/14 11:38,北二干管理站,0
2026/4/14 11:32,北二干管理站,0
2026/4/14 11:27,北二干管理站,0
2026/4/14 11:22,北二干管理站,0
2026/4/14 11:17,北二干管理站,0
2026/4/14 11:11,北二干管理站,0
2026/4/14 11:06,北二干管理站,0
2026/4/14 11:01,北二干管理站,0
2026/4/14 10:55,北二干管理站,0
2026/4/14 10:50,北二干管理站,0
2026/4/14 10:44,北二干管理站,0
2026/4/14 10:39,北二干管理站,0
2026/4/14 10:34,北二干管理站,0
2026/4/14 10:29,北二干管理站,0
2026/4/14 10:23,北二干管理站,0
2026/4/14 10:18,北二干管理站,0
2026/4/14 10:13,北二干管理站,0
2026/4/14 10:07,北二干管理站,0
2026/4/14 10:02,北二干管理站,0
2026/4/14 9:57,北二干管理站,0
2026/4/14 9:52,北二干管理站,0
2026/4/14 9:46,北二干管理站,0
2026/4/14 9:41,北二干管理站,0
2026/4/14 9:36,北二干管理站,0
2026/4/14 9:31,北二干管理站,0
2026/4/14 9:25,北二干管理站,0
2026/4/14 9:20,北二干管理站,0
2026/4/14 9:14,北二干管理站,0
2026/4/14 9:09,北二干管理站,0
2026/4/14 9:03,北二干管理站,0
2026/4/14 8:58,北二干管理站,0
2026/4/14 8:53,北二干管理站,0
2026/4/14 8:48,北二干管理站,0
2026/4/14 8:42,北二干管理站,0
2026/4/14 8:37,北二干管理站,0
2026/4/14 8:31,北二干管理站,0
2026/4/14 8:26,北二干管理站,0
2026/4/14 8:20,北二干管理站,0
2026/4/14 8:15,北二干管理站,0
2026/4/14 8:10,北二干管理站,0
2026/4/14 8:05,北二干管理站,0
2026/4/14 7:59,北二干管理站,0
2026/4/14 7:54,北二干管理站,0
2026/4/14 7:49,北二干管理站,0
2026/4/14 7:44,北二干管理站,0
2026/4/14 7:38,北二干管理站,0
2026/4/14 7:33,北二干管理站,0
2026/4/14 7:28,北二干管理站,0
2026/4/14 7:23,北二干管理站,0
2026/4/14 7:18,北二干管理站,0
2026/4/14 7:12,北二干管理站,0
2026/4/14 7:07,北二干管理站,0
2026/4/14 7:01,北二干管理站,0
2026/4/14 6:56,北二干管理站,0
2026/4/14 6:51,北二干管理站,0
2026/4/14 6:46,北二干管理站,0
2026/4/14 6:40,北二干管理站,0
2026/4/14 6:35,北二干管理站,0
2026/4/14 6:29,北二干管理站,0
2026/4/14 6:24,北二干管理站,0
2026/4/14 6:18,北二干管理站,0
2026/4/14 6:13,北二干管理站,0
2026/4/14 6:08,北二干管理站,0
2026/4/14 6:03,北二干管理站,0
2026/4/14 5:57,北二干管理站,0
2026/4/14 5:52,北二干管理站,0
2026/4/14 5:46,北二干管理站,0
2026/4/14 5:41,北二干管理站,0
2026/4/14 5:35,北二干管理站,0
2026/4/14 5:30,北二干管理站,0
2026/4/14 5:25,北二干管理站,0
2026/4/14 5:19,北二干管理站,0
2026/4/14 5:14,北二干管理站,0
2026/4/14 5:09,北二干管理站,0
2026/4/14 5:04,北二干管理站,0
2026/4/14 4:59,北二干管理站,0
2026/4/14 4:53,北二干管理站,0
2026/4/14 4:48,北二干管理站,0
2026/4/14 4:42,北二干管理站,0
2026/4/14 4:37,北二干管理站,0
2026/4/14 4:31,北二干管理站,0
2026/4/14 4:26,北二干管理站,0
2026/4/14 4:21,北二干管理站,0
2026/4/14 4:16,北二干管理站,0
2026/4/14 4:10,北二干管理站,0
2026/4/14 4:05,北二干管理站,0
2026/4/14 4:00,北二干管理站,0
2026/4/14 3:55,北二干管理站,0
2026/4/14 3:50,北二干管理站,0
2026/4/14 3:44,北二干管理站,0
2026/4/14 3:39,北二干管理站,0
2026/4/14 3:34,北二干管理站,0
2026/4/14 3:29,北二干管理站,0
2026/4/14 3:23,北二干管理站,0
2026/4/14 3:18,北二干管理站,0
2026/4/14 3:12,北二干管理站,0
2026/4/14 3:07,北二干管理站,0
2026/4/14 3:01,北二干管理站,0
2026/4/14 2:56,北二干管理站,0
2026/4/14 2:51,北二干管理站,0
2026/4/14 2:46,北二干管理站,0
2026/4/14 2:40,北二干管理站,0
2026/4/14 2:35,北二干管理站,0
2026/4/14 2:29,北二干管理站,0
2026/4/14 2:24,北二干管理站,0
2026/4/14 2:18,北二干管理站,0
2026/4/14 2:13,北二干管理站,0
2026/4/14 2:08,北二干管理站,0
2026/4/14 2:02,北二干管理站,0
2026/4/14 1:57,北二干管理站,0
2026/4/14 1:51,北二干管理站,0
2026/4/14 1:46,北二干管理站,0
2026/4/14 1:40,北二干管理站,0
2026/4/14 1:35,北二干管理站,0
2026/4/14 1:29,北二干管理站,0
2026/4/14 1:24,北二干管理站,0
2026/4/14 1:18,北二干管理站,0
2026/4/14 1:13,北二干管理站,0
2026/4/14 1:08,北二干管理站,0
2026/4/14 1:03,北二干管理站,0
2026/4/14 0:57,北二干管理站,0
2026/4/14 0:52,北二干管理站,0
2026/4/14 0:47,北二干管理站,0
2026/4/14 0:42,北二干管理站,0
2026/4/14 0:36,北二干管理站,0
2026/4/14 0:31,北二干管理站,0
2026/4/14 0:26,北二干管理站,0
2026/4/14 0:21,北二干管理站,0
2026/4/14 0:15,北二干管理站,0
2026/4/14 0:10,北二干管理站,0
2026/4/14 0:05,北二干管理站,0
2026/4/21 18:07,南干管理站,0.012
2026/4/21 18:02,南干管理站,0.012
2026/4/21 17:57,南干管理站,0.012
2026/4/21 17:52,南干管理站,0.012
2026/4/21 17:47,南干管理站,0.012
2026/4/21 17:42,南干管理站,0.012
2026/4/21 17:37,南干管理站,0.012
2026/4/21 17:31,南干管理站,0.012
2026/4/21 17:26,南干管理站,0.012
2026/4/21 17:21,南干管理站,0.012
2026/4/21 17:16,南干管理站,0.012
2026/4/21 17:11,南干管理站,0.012
2026/4/21 17:06,南干管理站,0.012
2026/4/21 17:01,南干管理站,0.012
2026/4/21 16:56,南干管理站,0.012
2026/4/21 16:51,南干管理站,0.012
2026/4/21 16:46,南干管理站,0.012
2026/4/21 16:41,南干管理站,0.012
2026/4/21 16:36,南干管理站,0.012
2026/4/21 16:31,南干管理站,0.012
2026/4/21 16:26,南干管理站,0.012
2026/4/21 16:21,南干管理站,0.012
2026/4/21 16:16,南干管理站,0.012
2026/4/21 16:11,南干管理站,0.012
2026/4/21 16:06,南干管理站,0.012
2026/4/21 16:01,南干管理站,0.012
2026/4/21 15:56,南干管理站,0.012
2026/4/21 15:51,南干管理站,0.012
2026/4/21 15:46,南干管理站,0.012
2026/4/21 15:41,南干管理站,0.012
2026/4/21 15:36,南干管理站,0.012
2026/4/21 15:31,南干管理站,0.012
2026/4/21 15:26,南干管理站,0.012
2026/4/21 15:21,南干管理站,0.012
2026/4/21 15:16,南干管理站,0.012
2026/4/21 15:11,南干管理站,0.012
2026/4/21 15:06,南干管理站,0.012
2026/4/21 15:01,南干管理站,0.012
2026/4/21 14:56,南干管理站,0.012
2026/4/21 14:51,南干管理站,0.012
2026/4/21 14:46,南干管理站,0.012
2026/4/21 14:41,南干管理站,0.012
2026/4/21 14:36,南干管理站,0.012
2026/4/21 14:30,南干管理站,0.012
2026/4/21 14:25,南干管理站,0.012
2026/4/21 14:20,南干管理站,0.012
2026/4/21 14:15,南干管理站,0.012
2026/4/21 14:10,南干管理站,0.012
2026/4/21 14:05,南干管理站,0.012
2026/4/21 14:00,南干管理站,0.012
2026/4/21 13:55,南干管理站,0.012
2026/4/21 13:50,南干管理站,0.012
2026/4/21 13:45,南干管理站,0.012
2026/4/21 13:40,南干管理站,0.012
2026/4/21 13:35,南干管理站,0.012
2026/4/21 13:30,南干管理站,0.012
2026/4/21 13:25,南干管理站,0.012
2026/4/21 13:20,南干管理站,0.012
2026/4/21 13:15,南干管理站,0.012
2026/4/21 13:10,南干管理站,0.012
2026/4/21 13:05,南干管理站,0.012
2026/4/21 13:00,南干管理站,0.012
2026/4/21 12:55,南干管理站,0.012
2026/4/21 12:50,南干管理站,0.012
2026/4/21 12:45,南干管理站,0.012
2026/4/21 12:40,南干管理站,0.012
2026/4/21 12:35,南干管理站,0.012
2026/4/21 12:30,南干管理站,0.012
2026/4/21 12:25,南干管理站,0.012
2026/4/21 12:20,南干管理站,0.012
2026/4/21 12:15,南干管理站,0.012
2026/4/21 12:10,南干管理站,0.012
2026/4/21 12:05,南干管理站,0.012
2026/4/21 12:00,南干管理站,0.012
2026/4/21 11:55,南干管理站,0.012
2026/4/21 11:50,南干管理站,0.012
2026/4/21 11:45,南干管理站,0.012
2026/4/21 11:40,南干管理站,0.012
2026/4/21 11:35,南干管理站,0.012
2026/4/21 11:30,南干管理站,0.012
2026/4/21 11:25,南干管理站,0.012
2026/4/21 11:20,南干管理站,0.012
2026/4/21 11:15,南干管理站,0.012
2026/4/21 11:10,南干管理站,0.012
2026/4/21 11:04,南干管理站,0.012
2026/4/21 10:59,南干管理站,0.012
2026/4/21 10:54,南干管理站,0.012
2026/4/21 10:49,南干管理站,0.012
2026/4/21 10:44,南干管理站,0.012
2026/4/21 10:39,南干管理站,0.012
2026/4/21 10:34,南干管理站,0.012
2026/4/21 10:29,南干管理站,0.012
2026/4/21 10:24,南干管理站,0.012
2026/4/21 10:19,南干管理站,0.012
2026/4/21 10:14,南干管理站,0.012
2026/4/21 10:09,南干管理站,0.012
2026/4/21 10:04,南干管理站,0.012
2026/4/21 9:59,南干管理站,0.012
2026/4/21 9:54,南干管理站,0.012
2026/4/21 9:49,南干管理站,0.012
2026/4/21 9:44,南干管理站,0.012
2026/4/21 9:39,南干管理站,0.012
2026/4/21 9:34,南干管理站,0.012
2026/4/21 9:29,南干管理站,0.012
2026/4/21 9:24,南干管理站,0.012
2026/4/21 9:19,南干管理站,0.012
2026/4/21 9:14,南干管理站,0.012
2026/4/21 9:09,南干管理站,0.012
2026/4/21 9:04,南干管理站,0.012
2026/4/21 8:59,南干管理站,0.012
2026/4/21 8:54,南干管理站,0.012
2026/4/21 8:49,南干管理站,0.012
2026/4/21 8:44,南干管理站,0.012
2026/4/21 8:39,南干管理站,0.012
2026/4/21 8:34,南干管理站,0.012
2026/4/21 8:29,南干管理站,0.012
2026/4/21 8:24,南干管理站,0.012
2026/4/21 8:18,南干管理站,0.012
2026/4/21 8:13,南干管理站,0.012
2026/4/21 8:08,南干管理站,0.012
2026/4/21 8:03,南干管理站,0.012
2026/4/21 7:58,南干管理站,0.012
2026/4/21 7:53,南干管理站,0.012
2026/4/21 7:48,南干管理站,0.012
2026/4/21 7:43,南干管理站,0.012
2026/4/21 7:38,南干管理站,0.013
2026/4/21 7:33,南干管理站,0.013
2026/4/21 7:28,南干管理站,0.013
2026/4/21 7:23,南干管理站,0.013
2026/4/21 7:18,南干管理站,0.013
2026/4/21 7:13,南干管理站,0.013
2026/4/21 7:07,南干管理站,0.013
2026/4/21 7:02,南干管理站,0.015
2026/4/21 6:57,南干管理站,0.017
2026/4/21 6:52,南干管理站,0.057
2026/4/21 6:47,南干管理站,0.098
2026/4/21 6:42,南干管理站,0.099
2026/4/21 6:37,南干管理站,0.099
2026/4/21 6:32,南干管理站,0.099
2026/4/21 6:27,南干管理站,0.098
2026/4/21 6:22,南干管理站,0.099
2026/4/21 6:17,南干管理站,0.098
2026/4/21 6:12,南干管理站,0.099
2026/4/21 6:07,南干管理站,0.099
2026/4/21 6:02,南干管理站,0.099
2026/4/21 5:57,南干管理站,0.098
2026/4/21 5:52,南干管理站,0.097
2026/4/21 5:47,南干管理站,0.099
2026/4/21 5:42,南干管理站,0.098
2026/4/21 5:37,南干管理站,0.098
2026/4/21 5:32,南干管理站,0.098
2026/4/21 5:27,南干管理站,0.099
2026/4/21 5:22,南干管理站,0.099
2026/4/21 5:17,南干管理站,0.098
2026/4/21 5:12,南干管理站,0.099
2026/4/21 5:07,南干管理站,0.098
2026/4/21 5:02,南干管理站,0.099
2026/4/21 4:57,南干管理站,0.098
2026/4/21 4:52,南干管理站,0.098
2026/4/21 4:46,南干管理站,0.099
2026/4/21 4:41,南干管理站,0.099
2026/4/21 4:36,南干管理站,0.097
2026/4/21 4:31,南干管理站,0.098
2026/4/21 4:26,南干管理站,0.098
2026/4/21 4:21,南干管理站,0.098
2026/4/21 4:16,南干管理站,0.099
2026/4/21 4:11,南干管理站,0.098
2026/4/21 4:06,南干管理站,0.098
2026/4/21 4:01,南干管理站,0.11
2026/4/21 3:56,南干管理站,0.145
2026/4/21 3:51,南干管理站,0.141
2026/4/21 3:46,南干管理站,0.144
2026/4/21 3:41,南干管理站,0.142
2026/4/21 3:36,南干管理站,0.142
2026/4/21 3:31,南干管理站,0.144
2026/4/21 3:26,南干管理站,0.144
2026/4/21 3:21,南干管理站,0.142
2026/4/21 3:16,南干管理站,0.144
2026/4/21 3:11,南干管理站,0.142
2026/4/21 3:06,南干管理站,0.144
2026/4/21 3:01,南干管理站,0.141
2026/4/21 2:56,南干管理站,0.141
2026/4/21 2:51,南干管理站,0.141
2026/4/21 2:46,南干管理站,0.139
2026/4/21 2:41,南干管理站,0.141
2026/4/21 2:36,南干管理站,0.141
2026/4/21 2:31,南干管理站,0.139
2026/4/21 2:26,南干管理站,0.142
2026/4/21 2:21,南干管理站,0.142
2026/4/21 2:16,南干管理站,0.145
2026/4/21 2:11,南干管理站,0.141
2026/4/21 2:06,南干管理站,0.141
2026/4/21 2:01,南干管理站,0.141
2026/4/21 1:56,南干管理站,0.142
2026/4/21 1:51,南干管理站,0.141
2026/4/21 1:46,南干管理站,0.144
2026/4/21 1:41,南干管理站,0.141
2026/4/21 1:36,南干管理站,0.141
2026/4/21 1:31,南干管理站,0.141
2026/4/21 1:26,南干管理站,0.141
2026/4/21 1:21,南干管理站,0.142
2026/4/21 1:16,南干管理站,0.139
2026/4/21 1:11,南干管理站,0.145
2026/4/21 1:06,南干管理站,0.142
2026/4/21 1:01,南干管理站,0.143
2026/4/21 0:56,南干管理站,0.144
2026/4/21 0:51,南干管理站,0.142
2026/4/21 0:46,南干管理站,0.143
2026/4/21 0:40,南干管理站,0.142
2026/4/21 0:35,南干管理站,0.142
2026/4/21 0:30,南干管理站,0.15
2026/4/21 0:25,南干管理站,0.164
2026/4/21 0:20,南干管理站,0.165
2026/4/21 0:15,南干管理站,0.165
2026/4/21 0:10,南干管理站,0.161
2026/4/21 0:05,南干管理站,0.165
2026/4/21 0:00,南干管理站,0.166
2026/4/20 23:55,南干管理站,0.162
2026/4/20 23:50,南干管理站,0.164
2026/4/20 23:45,南干管理站,0.165
2026/4/20 23:40,南干管理站,0.165
2026/4/20 23:35,南干管理站,0.162
2026/4/20 23:30,南干管理站,0.161
2026/4/20 23:25,南干管理站,0.164
2026/4/20 23:20,南干管理站,0.159
2026/4/20 23:15,南干管理站,0.163
2026/4/20 23:10,南干管理站,0.164
2026/4/20 23:03,南干管理站,0.164
2026/4/20 23:00,南干管理站,0.164
2026/4/20 22:55,南干管理站,0.161
2026/4/20 22:50,南干管理站,0.162
2026/4/20 22:45,南干管理站,0.165
2026/4/20 22:40,南干管理站,0.162
2026/4/20 22:35,南干管理站,0.163
2026/4/20 22:30,南干管理站,0.167
2026/4/20 22:25,南干管理站,0.228
2026/4/20 22:20,南干管理站,0.228
2026/4/20 22:15,南干管理站,0.228
2026/4/20 22:10,南干管理站,0.23
2026/4/20 22:05,南干管理站,0.227
2026/4/20 21:59,南干管理站,0.231
2026/4/20 21:54,南干管理站,0.23
2026/4/20 21:49,南干管理站,0.228
2026/4/20 21:44,南干管理站,0.228
2026/4/20 21:39,南干管理站,0.229
2026/4/20 21:34,南干管理站,0.229
2026/4/20 21:29,南干管理站,0.228
2026/4/20 21:24,南干管理站,0.23
2026/4/20 21:19,南干管理站,0.228
2026/4/20 21:14,南干管理站,0.228
2026/4/20 21:09,南干管理站,0.228
2026/4/20 21:04,南干管理站,0.229
2026/4/20 20:59,南干管理站,0.228
2026/4/20 20:54,南干管理站,0.228
2026/4/20 20:49,南干管理站,0.228
2026/4/20 20:44,南干管理站,0.227
2026/4/20 20:39,南干管理站,0.228
2026/4/20 20:34,南干管理站,0.229
2026/4/20 20:29,南干管理站,0.228
2026/4/20 20:24,南干管理站,0.23
2026/4/20 20:19,南干管理站,0.227
2026/4/20 20:14,南干管理站,0.23
2026/4/20 20:09,南干管理站,0.228
2026/4/20 20:04,南干管理站,0.227
2026/4/20 19:59,南干管理站,0.228
2026/4/20 19:54,南干管理站,0.227
2026/4/20 19:49,南干管理站,0.228
2026/4/20 19:44,南干管理站,0.228
2026/4/20 19:39,南干管理站,0.228
2026/4/20 19:34,南干管理站,0.227
2026/4/20 19:29,南干管理站,0.234
2026/4/20 19:24,南干管理站,0.272
2026/4/20 19:19,南干管理站,0.278
2026/4/20 19:14,南干管理站,0.272
2026/4/20 19:09,南干管理站,0.28
2026/4/20 19:04,南干管理站,0.276
2026/4/20 18:59,南干管理站,0.274
2026/4/20 18:54,南干管理站,0.274
2026/4/20 18:49,南干管理站,0.276
2026/4/20 18:44,南干管理站,0.275
2026/4/20 18:39,南干管理站,0.276
2026/4/20 18:33,南干管理站,0.276
2026/4/20 18:28,南干管理站,0.276
2026/4/20 18:23,南干管理站,0.273
2026/4/20 18:18,南干管理站,0.276
2026/4/20 18:13,南干管理站,0.28
2026/4/20 18:08,南干管理站,0.276
2026/4/20 18:03,南干管理站,0.274
2026/4/20 17:58,南干管理站,0.28
2026/4/20 17:53,南干管理站,0.274
2026/4/20 17:48,南干管理站,0.274
2026/4/20 17:43,南干管理站,0.276
2026/4/20 17:38,南干管理站,0.277
2026/4/20 17:33,南干管理站,0.276
2026/4/20 17:28,南干管理站,0.276
2026/4/20 17:23,南干管理站,0.274
2026/4/20 17:18,南干管理站,0.274
2026/4/20 17:13,南干管理站,0.274
2026/4/20 17:08,南干管理站,0.261
2026/4/20 17:03,南干管理站,0.271
2026/4/20 16:57,南干管理站,0.283
2026/4/20 16:52,南干管理站,0.284
2026/4/20 16:47,南干管理站,0.286
2026/4/20 16:42,南干管理站,0.282
2026/4/20 16:37,南干管理站,0.285
2026/4/20 16:32,南干管理站,0.285
2026/4/20 16:27,南干管理站,0.285
2026/4/20 16:22,南干管理站,0.282
2026/4/20 16:17,南干管理站,0.284
2026/4/20 16:12,南干管理站,0.287
2026/4/20 16:07,南干管理站,0.28
2026/4/20 16:02,南干管理站,0.284
2026/4/20 15:57,南干管理站,0.285
2026/4/20 15:52,南干管理站,0.286
2026/4/20 15:47,南干管理站,0.285
2026/4/20 15:42,南干管理站,0.285
2026/4/20 15:37,南干管理站,0.284
2026/4/20 15:32,南干管理站,0.285
2026/4/20 15:27,南干管理站,0.28
2026/4/20 15:22,南干管理站,0.286
2026/4/20 15:17,南干管理站,0.283
2026/4/20 15:12,南干管理站,0.285
2026/4/20 15:07,南干管理站,0.284
2026/4/20 15:02,南干管理站,0.285
2026/4/20 14:57,南干管理站,0.281
2026/4/20 14:52,南干管理站,0.287
2026/4/20 14:47,南干管理站,0.284
2026/4/20 14:42,南干管理站,0.285
2026/4/20 14:37,南干管理站,0.284
2026/4/20 14:32,南干管理站,0.282
2026/4/20 14:27,南干管理站,0.284
2026/4/20 14:22,南干管理站,0.29
2026/4/20 14:17,南干管理站,0.285
2026/4/20 14:12,南干管理站,0.285
2026/4/20 14:07,南干管理站,0.285
2026/4/20 14:02,南干管理站,0.283
2026/4/20 13:57,南干管理站,0.284
2026/4/20 13:52,南干管理站,0.285
2026/4/20 13:47,南干管理站,0.287
2026/4/20 13:42,南干管理站,0.285
2026/4/20 13:37,南干管理站,0.286
2026/4/20 13:32,南干管理站,0.285
2026/4/20 13:27,南干管理站,0.285
2026/4/20 13:22,南干管理站,0.287
2026/4/20 13:17,南干管理站,0.283
2026/4/20 13:12,南干管理站,0.284
2026/4/20 13:07,南干管理站,0.292
2026/4/20 13:02,南干管理站,0.286
2026/4/20 12:57,南干管理站,0.284
2026/4/20 12:52,南干管理站,0.284
2026/4/20 12:47,南干管理站,0.286
2026/4/20 12:42,南干管理站,0.271
2026/4/20 12:37,南干管理站,0.258
2026/4/20 12:32,南干管理站,0.252
2026/4/20 12:27,南干管理站,0.258
2026/4/20 12:22,南干管理站,0.256
2026/4/20 12:17,南干管理站,0.258
2026/4/20 12:11,南干管理站,0.256
2026/4/20 12:06,南干管理站,0.256
2026/4/20 12:01,南干管理站,0.254
2026/4/20 11:56,南干管理站,0.257
2026/4/20 11:51,南干管理站,0.258
2026/4/20 11:46,南干管理站,0.261
2026/4/20 11:41,南干管理站,0.254
2026/4/20 11:36,南干管理站,0.259
2026/4/20 11:31,南干管理站,0.254
2026/4/20 11:26,南干管理站,0.256
2026/4/20 11:21,南干管理站,0.256
2026/4/20 11:16,南干管理站,0.256
2026/4/20 11:11,南干管理站,0.251
2026/4/20 11:06,南干管理站,0.25
2026/4/20 11:01,南干管理站,0.259
2026/4/20 10:56,南干管理站,0.26
2026/4/20 10:51,南干管理站,0.26
2026/4/20 10:46,南干管理站,0.26
2026/4/20 10:41,南干管理站,0.256
2026/4/20 10:36,南干管理站,0.252
2026/4/20 10:31,南干管理站,0.258
2026/4/20 10:26,南干管理站,0.255
2026/4/20 10:21,南干管理站,0.255
2026/4/20 10:16,南干管理站,0.257
2026/4/20 10:11,南干管理站,0.26
2026/4/20 10:06,南干管理站,0.258
2026/4/20 10:01,南干管理站,0.256
2026/4/20 9:56,南干管理站,0.258
2026/4/20 9:51,南干管理站,0.258
2026/4/20 9:46,南干管理站,0.26
2026/4/20 9:41,南干管理站,0.26
2026/4/20 9:36,南干管理站,0.256
2026/4/20 9:31,南干管理站,0.26
2026/4/20 9:26,南干管理站,0.263
2026/4/20 9:21,南干管理站,0.257
2026/4/20 9:16,南干管理站,0.269
2026/4/20 9:11,南干管理站,0.309
2026/4/20 9:06,南干管理站,0.296
2026/4/20 9:00,南干管理站,0.309
2026/4/20 8:55,南干管理站,0.308
2026/4/20 8:50,南干管理站,0.313
2026/4/20 8:45,南干管理站,0.307
2026/4/20 8:40,南干管理站,0.315
2026/4/20 8:35,南干管理站,0.313
2026/4/20 8:30,南干管理站,0.312
2026/4/20 8:25,南干管理站,0.311
2026/4/20 8:20,南干管理站,0.312
2026/4/20 8:15,南干管理站,0.311
2026/4/20 8:10,南干管理站,0.311
2026/4/20 8:05,南干管理站,0.31
2026/4/20 8:00,南干管理站,0.311
2026/4/20 7:55,南干管理站,0.267
2026/4/20 7:50,南干管理站,0.264
2026/4/20 7:45,南干管理站,0.264
2026/4/20 7:40,南干管理站,0.264
2026/4/20 7:35,南干管理站,0.266
2026/4/20 7:30,南干管理站,0.264
2026/4/20 7:25,南干管理站,0.262
2026/4/20 7:20,南干管理站,0.252
2026/4/20 7:15,南干管理站,0.264
2026/4/20 7:10,南干管理站,0.266
2026/4/20 7:05,南干管理站,0.264
2026/4/20 7:00,南干管理站,0.266
2026/4/20 6:55,南干管理站,0.262
2026/4/20 6:50,南干管理站,0.264
2026/4/20 6:45,南干管理站,0.264
2026/4/20 6:40,南干管理站,0.268
2026/4/20 6:35,南干管理站,0.266
2026/4/20 6:30,南干管理站,0.266
2026/4/20 6:25,南干管理站,0.264
2026/4/20 6:20,南干管理站,0.266
2026/4/20 6:15,南干管理站,0.266
2026/4/20 6:10,南干管理站,0.264
2026/4/20 6:05,南干管理站,0.266
2026/4/20 6:00,南干管理站,0.266
2026/4/20 5:55,南干管理站,0.268
2026/4/20 5:50,南干管理站,0.264
2026/4/20 5:45,南干管理站,0.266
2026/4/20 5:40,南干管理站,0.266
2026/4/20 5:35,南干管理站,0.264
2026/4/20 5:30,南干管理站,0.266
2026/4/20 5:25,南干管理站,0.266
2026/4/20 5:20,南干管理站,0.266
2026/4/20 5:15,南干管理站,0.266
2026/4/20 5:10,南干管理站,0.264
2026/4/20 5:05,南干管理站,0.262
2026/4/20 5:00,南干管理站,0.27
2026/4/20 4:55,南干管理站,0.266
2026/4/20 4:50,南干管理站,0.266
2026/4/20 4:45,南干管理站,0.266
2026/4/20 4:39,南干管理站,0.268
2026/4/20 4:34,南干管理站,0.266
2026/4/20 4:29,南干管理站,0.27
2026/4/20 4:24,南干管理站,0.27
2026/4/20 4:19,南干管理站,0.268
2026/4/20 4:14,南干管理站,0.268
2026/4/20 4:09,南干管理站,0.27
2026/4/20 4:04,南干管理站,0.27
2026/4/20 3:59,南干管理站,0.27
2026/4/20 3:54,南干管理站,0.27
2026/4/20 3:49,南干管理站,0.27
2026/4/20 3:44,南干管理站,0.27
2026/4/20 3:39,南干管理站,0.27
2026/4/20 3:34,南干管理站,0.27
2026/4/20 3:29,南干管理站,0.272
2026/4/20 3:24,南干管理站,0.272
2026/4/20 3:19,南干管理站,0.272
2026/4/20 3:14,南干管理站,0.272
2026/4/20 3:09,南干管理站,0.272
2026/4/20 3:04,南干管理站,0.274
2026/4/20 2:59,南干管理站,0.272
2026/4/20 2:53,南干管理站,0.275
2026/4/20 2:48,南干管理站,0.275
2026/4/20 2:43,南干管理站,0.277
2026/4/20 2:38,南干管理站,0.277
2026/4/20 2:33,南干管理站,0.277
2026/4/20 2:28,南干管理站,0.279
2026/4/20 2:23,南干管理站,0.277
2026/4/20 2:18,南干管理站,0.277
2026/4/20 2:13,南干管理站,0.277
2026/4/20 2:08,南干管理站,0.281
2026/4/20 2:03,南干管理站,0.283
2026/4/20 1:58,南干管理站,0.285
2026/4/20 1:53,南干管理站,0.285
2026/4/20 1:48,南干管理站,0.283
2026/4/20 1:43,南干管理站,0.283
2026/4/20 1:38,南干管理站,0.287
2026/4/20 1:33,南干管理站,0.283
2026/4/20 1:27,南干管理站,0.275
2026/4/20 1:22,南干管理站,0.283
2026/4/20 1:17,南干管理站,0.281
2026/4/20 1:12,南干管理站,0.279
2026/4/20 1:07,南干管理站,0.279
2026/4/20 1:02,南干管理站,0.277
2026/4/20 0:57,南干管理站,0.281
2026/4/20 0:52,南干管理站,0.277
2026/4/20 0:47,南干管理站,0.279
2026/4/20 0:42,南干管理站,0.283
2026/4/20 0:37,南干管理站,0.303
2026/4/20 0:32,南干管理站,0.305
2026/4/20 0:27,南干管理站,0.301
2026/4/20 0:22,南干管理站,0.303
2026/4/20 0:17,南干管理站,0.299
2026/4/20 0:12,南干管理站,0.303
2026/4/20 0:07,南干管理站,0.303
2026/4/20 0:02,南干管理站,0.301
2026/4/19 23:57,南干管理站,0.301
2026/4/19 23:52,南干管理站,0.301
2026/4/19 23:47,南干管理站,0.303
2026/4/19 23:42,南干管理站,0.299
2026/4/19 23:37,南干管理站,0.301
2026/4/19 23:32,南干管理站,0.297
2026/4/19 23:27,南干管理站,0.301
2026/4/19 23:22,南干管理站,0.299
2026/4/19 23:17,南干管理站,0.301
2026/4/19 23:12,南干管理站,0.299
2026/4/19 23:06,南干管理站,0.299
2026/4/19 23:01,南干管理站,0.299
2026/4/19 22:56,南干管理站,0.297
2026/4/19 22:51,南干管理站,0.297
2026/4/19 22:46,南干管理站,0.297
2026/4/19 22:41,南干管理站,0.297
2026/4/19 22:36,南干管理站,0.293
2026/4/19 22:31,南干管理站,0.305
2026/4/19 22:26,南干管理站,0.343
2026/4/19 22:21,南干管理站,0.34
2026/4/19 22:16,南干管理站,0.34
2026/4/19 22:11,南干管理站,0.343
2026/4/19 22:06,南干管理站,0.34
2026/4/19 22:01,南干管理站,0.343
2026/4/19 21:56,南干管理站,0.34
2026/4/19 21:51,南干管理站,0.338
2026/4/19 21:46,南干管理站,0.345
2026/4/19 21:41,南干管理站,0.34
2026/4/19 21:36,南干管理站,0.34
2026/4/19 21:31,南干管理站,0.336
2026/4/19 21:26,南干管理站,0.34
2026/4/19 21:21,南干管理站,0.34
2026/4/19 21:16,南干管理站,0.389
2026/4/19 21:11,南干管理站,0.389
2026/4/19 21:06,南干管理站,0.389
2026/4/19 21:01,南干管理站,0.384
2026/4/19 20:56,南干管理站,0.389
2026/4/19 20:51,南干管理站,0.386
2026/4/19 20:46,南干管理站,0.391
2026/4/19 20:41,南干管理站,0.389
2026/4/19 20:36,南干管理站,0.386
2026/4/19 20:31,南干管理站,0.389
2026/4/19 20:26,南干管理站,0.391
2026/4/19 20:20,南干管理站,0.389
2026/4/19 20:15,南干管理站,0.389
2026/4/19 20:10,南干管理站,0.386
2026/4/19 20:05,南干管理站,0.386
2026/4/19 20:00,南干管理站,0.389
2026/4/19 19:55,南干管理站,0.386
2026/4/19 19:50,南干管理站,0.386
2026/4/19 19:45,南干管理站,0.389
2026/4/19 19:40,南干管理站,0.386
2026/4/19 19:35,南干管理站,0.386
2026/4/19 19:30,南干管理站,0.384
2026/4/19 19:25,南干管理站,0.42
2026/4/19 19:20,南干管理站,0.416
2026/4/19 19:15,南干管理站,0.42
2026/4/19 19:10,南干管理站,0.416
2026/4/19 19:05,南干管理站,0.416
2026/4/19 19:00,南干管理站,0.414
2026/4/19 18:55,南干管理站,0.416
2026/4/19 18:50,南干管理站,0.418
2026/4/19 18:45,南干管理站,0.416
2026/4/19 18:40,南干管理站,0.416
2026/4/19 18:35,南干管理站,0.416
2026/4/19 18:30,南干管理站,0.416
2026/4/19 18:25,南干管理站,0.39
2026/4/19 18:20,南干管理站,0.516
2026/4/19 18:14,南干管理站,0.508
2026/4/19 18:09,南干管理站,0.506
2026/4/19 18:04,南干管理站,0.508
2026/4/19 17:59,南干管理站,0.508
2026/4/19 17:54,南干管理站,0.506
2026/4/19 17:49,南干管理站,0.502
2026/4/19 17:44,南干管理站,0.501
2026/4/19 17:39,南干管理站,0.513
2026/4/19 17:34,南干管理站,0.506
2026/4/19 17:29,南干管理站,0.517
2026/4/19 17:24,南干管理站,0.543
2026/4/19 17:19,南干管理站,0.538
2026/4/19 17:14,南干管理站,0.543
2026/4/19 17:09,南干管理站,0.549
2026/4/19 17:04,南干管理站,0.544
2026/4/19 16:59,南干管理站,0.541
2026/4/19 16:54,南干管理站,0.541
2026/4/19 16:49,南干管理站,0.544
2026/4/19 16:44,南干管理站,0.547
2026/4/19 16:39,南干管理站,0.543
2026/4/19 16:34,南干管理站,0.58
2026/4/19 16:29,南干管理站,0.586
2026/4/19 16:24,南干管理站,0.583
2026/4/19 16:19,南干管理站,0.585
2026/4/19 16:14,南干管理站,0.589
2026/4/19 16:09,南干管理站,0.586
2026/4/19 16:04,南干管理站,0.585
2026/4/19 15:59,南干管理站,0.591
2026/4/19 15:54,南干管理站,0.623
2026/4/19 15:49,南干管理站,0.626
2026/4/19 15:44,南干管理站,0.628
2026/4/19 15:39,南干管理站,0.623
2026/4/19 15:34,南干管理站,0.627
2026/4/19 15:29,南干管理站,0.653
2026/4/19 15:24,南干管理站,0.662
2026/4/19 15:19,南干管理站,0.621
2026/4/19 15:13,南干管理站,0.621
2026/4/19 15:08,南干管理站,0.625
2026/4/19 15:03,南干管理站,0.616
2026/4/19 14:58,南干管理站,0.623
2026/4/19 14:53,南干管理站,0.622
2026/4/19 14:48,南干管理站,0.623
2026/4/19 14:43,南干管理站,0.618
2026/4/19 14:38,南干管理站,0.623
2026/4/19 14:33,南干管理站,0.627
2026/4/19 14:28,南干管理站,0.623
2026/4/19 14:23,南干管理站,0.627
2026/4/19 14:18,南干管理站,0.624
2026/4/19 14:13,南干管理站,0.624
2026/4/19 14:08,南干管理站,0.627
2026/4/19 14:03,南干管理站,0.624
2026/4/19 13:58,南干管理站,0.623
2026/4/19 13:53,南干管理站,0.624
2026/4/19 13:48,南干管理站,0.629
2026/4/19 13:43,南干管理站,0.632
2026/4/19 13:38,南干管理站,0.633
2026/4/19 13:33,南干管理站,0.635
2026/4/19 13:28,南干管理站,0.637
2026/4/19 13:23,南干管理站,0.634
2026/4/19 13:18,南干管理站,0.634
2026/4/19 13:13,南干管理站,0.633
2026/4/19 13:08,南干管理站,0.636
2026/4/19 13:03,南干管理站,0.643
2026/4/19 12:58,南干管理站,0.645
2026/4/19 12:53,南干管理站,0.602
2026/4/19 12:48,南干管理站,0.593
2026/4/19 12:43,南干管理站,0.587
2026/4/19 12:37,南干管理站,0.594
2026/4/19 12:32,南干管理站,0.584
2026/4/19 12:27,南干管理站,0.591
2026/4/19 12:22,南干管理站,0.59
2026/4/19 12:17,南干管理站,0.587
2026/4/19 12:12,南干管理站,0.588
2026/4/19 12:07,南干管理站,0.585
2026/4/19 12:02,南干管理站,0.587
2026/4/19 11:57,南干管理站,0.596
2026/4/19 11:52,南干管理站,0.586
2026/4/19 11:47,南干管理站,0.608
2026/4/19 11:42,南干管理站,0.584
2026/4/19 11:37,南干管理站,0.592
2026/4/19 11:32,南干管理站,0.589
2026/4/19 11:27,南干管理站,0.588
2026/4/19 11:22,南干管理站,0.587
2026/4/19 11:17,南干管理站,0.581
2026/4/19 11:12,南干管理站,0.588
2026/4/19 11:07,南干管理站,0.588
2026/4/19 11:02,南干管理站,0.581
2026/4/19 10:57,南干管理站,0.581
2026/4/19 10:52,南干管理站,0.585
2026/4/19 10:47,南干管理站,0.581
2026/4/19 10:42,南干管理站,0.584
2026/4/19 10:37,南干管理站,0.577
2026/4/19 10:32,南干管理站,0.579
2026/4/19 10:27,南干管理站,0.585
2026/4/19 10:22,南干管理站,0.58
2026/4/19 10:17,南干管理站,0.578
2026/4/19 10:12,南干管理站,0.579
2026/4/19 10:07,南干管理站,0.591
2026/4/19 10:02,南干管理站,0.596
2026/4/19 9:57,南干管理站,0.584
2026/4/19 9:52,南干管理站,0.569
2026/4/19 9:47,南干管理站,0.572
2026/4/19 9:42,南干管理站,0.569
2026/4/19 9:37,南干管理站,0.572
2026/4/19 9:32,南干管理站,0.569
2026/4/19 9:27,南干管理站,0.58
2026/4/19 9:22,南干管理站,0.586
2026/4/19 9:17,南干管理站,0.59
2026/4/19 9:12,南干管理站,0.593
2026/4/19 9:07,南干管理站,0.59
2026/4/19 9:02,南干管理站,0.586
2026/4/19 8:57,南干管理站,0.596
2026/4/19 8:52,南干管理站,0.596
2026/4/19 8:46,南干管理站,0.567
2026/4/19 8:41,南干管理站,0.564
2026/4/19 8:36,南干管理站,0.579
2026/4/19 8:31,南干管理站,0.569
2026/4/19 8:26,南干管理站,0.584
2026/4/19 8:21,南干管理站,0.583
2026/4/19 8:16,南干管理站,0.581
2026/4/19 8:11,南干管理站,0.574
2026/4/19 8:06,南干管理站,0.574
2026/4/19 8:01,南干管理站,0.583
2026/4/19 7:56,南干管理站,0.574
2026/4/19 7:51,南干管理站,0.584
2026/4/19 7:46,南干管理站,0.589
2026/4/19 7:41,南干管理站,0.588
2026/4/19 7:36,南干管理站,0.579
2026/4/19 7:31,南干管理站,0.586
2026/4/19 7:26,南干管理站,0.579
2026/4/19 7:21,南干管理站,0.581
2026/4/19 7:16,南干管理站,0.595
2026/4/19 7:11,南干管理站,0.584
2026/4/19 7:06,南干管理站,0.56
2026/4/19 7:01,南干管理站,0.56
2026/4/19 6:56,南干管理站,0.558
2026/4/19 6:50,南干管理站,0.555
2026/4/19 6:45,南干管理站,0.552
2026/4/19 6:40,南干管理站,0.56
2026/4/19 6:35,南干管理站,0.555
2026/4/19 6:30,南干管理站,0.572
2026/4/19 6:25,南干管理站,0.564
2026/4/19 6:20,南干管理站,0.557
2026/4/19 6:15,南干管理站,0.561
2026/4/19 6:10,南干管理站,0.569
2026/4/19 6:05,南干管理站,0.568
2026/4/19 6:00,南干管理站,0.566
2026/4/19 5:55,南干管理站,0.569
2026/4/19 5:50,南干管理站,0.573
2026/4/19 5:45,南干管理站,0.572
2026/4/19 5:40,南干管理站,0.567
2026/4/19 5:35,南干管理站,0.562
2026/4/19 5:30,南干管理站,0.572
2026/4/19 5:25,南干管理站,0.571
2026/4/19 5:20,南干管理站,0.563
2026/4/19 5:15,南干管理站,0.514
2026/4/19 5:10,南干管理站,0.53
2026/4/19 5:05,南干管理站,0.527
2026/4/19 5:00,南干管理站,0.534
2026/4/19 4:55,南干管理站,0.524
2026/4/19 4:50,南干管理站,0.531
2026/4/19 4:45,南干管理站,0.524
2026/4/19 4:40,南干管理站,0.522
2026/4/19 4:35,南干管理站,0.522
2026/4/19 4:30,南干管理站,0.516
2026/4/19 4:25,南干管理站,0.519
2026/4/19 4:20,南干管理站,0.517
2026/4/19 4:15,南干管理站,0.511
2026/4/19 4:10,南干管理站,0.509
2026/4/19 4:05,南干管理站,0.504
2026/4/19 4:00,南干管理站,0.499
2026/4/19 3:55,南干管理站,0.497
2026/4/19 3:50,南干管理站,0.499
2026/4/19 3:45,南干管理站,0.499
2026/4/19 3:40,南干管理站,0.504
2026/4/19 3:35,南干管理站,0.503
2026/4/19 3:30,南干管理站,0.503
2026/4/19 3:25,南干管理站,0.504
2026/4/19 3:20,南干管理站,0.508
2026/4/19 3:15,南干管理站,0.504
2026/4/19 3:10,南干管理站,0.504
2026/4/19 3:05,南干管理站,0.49
2026/4/19 3:00,南干管理站,0.506
2026/4/19 2:55,南干管理站,0.502
2026/4/19 2:50,南干管理站,0.497
2026/4/19 2:45,南干管理站,0.502
2026/4/19 2:40,南干管理站,0.5
2026/4/19 2:35,南干管理站,0.504
2026/4/19 2:30,南干管理站,0.503
2026/4/19 2:25,南干管理站,0.497
2026/4/19 2:20,南干管理站,0.502
2026/4/19 2:15,南干管理站,0.499
2026/4/19 2:10,南干管理站,0.502
2026/4/19 2:05,南干管理站,0.5
2026/4/19 2:00,南干管理站,0.499
2026/4/19 1:55,南干管理站,0.504
2026/4/19 1:50,南干管理站,0.502
2026/4/19 1:45,南干管理站,0.502
2026/4/19 1:40,南干管理站,0.511
2026/4/19 1:35,南干管理站,0.504
2026/4/19 1:30,南干管理站,0.503
2026/4/19 1:25,南干管理站,0.502
2026/4/19 1:20,南干管理站,0.504
2026/4/19 1:15,南干管理站,0.502
2026/4/19 1:10,南干管理站,0.502
2026/4/19 1:05,南干管理站,0.499
2026/4/19 1:00,南干管理站,0.5
2026/4/19 0:55,南干管理站,0.51
2026/4/19 0:50,南干管理站,0.499
2026/4/19 0:45,南干管理站,0.497
2026/4/19 0:39,南干管理站,0.502
2026/4/19 0:34,南干管理站,0.496
2026/4/19 0:29,南干管理站,0.499
2026/4/19 0:24,南干管理站,0.512
2026/4/19 0:19,南干管理站,0.492
2026/4/19 0:14,南干管理站,0.506
2026/4/19 0:09,南干管理站,0.499
2026/4/19 0:04,南干管理站,0.502
2026/4/18 23:59,南干管理站,0.499
2026/4/18 23:54,南干管理站,0.501
2026/4/18 23:49,南干管理站,0.497
2026/4/18 23:44,南干管理站,0.497
2026/4/18 23:39,南干管理站,0.502
2026/4/18 23:34,南干管理站,0.499
2026/4/18 23:29,南干管理站,0.495
2026/4/18 23:24,南干管理站,0.497
2026/4/18 23:19,南干管理站,0.499
2026/4/18 23:14,南干管理站,0.503
2026/4/18 23:09,南干管理站,0.5
2026/4/18 23:04,南干管理站,0.502
2026/4/18 22:59,南干管理站,0.503
2026/4/18 22:54,南干管理站,0.503
2026/4/18 22:49,南干管理站,0.502
2026/4/18 22:44,南干管理站,0.495
2026/4/18 22:39,南干管理站,0.504
2026/4/18 22:34,南干管理站,0.503
2026/4/18 22:29,南干管理站,0.498
2026/4/18 22:24,南干管理站,0.502
2026/4/18 22:19,南干管理站,0.497
2026/4/18 22:14,南干管理站,0.504
2026/4/18 22:09,南干管理站,0.503
2026/4/18 22:04,南干管理站,0.497
2026/4/18 21:59,南干管理站,0.495
2026/4/18 21:54,南干管理站,0.499
2026/4/18 21:48,南干管理站,0.495
2026/4/18 21:43,南干管理站,0.497
2026/4/18 21:38,南干管理站,0.492
2026/4/18 21:33,南干管理站,0.49
2026/4/18 21:28,南干管理站,0.49
2026/4/18 21:23,南干管理站,0.492
2026/4/18 21:18,南干管理站,0.492
2026/4/18 21:13,南干管理站,0.49
2026/4/18 21:08,南干管理站,0.478
2026/4/18 21:03,南干管理站,0.486
2026/4/18 20:58,南干管理站,0.483
2026/4/18 20:53,南干管理站,0.488
2026/4/18 20:48,南干管理站,0.485
2026/4/18 20:43,南干管理站,0.491
2026/4/18 20:38,南干管理站,0.497
2026/4/18 20:33,南干管理站,0.504
2026/4/18 20:28,南干管理站,0.504
2026/4/18 20:23,南干管理站,0.534
2026/4/18 20:18,南干管理站,0.529
2026/4/18 20:13,南干管理站,0.52
2026/4/18 20:08,南干管理站,0.529
2026/4/18 20:03,南干管理站,0.524
2026/4/18 19:58,南干管理站,0.527
2026/4/18 19:53,南干管理站,0.527
2026/4/18 19:48,南干管理站,0.52
2026/4/18 19:43,南干管理站,0.524
2026/4/18 19:38,南干管理站,0.531
2026/4/18 19:33,南干管理站,0.524
2026/4/18 19:28,南干管理站,0.52
2026/4/18 19:23,南干管理站,0.522
2026/4/18 19:18,南干管理站,0.527
2026/4/18 19:13,南干管理站,0.516
2026/4/18 19:08,南干管理站,0.52
2026/4/18 19:03,南干管理站,0.527
2026/4/18 18:58,南干管理站,0.529
2026/4/18 18:53,南干管理站,0.524
2026/4/18 18:48,南干管理站,0.527
2026/4/18 18:43,南干管理站,0.529
2026/4/18 18:38,南干管理站,0.524
2026/4/18 18:33,南干管理站,0.527
2026/4/18 18:28,南干管理站,0.515
2026/4/18 18:23,南干管理站,0.518
2026/4/18 18:18,南干管理站,0.534
2026/4/18 18:13,南干管理站,0.608
2026/4/18 18:08,南干管理站,0.605
2026/4/18 18:03,南干管理站,0.61
2026/4/18 17:58,南干管理站,0.599
2026/4/18 17:53,南干管理站,0.603
2026/4/18 17:48,南干管理站,0.606
2026/4/18 17:42,南干管理站,0.6
2026/4/18 17:37,南干管理站,0.603
2026/4/18 17:32,南干管理站,0.6
2026/4/18 17:27,南干管理站,0.604
2026/4/18 17:22,南干管理站,0.608
2026/4/18 17:17,南干管理站,0.601
2026/4/18 17:12,南干管理站,0.601
2026/4/18 17:07,南干管理站,0.601
2026/4/18 17:02,南干管理站,0.6
2026/4/18 16:57,南干管理站,0.619
2026/4/18 16:52,南干管理站,0.724
2026/4/18 16:47,南干管理站,0.724
2026/4/18 16:42,南干管理站,0.722
2026/4/18 16:37,南干管理站,0.725
2026/4/18 16:32,南干管理站,0.724
2026/4/18 16:27,南干管理站,0.724
2026/4/18 16:22,南干管理站,0.731
2026/4/18 16:17,南干管理站,0.724
2026/4/18 16:12,南干管理站,0.725
2026/4/18 16:07,南干管理站,0.729
2026/4/18 16:02,南干管理站,0.724
2026/4/18 15:57,南干管理站,0.716
2026/4/18 15:52,南干管理站,0.716
2026/4/18 15:47,南干管理站,0.724
2026/4/18 15:42,南干管理站,0.726
2026/4/18 15:37,南干管理站,0.72
2026/4/18 15:32,南干管理站,0.724
2026/4/18 15:27,南干管理站,0.725
2026/4/18 15:22,南干管理站,0.724
2026/4/18 15:17,南干管理站,0.724
2026/4/18 15:12,南干管理站,0.725
2026/4/18 15:07,南干管理站,0.722
2026/4/18 15:02,南干管理站,0.718
2026/4/18 14:57,南干管理站,0.721
2026/4/18 14:52,南干管理站,0.721
2026/4/18 14:47,南干管理站,0.726
2026/4/18 14:42,南干管理站,0.721
2026/4/18 14:37,南干管理站,0.718
2026/4/18 14:31,南干管理站,0.718
2026/4/18 14:26,南干管理站,0.725
2026/4/18 14:21,南干管理站,0.726
2026/4/18 14:16,南干管理站,0.721
2026/4/18 14:11,南干管理站,0.741
2026/4/18 14:06,南干管理站,0.738
2026/4/18 14:01,南干管理站,0.746
2026/4/18 13:56,南干管理站,0.737
2026/4/18 13:51,南干管理站,0.74
2026/4/18 13:46,南干管理站,0.741
2026/4/18 13:41,南干管理站,0.737
2026/4/18 13:36,南干管理站,0.74
2026/4/18 13:31,南干管理站,0.738
2026/4/18 13:26,南干管理站,0.744
2026/4/18 13:21,南干管理站,0.741
2026/4/18 13:16,南干管理站,0.74
2026/4/18 13:11,南干管理站,0.737
2026/4/18 13:06,南干管理站,0.737
2026/4/18 13:01,南干管理站,0.74
2026/4/18 12:56,南干管理站,0.738
2026/4/18 12:51,南干管理站,0.732
2026/4/18 12:46,南干管理站,0.737
2026/4/18 12:41,南干管理站,0.737
2026/4/18 12:36,南干管理站,0.734
2026/4/18 12:31,南干管理站,0.734
2026/4/18 12:26,南干管理站,0.734
2026/4/18 12:21,南干管理站,0.734
2026/4/18 12:16,南干管理站,0.734
2026/4/18 12:11,南干管理站,0.735
2026/4/18 12:06,南干管理站,0.729
2026/4/18 12:01,南干管理站,0.729
2026/4/18 11:56,南干管理站,0.732
2026/4/18 11:51,南干管理站,0.716
2026/4/18 11:46,南干管理站,0.723
2026/4/18 11:41,南干管理站,0.733
2026/4/18 11:36,南干管理站,0.773
2026/4/18 11:31,南干管理站,0.718
2026/4/18 11:26,南干管理站,0.721
2026/4/18 11:21,南干管理站,0.722
2026/4/18 11:16,南干管理站,0.718
2026/4/18 11:11,南干管理站,0.724
2026/4/18 11:06,南干管理站,0.721
2026/4/18 11:01,南干管理站,0.722
2026/4/18 10:56,南干管理站,0.72
2026/4/18 10:51,南干管理站,0.718
2026/4/18 10:46,南干管理站,0.718
2026/4/18 10:41,南干管理站,0.721
2026/4/18 10:36,南干管理站,0.725
2026/4/18 10:31,南干管理站,0.725
2026/4/18 10:26,南干管理站,0.721
2026/4/18 10:21,南干管理站,0.724
2026/4/18 10:16,南干管理站,0.725
2026/4/18 10:10,南干管理站,0.724
2026/4/18 10:05,南干管理站,0.723
2026/4/18 10:00,南干管理站,0.725
2026/4/18 9:55,南干管理站,0.727
2026/4/18 9:50,南干管理站,0.724
2026/4/18 9:45,南干管理站,0.726
2026/4/18 9:40,南干管理站,0.73
2026/4/18 9:35,南干管理站,0.727
2026/4/18 9:30,南干管理站,0.73
2026/4/18 9:25,南干管理站,0.73
2026/4/18 9:20,南干管理站,0.727
2026/4/18 9:15,南干管理站,0.73
2026/4/18 9:10,南干管理站,0.729
2026/4/18 9:05,南干管理站,0.734
2026/4/18 9:00,南干管理站,0.735
2026/4/18 8:55,南干管理站,0.736
2026/4/18 8:50,南干管理站,0.739
2026/4/18 8:45,南干管理站,0.754
2026/4/18 8:40,南干管理站,0.703
2026/4/18 8:35,南干管理站,0.69
2026/4/18 8:30,南干管理站,0.686
2026/4/18 8:25,南干管理站,0.69
2026/4/18 8:20,南干管理站,0.688
2026/4/18 8:15,南干管理站,0.669
2026/4/18 8:10,南干管理站,0.677
2026/4/18 8:05,南干管理站,0.673
2026/4/18 8:00,南干管理站,0.67
2026/4/18 7:55,南干管理站,0.672
2026/4/18 7:50,南干管理站,0.671
2026/4/18 7:45,南干管理站,0.675
2026/4/18 7:40,南干管理站,0.674
2026/4/18 7:35,南干管理站,0.672
2026/4/18 7:30,南干管理站,0.675
2026/4/18 7:25,南干管理站,0.676
2026/4/18 7:20,南干管理站,0.676
2026/4/18 7:15,南干管理站,0.676
2026/4/18 7:10,南干管理站,0.683
2026/4/18 7:05,南干管理站,0.68
2026/4/18 7:00,南干管理站,0.682
2026/4/18 6:55,南干管理站,0.684
2026/4/18 6:50,南干管理站,0.684
2026/4/18 6:45,南干管理站,0.693
2026/4/18 6:40,南干管理站,0.688
2026/4/18 6:35,南干管理站,0.646
2026/4/18 6:30,南干管理站,0.639
2026/4/18 6:25,南干管理站,0.65
2026/4/18 6:20,南干管理站,0.646
2026/4/18 6:15,南干管理站,0.644
2026/4/18 6:10,南干管理站,0.641
2026/4/18 6:05,南干管理站,0.653
2026/4/18 6:00,南干管理站,0.653
2026/4/18 5:55,南干管理站,0.664
2026/4/18 5:50,南干管理站,0.649
2026/4/18 5:45,南干管理站,0.63
2026/4/18 5:40,南干管理站,0.62
2026/4/18 5:35,南干管理站,0.6
2026/4/18 5:30,南干管理站,0.595
2026/4/18 5:25,南干管理站,0.609
2026/4/18 5:20,南干管理站,0.603
2026/4/18 5:15,南干管理站,0.598
2026/4/18 5:09,南干管理站,0.602
2026/4/18 5:04,南干管理站,0.614
2026/4/18 4:59,南干管理站,0.614
2026/4/18 4:54,南干管理站,0.618
2026/4/18 4:49,南干管理站,0.607
2026/4/18 4:44,南干管理站,0.62
2026/4/18 4:39,南干管理站,0.624
2026/4/18 4:34,南干管理站,0.637
2026/4/18 4:29,南干管理站,0.631
2026/4/18 4:24,南干管理站,0.629
2026/4/18 4:19,南干管理站,0.639
2026/4/18 4:14,南干管理站,0.653
2026/4/18 4:09,南干管理站,0.651
2026/4/18 4:04,南干管理站,0.653
2026/4/18 3:59,南干管理站,0.651
2026/4/18 3:54,南干管理站,0.653
2026/4/18 3:49,南干管理站,0.651
2026/4/18 3:44,南干管理站,0.648
2026/4/18 3:39,南干管理站,0.65
2026/4/18 3:34,南干管理站,0.651
2026/4/18 3:29,南干管理站,0.65
2026/4/18 3:24,南干管理站,0.647
2026/4/18 3:19,南干管理站,0.65
2026/4/18 3:14,南干管理站,0.646
2026/4/18 3:09,南干管理站,0.651
2026/4/18 3:04,南干管理站,0.651
2026/4/18 2:59,南干管理站,0.65
2026/4/18 2:54,南干管理站,0.651
2026/4/18 2:49,南干管理站,0.654
2026/4/18 2:44,南干管理站,0.659
2026/4/18 2:39,南干管理站,0.652
2026/4/18 2:34,南干管理站,0.65
2026/4/18 2:29,南干管理站,0.656
2026/4/18 2:24,南干管理站,0.649
2026/4/18 2:19,南干管理站,0.656
2026/4/18 2:14,南干管理站,0.645
2026/4/18 2:09,南干管理站,0.652
2026/4/18 2:04,南干管理站,0.648
2026/4/18 1:59,南干管理站,0.651
2026/4/18 1:54,南干管理站,0.65
2026/4/18 1:49,南干管理站,0.646
2026/4/18 1:44,南干管理站,0.646
2026/4/18 1:39,南干管理站,0.64
2026/4/18 1:34,南干管理站,0.648
2026/4/18 1:29,南干管理站,0.638
2026/4/18 1:24,南干管理站,0.649
2026/4/18 1:19,南干管理站,0.643
2026/4/18 1:14,南干管理站,0.646
2026/4/18 1:09,南干管理站,0.646
2026/4/18 1:01,南干管理站,0.648
2026/4/18 0:59,南干管理站,0.647
2026/4/18 0:54,南干管理站,0.641
2026/4/18 0:49,南干管理站,0.646
2026/4/18 0:44,南干管理站,0.646
2026/4/18 0:39,南干管理站,0.638
2026/4/18 0:34,南干管理站,0.646
2026/4/18 0:29,南干管理站,0.646
2026/4/18 0:24,南干管理站,0.65
2026/4/18 0:19,南干管理站,0.646
2026/4/18 0:14,南干管理站,0.644
2026/4/18 0:09,南干管理站,0.647
2026/4/18 0:04,南干管理站,0.643
2026/4/17 23:59,南干管理站,0.638
2026/4/17 23:54,南干管理站,0.642
2026/4/17 23:49,南干管理站,0.646
2026/4/17 23:44,南干管理站,0.641
2026/4/17 23:39,南干管理站,0.641
2026/4/17 23:34,南干管理站,0.644
2026/4/17 23:29,南干管理站,0.641
2026/4/17 23:24,南干管理站,0.635
2026/4/17 23:19,南干管理站,0.642
2026/4/17 23:14,南干管理站,0.638
2026/4/17 23:09,南干管理站,0.642
2026/4/17 23:02,南干管理站,0.641
2026/4/17 22:59,南干管理站,0.638
2026/4/17 22:54,南干管理站,0.636
2026/4/17 22:48,南干管理站,0.636
2026/4/17 22:43,南干管理站,0.638
2026/4/17 22:38,南干管理站,0.639
2026/4/17 22:33,南干管理站,0.641
2026/4/17 22:28,南干管理站,0.636
2026/4/17 22:23,南干管理站,0.634
2026/4/17 22:18,南干管理站,0.636
2026/4/17 22:13,南干管理站,0.636
2026/4/17 22:08,南干管理站,0.636
2026/4/17 22:03,南干管理站,0.636
2026/4/17 21:58,南干管理站,0.636
2026/4/17 21:53,南干管理站,0.634
2026/4/17 21:48,南干管理站,0.635
2026/4/17 21:43,南干管理站,0.629
2026/4/17 21:38,南干管理站,0.63
2026/4/17 21:33,南干管理站,0.633
2026/4/17 21:28,南干管理站,0.629
2026/4/17 21:23,南干管理站,0.632
2026/4/17 21:18,南干管理站,0.63
2026/4/17 21:13,南干管理站,0.633
2026/4/17 21:08,南干管理站,0.632
2026/4/17 21:03,南干管理站,0.631
2026/4/17 20:58,南干管理站,0.63
2026/4/17 20:53,南干管理站,0.625
2026/4/17 20:48,南干管理站,0.628
2026/4/17 20:43,南干管理站,0.63
2026/4/17 20:38,南干管理站,0.626
2026/4/17 20:33,南干管理站,0.629
2026/4/17 20:27,南干管理站,0.627
2026/4/17 20:22,南干管理站,0.624
2026/4/17 20:17,南干管理站,0.632
2026/4/17 20:12,南干管理站,0.629
2026/4/17 20:07,南干管理站,0.626
2026/4/17 20:02,南干管理站,0.628
2026/4/17 19:57,南干管理站,0.624
2026/4/17 19:52,南干管理站,0.626
2026/4/17 19:47,南干管理站,0.627
2026/4/17 19:42,南干管理站,0.621
2026/4/17 19:37,南干管理站,0.625
2026/4/17 19:32,南干管理站,0.621
2026/4/17 19:27,南干管理站,0.626
2026/4/17 19:22,南干管理站,0.621
2026/4/17 19:17,南干管理站,0.626
2026/4/17 19:12,南干管理站,0.621
2026/4/17 19:07,南干管理站,0.624
2026/4/17 19:02,南干管理站,0.626
2026/4/17 18:57,南干管理站,0.621
2026/4/17 18:52,南干管理站,0.621
2026/4/17 18:47,南干管理站,0.619
2026/4/17 18:42,南干管理站,0.623
2026/4/17 18:37,南干管理站,0.621
2026/4/17 18:32,南干管理站,0.625
2026/4/17 18:27,南干管理站,0.62
2026/4/17 18:21,南干管理站,0.619
2026/4/17 18:16,南干管理站,0.624
2026/4/17 18:11,南干管理站,0.619
2026/4/17 18:06,南干管理站,0.621
2026/4/17 18:01,南干管理站,0.618
2026/4/17 17:56,南干管理站,0.619
2026/4/17 17:51,南干管理站,0.621
2026/4/17 17:46,南干管理站,0.621
2026/4/17 17:41,南干管理站,0.619
2026/4/17 17:36,南干管理站,0.624
2026/4/17 17:31,南干管理站,0.62
2026/4/17 17:26,南干管理站,0.616
2026/4/17 17:21,南干管理站,0.616
2026/4/17 17:16,南干管理站,0.619
2026/4/17 17:11,南干管理站,0.616
2026/4/17 17:06,南干管理站,0.618
2026/4/17 17:01,南干管理站,0.621
2026/4/17 16:56,南干管理站,0.616
2026/4/17 16:51,南干管理站,0.591
2026/4/17 16:46,南干管理站,0.674
2026/4/17 16:41,南干管理站,0.674
2026/4/17 16:36,南干管理站,0.669
2026/4/17 16:31,南干管理站,0.669
2026/4/17 16:26,南干管理站,0.669
2026/4/17 16:21,南干管理站,0.671
2026/4/17 16:16,南干管理站,0.668
2026/4/17 16:11,南干管理站,0.672
2026/4/17 16:06,南干管理站,0.671
2026/4/17 16:01,南干管理站,0.674
2026/4/17 15:56,南干管理站,0.67
2026/4/17 15:51,南干管理站,0.671
2026/4/17 15:46,南干管理站,0.672
2026/4/17 15:41,南干管理站,0.671
2026/4/17 15:36,南干管理站,0.674
2026/4/17 15:31,南干管理站,0.668
2026/4/17 15:26,南干管理站,0.669
2026/4/17 15:21,南干管理站,0.668
2026/4/17 15:16,南干管理站,0.669
2026/4/17 15:11,南干管理站,0.671
2026/4/17 15:06,南干管理站,0.666
2026/4/17 15:01,南干管理站,0.67
2026/4/17 14:56,南干管理站,0.669
2026/4/17 14:51,南干管理站,0.671
2026/4/17 14:46,南干管理站,0.669
2026/4/17 14:41,南干管理站,0.674
2026/4/17 14:35,南干管理站,0.661
2026/4/17 14:30,南干管理站,0.66
2026/4/17 14:25,南干管理站,0.661
2026/4/17 14:20,南干管理站,0.669
2026/4/17 14:15,南干管理站,0.66
2026/4/17 14:10,南干管理站,0.662
2026/4/17 14:05,南干管理站,0.658
2026/4/17 14:00,南干管理站,0.664
2026/4/17 13:55,南干管理站,0.666
2026/4/17 13:50,南干管理站,0.662
2026/4/17 13:45,南干管理站,0.659
2026/4/17 13:40,南干管理站,0.661
2026/4/17 13:35,南干管理站,0.663
2026/4/17 13:30,南干管理站,0.666
2026/4/17 13:25,南干管理站,0.668
2026/4/17 13:20,南干管理站,0.664
2026/4/17 13:15,南干管理站,0.665
2026/4/17 13:10,南干管理站,0.668
2026/4/17 13:05,南干管理站,0.66
2026/4/17 13:00,南干管理站,0.667
2026/4/17 12:55,南干管理站,0.669
2026/4/17 12:50,南干管理站,0.665
2026/4/17 12:45,南干管理站,0.665
2026/4/17 12:40,南干管理站,0.629
2026/4/17 12:35,南干管理站,0.66
2026/4/17 12:30,南干管理站,0.661
2026/4/17 12:25,南干管理站,0.664
2026/4/17 12:20,南干管理站,0.666
2026/4/17 12:15,南干管理站,0.659
2026/4/17 12:10,南干管理站,0.664
2026/4/17 12:05,南干管理站,0.664
2026/4/17 12:00,南干管理站,0.661
2026/4/17 11:55,南干管理站,0.66
2026/4/17 11:49,南干管理站,0.658
2026/4/17 11:44,南干管理站,0.666
2026/4/17 11:39,南干管理站,0.663
2026/4/17 11:34,南干管理站,0.669
2026/4/17 11:29,南干管理站,0.669
2026/4/17 11:24,南干管理站,0.645
2026/4/17 11:19,南干管理站,0.645
2026/4/17 11:14,南干管理站,0.642
2026/4/17 11:09,南干管理站,0.642
2026/4/17 11:04,南干管理站,0.642
2026/4/17 10:59,南干管理站,0.605
2026/4/17 10:54,南干管理站,0.602
2026/4/17 10:49,南干管理站,0.602
2026/4/17 10:44,南干管理站,0.599
2026/4/17 10:39,南干管理站,0.603
2026/4/17 10:34,南干管理站,0.602
2026/4/17 10:29,南干管理站,0.605
2026/4/17 10:24,南干管理站,0.605
2026/4/17 10:19,南干管理站,0.599
2026/4/17 10:14,南干管理站,0.597
2026/4/17 10:09,南干管理站,0.594
2026/4/17 10:04,南干管理站,0.594
2026/4/17 9:59,南干管理站,0.608
2026/4/17 9:54,南干管理站,0.603
2026/4/17 9:49,南干管理站,0.601
2026/4/17 9:44,南干管理站,0.605
2026/4/17 9:39,南干管理站,0.598
2026/4/17 9:34,南干管理站,0.604
2026/4/17 9:29,南干管理站,0.6
2026/4/17 9:24,南干管理站,0.6
2026/4/17 9:19,南干管理站,0.609
2026/4/17 9:14,南干管理站,0.603
2026/4/17 9:09,南干管理站,0.601
2026/4/17 9:04,南干管理站,0.598
2026/4/17 8:58,南干管理站,0.602
2026/4/17 8:53,南干管理站,0.607
2026/4/17 8:48,南干管理站,0.604
2026/4/17 8:43,南干管理站,0.601
2026/4/17 8:38,南干管理站,0.614
2026/4/17 8:33,南干管理站,0.599
2026/4/17 8:28,南干管理站,0.601
2026/4/17 8:23,南干管理站,0.605
2026/4/17 8:18,南干管理站,0.601
2026/4/17 8:13,南干管理站,0.614
2026/4/17 8:08,南干管理站,0.608
2026/4/17 8:03,南干管理站,0.601
2026/4/17 7:58,南干管理站,0.608
2026/4/17 7:53,南干管理站,0.601
2026/4/17 7:48,南干管理站,0.614
2026/4/17 7:43,南干管理站,0.608
2026/4/17 7:38,南干管理站,0.608
2026/4/17 7:33,南干管理站,0.601
2026/4/17 7:28,南干管理站,0.603
2026/4/17 7:23,南干管理站,0.601
2026/4/17 7:18,南干管理站,0.604
2026/4/17 7:13,南干管理站,0.605
2026/4/17 7:08,南干管理站,0.604
2026/4/17 7:03,南干管理站,0.606
2026/4/17 6:58,南干管理站,0.612
2026/4/17 6:53,南干管理站,0.561
2026/4/17 6:48,南干管理站,0.567
2026/4/17 6:43,南干管理站,0.572
2026/4/17 6:38,南干管理站,0.559
2026/4/17 6:32,南干管理站,0.561
2026/4/17 6:27,南干管理站,0.561
2026/4/17 6:22,南干管理站,0.561
2026/4/17 6:17,南干管理站,0.559
2026/4/17 6:12,南干管理站,0.565
2026/4/17 6:07,南干管理站,0.56
2026/4/17 6:02,南干管理站,0.565
2026/4/17 5:57,南干管理站,0.564
2026/4/17 5:52,南干管理站,0.565
2026/4/17 5:47,南干管理站,0.561
2026/4/17 5:42,南干管理站,0.556
2026/4/17 5:37,南干管理站,0.551
2026/4/17 5:32,南干管理站,0.546
2026/4/17 5:27,南干管理站,0.551
2026/4/17 5:22,南干管理站,0.546
2026/4/17 5:17,南干管理站,0.546
2026/4/17 5:12,南干管理站,0.544
2026/4/17 5:07,南干管理站,0.551
2026/4/17 5:02,南干管理站,0.548
2026/4/17 4:57,南干管理站,0.548
2026/4/17 4:52,南干管理站,0.547
2026/4/17 4:47,南干管理站,0.544
2026/4/17 4:42,南干管理站,0.545
2026/4/17 4:37,南干管理站,0.558
2026/4/17 4:32,南干管理站,0.549
2026/4/17 4:27,南干管理站,0.543
2026/4/17 4:22,南干管理站,0.551
2026/4/17 4:17,南干管理站,0.548
2026/4/17 4:12,南干管理站,0.548
2026/4/17 4:07,南干管理站,0.551
2026/4/17 4:02,南干管理站,0.585
2026/4/17 3:57,南干管理站,0.622
2026/4/17 3:52,南干管理站,0.627
2026/4/17 3:47,南干管理站,0.62
2026/4/17 3:42,南干管理站,0.626
2026/4/17 3:37,南干管理站,0.626
2026/4/17 3:32,南干管理站,0.624
2026/4/17 3:27,南干管理站,0.625
2026/4/17 3:22,南干管理站,0.623
2026/4/17 3:17,南干管理站,0.617
2026/4/17 3:12,南干管理站,0.619
2026/4/17 3:07,南干管理站,0.611
2026/4/17 3:02,南干管理站,0.588
2026/4/17 2:57,南干管理站,0.582
2026/4/17 2:52,南干管理站,0.567
2026/4/17 2:47,南干管理站,0.453
2026/4/17 2:42,南干管理站,0.587
2026/4/17 2:36,南干管理站,0.628
2026/4/17 2:31,南干管理站,0.629
2026/4/17 2:26,南干管理站,0.626
2026/4/17 2:21,南干管理站,0.633
2026/4/17 2:16,南干管理站,0.629
2026/4/17 2:11,南干管理站,0.629
2026/4/17 2:06,南干管理站,0.633
2026/4/17 2:01,南干管理站,0.629
2026/4/17 1:56,南干管理站,0.627
2026/4/17 1:51,南干管理站,0.627
2026/4/17 1:46,南干管理站,0.628
2026/4/17 1:41,南干管理站,0.631
2026/4/17 1:36,南干管理站,0.627
2026/4/17 1:31,南干管理站,0.628
2026/4/17 1:26,南干管理站,0.632
2026/4/17 1:21,南干管理站,0.629
2026/4/17 1:16,南干管理站,0.63
2026/4/17 1:11,南干管理站,0.629
2026/4/17 1:06,南干管理站,0.627
2026/4/17 1:01,南干管理站,0.627
2026/4/17 0:56,南干管理站,0.627
2026/4/17 0:51,南干管理站,0.628
2026/4/17 0:46,南干管理站,0.627
2026/4/17 0:41,南干管理站,0.629
2026/4/17 0:36,南干管理站,0.629
2026/4/17 0:31,南干管理站,0.627
2026/4/17 0:26,南干管理站,0.624
2026/4/17 0:21,南干管理站,0.627
2026/4/17 0:16,南干管理站,0.626
2026/4/17 0:11,南干管理站,0.632
2026/4/17 0:06,南干管理站,0.629
2026/4/17 0:01,南干管理站,0.628
2026/4/16 23:56,南干管理站,0.629
2026/4/16 23:51,南干管理站,0.632
2026/4/16 23:46,南干管理站,0.627
2026/4/16 23:40,南干管理站,0.627
2026/4/16 23:35,南干管理站,0.627
2026/4/16 23:30,南干管理站,0.629
2026/4/16 23:25,南干管理站,0.626
2026/4/16 23:20,南干管理站,0.629
2026/4/16 23:15,南干管理站,0.63
2026/4/16 23:10,南干管理站,0.624
2026/4/16 23:03,南干管理站,0.626
2026/4/16 23:00,南干管理站,0.628
2026/4/16 22:55,南干管理站,0.628
2026/4/16 22:50,南干管理站,0.632
2026/4/16 22:45,南干管理站,0.632
2026/4/16 22:40,南干管理站,0.627
2026/4/16 22:35,南干管理站,0.632
2026/4/16 22:30,南干管理站,0.627
2026/4/16 22:25,南干管理站,0.626
2026/4/16 22:20,南干管理站,0.629
2026/4/16 22:15,南干管理站,0.626
2026/4/16 22:10,南干管理站,0.626
2026/4/16 22:05,南干管理站,0.628
2026/4/16 22:00,南干管理站,0.626
2026/4/16 21:55,南干管理站,0.629
2026/4/16 21:50,南干管理站,0.628
2026/4/16 21:45,南干管理站,0.627
2026/4/16 21:40,南干管理站,0.627
2026/4/16 21:35,南干管理站,0.626
2026/4/16 21:30,南干管理站,0.627
2026/4/16 21:25,南干管理站,0.628
2026/4/16 21:20,南干管理站,0.629
2026/4/16 21:15,南干管理站,0.628
2026/4/16 21:10,南干管理站,0.627
2026/4/16 21:05,南干管理站,0.627
2026/4/16 20:59,南干管理站,0.628
2026/4/16 20:54,南干管理站,0.628
2026/4/16 20:49,南干管理站,0.63
2026/4/16 20:44,南干管理站,0.627
2026/4/16 20:39,南干管理站,0.626
2026/4/16 20:34,南干管理站,0.629
2026/4/16 20:29,南干管理站,0.629
2026/4/16 20:24,南干管理站,0.626
2026/4/16 20:19,南干管理站,0.627
2026/4/16 20:14,南干管理站,0.629
2026/4/16 20:09,南干管理站,0.626
2026/4/16 20:04,南干管理站,0.629
2026/4/16 19:59,南干管理站,0.627
2026/4/16 19:54,南干管理站,0.627
2026/4/16 19:49,南干管理站,0.626
2026/4/16 19:44,南干管理站,0.627
2026/4/16 19:39,南干管理站,0.626
2026/4/16 19:34,南干管理站,0.628
2026/4/16 19:29,南干管理站,0.626
2026/4/16 19:24,南干管理站,0.63
2026/4/16 19:19,南干管理站,0.623
2026/4/16 19:14,南干管理站,0.623
2026/4/16 19:09,南干管理站,0.624
2026/4/16 19:04,南干管理站,0.622
2026/4/16 18:59,南干管理站,0.627
2026/4/16 18:54,南干管理站,0.627
2026/4/16 18:49,南干管理站,0.623
2026/4/16 18:44,南干管理站,0.625
2026/4/16 18:39,南干管理站,0.622
2026/4/16 18:34,南干管理站,0.654
2026/4/16 18:29,南干管理站,0.652
2026/4/16 18:24,南干管理站,0.652
2026/4/16 18:19,南干管理站,0.65
2026/4/16 18:14,南干管理站,0.649
2026/4/16 18:09,南干管理站,0.649
2026/4/16 18:04,南干管理站,0.64
2026/4/16 17:59,南干管理站,0.643
2026/4/16 17:54,南干管理站,0.638
2026/4/16 17:49,南干管理站,0.63
2026/4/16 17:44,南干管理站,0.622
2026/4/16 17:38,南干管理站,0.718
2026/4/16 17:33,南干管理站,0.727
2026/4/16 17:28,南干管理站,0.651
2026/4/16 17:23,南干管理站,0.651
2026/4/16 17:18,南干管理站,0.652
2026/4/16 17:13,南干管理站,0.651
2026/4/16 17:08,南干管理站,0.652
2026/4/16 17:03,南干管理站,0.655
2026/4/16 16:58,南干管理站,0.655
2026/4/16 16:53,南干管理站,0.654
2026/4/16 16:48,南干管理站,0.657
2026/4/16 16:43,南干管理站,0.653
2026/4/16 16:38,南干管理站,0.658
2026/4/16 16:33,南干管理站,0.655
2026/4/16 16:28,南干管理站,0.657
2026/4/16 16:23,南干管理站,0.654
2026/4/16 16:18,南干管理站,0.654
2026/4/16 16:13,南干管理站,0.654
2026/4/16 16:08,南干管理站,0.657
2026/4/16 16:03,南干管理站,0.654
2026/4/16 15:58,南干管理站,0.658
2026/4/16 15:53,南干管理站,0.658
2026/4/16 15:48,南干管理站,0.652
2026/4/16 15:43,南干管理站,0.654
2026/4/16 15:38,南干管理站,0.654
2026/4/16 15:33,南干管理站,0.655
2026/4/16 15:28,南干管理站,0.655
2026/4/16 15:23,南干管理站,0.652
2026/4/16 15:18,南干管理站,0.654
2026/4/16 15:13,南干管理站,0.654
2026/4/16 15:08,南干管理站,0.655
2026/4/16 15:03,南干管理站,0.657
2026/4/16 14:57,南干管理站,0.658
2026/4/16 14:52,南干管理站,0.657
2026/4/16 14:47,南干管理站,0.655
2026/4/16 14:42,南干管理站,0.658
2026/4/16 14:37,南干管理站,0.659
2026/4/16 14:32,南干管理站,0.664
2026/4/16 14:27,南干管理站,0.659
2026/4/16 14:22,南干管理站,0.659
2026/4/16 14:17,南干管理站,0.66
2026/4/16 14:12,南干管理站,0.651
2026/4/16 14:07,南干管理站,0.651
2026/4/16 14:02,南干管理站,0.654
2026/4/16 13:57,南干管理站,0.655
2026/4/16 13:52,南干管理站,0.657
2026/4/16 13:47,南干管理站,0.659
2026/4/16 13:42,南干管理站,0.658
2026/4/16 13:37,南干管理站,0.658
2026/4/16 13:32,南干管理站,0.658
2026/4/16 13:27,南干管理站,0.659
2026/4/16 13:22,南干管理站,0.66
2026/4/16 13:17,南干管理站,0.66
2026/4/16 13:12,南干管理站,0.66
2026/4/16 13:07,南干管理站,0.66
2026/4/16 13:02,南干管理站,0.66
2026/4/16 12:57,南干管理站,0.664
2026/4/16 12:52,南干管理站,0.663
2026/4/16 12:47,南干管理站,0.662
2026/4/16 12:42,南干管理站,0.664
2026/4/16 12:37,南干管理站,0.665
2026/4/16 12:32,南干管理站,0.664
2026/4/16 12:27,南干管理站,0.646
2026/4/16 12:22,南干管理站,0.611
2026/4/16 12:17,南干管理站,0.612
2026/4/16 12:12,南干管理站,0.614
2026/4/16 12:07,南干管理站,0.616
2026/4/16 12:02,南干管理站,0.617
2026/4/16 11:57,南干管理站,0.617
2026/4/16 11:52,南干管理站,0.62
2026/4/16 11:47,南干管理站,0.609
2026/4/16 11:42,南干管理站,0.611
2026/4/16 11:37,南干管理站,0.611
2026/4/16 11:32,南干管理站,0.612
2026/4/16 11:27,南干管理站,0.603
2026/4/16 11:22,南干管理站,0.604
2026/4/16 11:17,南干管理站,0.606
2026/4/16 11:12,南干管理站,0.61
2026/4/16 11:07,南干管理站,0.611
2026/4/16 11:02,南干管理站,0.614
2026/4/16 10:57,南干管理站,0.614
2026/4/16 10:52,南干管理站,0.618
2026/4/16 10:47,南干管理站,0.611
2026/4/16 10:42,南干管理站,0.595
2026/4/16 10:37,南干管理站,0.596
2026/4/16 10:32,南干管理站,0.601
2026/4/16 10:27,南干管理站,0.61
2026/4/16 10:22,南干管理站,0.609
2026/4/16 10:17,南干管理站,0.584
2026/4/16 10:12,南干管理站,0.585
2026/4/16 10:07,南干管理站,0.59
2026/4/16 10:02,南干管理站,0.594
2026/4/16 9:57,南干管理站,0.595
2026/4/16 9:52,南干管理站,0.601
2026/4/16 9:47,南干管理站,0.6
2026/4/16 9:42,南干管理站,0.606
2026/4/16 9:37,南干管理站,0.581
2026/4/16 9:31,南干管理站,0.582
2026/4/16 9:26,南干管理站,0.586
2026/4/16 9:21,南干管理站,0.588
2026/4/16 9:16,南干管理站,0.591
2026/4/16 9:11,南干管理站,0.573
2026/4/16 9:06,南干管理站,0.575
2026/4/16 9:01,南干管理站,0.581
2026/4/16 8:56,南干管理站,0.586
2026/4/16 8:51,南干管理站,0.595
2026/4/16 8:46,南干管理站,0.595
2026/4/16 8:41,南干管理站,0.593
2026/4/16 8:36,南干管理站,0.593
2026/4/16 8:31,南干管理站,0.596
2026/4/16 8:26,南干管理站,0.595
2026/4/16 8:21,南干管理站,0.603
2026/4/16 8:16,南干管理站,0.606
2026/4/16 8:10,南干管理站,0.596
2026/4/16 6:54,南干管理站,0.598
2026/4/16 6:49,南干管理站,0.596
2026/4/16 6:30,南干管理站,0.599
2026/4/16 6:24,南干管理站,0.595
2026/4/16 6:19,南干管理站,0.597
2026/4/16 6:14,南干管理站,0.597
2026/4/16 6:09,南干管理站,0.594
2026/4/16 6:04,南干管理站,0.594
2026/4/16 5:59,南干管理站,0.592
2026/4/16 5:54,南干管理站,0.595
2026/4/16 5:49,南干管理站,0.594
2026/4/16 5:44,南干管理站,0.594
2026/4/16 5:39,南干管理站,0.592
2026/4/16 5:34,南干管理站,0.594
2026/4/16 5:29,南干管理站,0.59
2026/4/16 5:24,南干管理站,0.591
2026/4/16 5:19,南干管理站,0.593
2026/4/16 5:14,南干管理站,0.591
2026/4/16 5:09,南干管理站,0.59
2026/4/16 5:04,南干管理站,0.59
2026/4/16 4:59,南干管理站,0.589
2026/4/16 4:54,南干管理站,0.592
2026/4/16 4:49,南干管理站,0.589
2026/4/16 4:44,南干管理站,0.587
2026/4/16 4:39,南干管理站,0.585
2026/4/16 4:34,南干管理站,0.585
2026/4/16 4:29,南干管理站,0.587
2026/4/16 4:24,南干管理站,0.588
2026/4/16 4:19,南干管理站,0.588
2026/4/16 4:14,南干管理站,0.588
2026/4/16 4:09,南干管理站,0.585
2026/4/16 4:04,南干管理站,0.588
2026/4/16 3:59,南干管理站,0.582
2026/4/16 3:54,南干管理站,0.588
2026/4/16 3:49,南干管理站,0.583
2026/4/16 3:44,南干管理站,0.586
2026/4/16 3:39,南干管理站,0.587
2026/4/16 3:34,南干管理站,0.582
2026/4/16 3:29,南干管理站,0.585
2026/4/16 3:24,南干管理站,0.587
2026/4/16 3:19,南干管理站,0.582
2026/4/16 3:14,南干管理站,0.58
2026/4/16 3:08,南干管理站,0.58
2026/4/16 3:03,南干管理站,0.579
2026/4/16 2:58,南干管理站,0.583
2026/4/16 2:53,南干管理站,0.579
2026/4/16 2:48,南干管理站,0.58
2026/4/16 2:43,南干管理站,0.581
2026/4/16 2:38,南干管理站,0.577
2026/4/16 2:33,南干管理站,0.575
2026/4/16 2:28,南干管理站,0.581
2026/4/16 2:23,南干管理站,0.578
2026/4/16 2:18,南干管理站,0.577
2026/4/16 2:13,南干管理站,0.576
2026/4/16 2:08,南干管理站,0.541
2026/4/16 2:03,南干管理站,0.538
2026/4/16 1:58,南干管理站,0.541
2026/4/16 1:53,南干管理站,0.541
2026/4/16 1:48,南干管理站,0.542
2026/4/16 1:43,南干管理站,0.538
2026/4/16 1:38,南干管理站,0.541
2026/4/16 1:33,南干管理站,0.536
2026/4/16 1:28,南干管理站,0.538
2026/4/16 1:22,南干管理站,0.538
2026/4/16 1:17,南干管理站,0.533
2026/4/16 1:12,南干管理站,0.533
2026/4/16 1:07,南干管理站,0.534
2026/4/16 1:02,南干管理站,0.531
2026/4/16 0:57,南干管理站,0.528
2026/4/16 0:52,南干管理站,0.526
2026/4/16 0:47,南干管理站,0.521
2026/4/16 0:42,南干管理站,0.513
2026/4/16 0:37,南干管理站,0.501
2026/4/16 0:32,南干管理站,0.6
2026/4/16 0:27,南干管理站,0.552
2026/4/16 0:22,南干管理站,0.555
2026/4/16 0:17,南干管理站,0.554
2026/4/16 0:12,南干管理站,0.555
2026/4/16 0:07,南干管理站,0.557
2026/4/16 0:02,南干管理站,0.552
2026/4/15 23:57,南干管理站,0.557
2026/4/15 23:52,南干管理站,0.556
2026/4/15 23:47,南干管理站,0.557
2026/4/15 23:41,南干管理站,0.557
2026/4/15 23:36,南干管理站,0.557
2026/4/15 23:31,南干管理站,0.557
2026/4/15 23:26,南干管理站,0.557
2026/4/15 23:21,南干管理站,0.557
2026/4/15 23:16,南干管理站,0.557
2026/4/15 23:11,南干管理站,0.557
2026/4/15 23:06,南干管理站,0.557
2026/4/15 23:01,南干管理站,0.557
2026/4/15 22:56,南干管理站,0.557
2026/4/15 22:51,南干管理站,0.558
2026/4/15 22:46,南干管理站,0.56
2026/4/15 22:41,南干管理站,0.56
2026/4/15 22:36,南干管理站,0.56
2026/4/15 22:31,南干管理站,0.56
2026/4/15 22:26,南干管理站,0.561
2026/4/15 22:21,南干管理站,0.561
2026/4/15 22:16,南干管理站,0.561
2026/4/15 22:11,南干管理站,0.559
2026/4/15 22:06,南干管理站,0.565
2026/4/15 22:01,南干管理站,0.562
2026/4/15 21:56,南干管理站,0.566
2026/4/15 21:51,南干管理站,0.566
2026/4/15 21:46,南干管理站,0.565
2026/4/15 21:41,南干管理站,0.564
2026/4/15 21:36,南干管理站,0.567
2026/4/15 21:31,南干管理站,0.567
2026/4/15 21:26,南干管理站,0.57
2026/4/15 21:21,南干管理站,0.569
2026/4/15 21:16,南干管理站,0.572
2026/4/15 21:11,南干管理站,0.572
2026/4/15 21:06,南干管理站,0.572
2026/4/15 21:00,南干管理站,0.552
2026/4/15 20:55,南干管理站,0.549
2026/4/15 20:50,南干管理站,0.552
2026/4/15 20:45,南干管理站,0.555
2026/4/15 20:40,南干管理站,0.557
2026/4/15 20:35,南干管理站,0.555
2026/4/15 20:30,南干管理站,0.558
2026/4/15 20:25,南干管理站,0.562
2026/4/15 20:20,南干管理站,0.565
2026/4/15 20:15,南干管理站,0.571
2026/4/15 20:10,南干管理站,0.572
2026/4/15 20:05,南干管理站,0.575
2026/4/15 20:00,南干管理站,0.575
2026/4/15 19:55,南干管理站,0.576
2026/4/15 19:50,南干管理站,0.554
2026/4/15 19:45,南干管理站,0.556
2026/4/15 19:40,南干管理站,0.56
2026/4/15 19:35,南干管理站,0.565
2026/4/15 19:30,南干管理站,0.565
2026/4/15 19:25,南干管理站,0.567
2026/4/15 19:20,南干管理站,0.572
2026/4/15 19:15,南干管理站,0.575
2026/4/15 19:10,南干管理站,0.573
2026/4/15 19:05,南干管理站,0.56
2026/4/15 19:00,南干管理站,0.537
2026/4/15 18:55,南干管理站,0.538
2026/4/15 18:50,南干管理站,0.544
2026/4/15 18:45,南干管理站,0.546
2026/4/15 18:40,南干管理站,0.551
2026/4/15 18:35,南干管理站,0.555
2026/4/15 18:30,南干管理站,0.556
2026/4/15 18:25,南干管理站,0.56
2026/4/15 18:20,南干管理站,0.567
2026/4/15 18:15,南干管理站,0.568
2026/4/15 18:09,南干管理站,0.576
2026/4/15 18:04,南干管理站,0.576
2026/4/15 17:59,南干管理站,0.565
2026/4/15 17:54,南干管理站,0.567
2026/4/15 17:49,南干管理站,0.577
2026/4/15 17:44,南干管理站,0.575
2026/4/15 17:39,南干管理站,0.583
2026/4/15 17:34,南干管理站,0.583
2026/4/15 17:29,南干管理站,0.554
2026/4/15 17:24,南干管理站,0.551
2026/4/15 17:19,南干管理站,0.556
2026/4/15 17:14,南干管理站,0.559
2026/4/15 17:09,南干管理站,0.57
2026/4/15 17:04,南干管理站,0.577
2026/4/15 16:59,南干管理站,0.578
2026/4/15 16:54,南干管理站,0.578
2026/4/15 16:49,南干管理站,0.575
2026/4/15 16:44,南干管理站,0.586
2026/4/15 16:39,南干管理站,0.584
2026/4/15 16:34,南干管理站,0.544
2026/4/15 16:29,南干管理站,0.559
2026/4/15 16:24,南干管理站,0.555
2026/4/15 16:19,南干管理站,0.567
2026/4/15 16:14,南干管理站,0.563
2026/4/15 16:09,南干管理站,0.557
2026/4/15 16:04,南干管理站,0.56
2026/4/15 15:59,南干管理站,0.554
2026/4/15 15:54,南干管理站,0.566
2026/4/15 15:49,南干管理站,0.56
2026/4/15 15:43,南干管理站,0.562
2026/4/15 15:38,南干管理站,0.559
2026/4/15 15:33,南干管理站,0.561
2026/4/15 15:28,南干管理站,0.551
2026/4/15 15:23,南干管理站,0.548
2026/4/15 15:18,南干管理站,0.558
2026/4/15 15:13,南干管理站,0.557
2026/4/15 15:08,南干管理站,0.566
2026/4/15 15:03,南干管理站,0.53
2026/4/15 14:58,南干管理站,0.54
2026/4/15 14:53,南干管理站,0.539
2026/4/15 14:48,南干管理站,0.539
2026/4/15 14:43,南干管理站,0.524
2026/4/15 14:38,南干管理站,0.541
2026/4/15 14:33,南干管理站,0.541
2026/4/15 14:28,南干管理站,0.541
2026/4/15 14:23,南干管理站,0.533
2026/4/15 14:18,南干管理站,0.534
2026/4/15 14:13,南干管理站,0.541
2026/4/15 14:08,南干管理站,0.528
2026/4/15 14:03,南干管理站,0.536
2026/4/15 13:58,南干管理站,0.539
2026/4/15 13:53,南干管理站,0.536
2026/4/15 13:48,南干管理站,0.529
2026/4/15 13:43,南干管理站,0.538
2026/4/15 13:38,南干管理站,0.539
2026/4/15 13:33,南干管理站,0.534
2026/4/15 13:28,南干管理站,0.531
2026/4/15 13:23,南干管理站,0.533
2026/4/15 13:18,南干管理站,0.532
2026/4/15 13:13,南干管理站,0.53
2026/4/15 13:08,南干管理站,0.529
2026/4/15 13:03,南干管理站,0.541
2026/4/15 12:58,南干管理站,0.534
2026/4/15 12:53,南干管理站,0.536
2026/4/15 12:47,南干管理站,0.536
2026/4/15 12:42,南干管理站,0.529
2026/4/15 12:37,南干管理站,0.529
2026/4/15 12:32,南干管理站,0.529
2026/4/15 12:27,南干管理站,0.51
2026/4/15 12:22,南干管理站,0.515
2026/4/15 12:17,南干管理站,0.507
2026/4/15 12:12,南干管理站,0.517
2026/4/15 12:07,南干管理站,0.509
2026/4/15 12:02,南干管理站,0.51
2026/4/15 11:57,南干管理站,0.509
2026/4/15 11:52,南干管理站,0.474
2026/4/15 11:47,南干管理站,0.478
2026/4/15 11:42,南干管理站,0.473
2026/4/15 11:37,南干管理站,0.473
2026/4/15 11:32,南干管理站,0.473
2026/4/15 11:27,南干管理站,0.467
2026/4/15 11:22,南干管理站,0.471
2026/4/15 11:17,南干管理站,0.475
2026/4/15 11:12,南干管理站,0.468
2026/4/15 11:07,南干管理站,0.467
2026/4/15 11:02,南干管理站,0.468
2026/4/15 10:57,南干管理站,0.471
2026/4/15 10:52,南干管理站,0.469
2026/4/15 10:47,南干管理站,0.466
2026/4/15 10:42,南干管理站,0.468
2026/4/15 10:37,南干管理站,0.466
2026/4/15 10:32,南干管理站,0.476
2026/4/15 10:27,南干管理站,0.468
2026/4/15 10:22,南干管理站,0.466
2026/4/15 10:17,南干管理站,0.465
2026/4/15 10:12,南干管理站,0.459
2026/4/15 10:07,南干管理站,0.468
2026/4/15 10:02,南干管理站,0.466
2026/4/15 9:57,南干管理站,0.471
2026/4/15 9:52,南干管理站,0.459
2026/4/15 9:47,南干管理站,0.467
2026/4/15 9:42,南干管理站,0.462
2026/4/15 9:37,南干管理站,0.464
2026/4/15 9:32,南干管理站,0.461
2026/4/15 9:27,南干管理站,0.464
2026/4/15 9:22,南干管理站,0.464
2026/4/15 9:17,南干管理站,0.468
2026/4/15 9:12,南干管理站,0.466
2026/4/15 9:07,南干管理站,0.467
2026/4/15 9:02,南干管理站,0.468
2026/4/15 8:57,南干管理站,0.485
2026/4/15 8:52,南干管理站,0.485
2026/4/15 8:47,南干管理站,0.485
2026/4/15 8:42,南干管理站,0.492
2026/4/15 8:37,南干管理站,0.491
2026/4/15 8:32,南干管理站,0.489
2026/4/15 8:27,南干管理站,0.49
2026/4/15 8:22,南干管理站,0.488
2026/4/15 8:17,南干管理站,0.482
2026/4/15 8:12,南干管理站,0.513
2026/4/15 8:06,南干管理站,0.514
2026/4/15 8:01,南干管理站,0.514
2026/4/15 7:56,南干管理站,0.512
2026/4/15 7:51,南干管理站,0.519
2026/4/15 7:46,南干管理站,0.505
2026/4/15 7:41,南干管理站,0.506
2026/4/15 7:36,南干管理站,0.512
2026/4/15 7:31,南干管理站,0.509
2026/4/15 7:26,南干管理站,0.509
2026/4/15 7:21,南干管理站,0.512
2026/4/15 7:16,南干管理站,0.513
2026/4/15 7:11,南干管理站,0.514
2026/4/15 7:06,南干管理站,0.634
2026/4/15 7:01,南干管理站,0.627
2026/4/15 6:56,南干管理站,0.624
2026/4/15 6:51,南干管理站,0.624
2026/4/15 6:46,南干管理站,0.617
2026/4/15 6:41,南干管理站,0.621
2026/4/15 6:36,南干管理站,0.618
2026/4/15 6:31,南干管理站,0.62
2026/4/15 6:26,南干管理站,0.626
2026/4/15 6:21,南干管理站,0.618
2026/4/15 6:15,南干管理站,0.626
2026/4/15 6:10,南干管理站,0.622
2026/4/15 6:05,南干管理站,0.616
2026/4/15 6:00,南干管理站,0.618
2026/4/15 5:55,南干管理站,0.624
2026/4/15 5:50,南干管理站,0.612
2026/4/15 5:45,南干管理站,0.612
2026/4/15 5:40,南干管理站,0.619
2026/4/15 5:35,南干管理站,0.611
2026/4/15 5:30,南干管理站,0.618
2026/4/15 5:25,南干管理站,0.61
2026/4/15 5:20,南干管理站,0.61
2026/4/15 5:15,南干管理站,0.608
2026/4/15 5:10,南干管理站,0.613
2026/4/15 5:05,南干管理站,0.613
2026/4/15 5:00,南干管理站,0.608
2026/4/15 4:55,南干管理站,0.612
2026/4/15 4:50,南干管理站,0.606
2026/4/15 4:45,南干管理站,0.605
2026/4/15 4:40,南干管理站,0.605
2026/4/15 4:35,南干管理站,0.606
2026/4/15 4:30,南干管理站,0.6
2026/4/15 4:25,南干管理站,0.603
2026/4/15 4:20,南干管理站,0.604
2026/4/15 4:15,南干管理站,0.602
2026/4/15 4:10,南干管理站,0.603
2026/4/15 4:05,南干管理站,0.601
2026/4/15 4:00,南干管理站,0.603
2026/4/15 3:55,南干管理站,0.598
2026/4/15 3:50,南干管理站,0.595
2026/4/15 3:45,南干管理站,0.596
2026/4/15 3:40,南干管理站,0.595
2026/4/15 3:35,南干管理站,0.595
2026/4/15 3:30,南干管理站,0.595
2026/4/15 3:24,南干管理站,0.595
2026/4/15 3:19,南干管理站,0.591
2026/4/15 3:14,南干管理站,0.595
2026/4/15 3:09,南干管理站,0.591
2026/4/15 3:04,南干管理站,0.588
2026/4/15 2:59,南干管理站,0.587
2026/4/15 2:54,南干管理站,0.582
2026/4/15 2:49,南干管理站,0.585
2026/4/15 2:44,南干管理站,0.585
2026/4/15 2:39,南干管理站,0.582
2026/4/15 2:34,南干管理站,0.586
2026/4/15 2:29,南干管理站,0.583
2026/4/15 2:23,南干管理站,0.587
2026/4/15 2:19,南干管理站,0.582
2026/4/15 2:14,南干管理站,0.58
2026/4/15 2:08,南干管理站,0.583
2026/4/15 2:03,南干管理站,0.582
2026/4/15 1:58,南干管理站,0.58
2026/4/15 1:53,南干管理站,0.583
2026/4/15 1:48,南干管理站,0.582
2026/4/15 1:43,南干管理站,0.582
2026/4/15 1:38,南干管理站,0.577
2026/4/15 1:33,南干管理站,0.582
2026/4/15 1:28,南干管理站,0.582
2026/4/15 1:23,南干管理站,0.579
2026/4/15 1:18,南干管理站,0.58
2026/4/15 1:13,南干管理站,0.581
2026/4/15 1:08,南干管理站,0.58
2026/4/15 1:03,南干管理站,0.581
2026/4/15 0:58,南干管理站,0.58
2026/4/15 0:53,南干管理站,0.581
2026/4/15 0:48,南干管理站,0.583
2026/4/15 0:43,南干管理站,0.578
2026/4/15 0:38,南干管理站,0.576
2026/4/15 0:33,南干管理站,0.577
2026/4/15 0:28,南干管理站,0.578
2026/4/15 0:23,南干管理站,0.579
2026/4/15 0:18,南干管理站,0.577
2026/4/15 0:13,南干管理站,0.577
2026/4/15 0:08,南干管理站,0.578
2026/4/15 0:03,南干管理站,0.575
2026/4/14 23:58,南干管理站,0.577
2026/4/14 23:53,南干管理站,0.603
2026/4/14 23:47,南干管理站,0.603
2026/4/14 23:42,南干管理站,0.602
2026/4/14 23:37,南干管理站,0.601
2026/4/14 23:32,南干管理站,0.602
2026/4/14 23:27,南干管理站,0.601
2026/4/14 23:22,南干管理站,0.601
2026/4/14 23:17,南干管理站,0.6
2026/4/14 23:12,南干管理站,0.603
2026/4/14 23:07,南干管理站,0.601
2026/4/14 23:01,南干管理站,0.6
2026/4/14 22:57,南干管理站,0.603
2026/4/14 22:52,南干管理站,0.603
2026/4/14 22:47,南干管理站,0.601
2026/4/14 22:42,南干管理站,0.598
2026/4/14 22:37,南干管理站,0.601
2026/4/14 22:32,南干管理站,0.599
2026/4/14 22:27,南干管理站,0.598
2026/4/14 22:22,南干管理站,0.598
2026/4/14 22:17,南干管理站,0.601
2026/4/14 22:12,南干管理站,0.603
2026/4/14 22:07,南干管理站,0.601
2026/4/14 22:02,南干管理站,0.6
2026/4/14 21:57,南干管理站,0.6
2026/4/14 21:52,南干管理站,0.6
2026/4/14 21:47,南干管理站,0.601
2026/4/14 21:42,南干管理站,0.598
2026/4/14 21:37,南干管理站,0.597
2026/4/14 21:32,南干管理站,0.598
2026/4/14 21:27,南干管理站,0.597
2026/4/14 21:22,南干管理站,0.602
2026/4/14 21:17,南干管理站,0.597
2026/4/14 21:12,南干管理站,0.597
2026/4/14 21:07,南干管理站,0.598
2026/4/14 21:02,南干管理站,0.598
2026/4/14 20:57,南干管理站,0.598
2026/4/14 20:52,南干管理站,0.594
2026/4/14 20:47,南干管理站,0.598
2026/4/14 20:42,南干管理站,0.595
2026/4/14 20:37,南干管理站,0.598
2026/4/14 20:32,南干管理站,0.598
2026/4/14 20:27,南干管理站,0.597
2026/4/14 20:22,南干管理站,0.596
2026/4/14 20:17,南干管理站,0.595
2026/4/14 20:12,南干管理站,0.596
2026/4/14 20:07,南干管理站,0.596
2026/4/14 20:02,南干管理站,0.596
2026/4/14 19:57,南干管理站,0.596
2026/4/14 19:52,南干管理站,0.594
2026/4/14 19:47,南干管理站,0.596
2026/4/14 19:42,南干管理站,0.595
2026/4/14 19:37,南干管理站,0.596
2026/4/14 19:32,南干管理站,0.597
2026/4/14 19:27,南干管理站,0.597
2026/4/14 19:22,南干管理站,0.592
2026/4/14 19:17,南干管理站,0.595
2026/4/14 19:12,南干管理站,0.592
2026/4/14 19:07,南干管理站,0.593
2026/4/14 19:02,南干管理站,0.595
2026/4/14 18:57,南干管理站,0.591
2026/4/14 18:52,南干管理站,0.591
2026/4/14 18:47,南干管理站,0.595
2026/4/14 18:42,南干管理站,0.595
2026/4/14 18:37,南干管理站,0.594
2026/4/14 18:32,南干管理站,0.591
2026/4/14 18:27,南干管理站,0.594
2026/4/14 18:22,南干管理站,0.592
2026/4/14 18:17,南干管理站,0.593
2026/4/14 18:12,南干管理站,0.591
2026/4/14 18:07,南干管理站,0.593
2026/4/14 18:02,南干管理站,0.588
2026/4/14 17:57,南干管理站,0.589
2026/4/14 17:52,南干管理站,0.593
2026/4/14 17:47,南干管理站,0.59
2026/4/14 17:42,南干管理站,0.594
2026/4/14 17:37,南干管理站,0.591
2026/4/14 17:32,南干管理站,0.591
2026/4/14 17:27,南干管理站,0.59
2026/4/14 17:22,南干管理站,0.59
2026/4/14 17:17,南干管理站,0.59
2026/4/14 17:12,南干管理站,0.59
2026/4/14 17:07,南干管理站,0.591
2026/4/14 17:02,南干管理站,0.59
2026/4/14 16:57,南干管理站,0.593
2026/4/14 16:52,南干管理站,0.589
2026/4/14 16:47,南干管理站,0.588
2026/4/14 16:42,南干管理站,0.59
2026/4/14 16:37,南干管理站,0.588
2026/4/14 16:32,南干管理站,0.594
2026/4/14 16:27,南干管理站,0.604
2026/4/14 16:22,南干管理站,0.604
2026/4/14 16:17,南干管理站,0.605
2026/4/14 16:12,南干管理站,0.603
2026/4/14 16:07,南干管理站,0.6
2026/4/14 16:02,南干管理站,0.601
2026/4/14 15:57,南干管理站,0.604
2026/4/14 15:52,南干管理站,0.604
2026/4/14 15:47,南干管理站,0.6
2026/4/14 15:42,南干管理站,0.604
2026/4/14 15:37,南干管理站,0.6
2026/4/14 15:32,南干管理站,0.604
2026/4/14 15:27,南干管理站,0.601
2026/4/14 15:22,南干管理站,0.601
2026/4/14 15:17,南干管理站,0.6
2026/4/14 15:12,南干管理站,0.599
2026/4/14 15:07,南干管理站,0.598
2026/4/14 15:02,南干管理站,0.601
2026/4/14 14:57,南干管理站,0.601
2026/4/14 14:52,南干管理站,0.6
2026/4/14 14:47,南干管理站,0.596
2026/4/14 14:42,南干管理站,0.598
2026/4/14 14:37,南干管理站,0.595
2026/4/14 14:32,南干管理站,0.594
2026/4/14 14:26,南干管理站,0.594
2026/4/14 14:21,南干管理站,0.632
2026/4/14 14:16,南干管理站,0.645
2026/4/14 14:11,南干管理站,0.643
2026/4/14 14:06,南干管理站,0.646
2026/4/14 14:01,南干管理站,0.643
2026/4/14 13:56,南干管理站,0.649
2026/4/14 13:51,南干管理站,0.643
2026/4/14 13:46,南干管理站,0.643
2026/4/14 13:41,南干管理站,0.646
2026/4/14 13:36,南干管理站,0.647
2026/4/14 13:31,南干管理站,0.647
2026/4/14 13:26,南干管理站,0.645
2026/4/14 13:21,南干管理站,0.646
2026/4/14 13:16,南干管理站,0.643
2026/4/14 13:11,南干管理站,0.643
2026/4/14 13:06,南干管理站,0.645
2026/4/14 13:01,南干管理站,0.646
2026/4/14 12:56,南干管理站,0.651
2026/4/14 12:51,南干管理站,0.646
2026/4/14 12:46,南干管理站,0.646
2026/4/14 12:41,南干管理站,0.649
2026/4/14 12:36,南干管理站,0.647
2026/4/14 12:31,南干管理站,0.646
2026/4/14 12:26,南干管理站,0.649
2026/4/14 12:21,南干管理站,0.64
2026/4/14 12:16,南干管理站,0.629
2026/4/14 12:11,南干管理站,0.63
2026/4/14 12:06,南干管理站,0.63
2026/4/14 12:01,南干管理站,0.63
2026/4/14 11:56,南干管理站,0.628
2026/4/14 11:51,南干管理站,0.63
2026/4/14 11:46,南干管理站,0.629
2026/4/14 11:41,南干管理站,0.632
2026/4/14 11:36,南干管理站,0.633
2026/4/14 11:31,南干管理站,0.634
2026/4/14 11:26,南干管理站,0.635
2026/4/14 11:21,南干管理站,0.635
2026/4/14 11:16,南干管理站,0.635
2026/4/14 11:11,南干管理站,0.638
2026/4/14 11:06,南干管理站,0.638
2026/4/14 11:01,南干管理站,0.637
2026/4/14 10:56,南干管理站,0.636
2026/4/14 10:51,南干管理站,0.641
2026/4/14 10:46,南干管理站,0.641
2026/4/14 10:41,南干管理站,0.642
2026/4/14 10:36,南干管理站,0.642
2026/4/14 10:31,南干管理站,0.642
2026/4/14 10:26,南干管理站,0.643
2026/4/14 10:21,南干管理站,0.642
2026/4/14 10:15,南干管理站,0.645
2026/4/14 10:10,南干管理站,0.646
2026/4/14 10:05,南干管理站,0.649
2026/4/14 10:00,南干管理站,0.651
2026/4/14 9:55,南干管理站,0.652
2026/4/14 9:50,南干管理站,0.651
2026/4/14 9:45,南干管理站,0.652
2026/4/14 9:40,南干管理站,0.649
2026/4/14 9:35,南干管理站,0.644
2026/4/14 9:30,南干管理站,0.596
2026/4/14 9:25,南干管理站,0.597
2026/4/14 9:20,南干管理站,0.599
2026/4/14 9:15,南干管理站,0.599
2026/4/14 9:10,南干管理站,0.597
2026/4/14 9:05,南干管理站,0.599
2026/4/14 9:00,南干管理站,0.596
2026/4/14 8:55,南干管理站,0.597
2026/4/14 8:50,南干管理站,0.596
2026/4/14 8:45,南干管理站,0.595
2026/4/14 8:40,南干管理站,0.595
2026/4/14 8:35,南干管理站,0.6
2026/4/14 8:30,南干管理站,0.6
2026/4/14 8:25,南干管理站,0.6
2026/4/14 8:20,南干管理站,0.596
2026/4/14 8:15,南干管理站,0.6
2026/4/14 8:10,南干管理站,0.598
2026/4/14 8:05,南干管理站,0.597
2026/4/14 8:00,南干管理站,0.6
2026/4/14 7:55,南干管理站,0.599
2026/4/14 7:50,南干管理站,0.596
2026/4/14 7:45,南干管理站,0.6
2026/4/14 7:40,南干管理站,0.601
2026/4/14 7:35,南干管理站,0.596
2026/4/14 7:30,南干管理站,0.599
2026/4/14 7:25,南干管理站,0.597
2026/4/14 7:19,南干管理站,0.587
2026/4/14 7:14,南干管理站,0.559
2026/4/14 7:09,南干管理站,0.561
2026/4/14 7:04,南干管理站,0.561
2026/4/14 6:59,南干管理站,0.561
2026/4/14 6:54,南干管理站,0.56
2026/4/14 6:49,南干管理站,0.56
2026/4/14 6:44,南干管理站,0.559
2026/4/14 6:39,南干管理站,0.559
2026/4/14 6:34,南干管理站,0.561
2026/4/14 6:29,南干管理站,0.561
2026/4/14 6:24,南干管理站,0.561
2026/4/14 6:19,南干管理站,0.561
2026/4/14 6:14,南干管理站,0.558
2026/4/14 6:09,南干管理站,0.561
2026/4/14 6:04,南干管理站,0.56
2026/4/14 5:59,南干管理站,0.559
2026/4/14 5:54,南干管理站,0.559
2026/4/14 5:49,南干管理站,0.542
2026/4/14 5:44,南干管理站,0.541
2026/4/14 5:39,南干管理站,0.543
2026/4/14 5:34,南干管理站,0.54
2026/4/14 5:28,南干管理站,0.542
2026/4/14 5:23,南干管理站,0.542
2026/4/14 5:18,南干管理站,0.543
2026/4/14 5:13,南干管理站,0.541
2026/4/14 5:08,南干管理站,0.544
2026/4/14 5:03,南干管理站,0.541
2026/4/14 4:58,南干管理站,0.54
2026/4/14 4:53,南干管理站,0.54
2026/4/14 4:48,南干管理站,0.541
2026/4/14 4:43,南干管理站,0.543
2026/4/14 4:38,南干管理站,0.541
2026/4/14 4:33,南干管理站,0.542
2026/4/14 4:28,南干管理站,0.613
2026/4/14 4:23,南干管理站,0.613
2026/4/14 4:18,南干管理站,0.614
2026/4/14 4:13,南干管理站,0.611
2026/4/14 4:07,南干管理站,0.613
2026/4/14 4:02,南干管理站,0.617
2026/4/14 3:57,南干管理站,0.616
2026/4/14 3:52,南干管理站,0.614
2026/4/14 3:47,南干管理站,0.611
2026/4/14 3:42,南干管理站,0.611
2026/4/14 3:37,南干管理站,0.61
2026/4/14 3:32,南干管理站,0.611
2026/4/14 3:27,南干管理站,0.615
2026/4/14 3:22,南干管理站,0.611
2026/4/14 3:17,南干管理站,0.609
2026/4/14 3:12,南干管理站,0.611
2026/4/14 3:07,南干管理站,0.611
2026/4/14 3:02,南干管理站,0.61
2026/4/14 2:57,南干管理站,0.697
2026/4/14 2:52,南干管理站,0.697
2026/4/14 2:47,南干管理站,0.698
2026/4/14 2:42,南干管理站,0.698
2026/4/14 2:37,南干管理站,0.697
2026/4/14 2:32,南干管理站,0.697
2026/4/14 2:27,南干管理站,0.697
2026/4/14 2:22,南干管理站,0.698
2026/4/14 2:17,南干管理站,0.699
2026/4/14 2:12,南干管理站,0.697
2026/4/14 2:07,南干管理站,0.698
2026/4/14 2:02,南干管理站,0.697
2026/4/14 1:57,南干管理站,0.696
2026/4/14 1:52,南干管理站,0.698
2026/4/14 1:47,南干管理站,0.697
2026/4/14 1:42,南干管理站,0.701
2026/4/14 1:37,南干管理站,0.698
2026/4/14 1:31,南干管理站,0.699
2026/4/14 1:26,南干管理站,0.701
2026/4/14 1:21,南干管理站,0.697
2026/4/14 1:16,南干管理站,0.701
2026/4/14 1:11,南干管理站,0.697
2026/4/14 1:06,南干管理站,0.7
2026/4/14 1:01,南干管理站,0.704
2026/4/14 0:56,南干管理站,0.702
2026/4/14 0:51,南干管理站,0.706
2026/4/14 0:46,南干管理站,0.705
2026/4/14 0:41,南干管理站,0.705
2026/4/14 0:36,南干管理站,0.709
2026/4/14 0:31,南干管理站,0.708
2026/4/14 0:26,南干管理站,0.709
2026/4/14 0:21,南干管理站,0.712
2026/4/14 0:16,南干管理站,0.713
2026/4/14 0:11,南干管理站,0.714
2026/4/14 0:06,南干管理站,0.714
2026/4/14 0:01,南干管理站,0.714
2026/4/21 18:10,富家岭提水,0
2026/4/21 18:05,富家岭提水,0
2026/4/21 18:00,富家岭提水,0
2026/4/21 17:55,富家岭提水,0
2026/4/21 17:50,富家岭提水,0
2026/4/21 17:45,富家岭提水,0
2026/4/21 17:40,富家岭提水,0
2026/4/21 17:35,富家岭提水,0
2026/4/21 17:30,富家岭提水,0
2026/4/21 17:25,富家岭提水,0
2026/4/21 17:20,富家岭提水,0
2026/4/21 17:15,富家岭提水,0
2026/4/21 17:10,富家岭提水,0
2026/4/21 17:05,富家岭提水,0
2026/4/21 17:00,富家岭提水,0
2026/4/21 16:55,富家岭提水,0
2026/4/21 16:50,富家岭提水,0
2026/4/21 16:45,富家岭提水,0
2026/4/21 16:40,富家岭提水,0
2026/4/21 16:35,富家岭提水,0
2026/4/21 16:30,富家岭提水,0
2026/4/21 16:25,富家岭提水,0
2026/4/21 16:20,富家岭提水,0
2026/4/21 16:15,富家岭提水,0
2026/4/21 16:10,富家岭提水,0
2026/4/21 16:05,富家岭提水,0
2026/4/21 16:00,富家岭提水,0
2026/4/21 15:55,富家岭提水,0
2026/4/21 15:50,富家岭提水,0
2026/4/21 15:45,富家岭提水,0
2026/4/21 15:40,富家岭提水,0
2026/4/21 15:35,富家岭提水,0
2026/4/21 15:30,富家岭提水,0
2026/4/21 15:25,富家岭提水,0
2026/4/21 15:20,富家岭提水,0
2026/4/21 15:15,富家岭提水,1.295
2026/4/21 15:10,富家岭提水,1.295
2026/4/21 15:05,富家岭提水,1.295
2026/4/21 15:00,富家岭提水,1.295
2026/4/21 14:55,富家岭提水,1.295
2026/4/21 14:50,富家岭提水,1.295
2026/4/21 14:45,富家岭提水,1.295
2026/4/21 14:40,富家岭提水,1.295
2026/4/21 14:35,富家岭提水,1.295
2026/4/21 14:30,富家岭提水,1.295
2026/4/21 14:25,富家岭提水,1.295
2026/4/21 14:20,富家岭提水,1.295
2026/4/21 14:15,富家岭提水,1.295
2026/4/21 14:10,富家岭提水,1.295
2026/4/21 14:05,富家岭提水,1.295
2026/4/21 14:00,富家岭提水,1.295
2026/4/21 13:55,富家岭提水,1.295
2026/4/21 13:50,富家岭提水,1.295
2026/4/21 13:45,富家岭提水,1.295
2026/4/21 13:40,富家岭提水,1.295
2026/4/21 13:35,富家岭提水,1.295
2026/4/21 13:30,富家岭提水,1.295
2026/4/21 13:25,富家岭提水,1.295
2026/4/21 13:20,富家岭提水,1.295
2026/4/21 13:15,富家岭提水,1.295
2026/4/21 13:10,富家岭提水,1.295
2026/4/21 13:05,富家岭提水,1.295
2026/4/21 13:00,富家岭提水,1.295
2026/4/21 12:55,富家岭提水,1.295
2026/4/21 12:50,富家岭提水,1.295
2026/4/21 12:45,富家岭提水,1.295
2026/4/21 12:40,富家岭提水,1.295
2026/4/21 12:35,富家岭提水,1.295
2026/4/21 12:30,富家岭提水,1.295
2026/4/21 12:25,富家岭提水,1.295
2026/4/21 12:20,富家岭提水,1.295
2026/4/21 12:15,富家岭提水,1.295
2026/4/21 12:10,富家岭提水,1.295
2026/4/21 12:05,富家岭提水,1.295
2026/4/21 12:00,富家岭提水,1.295
2026/4/21 11:55,富家岭提水,1.295
2026/4/21 11:50,富家岭提水,1.295
2026/4/21 11:45,富家岭提水,1.295
2026/4/21 11:40,富家岭提水,1.295
2026/4/21 11:35,富家岭提水,1.295
2026/4/21 11:30,富家岭提水,1.295
2026/4/21 11:25,富家岭提水,1.295
2026/4/21 11:20,富家岭提水,1.295
2026/4/21 11:15,富家岭提水,1.295
2026/4/21 11:10,富家岭提水,1.295
2026/4/21 11:05,富家岭提水,1.295
2026/4/21 11:00,富家岭提水,1.295
2026/4/21 10:55,富家岭提水,1.295
2026/4/21 10:50,富家岭提水,1.295
2026/4/21 10:45,富家岭提水,1.295
2026/4/21 10:40,富家岭提水,1.295
2026/4/21 10:35,富家岭提水,1.295
2026/4/21 10:30,富家岭提水,1.295
2026/4/21 10:25,富家岭提水,1.295
2026/4/21 10:20,富家岭提水,1.295
2026/4/21 10:15,富家岭提水,1.295
2026/4/21 10:10,富家岭提水,1.295
2026/4/21 10:05,富家岭提水,1.295
2026/4/21 10:00,富家岭提水,1.295
2026/4/21 9:55,富家岭提水,1.295
2026/4/21 9:50,富家岭提水,1.295
2026/4/21 9:45,富家岭提水,1.295
2026/4/21 9:40,富家岭提水,1.424
2026/4/21 9:35,富家岭提水,1.424
2026/4/21 9:30,富家岭提水,1.424
2026/4/21 9:25,富家岭提水,1.424
2026/4/21 9:20,富家岭提水,1.424
2026/4/21 9:15,富家岭提水,1.424
2026/4/21 9:10,富家岭提水,1.424
2026/4/21 9:05,富家岭提水,1.424
2026/4/21 9:00,富家岭提水,1.424
2026/4/21 8:55,富家岭提水,1.424
2026/4/21 8:50,富家岭提水,1.424
2026/4/21 8:45,富家岭提水,1.424
2026/4/21 8:40,富家岭提水,1.424
2026/4/21 8:35,富家岭提水,1.424
2026/4/21 8:30,富家岭提水,1.424
2026/4/21 8:25,富家岭提水,1.424
2026/4/21 8:20,富家岭提水,1.424
2026/4/21 8:15,富家岭提水,1.658
2026/4/21 8:10,富家岭提水,1.658
2026/4/21 8:05,富家岭提水,1.658
2026/4/21 8:00,富家岭提水,1.658
2026/4/21 7:55,富家岭提水,1.658
2026/4/21 7:50,富家岭提水,1.658
2026/4/21 7:45,富家岭提水,1.658
2026/4/21 7:40,富家岭提水,1.777
2026/4/21 7:35,富家岭提水,1.777
2026/4/21 7:30,富家岭提水,1.777
2026/4/21 7:25,富家岭提水,1.777
2026/4/21 7:20,富家岭提水,1.777
2026/4/21 7:15,富家岭提水,1.777
2026/4/21 7:10,富家岭提水,1.777
2026/4/21 7:05,富家岭提水,1.777
2026/4/21 7:00,富家岭提水,1.777
2026/4/21 6:55,富家岭提水,1.777
2026/4/21 6:50,富家岭提水,1.345
2026/4/21 6:45,富家岭提水,1.345
2026/4/21 6:40,富家岭提水,1.345
2026/4/21 6:35,富家岭提水,1.345
2026/4/21 6:30,富家岭提水,1.345
2026/4/21 6:25,富家岭提水,1.345
2026/4/21 6:20,富家岭提水,1.345
2026/4/21 6:15,富家岭提水,1.345
2026/4/21 6:10,富家岭提水,1.345
2026/4/21 6:05,富家岭提水,1.345
2026/4/21 6:00,富家岭提水,1.345
2026/4/21 5:55,富家岭提水,1.345
2026/4/21 5:50,富家岭提水,1.345
2026/4/21 5:45,富家岭提水,1.345
2026/4/21 5:40,富家岭提水,1.345
2026/4/21 5:35,富家岭提水,1.345
2026/4/21 5:30,富家岭提水,1.345
2026/4/21 5:25,富家岭提水,1.345
2026/4/21 5:20,富家岭提水,1.345
2026/4/21 5:15,富家岭提水,1.345
2026/4/21 5:10,富家岭提水,1.345
2026/4/21 5:05,富家岭提水,1.345
2026/4/21 5:00,富家岭提水,1.345
2026/4/21 4:55,富家岭提水,1.345
2026/4/21 4:50,富家岭提水,1.345
2026/4/21 4:45,富家岭提水,1.345
2026/4/21 4:40,富家岭提水,1.345
2026/4/21 4:35,富家岭提水,1.345
2026/4/21 4:30,富家岭提水,1.345
2026/4/21 4:25,富家岭提水,1.345
2026/4/21 4:20,富家岭提水,1.345
2026/4/21 4:15,富家岭提水,1.345
2026/4/21 4:10,富家岭提水,1.345
2026/4/21 4:05,富家岭提水,1.345
2026/4/21 4:00,富家岭提水,1.345
2026/4/21 3:55,富家岭提水,1.345
2026/4/21 3:50,富家岭提水,1.345
2026/4/21 3:45,富家岭提水,1.345
2026/4/21 3:40,富家岭提水,1.345
2026/4/21 3:35,富家岭提水,1.345
2026/4/21 3:30,富家岭提水,1.345
2026/4/21 3:25,富家岭提水,1.345
2026/4/21 3:20,富家岭提水,1.345
2026/4/21 3:15,富家岭提水,1.345
2026/4/21 3:10,富家岭提水,1.345
2026/4/21 3:05,富家岭提水,1.345
2026/4/21 3:00,富家岭提水,1.345
2026/4/21 2:55,富家岭提水,1.345
2026/4/21 2:50,富家岭提水,1.345
2026/4/21 2:45,富家岭提水,1.345
2026/4/21 2:40,富家岭提水,1.345
2026/4/21 2:35,富家岭提水,1.345
2026/4/21 2:30,富家岭提水,1.345
2026/4/21 2:25,富家岭提水,1.345
2026/4/21 2:20,富家岭提水,1.345
2026/4/21 2:15,富家岭提水,1.345
2026/4/21 2:10,富家岭提水,1.345
2026/4/21 2:05,富家岭提水,1.345
2026/4/21 2:00,富家岭提水,1.345
2026/4/21 1:55,富家岭提水,1.345
2026/4/21 1:50,富家岭提水,1.345
2026/4/21 1:45,富家岭提水,1.345
2026/4/21 1:40,富家岭提水,1.345
2026/4/21 1:35,富家岭提水,1.345
2026/4/21 1:30,富家岭提水,1.345
2026/4/21 1:25,富家岭提水,1.345
2026/4/21 1:20,富家岭提水,1.345
2026/4/21 1:15,富家岭提水,1.345
2026/4/21 1:10,富家岭提水,1.345
2026/4/21 1:05,富家岭提水,1.345
2026/4/21 1:00,富家岭提水,1.345
2026/4/21 0:55,富家岭提水,1.345
2026/4/21 0:50,富家岭提水,1.345
2026/4/21 0:45,富家岭提水,1.345
2026/4/21 0:40,富家岭提水,1.345
2026/4/21 0:35,富家岭提水,1.345
2026/4/21 0:30,富家岭提水,1.345
2026/4/21 0:25,富家岭提水,1.345
2026/4/21 0:20,富家岭提水,1.345
2026/4/21 0:15,富家岭提水,1.345
2026/4/21 0:10,富家岭提水,1.345
2026/4/21 0:05,富家岭提水,1.345
2026/4/21 0:00,富家岭提水,1.345
2026/4/20 23:55,富家岭提水,1.345
2026/4/20 23:50,富家岭提水,1.345
2026/4/20 23:45,富家岭提水,1.345
2026/4/20 23:40,富家岭提水,1.345
2026/4/20 23:35,富家岭提水,1.345
2026/4/20 23:30,富家岭提水,1.345
2026/4/20 23:25,富家岭提水,1.345
2026/4/20 23:20,富家岭提水,1.345
2026/4/20 23:15,富家岭提水,1.345
2026/4/20 23:10,富家岭提水,1.345
2026/4/20 23:05,富家岭提水,1.345
2026/4/20 23:00,富家岭提水,1.345
2026/4/20 22:55,富家岭提水,1.345
2026/4/20 22:50,富家岭提水,1.345
2026/4/20 22:45,富家岭提水,1.345
2026/4/20 22:40,富家岭提水,1.345
2026/4/20 22:35,富家岭提水,1.345
2026/4/20 22:30,富家岭提水,1.345
2026/4/20 22:25,富家岭提水,1.345
2026/4/20 22:20,富家岭提水,1.345
2026/4/20 22:15,富家岭提水,1.345
2026/4/20 22:10,富家岭提水,1.345
2026/4/20 22:05,富家岭提水,1.345
2026/4/20 22:00,富家岭提水,1.345
2026/4/20 21:55,富家岭提水,1.345
2026/4/20 21:50,富家岭提水,1.345
2026/4/20 21:45,富家岭提水,1.345
2026/4/20 21:40,富家岭提水,1.345
2026/4/20 21:35,富家岭提水,1.345
2026/4/20 21:30,富家岭提水,1.345
2026/4/20 21:25,富家岭提水,1.345
2026/4/20 21:20,富家岭提水,1.345
2026/4/20 21:15,富家岭提水,1.345
2026/4/20 21:10,富家岭提水,1.345
2026/4/20 21:05,富家岭提水,1.345
2026/4/20 21:00,富家岭提水,1.345
2026/4/20 20:55,富家岭提水,1.345
2026/4/20 20:50,富家岭提水,1.345
2026/4/20 20:45,富家岭提水,1.345
2026/4/20 20:40,富家岭提水,1.345
2026/4/20 20:35,富家岭提水,1.345
2026/4/20 20:30,富家岭提水,1.345
2026/4/20 20:25,富家岭提水,1.345
2026/4/20 20:20,富家岭提水,1.345
2026/4/20 20:15,富家岭提水,1.345
2026/4/20 20:10,富家岭提水,1.345
2026/4/20 20:05,富家岭提水,1.345
2026/4/20 20:00,富家岭提水,1.345
2026/4/20 19:55,富家岭提水,1.345
2026/4/20 19:50,富家岭提水,1.463
2026/4/20 19:45,富家岭提水,1.463
2026/4/20 19:40,富家岭提水,1.463
2026/4/20 19:35,富家岭提水,1.463
2026/4/20 19:30,富家岭提水,1.463
2026/4/20 19:25,富家岭提水,1.463
2026/4/20 19:20,富家岭提水,1.463
2026/4/20 19:15,富家岭提水,1.463
2026/4/20 19:10,富家岭提水,1.463
2026/4/20 19:05,富家岭提水,1.463
2026/4/20 19:00,富家岭提水,1.463
2026/4/20 18:55,富家岭提水,1.463
2026/4/20 18:50,富家岭提水,1.463
2026/4/20 18:45,富家岭提水,1.463
2026/4/20 18:40,富家岭提水,1.463
2026/4/20 18:35,富家岭提水,1.463
2026/4/20 18:30,富家岭提水,1.463
2026/4/20 18:25,富家岭提水,1.463
2026/4/20 18:20,富家岭提水,1.463
2026/4/20 18:15,富家岭提水,1.463
2026/4/20 18:10,富家岭提水,1.463
2026/4/20 18:05,富家岭提水,1.463
2026/4/20 18:00,富家岭提水,1.463
2026/4/20 17:55,富家岭提水,1.463
2026/4/20 17:50,富家岭提水,1.463
2026/4/20 17:45,富家岭提水,1.463
2026/4/20 17:40,富家岭提水,1.463
2026/4/20 17:35,富家岭提水,1.463
2026/4/20 17:30,富家岭提水,1.463
2026/4/20 17:25,富家岭提水,1.463
2026/4/20 17:20,富家岭提水,1.463
2026/4/20 17:15,富家岭提水,1.463
2026/4/20 17:10,富家岭提水,1.463
2026/4/20 17:05,富家岭提水,1.463
2026/4/20 17:00,富家岭提水,1.463
2026/4/20 16:55,富家岭提水,1.463
2026/4/20 16:50,富家岭提水,1.55
2026/4/20 16:45,富家岭提水,1.55
2026/4/20 16:40,富家岭提水,1.55
2026/4/20 16:35,富家岭提水,1.55
2026/4/20 16:30,富家岭提水,1.55
2026/4/20 16:25,富家岭提水,1.55
2026/4/20 16:20,富家岭提水,1.55
2026/4/20 16:15,富家岭提水,1.55
2026/4/20 16:10,富家岭提水,1.55
2026/4/20 16:05,富家岭提水,1.55
2026/4/20 16:00,富家岭提水,1.55
2026/4/20 15:55,富家岭提水,1.55
2026/4/20 15:50,富家岭提水,1.55
2026/4/20 15:45,富家岭提水,1.606
2026/4/20 15:40,富家岭提水,1.606
2026/4/20 15:35,富家岭提水,1.606
2026/4/20 15:30,富家岭提水,1.606
2026/4/20 15:25,富家岭提水,1.606
2026/4/20 15:20,富家岭提水,1.606
2026/4/20 15:15,富家岭提水,1.606
2026/4/20 15:10,富家岭提水,1.606
2026/4/20 15:05,富家岭提水,1.606
2026/4/20 15:00,富家岭提水,1.606
2026/4/20 14:55,富家岭提水,1.606
2026/4/20 14:50,富家岭提水,1.606
2026/4/20 14:45,富家岭提水,1.606
2026/4/20 14:40,富家岭提水,1.606
2026/4/20 14:35,富家岭提水,1.606
2026/4/20 14:30,富家岭提水,1.606
2026/4/20 14:25,富家岭提水,1.606
2026/4/20 14:20,富家岭提水,1.606
2026/4/20 14:15,富家岭提水,1.606
2026/4/20 14:10,富家岭提水,1.606
2026/4/20 14:05,富家岭提水,1.606
2026/4/20 14:00,富家岭提水,1.606
2026/4/20 13:55,富家岭提水,1.606
2026/4/20 13:50,富家岭提水,1.606
2026/4/20 13:45,富家岭提水,1.606
2026/4/20 13:40,富家岭提水,1.606
2026/4/20 13:35,富家岭提水,1.606
2026/4/20 13:30,富家岭提水,1.606
2026/4/20 13:25,富家岭提水,1.606
2026/4/20 13:20,富家岭提水,1.606
2026/4/20 13:15,富家岭提水,1.606
2026/4/20 13:10,富家岭提水,1.606
2026/4/20 13:05,富家岭提水,1.606
2026/4/20 13:00,富家岭提水,1.606
2026/4/20 12:55,富家岭提水,1.606
2026/4/20 12:50,富家岭提水,1.606
2026/4/20 12:45,富家岭提水,1.606
2026/4/20 12:40,富家岭提水,1.606
2026/4/20 12:35,富家岭提水,1.606
2026/4/20 12:30,富家岭提水,1.606
2026/4/20 12:25,富家岭提水,1.606
2026/4/20 12:20,富家岭提水,1.606
2026/4/20 12:15,富家岭提水,1.606
2026/4/20 12:10,富家岭提水,1.606
2026/4/20 12:05,富家岭提水,1.606
2026/4/20 12:00,富家岭提水,1.606
2026/4/20 11:55,富家岭提水,1.606
2026/4/20 11:50,富家岭提水,1.606
2026/4/20 11:45,富家岭提水,1.606
2026/4/20 11:40,富家岭提水,1.606
2026/4/20 11:35,富家岭提水,1.606
2026/4/20 11:30,富家岭提水,1.606
2026/4/20 11:25,富家岭提水,1.606
2026/4/20 11:20,富家岭提水,1.606
2026/4/20 11:15,富家岭提水,1.606
2026/4/20 11:10,富家岭提水,1.606
2026/4/20 11:05,富家岭提水,1.606
2026/4/20 11:00,富家岭提水,1.606
2026/4/20 10:55,富家岭提水,1.606
2026/4/20 10:50,富家岭提水,1.606
2026/4/20 10:45,富家岭提水,1.606
2026/4/20 10:40,富家岭提水,1.606
2026/4/20 10:35,富家岭提水,1.606
2026/4/20 10:30,富家岭提水,1.606
2026/4/20 10:25,富家岭提水,1.606
2026/4/20 10:20,富家岭提水,1.606
2026/4/20 10:15,富家岭提水,1.606
2026/4/20 10:10,富家岭提水,1.606
2026/4/20 10:05,富家岭提水,1.606
2026/4/20 10:00,富家岭提水,1.606
2026/4/20 9:55,富家岭提水,1.606
2026/4/20 9:50,富家岭提水,1.606
2026/4/20 9:45,富家岭提水,1.606
2026/4/20 9:40,富家岭提水,1.606
2026/4/20 9:35,富家岭提水,1.606
2026/4/20 9:30,富家岭提水,1.606
2026/4/20 9:25,富家岭提水,1.697
2026/4/20 9:20,富家岭提水,1.697
2026/4/20 9:15,富家岭提水,1.697
2026/4/20 9:10,富家岭提水,1.697
2026/4/20 9:05,富家岭提水,1.697
2026/4/20 9:00,富家岭提水,1.697
2026/4/20 8:55,富家岭提水,1.697
2026/4/20 8:50,富家岭提水,1.697
2026/4/20 8:45,富家岭提水,1.697
2026/4/20 8:40,富家岭提水,1.697
2026/4/20 8:35,富家岭提水,1.697
2026/4/20 8:30,富家岭提水,1.697
2026/4/20 8:25,富家岭提水,1.697
2026/4/20 8:20,富家岭提水,1.697
2026/4/20 8:15,富家岭提水,1.697
2026/4/20 8:10,富家岭提水,1.697
2026/4/20 8:05,富家岭提水,1.697
2026/4/20 8:00,富家岭提水,1.697
2026/4/20 7:55,富家岭提水,1.697
2026/4/20 7:50,富家岭提水,1.697
2026/4/20 7:45,富家岭提水,1.697
2026/4/20 7:40,富家岭提水,1.697
2026/4/20 7:35,富家岭提水,1.697
2026/4/20 7:30,富家岭提水,1.697
2026/4/20 7:25,富家岭提水,1.697
2026/4/20 7:20,富家岭提水,1.697
2026/4/20 7:15,富家岭提水,1.697
2026/4/20 7:10,富家岭提水,1.697
2026/4/20 7:05,富家岭提水,1.697
2026/4/20 7:00,富家岭提水,1.697
2026/4/20 6:55,富家岭提水,1.697
2026/4/20 6:50,富家岭提水,1.697
2026/4/20 6:45,富家岭提水,1.697
2026/4/20 6:40,富家岭提水,1.697
2026/4/20 6:35,富家岭提水,1.697
2026/4/20 6:30,富家岭提水,1.697
2026/4/20 6:25,富家岭提水,1.697
2026/4/20 6:20,富家岭提水,1.697
2026/4/20 6:15,富家岭提水,1.697
2026/4/20 6:10,富家岭提水,1.697
2026/4/20 6:05,富家岭提水,1.697
2026/4/20 6:00,富家岭提水,1.697
2026/4/20 5:55,富家岭提水,1.697
2026/4/20 5:50,富家岭提水,1.697
2026/4/20 5:45,富家岭提水,1.697
2026/4/20 5:40,富家岭提水,1.697
2026/4/20 5:35,富家岭提水,1.697
2026/4/20 5:30,富家岭提水,1.697
2026/4/20 5:25,富家岭提水,1.697
2026/4/20 5:20,富家岭提水,1.697
2026/4/20 5:15,富家岭提水,1.697
2026/4/20 5:10,富家岭提水,1.697
2026/4/20 5:05,富家岭提水,1.697
2026/4/20 5:00,富家岭提水,1.697
2026/4/20 4:55,富家岭提水,1.697
2026/4/20 4:50,富家岭提水,1.697
2026/4/20 4:45,富家岭提水,1.697
2026/4/20 4:40,富家岭提水,1.697
2026/4/20 4:35,富家岭提水,1.697
2026/4/20 4:30,富家岭提水,1.697
2026/4/20 4:25,富家岭提水,1.697
2026/4/20 4:20,富家岭提水,1.697
2026/4/20 4:15,富家岭提水,1.697
2026/4/20 4:10,富家岭提水,1.697
2026/4/20 4:05,富家岭提水,1.697
2026/4/20 4:00,富家岭提水,1.697
2026/4/20 3:55,富家岭提水,1.697
2026/4/20 3:50,富家岭提水,1.697
2026/4/20 3:45,富家岭提水,1.697
2026/4/20 3:40,富家岭提水,1.697
2026/4/20 3:35,富家岭提水,1.697
2026/4/20 3:30,富家岭提水,1.697
2026/4/20 3:25,富家岭提水,1.697
2026/4/20 3:20,富家岭提水,1.697
2026/4/20 3:15,富家岭提水,1.697
2026/4/20 3:10,富家岭提水,1.697
2026/4/20 3:05,富家岭提水,1.697
2026/4/20 3:00,富家岭提水,1.697
2026/4/20 2:55,富家岭提水,1.697
2026/4/20 2:50,富家岭提水,1.697
2026/4/20 2:45,富家岭提水,1.697
2026/4/20 2:40,富家岭提水,1.697
2026/4/20 2:35,富家岭提水,1.697
2026/4/20 2:30,富家岭提水,1.697
2026/4/20 2:25,富家岭提水,1.697
2026/4/20 2:20,富家岭提水,1.697
2026/4/20 2:15,富家岭提水,1.697
2026/4/20 2:10,富家岭提水,1.697
2026/4/20 2:05,富家岭提水,1.697
2026/4/20 2:00,富家岭提水,1.697
2026/4/20 1:55,富家岭提水,1.697
2026/4/20 1:50,富家岭提水,1.697
2026/4/20 1:45,富家岭提水,1.697
2026/4/20 1:40,富家岭提水,1.697
2026/4/20 1:35,富家岭提水,1.697
2026/4/20 1:30,富家岭提水,1.697
2026/4/20 1:25,富家岭提水,1.697
2026/4/20 1:20,富家岭提水,1.697
2026/4/20 1:15,富家岭提水,1.697
2026/4/20 1:10,富家岭提水,1.697
2026/4/20 1:05,富家岭提水,1.697
2026/4/20 1:00,富家岭提水,1.697
2026/4/20 0:55,富家岭提水,1.697
2026/4/20 0:50,富家岭提水,1.697
2026/4/20 0:45,富家岭提水,1.697
2026/4/20 0:40,富家岭提水,1.697
2026/4/20 0:35,富家岭提水,1.697
2026/4/20 0:30,富家岭提水,1.697
2026/4/20 0:25,富家岭提水,1.697
2026/4/20 0:20,富家岭提水,1.697
2026/4/20 0:15,富家岭提水,1.697
2026/4/20 0:10,富家岭提水,1.697
2026/4/20 0:05,富家岭提水,1.697
2026/4/20 0:00,富家岭提水,1.697
2026/4/19 23:55,富家岭提水,1.697
2026/4/19 23:50,富家岭提水,1.697
2026/4/19 23:45,富家岭提水,1.697
2026/4/19 23:40,富家岭提水,1.697
2026/4/19 23:35,富家岭提水,1.697
2026/4/19 23:30,富家岭提水,1.697
2026/4/19 23:25,富家岭提水,1.697
2026/4/19 23:20,富家岭提水,1.697
2026/4/19 23:15,富家岭提水,1.697
2026/4/19 23:10,富家岭提水,1.697
2026/4/19 23:05,富家岭提水,1.697
2026/4/19 23:00,富家岭提水,1.697
2026/4/19 22:55,富家岭提水,1.697
2026/4/19 22:50,富家岭提水,1.697
2026/4/19 22:45,富家岭提水,1.697
2026/4/19 22:40,富家岭提水,1.697
2026/4/19 22:35,富家岭提水,1.697
2026/4/19 22:30,富家岭提水,1.697
2026/4/19 22:25,富家岭提水,1.697
2026/4/19 22:20,富家岭提水,1.697
2026/4/19 22:15,富家岭提水,1.697
2026/4/19 22:10,富家岭提水,1.697
2026/4/19 22:05,富家岭提水,1.697
2026/4/19 22:00,富家岭提水,1.697
2026/4/19 21:55,富家岭提水,1.697
2026/4/19 21:50,富家岭提水,1.697
2026/4/19 21:45,富家岭提水,1.697
2026/4/19 21:40,富家岭提水,1.697
2026/4/19 21:35,富家岭提水,1.697
2026/4/19 21:30,富家岭提水,1.697
2026/4/19 21:25,富家岭提水,1.697
2026/4/19 21:20,富家岭提水,1.697
2026/4/19 21:15,富家岭提水,1.697
2026/4/19 21:10,富家岭提水,1.697
2026/4/19 21:05,富家岭提水,1.697
2026/4/19 21:00,富家岭提水,1.697
2026/4/19 20:55,富家岭提水,1.697
2026/4/19 20:50,富家岭提水,1.697
2026/4/19 20:45,富家岭提水,1.697
2026/4/19 20:40,富家岭提水,1.697
2026/4/19 20:35,富家岭提水,1.697
2026/4/19 20:30,富家岭提水,1.697
2026/4/19 20:25,富家岭提水,1.697
2026/4/19 20:20,富家岭提水,1.697
2026/4/19 20:15,富家岭提水,1.697
2026/4/19 20:10,富家岭提水,1.697
2026/4/19 20:05,富家岭提水,1.697
2026/4/19 20:00,富家岭提水,1.697
2026/4/19 19:55,富家岭提水,1.697
2026/4/19 19:50,富家岭提水,1.697
2026/4/19 19:45,富家岭提水,1.697
2026/4/19 19:40,富家岭提水,1.697
2026/4/19 19:35,富家岭提水,1.801
2026/4/19 19:30,富家岭提水,1.801
2026/4/19 19:25,富家岭提水,1.801
2026/4/19 19:20,富家岭提水,1.801
2026/4/19 19:15,富家岭提水,1.801
2026/4/19 19:10,富家岭提水,1.801
2026/4/19 19:05,富家岭提水,1.99
2026/4/19 19:00,富家岭提水,1.99
2026/4/19 18:55,富家岭提水,1.99
2026/4/19 18:50,富家岭提水,1.99
2026/4/19 18:45,富家岭提水,1.99
2026/4/19 18:40,富家岭提水,1.99
2026/4/19 18:35,富家岭提水,1.99
2026/4/19 18:30,富家岭提水,1.99
2026/4/19 18:25,富家岭提水,1.99
2026/4/19 18:20,富家岭提水,1.99
2026/4/19 18:15,富家岭提水,1.99
2026/4/19 18:10,富家岭提水,1.99
2026/4/19 18:05,富家岭提水,1.99
2026/4/19 18:00,富家岭提水,1.99
2026/4/19 17:55,富家岭提水,1.99
2026/4/19 17:50,富家岭提水,1.99
2026/4/19 17:45,富家岭提水,1.99
2026/4/19 17:40,富家岭提水,1.99
2026/4/19 17:35,富家岭提水,1.99
2026/4/19 17:30,富家岭提水,1.99
2026/4/19 17:25,富家岭提水,1.99
2026/4/19 17:20,富家岭提水,1.99
2026/4/19 17:15,富家岭提水,1.99
2026/4/19 17:10,富家岭提水,1.99
2026/4/19 17:05,富家岭提水,1.99
2026/4/19 17:00,富家岭提水,1.99
2026/4/19 16:55,富家岭提水,1.99
2026/4/19 16:50,富家岭提水,1.99
2026/4/19 16:45,富家岭提水,1.99
2026/4/19 16:40,富家岭提水,1.99
2026/4/19 16:35,富家岭提水,1.99
2026/4/19 16:30,富家岭提水,1.99
2026/4/19 16:25,富家岭提水,1.99
2026/4/19 16:20,富家岭提水,1.99
2026/4/19 16:15,富家岭提水,1.99
2026/4/19 16:10,富家岭提水,1.99
2026/4/19 16:05,富家岭提水,1.99
2026/4/19 16:00,富家岭提水,1.99
2026/4/19 15:55,富家岭提水,1.99
2026/4/19 15:50,富家岭提水,1.99
2026/4/19 15:45,富家岭提水,2.107
2026/4/19 15:40,富家岭提水,2.107
2026/4/19 15:35,富家岭提水,2.107
2026/4/19 15:30,富家岭提水,2.107
2026/4/19 15:25,富家岭提水,2.107
2026/4/19 15:20,富家岭提水,2.107
2026/4/19 15:15,富家岭提水,2.107
2026/4/19 15:10,富家岭提水,2.107
2026/4/19 15:05,富家岭提水,2.107
2026/4/19 15:00,富家岭提水,2.107
2026/4/19 14:55,富家岭提水,2.107
2026/4/19 14:50,富家岭提水,2.107
2026/4/19 14:45,富家岭提水,2.107
2026/4/19 14:40,富家岭提水,2.107
2026/4/19 14:35,富家岭提水,2.107
2026/4/19 14:30,富家岭提水,2.107
2026/4/19 14:25,富家岭提水,2.107
2026/4/19 14:20,富家岭提水,2.107
2026/4/19 14:15,富家岭提水,2.107
2026/4/19 14:10,富家岭提水,2.107
2026/4/19 14:05,富家岭提水,2.107
2026/4/19 14:00,富家岭提水,2.107
2026/4/19 13:55,富家岭提水,2.107
2026/4/19 13:50,富家岭提水,2.107
2026/4/19 13:45,富家岭提水,2.107
2026/4/19 13:40,富家岭提水,2.107
2026/4/19 13:35,富家岭提水,2.107
2026/4/19 13:30,富家岭提水,2.107
2026/4/19 13:25,富家岭提水,2.107
2026/4/19 13:20,富家岭提水,2.107
2026/4/19 13:15,富家岭提水,2.107
2026/4/19 13:10,富家岭提水,2.107
2026/4/19 13:05,富家岭提水,2.107
2026/4/19 13:00,富家岭提水,2.107
2026/4/19 12:55,富家岭提水,2.107
2026/4/19 12:50,富家岭提水,2.107
2026/4/19 12:45,富家岭提水,2.107
2026/4/19 12:40,富家岭提水,2.107
2026/4/19 12:35,富家岭提水,2.107
2026/4/19 12:30,富家岭提水,2.107
2026/4/19 12:25,富家岭提水,2.107
2026/4/19 12:20,富家岭提水,2.107
2026/4/19 12:15,富家岭提水,2.107
2026/4/19 12:10,富家岭提水,2.107
2026/4/19 12:05,富家岭提水,2.107
2026/4/19 12:00,富家岭提水,2.107
2026/4/19 11:55,富家岭提水,2.107
2026/4/19 11:50,富家岭提水,2.107
2026/4/19 11:45,富家岭提水,2.107
2026/4/19 11:40,富家岭提水,2.107
2026/4/19 11:35,富家岭提水,2.107
2026/4/19 11:30,富家岭提水,2.107
2026/4/19 11:25,富家岭提水,2.107
2026/4/19 11:20,富家岭提水,2.107
2026/4/19 11:15,富家岭提水,2.107
2026/4/19 11:10,富家岭提水,2.107
2026/4/19 11:05,富家岭提水,2.107
2026/4/19 11:00,富家岭提水,2.107
2026/4/19 10:55,富家岭提水,2.107
2026/4/19 10:50,富家岭提水,2.107
2026/4/19 10:45,富家岭提水,2.107
2026/4/19 10:40,富家岭提水,2.107
2026/4/19 10:35,富家岭提水,2.107
2026/4/19 10:30,富家岭提水,2.107
2026/4/19 10:25,富家岭提水,2.107
2026/4/19 10:20,富家岭提水,2.107
2026/4/19 10:15,富家岭提水,2.107
2026/4/19 10:10,富家岭提水,2.107
2026/4/19 10:05,富家岭提水,2.107
2026/4/19 10:00,富家岭提水,1.775
2026/4/19 9:55,富家岭提水,1.775
2026/4/19 9:50,富家岭提水,1.775
2026/4/19 9:45,富家岭提水,1.775
2026/4/19 9:40,富家岭提水,1.775
2026/4/19 9:35,富家岭提水,1.775
2026/4/19 9:30,富家岭提水,1.775
2026/4/19 9:25,富家岭提水,1.775
2026/4/19 9:20,富家岭提水,1.775
2026/4/19 9:15,富家岭提水,1.775
2026/4/19 9:10,富家岭提水,1.775
2026/4/19 9:05,富家岭提水,1.775
2026/4/19 9:00,富家岭提水,1.775
2026/4/19 8:55,富家岭提水,1.775
2026/4/19 8:50,富家岭提水,1.775
2026/4/19 8:45,富家岭提水,1.775
2026/4/19 8:40,富家岭提水,1.775
2026/4/19 8:35,富家岭提水,1.775
2026/4/19 8:30,富家岭提水,1.775
2026/4/19 8:25,富家岭提水,1.775
2026/4/19 8:20,富家岭提水,1.775
2026/4/19 8:15,富家岭提水,1.775
2026/4/19 8:10,富家岭提水,1.775
2026/4/19 8:05,富家岭提水,1.775
2026/4/19 8:00,富家岭提水,1.775
2026/4/19 7:55,富家岭提水,1.775
2026/4/19 7:50,富家岭提水,1.775
2026/4/19 7:45,富家岭提水,1.775
2026/4/19 7:40,富家岭提水,1.775
2026/4/19 7:35,富家岭提水,1.775
2026/4/19 7:30,富家岭提水,1.775
2026/4/19 7:25,富家岭提水,1.775
2026/4/19 7:20,富家岭提水,1.775
2026/4/19 7:15,富家岭提水,1.775
2026/4/19 7:10,富家岭提水,1.664
2026/4/19 7:05,富家岭提水,1.664
2026/4/19 7:00,富家岭提水,1.664
2026/4/19 6:55,富家岭提水,1.664
2026/4/19 6:50,富家岭提水,1.664
2026/4/19 6:45,富家岭提水,1.664
2026/4/19 6:40,富家岭提水,1.664
2026/4/19 6:35,富家岭提水,1.664
2026/4/19 6:30,富家岭提水,1.664
2026/4/19 6:25,富家岭提水,1.664
2026/4/19 6:20,富家岭提水,1.664
2026/4/19 6:15,富家岭提水,1.664
2026/4/19 6:10,富家岭提水,1.664
2026/4/19 6:05,富家岭提水,1.664
2026/4/19 6:00,富家岭提水,1.664
2026/4/19 5:55,富家岭提水,1.664
2026/4/19 5:50,富家岭提水,1.664
2026/4/19 5:45,富家岭提水,1.664
2026/4/19 5:40,富家岭提水,1.664
2026/4/19 5:35,富家岭提水,1.664
2026/4/19 5:30,富家岭提水,1.664
2026/4/19 5:25,富家岭提水,1.664
2026/4/19 5:20,富家岭提水,1.664
2026/4/19 5:15,富家岭提水,1.664
2026/4/19 5:10,富家岭提水,1.664
2026/4/19 5:05,富家岭提水,1.664
2026/4/19 5:00,富家岭提水,1.664
2026/4/19 4:55,富家岭提水,1.664
2026/4/19 4:50,富家岭提水,1.664
2026/4/19 4:45,富家岭提水,1.664
2026/4/19 4:40,富家岭提水,1.664
2026/4/19 4:35,富家岭提水,1.664
2026/4/19 4:30,富家岭提水,1.664
2026/4/19 4:25,富家岭提水,1.664
2026/4/19 4:20,富家岭提水,1.664
2026/4/19 4:15,富家岭提水,1.664
2026/4/19 4:10,富家岭提水,1.664
2026/4/19 4:05,富家岭提水,1.664
2026/4/19 4:00,富家岭提水,1.664
2026/4/19 3:55,富家岭提水,1.664
2026/4/19 3:50,富家岭提水,1.664
2026/4/19 3:45,富家岭提水,1.664
2026/4/19 3:40,富家岭提水,1.664
2026/4/19 3:35,富家岭提水,1.664
2026/4/19 3:30,富家岭提水,1.664
2026/4/19 3:25,富家岭提水,1.664
2026/4/19 3:20,富家岭提水,1.664
2026/4/19 3:15,富家岭提水,1.664
2026/4/19 3:10,富家岭提水,1.664
2026/4/19 3:05,富家岭提水,1.664
2026/4/19 3:00,富家岭提水,1.664
2026/4/19 2:55,富家岭提水,1.664
2026/4/19 2:50,富家岭提水,1.664
2026/4/19 2:45,富家岭提水,1.664
2026/4/19 2:40,富家岭提水,1.664
2026/4/19 2:35,富家岭提水,1.664
2026/4/19 2:30,富家岭提水,1.664
2026/4/19 2:25,富家岭提水,1.664
2026/4/19 2:20,富家岭提水,1.664
2026/4/19 2:15,富家岭提水,1.664
2026/4/19 2:10,富家岭提水,1.664
2026/4/19 2:05,富家岭提水,1.664
2026/4/19 2:00,富家岭提水,1.664
2026/4/19 1:55,富家岭提水,1.664
2026/4/19 1:50,富家岭提水,1.664
2026/4/19 1:45,富家岭提水,1.664
2026/4/19 1:40,富家岭提水,1.664
2026/4/19 1:35,富家岭提水,1.664
2026/4/19 1:30,富家岭提水,1.664
2026/4/19 1:25,富家岭提水,1.664
2026/4/19 1:20,富家岭提水,1.664
2026/4/19 1:15,富家岭提水,1.664
2026/4/19 1:10,富家岭提水,1.664
2026/4/19 1:05,富家岭提水,1.664
2026/4/19 1:00,富家岭提水,1.664
2026/4/19 0:55,富家岭提水,1.664
2026/4/19 0:50,富家岭提水,1.664
2026/4/19 0:45,富家岭提水,1.664
2026/4/19 0:40,富家岭提水,1.664
2026/4/19 0:35,富家岭提水,1.664
2026/4/19 0:30,富家岭提水,1.664
2026/4/19 0:25,富家岭提水,1.664
2026/4/19 0:20,富家岭提水,1.664
2026/4/19 0:15,富家岭提水,1.664
2026/4/19 0:10,富家岭提水,1.664
2026/4/19 0:05,富家岭提水,1.664
2026/4/19 0:00,富家岭提水,1.664
2026/4/18 23:55,富家岭提水,1.664
2026/4/18 23:50,富家岭提水,1.664
2026/4/18 23:45,富家岭提水,1.664
2026/4/18 23:40,富家岭提水,1.664
2026/4/18 23:35,富家岭提水,1.664
2026/4/18 23:30,富家岭提水,1.664
2026/4/18 23:25,富家岭提水,1.664
2026/4/18 23:20,富家岭提水,1.664
2026/4/18 23:15,富家岭提水,1.664
2026/4/18 23:10,富家岭提水,1.664
2026/4/18 23:05,富家岭提水,1.664
2026/4/18 23:00,富家岭提水,1.664
2026/4/18 22:55,富家岭提水,1.664
2026/4/18 22:50,富家岭提水,1.664
2026/4/18 22:45,富家岭提水,1.664
2026/4/18 22:40,富家岭提水,1.664
2026/4/18 22:35,富家岭提水,1.664
2026/4/18 22:30,富家岭提水,1.664
2026/4/18 22:25,富家岭提水,1.664
2026/4/18 22:20,富家岭提水,1.664
2026/4/18 22:15,富家岭提水,1.664
2026/4/18 22:10,富家岭提水,1.664
2026/4/18 22:05,富家岭提水,1.664
2026/4/18 22:00,富家岭提水,1.664
2026/4/18 21:55,富家岭提水,1.664
2026/4/18 21:50,富家岭提水,1.664
2026/4/18 21:45,富家岭提水,1.664
2026/4/18 21:40,富家岭提水,1.664
2026/4/18 21:35,富家岭提水,1.664
2026/4/18 21:30,富家岭提水,1.664
2026/4/18 21:25,富家岭提水,1.664
2026/4/18 21:20,富家岭提水,1.664
2026/4/18 21:15,富家岭提水,1.664
2026/4/18 21:10,富家岭提水,1.664
2026/4/18 21:05,富家岭提水,1.664
2026/4/18 21:00,富家岭提水,1.664
2026/4/18 20:55,富家岭提水,1.664
2026/4/18 20:50,富家岭提水,1.664
2026/4/18 20:45,富家岭提水,1.664
2026/4/18 20:40,富家岭提水,1.664
2026/4/18 20:35,富家岭提水,1.664
2026/4/18 20:30,富家岭提水,1.664
2026/4/18 20:25,富家岭提水,1.664
2026/4/18 20:20,富家岭提水,1.664
2026/4/18 20:15,富家岭提水,1.664
2026/4/18 20:10,富家岭提水,1.664
2026/4/18 20:05,富家岭提水,1.664
2026/4/18 20:00,富家岭提水,1.664
2026/4/18 19:55,富家岭提水,1.664
2026/4/18 19:50,富家岭提水,1.664
2026/4/18 19:45,富家岭提水,1.664
2026/4/18 19:40,富家岭提水,1.664
2026/4/18 19:35,富家岭提水,1.664
2026/4/18 19:30,富家岭提水,1.664
2026/4/18 19:25,富家岭提水,1.664
2026/4/18 19:20,富家岭提水,1.664
2026/4/18 19:15,富家岭提水,1.664
2026/4/18 19:10,富家岭提水,1.664
2026/4/18 19:05,富家岭提水,1.664
2026/4/18 19:00,富家岭提水,1.664
2026/4/18 18:55,富家岭提水,1.664
2026/4/18 18:50,富家岭提水,1.664
2026/4/18 18:45,富家岭提水,1.664
2026/4/18 18:40,富家岭提水,1.664
2026/4/18 18:35,富家岭提水,1.664
2026/4/18 18:30,富家岭提水,1.664
2026/4/18 18:25,富家岭提水,1.664
2026/4/18 18:20,富家岭提水,1.664
2026/4/18 18:15,富家岭提水,1.664
2026/4/18 18:10,富家岭提水,1.664
2026/4/18 18:05,富家岭提水,1.664
2026/4/18 18:00,富家岭提水,1.664
2026/4/18 17:55,富家岭提水,1.664
2026/4/18 17:50,富家岭提水,1.664
2026/4/18 17:45,富家岭提水,1.664
2026/4/18 17:40,富家岭提水,1.664
2026/4/18 17:35,富家岭提水,1.664
2026/4/18 17:30,富家岭提水,1.664
2026/4/18 17:25,富家岭提水,1.664
2026/4/18 17:20,富家岭提水,1.664
2026/4/18 17:15,富家岭提水,1.664
2026/4/18 17:10,富家岭提水,1.664
2026/4/18 17:05,富家岭提水,1.664
2026/4/18 17:00,富家岭提水,1.53
2026/4/18 16:55,富家岭提水,1.53
2026/4/18 16:50,富家岭提水,1.53
2026/4/18 16:45,富家岭提水,1.53
2026/4/18 16:40,富家岭提水,1.53
2026/4/18 16:35,富家岭提水,1.53
2026/4/18 16:30,富家岭提水,1.53
2026/4/18 16:25,富家岭提水,1.53
2026/4/18 16:20,富家岭提水,1.53
2026/4/18 16:15,富家岭提水,1.53
2026/4/18 16:10,富家岭提水,1.53
2026/4/18 16:05,富家岭提水,1.53
2026/4/18 16:00,富家岭提水,1.53
2026/4/18 15:55,富家岭提水,1.53
2026/4/18 15:50,富家岭提水,1.53
2026/4/18 15:45,富家岭提水,1.53
2026/4/18 15:40,富家岭提水,1.53
2026/4/18 15:35,富家岭提水,1.53
2026/4/18 15:30,富家岭提水,1.53
2026/4/18 15:25,富家岭提水,1.53
2026/4/18 15:20,富家岭提水,1.53
2026/4/18 15:15,富家岭提水,1.53
2026/4/18 15:10,富家岭提水,1.53
2026/4/18 15:05,富家岭提水,1.53
2026/4/18 15:00,富家岭提水,1.53
2026/4/18 14:55,富家岭提水,1.53
2026/4/18 14:50,富家岭提水,1.53
2026/4/18 14:45,富家岭提水,1.53
2026/4/18 14:40,富家岭提水,1.53
2026/4/18 14:35,富家岭提水,1.53
2026/4/18 14:30,富家岭提水,1.53
2026/4/18 14:25,富家岭提水,1.53
2026/4/18 14:20,富家岭提水,1.751
2026/4/18 14:15,富家岭提水,1.751
2026/4/18 14:10,富家岭提水,1.751
2026/4/18 14:05,富家岭提水,1.751
2026/4/18 14:00,富家岭提水,1.751
2026/4/18 13:55,富家岭提水,1.751
2026/4/18 13:50,富家岭提水,1.751
2026/4/18 13:45,富家岭提水,1.751
2026/4/18 13:40,富家岭提水,1.751
2026/4/18 13:35,富家岭提水,1.751
2026/4/18 13:30,富家岭提水,1.751
2026/4/18 13:25,富家岭提水,1.751
2026/4/18 13:20,富家岭提水,1.751
2026/4/18 13:15,富家岭提水,1.751
2026/4/18 13:10,富家岭提水,1.751
2026/4/18 13:05,富家岭提水,1.751
2026/4/18 13:00,富家岭提水,1.751
2026/4/18 12:55,富家岭提水,1.751
2026/4/18 12:50,富家岭提水,1.751
2026/4/18 12:45,富家岭提水,1.751
2026/4/18 12:40,富家岭提水,1.751
2026/4/18 12:35,富家岭提水,1.751
2026/4/18 12:30,富家岭提水,1.751
2026/4/18 12:25,富家岭提水,1.751
2026/4/18 12:20,富家岭提水,1.751
2026/4/18 12:15,富家岭提水,1.751
2026/4/18 12:10,富家岭提水,1.751
2026/4/18 12:05,富家岭提水,1.751
2026/4/18 12:00,富家岭提水,1.751
2026/4/18 11:55,富家岭提水,1.751
2026/4/18 11:50,富家岭提水,1.751
2026/4/18 11:45,富家岭提水,1.751
2026/4/18 11:40,富家岭提水,1.751
2026/4/18 11:35,富家岭提水,1.751
2026/4/18 11:30,富家岭提水,1.751
2026/4/18 11:25,富家岭提水,1.751
2026/4/18 11:20,富家岭提水,1.751
2026/4/18 11:15,富家岭提水,1.751
2026/4/18 11:10,富家岭提水,1.751
2026/4/18 11:05,富家岭提水,1.751
2026/4/18 11:00,富家岭提水,1.751
2026/4/18 10:55,富家岭提水,1.751
2026/4/18 10:50,富家岭提水,1.751
2026/4/18 10:45,富家岭提水,1.751
2026/4/18 10:40,富家岭提水,1.751
2026/4/18 10:35,富家岭提水,1.751
2026/4/18 10:30,富家岭提水,1.751
2026/4/18 10:25,富家岭提水,1.751
2026/4/18 10:20,富家岭提水,1.751
2026/4/18 10:15,富家岭提水,1.751
2026/4/18 10:10,富家岭提水,1.664
2026/4/18 10:05,富家岭提水,1.664
2026/4/18 10:00,富家岭提水,1.664
2026/4/18 9:55,富家岭提水,1.664
2026/4/18 9:50,富家岭提水,1.664
2026/4/18 9:45,富家岭提水,1.664
2026/4/18 9:40,富家岭提水,1.664
2026/4/18 9:35,富家岭提水,1.664
2026/4/18 9:30,富家岭提水,1.664
2026/4/18 9:25,富家岭提水,1.664
2026/4/18 9:20,富家岭提水,1.664
2026/4/18 9:15,富家岭提水,1.664
2026/4/18 9:10,富家岭提水,1.664
2026/4/18 9:05,富家岭提水,1.664
2026/4/18 9:00,富家岭提水,1.664
2026/4/18 8:55,富家岭提水,1.664
2026/4/18 8:50,富家岭提水,1.664
2026/4/18 8:45,富家岭提水,1.664
2026/4/18 8:40,富家岭提水,1.664
2026/4/18 8:35,富家岭提水,1.664
2026/4/18 8:30,富家岭提水,1.664
2026/4/18 8:25,富家岭提水,1.664
2026/4/18 8:20,富家岭提水,1.664
2026/4/18 8:15,富家岭提水,1.664
2026/4/18 8:10,富家岭提水,1.664
2026/4/18 8:05,富家岭提水,1.664
2026/4/18 8:00,富家岭提水,1.664
2026/4/18 7:55,富家岭提水,1.664
2026/4/18 7:50,富家岭提水,1.664
2026/4/18 7:45,富家岭提水,1.664
2026/4/18 7:40,富家岭提水,1.664
2026/4/18 7:35,富家岭提水,1.638
2026/4/18 7:30,富家岭提水,1.638
2026/4/18 7:25,富家岭提水,1.638
2026/4/18 7:20,富家岭提水,1.638
2026/4/18 7:15,富家岭提水,1.638
2026/4/18 7:10,富家岭提水,1.638
2026/4/18 7:05,富家岭提水,1.638
2026/4/18 7:00,富家岭提水,1.638
2026/4/18 6:55,富家岭提水,1.638
2026/4/18 6:50,富家岭提水,1.638
2026/4/18 6:45,富家岭提水,1.638
2026/4/18 6:40,富家岭提水,1.638
2026/4/18 6:35,富家岭提水,1.638
2026/4/18 6:30,富家岭提水,1.638
2026/4/18 6:25,富家岭提水,1.638
2026/4/18 6:20,富家岭提水,1.638
2026/4/18 6:15,富家岭提水,1.638
2026/4/18 6:10,富家岭提水,1.638
2026/4/18 6:05,富家岭提水,1.638
2026/4/18 6:00,富家岭提水,1.638
2026/4/18 5:55,富家岭提水,1.638
2026/4/18 5:50,富家岭提水,1.638
2026/4/18 5:45,富家岭提水,1.638
2026/4/18 5:40,富家岭提水,1.638
2026/4/18 5:35,富家岭提水,1.638
2026/4/18 5:30,富家岭提水,1.638
2026/4/18 5:25,富家岭提水,1.638
2026/4/18 5:20,富家岭提水,1.638
2026/4/18 5:15,富家岭提水,1.638
2026/4/18 5:10,富家岭提水,1.638
2026/4/18 5:05,富家岭提水,1.638
2026/4/18 5:00,富家岭提水,1.638
2026/4/18 4:55,富家岭提水,1.638
2026/4/18 4:50,富家岭提水,1.638
2026/4/18 4:45,富家岭提水,1.638
2026/4/18 4:40,富家岭提水,1.638
2026/4/18 4:35,富家岭提水,1.638
2026/4/18 4:30,富家岭提水,1.638
2026/4/18 4:25,富家岭提水,1.638
2026/4/18 4:20,富家岭提水,1.638
2026/4/18 4:15,富家岭提水,1.638
2026/4/18 4:10,富家岭提水,1.638
2026/4/18 4:05,富家岭提水,1.638
2026/4/18 4:00,富家岭提水,1.638
2026/4/18 3:55,富家岭提水,1.638
2026/4/18 3:50,富家岭提水,1.638
2026/4/18 3:45,富家岭提水,1.638
2026/4/18 3:40,富家岭提水,1.638
2026/4/18 3:35,富家岭提水,1.638
2026/4/18 3:30,富家岭提水,1.638
2026/4/18 3:25,富家岭提水,1.638
2026/4/18 3:20,富家岭提水,1.638
2026/4/18 3:15,富家岭提水,1.638
2026/4/18 3:10,富家岭提水,1.638
2026/4/18 3:05,富家岭提水,1.638
2026/4/18 3:00,富家岭提水,1.638
2026/4/18 2:55,富家岭提水,1.638
2026/4/18 2:50,富家岭提水,1.638
2026/4/18 2:45,富家岭提水,1.638
2026/4/18 2:40,富家岭提水,1.638
2026/4/18 2:35,富家岭提水,1.638
2026/4/18 2:30,富家岭提水,1.638
2026/4/18 2:25,富家岭提水,1.638
2026/4/18 2:20,富家岭提水,1.638
2026/4/18 2:15,富家岭提水,1.638
2026/4/18 2:10,富家岭提水,1.638
2026/4/18 2:05,富家岭提水,1.638
2026/4/18 2:00,富家岭提水,1.638
2026/4/18 1:55,富家岭提水,1.638
2026/4/18 1:50,富家岭提水,1.638
2026/4/18 1:45,富家岭提水,1.638
2026/4/18 1:40,富家岭提水,1.638
2026/4/18 1:35,富家岭提水,1.638
2026/4/18 1:30,富家岭提水,1.638
2026/4/18 1:25,富家岭提水,1.638
2026/4/18 1:20,富家岭提水,1.638
2026/4/18 1:15,富家岭提水,1.638
2026/4/18 1:10,富家岭提水,1.638
2026/4/18 1:05,富家岭提水,1.638
2026/4/18 1:00,富家岭提水,1.638
2026/4/18 0:55,富家岭提水,1.638
2026/4/18 0:50,富家岭提水,1.638
2026/4/18 0:45,富家岭提水,1.638
2026/4/18 0:40,富家岭提水,1.638
2026/4/18 0:35,富家岭提水,1.638
2026/4/18 0:30,富家岭提水,1.638
2026/4/18 0:25,富家岭提水,1.638
2026/4/18 0:20,富家岭提水,1.638
2026/4/18 0:15,富家岭提水,1.638
2026/4/18 0:10,富家岭提水,1.638
2026/4/18 0:05,富家岭提水,1.638
2026/4/18 0:00,富家岭提水,1.638
2026/4/17 23:55,富家岭提水,1.638
2026/4/17 23:50,富家岭提水,1.638
2026/4/17 23:45,富家岭提水,1.638
2026/4/17 23:40,富家岭提水,1.638
2026/4/17 23:35,富家岭提水,1.638
2026/4/17 23:30,富家岭提水,1.638
2026/4/17 23:25,富家岭提水,1.638
2026/4/17 23:20,富家岭提水,1.638
2026/4/17 23:15,富家岭提水,1.638
2026/4/17 23:10,富家岭提水,1.638
2026/4/17 23:05,富家岭提水,1.638
2026/4/17 23:00,富家岭提水,1.638
2026/4/17 22:55,富家岭提水,1.638
2026/4/17 22:50,富家岭提水,1.638
2026/4/17 22:45,富家岭提水,1.638
2026/4/17 22:40,富家岭提水,1.638
2026/4/17 22:35,富家岭提水,1.638
2026/4/17 22:30,富家岭提水,1.638
2026/4/17 22:25,富家岭提水,1.638
2026/4/17 22:20,富家岭提水,1.638
2026/4/17 22:15,富家岭提水,1.638
2026/4/17 22:10,富家岭提水,1.638
2026/4/17 22:05,富家岭提水,1.638
2026/4/17 22:00,富家岭提水,1.638
2026/4/17 21:55,富家岭提水,1.638
2026/4/17 21:50,富家岭提水,1.638
2026/4/17 21:45,富家岭提水,1.638
2026/4/17 21:40,富家岭提水,1.638
2026/4/17 21:35,富家岭提水,1.638
2026/4/17 21:30,富家岭提水,1.638
2026/4/17 21:25,富家岭提水,1.638
2026/4/17 21:20,富家岭提水,1.638
2026/4/17 21:15,富家岭提水,1.638
2026/4/17 21:10,富家岭提水,1.638
2026/4/17 21:05,富家岭提水,1.638
2026/4/17 21:00,富家岭提水,1.638
2026/4/17 20:55,富家岭提水,1.638
2026/4/17 20:50,富家岭提水,1.638
2026/4/17 20:45,富家岭提水,1.638
2026/4/17 20:40,富家岭提水,1.638
2026/4/17 20:35,富家岭提水,1.638
2026/4/17 20:30,富家岭提水,1.638
2026/4/17 20:25,富家岭提水,1.638
2026/4/17 20:20,富家岭提水,1.638
2026/4/17 20:15,富家岭提水,1.638
2026/4/17 20:10,富家岭提水,1.638
2026/4/17 20:05,富家岭提水,1.638
2026/4/17 20:00,富家岭提水,1.638
2026/4/17 19:55,富家岭提水,1.638
2026/4/17 19:50,富家岭提水,1.787
2026/4/17 19:45,富家岭提水,1.787
2026/4/17 19:40,富家岭提水,1.787
2026/4/17 19:35,富家岭提水,1.787
2026/4/17 19:30,富家岭提水,1.787
2026/4/17 19:25,富家岭提水,1.787
2026/4/17 19:20,富家岭提水,1.787
2026/4/17 19:15,富家岭提水,1.787
2026/4/17 19:10,富家岭提水,1.787
2026/4/17 19:05,富家岭提水,1.787
2026/4/17 19:00,富家岭提水,1.787
2026/4/17 18:55,富家岭提水,1.787
2026/4/17 18:50,富家岭提水,1.787
2026/4/17 18:45,富家岭提水,1.787
2026/4/17 18:40,富家岭提水,1.787
2026/4/17 18:35,富家岭提水,1.787
2026/4/17 18:30,富家岭提水,1.787
2026/4/17 18:25,富家岭提水,1.787
2026/4/17 18:20,富家岭提水,1.787
2026/4/17 18:15,富家岭提水,1.787
2026/4/17 18:10,富家岭提水,1.787
2026/4/17 18:05,富家岭提水,1.787
2026/4/17 18:00,富家岭提水,1.787
2026/4/17 17:55,富家岭提水,1.787
2026/4/17 17:50,富家岭提水,1.787
2026/4/17 17:45,富家岭提水,1.787
2026/4/17 17:40,富家岭提水,1.787
2026/4/17 17:35,富家岭提水,1.787
2026/4/17 17:30,富家岭提水,1.787
2026/4/17 17:25,富家岭提水,1.787
2026/4/17 17:20,富家岭提水,1.787
2026/4/17 17:15,富家岭提水,1.787
2026/4/17 17:10,富家岭提水,1.787
2026/4/17 17:05,富家岭提水,1.787
2026/4/17 17:00,富家岭提水,1.787
2026/4/17 16:55,富家岭提水,1.787
2026/4/17 16:50,富家岭提水,1.787
2026/4/17 16:45,富家岭提水,1.787
2026/4/17 16:40,富家岭提水,1.787
2026/4/17 16:35,富家岭提水,1.787
2026/4/17 16:30,富家岭提水,1.787
2026/4/17 16:25,富家岭提水,1.787
2026/4/17 16:20,富家岭提水,1.787
2026/4/17 16:15,富家岭提水,1.787
2026/4/17 16:10,富家岭提水,1.787
2026/4/17 16:05,富家岭提水,1.787
2026/4/17 16:00,富家岭提水,1.787
2026/4/17 15:55,富家岭提水,1.787
2026/4/17 15:50,富家岭提水,1.787
2026/4/17 15:45,富家岭提水,1.787
2026/4/17 15:40,富家岭提水,1.751
2026/4/17 15:35,富家岭提水,1.751
2026/4/17 15:30,富家岭提水,1.751
2026/4/17 15:25,富家岭提水,1.751
2026/4/17 15:20,富家岭提水,1.751
2026/4/17 15:15,富家岭提水,1.751
2026/4/17 15:10,富家岭提水,1.751
2026/4/17 15:05,富家岭提水,1.751
2026/4/17 15:00,富家岭提水,1.751
2026/4/17 14:55,富家岭提水,1.751
2026/4/17 14:50,富家岭提水,1.751
2026/4/17 14:45,富家岭提水,1.751
2026/4/17 14:40,富家岭提水,1.751
2026/4/17 14:35,富家岭提水,1.751
2026/4/17 14:30,富家岭提水,1.751
2026/4/17 14:25,富家岭提水,1.751
2026/4/17 14:20,富家岭提水,1.751
2026/4/17 14:15,富家岭提水,1.751
2026/4/17 14:10,富家岭提水,1.751
2026/4/17 14:05,富家岭提水,1.751
2026/4/17 14:00,富家岭提水,1.751
2026/4/17 13:55,富家岭提水,1.751
2026/4/17 13:50,富家岭提水,1.751
2026/4/17 13:45,富家岭提水,1.751
2026/4/17 13:40,富家岭提水,1.751
2026/4/17 13:35,富家岭提水,1.751
2026/4/17 13:30,富家岭提水,1.751
2026/4/17 13:25,富家岭提水,1.751
2026/4/17 13:20,富家岭提水,1.751
2026/4/17 13:15,富家岭提水,1.751
2026/4/17 13:10,富家岭提水,1.751
2026/4/17 13:05,富家岭提水,1.751
2026/4/17 13:00,富家岭提水,1.751
2026/4/17 12:55,富家岭提水,1.751
2026/4/17 12:50,富家岭提水,1.751
2026/4/17 12:45,富家岭提水,1.751
2026/4/17 12:40,富家岭提水,1.751
2026/4/17 12:35,富家岭提水,1.751
2026/4/17 12:30,富家岭提水,1.751
2026/4/17 12:25,富家岭提水,1.751
2026/4/17 12:20,富家岭提水,1.751
2026/4/17 12:15,富家岭提水,1.751
2026/4/17 12:10,富家岭提水,1.751
2026/4/17 12:05,富家岭提水,1.751
2026/4/17 12:00,富家岭提水,1.751
2026/4/17 11:55,富家岭提水,1.751
2026/4/17 11:50,富家岭提水,1.751
2026/4/17 11:45,富家岭提水,1.751
2026/4/17 11:40,富家岭提水,1.751
2026/4/17 11:35,富家岭提水,1.751
2026/4/17 11:30,富家岭提水,1.751
2026/4/17 11:25,富家岭提水,1.751
2026/4/17 11:20,富家岭提水,1.751
2026/4/17 11:15,富家岭提水,1.751
2026/4/17 11:10,富家岭提水,1.751
2026/4/17 11:05,富家岭提水,1.751
2026/4/17 11:00,富家岭提水,1.751
2026/4/17 10:55,富家岭提水,1.751
2026/4/17 10:50,富家岭提水,1.751
2026/4/17 10:45,富家岭提水,1.751
2026/4/17 10:40,富家岭提水,1.751
2026/4/17 10:35,富家岭提水,1.751
2026/4/17 10:30,富家岭提水,1.751
2026/4/17 10:25,富家岭提水,1.751
2026/4/17 10:20,富家岭提水,1.751
2026/4/17 10:15,富家岭提水,1.751
2026/4/17 10:10,富家岭提水,1.751
2026/4/17 10:05,富家岭提水,1.751
2026/4/17 10:00,富家岭提水,1.751
2026/4/17 9:55,富家岭提水,1.751
2026/4/17 9:50,富家岭提水,1.751
2026/4/17 9:45,富家岭提水,1.751
2026/4/17 9:40,富家岭提水,1.751
2026/4/17 9:35,富家岭提水,1.751
2026/4/17 9:30,富家岭提水,1.751
2026/4/17 9:25,富家岭提水,1.751
2026/4/17 9:20,富家岭提水,1.751
2026/4/17 9:15,富家岭提水,1.751
2026/4/17 9:10,富家岭提水,1.751
2026/4/17 9:05,富家岭提水,1.751
2026/4/17 9:00,富家岭提水,1.751
2026/4/17 8:55,富家岭提水,1.751
2026/4/17 8:50,富家岭提水,1.751
2026/4/17 8:45,富家岭提水,1.751
2026/4/17 8:40,富家岭提水,1.751
2026/4/17 8:35,富家岭提水,1.751
2026/4/17 8:30,富家岭提水,1.751
2026/4/17 8:25,富家岭提水,1.751
2026/4/17 8:20,富家岭提水,1.751
2026/4/17 8:15,富家岭提水,1.751
2026/4/17 8:10,富家岭提水,1.751
2026/4/17 8:05,富家岭提水,1.751
2026/4/17 8:00,富家岭提水,1.751
2026/4/17 7:55,富家岭提水,1.751
2026/4/17 7:50,富家岭提水,1.787
2026/4/17 7:45,富家岭提水,1.787
2026/4/17 7:40,富家岭提水,1.787
2026/4/17 7:35,富家岭提水,1.787
2026/4/17 7:30,富家岭提水,1.787
2026/4/17 7:25,富家岭提水,1.787
2026/4/17 7:20,富家岭提水,1.787
2026/4/17 7:15,富家岭提水,1.787
2026/4/17 7:10,富家岭提水,1.787
2026/4/17 7:05,富家岭提水,1.787
2026/4/17 7:00,富家岭提水,1.787
2026/4/17 6:55,富家岭提水,1.787
2026/4/17 6:50,富家岭提水,1.787
2026/4/17 6:45,富家岭提水,1.787
2026/4/17 6:40,富家岭提水,1.787
2026/4/17 6:35,富家岭提水,1.168
2026/4/17 6:30,富家岭提水,1.168
2026/4/17 6:25,富家岭提水,1.168
2026/4/17 6:20,富家岭提水,1.168
2026/4/17 6:15,富家岭提水,1.168
2026/4/17 6:10,富家岭提水,1.168
2026/4/17 6:05,富家岭提水,1.168
2026/4/17 6:00,富家岭提水,1.168
2026/4/17 5:55,富家岭提水,1.168
2026/4/17 5:50,富家岭提水,1.168
2026/4/17 5:45,富家岭提水,1.168
2026/4/17 5:40,富家岭提水,1.168
2026/4/17 5:35,富家岭提水,1.168
2026/4/17 5:30,富家岭提水,1.168
2026/4/17 5:25,富家岭提水,1.168
2026/4/17 5:20,富家岭提水,1.168
2026/4/17 5:15,富家岭提水,1.168
2026/4/17 5:10,富家岭提水,1.168
2026/4/17 5:05,富家岭提水,1.168
2026/4/17 5:00,富家岭提水,1.168
2026/4/17 4:55,富家岭提水,1.168
2026/4/17 4:50,富家岭提水,1.168
2026/4/17 4:45,富家岭提水,1.168
2026/4/17 4:40,富家岭提水,1.168
2026/4/17 4:35,富家岭提水,1.168
2026/4/17 4:30,富家岭提水,1.168
2026/4/17 4:25,富家岭提水,1.168
2026/4/17 4:20,富家岭提水,1.168
2026/4/17 4:15,富家岭提水,1.168
2026/4/17 4:10,富家岭提水,1.168
2026/4/17 4:05,富家岭提水,1.168
2026/4/17 4:00,富家岭提水,1.168
2026/4/17 3:55,富家岭提水,1.168
2026/4/17 3:50,富家岭提水,1.168
2026/4/17 3:45,富家岭提水,1.168
2026/4/17 3:40,富家岭提水,1.168
2026/4/17 3:35,富家岭提水,1.168
2026/4/17 3:30,富家岭提水,1.168
2026/4/17 3:25,富家岭提水,1.168
2026/4/17 3:20,富家岭提水,1.168
2026/4/17 3:15,富家岭提水,1.168
2026/4/17 3:10,富家岭提水,1.168
2026/4/17 3:05,富家岭提水,1.168
2026/4/17 3:00,富家岭提水,1.168
2026/4/17 2:55,富家岭提水,1.168
2026/4/17 2:50,富家岭提水,1.168
2026/4/17 2:45,富家岭提水,1.168
2026/4/17 2:40,富家岭提水,1.168
2026/4/17 2:35,富家岭提水,1.168
2026/4/17 2:30,富家岭提水,1.168
2026/4/17 2:25,富家岭提水,1.168
2026/4/17 2:20,富家岭提水,1.168
2026/4/17 2:15,富家岭提水,1.168
2026/4/17 2:10,富家岭提水,1.168
2026/4/17 2:05,富家岭提水,1.168
2026/4/17 2:00,富家岭提水,1.168
2026/4/17 1:55,富家岭提水,1.168
2026/4/17 1:50,富家岭提水,1.168
2026/4/17 1:45,富家岭提水,1.168
2026/4/17 1:40,富家岭提水,1.168
2026/4/17 1:35,富家岭提水,1.168
2026/4/17 1:30,富家岭提水,1.168
2026/4/17 1:25,富家岭提水,1.168
2026/4/17 1:20,富家岭提水,1.168
2026/4/17 1:15,富家岭提水,1.168
2026/4/17 1:10,富家岭提水,1.168
2026/4/17 1:05,富家岭提水,1.168
2026/4/17 1:00,富家岭提水,1.168
2026/4/17 0:55,富家岭提水,1.168
2026/4/17 0:50,富家岭提水,1.168
2026/4/17 0:45,富家岭提水,1.168
2026/4/17 0:40,富家岭提水,1.168
2026/4/17 0:35,富家岭提水,1.168
2026/4/17 0:30,富家岭提水,1.168
2026/4/17 0:25,富家岭提水,1.168
2026/4/17 0:20,富家岭提水,1.168
2026/4/17 0:15,富家岭提水,1.168
2026/4/17 0:10,富家岭提水,1.168
2026/4/17 0:05,富家岭提水,1.168
2026/4/17 0:00,富家岭提水,1.168
2026/4/16 23:55,富家岭提水,1.168
2026/4/16 23:50,富家岭提水,1.168
2026/4/16 23:45,富家岭提水,1.168
2026/4/16 23:40,富家岭提水,1.168
2026/4/16 23:35,富家岭提水,1.168
2026/4/16 23:30,富家岭提水,1.168
2026/4/16 23:25,富家岭提水,1.168
2026/4/16 23:20,富家岭提水,1.168
2026/4/16 23:15,富家岭提水,1.168
2026/4/16 23:10,富家岭提水,1.168
2026/4/16 23:05,富家岭提水,1.168
2026/4/16 23:00,富家岭提水,1.168
2026/4/16 22:55,富家岭提水,1.168
2026/4/16 22:50,富家岭提水,1.168
2026/4/16 22:45,富家岭提水,1.168
2026/4/16 22:40,富家岭提水,1.168
2026/4/16 22:35,富家岭提水,1.168
2026/4/16 22:30,富家岭提水,1.168
2026/4/16 22:25,富家岭提水,1.168
2026/4/16 22:20,富家岭提水,0.135
2026/4/16 22:15,富家岭提水,0.135
2026/4/16 22:10,富家岭提水,0.135
2026/4/16 22:05,富家岭提水,0.135
2026/4/16 22:00,富家岭提水,0.135
2026/4/16 21:55,富家岭提水,0.135
2026/4/16 21:50,富家岭提水,0.135
2026/4/16 21:45,富家岭提水,0.135
2026/4/16 21:40,富家岭提水,0.135
2026/4/16 21:35,富家岭提水,0.135
2026/4/16 21:30,富家岭提水,0.135
2026/4/16 21:25,富家岭提水,0.135
2026/4/16 21:20,富家岭提水,0.135
2026/4/16 21:15,富家岭提水,0.135
2026/4/16 21:10,富家岭提水,0.135
2026/4/16 21:05,富家岭提水,0.135
2026/4/16 21:00,富家岭提水,0.135
2026/4/16 20:55,富家岭提水,0.135
2026/4/16 20:50,富家岭提水,0.135
2026/4/16 20:45,富家岭提水,0.135
2026/4/16 20:40,富家岭提水,0.135
2026/4/16 20:35,富家岭提水,0.135
2026/4/16 20:30,富家岭提水,0.135
2026/4/16 20:25,富家岭提水,0.135
2026/4/16 20:20,富家岭提水,0.135
2026/4/16 20:15,富家岭提水,0.135
2026/4/16 20:10,富家岭提水,0.135
2026/4/16 20:05,富家岭提水,0.135
2026/4/16 20:00,富家岭提水,0.135
2026/4/16 19:55,富家岭提水,0.135
2026/4/16 19:50,富家岭提水,0.135
2026/4/16 19:45,富家岭提水,0.135
2026/4/16 19:40,富家岭提水,0.135
2026/4/16 19:35,富家岭提水,0.135
2026/4/16 19:30,富家岭提水,0.135
2026/4/16 19:25,富家岭提水,0.135
2026/4/16 19:20,富家岭提水,0.135
2026/4/16 19:15,富家岭提水,0.135
2026/4/16 19:10,富家岭提水,0.135
2026/4/16 19:05,富家岭提水,0.135
2026/4/16 19:00,富家岭提水,0.135
2026/4/16 18:55,富家岭提水,0.135
2026/4/16 18:50,富家岭提水,0.135
2026/4/16 18:45,富家岭提水,0.135
2026/4/16 18:40,富家岭提水,0.135
2026/4/16 18:35,富家岭提水,0.135
2026/4/16 18:30,富家岭提水,0.135
2026/4/16 18:25,富家岭提水,0.135
2026/4/16 18:20,富家岭提水,0.135
2026/4/16 18:15,富家岭提水,0.135
2026/4/16 18:10,富家岭提水,0.135
2026/4/16 18:05,富家岭提水,0.135
2026/4/16 18:00,富家岭提水,0.135
2026/4/16 17:55,富家岭提水,0.135
2026/4/16 17:50,富家岭提水,0.135
2026/4/16 17:45,富家岭提水,0.135
2026/4/16 17:40,富家岭提水,0.135
2026/4/16 17:35,富家岭提水,0.135
2026/4/16 17:30,富家岭提水,0.135
2026/4/16 17:25,富家岭提水,0.135
2026/4/16 17:20,富家岭提水,0.135
2026/4/16 17:15,富家岭提水,0.135
2026/4/16 17:10,富家岭提水,0.135
2026/4/16 17:05,富家岭提水,0.135
2026/4/16 17:00,富家岭提水,0.135
2026/4/16 16:55,富家岭提水,0.135
2026/4/16 16:50,富家岭提水,0.135
2026/4/16 16:45,富家岭提水,0.135
2026/4/16 16:40,富家岭提水,0.135
2026/4/16 16:35,富家岭提水,0.135
2026/4/16 16:30,富家岭提水,0.135
2026/4/16 16:25,富家岭提水,0.135
2026/4/16 16:20,富家岭提水,0.135
2026/4/16 16:15,富家岭提水,0.135
2026/4/16 16:10,富家岭提水,0.135
2026/4/16 16:05,富家岭提水,0.135
2026/4/16 16:00,富家岭提水,0.135
2026/4/16 15:55,富家岭提水,0.135
2026/4/16 15:50,富家岭提水,0.135
2026/4/16 15:45,富家岭提水,0.117
2026/4/16 15:40,富家岭提水,0.117
2026/4/16 15:35,富家岭提水,0.117
2026/4/16 15:30,富家岭提水,0.117
2026/4/16 15:25,富家岭提水,0.117
2026/4/16 15:20,富家岭提水,0.117
2026/4/16 15:15,富家岭提水,0.117
2026/4/16 15:10,富家岭提水,0.117
2026/4/16 15:05,富家岭提水,0.117
2026/4/16 15:00,富家岭提水,0.117
2026/4/16 14:55,富家岭提水,0.117
2026/4/16 14:50,富家岭提水,0.117
2026/4/16 14:45,富家岭提水,0.117
2026/4/16 14:40,富家岭提水,0.117
2026/4/16 14:35,富家岭提水,0.117
2026/4/16 14:30,富家岭提水,0.117
2026/4/16 14:25,富家岭提水,0.117
2026/4/16 14:20,富家岭提水,0.117
2026/4/16 14:15,富家岭提水,0.117
2026/4/16 14:10,富家岭提水,0.117
2026/4/16 14:05,富家岭提水,0.117
2026/4/16 14:00,富家岭提水,0.117
2026/4/16 13:55,富家岭提水,0.117
2026/4/16 13:50,富家岭提水,0.117
2026/4/16 13:45,富家岭提水,0.117
2026/4/16 13:40,富家岭提水,0.117
2026/4/16 13:35,富家岭提水,0.117
2026/4/16 13:30,富家岭提水,0.117
2026/4/16 13:25,富家岭提水,0.117
2026/4/16 13:20,富家岭提水,0.117
2026/4/16 13:15,富家岭提水,0.117
2026/4/16 13:10,富家岭提水,0.117
2026/4/16 13:05,富家岭提水,0.117
2026/4/16 13:00,富家岭提水,0.117
2026/4/16 12:55,富家岭提水,0.117
2026/4/16 12:50,富家岭提水,0.117
2026/4/16 12:45,富家岭提水,0.117
2026/4/16 12:40,富家岭提水,0.117
2026/4/16 12:35,富家岭提水,0.117
2026/4/16 12:30,富家岭提水,0.117
2026/4/16 12:25,富家岭提水,0.117
2026/4/16 12:20,富家岭提水,0.117
2026/4/16 12:15,富家岭提水,0.117
2026/4/16 12:10,富家岭提水,0.117
2026/4/16 12:05,富家岭提水,0.117
2026/4/16 12:00,富家岭提水,0.117
2026/4/16 11:55,富家岭提水,0.117
2026/4/16 11:50,富家岭提水,0.117
2026/4/16 11:45,富家岭提水,0.117
2026/4/16 11:40,富家岭提水,0.117
2026/4/16 11:35,富家岭提水,0.117
2026/4/16 11:30,富家岭提水,0.117
2026/4/16 11:25,富家岭提水,0.117
2026/4/16 11:20,富家岭提水,0.117
2026/4/16 11:15,富家岭提水,0.117
2026/4/16 11:10,富家岭提水,0.117
2026/4/16 11:05,富家岭提水,0.117
2026/4/16 11:00,富家岭提水,0.117
2026/4/16 10:55,富家岭提水,0.117
2026/4/16 10:50,富家岭提水,0.117
2026/4/16 10:45,富家岭提水,0.117
2026/4/16 10:40,富家岭提水,0.117
2026/4/16 10:35,富家岭提水,0.117
2026/4/16 10:30,富家岭提水,0.117
2026/4/16 10:25,富家岭提水,0.117
2026/4/16 10:20,富家岭提水,0.117
2026/4/16 10:15,富家岭提水,0.117
2026/4/16 10:10,富家岭提水,0.117
2026/4/16 10:05,富家岭提水,0.117
2026/4/16 10:00,富家岭提水,0.117
2026/4/16 9:55,富家岭提水,0.117
2026/4/16 9:50,富家岭提水,0.117
2026/4/16 9:45,富家岭提水,0.117
2026/4/16 9:40,富家岭提水,0.117
2026/4/16 9:35,富家岭提水,0.117
2026/4/16 9:30,富家岭提水,0.117
2026/4/16 9:25,富家岭提水,0.117
2026/4/16 9:20,富家岭提水,0.117
2026/4/16 9:15,富家岭提水,0.117
2026/4/16 9:10,富家岭提水,0.117
2026/4/16 9:05,富家岭提水,0.117
2026/4/16 9:00,富家岭提水,0.117
2026/4/16 8:55,富家岭提水,0.117
2026/4/16 8:50,富家岭提水,0.117
2026/4/16 8:45,富家岭提水,0.117
2026/4/16 8:40,富家岭提水,0.117
2026/4/16 8:35,富家岭提水,0.117
2026/4/16 8:30,富家岭提水,0.117
2026/4/16 8:25,富家岭提水,0.117
2026/4/16 8:20,富家岭提水,0.117
2026/4/16 8:15,富家岭提水,0.117
2026/4/16 8:10,富家岭提水,0.117
2026/4/16 8:05,富家岭提水,0.117
2026/4/16 8:00,富家岭提水,0.117
2026/4/16 7:55,富家岭提水,0.117
2026/4/16 7:50,富家岭提水,0.117
2026/4/16 7:45,富家岭提水,0.117
2026/4/16 7:40,富家岭提水,0.117
2026/4/16 7:35,富家岭提水,0.117
2026/4/16 7:30,富家岭提水,0.117
2026/4/16 7:25,富家岭提水,0.117
2026/4/16 7:20,富家岭提水,0.117
2026/4/16 7:15,富家岭提水,0.117
2026/4/16 7:10,富家岭提水,0.117
2026/4/16 7:05,富家岭提水,0.117
2026/4/16 7:00,富家岭提水,0.117
2026/4/16 6:55,富家岭提水,0.117
2026/4/16 6:50,富家岭提水,0.117
2026/4/16 6:45,富家岭提水,0.117
2026/4/16 6:40,富家岭提水,0.117
2026/4/16 6:35,富家岭提水,0.117
2026/4/16 6:30,富家岭提水,0.117
2026/4/16 6:25,富家岭提水,0.117
2026/4/16 6:20,富家岭提水,0.117
2026/4/16 6:15,富家岭提水,0.117
2026/4/16 6:10,富家岭提水,0.117
2026/4/16 6:05,富家岭提水,0.117
2026/4/16 6:00,富家岭提水,0.117
2026/4/16 5:55,富家岭提水,0.117
2026/4/16 5:50,富家岭提水,0.117
2026/4/16 5:45,富家岭提水,0.117
2026/4/16 5:40,富家岭提水,0.117
2026/4/16 5:35,富家岭提水,0.117
2026/4/16 5:30,富家岭提水,0.117
2026/4/16 5:25,富家岭提水,0.117
2026/4/16 5:20,富家岭提水,0.117
2026/4/16 5:15,富家岭提水,0.117
2026/4/16 5:10,富家岭提水,0.117
2026/4/16 5:05,富家岭提水,0.117
2026/4/16 5:00,富家岭提水,0.117
2026/4/16 4:55,富家岭提水,0.117
2026/4/16 4:50,富家岭提水,0.117
2026/4/16 4:45,富家岭提水,0.117
2026/4/16 4:40,富家岭提水,0.117
2026/4/16 4:35,富家岭提水,0.117
2026/4/16 4:30,富家岭提水,0.117
2026/4/16 4:25,富家岭提水,0.117
2026/4/16 4:20,富家岭提水,0.117
2026/4/16 4:15,富家岭提水,0.117
2026/4/16 4:10,富家岭提水,0.117
2026/4/16 4:05,富家岭提水,0.117
2026/4/16 4:00,富家岭提水,0.117
2026/4/16 3:55,富家岭提水,0.117
2026/4/16 3:50,富家岭提水,0.117
2026/4/16 3:45,富家岭提水,0.117
2026/4/16 3:40,富家岭提水,0.117
2026/4/16 3:35,富家岭提水,0.117
2026/4/16 3:30,富家岭提水,0.117
2026/4/16 3:25,富家岭提水,0.117
2026/4/16 3:20,富家岭提水,0.117
2026/4/16 3:15,富家岭提水,0.319
2026/4/16 3:10,富家岭提水,0.319
2026/4/16 3:05,富家岭提水,0.319
2026/4/16 3:00,富家岭提水,0.319
2026/4/16 2:55,富家岭提水,0.319
2026/4/16 2:50,富家岭提水,0.319
2026/4/16 2:45,富家岭提水,0.319
2026/4/16 2:40,富家岭提水,0.319
2026/4/16 2:35,富家岭提水,0.319
2026/4/16 2:30,富家岭提水,0.319
2026/4/16 2:25,富家岭提水,0.319
2026/4/16 2:20,富家岭提水,0.319
2026/4/16 2:15,富家岭提水,0.319
2026/4/16 2:10,富家岭提水,0.319
2026/4/16 2:05,富家岭提水,0.319
2026/4/16 2:00,富家岭提水,0.319
2026/4/16 1:55,富家岭提水,0.319
2026/4/16 1:50,富家岭提水,0.319
2026/4/16 1:45,富家岭提水,0.319
2026/4/16 1:40,富家岭提水,0.319
2026/4/16 1:35,富家岭提水,0.319
2026/4/16 1:30,富家岭提水,0.319
2026/4/16 1:25,富家岭提水,0.319
2026/4/16 1:20,富家岭提水,0.319
2026/4/16 1:15,富家岭提水,0.319
2026/4/16 1:10,富家岭提水,0.319
2026/4/16 1:05,富家岭提水,0.319
2026/4/16 1:00,富家岭提水,0.319
2026/4/16 0:55,富家岭提水,0.319
2026/4/16 0:50,富家岭提水,0.319
2026/4/16 0:45,富家岭提水,0.319
2026/4/16 0:40,富家岭提水,0.319
2026/4/16 0:35,富家岭提水,0.319
2026/4/16 0:30,富家岭提水,0.319
2026/4/16 0:25,富家岭提水,0.319
2026/4/16 0:20,富家岭提水,0.319
2026/4/16 0:15,富家岭提水,0.319
2026/4/16 0:10,富家岭提水,0.319
2026/4/16 0:05,富家岭提水,0.319
2026/4/16 0:00,富家岭提水,0.319
2026/4/15 23:55,富家岭提水,0.319
2026/4/15 23:50,富家岭提水,0.319
2026/4/15 23:45,富家岭提水,0.319
2026/4/15 23:40,富家岭提水,0.319
2026/4/15 23:35,富家岭提水,0.319
2026/4/15 23:30,富家岭提水,0.319
2026/4/15 23:25,富家岭提水,0.319
2026/4/15 23:20,富家岭提水,0.319
2026/4/15 23:15,富家岭提水,0.319
2026/4/15 23:10,富家岭提水,0.319
2026/4/15 23:05,富家岭提水,0.319
2026/4/15 23:00,富家岭提水,0.319
2026/4/15 22:55,富家岭提水,0.319
2026/4/15 22:50,富家岭提水,0.319
2026/4/15 22:45,富家岭提水,0.319
2026/4/15 22:40,富家岭提水,0.319
2026/4/15 22:35,富家岭提水,0.319
2026/4/15 22:30,富家岭提水,0.319
2026/4/15 22:25,富家岭提水,0.319
2026/4/15 22:20,富家岭提水,0.319
2026/4/15 22:15,富家岭提水,0.319
2026/4/15 22:10,富家岭提水,0.319
2026/4/15 22:05,富家岭提水,0.319
2026/4/15 22:00,富家岭提水,0.319
2026/4/15 21:55,富家岭提水,0.319
2026/4/15 21:50,富家岭提水,0.319
2026/4/15 21:45,富家岭提水,0.319
2026/4/15 21:40,富家岭提水,0.319
2026/4/15 21:35,富家岭提水,0.319
2026/4/15 21:30,富家岭提水,0.319
2026/4/15 21:25,富家岭提水,0.319
2026/4/15 21:20,富家岭提水,0.319
2026/4/15 21:15,富家岭提水,0.319
2026/4/15 21:10,富家岭提水,0.319
2026/4/15 21:05,富家岭提水,0.319
2026/4/15 21:00,富家岭提水,0.319
2026/4/15 20:55,富家岭提水,0.319
2026/4/15 20:50,富家岭提水,0.319
2026/4/15 20:45,富家岭提水,0.319
2026/4/15 20:40,富家岭提水,0.319
2026/4/15 20:35,富家岭提水,0.319
2026/4/15 20:30,富家岭提水,0.319
2026/4/15 20:25,富家岭提水,0.319
2026/4/15 20:20,富家岭提水,0.319
2026/4/15 20:15,富家岭提水,0.319
2026/4/15 20:10,富家岭提水,0.319
2026/4/15 20:05,富家岭提水,0.319
2026/4/15 20:00,富家岭提水,0.319
2026/4/15 19:55,富家岭提水,0.319
2026/4/15 19:50,富家岭提水,0.319
2026/4/15 19:45,富家岭提水,0.319
2026/4/15 19:40,富家岭提水,0.319
2026/4/15 19:35,富家岭提水,0.319
2026/4/15 19:30,富家岭提水,0.319
2026/4/15 19:25,富家岭提水,0.319
2026/4/15 19:20,富家岭提水,0.319
2026/4/15 19:15,富家岭提水,0.319
2026/4/15 19:10,富家岭提水,0.319
2026/4/15 19:05,富家岭提水,0.319
2026/4/15 19:00,富家岭提水,0.319
2026/4/15 18:55,富家岭提水,0.319
2026/4/15 18:50,富家岭提水,0.319
2026/4/15 18:45,富家岭提水,0.319
2026/4/15 18:40,富家岭提水,0.319
2026/4/15 18:35,富家岭提水,0.319
2026/4/15 18:30,富家岭提水,0.319
2026/4/15 18:25,富家岭提水,0.319
2026/4/15 18:20,富家岭提水,0.319
2026/4/15 18:15,富家岭提水,0.319
2026/4/15 18:10,富家岭提水,0.319
2026/4/15 18:05,富家岭提水,0.319
2026/4/15 18:00,富家岭提水,0.319
2026/4/15 17:55,富家岭提水,0.319
2026/4/15 17:50,富家岭提水,0.319
2026/4/15 17:45,富家岭提水,0.319
2026/4/15 17:40,富家岭提水,0.319
2026/4/15 17:35,富家岭提水,0.319
2026/4/15 17:30,富家岭提水,0.319
2026/4/15 17:25,富家岭提水,0.319
2026/4/15 17:20,富家岭提水,0.319
2026/4/15 17:15,富家岭提水,0.319
2026/4/15 17:10,富家岭提水,0.319
2026/4/15 17:05,富家岭提水,0.319
2026/4/15 17:00,富家岭提水,0.319
2026/4/15 16:55,富家岭提水,0.319
2026/4/15 16:50,富家岭提水,0.319
2026/4/15 16:45,富家岭提水,0.319
2026/4/15 16:40,富家岭提水,0.319
2026/4/15 16:35,富家岭提水,0.319
2026/4/15 16:30,富家岭提水,0.319
2026/4/15 16:25,富家岭提水,0.319
2026/4/15 16:20,富家岭提水,0.319
2026/4/15 16:15,富家岭提水,0.319
2026/4/15 16:10,富家岭提水,0.319
2026/4/15 16:05,富家岭提水,0.319
2026/4/15 16:00,富家岭提水,0.319
2026/4/15 15:55,富家岭提水,0.319
2026/4/15 15:50,富家岭提水,0.319
2026/4/15 15:45,富家岭提水,0.319
2026/4/15 15:40,富家岭提水,0.319
2026/4/15 15:35,富家岭提水,0.319
2026/4/15 15:30,富家岭提水,0.319
2026/4/15 15:25,富家岭提水,0.319
2026/4/15 15:20,富家岭提水,0.319
2026/4/15 15:15,富家岭提水,0.319
2026/4/15 15:10,富家岭提水,0.319
2026/4/15 15:05,富家岭提水,0.319
2026/4/15 15:00,富家岭提水,0.319
2026/4/15 14:55,富家岭提水,0.319
2026/4/15 14:50,富家岭提水,0.319
2026/4/15 14:45,富家岭提水,0.319
2026/4/15 14:40,富家岭提水,0.319
2026/4/15 14:35,富家岭提水,0.319
2026/4/15 14:30,富家岭提水,0.319
2026/4/15 14:25,富家岭提水,0.319
2026/4/15 14:20,富家岭提水,0.319
2026/4/15 14:15,富家岭提水,0.319
2026/4/15 14:10,富家岭提水,0.319
2026/4/15 14:05,富家岭提水,0.319
2026/4/15 14:00,富家岭提水,0.319
2026/4/15 13:55,富家岭提水,0.319
2026/4/15 13:50,富家岭提水,0.319
2026/4/15 13:45,富家岭提水,0.319
2026/4/15 13:40,富家岭提水,0.319
2026/4/15 13:35,富家岭提水,0.319
2026/4/15 13:30,富家岭提水,0.319
2026/4/15 13:25,富家岭提水,0.319
2026/4/15 13:20,富家岭提水,0.319
2026/4/15 13:15,富家岭提水,0.319
2026/4/15 13:10,富家岭提水,0.319
2026/4/15 13:05,富家岭提水,0.319
2026/4/15 13:00,富家岭提水,0.319
2026/4/15 12:55,富家岭提水,0.319
2026/4/15 12:50,富家岭提水,0.319
2026/4/15 12:45,富家岭提水,0.319
2026/4/15 12:40,富家岭提水,0.319
2026/4/15 12:35,富家岭提水,0.319
2026/4/15 12:30,富家岭提水,0.319
2026/4/15 12:25,富家岭提水,0.319
2026/4/15 12:20,富家岭提水,0.319
2026/4/15 12:15,富家岭提水,0.319
2026/4/15 12:10,富家岭提水,0.319
2026/4/15 12:05,富家岭提水,0.319
2026/4/15 12:00,富家岭提水,0.319
2026/4/15 11:55,富家岭提水,0.319
2026/4/15 11:50,富家岭提水,0.319
2026/4/15 11:45,富家岭提水,0.319
2026/4/15 11:40,富家岭提水,0.352
2026/4/15 11:35,富家岭提水,0.352
2026/4/15 11:30,富家岭提水,0.352
2026/4/15 11:25,富家岭提水,0.352
2026/4/15 11:20,富家岭提水,0.352
2026/4/15 11:15,富家岭提水,0.352
2026/4/15 11:10,富家岭提水,0.352
2026/4/15 11:05,富家岭提水,0.352
2026/4/15 11:00,富家岭提水,0.352
2026/4/15 10:55,富家岭提水,0.352
2026/4/15 10:50,富家岭提水,0.352
2026/4/15 10:45,富家岭提水,0.352
2026/4/15 10:40,富家岭提水,0.352
2026/4/15 10:35,富家岭提水,0.352
2026/4/15 10:30,富家岭提水,0.352
2026/4/15 10:25,富家岭提水,0.352
2026/4/15 10:20,富家岭提水,0.352
2026/4/15 10:15,富家岭提水,0.352
2026/4/15 10:10,富家岭提水,0.352
2026/4/15 10:05,富家岭提水,0.352
2026/4/15 10:00,富家岭提水,0.352
2026/4/15 9:55,富家岭提水,0.352
2026/4/15 9:50,富家岭提水,0.352
2026/4/15 9:45,富家岭提水,0.352
2026/4/15 9:40,富家岭提水,0.352
2026/4/15 9:35,富家岭提水,0.352
2026/4/15 9:30,富家岭提水,0.352
2026/4/15 9:25,富家岭提水,0.352
2026/4/15 9:20,富家岭提水,0.352
2026/4/15 9:15,富家岭提水,0.352
2026/4/15 9:10,富家岭提水,0.352
2026/4/15 9:05,富家岭提水,0.352
2026/4/15 9:00,富家岭提水,0.352
2026/4/15 8:55,富家岭提水,0.352
2026/4/15 8:50,富家岭提水,0.352
2026/4/15 8:45,富家岭提水,0.352
2026/4/15 8:40,富家岭提水,0.352
2026/4/15 8:35,富家岭提水,0.352
2026/4/15 8:30,富家岭提水,0.352
2026/4/15 8:25,富家岭提水,0.352
2026/4/15 8:20,富家岭提水,0.352
2026/4/15 8:15,富家岭提水,0.352
2026/4/15 8:10,富家岭提水,0.352
2026/4/15 8:05,富家岭提水,0.352
2026/4/15 8:00,富家岭提水,0.352
2026/4/15 7:55,富家岭提水,0.352
2026/4/15 7:50,富家岭提水,0.352
2026/4/15 7:45,富家岭提水,0.352
2026/4/15 7:40,富家岭提水,0.352
2026/4/15 7:35,富家岭提水,0.352
2026/4/15 7:30,富家岭提水,0.352
2026/4/15 7:25,富家岭提水,0.352
2026/4/15 7:20,富家岭提水,0.352
2026/4/15 7:15,富家岭提水,0.352
2026/4/15 7:10,富家岭提水,0.352
2026/4/15 7:05,富家岭提水,0.352
2026/4/15 7:00,富家岭提水,0.352
2026/4/15 6:55,富家岭提水,0.352
2026/4/15 6:50,富家岭提水,0.352
2026/4/15 6:45,富家岭提水,0.352
2026/4/15 6:40,富家岭提水,0.352
2026/4/15 6:35,富家岭提水,0.352
2026/4/15 6:30,富家岭提水,0.352
2026/4/15 6:25,富家岭提水,0.352
2026/4/15 6:20,富家岭提水,0.352
2026/4/15 6:15,富家岭提水,0.352
2026/4/15 6:10,富家岭提水,0.352
2026/4/15 6:05,富家岭提水,0.352
2026/4/15 6:00,富家岭提水,0.352
2026/4/15 5:55,富家岭提水,0.352
2026/4/15 5:50,富家岭提水,0.352
2026/4/15 5:45,富家岭提水,0.352
2026/4/15 5:40,富家岭提水,0.352
2026/4/15 5:35,富家岭提水,0.352
2026/4/15 5:30,富家岭提水,0.352
2026/4/15 5:25,富家岭提水,0.352
2026/4/15 5:20,富家岭提水,0.352
2026/4/15 5:15,富家岭提水,0.352
2026/4/15 5:10,富家岭提水,0.352
2026/4/15 5:05,富家岭提水,0.352
2026/4/15 5:00,富家岭提水,0.352
2026/4/15 4:55,富家岭提水,0.352
2026/4/15 4:50,富家岭提水,0.352
2026/4/15 4:45,富家岭提水,0.352
2026/4/15 4:40,富家岭提水,0.352
2026/4/15 4:35,富家岭提水,0.352
2026/4/15 4:30,富家岭提水,0.352
2026/4/15 4:25,富家岭提水,0.352
2026/4/15 4:20,富家岭提水,0.352
2026/4/15 4:15,富家岭提水,0.352
2026/4/15 4:10,富家岭提水,0.352
2026/4/15 4:05,富家岭提水,0.352
2026/4/15 4:00,富家岭提水,0.352
2026/4/15 3:55,富家岭提水,0.352
2026/4/15 3:50,富家岭提水,0.352
2026/4/15 3:45,富家岭提水,0.352
2026/4/15 3:40,富家岭提水,0.352
2026/4/15 3:35,富家岭提水,0.352
2026/4/15 3:30,富家岭提水,0.352
2026/4/15 3:25,富家岭提水,0.352
2026/4/15 3:20,富家岭提水,0.352
2026/4/15 3:15,富家岭提水,0.352
2026/4/15 3:10,富家岭提水,0.352
2026/4/15 3:05,富家岭提水,0.352
2026/4/15 3:00,富家岭提水,0.352
2026/4/15 2:55,富家岭提水,0.352
2026/4/15 2:50,富家岭提水,0.352
2026/4/15 2:45,富家岭提水,0.352
2026/4/15 2:40,富家岭提水,0.352
2026/4/15 2:35,富家岭提水,0.352
2026/4/15 2:30,富家岭提水,0.352
2026/4/15 2:25,富家岭提水,0.352
2026/4/15 2:20,富家岭提水,0.352
2026/4/15 2:15,富家岭提水,0.352
2026/4/15 2:10,富家岭提水,0.352
2026/4/15 2:05,富家岭提水,0.352
2026/4/15 2:00,富家岭提水,0.352
2026/4/15 1:55,富家岭提水,0.352
2026/4/15 1:50,富家岭提水,0.352
2026/4/15 1:45,富家岭提水,0.352
2026/4/15 1:40,富家岭提水,0.352
2026/4/15 1:35,富家岭提水,0.352
2026/4/15 1:30,富家岭提水,0.352
2026/4/15 1:25,富家岭提水,0.352
2026/4/15 1:20,富家岭提水,0.352
2026/4/15 1:15,富家岭提水,0.352
2026/4/15 1:10,富家岭提水,0.352
2026/4/15 1:05,富家岭提水,0.352
2026/4/15 1:00,富家岭提水,0.352
2026/4/15 0:55,富家岭提水,0.352
2026/4/15 0:50,富家岭提水,0.352
2026/4/15 0:45,富家岭提水,0.352
2026/4/15 0:40,富家岭提水,0.352
2026/4/15 0:35,富家岭提水,0.352
2026/4/15 0:30,富家岭提水,0.352
2026/4/15 0:25,富家岭提水,0.352
2026/4/15 0:20,富家岭提水,0.352
2026/4/15 0:15,富家岭提水,0.352
2026/4/15 0:10,富家岭提水,0.352
2026/4/15 0:05,富家岭提水,0.352
2026/4/15 0:00,富家岭提水,0.352
2026/4/14 23:55,富家岭提水,0.352
2026/4/14 23:50,富家岭提水,0.352
2026/4/14 23:45,富家岭提水,0.352
2026/4/14 23:40,富家岭提水,0.352
2026/4/14 23:35,富家岭提水,0.352
2026/4/14 23:30,富家岭提水,0.352
2026/4/14 23:25,富家岭提水,0.352
2026/4/14 23:20,富家岭提水,0.352
2026/4/14 23:15,富家岭提水,0.352
2026/4/14 23:10,富家岭提水,0.352
2026/4/14 23:05,富家岭提水,0.352
2026/4/14 23:00,富家岭提水,0.352
2026/4/14 22:55,富家岭提水,0.352
2026/4/14 22:50,富家岭提水,0.352
2026/4/14 22:45,富家岭提水,0.352
2026/4/14 22:40,富家岭提水,0.352
2026/4/14 22:35,富家岭提水,0.352
2026/4/14 22:30,富家岭提水,0.352
2026/4/14 22:25,富家岭提水,0.352
2026/4/14 22:20,富家岭提水,0.352
2026/4/14 22:15,富家岭提水,0.352
2026/4/14 22:10,富家岭提水,0.352
2026/4/14 22:05,富家岭提水,0.352
2026/4/14 22:00,富家岭提水,0.352
2026/4/14 21:55,富家岭提水,0.352
2026/4/14 21:50,富家岭提水,0.352
2026/4/14 21:45,富家岭提水,0.352
2026/4/14 21:40,富家岭提水,0.352
2026/4/14 21:35,富家岭提水,0.352
2026/4/14 21:30,富家岭提水,0.352
2026/4/14 21:25,富家岭提水,0.352
2026/4/14 21:20,富家岭提水,0.352
2026/4/14 21:15,富家岭提水,0.352
2026/4/14 21:10,富家岭提水,0.352
2026/4/14 21:05,富家岭提水,0.352
2026/4/14 21:00,富家岭提水,0.352
2026/4/14 20:55,富家岭提水,0.352
2026/4/14 20:50,富家岭提水,0.352
2026/4/14 20:45,富家岭提水,0.352
2026/4/14 20:40,富家岭提水,0.352
2026/4/14 20:35,富家岭提水,0.352
2026/4/14 20:30,富家岭提水,0.352
2026/4/14 20:25,富家岭提水,0.352
2026/4/14 20:20,富家岭提水,0.352
2026/4/14 20:15,富家岭提水,0.352
2026/4/14 20:10,富家岭提水,0.352
2026/4/14 20:05,富家岭提水,0.352
2026/4/14 20:00,富家岭提水,0.352
2026/4/14 19:55,富家岭提水,0.352
2026/4/14 19:50,富家岭提水,0.352
2026/4/14 19:45,富家岭提水,0.352
2026/4/14 19:40,富家岭提水,0.352
2026/4/14 19:35,富家岭提水,0.352
2026/4/14 19:30,富家岭提水,0.352
2026/4/14 19:25,富家岭提水,0.352
2026/4/14 19:20,富家岭提水,0.352
2026/4/14 19:15,富家岭提水,0.352
2026/4/14 19:10,富家岭提水,0.352
2026/4/14 19:05,富家岭提水,0.352
2026/4/14 19:00,富家岭提水,0.352
2026/4/14 18:55,富家岭提水,0.352
2026/4/14 18:50,富家岭提水,0.352
2026/4/14 18:45,富家岭提水,0.352
2026/4/14 18:40,富家岭提水,0.352
2026/4/14 18:35,富家岭提水,0.352
2026/4/14 18:30,富家岭提水,0.352
2026/4/14 18:25,富家岭提水,0.352
2026/4/14 18:20,富家岭提水,0.352
2026/4/14 18:15,富家岭提水,0.352
2026/4/14 18:10,富家岭提水,0.352
2026/4/14 18:05,富家岭提水,0.352
2026/4/14 18:00,富家岭提水,0.352
2026/4/14 17:55,富家岭提水,0.352
2026/4/14 17:50,富家岭提水,0.352
2026/4/14 17:45,富家岭提水,0.352
2026/4/14 17:40,富家岭提水,0.352
2026/4/14 17:35,富家岭提水,0.352
2026/4/14 17:30,富家岭提水,0.352
2026/4/14 17:25,富家岭提水,0.352
2026/4/14 17:20,富家岭提水,0.352
2026/4/14 17:15,富家岭提水,0.352
2026/4/14 17:10,富家岭提水,0.352
2026/4/14 17:05,富家岭提水,0.352
2026/4/14 17:00,富家岭提水,0.352
2026/4/14 16:55,富家岭提水,0.352
2026/4/14 16:50,富家岭提水,0.352
2026/4/14 16:45,富家岭提水,0.352
2026/4/14 16:40,富家岭提水,0.352
2026/4/14 16:35,富家岭提水,0.352
2026/4/14 16:30,富家岭提水,0.352
2026/4/14 16:25,富家岭提水,0.352
2026/4/14 16:20,富家岭提水,0.352
2026/4/14 16:15,富家岭提水,0.352
2026/4/14 16:10,富家岭提水,0.352
2026/4/14 16:05,富家岭提水,0.352
2026/4/14 16:00,富家岭提水,0.352
2026/4/14 15:55,富家岭提水,0.352
2026/4/14 15:50,富家岭提水,0.352
2026/4/14 15:45,富家岭提水,0.352
2026/4/14 15:40,富家岭提水,0.352
2026/4/14 15:35,富家岭提水,0.352
2026/4/14 15:30,富家岭提水,0.352
2026/4/14 15:25,富家岭提水,0.352
2026/4/14 15:20,富家岭提水,0.352
2026/4/14 15:15,富家岭提水,0.352
2026/4/14 15:10,富家岭提水,0.352
2026/4/14 15:05,富家岭提水,0.352
2026/4/14 15:00,富家岭提水,0.352
2026/4/14 14:55,富家岭提水,0.352
2026/4/14 14:50,富家岭提水,0.352
2026/4/14 14:45,富家岭提水,0.352
2026/4/14 14:40,富家岭提水,0.352
2026/4/14 14:35,富家岭提水,0.352
2026/4/14 14:30,富家岭提水,0.352
2026/4/14 14:25,富家岭提水,0.352
2026/4/14 14:20,富家岭提水,0.352
2026/4/14 14:15,富家岭提水,0.352
2026/4/14 14:10,富家岭提水,0.352
2026/4/14 14:05,富家岭提水,0.352
2026/4/14 14:00,富家岭提水,0.352
2026/4/14 13:55,富家岭提水,0.352
2026/4/14 13:50,富家岭提水,0.352
2026/4/14 13:45,富家岭提水,0.352
2026/4/14 13:40,富家岭提水,0.352
2026/4/14 13:35,富家岭提水,0.352
2026/4/14 13:30,富家岭提水,0.352
2026/4/14 13:25,富家岭提水,0.352
2026/4/14 13:20,富家岭提水,0.352
2026/4/14 13:15,富家岭提水,0.352
2026/4/14 13:10,富家岭提水,0.352
2026/4/14 13:05,富家岭提水,0.352
2026/4/14 13:00,富家岭提水,0.352
2026/4/14 12:55,富家岭提水,0.352
2026/4/14 12:50,富家岭提水,0.352
2026/4/14 12:45,富家岭提水,0.352
2026/4/14 12:40,富家岭提水,0.352
2026/4/14 12:35,富家岭提水,0.319
2026/4/14 12:30,富家岭提水,0.319
2026/4/14 12:25,富家岭提水,0.319
2026/4/14 12:20,富家岭提水,0.319
2026/4/14 12:15,富家岭提水,0.319
2026/4/14 12:10,富家岭提水,0.319
2026/4/14 12:05,富家岭提水,0.319
2026/4/14 12:00,富家岭提水,0.319
2026/4/14 11:55,富家岭提水,0.319
2026/4/14 11:50,富家岭提水,0.319
2026/4/14 11:45,富家岭提水,0.319
2026/4/14 11:40,富家岭提水,0.319
2026/4/14 11:35,富家岭提水,0.319
2026/4/14 11:30,富家岭提水,0.319
2026/4/14 11:25,富家岭提水,0.319
2026/4/14 11:20,富家岭提水,0.319
2026/4/14 11:15,富家岭提水,0.319
2026/4/14 11:10,富家岭提水,0.319
2026/4/14 11:05,富家岭提水,0.319
2026/4/14 11:00,富家岭提水,0.319
2026/4/14 10:55,富家岭提水,0.319
2026/4/14 10:50,富家岭提水,0.319
2026/4/14 10:45,富家岭提水,0.319
2026/4/14 10:40,富家岭提水,0.319
2026/4/14 10:35,富家岭提水,0.492
2026/4/14 10:30,富家岭提水,0.492
2026/4/14 10:25,富家岭提水,0.492
2026/4/14 10:20,富家岭提水,0.492
2026/4/14 10:15,富家岭提水,0.492
2026/4/14 10:10,富家岭提水,0.492
2026/4/14 10:05,富家岭提水,0.492
2026/4/14 10:00,富家岭提水,0.492
2026/4/14 9:55,富家岭提水,0.492
2026/4/14 9:50,富家岭提水,0.492
2026/4/14 9:45,富家岭提水,0.492
2026/4/14 9:40,富家岭提水,0.492
2026/4/14 9:35,富家岭提水,0.492
2026/4/14 9:30,富家岭提水,0.492
2026/4/14 9:25,富家岭提水,0.492
2026/4/14 9:20,富家岭提水,0.492
2026/4/14 9:15,富家岭提水,0.492
2026/4/14 9:10,富家岭提水,0.492
2026/4/14 9:05,富家岭提水,0.492
2026/4/14 9:00,富家岭提水,0.492
2026/4/14 8:55,富家岭提水,0.492
2026/4/14 8:50,富家岭提水,0.492
2026/4/14 8:45,富家岭提水,0.492
2026/4/14 8:40,富家岭提水,0.492
2026/4/14 8:35,富家岭提水,0.492
2026/4/14 8:30,富家岭提水,0.492
2026/4/14 8:25,富家岭提水,0.492
2026/4/14 8:20,富家岭提水,0.492
2026/4/14 8:15,富家岭提水,0.492
2026/4/14 8:10,富家岭提水,0.492
2026/4/14 8:05,富家岭提水,0.492
2026/4/14 8:00,富家岭提水,0.492
2026/4/14 7:55,富家岭提水,0.557
2026/4/14 7:50,富家岭提水,0.557
2026/4/14 7:45,富家岭提水,0.557
2026/4/14 7:40,富家岭提水,0.557
2026/4/14 7:35,富家岭提水,0.557
2026/4/14 7:30,富家岭提水,0.557
2026/4/14 7:25,富家岭提水,0.557
2026/4/14 7:20,富家岭提水,0.557
2026/4/14 7:15,富家岭提水,0.557
2026/4/14 7:10,富家岭提水,0.557
2026/4/14 7:05,富家岭提水,0.557
2026/4/14 7:00,富家岭提水,0.557
2026/4/14 6:55,富家岭提水,0.557
2026/4/14 6:50,富家岭提水,0.557
2026/4/14 6:45,富家岭提水,0.557
2026/4/14 6:40,富家岭提水,0.557
2026/4/14 6:35,富家岭提水,0.557
2026/4/14 6:30,富家岭提水,0.557
2026/4/14 6:25,富家岭提水,0.557
2026/4/14 6:20,富家岭提水,0.557
2026/4/14 6:15,富家岭提水,0.557
2026/4/14 6:10,富家岭提水,0.557
2026/4/14 6:05,富家岭提水,0.557
2026/4/14 6:00,富家岭提水,0.557
2026/4/14 5:55,富家岭提水,0.557
2026/4/14 5:50,富家岭提水,0.557
2026/4/14 5:45,富家岭提水,0.557
2026/4/14 5:40,富家岭提水,0.557
2026/4/14 5:35,富家岭提水,0.557
2026/4/14 5:30,富家岭提水,0.557
2026/4/14 5:25,富家岭提水,0.557
2026/4/14 5:20,富家岭提水,0.557
2026/4/14 5:15,富家岭提水,0.557
2026/4/14 5:10,富家岭提水,0.557
2026/4/14 5:05,富家岭提水,0.557
2026/4/14 5:00,富家岭提水,0.557
2026/4/14 4:55,富家岭提水,0.557
2026/4/14 4:50,富家岭提水,0.557
2026/4/14 4:45,富家岭提水,0.557
2026/4/14 4:40,富家岭提水,0.557
2026/4/14 4:35,富家岭提水,0.557
2026/4/14 4:30,富家岭提水,0.557
2026/4/14 4:25,富家岭提水,0.557
2026/4/14 4:20,富家岭提水,0.557
2026/4/14 4:15,富家岭提水,0.557
2026/4/14 4:10,富家岭提水,0.557
2026/4/14 4:05,富家岭提水,0.557
2026/4/14 4:00,富家岭提水,0.557
2026/4/14 3:55,富家岭提水,0.557
2026/4/14 3:50,富家岭提水,0.557
2026/4/14 3:45,富家岭提水,0.557
2026/4/14 3:40,富家岭提水,0.557
2026/4/14 3:35,富家岭提水,0.557
2026/4/14 3:30,富家岭提水,0.557
2026/4/14 3:25,富家岭提水,0.557
2026/4/14 3:20,富家岭提水,0.557
2026/4/14 3:15,富家岭提水,0.557
2026/4/14 3:10,富家岭提水,0.557
2026/4/14 3:05,富家岭提水,0.557
2026/4/14 3:00,富家岭提水,0.557
2026/4/14 2:55,富家岭提水,0.557
2026/4/14 2:50,富家岭提水,0.557
2026/4/14 2:45,富家岭提水,0.557
2026/4/14 2:40,富家岭提水,0.557
2026/4/14 2:35,富家岭提水,0.557
2026/4/14 2:30,富家岭提水,0.557
2026/4/14 2:25,富家岭提水,0.557
2026/4/14 2:20,富家岭提水,0.557
2026/4/14 2:15,富家岭提水,0.557
2026/4/14 2:10,富家岭提水,0.557
2026/4/14 2:05,富家岭提水,0.557
2026/4/14 2:00,富家岭提水,0.557
2026/4/14 1:55,富家岭提水,0.557
2026/4/14 1:50,富家岭提水,0.557
2026/4/14 1:45,富家岭提水,0.557
2026/4/14 1:40,富家岭提水,0.557
2026/4/14 1:35,富家岭提水,0.557
2026/4/14 1:30,富家岭提水,0.557
2026/4/14 1:25,富家岭提水,0.557
2026/4/14 1:20,富家岭提水,0.557
2026/4/14 1:15,富家岭提水,0.557
2026/4/14 1:10,富家岭提水,0.557
2026/4/14 1:05,富家岭提水,0.557
2026/4/14 1:00,富家岭提水,0.557
2026/4/14 0:55,富家岭提水,0.557
2026/4/14 0:50,富家岭提水,0.557
2026/4/14 0:45,富家岭提水,0.557
2026/4/14 0:40,富家岭提水,0.557
2026/4/14 0:35,富家岭提水,0.557
2026/4/14 0:30,富家岭提水,0.557
2026/4/14 0:25,富家岭提水,0.557
2026/4/14 0:20,富家岭提水,0.557
2026/4/14 0:15,富家岭提水,0.557
2026/4/14 0:10,富家岭提水,0.557
2026/4/14 0:05,富家岭提水,0.557
2026/4/14 0:00,富家岭提水,0.557
2026/4/21 18:06,总干管理站,0
2026/4/21 18:01,总干管理站,0
2026/4/21 17:56,总干管理站,0
2026/4/21 17:51,总干管理站,0
2026/4/21 17:46,总干管理站,0
2026/4/21 17:41,总干管理站,0
2026/4/21 17:36,总干管理站,0
2026/4/21 17:31,总干管理站,0
2026/4/21 17:26,总干管理站,0
2026/4/21 17:21,总干管理站,0
2026/4/21 17:16,总干管理站,0
2026/4/21 17:11,总干管理站,0
2026/4/21 17:06,总干管理站,0
2026/4/21 17:01,总干管理站,0
2026/4/21 16:56,总干管理站,0
2026/4/21 16:51,总干管理站,0
2026/4/21 16:46,总干管理站,0
2026/4/21 16:41,总干管理站,0
2026/4/21 16:36,总干管理站,0
2026/4/21 16:31,总干管理站,0
2026/4/21 16:25,总干管理站,0
2026/4/21 16:20,总干管理站,0
2026/4/21 16:15,总干管理站,0
2026/4/21 16:10,总干管理站,0
2026/4/21 16:05,总干管理站,0
2026/4/21 16:00,总干管理站,0
2026/4/21 15:55,总干管理站,0
2026/4/21 15:50,总干管理站,0
2026/4/21 15:45,总干管理站,0
2026/4/21 15:40,总干管理站,0
2026/4/21 15:35,总干管理站,0
2026/4/21 15:30,总干管理站,0
2026/4/21 15:25,总干管理站,0
2026/4/21 15:20,总干管理站,0
2026/4/21 15:15,总干管理站,0
2026/4/21 15:10,总干管理站,0
2026/4/21 15:05,总干管理站,0
2026/4/21 15:00,总干管理站,0
2026/4/21 14:55,总干管理站,0
2026/4/21 14:50,总干管理站,0
2026/4/21 14:45,总干管理站,0
2026/4/21 14:40,总干管理站,0
2026/4/21 14:35,总干管理站,0
2026/4/21 14:30,总干管理站,0
2026/4/21 14:25,总干管理站,0
2026/4/21 14:20,总干管理站,0
2026/4/21 14:15,总干管理站,0
2026/4/21 14:10,总干管理站,0
2026/4/21 14:05,总干管理站,0
2026/4/21 14:00,总干管理站,0
2026/4/21 13:55,总干管理站,0
2026/4/21 13:50,总干管理站,0
2026/4/21 13:45,总干管理站,0
2026/4/21 13:40,总干管理站,0
2026/4/21 13:35,总干管理站,0
2026/4/21 13:30,总干管理站,0
2026/4/21 13:25,总干管理站,0
2026/4/21 13:20,总干管理站,0
2026/4/21 13:15,总干管理站,0
2026/4/21 13:10,总干管理站,0
2026/4/21 13:05,总干管理站,0
2026/4/21 13:00,总干管理站,0
2026/4/21 12:55,总干管理站,0
2026/4/21 12:50,总干管理站,0
2026/4/21 12:45,总干管理站,0
2026/4/21 12:40,总干管理站,0
2026/4/21 12:35,总干管理站,0
2026/4/21 12:30,总干管理站,0
2026/4/21 12:25,总干管理站,0
2026/4/21 12:20,总干管理站,0
2026/4/21 12:15,总干管理站,0
2026/4/21 12:10,总干管理站,0
2026/4/21 12:05,总干管理站,0
2026/4/21 12:00,总干管理站,1.28
2026/4/21 11:55,总干管理站,1.277
2026/4/21 11:50,总干管理站,1.277
2026/4/21 11:45,总干管理站,1.277
2026/4/21 11:40,总干管理站,1.277
2026/4/21 11:35,总干管理站,1.277
2026/4/21 11:30,总干管理站,1.277
2026/4/21 11:25,总干管理站,1.277
2026/4/21 11:20,总干管理站,1.277
2026/4/21 11:14,总干管理站,1.274
2026/4/21 11:09,总干管理站,1.275
2026/4/21 11:04,总干管理站,1.274
2026/4/21 10:59,总干管理站,1.277
2026/4/21 10:54,总干管理站,1.277
2026/4/21 10:49,总干管理站,1.274
2026/4/21 10:44,总干管理站,1.277
2026/4/21 10:39,总干管理站,1.276
2026/4/21 10:34,总干管理站,1.274
2026/4/21 10:29,总干管理站,1.268
2026/4/21 10:24,总干管理站,1.274
2026/4/21 10:19,总干管理站,1.272
2026/4/21 10:14,总干管理站,1.275
2026/4/21 10:09,总干管理站,1.273
2026/4/21 10:04,总干管理站,2.625
2026/4/21 9:59,总干管理站,2.632
2026/4/21 9:54,总干管理站,2.631
2026/4/21 9:49,总干管理站,2.629
2026/4/21 9:44,总干管理站,2.635
2026/4/21 9:39,总干管理站,2.639
2026/4/21 9:34,总干管理站,2.631
2026/4/21 9:29,总干管理站,2.636
2026/4/21 9:24,总干管理站,2.636
2026/4/21 9:19,总干管理站,2.627
2026/4/21 9:14,总干管理站,2.633
2026/4/21 9:09,总干管理站,2.637
2026/4/21 9:04,总干管理站,2.631
2026/4/21 8:59,总干管理站,2.638
2026/4/21 8:54,总干管理站,2.629
2026/4/21 8:49,总干管理站,2.639
2026/4/21 8:44,总干管理站,2.639
2026/4/21 8:39,总干管理站,2.638
2026/4/21 8:34,总干管理站,2.637
2026/4/21 8:29,总干管理站,2.635
2026/4/21 8:24,总干管理站,2.636
2026/4/21 8:19,总干管理站,2.64
2026/4/21 8:14,总干管理站,2.642
2026/4/21 8:09,总干管理站,2.639
2026/4/21 8:04,总干管理站,2.632
2026/4/21 7:59,总干管理站,2.632
2026/4/21 7:54,总干管理站,2.64
2026/4/21 7:49,总干管理站,2.639
2026/4/21 7:44,总干管理站,2.633
2026/4/21 7:39,总干管理站,2.639
2026/4/21 7:34,总干管理站,2.635
2026/4/21 7:29,总干管理站,2.634
2026/4/21 7:24,总干管理站,2.635
2026/4/21 7:19,总干管理站,2.646
2026/4/21 7:14,总干管理站,2.64
2026/4/21 7:09,总干管理站,2.636
2026/4/21 7:04,总干管理站,2.634
2026/4/21 6:59,总干管理站,2.641
2026/4/21 6:54,总干管理站,2.624
2026/4/21 6:49,总干管理站,2.551
2026/4/21 6:44,总干管理站,2.55
2026/4/21 6:39,总干管理站,2.553
2026/4/21 6:34,总干管理站,2.545
2026/4/21 6:29,总干管理站,2.548
2026/4/21 6:24,总干管理站,2.549
2026/4/21 6:19,总干管理站,2.55
2026/4/21 6:14,总干管理站,2.542
2026/4/21 6:09,总干管理站,2.55
2026/4/21 6:04,总干管理站,2.539
2026/4/21 5:59,总干管理站,2.549
2026/4/21 5:54,总干管理站,2.545
2026/4/21 5:49,总干管理站,2.547
2026/4/21 5:44,总干管理站,2.546
2026/4/21 5:39,总干管理站,2.547
2026/4/21 5:34,总干管理站,2.544
2026/4/21 5:29,总干管理站,2.546
2026/4/21 5:24,总干管理站,2.553
2026/4/21 5:19,总干管理站,2.549
2026/4/21 5:14,总干管理站,2.549
2026/4/21 5:09,总干管理站,2.547
2026/4/21 5:04,总干管理站,2.55
2026/4/21 4:59,总干管理站,2.546
2026/4/21 4:54,总干管理站,2.55
2026/4/21 4:49,总干管理站,2.551
2026/4/21 4:44,总干管理站,2.554
2026/4/21 4:39,总干管理站,2.549
2026/4/21 4:34,总干管理站,2.548
2026/4/21 4:29,总干管理站,2.55
2026/4/21 4:24,总干管理站,2.541
2026/4/21 4:19,总干管理站,2.546
2026/4/21 4:14,总干管理站,2.545
2026/4/21 4:09,总干管理站,2.552
2026/4/21 4:04,总干管理站,2.551
2026/4/21 3:59,总干管理站,2.503
2026/4/21 3:54,总干管理站,2.505
2026/4/21 3:49,总干管理站,2.5
2026/4/21 3:44,总干管理站,2.508
2026/4/21 3:39,总干管理站,2.511
2026/4/21 3:34,总干管理站,2.504
2026/4/21 3:29,总干管理站,2.503
2026/4/21 3:24,总干管理站,2.5
2026/4/21 3:19,总干管理站,2.508
2026/4/21 3:14,总干管理站,2.509
2026/4/21 3:08,总干管理站,2.51
2026/4/21 3:03,总干管理站,2.501
2026/4/21 2:58,总干管理站,2.511
2026/4/21 2:53,总干管理站,2.5
2026/4/21 2:48,总干管理站,2.504
2026/4/21 2:43,总干管理站,2.505
2026/4/21 2:38,总干管理站,2.503
2026/4/21 2:33,总干管理站,2.512
2026/4/21 2:28,总干管理站,2.504
2026/4/21 2:23,总干管理站,2.499
2026/4/21 2:18,总干管理站,2.503
2026/4/21 2:13,总干管理站,2.501
2026/4/21 2:08,总干管理站,2.508
2026/4/21 2:03,总干管理站,2.503
2026/4/21 1:58,总干管理站,2.503
2026/4/21 1:53,总干管理站,2.5
2026/4/21 1:48,总干管理站,2.504
2026/4/21 1:43,总干管理站,2.505
2026/4/21 1:38,总干管理站,2.505
2026/4/21 1:33,总干管理站,2.508
2026/4/21 1:28,总干管理站,2.505
2026/4/21 1:23,总干管理站,2.511
2026/4/21 1:18,总干管理站,2.505
2026/4/21 1:13,总干管理站,2.501
2026/4/21 1:08,总干管理站,2.501
2026/4/21 1:03,总干管理站,2.506
2026/4/21 0:58,总干管理站,2.496
2026/4/21 0:53,总干管理站,2.505
2026/4/21 0:48,总干管理站,2.505
2026/4/21 0:43,总干管理站,2.509
2026/4/21 0:38,总干管理站,2.509
2026/4/21 0:33,总干管理站,2.508
2026/4/21 0:28,总干管理站,2.482
2026/4/21 0:23,总干管理站,2.479
2026/4/21 0:18,总干管理站,2.484
2026/4/21 0:13,总干管理站,2.486
2026/4/21 0:08,总干管理站,2.481
2026/4/21 0:03,总干管理站,2.476
2026/4/20 23:58,总干管理站,2.488
2026/4/20 23:53,总干管理站,2.478
2026/4/20 23:48,总干管理站,2.493
2026/4/20 23:43,总干管理站,2.488
2026/4/20 23:38,总干管理站,2.487
2026/4/20 23:33,总干管理站,2.492
2026/4/20 23:28,总干管理站,2.489
2026/4/20 23:23,总干管理站,2.491
2026/4/20 23:18,总干管理站,2.489
2026/4/20 23:13,总干管理站,2.491
2026/4/20 23:08,总干管理站,2.486
2026/4/20 23:01,总干管理站,2.484
2026/4/20 22:57,总干管理站,2.485
2026/4/20 22:52,总干管理站,2.485
2026/4/20 22:47,总干管理站,2.488
2026/4/20 22:42,总干管理站,2.49
2026/4/20 22:37,总干管理站,2.489
2026/4/20 22:32,总干管理站,2.491
2026/4/20 22:27,总干管理站,2.475
2026/4/20 22:22,总干管理站,2.425
2026/4/20 22:17,总干管理站,2.418
2026/4/20 22:12,总干管理站,2.424
2026/4/20 22:07,总干管理站,2.421
2026/4/20 22:02,总干管理站,2.419
2026/4/20 21:57,总干管理站,2.418
2026/4/20 21:52,总干管理站,2.423
2026/4/20 21:47,总干管理站,2.429
2026/4/20 21:42,总干管理站,2.431
2026/4/20 21:37,总干管理站,2.422
2026/4/20 21:32,总干管理站,2.433
2026/4/20 21:27,总干管理站,2.423
2026/4/20 21:22,总干管理站,2.424
2026/4/20 21:17,总干管理站,2.423
2026/4/20 21:12,总干管理站,2.425
2026/4/20 21:07,总干管理站,2.421
2026/4/20 21:02,总干管理站,2.421
2026/4/20 20:57,总干管理站,2.43
2026/4/20 20:52,总干管理站,2.426
2026/4/20 20:47,总干管理站,2.426
2026/4/20 20:42,总干管理站,2.416
2026/4/20 20:37,总干管理站,2.423
2026/4/20 20:32,总干管理站,2.426
2026/4/20 20:27,总干管理站,2.434
2026/4/20 20:21,总干管理站,2.416
2026/4/20 20:16,总干管理站,2.421
2026/4/20 20:11,总干管理站,2.422
2026/4/20 20:06,总干管理站,2.422
2026/4/20 20:01,总干管理站,2.426
2026/4/20 19:56,总干管理站,2.422
2026/4/20 19:51,总干管理站,2.419
2026/4/20 19:46,总干管理站,2.42
2026/4/20 19:41,总干管理站,2.429
2026/4/20 19:36,总干管理站,2.428
2026/4/20 19:31,总干管理站,2.427
2026/4/20 19:26,总干管理站,2.379
2026/4/20 19:21,总干管理站,2.37
2026/4/20 19:16,总干管理站,2.373
2026/4/20 19:11,总干管理站,2.373
2026/4/20 19:06,总干管理站,2.376
2026/4/20 19:01,总干管理站,2.38
2026/4/20 18:56,总干管理站,2.379
2026/4/20 18:51,总干管理站,2.375
2026/4/20 18:46,总干管理站,2.371
2026/4/20 18:41,总干管理站,2.373
2026/4/20 18:36,总干管理站,2.374
2026/4/20 18:31,总干管理站,2.377
2026/4/20 18:26,总干管理站,2.379
2026/4/20 18:21,总干管理站,2.377
2026/4/20 18:16,总干管理站,2.375
2026/4/20 18:11,总干管理站,2.374
2026/4/20 18:06,总干管理站,2.374
2026/4/20 18:01,总干管理站,2.378
2026/4/20 17:56,总干管理站,2.371
2026/4/20 17:51,总干管理站,2.378
2026/4/20 17:46,总干管理站,2.374
2026/4/20 17:41,总干管理站,2.373
2026/4/20 17:36,总干管理站,2.375
2026/4/20 17:31,总干管理站,2.384
2026/4/20 17:26,总干管理站,2.379
2026/4/20 17:21,总干管理站,2.375
2026/4/20 17:16,总干管理站,2.379
2026/4/20 17:11,总干管理站,2.382
2026/4/20 17:06,总干管理站,2.385
2026/4/20 17:01,总干管理站,2.355
2026/4/20 16:56,总干管理站,2.361
2026/4/20 16:51,总干管理站,2.367
2026/4/20 16:46,总干管理站,2.364
2026/4/20 16:41,总干管理站,2.368
2026/4/20 16:36,总干管理站,2.362
2026/4/20 16:30,总干管理站,2.354
2026/4/20 16:25,总干管理站,2.375
2026/4/20 16:20,总干管理站,2.368
2026/4/20 16:15,总干管理站,2.36
2026/4/20 16:10,总干管理站,2.358
2026/4/20 16:05,总干管理站,2.375
2026/4/20 16:00,总干管理站,2.366
2026/4/20 15:55,总干管理站,2.353
2026/4/20 15:50,总干管理站,2.371
2026/4/20 15:45,总干管理站,2.372
2026/4/20 15:40,总干管理站,2.383
2026/4/20 15:35,总干管理站,2.383
2026/4/20 15:30,总干管理站,2.364
2026/4/20 15:25,总干管理站,2.369
2026/4/20 15:20,总干管理站,2.368
2026/4/20 15:15,总干管理站,2.373
2026/4/20 15:10,总干管理站,2.383
2026/4/20 15:05,总干管理站,2.38
2026/4/20 15:00,总干管理站,2.379
2026/4/20 14:55,总干管理站,2.368
2026/4/20 14:50,总干管理站,2.352
2026/4/20 14:45,总干管理站,2.332
2026/4/20 14:40,总干管理站,2.372
2026/4/20 14:35,总干管理站,2.384
2026/4/20 14:30,总干管理站,2.439
2026/4/20 14:25,总干管理站,2.384
2026/4/20 14:20,总干管理站,2.356
2026/4/20 14:15,总干管理站,2.384
2026/4/20 14:10,总干管理站,2.37
2026/4/20 14:05,总干管理站,2.376
2026/4/20 14:00,总干管理站,2.389
2026/4/20 13:55,总干管理站,2.364
2026/4/20 13:50,总干管理站,2.368
2026/4/20 13:45,总干管理站,2.388
2026/4/20 13:40,总干管理站,2.359
2026/4/20 13:35,总干管理站,2.371
2026/4/20 13:30,总干管理站,2.341
2026/4/20 13:25,总干管理站,2.364
2026/4/20 13:20,总干管理站,2.354
2026/4/20 13:15,总干管理站,2.373
2026/4/20 13:10,总干管理站,2.38
2026/4/20 13:05,总干管理站,2.393
2026/4/20 13:00,总干管理站,2.349
2026/4/20 12:55,总干管理站,2.367
2026/4/20 12:49,总干管理站,2.367
2026/4/20 12:44,总干管理站,2.368
2026/4/20 12:39,总干管理站,2.394
2026/4/20 12:34,总干管理站,2.389
2026/4/20 12:29,总干管理站,2.386
2026/4/20 12:24,总干管理站,2.401
2026/4/20 12:19,总干管理站,2.4
2026/4/20 12:14,总干管理站,2.394
2026/4/20 12:09,总干管理站,2.393
2026/4/20 12:04,总干管理站,2.388
2026/4/20 11:59,总干管理站,2.397
2026/4/20 11:54,总干管理站,2.408
2026/4/20 11:49,总干管理站,2.373
2026/4/20 11:44,总干管理站,2.396
2026/4/20 11:39,总干管理站,2.388
2026/4/20 11:34,总干管理站,2.381
2026/4/20 11:29,总干管理站,2.385
2026/4/20 11:24,总干管理站,2.402
2026/4/20 11:19,总干管理站,2.379
2026/4/20 11:14,总干管理站,2.388
2026/4/20 11:09,总干管理站,2.391
2026/4/20 11:04,总干管理站,2.381
2026/4/20 10:59,总干管理站,2.386
2026/4/20 10:54,总干管理站,2.388
2026/4/20 10:49,总干管理站,2.393
2026/4/20 10:44,总干管理站,2.392
2026/4/20 10:39,总干管理站,2.387
2026/4/20 10:34,总干管理站,2.39
2026/4/20 10:29,总干管理站,2.385
2026/4/20 10:23,总干管理站,2.386
2026/4/20 10:18,总干管理站,2.386
2026/4/20 10:13,总干管理站,2.385
2026/4/20 10:08,总干管理站,2.388
2026/4/20 10:03,总干管理站,2.383
2026/4/20 9:58,总干管理站,2.386
2026/4/20 9:53,总干管理站,2.385
2026/4/20 9:48,总干管理站,2.387
2026/4/20 9:43,总干管理站,2.385
2026/4/20 9:38,总干管理站,2.393
2026/4/20 9:33,总干管理站,2.391
2026/4/20 9:28,总干管理站,2.392
2026/4/20 9:23,总干管理站,2.386
2026/4/20 9:18,总干管理站,2.394
2026/4/20 9:13,总干管理站,2.33
2026/4/20 9:08,总干管理站,2.345
2026/4/20 9:03,总干管理站,2.33
2026/4/20 8:58,总干管理站,2.335
2026/4/20 8:52,总干管理站,2.337
2026/4/20 8:47,总干管理站,2.336
2026/4/20 8:42,总干管理站,2.342
2026/4/20 8:37,总干管理站,2.33
2026/4/20 8:32,总干管理站,2.335
2026/4/20 8:27,总干管理站,2.33
2026/4/20 8:22,总干管理站,2.333
2026/4/20 8:17,总干管理站,2.33
2026/4/20 8:12,总干管理站,2.324
2026/4/20 8:07,总干管理站,2.322
2026/4/20 8:02,总干管理站,2.327
2026/4/20 7:57,总干管理站,2.336
2026/4/20 7:52,总干管理站,2.366
2026/4/20 7:47,总干管理站,2.376
2026/4/20 7:42,总干管理站,2.369
2026/4/20 7:37,总干管理站,2.378
2026/4/20 7:32,总干管理站,2.366
2026/4/20 7:27,总干管理站,2.377
2026/4/20 7:22,总干管理站,2.371
2026/4/20 7:16,总干管理站,2.383
2026/4/20 7:11,总干管理站,2.372
2026/4/20 7:06,总干管理站,2.378
2026/4/20 7:01,总干管理站,2.376
2026/4/20 6:56,总干管理站,2.371
2026/4/20 6:51,总干管理站,2.373
2026/4/20 6:46,总干管理站,2.371
2026/4/20 6:41,总干管理站,2.371
2026/4/20 6:36,总干管理站,2.373
2026/4/20 6:31,总干管理站,2.369
2026/4/20 6:26,总干管理站,2.377
2026/4/20 6:21,总干管理站,2.37
2026/4/20 6:16,总干管理站,2.375
2026/4/20 6:11,总干管理站,2.372
2026/4/20 6:06,总干管理站,2.376
2026/4/20 6:01,总干管理站,2.366
2026/4/20 5:56,总干管理站,2.373
2026/4/20 5:51,总干管理站,2.371
2026/4/20 5:46,总干管理站,2.369
2026/4/20 5:41,总干管理站,2.367
2026/4/20 5:36,总干管理站,2.373
2026/4/20 5:31,总干管理站,2.375
2026/4/20 5:26,总干管理站,2.37
2026/4/20 5:21,总干管理站,2.375
2026/4/20 5:16,总干管理站,2.381
2026/4/20 5:11,总干管理站,2.371
2026/4/20 5:06,总干管理站,2.377
2026/4/20 5:01,总干管理站,2.37
2026/4/20 4:56,总干管理站,2.371
2026/4/20 4:51,总干管理站,2.367
2026/4/20 4:46,总干管理站,2.373
2026/4/20 4:41,总干管理站,2.371
2026/4/20 4:36,总干管理站,2.371
2026/4/20 4:31,总干管理站,2.37
2026/4/20 4:26,总干管理站,2.371
2026/4/20 4:21,总干管理站,2.366
2026/4/20 4:16,总干管理站,2.369
2026/4/20 4:11,总干管理站,2.367
2026/4/20 4:06,总干管理站,2.371
2026/4/20 4:01,总干管理站,2.366
2026/4/20 3:56,总干管理站,2.372
2026/4/20 3:50,总干管理站,2.368
2026/4/20 3:45,总干管理站,2.367
2026/4/20 3:40,总干管理站,2.374
2026/4/20 3:35,总干管理站,2.365
2026/4/20 3:30,总干管理站,2.363
2026/4/20 3:25,总干管理站,2.369
2026/4/20 3:20,总干管理站,2.364
2026/4/20 3:15,总干管理站,2.369
2026/4/20 3:10,总干管理站,2.375
2026/4/20 3:05,总干管理站,2.373
2026/4/20 3:00,总干管理站,2.36
2026/4/20 2:55,总干管理站,2.361
2026/4/20 2:50,总干管理站,2.364
2026/4/20 2:45,总干管理站,2.362
2026/4/20 2:40,总干管理站,2.362
2026/4/20 2:35,总干管理站,2.365
2026/4/20 2:30,总干管理站,2.363
2026/4/20 2:25,总干管理站,2.363
2026/4/20 2:20,总干管理站,2.359
2026/4/20 2:15,总干管理站,2.361
2026/4/20 2:10,总干管理站,2.356
2026/4/20 2:05,总干管理站,2.357
2026/4/20 2:00,总干管理站,2.356
2026/4/20 1:55,总干管理站,2.358
2026/4/20 1:50,总干管理站,2.354
2026/4/20 1:45,总干管理站,2.352
2026/4/20 1:40,总干管理站,2.356
2026/4/20 1:35,总干管理站,2.352
2026/4/20 1:30,总干管理站,2.37
2026/4/20 1:25,总干管理站,3.615
2026/4/20 1:20,总干管理站,3.683
2026/4/20 1:15,总干管理站,3.688
2026/4/20 1:10,总干管理站,3.681
2026/4/20 1:05,总干管理站,3.691
2026/4/20 1:00,总干管理站,3.691
2026/4/20 0:55,总干管理站,3.691
2026/4/20 0:50,总干管理站,3.683
2026/4/20 0:45,总干管理站,3.683
2026/4/20 0:40,总干管理站,3.672
2026/4/20 0:35,总干管理站,3.671
2026/4/20 0:30,总干管理站,3.67
2026/4/20 0:25,总干管理站,3.662
2026/4/20 0:20,总干管理站,3.659
2026/4/20 0:15,总干管理站,3.668
2026/4/20 0:10,总干管理站,3.668
2026/4/20 0:05,总干管理站,3.659
2026/4/20 0:00,总干管理站,3.666
2026/4/19 23:55,总干管理站,3.658
2026/4/19 23:50,总干管理站,3.659
2026/4/19 23:45,总干管理站,3.672
2026/4/19 23:40,总干管理站,3.67
2026/4/19 23:35,总干管理站,3.67
2026/4/19 23:30,总干管理站,3.669
2026/4/19 23:25,总干管理站,3.671
2026/4/19 23:20,总干管理站,3.665
2026/4/19 23:15,总干管理站,3.663
2026/4/19 23:10,总干管理站,3.662
2026/4/19 23:02,总干管理站,3.67
2026/4/19 23:00,总干管理站,3.669
2026/4/19 22:55,总干管理站,3.678
2026/4/19 22:50,总干管理站,3.676
2026/4/19 22:45,总干管理站,3.67
2026/4/19 22:40,总干管理站,3.673
2026/4/19 22:35,总干管理站,3.67
2026/4/19 22:30,总干管理站,3.632
2026/4/19 22:25,总干管理站,3.631
2026/4/19 22:20,总干管理站,3.621
2026/4/19 22:15,总干管理站,3.638
2026/4/19 22:10,总干管理站,3.638
2026/4/19 22:05,总干管理站,3.619
2026/4/19 22:00,总干管理站,3.627
2026/4/19 21:55,总干管理站,3.627
2026/4/19 21:50,总干管理站,3.635
2026/4/19 21:45,总干管理站,3.634
2026/4/19 21:39,总干管理站,3.639
2026/4/19 21:35,总干管理站,3.64
2026/4/19 21:30,总干管理站,3.632
2026/4/19 21:25,总干管理站,3.637
2026/4/19 21:20,总干管理站,3.629
2026/4/19 21:15,总干管理站,3.588
2026/4/19 21:10,总干管理站,3.576
2026/4/19 21:04,总干管理站,3.589
2026/4/19 21:00,总干管理站,3.576
2026/4/19 20:55,总干管理站,3.588
2026/4/19 20:50,总干管理站,3.593
2026/4/19 20:45,总干管理站,3.578
2026/4/19 20:40,总干管理站,3.58
2026/4/19 20:35,总干管理站,3.59
2026/4/19 20:30,总干管理站,3.577
2026/4/19 20:25,总干管理站,3.575
2026/4/19 20:20,总干管理站,3.586
2026/4/19 20:14,总干管理站,3.579
2026/4/19 20:10,总干管理站,3.589
2026/4/19 20:05,总干管理站,3.577
2026/4/19 20:00,总干管理站,3.589
2026/4/19 19:55,总干管理站,3.58
2026/4/19 19:49,总干管理站,3.58
2026/4/19 19:45,总干管理站,3.584
2026/4/19 19:40,总干管理站,3.586
2026/4/19 19:34,总干管理站,3.594
2026/4/19 19:29,总干管理站,3.593
2026/4/19 19:24,总干管理站,3.551
2026/4/19 19:19,总干管理站,3.559
2026/4/19 19:14,总干管理站,3.55
2026/4/19 19:09,总干管理站,3.556
2026/4/19 19:04,总干管理站,3.558
2026/4/19 18:59,总干管理站,3.553
2026/4/19 18:54,总干管理站,3.563
2026/4/19 18:49,总干管理站,3.547
2026/4/19 18:44,总干管理站,3.545
2026/4/19 18:39,总干管理站,3.546
2026/4/19 18:34,总干管理站,3.555
2026/4/19 18:29,总干管理站,3.552
2026/4/19 18:24,总干管理站,3.59
2026/4/19 18:19,总干管理站,3.458
2026/4/19 18:14,总干管理站,3.47
2026/4/19 18:09,总干管理站,3.46
2026/4/19 18:04,总干管理站,3.471
2026/4/19 17:59,总干管理站,3.458
2026/4/19 17:54,总干管理站,3.475
2026/4/19 17:49,总干管理站,3.462
2026/4/19 17:44,总干管理站,3.466
2026/4/19 17:39,总干管理站,3.467
2026/4/19 17:34,总干管理站,3.471
2026/4/19 17:28,总干管理站,3.447
2026/4/19 17:23,总干管理站,3.429
2026/4/19 17:18,总干管理站,3.433
2026/4/19 17:13,总干管理站,3.433
2026/4/19 17:08,总干管理站,3.418
2026/4/19 17:03,总干管理站,3.417
2026/4/19 16:58,总干管理站,3.44
2026/4/19 16:53,总干管理站,3.433
2026/4/19 16:48,总干管理站,3.424
2026/4/19 16:43,总干管理站,3.422
2026/4/19 16:38,总干管理站,3.425
2026/4/19 16:33,总干管理站,3.387
2026/4/19 16:28,总干管理站,3.377
2026/4/19 16:23,总干管理站,3.377
2026/4/19 16:18,总干管理站,3.372
2026/4/19 16:13,总干管理站,3.377
2026/4/19 16:08,总干管理站,3.379
2026/4/19 16:03,总干管理站,3.391
2026/4/19 15:58,总干管理站,3.382
2026/4/19 15:53,总干管理站,3.342
2026/4/19 15:48,总干管理站,3.353
2026/4/19 15:43,总干管理站,3.343
2026/4/19 15:38,总干管理站,3.345
2026/4/19 15:33,总干管理站,3.341
2026/4/19 15:28,总干管理站,3.321
2026/4/19 15:23,总干管理站,3.308
2026/4/19 15:18,总干管理站,3.359
2026/4/19 15:13,总干管理站,3.356
2026/4/19 15:08,总干管理站,3.34
2026/4/19 15:02,总干管理站,3.355
2026/4/19 14:57,总干管理站,3.344
2026/4/19 14:53,总干管理站,3.356
2026/4/19 14:48,总干管理站,3.356
2026/4/19 14:43,总干管理站,3.362
2026/4/19 14:38,总干管理站,3.356
2026/4/19 14:33,总干管理站,3.349
2026/4/19 14:28,总干管理站,3.357
2026/4/19 14:23,总干管理站,3.325
2026/4/19 14:17,总干管理站,3.327
2026/4/19 14:12,总干管理站,3.344
2026/4/19 14:07,总干管理站,3.345
2026/4/19 14:02,总干管理站,3.339
2026/4/19 13:57,总干管理站,3.35
2026/4/19 13:52,总干管理站,3.345
2026/4/19 13:47,总干管理站,3.358
2026/4/19 13:42,总干管理站,3.336
2026/4/19 13:37,总干管理站,3.34
2026/4/19 13:32,总干管理站,3.371
2026/4/19 13:27,总干管理站,3.386
2026/4/19 13:22,总干管理站,3.314
2026/4/19 13:17,总干管理站,3.332
2026/4/19 13:12,总干管理站,3.344
2026/4/19 13:07,总干管理站,3.33
2026/4/19 13:02,总干管理站,3.305
2026/4/19 12:57,总干管理站,3.324
2026/4/19 12:52,总干管理站,3.386
2026/4/19 12:47,总干管理站,3.395
2026/4/19 12:42,总干管理站,3.386
2026/4/19 12:37,总干管理站,3.38
2026/4/19 12:32,总干管理站,3.386
2026/4/19 12:27,总干管理站,3.369
2026/4/19 12:22,总干管理站,3.376
2026/4/19 12:17,总干管理站,3.385
2026/4/19 12:12,总干管理站,3.393
2026/4/19 12:07,总干管理站,3.388
2026/4/19 12:02,总干管理站,3.385
2026/4/19 11:57,总干管理站,3.401
2026/4/19 11:52,总干管理站,3.408
2026/4/19 11:47,总干管理站,3.374
2026/4/19 11:42,总干管理站,3.401
2026/4/19 11:37,总干管理站,3.386
2026/4/19 11:32,总干管理站,3.388
2026/4/19 11:27,总干管理站,3.4
2026/4/19 11:22,总干管理站,3.392
2026/4/19 11:17,总干管理站,3.391
2026/4/19 11:12,总干管理站,3.395
2026/4/19 11:07,总干管理站,3.392
2026/4/19 11:02,总干管理站,3.387
2026/4/19 10:57,总干管理站,3.388
2026/4/19 10:52,总干管理站,3.4
2026/4/19 10:47,总干管理站,3.398
2026/4/19 10:42,总干管理站,3.398
2026/4/19 10:36,总干管理站,3.397
2026/4/19 10:31,总干管理站,3.406
2026/4/19 10:26,总干管理站,3.395
2026/4/19 10:21,总干管理站,3.398
2026/4/19 10:16,总干管理站,3.389
2026/4/19 10:11,总干管理站,3.392
2026/4/19 10:06,总干管理站,3.385
2026/4/19 10:01,总干管理站,3.378
2026/4/19 9:56,总干管理站,2.59
2026/4/19 9:51,总干管理站,2.078
2026/4/19 9:46,总干管理站,2.072
2026/4/19 9:41,总干管理站,2.087
2026/4/19 9:36,总干管理站,2.078
2026/4/19 9:31,总干管理站,2.055
2026/4/19 9:26,总干管理站,2.065
2026/4/19 9:21,总干管理站,2.061
2026/4/19 9:16,总干管理站,2.054
2026/4/19 9:11,总干管理站,2.055
2026/4/19 9:06,总干管理站,2.051
2026/4/19 9:01,总干管理站,2.048
2026/4/19 8:56,总干管理站,2.051
2026/4/19 8:51,总干管理站,2.047
2026/4/19 8:46,总干管理站,2.076
2026/4/19 8:41,总干管理站,2.079
2026/4/19 8:36,总干管理站,2.066
2026/4/19 8:31,总干管理站,2.075
2026/4/19 8:26,总干管理站,2.053
2026/4/19 8:21,总干管理站,2.059
2026/4/19 8:16,总干管理站,2.06
2026/4/19 8:11,总干管理站,2.068
2026/4/19 8:06,总干管理站,2.07
2026/4/19 8:01,总干管理站,2.055
2026/4/19 7:56,总干管理站,2.08
2026/4/19 7:50,总干管理站,2.06
2026/4/19 7:45,总干管理站,2.055
2026/4/19 7:40,总干管理站,2.057
2026/4/19 7:35,总干管理站,2.065
2026/4/19 7:30,总干管理站,2.067
2026/4/19 7:25,总干管理站,2.071
2026/4/19 7:20,总干管理站,2.067
2026/4/19 7:15,总干管理站,2.052
2026/4/19 7:10,总干管理站,2.06
2026/4/19 7:05,总干管理站,2.091
2026/4/19 7:00,总干管理站,2.095
2026/4/19 6:55,总干管理站,2.092
2026/4/19 6:50,总干管理站,2.098
2026/4/19 6:45,总干管理站,2.099
2026/4/19 6:40,总干管理站,2.096
2026/4/19 6:35,总干管理站,2.098
2026/4/19 6:30,总干管理站,2.079
2026/4/19 6:25,总干管理站,2.083
2026/4/19 6:20,总干管理站,2.096
2026/4/19 6:15,总干管理站,2.09
2026/4/19 6:10,总干管理站,2.083
2026/4/19 6:05,总干管理站,2.077
2026/4/19 6:00,总干管理站,2.087
2026/4/19 5:55,总干管理站,2.085
2026/4/19 5:50,总干管理站,2.084
2026/4/19 5:45,总干管理站,2.076
2026/4/19 5:40,总干管理站,2.082
2026/4/19 5:35,总干管理站,2.094
2026/4/19 5:30,总干管理站,2.082
2026/4/19 5:25,总干管理站,2.076
2026/4/19 5:20,总干管理站,2.084
2026/4/19 5:15,总干管理站,2.145
2026/4/19 5:10,总干管理站,3.439
2026/4/19 5:05,总干管理站,3.447
2026/4/19 5:00,总干管理站,3.437
2026/4/19 4:54,总干管理站,3.452
2026/4/19 4:50,总干管理站,3.428
2026/4/19 4:45,总干管理站,3.438
2026/4/19 4:39,总干管理站,3.452
2026/4/19 4:35,总干管理站,3.447
2026/4/19 4:30,总干管理站,3.445
2026/4/19 4:25,总干管理站,3.452
2026/4/19 4:20,总干管理站,3.448
2026/4/19 4:15,总干管理站,3.46
2026/4/19 4:10,总干管理站,3.461
2026/4/19 4:05,总干管理站,3.458
2026/4/19 4:00,总干管理站,3.472
2026/4/19 3:55,总干管理站,3.47
2026/4/19 3:50,总干管理站,3.468
2026/4/19 3:45,总干管理站,3.473
2026/4/19 3:40,总干管理站,3.458
2026/4/19 3:35,总干管理站,3.464
2026/4/19 3:30,总干管理站,3.469
2026/4/19 3:25,总干管理站,3.47
2026/4/19 3:20,总干管理站,3.467
2026/4/19 3:15,总干管理站,3.474
2026/4/19 3:10,总干管理站,3.471
2026/4/19 3:04,总干管理站,3.487
2026/4/19 3:00,总干管理站,3.471
2026/4/19 2:55,总干管理站,3.476
2026/4/19 2:50,总干管理站,3.472
2026/4/19 2:45,总干管理站,3.468
2026/4/19 2:40,总干管理站,3.476
2026/4/19 2:35,总干管理站,3.471
2026/4/19 2:30,总干管理站,3.476
2026/4/19 2:24,总干管理站,3.49
2026/4/19 2:19,总干管理站,3.481
2026/4/19 2:14,总干管理站,3.481
2026/4/19 2:09,总干管理站,3.472
2026/4/19 2:04,总干管理站,3.472
2026/4/19 1:59,总干管理站,3.473
2026/4/19 1:54,总干管理站,3.474
2026/4/19 1:49,总干管理站,3.481
2026/4/19 1:44,总干管理站,3.474
2026/4/19 1:39,总干管理站,3.465
2026/4/19 1:34,总干管理站,3.472
2026/4/19 1:29,总干管理站,3.473
2026/4/19 1:24,总干管理站,3.469
2026/4/19 1:19,总干管理站,3.465
2026/4/19 1:14,总干管理站,3.471
2026/4/19 1:09,总干管理站,3.481
2026/4/19 1:04,总干管理站,3.472
2026/4/19 0:59,总干管理站,3.476
2026/4/19 0:54,总干管理站,3.467
2026/4/19 0:49,总干管理站,3.48
2026/4/19 0:44,总干管理站,3.483
2026/4/19 0:39,总干管理站,3.481
2026/4/19 0:34,总干管理站,3.47
2026/4/19 0:29,总干管理站,3.487
2026/4/19 0:24,总干管理站,3.456
2026/4/19 0:19,总干管理站,3.475
2026/4/19 0:14,总干管理站,3.474
2026/4/19 0:09,总干管理站,3.482
2026/4/19 0:04,总干管理站,3.469
2026/4/18 23:59,总干管理站,3.486
2026/4/18 23:54,总干管理站,3.485
2026/4/18 23:49,总干管理站,3.486
2026/4/18 23:44,总干管理站,3.474
2026/4/18 23:39,总干管理站,3.47
2026/4/18 23:34,总干管理站,3.477
2026/4/18 23:29,总干管理站,3.475
2026/4/18 23:24,总干管理站,3.478
2026/4/18 23:19,总干管理站,3.476
2026/4/18 23:14,总干管理站,3.466
2026/4/18 23:09,总干管理站,3.48
2026/4/18 23:04,总干管理站,3.479
2026/4/18 22:59,总干管理站,3.471
2026/4/18 22:54,总干管理站,3.482
2026/4/18 22:48,总干管理站,3.48
2026/4/18 22:43,总干管理站,3.48
2026/4/18 22:38,总干管理站,3.467
2026/4/18 22:33,总干管理站,3.477
2026/4/18 22:28,总干管理站,3.48
2026/4/18 22:23,总干管理站,3.479
2026/4/18 22:18,总干管理站,3.472
2026/4/18 22:13,总干管理站,3.484
2026/4/18 22:08,总干管理站,3.474
2026/4/18 22:03,总干管理站,3.465
2026/4/18 21:58,总干管理站,3.489
2026/4/18 21:53,总干管理站,3.472
2026/4/18 21:48,总干管理站,3.475
2026/4/18 21:43,总干管理站,3.475
2026/4/18 21:38,总干管理站,3.489
2026/4/18 21:33,总干管理站,3.49
2026/4/18 21:28,总干管理站,3.485
2026/4/18 21:23,总干管理站,3.479
2026/4/18 21:18,总干管理站,3.472
2026/4/18 21:13,总干管理站,3.476
2026/4/18 21:08,总干管理站,3.484
2026/4/18 21:03,总干管理站,3.486
2026/4/18 20:58,总干管理站,3.477
2026/4/18 20:53,总干管理站,3.471
2026/4/18 20:48,总干管理站,3.48
2026/4/18 20:43,总干管理站,3.469
2026/4/18 20:38,总干管理站,3.463
2026/4/18 20:33,总干管理站,3.459
2026/4/18 20:28,总干管理站,3.453
2026/4/18 20:23,总干管理站,3.437
2026/4/18 20:18,总干管理站,3.424
2026/4/18 20:13,总干管理站,3.439
2026/4/18 20:07,总干管理站,3.425
2026/4/18 20:02,总干管理站,3.422
2026/4/18 19:57,总干管理站,3.423
2026/4/18 19:52,总干管理站,3.437
2026/4/18 19:47,总干管理站,3.426
2026/4/18 19:42,总干管理站,3.432
2026/4/18 19:37,总干管理站,3.417
2026/4/18 19:32,总干管理站,3.433
2026/4/18 19:27,总干管理站,3.437
2026/4/18 19:22,总干管理站,3.439
2026/4/18 19:17,总干管理站,3.422
2026/4/18 19:12,总干管理站,3.433
2026/4/18 19:07,总干管理站,3.437
2026/4/18 19:02,总干管理站,3.423
2026/4/18 18:57,总干管理站,3.432
2026/4/18 18:52,总干管理站,3.431
2026/4/18 18:47,总干管理站,3.431
2026/4/18 18:42,总干管理站,3.418
2026/4/18 18:37,总干管理站,3.433
2026/4/18 18:32,总干管理站,3.406
2026/4/18 18:27,总干管理站,3.427
2026/4/18 18:22,总干管理站,3.435
2026/4/18 18:17,总干管理站,3.418
2026/4/18 18:12,总干管理站,3.322
2026/4/18 18:07,总干管理站,3.39
2026/4/18 18:02,总干管理站,3.358
2026/4/18 17:57,总干管理站,3.362
2026/4/18 17:52,总干管理站,3.364
2026/4/18 17:47,总干管理站,3.342
2026/4/18 17:42,总干管理站,3.357
2026/4/18 17:37,总干管理站,3.33
2026/4/18 17:32,总干管理站,3.357
2026/4/18 17:27,总干管理站,3.376
2026/4/18 17:22,总干管理站,3.354
2026/4/18 17:17,总干管理站,3.351
2026/4/18 17:12,总干管理站,3.366
2026/4/18 17:07,总干管理站,3.363
2026/4/18 17:02,总干管理站,3.373
2026/4/18 16:57,总干管理站,3.349
2026/4/18 16:52,总干管理站,3.246
2026/4/18 16:47,总干管理站,3.246
2026/4/18 16:42,总干管理站,3.252
2026/4/18 16:37,总干管理站,3.256
2026/4/18 16:32,总干管理站,3.24
2026/4/18 16:27,总干管理站,3.256
2026/4/18 16:22,总干管理站,3.253
2026/4/18 16:17,总干管理站,3.258
2026/4/18 16:12,总干管理站,3.258
2026/4/18 16:07,总干管理站,3.271
2026/4/18 16:02,总干管理站,3.272
2026/4/18 15:57,总干管理站,3.262
2026/4/18 15:52,总干管理站,3.262
2026/4/18 15:47,总干管理站,3.264
2026/4/18 15:42,总干管理站,3.257
2026/4/18 15:37,总干管理站,3.268
2026/4/18 15:32,总干管理站,3.266
2026/4/18 15:27,总干管理站,3.26
2026/4/18 15:22,总干管理站,3.26
2026/4/18 15:17,总干管理站,3.263
2026/4/18 15:12,总干管理站,3.257
2026/4/18 15:07,总干管理站,3.252
2026/4/18 15:02,总干管理站,3.269
2026/4/18 14:57,总干管理站,3.28
2026/4/18 14:52,总干管理站,3.246
2026/4/18 14:47,总干管理站,3.253
2026/4/18 14:42,总干管理站,3.255
2026/4/18 14:37,总干管理站,3.24
2026/4/18 14:32,总干管理站,3.264
2026/4/18 14:27,总干管理站,3.249
2026/4/18 14:22,总干管理站,3.263
2026/4/18 14:17,总干管理站,3.258
2026/4/18 14:12,总干管理站,3.244
2026/4/18 14:07,总干管理站,3.24
2026/4/18 14:02,总干管理站,3.23
2026/4/18 13:57,总干管理站,3.231
2026/4/18 13:52,总干管理站,3.228
2026/4/18 13:47,总干管理站,3.233
2026/4/18 13:42,总干管理站,3.236
2026/4/18 13:37,总干管理站,3.234
2026/4/18 13:31,总干管理站,3.249
2026/4/18 13:26,总干管理站,3.246
2026/4/18 13:21,总干管理站,3.207
2026/4/18 13:16,总干管理站,3.216
2026/4/18 13:11,总干管理站,3.241
2026/4/18 13:06,总干管理站,3.225
2026/4/18 13:01,总干管理站,3.227
2026/4/18 12:56,总干管理站,3.244
2026/4/18 12:51,总干管理站,3.254
2026/4/18 12:46,总干管理站,3.231
2026/4/18 12:41,总干管理站,3.225
2026/4/18 12:36,总干管理站,3.231
2026/4/18 12:31,总干管理站,3.244
2026/4/18 12:26,总干管理站,3.23
2026/4/18 12:21,总干管理站,3.242
2026/4/18 12:16,总干管理站,3.238
2026/4/18 12:11,总干管理站,3.235
2026/4/18 12:06,总干管理站,3.243
2026/4/18 12:01,总干管理站,3.246
2026/4/18 11:56,总干管理站,3.25
2026/4/18 11:51,总干管理站,3.259
2026/4/18 11:46,总干管理站,3.266
2026/4/18 11:41,总干管理站,3.257
2026/4/18 11:36,总干管理站,3.202
2026/4/18 11:31,总干管理站,1.932
2026/4/18 11:26,总干管理站,1.927
2026/4/18 11:21,总干管理站,1.929
2026/4/18 11:16,总干管理站,1.921
2026/4/18 11:11,总干管理站,1.925
2026/4/18 11:06,总干管理站,1.923
2026/4/18 11:01,总干管理站,1.919
2026/4/18 10:56,总干管理站,1.928
2026/4/18 10:51,总干管理站,1.922
2026/4/18 10:46,总干管理站,1.918
2026/4/18 10:41,总干管理站,1.92
2026/4/18 10:36,总干管理站,1.92
2026/4/18 10:31,总干管理站,1.918
2026/4/18 10:26,总干管理站,1.922
2026/4/18 10:21,总干管理站,1.923
2026/4/18 10:16,总干管理站,1.922
2026/4/18 10:11,总干管理站,1.92
2026/4/18 10:06,总干管理站,1.923
2026/4/18 10:01,总干管理站,1.917
2026/4/18 9:56,总干管理站,1.92
2026/4/18 9:51,总干管理站,1.923
2026/4/18 9:46,总干管理站,1.922
2026/4/18 9:41,总干管理站,1.925
2026/4/18 9:36,总干管理站,1.916
2026/4/18 9:31,总干管理站,1.917
2026/4/18 9:26,总干管理站,1.91
2026/4/18 9:21,总干管理站,1.915
2026/4/18 9:16,总干管理站,1.919
2026/4/18 9:11,总干管理站,1.913
2026/4/18 9:06,总干管理站,1.919
2026/4/18 9:01,总干管理站,1.913
2026/4/18 8:56,总干管理站,1.907
2026/4/18 8:51,总干管理站,1.912
2026/4/18 8:46,总干管理站,1.903
2026/4/18 8:41,总干管理站,1.936
2026/4/18 8:35,总干管理站,1.959
2026/4/18 8:30,总干管理站,1.963
2026/4/18 8:25,总干管理站,1.961
2026/4/18 8:20,总干管理站,1.967
2026/4/18 8:15,总干管理站,1.976
2026/4/18 8:10,总干管理站,1.97
2026/4/18 8:05,总干管理站,1.975
2026/4/18 8:00,总干管理站,1.976
2026/4/18 7:55,总干管理站,1.978
2026/4/18 7:50,总干管理站,1.972
2026/4/18 7:45,总干管理站,1.97
2026/4/18 7:40,总干管理站,1.97
2026/4/18 7:35,总干管理站,1.968
2026/4/18 7:30,总干管理站,1.966
2026/4/18 7:25,总干管理站,1.96
2026/4/18 7:20,总干管理站,1.964
2026/4/18 7:15,总干管理站,1.965
2026/4/18 7:10,总干管理站,1.958
2026/4/18 7:05,总干管理站,1.96
2026/4/18 7:00,总干管理站,1.959
2026/4/18 6:55,总干管理站,1.958
2026/4/18 6:49,总干管理站,1.961
2026/4/18 6:44,总干管理站,1.952
2026/4/18 6:39,总干管理站,1.956
2026/4/18 6:34,总干管理站,1.995
2026/4/18 6:29,总干管理站,2.003
2026/4/18 6:24,总干管理站,1.989
2026/4/18 6:19,总干管理站,2.001
2026/4/18 6:14,总干管理站,2
2026/4/18 6:09,总干管理站,2
2026/4/18 6:04,总干管理站,1.988
2026/4/18 5:59,总干管理站,1.989
2026/4/18 5:54,总干管理站,1.97
2026/4/18 5:49,总干管理站,1.991
2026/4/18 5:44,总干管理站,2.006
2026/4/18 5:39,总干管理站,2.019
2026/4/18 5:34,总干管理站,2.034
2026/4/18 5:29,总干管理站,2.032
2026/4/18 5:24,总干管理站,2.039
2026/4/18 5:19,总干管理站,2.036
2026/4/18 5:14,总干管理站,2.042
2026/4/18 5:09,总干管理站,2.041
2026/4/18 5:04,总干管理站,2.03
2026/4/18 4:59,总干管理站,2.026
2026/4/18 4:54,总干管理站,2.026
2026/4/18 4:49,总干管理站,2.04
2026/4/18 4:44,总干管理站,2.017
2026/4/18 4:39,总干管理站,2.018
2026/4/18 4:34,总干管理站,2.004
2026/4/18 4:29,总干管理站,2.008
2026/4/18 4:24,总干管理站,2.007
2026/4/18 4:19,总干管理站,1.996
2026/4/18 4:14,总干管理站,3.308
2026/4/18 4:09,总干管理站,3.309
2026/4/18 4:04,总干管理站,3.301
2026/4/18 3:59,总干管理站,3.315
2026/4/18 3:54,总干管理站,3.313
2026/4/18 3:49,总干管理站,3.302
2026/4/18 3:44,总干管理站,3.315
2026/4/18 3:39,总干管理站,3.312
2026/4/18 3:34,总干管理站,3.313
2026/4/18 3:29,总干管理站,3.315
2026/4/18 3:24,总干管理站,3.324
2026/4/18 3:19,总干管理站,3.323
2026/4/18 3:14,总干管理站,3.313
2026/4/18 3:09,总干管理站,3.306
2026/4/18 3:04,总干管理站,3.308
2026/4/18 2:59,总干管理站,3.318
2026/4/18 2:54,总干管理站,3.308
2026/4/18 2:49,总干管理站,3.308
2026/4/18 2:44,总干管理站,3.31
2026/4/18 2:39,总干管理站,3.311
2026/4/18 2:34,总干管理站,3.312
2026/4/18 2:29,总干管理站,3.315
2026/4/18 2:24,总干管理站,3.31
2026/4/18 2:19,总干管理站,3.317
2026/4/18 2:14,总干管理站,3.327
2026/4/18 2:09,总干管理站,3.307
2026/4/18 2:04,总干管理站,3.324
2026/4/18 1:59,总干管理站,3.31
2026/4/18 1:54,总干管理站,3.318
2026/4/18 1:49,总干管理站,3.32
2026/4/18 1:44,总干管理站,3.323
2026/4/18 1:39,总干管理站,3.325
2026/4/18 1:34,总干管理站,3.325
2026/4/18 1:29,总干管理站,3.322
2026/4/18 1:24,总干管理站,3.312
2026/4/18 1:19,总干管理站,3.312
2026/4/18 1:14,总干管理站,3.315
2026/4/18 1:09,总干管理站,3.311
2026/4/18 1:01,总干管理站,3.297
2026/4/18 0:58,总干管理站,3.307
2026/4/18 0:53,总干管理站,3.318
2026/4/18 0:48,总干管理站,3.297
2026/4/18 0:43,总干管理站,3.31
2026/4/18 0:38,总干管理站,3.324
2026/4/18 0:33,总干管理站,3.292
2026/4/18 0:29,总干管理站,3.297
2026/4/18 0:23,总干管理站,3.304
2026/4/18 0:18,总干管理站,3.299
2026/4/18 0:13,总干管理站,3.308
2026/4/18 0:08,总干管理站,3.287
2026/4/18 0:03,总干管理站,3.29
2026/4/17 23:59,总干管理站,3.312
2026/4/17 23:53,总干管理站,3.303
2026/4/17 23:48,总干管理站,3.299
2026/4/17 23:43,总干管理站,3.288
2026/4/17 23:38,总干管理站,3.302
2026/4/17 23:33,总干管理站,3.298
2026/4/17 23:28,总干管理站,3.284
2026/4/17 23:23,总干管理站,3.297
2026/4/17 23:19,总干管理站,3.287
2026/4/17 23:13,总干管理站,3.299
2026/4/17 23:08,总干管理站,3.289
2026/4/17 23:02,总干管理站,3.29
2026/4/17 22:58,总干管理站,3.294
2026/4/17 22:53,总干管理站,3.298
2026/4/17 22:48,总干管理站,3.292
2026/4/17 22:43,总干管理站,3.304
2026/4/17 22:38,总干管理站,3.301
2026/4/17 22:33,总干管理站,3.301
2026/4/17 22:28,总干管理站,3.312
2026/4/17 22:23,总干管理站,3.303
2026/4/17 22:18,总干管理站,3.299
2026/4/17 22:13,总干管理站,3.3
2026/4/17 22:08,总干管理站,3.31
2026/4/17 22:03,总干管理站,3.305
2026/4/17 21:58,总干管理站,3.308
2026/4/17 21:53,总干管理站,3.309
2026/4/17 21:48,总干管理站,3.31
2026/4/17 21:43,总干管理站,3.313
2026/4/17 21:37,总干管理站,3.313
2026/4/17 21:32,总干管理站,3.326
2026/4/17 21:27,总干管理站,3.321
2026/4/17 21:22,总干管理站,3.317
2026/4/17 21:17,总干管理站,3.33
2026/4/17 21:12,总干管理站,3.32
2026/4/17 21:07,总干管理站,3.325
2026/4/17 21:02,总干管理站,3.313
2026/4/17 20:57,总干管理站,3.328
2026/4/17 20:52,总干管理站,3.321
2026/4/17 20:47,总干管理站,3.336
2026/4/17 20:42,总干管理站,3.327
2026/4/17 20:37,总干管理站,3.322
2026/4/17 20:32,总干管理站,3.349
2026/4/17 20:27,总干管理站,3.316
2026/4/17 20:22,总干管理站,3.332
2026/4/17 20:17,总干管理站,3.317
2026/4/17 20:12,总干管理站,3.316
2026/4/17 20:07,总干管理站,3.334
2026/4/17 20:02,总干管理站,3.32
2026/4/17 19:57,总干管理站,3.339
2026/4/17 19:52,总干管理站,3.331
2026/4/17 19:47,总干管理站,3.336
2026/4/17 19:42,总干管理站,3.326
2026/4/17 19:37,总干管理站,3.317
2026/4/17 19:32,总干管理站,3.314
2026/4/17 19:27,总干管理站,3.331
2026/4/17 19:22,总干管理站,3.328
2026/4/17 19:17,总干管理站,3.335
2026/4/17 19:12,总干管理站,3.337
2026/4/17 19:07,总干管理站,3.353
2026/4/17 19:02,总干管理站,3.34
2026/4/17 18:57,总干管理站,3.341
2026/4/17 18:52,总干管理站,3.347
2026/4/17 18:47,总干管理站,3.338
2026/4/17 18:42,总干管理站,3.343
2026/4/17 18:37,总干管理站,3.346
2026/4/17 18:32,总干管理站,3.337
2026/4/17 18:27,总干管理站,3.345
2026/4/17 18:22,总干管理站,3.355
2026/4/17 18:17,总干管理站,3.348
2026/4/17 18:12,总干管理站,3.342
2026/4/17 18:07,总干管理站,3.349
2026/4/17 18:02,总干管理站,3.348
2026/4/17 17:57,总干管理站,3.344
2026/4/17 17:52,总干管理站,3.352
2026/4/17 17:47,总干管理站,3.342
2026/4/17 17:42,总干管理站,3.345
2026/4/17 17:37,总干管理站,3.316
2026/4/17 17:32,总干管理站,3.368
2026/4/17 17:27,总干管理站,3.343
2026/4/17 17:22,总干管理站,3.367
2026/4/17 17:17,总干管理站,3.351
2026/4/17 17:12,总干管理站,3.359
2026/4/17 17:07,总干管理站,3.358
2026/4/17 17:01,总干管理站,3.349
2026/4/17 16:56,总干管理站,3.359
2026/4/17 16:51,总干管理站,3.396
2026/4/17 16:46,总干管理站,3.29
2026/4/17 16:41,总干管理站,3.299
2026/4/17 16:36,总干管理站,3.294
2026/4/17 16:31,总干管理站,3.297
2026/4/17 16:26,总干管理站,3.288
2026/4/17 16:21,总干管理站,3.297
2026/4/17 16:16,总干管理站,3.293
2026/4/17 16:11,总干管理站,3.292
2026/4/17 16:06,总干管理站,3.29
2026/4/17 16:01,总干管理站,3.293
2026/4/17 15:56,总干管理站,3.295
2026/4/17 15:51,总干管理站,3.28
2026/4/17 15:45,总干管理站,3.294
2026/4/17 15:41,总干管理站,3.286
2026/4/17 15:36,总干管理站,3.262
2026/4/17 15:30,总干管理站,3.305
2026/4/17 15:26,总干管理站,3.294
2026/4/17 15:20,总干管理站,3.285
2026/4/17 15:15,总干管理站,3.282
2026/4/17 15:10,总干管理站,3.27
2026/4/17 15:05,总干管理站,3.277
2026/4/17 15:00,总干管理站,3.27
2026/4/17 14:55,总干管理站,3.274
2026/4/17 14:50,总干管理站,3.286
2026/4/17 14:45,总干管理站,3.277
2026/4/17 14:40,总干管理站,3.266
2026/4/17 14:35,总干管理站,3.28
2026/4/17 14:30,总干管理站,3.281
2026/4/17 14:25,总干管理站,3.298
2026/4/17 14:20,总干管理站,3.28
2026/4/17 14:15,总干管理站,3.285
2026/4/17 14:10,总干管理站,3.29
2026/4/17 14:05,总干管理站,3.297
2026/4/17 14:00,总干管理站,3.285
2026/4/17 13:55,总干管理站,3.289
2026/4/17 13:50,总干管理站,3.303
2026/4/17 13:45,总干管理站,3.293
2026/4/17 13:40,总干管理站,3.293
2026/4/17 13:35,总干管理站,3.287
2026/4/17 13:30,总干管理站,3.272
2026/4/17 13:25,总干管理站,3.285
2026/4/17 13:20,总干管理站,3.26
2026/4/17 13:15,总干管理站,3.279
2026/4/17 13:10,总干管理站,3.292
2026/4/17 13:05,总干管理站,3.292
2026/4/17 13:00,总干管理站,3.298
2026/4/17 12:55,总干管理站,3.282
2026/4/17 12:50,总干管理站,3.3
2026/4/17 12:45,总干管理站,3.301
2026/4/17 12:40,总干管理站,3.338
2026/4/17 12:35,总干管理站,3.3
2026/4/17 12:29,总干管理站,3.278
2026/4/17 12:24,总干管理站,3.295
2026/4/17 12:19,总干管理站,3.281
2026/4/17 12:14,总干管理站,3.285
2026/4/17 12:09,总干管理站,3.292
2026/4/17 12:04,总干管理站,3.272
2026/4/17 11:59,总干管理站,3.284
2026/4/17 11:54,总干管理站,3.3
2026/4/17 11:49,总干管理站,3.306
2026/4/17 11:44,总干管理站,3.275
2026/4/17 11:39,总干管理站,3.301
2026/4/17 11:34,总干管理站,3.292
2026/4/17 11:29,总干管理站,3.279
2026/4/17 11:24,总干管理站,3.321
2026/4/17 11:19,总干管理站,3.297
2026/4/17 11:14,总干管理站,3.306
2026/4/17 11:09,总干管理站,3.31
2026/4/17 11:04,总干管理站,3.301
2026/4/17 10:59,总干管理站,3.343
2026/4/17 10:54,总干管理站,3.344
2026/4/17 10:49,总干管理站,3.359
2026/4/17 10:44,总干管理站,3.35
2026/4/17 10:39,总干管理站,3.338
2026/4/17 10:34,总干管理站,3.348
2026/4/17 10:28,总干管理站,3.336
2026/4/17 10:24,总干管理站,3.343
2026/4/17 10:18,总干管理站,3.344
2026/4/17 10:14,总干管理站,3.346
2026/4/17 10:08,总干管理站,3.355
2026/4/17 10:04,总干管理站,3.342
2026/4/17 9:59,总干管理站,3.333
2026/4/17 9:54,总干管理站,3.327
2026/4/17 9:49,总干管理站,3.337
2026/4/17 9:44,总干管理站,3.335
2026/4/17 9:39,总干管理站,3.35
2026/4/17 9:34,总干管理站,3.35
2026/4/17 9:29,总干管理站,3.348
2026/4/17 9:23,总干管理站,3.353
2026/4/17 9:18,总干管理站,3.349
2026/4/17 9:13,总干管理站,3.358
2026/4/17 9:08,总干管理站,3.354
2026/4/17 9:03,总干管理站,3.348
2026/4/17 8:58,总干管理站,3.357
2026/4/17 8:53,总干管理站,3.355
2026/4/17 8:48,总干管理站,3.37
2026/4/17 8:43,总干管理站,3.368
2026/4/17 8:37,总干管理站,3.355
2026/4/17 8:32,总干管理站,3.369
2026/4/17 8:27,总干管理站,3.365
2026/4/17 8:22,总干管理站,3.373
2026/4/17 8:17,总干管理站,3.382
2026/4/17 8:13,总干管理站,3.375
2026/4/17 8:08,总干管理站,3.359
2026/4/17 8:03,总干管理站,3.37
2026/4/17 7:58,总干管理站,3.36
2026/4/17 7:53,总干管理站,3.365
2026/4/17 7:48,总干管理站,3.362
2026/4/17 7:43,总干管理站,3.364
2026/4/17 7:37,总干管理站,3.36
2026/4/17 7:32,总干管理站,3.367
2026/4/17 7:27,总干管理站,3.366
2026/4/17 7:22,总干管理站,3.365
2026/4/17 7:17,总干管理站,3.374
2026/4/17 7:12,总干管理站,3.366
2026/4/17 7:07,总干管理站,3.365
2026/4/17 7:02,总干管理站,3.35
2026/4/17 6:57,总干管理站,3.361
2026/4/17 6:52,总干管理站,3.416
2026/4/17 6:47,总干管理站,3.385
2026/4/17 6:42,总干管理站,3.406
2026/4/17 6:37,总干管理站,3.424
2026/4/17 6:32,总干管理站,3.417
2026/4/17 6:27,总干管理站,3.423
2026/4/17 6:22,总干管理站,3.41
2026/4/17 6:17,总干管理站,3.414
2026/4/17 6:12,总干管理站,3.422
2026/4/17 6:07,总干管理站,3.412
2026/4/17 6:02,总干管理站,3.42
2026/4/17 5:57,总干管理站,3.416
2026/4/17 5:52,总干管理站,3.415
2026/4/17 5:47,总干管理站,3.418
2026/4/17 5:42,总干管理站,3.397
2026/4/17 5:37,总干管理站,3.441
2026/4/17 5:32,总干管理站,3.415
2026/4/17 5:27,总干管理站,3.397
2026/4/17 5:22,总干管理站,3.434
2026/4/17 5:17,总干管理站,3.439
2026/4/17 5:12,总干管理站,3.43
2026/4/17 5:07,总干管理站,3.425
2026/4/17 5:02,总干管理站,3.424
2026/4/17 4:57,总干管理站,3.43
2026/4/17 4:52,总干管理站,3.431
2026/4/17 4:47,总干管理站,3.438
2026/4/17 4:42,总干管理站,3.435
2026/4/17 4:37,总干管理站,3.426
2026/4/17 4:32,总干管理站,3.435
2026/4/17 4:27,总干管理站,3.443
2026/4/17 4:22,总干管理站,3.431
2026/4/17 4:17,总干管理站,3.425
2026/4/17 4:12,总干管理站,3.434
2026/4/17 4:07,总干管理站,3.42
2026/4/17 4:02,总干管理站,3.376
2026/4/17 3:57,总干管理站,3.357
2026/4/17 3:52,总干管理站,3.354
2026/4/17 3:47,总干管理站,3.359
2026/4/17 3:42,总干管理站,3.348
2026/4/17 3:37,总干管理站,3.348
2026/4/17 3:31,总干管理站,3.363
2026/4/17 3:26,总干管理站,3.364
2026/4/17 3:21,总干管理站,3.361
2026/4/17 3:16,总干管理站,3.361
2026/4/17 3:11,总干管理站,3.366
2026/4/17 3:06,总干管理站,3.374
2026/4/17 3:01,总干管理站,3.395
2026/4/17 2:56,总干管理站,3.391
2026/4/17 2:51,总干管理站,3.415
2026/4/17 2:46,总干管理站,2.198
2026/4/17 2:41,总干管理站,2.062
2026/4/17 2:36,总干管理站,2.015
2026/4/17 2:31,总干管理站,2.021
2026/4/17 2:26,总干管理站,2.039
2026/4/17 2:21,总干管理站,2.032
2026/4/17 2:16,总干管理站,2.014
2026/4/17 2:11,总干管理站,2.025
2026/4/17 2:06,总干管理站,2.023
2026/4/17 2:01,总干管理站,2.019
2026/4/17 1:56,总干管理站,2.02
2026/4/17 1:51,总干管理站,2.023
2026/4/17 1:46,总干管理站,2.021
2026/4/17 1:41,总干管理站,2.016
2026/4/17 1:36,总干管理站,2.021
2026/4/17 1:31,总干管理站,2.019
2026/4/17 1:26,总干管理站,2.021
2026/4/17 1:21,总干管理站,2.025
2026/4/17 1:16,总干管理站,2.018
2026/4/17 1:11,总干管理站,2.016
2026/4/17 1:06,总干管理站,2.017
2026/4/17 1:01,总干管理站,2.015
2026/4/17 0:55,总干管理站,2.014
2026/4/17 0:51,总干管理站,2.025
2026/4/17 0:46,总干管理站,2.019
2026/4/17 0:41,总干管理站,2.024
2026/4/17 0:35,总干管理站,2.012
2026/4/17 0:30,总干管理站,2.018
2026/4/17 0:25,总干管理站,2.023
2026/4/17 0:20,总干管理站,2.018
2026/4/17 0:15,总干管理站,2.018
2026/4/17 0:10,总干管理站,2.017
2026/4/17 0:05,总干管理站,2.014
2026/4/17 0:00,总干管理站,2.022
2026/4/16 23:55,总干管理站,2.024
2026/4/16 23:50,总干管理站,2.012
2026/4/16 23:45,总干管理站,2.017
2026/4/16 23:40,总干管理站,2.023
2026/4/16 23:35,总干管理站,2.017
2026/4/16 23:30,总干管理站,2.023
2026/4/16 23:25,总干管理站,2.026
2026/4/16 23:20,总干管理站,2.028
2026/4/16 23:15,总干管理站,2.018
2026/4/16 23:10,总干管理站,2.029
2026/4/16 23:03,总干管理站,2.021
2026/4/16 23:00,总干管理站,2.014
2026/4/16 22:55,总干管理站,2.021
2026/4/16 22:50,总干管理站,2.016
2026/4/16 22:45,总干管理站,2.008
2026/4/16 22:40,总干管理站,2.027
2026/4/16 22:35,总干管理站,2.016
2026/4/16 22:29,总干管理站,2.015
2026/4/16 22:25,总干管理站,2.023
2026/4/16 22:20,总干管理站,2.015
2026/4/16 22:15,总干管理站,2.022
2026/4/16 22:10,总干管理站,2.023
2026/4/16 22:05,总干管理站,2.031
2026/4/16 22:00,总干管理站,2.019
2026/4/16 21:54,总干管理站,2.02
2026/4/16 21:49,总干管理站,2.021
2026/4/16 21:44,总干管理站,2.015
2026/4/16 21:39,总干管理站,2.018
2026/4/16 21:34,总干管理站,2.026
2026/4/16 21:29,总干管理站,2.025
2026/4/16 21:24,总干管理站,2.021
2026/4/16 21:19,总干管理站,2.022
2026/4/16 21:14,总干管理站,2.023
2026/4/16 21:09,总干管理站,2.023
2026/4/16 21:04,总干管理站,2.04
2026/4/16 20:59,总干管理站,2.028
2026/4/16 20:54,总干管理站,2.024
2026/4/16 20:49,总干管理站,2.017
2026/4/16 20:44,总干管理站,2.025
2026/4/16 20:39,总干管理站,2.027
2026/4/16 20:34,总干管理站,2.023
2026/4/16 20:29,总干管理站,2.029
2026/4/16 20:24,总干管理站,2.014
2026/4/16 20:19,总干管理站,2.026
2026/4/16 20:14,总干管理站,2.02
2026/4/16 20:09,总干管理站,2.025
2026/4/16 20:03,总干管理站,2.027
2026/4/16 19:58,总干管理站,2.023
2026/4/16 19:53,总干管理站,2.025
2026/4/16 19:48,总干管理站,2.022
2026/4/16 19:43,总干管理站,2.03
2026/4/16 19:38,总干管理站,2.026
2026/4/16 19:33,总干管理站,2.023
2026/4/16 19:28,总干管理站,2.027
2026/4/16 19:23,总干管理站,2.021
2026/4/16 19:18,总干管理站,2.036
2026/4/16 19:13,总干管理站,2.025
2026/4/16 19:08,总干管理站,2.035
2026/4/16 19:03,总干管理站,2.03
2026/4/16 18:58,总干管理站,2.027
2026/4/16 18:53,总干管理站,2.035
2026/4/16 18:48,总干管理站,2.026
2026/4/16 18:43,总干管理站,2.034
2026/4/16 18:38,总干管理站,2.03
2026/4/16 18:33,总干管理站,2.002
2026/4/16 18:28,总干管理站,1.999
2026/4/16 18:23,总干管理站,2.021
2026/4/16 18:18,总干管理站,2.004
2026/4/16 18:13,总干管理站,2.004
2026/4/16 18:08,总干管理站,2.007
2026/4/16 18:03,总干管理站,2.017
2026/4/16 17:58,总干管理站,2.01
2026/4/16 17:53,总干管理站,2.026
2026/4/16 17:48,总干管理站,2.018
2026/4/16 17:43,总干管理站,2.03
2026/4/16 17:38,总干管理站,1.933
2026/4/16 17:33,总干管理站,1.72
2026/4/16 17:28,总干管理站,0.635
2026/4/16 17:23,总干管理站,0.639
2026/4/16 17:18,总干管理站,0.638
2026/4/16 17:13,总干管理站,0.636
2026/4/16 17:08,总干管理站,0.635
2026/4/16 17:03,总干管理站,0.631
2026/4/16 16:58,总干管理站,0.633
2026/4/16 16:53,总干管理站,0.635
2026/4/16 16:48,总干管理站,0.628
2026/4/16 16:43,总干管理站,0.636
2026/4/16 16:38,总干管理站,0.628
2026/4/16 16:33,总干管理站,0.633
2026/4/16 16:27,总干管理站,0.632
2026/4/16 16:22,总干管理站,0.635
2026/4/16 16:17,总干管理站,0.635
2026/4/16 16:12,总干管理站,0.632
2026/4/16 16:07,总干管理站,0.631
2026/4/16 16:02,总干管理站,0.639
2026/4/16 15:57,总干管理站,0.628
2026/4/16 15:52,总干管理站,0.63
2026/4/16 15:47,总干管理站,0.638
2026/4/16 15:42,总干管理站,0.635
2026/4/16 15:37,总干管理站,0.639
2026/4/16 15:32,总干管理站,0.635
2026/4/16 15:27,总干管理站,0.635
2026/4/16 15:22,总干管理站,0.632
2026/4/16 15:17,总干管理站,0.636
2026/4/16 15:12,总干管理站,0.632
2026/4/16 15:07,总干管理站,0.633
2026/4/16 15:02,总干管理站,0.632
2026/4/16 14:57,总干管理站,0.63
2026/4/16 14:52,总干管理站,0.633
2026/4/16 14:47,总干管理站,0.634
2026/4/16 14:42,总干管理站,0.634
2026/4/16 14:37,总干管理站,0.635
2026/4/16 14:32,总干管理站,0.622
2026/4/16 14:27,总干管理站,0.63
2026/4/16 14:22,总干管理站,0.625
2026/4/16 14:17,总干管理站,0.625
2026/4/16 14:12,总干管理站,0.635
2026/4/16 14:07,总干管理站,0.635
2026/4/16 14:02,总干管理站,0.634
2026/4/16 13:57,总干管理站,0.638
2026/4/16 13:52,总干管理站,0.633
2026/4/16 13:47,总干管理站,0.631
2026/4/16 13:42,总干管理站,0.628
2026/4/16 13:37,总干管理站,0.634
2026/4/16 13:32,总干管理站,0.628
2026/4/16 13:27,总干管理站,0.626
2026/4/16 13:22,总干管理站,0.624
2026/4/16 13:17,总干管理站,0.626
2026/4/16 13:11,总干管理站,0.62
2026/4/16 13:06,总干管理站,0.625
2026/4/16 13:01,总干管理站,0.624
2026/4/16 12:56,总干管理站,0.621
2026/4/16 12:51,总干管理站,0.62
2026/4/16 12:46,总干管理站,0.623
2026/4/16 12:41,总干管理站,0.619
2026/4/16 12:36,总干管理站,0.619
2026/4/16 12:31,总干管理站,0.622
2026/4/16 12:26,总干管理站,0.64
2026/4/16 12:21,总干管理站,0.67
2026/4/16 12:16,总干管理站,0.672
2026/4/16 12:11,总干管理站,0.67
2026/4/16 12:06,总干管理站,0.669
2026/4/16 12:01,总干管理站,0.663
2026/4/16 11:56,总干管理站,0.67
2026/4/16 11:51,总干管理站,0.666
2026/4/16 11:46,总干管理站,0.678
2026/4/16 11:41,总干管理站,0.675
2026/4/16 11:36,总干管理站,0.673
2026/4/16 11:31,总干管理站,0.676
2026/4/16 11:26,总干管理站,0.68
2026/4/16 11:21,总干管理站,0.677
2026/4/16 11:16,总干管理站,0.673
2026/4/16 11:11,总干管理站,0.677
2026/4/16 11:06,总干管理站,0.67
2026/4/16 11:01,总干管理站,0.67
2026/4/16 10:56,总干管理站,0.672
2026/4/16 10:51,总干管理站,0.669
2026/4/16 10:46,总干管理站,0.675
2026/4/16 10:41,总干管理站,0.693
2026/4/16 10:36,总干管理站,0.687
2026/4/16 10:31,总干管理站,0.687
2026/4/16 10:26,总干管理站,0.676
2026/4/16 10:21,总干管理站,0.677
2026/4/16 10:16,总干管理站,0.702
2026/4/16 10:11,总干管理站,0.701
2026/4/16 10:06,总干管理站,0.696
2026/4/16 10:01,总干管理站,0.691
2026/4/16 9:56,总干管理站,0.69
2026/4/16 9:51,总干管理站,0.686
2026/4/16 9:46,总干管理站,0.685
2026/4/16 9:41,总干管理站,0.683
2026/4/16 9:36,总干管理站,0.707
2026/4/16 9:31,总干管理站,0.708
2026/4/16 9:26,总干管理站,0.702
2026/4/16 9:21,总干管理站,0.701
2026/4/16 9:16,总干管理站,0.699
2026/4/16 9:11,总干管理站,0.715
2026/4/16 9:06,总干管理站,0.715
2026/4/16 9:01,总干管理站,0.704
2026/4/16 8:55,总干管理站,0.706
2026/4/16 8:50,总干管理站,0.691
2026/4/16 8:45,总干管理站,0.697
2026/4/16 8:40,总干管理站,0.699
2026/4/16 8:35,总干管理站,0.697
2026/4/16 6:30,总干管理站,2.052
2026/4/16 6:30,总干管理站,2.053
2026/4/16 6:30,总干管理站,2.045
2026/4/16 6:30,总干管理站,2.042
2026/4/16 6:30,总干管理站,2.052
2026/4/16 6:30,总干管理站,2.05
2026/4/16 6:30,总干管理站,2.052
2026/4/16 6:28,总干管理站,2.06
2026/4/16 6:23,总干管理站,2.06
2026/4/16 6:18,总干管理站,2.059
2026/4/16 6:12,总干管理站,2.059
2026/4/16 6:08,总干管理站,2.061
2026/4/16 6:03,总干管理站,2.047
2026/4/16 5:58,总干管理站,2.06
2026/4/16 5:53,总干管理站,2.057
2026/4/16 5:47,总干管理站,2.05
2026/4/16 5:43,总干管理站,2.055
2026/4/16 5:38,总干管理站,2.056
2026/4/16 5:33,总干管理站,2.046
2026/4/16 5:28,总干管理站,2.056
2026/4/16 5:23,总干管理站,2.056
2026/4/16 5:18,总干管理站,2.054
2026/4/16 5:12,总干管理站,2.046
2026/4/16 5:07,总干管理站,2.045
2026/4/16 5:02,总干管理站,2.058
2026/4/16 4:57,总干管理站,2.053
2026/4/16 4:52,总干管理站,2.057
2026/4/16 4:47,总干管理站,2.054
2026/4/16 4:42,总干管理站,2.05
2026/4/16 4:37,总干管理站,2.055
2026/4/16 4:32,总干管理站,2.055
2026/4/16 4:27,总干管理站,2.051
2026/4/16 4:22,总干管理站,2.049
2026/4/16 4:17,总干管理站,2.051
2026/4/16 4:12,总干管理站,2.055
2026/4/16 4:07,总干管理站,2.053
2026/4/16 4:02,总干管理站,2.045
2026/4/16 3:57,总干管理站,2.059
2026/4/16 3:52,总干管理站,2.06
2026/4/16 3:47,总干管理站,2.051
2026/4/16 3:42,总干管理站,2.063
2026/4/16 3:37,总干管理站,2.052
2026/4/16 3:32,总干管理站,2.063
2026/4/16 3:27,总干管理站,2.054
2026/4/16 3:22,总干管理站,2.06
2026/4/16 3:17,总干管理站,2.059
2026/4/16 3:12,总干管理站,2.051
2026/4/16 3:07,总干管理站,2.062
2026/4/16 3:02,总干管理站,2.055
2026/4/16 2:57,总干管理站,2.06
2026/4/16 2:52,总干管理站,2.057
2026/4/16 2:47,总干管理站,2.053
2026/4/16 2:42,总干管理站,2.059
2026/4/16 2:37,总干管理站,2.06
2026/4/16 2:31,总干管理站,2.064
2026/4/16 2:26,总干管理站,2.063
2026/4/16 2:21,总干管理站,2.061
2026/4/16 2:16,总干管理站,2.058
2026/4/16 2:11,总干管理站,2.079
2026/4/16 2:06,总干管理站,2.099
2026/4/16 2:01,总干管理站,2.099
2026/4/16 1:56,总干管理站,2.111
2026/4/16 1:51,总干管理站,2.1
2026/4/16 1:46,总干管理站,2.099
2026/4/16 1:41,总干管理站,2.101
2026/4/16 1:36,总干管理站,2.1
2026/4/16 1:31,总干管理站,2.105
2026/4/16 1:26,总干管理站,2.105
2026/4/16 1:21,总干管理站,2.108
2026/4/16 1:16,总干管理站,2.11
2026/4/16 1:11,总干管理站,2.115
2026/4/16 1:06,总干管理站,2.116
2026/4/16 1:01,总干管理站,2.111
2026/4/16 0:56,总干管理站,2.112
2026/4/16 0:51,总干管理站,2.119
2026/4/16 0:45,总干管理站,2.116
2026/4/16 0:40,总干管理站,2.13
2026/4/16 0:35,总干管理站,2.145
2026/4/16 0:30,总干管理站,1.125
2026/4/16 0:25,总干管理站,0.73
2026/4/16 0:20,总干管理站,0.735
2026/4/16 0:15,总干管理站,0.731
2026/4/16 0:10,总干管理站,0.733
2026/4/16 0:05,总干管理站,0.726
2026/4/16 0:00,总干管理站,0.73
2026/4/15 23:55,总干管理站,0.733
2026/4/15 23:50,总干管理站,0.73
2026/4/15 23:45,总干管理站,0.731
2026/4/15 23:40,总干管理站,0.726
2026/4/15 23:35,总干管理站,0.73
2026/4/15 23:30,总干管理站,0.731
2026/4/15 23:25,总干管理站,0.727
2026/4/15 23:20,总干管理站,0.731
2026/4/15 23:15,总干管理站,0.731
2026/4/15 23:10,总干管理站,0.725
2026/4/15 23:03,总干管理站,0.73
2026/4/15 23:00,总干管理站,0.725
2026/4/15 22:55,总干管理站,0.731
2026/4/15 22:50,总干管理站,0.731
2026/4/15 22:45,总干管理站,0.728
2026/4/15 22:40,总干管理站,0.727
2026/4/15 22:35,总干管理站,0.725
2026/4/15 22:30,总干管理站,0.725
2026/4/15 22:25,总干管理站,0.724
2026/4/15 22:20,总干管理站,0.725
2026/4/15 22:15,总干管理站,0.724
2026/4/15 22:10,总干管理站,0.724
2026/4/15 22:05,总干管理站,0.724
2026/4/15 22:00,总干管理站,0.727
2026/4/15 21:55,总干管理站,0.721
2026/4/15 21:50,总干管理站,0.721
2026/4/15 21:45,总干管理站,0.724
2026/4/15 21:40,总干管理站,0.721
2026/4/15 21:35,总干管理站,0.72
2026/4/15 21:30,总干管理站,0.721
2026/4/15 21:25,总干管理站,0.719
2026/4/15 21:20,总干管理站,0.718
2026/4/15 21:15,总干管理站,0.714
2026/4/15 21:10,总干管理站,0.715
2026/4/15 21:05,总干管理站,0.716
2026/4/15 20:59,总干管理站,0.739
2026/4/15 20:55,总干管理站,0.738
2026/4/15 20:50,总干管理站,0.735
2026/4/15 20:45,总干管理站,0.732
2026/4/15 20:40,总干管理站,0.733
2026/4/15 20:35,总干管理站,0.729
2026/4/15 20:30,总干管理站,0.729
2026/4/15 20:25,总干管理站,0.728
2026/4/15 20:19,总干管理站,0.723
2026/4/15 20:14,总干管理站,0.717
2026/4/15 20:09,总干管理站,0.713
2026/4/15 20:04,总干管理站,0.713
2026/4/15 19:59,总干管理站,0.71
2026/4/15 19:54,总干管理站,0.71
2026/4/15 19:49,总干管理站,0.734
2026/4/15 19:44,总干管理站,0.731
2026/4/15 19:39,总干管理站,0.727
2026/4/15 19:34,总干管理站,0.721
2026/4/15 19:29,总干管理站,0.725
2026/4/15 19:24,总干管理站,0.725
2026/4/15 19:19,总干管理站,0.718
2026/4/15 19:14,总干管理站,0.713
2026/4/15 19:09,总干管理站,0.716
2026/4/15 19:04,总干管理站,0.729
2026/4/15 18:59,总干管理站,0.752
2026/4/15 18:54,总干管理站,0.752
2026/4/15 18:49,总干管理站,0.748
2026/4/15 18:44,总干管理站,0.744
2026/4/15 18:39,总干管理站,0.737
2026/4/15 18:34,总干管理站,0.739
2026/4/15 18:29,总干管理站,0.734
2026/4/15 18:24,总干管理站,0.728
2026/4/15 18:19,总干管理站,0.721
2026/4/15 18:14,总干管理站,0.72
2026/4/15 18:09,总干管理站,0.718
2026/4/15 18:04,总干管理站,0.715
2026/4/15 17:59,总干管理站,0.726
2026/4/15 17:54,总干管理站,0.719
2026/4/15 17:49,总干管理站,0.711
2026/4/15 17:43,总干管理站,0.718
2026/4/15 17:38,总干管理站,0.706
2026/4/15 17:33,总干管理站,0.711
2026/4/15 17:28,总干管理站,0.736
2026/4/15 17:23,总干管理站,0.743
2026/4/15 17:19,总干管理站,0.737
2026/4/15 17:14,总干管理站,0.733
2026/4/15 17:08,总干管理站,0.725
2026/4/15 17:03,总干管理站,0.719
2026/4/15 16:58,总干管理站,0.716
2026/4/15 16:53,总干管理站,0.714
2026/4/15 16:48,总干管理站,0.715
2026/4/15 16:43,总干管理站,0.703
2026/4/15 16:38,总干管理站,0.703
2026/4/15 16:33,总干管理站,0.741
2026/4/15 16:28,总干管理站,2.069
2026/4/15 16:23,总干管理站,2.084
2026/4/15 16:18,总干管理站,2.068
2026/4/15 16:13,总干管理站,2.073
2026/4/15 16:08,总干管理站,2.071
2026/4/15 16:03,总干管理站,2.077
2026/4/15 15:58,总干管理站,2.076
2026/4/15 15:53,总干管理站,2.084
2026/4/15 15:48,总干管理站,2.071
2026/4/15 15:43,总干管理站,2.081
2026/4/15 15:38,总干管理站,2.077
2026/4/15 15:33,总干管理站,2.073
2026/4/15 15:28,总干管理站,2.088
2026/4/15 15:23,总干管理站,2.078
2026/4/15 15:17,总干管理站,2.073
2026/4/15 15:13,总干管理站,2.084
2026/4/15 15:07,总干管理站,2.074
2026/4/15 15:02,总干管理站,2.104
2026/4/15 14:57,总干管理站,2.103
2026/4/15 14:52,总干管理站,2.1
2026/4/15 14:47,总干管理站,2.102
2026/4/15 14:42,总干管理站,2.105
2026/4/15 14:37,总干管理站,2.102
2026/4/15 14:32,总干管理站,2.099
2026/4/15 14:27,总干管理站,2.11
2026/4/15 14:22,总干管理站,2.101
2026/4/15 14:05,总干管理站,2.095
2026/4/15 14:05,总干管理站,2.103
2026/4/15 14:05,总干管理站,2.103
2026/4/15 14:02,总干管理站,2.107
2026/4/15 13:57,总干管理站,2.108
2026/4/15 13:52,总干管理站,2.098
2026/4/15 13:47,总干管理站,2.11
2026/4/15 13:42,总干管理站,2.103
2026/4/15 13:37,总干管理站,2.107
2026/4/15 13:32,总干管理站,2.106
2026/4/15 13:27,总干管理站,2.112
2026/4/15 13:22,总干管理站,2.099
2026/4/15 13:17,总干管理站,2.103
2026/4/15 13:12,总干管理站,2.112
2026/4/15 13:07,总干管理站,2.1
2026/4/15 13:02,总干管理站,2.094
2026/4/15 12:57,总干管理站,2.103
2026/4/15 12:52,总干管理站,2.116
2026/4/15 12:47,总干管理站,2.101
2026/4/15 12:42,总干管理站,2.085
2026/4/15 12:37,总干管理站,2.105
2026/4/15 12:32,总干管理站,2.103
2026/4/15 12:27,总干管理站,2.074
2026/4/15 12:22,总干管理站,2.122
2026/4/15 12:17,总干管理站,2.125
2026/4/15 12:12,总干管理站,2.109
2026/4/15 12:07,总干管理站,2.128
2026/4/15 12:02,总干管理站,2.126
2026/4/15 11:57,总干管理站,2.135
2026/4/15 11:52,总干管理站,2.168
2026/4/15 11:47,总干管理站,2.166
2026/4/15 11:42,总干管理站,2.169
2026/4/15 11:37,总干管理站,2.169
2026/4/15 11:32,总干管理站,2.151
2026/4/15 11:27,总干管理站,2.169
2026/4/15 11:22,总干管理站,2.171
2026/4/15 11:17,总干管理站,2.166
2026/4/15 11:11,总干管理站,2.163
2026/4/15 11:06,总干管理站,2.17
2026/4/15 11:01,总干管理站,2.172
2026/4/15 10:56,总干管理站,2.162
2026/4/15 10:51,总干管理站,2.176
2026/4/15 10:46,总干管理站,2.176
2026/4/15 10:41,总干管理站,2.167
2026/4/15 10:36,总干管理站,2.176
2026/4/15 10:31,总干管理站,2.167
2026/4/15 10:26,总干管理站,2.174
2026/4/15 10:21,总干管理站,2.199
2026/4/15 10:16,总干管理站,2.18
2026/4/15 10:11,总干管理站,2.219
2026/4/15 10:06,总干管理站,2.164
2026/4/15 10:01,总干管理站,2.174
2026/4/15 9:56,总干管理站,2.154
2026/4/15 9:51,总干管理站,2.185
2026/4/15 9:46,总干管理站,2.174
2026/4/15 9:41,总干管理站,2.191
2026/4/15 9:36,总干管理站,2.193
2026/4/15 9:31,总干管理站,2.172
2026/4/15 9:26,总干管理站,2.171
2026/4/15 9:21,总干管理站,2.183
2026/4/15 9:16,总干管理站,2.163
2026/4/15 9:11,总干管理站,2.179
2026/4/15 9:06,总干管理站,2.168
2026/4/15 9:01,总干管理站,2.185
2026/4/15 8:56,总干管理站,2.16
2026/4/15 8:51,总干管理站,2.16
2026/4/15 8:46,总干管理站,2.154
2026/4/15 8:41,总干管理站,2.156
2026/4/15 8:36,总干管理站,2.158
2026/4/15 8:31,总干管理站,2.154
2026/4/15 8:26,总干管理站,2.152
2026/4/15 8:21,总干管理站,2.144
2026/4/15 8:16,总干管理站,2.153
2026/4/15 8:11,总干管理站,2.137
2026/4/15 8:06,总干管理站,2.123
2026/4/15 8:01,总干管理站,2.13
2026/4/15 7:56,总干管理站,2.127
2026/4/15 7:51,总干管理站,2.123
2026/4/15 7:46,总干管理站,2.132
2026/4/15 7:41,总干管理站,2.137
2026/4/15 7:36,总干管理站,2.132
2026/4/15 7:31,总干管理站,2.132
2026/4/15 7:26,总干管理站,2.116
2026/4/15 7:20,总干管理站,2.128
2026/4/15 7:15,总干管理站,2.134
2026/4/15 7:10,总干管理站,2.129
2026/4/15 7:05,总干管理站,2.009
2026/4/15 7:00,总干管理站,2.04
2026/4/15 6:55,总干管理站,2.024
2026/4/15 6:50,总干管理站,2.02
2026/4/15 6:45,总干管理站,2.028
2026/4/15 6:40,总干管理站,2.019
2026/4/15 6:35,总干管理站,2.023
2026/4/15 6:30,总干管理站,2.023
2026/4/15 6:25,总干管理站,2.009
2026/4/15 5:29,总干管理站,2.027
2026/4/15 5:29,总干管理站,2.019
2026/4/15 5:29,总干管理站,2.023
2026/4/15 5:29,总干管理站,2.029
2026/4/15 5:29,总干管理站,2.027
2026/4/15 5:29,总干管理站,2.021
2026/4/15 5:29,总干管理站,2.033
2026/4/15 5:29,总干管理站,2.033
2026/4/15 5:29,总干管理站,2.026
2026/4/15 5:29,总干管理站,2.034
2026/4/15 5:29,总干管理站,2.027
2026/4/15 5:25,总干管理站,2.033
2026/4/15 5:19,总干管理站,2.031
2026/4/15 5:14,总干管理站,2.034
2026/4/15 5:09,总干管理站,2.03
2026/4/15 5:05,总干管理站,2.029
2026/4/15 5:00,总干管理站,2.032
2026/4/15 4:55,总干管理站,2.032
2026/4/15 4:50,总干管理站,2.036
2026/4/15 4:45,总干管理站,2.039
2026/4/15 4:40,总干管理站,2.038
2026/4/15 4:35,总干管理站,2.043
2026/4/15 4:30,总干管理站,2.038
2026/4/15 4:25,总干管理站,2.035
2026/4/15 4:19,总干管理站,2.043
2026/4/15 4:14,总干管理站,2.039
2026/4/15 4:09,总干管理站,2.039
2026/4/15 4:04,总干管理站,2.044
2026/4/15 3:59,总干管理站,2.044
2026/4/15 3:54,总干管理站,2.045
2026/4/15 3:49,总干管理站,2.052
2026/4/15 3:44,总干管理站,2.052
2026/4/15 3:39,总干管理站,2.055
2026/4/15 3:34,总干管理站,2.055
2026/4/15 3:29,总干管理站,2.054
2026/4/15 3:24,总干管理站,2.053
2026/4/15 3:19,总干管理站,2.058
2026/4/15 3:14,总干管理站,2.056
2026/4/15 3:09,总干管理站,2.062
2026/4/15 3:04,总干管理站,2.059
2026/4/15 2:59,总干管理站,2.062
2026/4/15 2:53,总干管理站,2.066
2026/4/15 2:48,总干管理站,2.065
2026/4/15 2:43,总干管理站,2.063
2026/4/15 2:38,总干管理站,2.067
2026/4/15 2:33,总干管理站,2.064
2026/4/15 2:28,总干管理站,2.064
2026/4/15 2:23,总干管理站,2.065
2026/4/15 2:18,总干管理站,2.068
2026/4/15 2:13,总干管理站,2.071
2026/4/15 2:08,总干管理站,2.066
2026/4/15 2:03,总干管理站,2.069
2026/4/15 1:58,总干管理站,2.067
2026/4/15 1:53,总干管理站,2.064
2026/4/15 1:48,总干管理站,2.069
2026/4/15 1:43,总干管理站,2.067
2026/4/15 1:37,总干管理站,2.068
2026/4/15 1:33,总干管理站,2.07
2026/4/15 1:27,总干管理站,2.07
2026/4/15 1:22,总干管理站,2.069
2026/4/15 1:17,总干管理站,2.072
2026/4/15 1:12,总干管理站,2.07
2026/4/15 1:07,总干管理站,2.07
2026/4/15 1:02,总干管理站,2.07
2026/4/15 0:57,总干管理站,2.072
2026/4/15 0:52,总干管理站,2.064
2026/4/15 0:47,总干管理站,2.068
2026/4/15 0:42,总干管理站,2.075
2026/4/15 0:37,总干管理站,2.077
2026/4/15 0:32,总干管理站,2.077
2026/4/15 0:27,总干管理站,2.076
2026/4/15 0:22,总干管理站,2.071
2026/4/15 0:17,总干管理站,2.081
2026/4/15 0:12,总干管理站,2.072
2026/4/15 0:07,总干管理站,2.078
2026/4/15 0:02,总干管理站,2.072
2026/4/14 23:57,总干管理站,2.08
2026/4/14 23:52,总干管理站,2.054
2026/4/14 23:47,总干管理站,2.05
2026/4/14 23:42,总干管理站,2.051
2026/4/14 23:37,总干管理站,2.051
2026/4/14 23:32,总干管理站,2.055
2026/4/14 23:27,总干管理站,2.057
2026/4/14 23:22,总干管理站,2.052
2026/4/14 23:17,总干管理站,2.049
2026/4/14 23:12,总干管理站,2.054
2026/4/14 23:07,总干管理站,2.052
2026/4/14 23:01,总干管理站,2.049
2026/4/14 22:57,总干管理站,2.048
2026/4/14 22:52,总干管理站,2.054
2026/4/14 22:47,总干管理站,2.052
2026/4/14 22:42,总干管理站,2.062
2026/4/14 22:37,总干管理站,2.056
2026/4/14 22:32,总干管理站,2.055
2026/4/14 22:27,总干管理站,2.056
2026/4/14 22:22,总干管理站,2.059
2026/4/14 22:17,总干管理站,2.055
2026/4/14 22:12,总干管理站,2.047
2026/4/14 22:07,总干管理站,2.048
2026/4/14 22:02,总干管理站,2.045
2026/4/14 21:57,总干管理站,2.052
2026/4/14 21:52,总干管理站,2.053
2026/4/14 21:47,总干管理站,2.044
2026/4/14 21:42,总干管理站,2.053
2026/4/14 21:37,总干管理站,2.055
2026/4/14 21:32,总干管理站,2.055
2026/4/14 21:27,总干管理站,2.047
2026/4/14 21:22,总干管理站,2.033
2026/4/14 21:17,总干管理站,2.038
2026/4/14 21:12,总干管理站,2.047
2026/4/14 21:07,总干管理站,2.045
2026/4/14 21:02,总干管理站,2.038
2026/4/14 20:57,总干管理站,2.05
2026/4/14 20:52,总干管理站,2.05
2026/4/14 20:47,总干管理站,2.047
2026/4/14 20:42,总干管理站,2.049
2026/4/14 20:37,总干管理站,2.05
2026/4/14 20:32,总干管理站,2.039
2026/4/14 20:27,总干管理站,2.05
2026/4/14 20:22,总干管理站,2.052
2026/4/14 20:17,总干管理站,2.048
2026/4/14 20:12,总干管理站,2.048
2026/4/14 20:07,总干管理站,2.055
2026/4/14 20:02,总干管理站,2.052
2026/4/14 19:57,总干管理站,2.049
2026/4/14 19:52,总干管理站,2.047
2026/4/14 19:47,总干管理站,2.045
2026/4/14 19:42,总干管理站,2.055
2026/4/14 19:37,总干管理站,2.045
2026/4/14 19:32,总干管理站,2.061
2026/4/14 19:27,总干管理站,2.059
2026/4/14 19:22,总干管理站,2.058
2026/4/14 19:17,总干管理站,2.052
2026/4/14 19:12,总干管理站,2.052
2026/4/14 19:07,总干管理站,2.057
2026/4/14 19:02,总干管理站,2.053
2026/4/14 18:57,总干管理站,2.056
2026/4/14 18:52,总干管理站,2.057
2026/4/14 18:47,总干管理站,2.058
2026/4/14 18:42,总干管理站,2.048
2026/4/14 18:37,总干管理站,2.051
2026/4/14 18:32,总干管理站,2.052
2026/4/14 18:27,总干管理站,2.051
2026/4/14 18:22,总干管理站,2.052
2026/4/14 18:17,总干管理站,2.055
2026/4/14 18:12,总干管理站,2.052
2026/4/14 18:07,总干管理站,2.051
2026/4/14 18:02,总干管理站,2.06
2026/4/14 17:57,总干管理站,2.058
2026/4/14 17:52,总干管理站,2.05
2026/4/14 17:47,总干管理站,2.064
2026/4/14 17:42,总干管理站,2.054
2026/4/14 17:37,总干管理站,2.059
2026/4/14 17:32,总干管理站,2.052
2026/4/14 17:27,总干管理站,2.053
2026/4/14 17:22,总干管理站,2.06
2026/4/14 17:17,总干管理站,2.067
2026/4/14 17:12,总干管理站,2.057
2026/4/14 17:06,总干管理站,2.06
2026/4/14 17:01,总干管理站,2.068
2026/4/14 16:56,总干管理站,2.056
2026/4/14 16:51,总干管理站,2.064
2026/4/14 16:46,总干管理站,2.064
2026/4/14 16:41,总干管理站,2.064
2026/4/14 16:36,总干管理站,2.062
2026/4/14 16:31,总干管理站,2.051
2026/4/14 16:26,总干管理站,2.047
2026/4/14 16:21,总干管理站,2.039
2026/4/14 16:16,总干管理站,2.04
2026/4/14 16:11,总干管理站,2.048
2026/4/14 16:06,总干管理站,2.037
2026/4/14 16:01,总干管理站,2.053
2026/4/14 15:56,总干管理站,2.047
2026/4/14 15:51,总干管理站,2.046
2026/4/14 15:46,总干管理站,2.053
2026/4/14 15:41,总干管理站,2.051
2026/4/14 15:36,总干管理站,2.054
2026/4/14 15:31,总干管理站,2.044
2026/4/14 15:26,总干管理站,2.045
2026/4/14 15:21,总干管理站,2.059
2026/4/14 15:16,总干管理站,2.047
2026/4/14 15:11,总干管理站,2.053
2026/4/14 15:06,总干管理站,2.051
2026/4/14 15:01,总干管理站,2.054
2026/4/14 14:56,总干管理站,2.045
2026/4/14 14:51,总干管理站,2.042
2026/4/14 14:46,总干管理站,2.064
2026/4/14 14:41,总干管理站,2.059
2026/4/14 14:36,总干管理站,2.05
2026/4/14 14:31,总干管理站,2.056
2026/4/14 14:26,总干管理站,2.055
2026/4/14 14:20,总干管理站,2.011
2026/4/14 14:15,总干管理站,2.011
2026/4/14 14:10,总干管理站,2.001
2026/4/14 14:05,总干管理站,2.006
2026/4/14 14:00,总干管理站,1.998
2026/4/14 13:55,总干管理站,1.983
2026/4/14 13:50,总干管理站,1.996
2026/4/14 13:45,总干管理站,2.004
2026/4/14 13:40,总干管理站,1.991
2026/4/14 13:35,总干管理站,2.045
2026/4/14 13:30,总干管理站,2.006
2026/4/14 13:25,总干管理站,1.998
2026/4/14 13:20,总干管理站,1.994
2026/4/14 13:15,总干管理站,2.001
2026/4/14 13:10,总干管理站,1.997
2026/4/14 13:05,总干管理站,1.971
2026/4/14 13:00,总干管理站,1.991
2026/4/14 12:55,总干管理站,1.993
2026/4/14 12:50,总干管理站,1.995
2026/4/14 12:45,总干管理站,1.997
2026/4/14 12:40,总干管理站,1.995
2026/4/14 12:35,总干管理站,1.978
2026/4/14 12:30,总干管理站,1.991
2026/4/14 12:25,总干管理站,1.998
2026/4/14 12:20,总干管理站,2.011
2026/4/14 12:15,总干管理站,2.007
2026/4/14 12:10,总干管理站,2.024
2026/4/14 12:05,总干管理站,2.007
2026/4/14 11:59,总干管理站,2.015
2026/4/14 11:55,总干管理站,2.012
2026/4/14 11:49,总干管理站,2.023
2026/4/14 11:44,总干管理站,2.006
2026/4/14 11:39,总干管理站,2.015
2026/4/14 11:34,总干管理站,1.999
2026/4/14 11:29,总干管理站,1.997
2026/4/14 11:24,总干管理站,2.001
2026/4/14 11:19,总干管理站,2.013
2026/4/14 11:14,总干管理站,2.012
2026/4/14 11:09,总干管理站,2.011
2026/4/14 11:04,总干管理站,2.007
2026/4/14 10:59,总干管理站,2.011
2026/4/14 10:54,总干管理站,2.019
2026/4/14 10:49,总干管理站,2.003
2026/4/14 10:44,总干管理站,2.015
2026/4/14 10:39,总干管理站,1.986
2026/4/14 10:34,总干管理站,1.996
2026/4/14 10:29,总干管理站,1.991
2026/4/14 10:24,总干管理站,2.006
2026/4/14 10:19,总干管理站,1.997
2026/4/14 10:14,总干管理站,2.004
2026/4/14 10:09,总干管理站,1.998
2026/4/14 10:04,总干管理站,2.001
2026/4/14 9:59,总干管理站,1.988
2026/4/14 9:54,总干管理站,2.001
2026/4/14 9:49,总干管理站,1.996
2026/4/14 9:44,总干管理站,1.993
2026/4/14 9:39,总干管理站,1.999
2026/4/14 9:34,总干管理站,2.006
2026/4/14 9:29,总干管理站,2.047
2026/4/14 9:24,总干管理站,2.06
2026/4/14 9:19,总干管理站,2.062
2026/4/14 9:14,总干管理站,2.051
2026/4/14 9:09,总干管理站,2.064
2026/4/14 9:04,总干管理站,2.069
2026/4/14 8:59,总干管理站,2.054
2026/4/14 8:54,总干管理站,2.062
2026/4/14 8:49,总干管理站,2.04
2026/4/14 8:44,总干管理站,2.061
2026/4/14 8:39,总干管理站,2.054
2026/4/14 8:34,总干管理站,2.049
2026/4/14 8:28,总干管理站,2.054
2026/4/14 8:23,总干管理站,2.047
2026/4/14 8:18,总干管理站,2.048
2026/4/14 8:13,总干管理站,2.054
2026/4/14 8:08,总干管理站,2.05
2026/4/14 8:03,总干管理站,2.055
2026/4/14 7:58,总干管理站,2.05
2026/4/14 7:53,总干管理站,2.05
2026/4/14 7:48,总干管理站,2.04
2026/4/14 7:43,总干管理站,2.052
2026/4/14 7:38,总干管理站,2.055
2026/4/14 7:33,总干管理站,2.049
2026/4/14 7:28,总干管理站,2.046
2026/4/14 7:23,总干管理站,2.04
2026/4/14 7:18,总干管理站,2.072
2026/4/14 7:13,总干管理站,2.078
2026/4/14 7:08,总干管理站,2.093
2026/4/14 7:03,总干管理站,2.077
2026/4/14 6:58,总干管理站,2.073
2026/4/14 6:53,总干管理站,2.08
2026/4/14 6:48,总干管理站,2.09
2026/4/14 6:43,总干管理站,2.086
2026/4/14 6:38,总干管理站,2.081
2026/4/14 6:33,总干管理站,2.083
2026/4/14 6:28,总干管理站,2.082
2026/4/14 6:23,总干管理站,2.085
2026/4/14 6:18,总干管理站,2.079
2026/4/14 6:13,总干管理站,2.08
2026/4/14 6:08,总干管理站,2.085
2026/4/14 6:03,总干管理站,2.086
2026/4/14 5:58,总干管理站,2.092
2026/4/14 5:53,总干管理站,2.088
2026/4/14 5:48,总干管理站,2.109
2026/4/14 5:43,总干管理站,2.096
2026/4/14 5:38,总干管理站,2.099
2026/4/14 5:33,总干管理站,2.119
2026/4/14 5:28,总干管理站,2.102
2026/4/14 5:23,总干管理站,2.107
2026/4/14 5:18,总干管理站,2.11
2026/4/14 5:12,总干管理站,2.102
2026/4/14 5:07,总干管理站,2.104
2026/4/14 5:02,总干管理站,2.099
2026/4/14 4:57,总干管理站,2.099
2026/4/14 4:52,总干管理站,2.081
2026/4/14 4:47,总干管理站,2.101
2026/4/14 4:42,总干管理站,2.106
2026/4/14 4:37,总干管理站,2.096
2026/4/14 4:32,总干管理站,2.095
2026/4/14 4:27,总干管理站,2.01
2026/4/14 4:22,总干管理站,2.019
2026/4/14 4:17,总干管理站,2.021
2026/4/14 4:12,总干管理站,2.028
2026/4/14 4:07,总干管理站,2.03
2026/4/14 4:02,总干管理站,2.025
2026/4/14 3:57,总干管理站,2.024
2026/4/14 3:52,总干管理站,2.027
2026/4/14 3:47,总干管理站,2.021
2026/4/14 3:42,总干管理站,2.022
2026/4/14 3:37,总干管理站,2.03
2026/4/14 3:32,总干管理站,2.011
2026/4/14 3:27,总干管理站,2.031
2026/4/14 3:22,总干管理站,2.026
2026/4/14 3:17,总干管理站,2.03
2026/4/14 3:12,总干管理站,2.03
2026/4/14 3:07,总干管理站,2.025
2026/4/14 3:02,总干管理站,2.021
2026/4/14 2:57,总干管理站,1.934
2026/4/14 2:52,总干管理站,1.948
2026/4/14 2:47,总干管理站,1.927
2026/4/14 2:42,总干管理站,1.936
2026/4/14 2:37,总干管理站,1.937
2026/4/14 2:31,总干管理站,1.938
2026/4/14 2:26,总干管理站,1.939
2026/4/14 2:21,总干管理站,1.939
2026/4/14 2:16,总干管理站,1.935
2026/4/14 2:11,总干管理站,1.938
2026/4/14 2:06,总干管理站,1.941
2026/4/14 2:01,总干管理站,1.939
2026/4/14 1:56,总干管理站,1.941
2026/4/14 1:51,总干管理站,1.943
2026/4/14 1:46,总干管理站,1.937
2026/4/14 1:41,总干管理站,1.932
2026/4/14 1:36,总干管理站,1.938
2026/4/14 1:31,总干管理站,1.94
2026/4/14 1:26,总干管理站,1.939
2026/4/14 1:21,总干管理站,1.94
2026/4/14 1:16,总干管理站,1.942
2026/4/14 1:11,总干管理站,1.939
2026/4/14 1:06,总干管理站,1.96
2026/4/14 1:01,总干管理站,1.94
2026/4/14 0:56,总干管理站,1.957
2026/4/14 0:51,总干管理站,1.951
2026/4/14 0:46,总干管理站,1.936
2026/4/14 0:41,总干管理站,1.948
2026/4/14 0:36,总干管理站,1.925
2026/4/14 0:31,总干管理站,1.918
2026/4/14 0:26,总干管理站,1.944
2026/4/14 0:21,总干管理站,1.933
2026/4/14 0:16,总干管理站,1.946
2026/4/14 0:11,总干管理站,1.93
2026/4/14 0:06,总干管理站,1.923
2026/4/14 0:01,总干管理站,1.911
2026/4/21 18:09,二级站出口,0
2026/4/21 18:04,二级站出口,0
2026/4/21 17:59,二级站出口,0
2026/4/21 17:53,二级站出口,0
2026/4/21 17:48,二级站出口,0
2026/4/21 17:42,二级站出口,0
2026/4/21 17:37,二级站出口,0
2026/4/21 17:32,二级站出口,0
2026/4/21 17:26,二级站出口,0
2026/4/21 17:21,二级站出口,0
2026/4/21 17:16,二级站出口,0
2026/4/21 17:10,二级站出口,0
2026/4/21 17:05,二级站出口,0
2026/4/21 17:00,二级站出口,0
2026/4/21 16:54,二级站出口,0
2026/4/21 16:49,二级站出口,0
2026/4/21 16:43,二级站出口,0
2026/4/21 16:38,二级站出口,0
2026/4/21 16:33,二级站出口,0
2026/4/21 16:27,二级站出口,0
2026/4/21 16:22,二级站出口,0
2026/4/21 16:17,二级站出口,0
2026/4/21 16:11,二级站出口,0
2026/4/21 16:06,二级站出口,0
2026/4/21 16:01,二级站出口,0
2026/4/21 15:56,二级站出口,0
2026/4/21 15:51,二级站出口,0
2026/4/21 15:45,二级站出口,0
2026/4/21 15:40,二级站出口,0
2026/4/21 15:35,二级站出口,0
2026/4/21 15:29,二级站出口,0
2026/4/21 15:24,二级站出口,0
2026/4/21 15:19,二级站出口,0
2026/4/21 15:13,二级站出口,0
2026/4/21 15:08,二级站出口,0
2026/4/21 15:03,二级站出口,0
2026/4/21 14:57,二级站出口,0
2026/4/21 14:52,二级站出口,0
2026/4/21 14:46,二级站出口,0
2026/4/21 14:41,二级站出口,0
2026/4/21 14:35,二级站出口,0
2026/4/21 14:30,二级站出口,0
2026/4/21 14:25,二级站出口,0
2026/4/21 14:20,二级站出口,0
2026/4/21 14:14,二级站出口,0
2026/4/21 14:09,二级站出口,0
2026/4/21 14:03,二级站出口,0
2026/4/21 13:58,二级站出口,0
2026/4/21 13:53,二级站出口,0
2026/4/21 13:48,二级站出口,0
2026/4/21 13:42,二级站出口,0
2026/4/21 13:37,二级站出口,0
2026/4/21 13:31,二级站出口,0
2026/4/21 13:26,二级站出口,0
2026/4/21 13:21,二级站出口,0
2026/4/21 13:15,二级站出口,0
2026/4/21 13:10,二级站出口,0
2026/4/21 13:05,二级站出口,0
2026/4/21 13:00,二级站出口,0
2026/4/21 12:55,二级站出口,0
2026/4/21 12:50,二级站出口,0
2026/4/21 12:44,二级站出口,0
2026/4/21 12:39,二级站出口,0
2026/4/21 12:34,二级站出口,0
2026/4/21 12:29,二级站出口,0
2026/4/21 12:24,二级站出口,0
2026/4/21 12:18,二级站出口,0
2026/4/21 12:13,二级站出口,0
2026/4/21 12:08,二级站出口,0
2026/4/21 12:03,二级站出口,1.267
2026/4/21 11:58,二级站出口,1.29
2026/4/21 11:52,二级站出口,1.29
2026/4/21 11:47,二级站出口,1.289
2026/4/21 11:41,二级站出口,1.287
2026/4/21 11:36,二级站出口,1.289
2026/4/21 11:31,二级站出口,1.289
2026/4/21 11:26,二级站出口,1.29
2026/4/21 11:20,二级站出口,1.287
2026/4/21 11:15,二级站出口,1.286
2026/4/21 11:10,二级站出口,1.287
2026/4/21 11:05,二级站出口,1.286
2026/4/21 10:59,二级站出口,1.289
2026/4/21 10:54,二级站出口,1.289
2026/4/21 10:48,二级站出口,1.285
2026/4/21 10:43,二级站出口,1.286
2026/4/21 10:38,二级站出口,1.286
2026/4/21 10:33,二级站出口,1.285
2026/4/21 10:27,二级站出口,1.284
2026/4/21 10:22,二级站出口,1.283
2026/4/21 10:17,二级站出口,1.283
2026/4/21 10:12,二级站出口,1.285
2026/4/21 10:06,二级站出口,2.389
2026/4/21 10:01,二级站出口,2.642
2026/4/21 9:56,二级站出口,2.64
2026/4/21 9:50,二级站出口,2.641
2026/4/21 9:45,二级站出口,2.643
2026/4/21 9:40,二级站出口,2.644
2026/4/21 9:34,二级站出口,2.643
2026/4/21 9:29,二级站出口,2.648
2026/4/21 9:24,二级站出口,2.641
2026/4/21 9:18,二级站出口,2.642
2026/4/21 9:13,二级站出口,2.648
2026/4/21 9:08,二级站出口,2.648
2026/4/21 9:02,二级站出口,2.644
2026/4/21 8:57,二级站出口,2.645
2026/4/21 8:52,二级站出口,2.647
2026/4/21 8:46,二级站出口,2.648
2026/4/21 8:41,二级站出口,2.651
2026/4/21 8:36,二级站出口,2.643
2026/4/21 8:31,二级站出口,2.647
2026/4/21 8:26,二级站出口,2.643
2026/4/21 8:21,二级站出口,2.648
2026/4/21 8:15,二级站出口,2.653
2026/4/21 8:10,二级站出口,2.653
2026/4/21 8:05,二级站出口,2.644
2026/4/21 7:59,二级站出口,2.644
2026/4/21 7:54,二级站出口,2.652
2026/4/21 7:49,二级站出口,2.651
2026/4/21 7:44,二级站出口,2.65
2026/4/21 7:38,二级站出口,2.65
2026/4/21 7:33,二级站出口,2.647
2026/4/21 7:28,二级站出口,2.645
2026/4/21 7:22,二级站出口,2.653
2026/4/21 7:17,二级站出口,2.652
2026/4/21 7:11,二级站出口,2.648
2026/4/21 7:06,二级站出口,2.648
2026/4/21 7:01,二级站出口,2.647
2026/4/21 6:56,二级站出口,2.644
2026/4/21 6:51,二级站出口,2.652
2026/4/21 6:46,二级站出口,2.644
2026/4/21 6:41,二级站出口,2.651
2026/4/21 6:35,二级站出口,2.642
2026/4/21 6:30,二级站出口,2.643
2026/4/21 6:24,二级站出口,2.648
2026/4/21 6:19,二级站出口,2.648
2026/4/21 6:13,二级站出口,2.641
2026/4/21 6:08,二级站出口,2.643
2026/4/21 6:03,二级站出口,2.643
2026/4/21 5:58,二级站出口,2.644
2026/4/21 5:52,二级站出口,2.645
2026/4/21 5:47,二级站出口,2.647
2026/4/21 5:42,二级站出口,2.643
2026/4/21 5:37,二级站出口,2.647
2026/4/21 5:31,二级站出口,2.643
2026/4/21 5:26,二级站出口,2.644
2026/4/21 5:21,二级站出口,2.645
2026/4/21 5:15,二级站出口,2.648
2026/4/21 5:10,二级站出口,2.647
2026/4/21 5:04,二级站出口,2.645
2026/4/21 4:59,二级站出口,2.644
2026/4/21 4:53,二级站出口,2.648
2026/4/21 4:48,二级站出口,2.647
2026/4/21 4:43,二级站出口,2.645
2026/4/21 4:38,二级站出口,2.643
2026/4/21 4:32,二级站出口,2.645
2026/4/21 4:27,二级站出口,2.647
2026/4/21 4:22,二级站出口,2.644
2026/4/21 4:16,二级站出口,2.645
2026/4/21 4:11,二级站出口,2.65
2026/4/21 4:06,二级站出口,2.645
2026/4/21 4:00,二级站出口,2.649
2026/4/21 3:55,二级站出口,2.65
2026/4/21 3:50,二级站出口,2.647
2026/4/21 3:44,二级站出口,2.649
2026/4/21 3:39,二级站出口,2.652
2026/4/21 3:34,二级站出口,2.648
2026/4/21 3:28,二级站出口,2.647
2026/4/21 3:23,二级站出口,2.641
2026/4/21 3:18,二级站出口,2.649
2026/4/21 3:13,二级站出口,2.643
2026/4/21 3:07,二级站出口,2.656
2026/4/21 3:02,二级站出口,2.641
2026/4/21 2:57,二级站出口,2.645
2026/4/21 2:52,二级站出口,2.645
2026/4/21 2:47,二级站出口,2.652
2026/4/21 2:41,二级站出口,2.648
2026/4/21 2:36,二级站出口,2.644
2026/4/21 2:31,二级站出口,2.649
2026/4/21 2:25,二级站出口,2.65
2026/4/21 2:20,二级站出口,2.647
2026/4/21 2:15,二级站出口,2.645
2026/4/21 2:09,二级站出口,2.643
2026/4/21 2:04,二级站出口,2.643
2026/4/21 1:59,二级站出口,2.645
2026/4/21 1:53,二级站出口,2.642
2026/4/21 1:48,二级站出口,2.648
2026/4/21 1:43,二级站出口,2.645
2026/4/21 1:37,二级站出口,2.647
2026/4/21 1:32,二级站出口,2.648
2026/4/21 1:27,二级站出口,2.651
2026/4/21 1:21,二级站出口,2.644
2026/4/21 1:16,二级站出口,2.643
2026/4/21 1:11,二级站出口,2.644
2026/4/21 1:06,二级站出口,2.644
2026/4/21 1:00,二级站出口,2.648
2026/4/21 0:55,二级站出口,2.653
2026/4/21 0:50,二级站出口,2.651
2026/4/21 0:44,二级站出口,2.653
2026/4/21 0:39,二级站出口,2.649
2026/4/21 0:34,二级站出口,2.656
2026/4/21 0:29,二级站出口,2.652
2026/4/21 0:23,二级站出口,2.647
2026/4/21 0:18,二级站出口,2.643
2026/4/21 0:13,二级站出口,2.651
2026/4/21 0:08,二级站出口,2.647
2026/4/21 0:03,二级站出口,2.641
2026/4/20 23:57,二级站出口,2.652
2026/4/20 23:52,二级站出口,2.647
2026/4/20 23:47,二级站出口,2.657
2026/4/20 23:41,二级站出口,2.648
2026/4/20 23:36,二级站出口,2.653
2026/4/20 23:31,二级站出口,2.652
2026/4/20 23:26,二级站出口,2.654
2026/4/20 23:21,二级站出口,2.652
2026/4/20 23:15,二级站出口,2.654
2026/4/20 23:10,二级站出口,2.643
2026/4/20 23:03,二级站出口,2.645
2026/4/20 23:00,二级站出口,2.644
2026/4/20 22:54,二级站出口,2.644
2026/4/20 22:49,二级站出口,2.651
2026/4/20 22:44,二级站出口,2.656
2026/4/20 22:39,二级站出口,2.647
2026/4/20 22:33,二级站出口,2.648
2026/4/20 22:28,二级站出口,2.65
2026/4/20 22:22,二级站出口,2.643
2026/4/20 22:17,二级站出口,2.653
2026/4/20 22:12,二级站出口,2.652
2026/4/20 22:07,二级站出口,2.648
2026/4/20 22:01,二级站出口,2.647
2026/4/20 21:56,二级站出口,2.645
2026/4/20 21:51,二级站出口,2.654
2026/4/20 21:46,二级站出口,2.66
2026/4/20 21:40,二级站出口,2.651
2026/4/20 21:35,二级站出口,2.658
2026/4/20 21:29,二级站出口,2.65
2026/4/20 21:24,二级站出口,2.658
2026/4/20 21:18,二级站出口,2.649
2026/4/20 21:13,二级站出口,2.648
2026/4/20 21:07,二级站出口,2.656
2026/4/20 21:02,二级站出口,2.651
2026/4/20 20:56,二级站出口,2.657
2026/4/20 20:51,二级站出口,2.649
2026/4/20 20:46,二级站出口,2.654
2026/4/20 20:40,二级站出口,2.647
2026/4/20 20:35,二级站出口,2.653
2026/4/20 20:30,二级站出口,2.656
2026/4/20 20:25,二级站出口,2.648
2026/4/20 20:20,二级站出口,2.649
2026/4/20 20:14,二级站出口,2.657
2026/4/20 20:09,二级站出口,2.665
2026/4/20 20:04,二级站出口,2.653
2026/4/20 19:59,二级站出口,2.656
2026/4/20 19:54,二级站出口,2.656
2026/4/20 19:48,二级站出口,2.649
2026/4/20 19:43,二级站出口,2.653
2026/4/20 19:38,二级站出口,2.652
2026/4/20 19:32,二级站出口,2.648
2026/4/20 19:27,二级站出口,2.651
2026/4/20 19:22,二级站出口,2.649
2026/4/20 19:17,二级站出口,2.649
2026/4/20 19:11,二级站出口,2.647
2026/4/20 19:06,二级站出口,2.659
2026/4/20 19:00,二级站出口,2.656
2026/4/20 18:55,二级站出口,2.647
2026/4/20 18:49,二级站出口,2.65
2026/4/20 18:44,二级站出口,2.656
2026/4/20 18:39,二级站出口,2.645
2026/4/20 18:33,二级站出口,2.645
2026/4/20 18:28,二级站出口,2.644
2026/4/20 18:23,二级站出口,2.656
2026/4/20 18:17,二级站出口,2.65
2026/4/20 18:12,二级站出口,2.653
2026/4/20 18:07,二级站出口,2.653
2026/4/20 18:02,二级站出口,2.656
2026/4/20 17:56,二级站出口,2.656
2026/4/20 17:51,二级站出口,2.654
2026/4/20 17:45,二级站出口,2.648
2026/4/20 17:40,二级站出口,2.647
2026/4/20 17:35,二级站出口,2.649
2026/4/20 17:30,二级站出口,2.668
2026/4/20 17:25,二级站出口,2.656
2026/4/20 17:20,二级站出口,2.658
2026/4/20 17:14,二级站出口,2.645
2026/4/20 17:09,二级站出口,2.652
2026/4/20 17:04,二级站出口,2.647
2026/4/20 16:59,二级站出口,2.647
2026/4/20 16:53,二级站出口,2.653
2026/4/20 16:48,二级站出口,2.654
2026/4/20 16:43,二级站出口,2.667
2026/4/20 16:38,二级站出口,2.653
2026/4/20 16:32,二级站出口,2.653
2026/4/20 16:27,二级站出口,2.651
2026/4/20 16:21,二级站出口,2.654
2026/4/20 16:16,二级站出口,2.652
2026/4/20 16:10,二级站出口,2.644
2026/4/20 16:05,二级站出口,2.661
2026/4/20 16:00,二级站出口,2.676
2026/4/20 15:54,二级站出口,2.645
2026/4/20 15:49,二级站出口,2.64
2026/4/20 15:44,二级站出口,2.674
2026/4/20 15:39,二级站出口,2.65
2026/4/20 15:34,二级站出口,2.639
2026/4/20 15:28,二级站出口,2.649
2026/4/20 15:23,二级站出口,2.64
2026/4/20 15:17,二级站出口,2.656
2026/4/20 15:12,二级站出口,2.631
2026/4/20 15:07,二级站出口,2.656
2026/4/20 15:02,二级站出口,2.67
2026/4/20 14:56,二级站出口,2.653
2026/4/20 14:51,二级站出口,2.659
2026/4/20 14:45,二级站出口,2.643
2026/4/20 14:40,二级站出口,2.639
2026/4/20 14:35,二级站出口,2.671
2026/4/20 14:29,二级站出口,2.721
2026/4/20 14:24,二级站出口,2.665
2026/4/20 14:19,二级站出口,2.651
2026/4/20 14:14,二级站出口,2.657
2026/4/20 14:09,二级站出口,2.649
2026/4/20 14:04,二级站出口,2.65
2026/4/20 13:59,二级站出口,2.667
2026/4/20 13:53,二级站出口,2.649
2026/4/20 13:48,二级站出口,2.651
2026/4/20 13:43,二级站出口,2.704
2026/4/20 13:38,二级站出口,2.654
2026/4/20 13:32,二级站出口,2.716
2026/4/20 13:27,二级站出口,2.669
2026/4/20 13:22,二级站出口,2.657
2026/4/20 13:17,二级站出口,2.634
2026/4/20 13:12,二级站出口,2.637
2026/4/20 13:07,二级站出口,2.65
2026/4/20 13:01,二级站出口,2.651
2026/4/20 12:56,二级站出口,2.647
2026/4/20 12:51,二级站出口,2.645
2026/4/20 12:46,二级站出口,2.653
2026/4/20 12:41,二级站出口,2.641
2026/4/20 12:35,二级站出口,2.671
2026/4/20 12:30,二级站出口,2.623
2026/4/20 12:25,二级站出口,2.659
2026/4/20 12:20,二级站出口,2.657
2026/4/20 12:14,二级站出口,2.648
2026/4/20 12:09,二级站出口,2.641
2026/4/20 12:03,二级站出口,2.644
2026/4/20 11:58,二级站出口,2.66
2026/4/20 11:53,二级站出口,2.645
2026/4/20 11:48,二级站出口,2.656
2026/4/20 11:43,二级站出口,2.65
2026/4/20 11:37,二级站出口,2.647
2026/4/20 11:32,二级站出口,2.641
2026/4/20 11:27,二级站出口,2.651
2026/4/20 11:21,二级站出口,2.653
2026/4/20 11:16,二级站出口,2.636
2026/4/20 11:11,二级站出口,2.645
2026/4/20 11:06,二级站出口,2.647
2026/4/20 11:01,二级站出口,2.645
2026/4/20 10:55,二级站出口,2.653
2026/4/20 10:50,二级站出口,2.644
2026/4/20 10:45,二级站出口,2.642
2026/4/20 10:40,二级站出口,2.647
2026/4/20 10:34,二级站出口,2.637
2026/4/20 10:29,二级站出口,2.645
2026/4/20 10:24,二级站出口,2.641
2026/4/20 10:19,二级站出口,2.639
2026/4/20 10:14,二级站出口,2.647
2026/4/20 10:09,二级站出口,2.644
2026/4/20 10:04,二级站出口,2.642
2026/4/20 9:58,二级站出口,2.647
2026/4/20 9:53,二级站出口,2.645
2026/4/20 9:47,二级站出口,2.647
2026/4/20 9:42,二级站出口,2.647
2026/4/20 9:37,二级站出口,2.652
2026/4/20 9:32,二级站出口,2.642
2026/4/20 9:26,二级站出口,2.644
2026/4/20 9:21,二级站出口,2.653
2026/4/20 9:16,二级站出口,2.65
2026/4/20 9:11,二级站出口,2.652
2026/4/20 9:06,二级站出口,2.645
2026/4/20 9:00,二级站出口,2.643
2026/4/20 8:55,二级站出口,2.641
2026/4/20 8:49,二级站出口,2.647
2026/4/20 8:44,二级站出口,2.642
2026/4/20 8:39,二级站出口,2.648
2026/4/20 8:34,二级站出口,2.648
2026/4/20 8:29,二级站出口,2.641
2026/4/20 8:23,二级站出口,2.647
2026/4/20 8:18,二级站出口,2.641
2026/4/20 8:12,二级站出口,2.635
2026/4/20 8:07,二级站出口,2.649
2026/4/20 8:02,二级站出口,2.643
2026/4/20 7:57,二级站出口,2.645
2026/4/20 7:52,二级站出口,2.643
2026/4/20 7:47,二级站出口,2.64
2026/4/20 7:41,二级站出口,2.635
2026/4/20 7:36,二级站出口,2.642
2026/4/20 7:31,二级站出口,2.632
2026/4/20 7:26,二级站出口,2.64
2026/4/20 7:20,二级站出口,2.64
2026/4/20 7:15,二级站出口,2.642
2026/4/20 7:10,二级站出口,2.642
2026/4/20 7:05,二级站出口,2.639
2026/4/20 7:00,二级站出口,2.635
2026/4/20 6:54,二级站出口,2.642
2026/4/20 6:49,二级站出口,2.639
2026/4/20 6:44,二级站出口,2.635
2026/4/20 6:39,二级站出口,2.635
2026/4/20 6:34,二级站出口,2.634
2026/4/20 6:28,二级站出口,2.645
2026/4/20 6:23,二级站出口,2.642
2026/4/20 6:18,二级站出口,2.64
2026/4/20 6:13,二级站出口,2.64
2026/4/20 6:07,二级站出口,2.639
2026/4/20 6:02,二级站出口,2.642
2026/4/20 5:57,二级站出口,2.637
2026/4/20 5:52,二级站出口,2.637
2026/4/20 5:46,二级站出口,2.636
2026/4/20 5:41,二级站出口,2.633
2026/4/20 5:36,二级站出口,2.639
2026/4/20 5:30,二级站出口,2.641
2026/4/20 5:25,二级站出口,2.636
2026/4/20 5:20,二级站出口,2.641
2026/4/20 5:15,二级站出口,2.643
2026/4/20 5:10,二级站出口,2.642
2026/4/20 5:05,二级站出口,2.648
2026/4/20 5:00,二级站出口,2.642
2026/4/20 4:54,二级站出口,2.64
2026/4/20 4:49,二级站出口,2.639
2026/4/20 4:44,二级站出口,2.637
2026/4/20 4:39,二级站出口,2.636
2026/4/20 4:33,二级站出口,2.639
2026/4/20 4:28,二级站出口,2.635
2026/4/20 4:23,二级站出口,2.64
2026/4/20 4:17,二级站出口,2.636
2026/4/20 4:12,二级站出口,2.64
2026/4/20 4:07,二级站出口,2.639
2026/4/20 4:01,二级站出口,2.634
2026/4/20 3:56,二级站出口,2.641
2026/4/20 3:51,二级站出口,2.636
2026/4/20 3:46,二级站出口,2.639
2026/4/20 3:40,二级站出口,2.644
2026/4/20 3:35,二级站出口,2.639
2026/4/20 3:29,二级站出口,2.64
2026/4/20 3:24,二级站出口,2.64
2026/4/20 3:18,二级站出口,2.642
2026/4/20 3:13,二级站出口,2.642
2026/4/20 3:08,二级站出口,2.637
2026/4/20 3:03,二级站出口,2.635
2026/4/20 2:57,二级站出口,2.637
2026/4/20 2:52,二级站出口,2.643
2026/4/20 2:46,二级站出口,2.635
2026/4/20 2:41,二级站出口,2.643
2026/4/20 2:36,二级站出口,2.644
2026/4/20 2:31,二级站出口,2.639
2026/4/20 2:26,二级站出口,2.642
2026/4/20 2:21,二级站出口,2.64
2026/4/20 2:15,二级站出口,2.643
2026/4/20 2:10,二级站出口,2.642
2026/4/20 2:05,二级站出口,2.64
2026/4/20 2:00,二级站出口,2.636
2026/4/20 1:54,二级站出口,2.63
2026/4/20 1:49,二级站出口,2.639
2026/4/20 1:43,二级站出口,2.639
2026/4/20 1:38,二级站出口,2.641
2026/4/20 1:33,二级站出口,2.635
2026/4/20 1:28,二级站出口,2.632
2026/4/20 1:23,二级站出口,3.972
2026/4/20 1:17,二级站出口,3.962
2026/4/20 1:12,二级站出口,3.97
2026/4/20 1:07,二级站出口,3.966
2026/4/20 1:01,二级站出口,3.966
2026/4/20 0:56,二级站出口,3.962
2026/4/20 0:51,二级站出口,3.969
2026/4/20 0:46,二级站出口,3.962
2026/4/20 0:41,二级站出口,3.975
2026/4/20 0:35,二级站出口,3.969
2026/4/20 0:30,二级站出口,3.967
2026/4/20 0:25,二级站出口,3.973
2026/4/20 0:20,二级站出口,3.962
2026/4/20 0:15,二级站出口,3.967
2026/4/20 0:09,二级站出口,3.967
2026/4/20 0:04,二级站出口,3.963
2026/4/19 23:59,二级站出口,3.973
2026/4/19 23:54,二级站出口,3.959
2026/4/19 23:49,二级站出口,3.968
2026/4/19 23:43,二级站出口,3.967
2026/4/19 23:38,二级站出口,3.971
2026/4/19 23:33,二级站出口,3.973
2026/4/19 23:28,二级站出口,3.966
2026/4/19 23:22,二级站出口,3.966
2026/4/19 23:17,二级站出口,3.962
2026/4/19 23:12,二级站出口,3.957
2026/4/19 23:07,二级站出口,3.963
2026/4/19 23:01,二级站出口,3.965
2026/4/19 22:56,二级站出口,3.975
2026/4/19 22:51,二级站出口,3.967
2026/4/19 22:46,二级站出口,3.974
2026/4/19 22:41,二级站出口,3.97
2026/4/19 22:35,二级站出口,3.964
2026/4/19 22:30,二级站出口,3.983
2026/4/19 22:25,二级站出口,3.976
2026/4/19 22:20,二级站出口,3.964
2026/4/19 22:14,二级站出口,3.983
2026/4/19 22:09,二级站出口,3.981
2026/4/19 22:03,二级站出口,3.964
2026/4/19 21:58,二级站出口,3.983
2026/4/19 21:53,二级站出口,3.967
2026/4/19 21:47,二级站出口,3.981
2026/4/19 21:42,二级站出口,3.966
2026/4/19 21:37,二级站出口,3.976
2026/4/19 21:32,二级站出口,3.98
2026/4/19 21:27,二级站出口,3.977
2026/4/19 21:21,二级站出口,3.964
2026/4/19 21:16,二级站出口,3.971
2026/4/19 21:10,二级站出口,3.964
2026/4/19 21:05,二级站出口,3.975
2026/4/19 20:59,二级站出口,3.962
2026/4/19 20:54,二级站出口,3.977
2026/4/19 20:48,二级站出口,3.975
2026/4/19 20:43,二级站出口,3.966
2026/4/19 20:38,二级站出口,3.972
2026/4/19 20:32,二级站出口,3.973
2026/4/19 20:27,二级站出口,3.971
2026/4/19 20:22,二级站出口,3.974
2026/4/19 20:16,二级站出口,3.967
2026/4/19 20:11,二级站出口,3.969
2026/4/19 20:06,二级站出口,3.967
2026/4/19 20:01,二级站出口,3.967
2026/4/19 19:55,二级站出口,3.965
2026/4/19 19:50,二级站出口,3.973
2026/4/19 19:45,二级站出口,3.969
2026/4/19 19:40,二级站出口,3.966
2026/4/19 19:35,二级站出口,3.979
2026/4/19 19:30,二级站出口,3.975
2026/4/19 19:24,二级站出口,3.967
2026/4/19 19:19,二级站出口,3.972
2026/4/19 19:14,二级站出口,3.968
2026/4/19 19:08,二级站出口,3.967
2026/4/19 19:03,二级站出口,3.975
2026/4/19 18:58,二级站出口,3.968
2026/4/19 18:52,二级站出口,3.959
2026/4/19 18:47,二级站出口,3.963
2026/4/19 18:41,二级站出口,3.963
2026/4/19 18:36,二级站出口,3.96
2026/4/19 18:31,二级站出口,3.972
2026/4/19 18:25,二级站出口,3.963
2026/4/19 18:20,二级站出口,3.963
2026/4/19 18:15,二级站出口,3.962
2026/4/19 18:09,二级站出口,3.959
2026/4/19 18:04,二级站出口,3.978
2026/4/19 17:59,二级站出口,3.966
2026/4/19 17:53,二级站出口,3.981
2026/4/19 17:48,二级站出口,3.964
2026/4/19 17:43,二级站出口,3.967
2026/4/19 17:37,二级站出口,3.969
2026/4/19 17:32,二级站出口,3.968
2026/4/19 17:26,二级站出口,3.974
2026/4/19 17:21,二级站出口,3.964
2026/4/19 17:16,二级站出口,3.965
2026/4/19 17:11,二级站出口,3.967
2026/4/19 17:05,二级站出口,3.964
2026/4/19 17:00,二级站出口,3.979
2026/4/19 16:55,二级站出口,3.981
2026/4/19 16:50,二级站出口,3.965
2026/4/19 16:44,二级站出口,3.983
2026/4/19 16:39,二级站出口,3.968
2026/4/19 16:34,二级站出口,3.968
2026/4/19 16:28,二级站出口,3.963
2026/4/19 16:23,二级站出口,3.96
2026/4/19 16:18,二级站出口,3.963
2026/4/19 16:12,二级站出口,3.961
2026/4/19 16:07,二级站出口,3.982
2026/4/19 16:01,二级站出口,3.981
2026/4/19 15:56,二级站出口,3.965
2026/4/19 15:50,二级站出口,3.981
2026/4/19 15:45,二级站出口,3.978
2026/4/19 15:40,二级站出口,3.97
2026/4/19 15:34,二级站出口,3.971
2026/4/19 15:29,二级站出口,3.972
2026/4/19 15:24,二级站出口,3.979
2026/4/19 15:19,二级站出口,3.98
2026/4/19 15:13,二级站出口,3.981
2026/4/19 15:08,二级站出口,3.965
2026/4/19 15:03,二级站出口,3.971
2026/4/19 14:58,二级站出口,3.967
2026/4/19 14:52,二级站出口,3.978
2026/4/19 14:47,二级站出口,3.966
2026/4/19 14:41,二级站出口,3.969
2026/4/19 14:36,二级站出口,3.983
2026/4/19 14:30,二级站出口,3.971
2026/4/19 14:25,二级站出口,3.982
2026/4/19 14:19,二级站出口,3.983
2026/4/19 14:14,二级站出口,3.971
2026/4/19 14:09,二级站出口,3.967
2026/4/19 14:04,二级站出口,3.966
2026/4/19 13:58,二级站出口,3.97
2026/4/19 13:53,二级站出口,3.97
2026/4/19 13:48,二级站出口,3.991
2026/4/19 13:42,二级站出口,3.968
2026/4/19 13:37,二级站出口,3.98
2026/4/19 13:32,二级站出口,4.001
2026/4/19 13:26,二级站出口,3.984
2026/4/19 13:21,二级站出口,3.973
2026/4/19 13:16,二级站出口,3.972
2026/4/19 13:10,二级站出口,3.984
2026/4/19 13:05,二级站出口,3.963
2026/4/19 12:59,二级站出口,3.994
2026/4/19 12:54,二级站出口,3.968
2026/4/19 12:49,二级站出口,3.953
2026/4/19 12:43,二级站出口,3.968
2026/4/19 12:38,二级站出口,3.967
2026/4/19 12:32,二级站出口,3.979
2026/4/19 12:27,二级站出口,3.96
2026/4/19 12:21,二级站出口,3.966
2026/4/19 12:16,二级站出口,3.971
2026/4/19 12:11,二级站出口,3.984
2026/4/19 12:05,二级站出口,3.972
2026/4/19 12:00,二级站出口,3.988
2026/4/19 11:55,二级站出口,3.993
2026/4/19 11:49,二级站出口,3.975
2026/4/19 11:44,二级站出口,3.975
2026/4/19 11:39,二级站出口,3.983
2026/4/19 11:34,二级站出口,3.984
2026/4/19 11:28,二级站出口,3.984
2026/4/19 11:23,二级站出口,3.988
2026/4/19 11:18,二级站出口,3.971
2026/4/19 11:12,二级站出口,3.981
2026/4/19 11:07,二级站出口,3.989
2026/4/19 11:02,二级站出口,3.971
2026/4/19 10:57,二级站出口,3.977
2026/4/19 10:51,二级站出口,3.986
2026/4/19 10:46,二级站出口,3.976
2026/4/19 10:41,二级站出口,3.99
2026/4/19 10:35,二级站出口,3.975
2026/4/19 10:30,二级站出口,3.977
2026/4/19 10:25,二级站出口,3.983
2026/4/19 10:20,二级站出口,3.979
2026/4/19 10:15,二级站出口,3.974
2026/4/19 10:10,二级站出口,3.964
2026/4/19 10:04,二级站出口,3.974
2026/4/19 9:59,二级站出口,3.981
2026/4/19 9:54,二级站出口,2.643
2026/4/19 9:48,二级站出口,2.636
2026/4/19 9:43,二级站出口,2.651
2026/4/19 9:38,二级站出口,2.64
2026/4/19 9:33,二级站出口,2.642
2026/4/19 9:28,二级站出口,2.645
2026/4/19 9:22,二级站出口,2.644
2026/4/19 9:17,二级站出口,2.647
2026/4/19 9:11,二级站出口,2.648
2026/4/19 9:06,二级站出口,2.648
2026/4/19 9:01,二级站出口,2.64
2026/4/19 8:55,二级站出口,2.641
2026/4/19 8:50,二级站出口,2.636
2026/4/19 8:44,二级站出口,2.647
2026/4/19 8:39,二级站出口,2.641
2026/4/19 8:33,二级站出口,2.647
2026/4/19 8:28,二级站出口,2.64
2026/4/19 8:23,二级站出口,2.642
2026/4/19 8:18,二级站出口,2.645
2026/4/19 8:12,二级站出口,2.647
2026/4/19 8:07,二级站出口,2.649
2026/4/19 8:02,二级站出口,2.648
2026/4/19 7:57,二级站出口,2.652
2026/4/19 7:51,二级站出口,2.649
2026/4/19 7:46,二级站出口,2.643
2026/4/19 7:41,二级站出口,2.639
2026/4/19 7:36,二级站出口,2.648
2026/4/19 7:31,二级站出口,2.652
2026/4/19 7:26,二级站出口,2.65
2026/4/19 7:20,二级站出口,2.648
2026/4/19 7:15,二级站出口,2.65
2026/4/19 7:09,二级站出口,2.642
2026/4/19 7:04,二级站出口,2.658
2026/4/19 6:58,二级站出口,2.648
2026/4/19 6:53,二级站出口,2.645
2026/4/19 6:48,二级站出口,2.65
2026/4/19 6:42,二级站出口,2.645
2026/4/19 6:37,二级站出口,2.647
2026/4/19 6:32,二级站出口,2.648
2026/4/19 6:26,二级站出口,2.657
2026/4/19 6:21,二级站出口,2.645
2026/4/19 6:16,二级站出口,2.654
2026/4/19 6:11,二级站出口,2.648
2026/4/19 6:05,二级站出口,2.649
2026/4/19 6:00,二级站出口,2.649
2026/4/19 5:55,二级站出口,2.649
2026/4/19 5:50,二级站出口,2.657
2026/4/19 5:45,二级站出口,2.648
2026/4/19 5:40,二级站出口,2.649
2026/4/19 5:34,二级站出口,2.651
2026/4/19 5:29,二级站出口,2.653
2026/4/19 5:24,二级站出口,2.643
2026/4/19 5:18,二级站出口,2.647
2026/4/19 5:13,二级站出口,3.819
2026/4/19 5:07,二级站出口,3.969
2026/4/19 5:02,二级站出口,3.978
2026/4/19 4:56,二级站出口,3.969
2026/4/19 4:51,二级站出口,3.965
2026/4/19 4:45,二级站出口,3.965
2026/4/19 4:40,二级站出口,3.972
2026/4/19 4:34,二级站出口,3.969
2026/4/19 4:29,二级站出口,3.96
2026/4/19 4:24,二级站出口,3.967
2026/4/19 4:19,二级站出口,3.968
2026/4/19 4:14,二级站出口,3.965
2026/4/19 4:09,二级站出口,3.96
2026/4/19 4:03,二级站出口,3.966
2026/4/19 3:58,二级站出口,3.967
2026/4/19 3:53,二级站出口,3.961
2026/4/19 3:48,二级站出口,3.972
2026/4/19 3:43,二级站出口,3.979
2026/4/19 3:37,二级站出口,3.962
2026/4/19 3:32,二级站出口,3.974
2026/4/19 3:26,二级站出口,3.967
2026/4/19 3:21,二级站出口,3.969
2026/4/19 3:15,二级站出口,3.968
2026/4/19 3:10,二级站出口,3.964
2026/4/19 3:05,二级站出口,3.977
2026/4/19 2:59,二级站出口,3.977
2026/4/19 2:54,二级站出口,3.978
2026/4/19 2:49,二级站出口,3.967
2026/4/19 2:44,二级站出口,3.979
2026/4/19 2:39,二级站出口,3.98
2026/4/19 2:34,二级站出口,3.983
2026/4/19 2:28,二级站出口,3.969
2026/4/19 2:23,二级站出口,3.983
2026/4/19 2:18,二级站出口,3.977
2026/4/19 2:12,二级站出口,3.979
2026/4/19 2:07,二级站出口,3.97
2026/4/19 2:02,二级站出口,3.984
2026/4/19 1:57,二级站出口,3.974
2026/4/19 1:52,二级站出口,3.977
2026/4/19 1:46,二级站出口,3.976
2026/4/19 1:41,二级站出口,3.969
2026/4/19 1:36,二级站出口,3.977
2026/4/19 1:31,二级站出口,3.979
2026/4/19 1:26,二级站出口,3.981
2026/4/19 1:21,二级站出口,3.98
2026/4/19 1:15,二级站出口,3.981
2026/4/19 1:10,二级站出口,3.976
2026/4/19 1:05,二级站出口,3.971
2026/4/19 1:00,二级站出口,3.976
2026/4/19 0:55,二级站出口,3.98
2026/4/19 0:49,二级站出口,3.974
2026/4/19 0:44,二级站出口,3.98
2026/4/19 0:39,二级站出口,3.983
2026/4/19 0:33,二级站出口,3.966
2026/4/19 0:28,二级站出口,3.979
2026/4/19 0:23,二级站出口,3.98
2026/4/19 0:17,二级站出口,3.974
2026/4/19 0:12,二级站出口,3.979
2026/4/19 0:07,二级站出口,3.97
2026/4/19 0:02,二级站出口,3.97
2026/4/18 23:56,二级站出口,3.984
2026/4/18 23:51,二级站出口,3.985
2026/4/18 23:46,二级站出口,3.978
2026/4/18 23:41,二级站出口,3.984
2026/4/18 23:36,二级站出口,3.977
2026/4/18 23:31,二级站出口,3.985
2026/4/18 23:25,二级站出口,3.98
2026/4/18 23:20,二级站出口,3.976
2026/4/18 23:14,二级站出口,3.977
2026/4/18 23:09,二级站出口,3.98
2026/4/18 23:04,二级站出口,3.983
2026/4/18 22:58,二级站出口,3.974
2026/4/18 22:53,二级站出口,3.983
2026/4/18 22:48,二级站出口,3.978
2026/4/18 22:43,二级站出口,3.984
2026/4/18 22:37,二级站出口,3.975
2026/4/18 22:32,二级站出口,3.98
2026/4/18 22:27,二级站出口,3.965
2026/4/18 22:22,二级站出口,3.971
2026/4/18 22:17,二级站出口,3.981
2026/4/18 22:11,二级站出口,3.984
2026/4/18 22:06,二级站出口,3.987
2026/4/18 22:00,二级站出口,3.971
2026/4/18 21:55,二级站出口,3.98
2026/4/18 21:50,二级站出口,3.975
2026/4/18 21:45,二级站出口,3.974
2026/4/18 21:39,二级站出口,3.977
2026/4/18 21:34,二级站出口,3.973
2026/4/18 21:29,二级站出口,3.969
2026/4/18 21:24,二级站出口,3.977
2026/4/18 21:18,二级站出口,3.964
2026/4/18 21:13,二级站出口,3.966
2026/4/18 21:07,二级站出口,3.962
2026/4/18 21:02,二级站出口,3.972
2026/4/18 20:57,二级站出口,3.969
2026/4/18 20:52,二级站出口,3.96
2026/4/18 20:47,二级站出口,3.966
2026/4/18 20:42,二级站出口,3.966
2026/4/18 20:36,二级站出口,3.961
2026/4/18 20:31,二级站出口,3.952
2026/4/18 20:26,二级站出口,3.951
2026/4/18 20:20,二级站出口,3.952
2026/4/18 20:15,二级站出口,3.958
2026/4/18 20:10,二级站出口,3.951
2026/4/18 20:05,二级站出口,3.96
2026/4/18 19:59,二级站出口,3.954
2026/4/18 19:54,二级站出口,3.959
2026/4/18 19:49,二级站出口,3.958
2026/4/18 19:43,二级站出口,3.959
2026/4/18 19:38,二级站出口,3.948
2026/4/18 19:33,二级站出口,3.957
2026/4/18 19:28,二级站出口,3.954
2026/4/18 19:22,二级站出口,3.961
2026/4/18 19:17,二级站出口,3.949
2026/4/18 19:12,二级站出口,3.953
2026/4/18 19:06,二级站出口,3.955
2026/4/18 19:01,二级站出口,3.956
2026/4/18 18:56,二级站出口,3.954
2026/4/18 18:51,二级站出口,3.949
2026/4/18 18:46,二级站出口,3.95
2026/4/18 18:40,二级站出口,3.949
2026/4/18 18:35,二级站出口,3.957
2026/4/18 18:30,二级站出口,3.942
2026/4/18 18:25,二级站出口,3.952
2026/4/18 18:19,二级站出口,3.954
2026/4/18 18:14,二级站出口,3.955
2026/4/18 18:09,二级站出口,3.941
2026/4/18 18:04,二级站出口,3.963
2026/4/18 17:58,二级站出口,3.967
2026/4/18 17:53,二级站出口,3.967
2026/4/18 17:48,二级站出口,3.95
2026/4/18 17:42,二级站出口,3.96
2026/4/18 17:37,二级站出口,3.96
2026/4/18 17:31,二级站出口,3.953
2026/4/18 17:26,二级站出口,3.959
2026/4/18 17:20,二级站出口,3.966
2026/4/18 17:15,二级站出口,3.961
2026/4/18 17:10,二级站出口,3.974
2026/4/18 17:05,二级站出口,3.971
2026/4/18 17:00,二级站出口,3.974
2026/4/18 16:54,二级站出口,3.963
2026/4/18 16:49,二级站出口,3.962
2026/4/18 16:44,二级站出口,3.97
2026/4/18 16:38,二级站出口,3.982
2026/4/18 16:33,二级站出口,3.967
2026/4/18 16:27,二级站出口,3.98
2026/4/18 16:22,二级站出口,3.981
2026/4/18 16:17,二级站出口,3.982
2026/4/18 16:11,二级站出口,3.986
2026/4/18 16:06,二级站出口,3.98
2026/4/18 16:01,二级站出口,3.993
2026/4/18 15:55,二级站出口,3.992
2026/4/18 15:50,二级站出口,3.989
2026/4/18 15:44,二级站出口,3.981
2026/4/18 15:39,二级站出口,3.982
2026/4/18 15:34,二级站出口,3.992
2026/4/18 15:28,二级站出口,3.989
2026/4/18 15:23,二级站出口,3.986
2026/4/18 15:18,二级站出口,3.991
2026/4/18 15:12,二级站出口,3.979
2026/4/18 15:07,二级站出口,3.979
2026/4/18 15:02,二级站出口,3.996
2026/4/18 14:57,二级站出口,3.997
2026/4/18 14:52,二级站出口,3.968
2026/4/18 14:46,二级站出口,3.979
2026/4/18 14:41,二级站出口,3.979
2026/4/18 14:36,二级站出口,3.976
2026/4/18 14:30,二级站出口,3.988
2026/4/18 14:25,二级站出口,3.984
2026/4/18 14:20,二级站出口,3.985
2026/4/18 14:15,二级站出口,3.976
2026/4/18 14:09,二级站出口,3.97
2026/4/18 14:04,二级站出口,3.979
2026/4/18 13:58,二级站出口,3.974
2026/4/18 13:53,二级站出口,3.968
2026/4/18 13:48,二级站出口,3.968
2026/4/18 13:43,二级站出口,3.974
2026/4/18 13:37,二级站出口,3.972
2026/4/18 13:32,二级站出口,3.987
2026/4/18 13:27,二级站出口,3.984
2026/4/18 13:22,二级站出口,3.977
2026/4/18 13:16,二级站出口,3.953
2026/4/18 13:11,二级站出口,3.981
2026/4/18 13:06,二级站出口,3.971
2026/4/18 13:01,二级站出口,3.967
2026/4/18 12:56,二级站出口,3.964
2026/4/18 12:50,二级站出口,3.982
2026/4/18 12:45,二级站出口,3.955
2026/4/18 12:40,二级站出口,3.965
2026/4/18 12:35,二级站出口,3.971
2026/4/18 12:29,二级站出口,3.976
2026/4/18 12:24,二级站出口,3.959
2026/4/18 12:19,二级站出口,3.973
2026/4/18 12:14,二级站出口,3.979
2026/4/18 12:08,二级站出口,3.978
2026/4/18 12:03,二级站出口,3.962
2026/4/18 11:58,二级站出口,3.982
2026/4/18 11:53,二级站出口,3.977
2026/4/18 11:47,二级站出口,3.977
2026/4/18 11:42,二级站出口,3.98
2026/4/18 11:37,二级站出口,3.977
2026/4/18 11:31,二级站出口,2.65
2026/4/18 11:26,二级站出口,2.647
2026/4/18 11:21,二级站出口,2.651
2026/4/18 11:16,二级站出口,2.644
2026/4/18 11:11,二级站出口,2.642
2026/4/18 11:06,二级站出口,2.64
2026/4/18 11:00,二级站出口,2.641
2026/4/18 10:55,二级站出口,2.641
2026/4/18 10:50,二级站出口,2.647
2026/4/18 10:44,二级站出口,2.64
2026/4/18 10:39,二级站出口,2.643
2026/4/18 10:34,二级站出口,2.647
2026/4/18 10:28,二级站出口,2.637
2026/4/18 10:23,二级站出口,2.644
2026/4/18 10:18,二级站出口,2.649
2026/4/18 10:13,二级站出口,2.643
2026/4/18 10:08,二级站出口,2.65
2026/4/18 10:02,二级站出口,2.645
2026/4/18 9:57,二级站出口,2.651
2026/4/18 9:52,二级站出口,2.64
2026/4/18 9:47,二级站出口,2.648
2026/4/18 9:41,二级站出口,2.635
2026/4/18 9:36,二级站出口,2.643
2026/4/18 9:30,二级站出口,2.644
2026/4/18 9:25,二级站出口,2.64
2026/4/18 9:20,二级站出口,2.641
2026/4/18 9:15,二级站出口,2.648
2026/4/18 9:10,二级站出口,2.649
2026/4/18 9:05,二级站出口,2.645
2026/4/18 9:00,二级站出口,2.643
2026/4/18 8:54,二级站出口,2.641
2026/4/18 8:49,二级站出口,2.636
2026/4/18 8:44,二级站出口,2.649
2026/4/18 8:39,二级站出口,2.65
2026/4/18 8:33,二级站出口,2.651
2026/4/18 8:28,二级站出口,2.641
2026/4/18 8:22,二级站出口,2.649
2026/4/18 8:17,二级站出口,2.651
2026/4/18 8:11,二级站出口,2.649
2026/4/18 8:06,二级站出口,2.647
2026/4/18 8:00,二级站出口,2.644
2026/4/18 7:55,二级站出口,2.645
2026/4/18 7:50,二级站出口,2.648
2026/4/18 7:44,二级站出口,2.649
2026/4/18 7:39,二级站出口,2.641
2026/4/18 7:34,二级站出口,2.64
2026/4/18 7:28,二级站出口,2.647
2026/4/18 7:23,二级站出口,2.639
2026/4/18 7:17,二级站出口,2.64
2026/4/18 7:12,二级站出口,2.642
2026/4/18 7:06,二级站出口,2.634
2026/4/18 7:01,二级站出口,2.645
2026/4/18 6:56,二级站出口,2.648
2026/4/18 6:50,二级站出口,2.642
2026/4/18 6:45,二级站出口,2.645
2026/4/18 6:39,二级站出口,2.644
2026/4/18 6:34,二级站出口,2.639
2026/4/18 6:28,二级站出口,2.642
2026/4/18 6:23,二级站出口,2.642
2026/4/18 6:18,二级站出口,2.644
2026/4/18 6:12,二级站出口,2.642
2026/4/18 6:07,二级站出口,2.645
2026/4/18 6:01,二级站出口,2.644
2026/4/18 5:56,二级站出口,2.639
2026/4/18 5:50,二级站出口,2.644
2026/4/18 5:45,二级站出口,2.636
2026/4/18 5:39,二级站出口,2.643
2026/4/18 5:34,二级站出口,2.643
2026/4/18 5:29,二级站出口,2.636
2026/4/18 5:24,二级站出口,2.637
2026/4/18 5:18,二级站出口,2.633
2026/4/18 5:13,二级站出口,2.639
2026/4/18 5:08,二级站出口,2.639
2026/4/18 5:03,二级站出口,2.636
2026/4/18 4:57,二级站出口,2.641
2026/4/18 4:52,二级站出口,2.642
2026/4/18 4:47,二级站出口,2.637
2026/4/18 4:42,二级站出口,2.64
2026/4/18 4:37,二级站出口,2.636
2026/4/18 4:31,二级站出口,2.641
2026/4/18 4:26,二级站出口,2.639
2026/4/18 4:21,二级站出口,2.639
2026/4/18 4:16,二级站出口,3.956
2026/4/18 4:11,二级站出口,3.959
2026/4/18 4:05,二级站出口,3.957
2026/4/18 4:00,二级站出口,3.955
2026/4/18 3:55,二级站出口,3.971
2026/4/18 3:50,二级站出口,3.966
2026/4/18 3:45,二级站出口,3.955
2026/4/18 3:39,二级站出口,3.96
2026/4/18 3:34,二级站出口,3.961
2026/4/18 3:29,二级站出口,3.965
2026/4/18 3:24,二级站出口,3.971
2026/4/18 3:18,二级站出口,3.973
2026/4/18 3:13,二级站出口,3.963
2026/4/18 3:07,二级站出口,3.966
2026/4/18 3:02,二级站出口,3.952
2026/4/18 2:57,二级站出口,3.962
2026/4/18 2:52,二级站出口,3.963
2026/4/18 2:46,二级站出口,3.959
2026/4/18 2:41,二级站出口,3.96
2026/4/18 2:36,二级站出口,3.967
2026/4/18 2:30,二级站出口,3.966
2026/4/18 2:25,二级站出口,3.964
2026/4/18 2:19,二级站出口,3.971
2026/4/18 2:14,二级站出口,3.972
2026/4/18 2:09,二级站出口,3.959
2026/4/18 2:03,二级站出口,3.972
2026/4/18 1:58,二级站出口,3.962
2026/4/18 1:52,二级站出口,3.973
2026/4/18 1:47,二级站出口,3.964
2026/4/18 1:42,二级站出口,3.965
2026/4/18 1:36,二级站出口,3.957
2026/4/18 1:31,二级站出口,3.956
2026/4/18 1:26,二级站出口,3.965
2026/4/18 1:21,二级站出口,3.958
2026/4/18 1:16,二级站出口,3.965
2026/4/18 1:11,二级站出口,3.952
2026/4/18 1:02,二级站出口,3.945
2026/4/18 1:00,二级站出口,3.95
2026/4/18 0:55,二级站出口,3.961
2026/4/18 0:50,二级站出口,3.96
2026/4/18 0:45,二级站出口,3.948
2026/4/18 0:40,二级站出口,3.952
2026/4/18 0:35,二级站出口,3.942
2026/4/18 0:29,二级站出口,3.947
2026/4/18 0:24,二级站出口,3.954
2026/4/18 0:19,二级站出口,3.945
2026/4/18 0:13,二级站出口,3.952
2026/4/18 0:08,二级站出口,3.934
2026/4/18 0:03,二级站出口,3.934
2026/4/17 23:58,二级站出口,3.946
2026/4/17 23:53,二级站出口,3.944
2026/4/17 23:47,二级站出口,3.941
2026/4/17 23:42,二级站出口,3.933
2026/4/17 23:37,二级站出口,3.941
2026/4/17 23:32,二级站出口,3.937
2026/4/17 23:27,二级站出口,3.927
2026/4/17 23:22,二级站出口,3.94
2026/4/17 23:16,二级站出口,3.932
2026/4/17 23:11,二级站出口,3.934
2026/4/17 23:04,二级站出口,3.938
2026/4/17 23:01,二级站出口,3.928
2026/4/17 22:55,二级站出口,3.933
2026/4/17 22:50,二级站出口,3.933
2026/4/17 22:45,二级站出口,3.937
2026/4/17 22:39,二级站出口,3.942
2026/4/17 22:34,二级站出口,3.943
2026/4/17 22:29,二级站出口,3.942
2026/4/17 22:24,二级站出口,3.945
2026/4/17 22:18,二级站出口,3.948
2026/4/17 22:13,二级站出口,3.936
2026/4/17 22:07,二级站出口,3.946
2026/4/17 22:02,二级站出口,3.941
2026/4/17 21:57,二级站出口,3.947
2026/4/17 21:51,二级站出口,3.953
2026/4/17 21:46,二级站出口,3.95
2026/4/17 21:41,二级站出口,3.956
2026/4/17 21:36,二级站出口,3.957
2026/4/17 21:30,二级站出口,3.942
2026/4/17 21:25,二级站出口,3.951
2026/4/17 21:20,二级站出口,3.953
2026/4/17 21:15,二级站出口,3.95
2026/4/17 21:10,二级站出口,3.961
2026/4/17 21:05,二级站出口,3.956
2026/4/17 20:59,二级站出口,3.95
2026/4/17 20:54,二级站出口,3.951
2026/4/17 20:49,二级站出口,3.96
2026/4/17 20:43,二级站出口,3.963
2026/4/17 20:38,二级站出口,3.952
2026/4/17 20:33,二级站出口,3.97
2026/4/17 20:28,二级站出口,3.948
2026/4/17 20:22,二级站出口,3.947
2026/4/17 20:17,二级站出口,3.946
2026/4/17 20:12,二级站出口,3.945
2026/4/17 20:06,二级站出口,3.96
2026/4/17 20:01,二级站出口,3.953
2026/4/17 19:55,二级站出口,3.957
2026/4/17 19:50,二级站出口,3.964
2026/4/17 19:45,二级站出口,3.941
2026/4/17 19:40,二级站出口,3.948
2026/4/17 19:35,二级站出口,3.968
2026/4/17 19:30,二级站出口,3.957
2026/4/17 19:24,二级站出口,3.956
2026/4/17 19:19,二级站出口,3.963
2026/4/17 19:13,二级站出口,3.959
2026/4/17 19:08,二级站出口,3.97
2026/4/17 19:03,二级站出口,3.96
2026/4/17 18:57,二级站出口,3.97
2026/4/17 18:52,二级站出口,3.967
2026/4/17 18:47,二级站出口,3.958
2026/4/17 18:42,二级站出口,3.964
2026/4/17 18:36,二级站出口,3.972
2026/4/17 18:31,二级站出口,3.959
2026/4/17 18:26,二级站出口,3.967
2026/4/17 18:21,二级站出口,3.963
2026/4/17 18:15,二级站出口,3.973
2026/4/17 18:10,二级站出口,3.964
2026/4/17 18:05,二级站出口,3.962
2026/4/17 18:00,二级站出口,3.971
2026/4/17 17:54,二级站出口,3.959
2026/4/17 17:49,二级站出口,3.961
2026/4/17 17:44,二级站出口,3.968
2026/4/17 17:38,二级站出口,3.965
2026/4/17 17:33,二级站出口,4.023
2026/4/17 17:28,二级站出口,3.96
2026/4/17 17:23,二级站出口,3.976
2026/4/17 17:18,二级站出口,3.96
2026/4/17 17:12,二级站出口,3.977
2026/4/17 17:07,二级站出口,3.97
2026/4/17 17:02,二级站出口,3.968
2026/4/17 16:57,二级站出口,3.976
2026/4/17 16:51,二级站出口,3.984
2026/4/17 16:46,二级站出口,3.968
2026/4/17 16:40,二级站出口,3.977
2026/4/17 16:35,二级站出口,3.963
2026/4/17 16:29,二级站出口,3.972
2026/4/17 16:24,二级站出口,3.962
2026/4/17 16:18,二级站出口,3.962
2026/4/17 16:13,二级站出口,3.965
2026/4/17 16:08,二级站出口,3.97
2026/4/17 16:03,二级站出口,3.958
2026/4/17 15:57,二级站出口,3.969
2026/4/17 15:52,二级站出口,3.953
2026/4/17 15:47,二级站出口,3.967
2026/4/17 15:42,二级站出口,3.932
2026/4/17 15:36,二级站出口,3.952
2026/4/17 15:31,二级站出口,3.967
2026/4/17 15:26,二级站出口,3.964
2026/4/17 15:20,二级站出口,3.956
2026/4/17 15:15,二级站出口,3.95
2026/4/17 15:10,二级站出口,3.947
2026/4/17 15:05,二级站出口,3.948
2026/4/17 15:00,二级站出口,3.94
2026/4/17 14:54,二级站出口,3.946
2026/4/17 14:49,二级站出口,3.957
2026/4/17 14:44,二级站出口,3.953
2026/4/17 14:38,二级站出口,3.945
2026/4/17 14:33,二级站出口,3.949
2026/4/17 14:27,二级站出口,3.946
2026/4/17 14:22,二级站出口,3.945
2026/4/17 14:17,二级站出口,3.953
2026/4/17 14:11,二级站出口,3.954
2026/4/17 14:06,二级站出口,3.955
2026/4/17 14:01,二级站出口,3.956
2026/4/17 13:56,二级站出口,3.955
2026/4/17 13:50,二级站出口,3.963
2026/4/17 13:45,二级站出口,3.96
2026/4/17 13:39,二级站出口,3.959
2026/4/17 13:34,二级站出口,3.925
2026/4/17 13:28,二级站出口,3.971
2026/4/17 13:23,二级站出口,3.951
2026/4/17 13:18,二级站出口,3.959
2026/4/17 13:13,二级站出口,3.955
2026/4/17 13:08,二级站出口,3.964
2026/4/17 13:02,二级站出口,3.987
2026/4/17 12:57,二级站出口,3.961
2026/4/17 12:52,二级站出口,3.983
2026/4/17 12:46,二级站出口,3.963
2026/4/17 12:41,二级站出口,3.959
2026/4/17 12:36,二级站出口,3.954
2026/4/17 12:31,二级站出口,3.917
2026/4/17 12:26,二级站出口,3.958
2026/4/17 12:20,二级站出口,3.922
2026/4/17 12:15,二级站出口,3.944
2026/4/17 12:10,二级站出口,3.965
2026/4/17 12:04,二级站出口,3.932
2026/4/17 11:59,二级站出口,3.951
2026/4/17 11:54,二级站出口,3.958
2026/4/17 11:49,二级站出口,3.966
2026/4/17 11:43,二级站出口,3.939
2026/4/17 11:38,二级站出口,3.966
2026/4/17 11:33,二级站出口,3.963
2026/4/17 11:27,二级站出口,3.947
2026/4/17 11:22,二级站出口,3.954
2026/4/17 11:17,二级站出口,3.957
2026/4/17 11:12,二级站出口,3.955
2026/4/17 11:06,二级站出口,3.942
2026/4/17 11:01,二级站出口,3.946
2026/4/17 10:56,二级站出口,3.952
2026/4/17 10:51,二级站出口,3.944
2026/4/17 10:45,二级站出口,3.956
2026/4/17 10:40,二级站出口,3.947
2026/4/17 10:34,二级站出口,3.942
2026/4/17 10:29,二级站出口,3.941
2026/4/17 10:23,二级站出口,3.948
2026/4/17 10:18,二级站出口,3.945
2026/4/17 10:13,二级站出口,3.927
2026/4/17 10:08,二级站出口,3.926
2026/4/17 10:03,二级站出口,3.927
2026/4/17 9:58,二级站出口,3.949
2026/4/17 9:52,二级站出口,3.938
2026/4/17 9:47,二级站出口,3.95
2026/4/17 9:42,二级站出口,3.952
2026/4/17 9:37,二级站出口,3.938
2026/4/17 9:31,二级站出口,3.945
2026/4/17 9:26,二级站出口,3.951
2026/4/17 9:21,二级站出口,3.96
2026/4/17 9:16,二级站出口,3.954
2026/4/17 9:10,二级站出口,3.96
2026/4/17 9:05,二级站出口,3.957
2026/4/17 8:59,二级站出口,3.952
2026/4/17 8:54,二级站出口,3.965
2026/4/17 8:48,二级站出口,3.967
2026/4/17 8:43,二级站出口,3.959
2026/4/17 8:38,二级站出口,3.969
2026/4/17 8:33,二级站出口,3.963
2026/4/17 8:28,二级站出口,3.966
2026/4/17 8:23,二级站出口,3.978
2026/4/17 8:18,二级站出口,3.974
2026/4/17 8:12,二级站出口,3.989
2026/4/17 8:07,二级站出口,3.957
2026/4/17 8:01,二级站出口,3.966
2026/4/17 7:56,二级站出口,3.971
2026/4/17 7:50,二级站出口,3.974
2026/4/17 7:45,二级站出口,3.974
2026/4/17 7:40,二级站出口,3.97
2026/4/17 7:35,二级站出口,3.972
2026/4/17 7:29,二级站出口,3.966
2026/4/17 7:24,二级站出口,3.972
2026/4/17 7:19,二级站出口,3.98
2026/4/17 7:14,二级站出口,3.978
2026/4/17 7:08,二级站出口,3.964
2026/4/17 7:03,二级站出口,3.969
2026/4/17 6:58,二级站出口,3.973
2026/4/17 6:53,二级站出口,3.979
2026/4/17 6:47,二级站出口,3.952
2026/4/17 6:42,二级站出口,3.978
2026/4/17 6:37,二级站出口,3.974
2026/4/17 6:31,二级站出口,3.978
2026/4/17 6:26,二级站出口,3.986
2026/4/17 6:21,二级站出口,3.979
2026/4/17 6:15,二级站出口,3.975
2026/4/17 6:10,二级站出口,3.98
2026/4/17 6:04,二级站出口,3.977
2026/4/17 5:59,二级站出口,3.978
2026/4/17 5:54,二级站出口,3.972
2026/4/17 5:48,二级站出口,3.958
2026/4/17 5:43,二级站出口,3.976
2026/4/17 5:38,二级站出口,3.972
2026/4/17 5:32,二级站出口,3.981
2026/4/17 5:27,二级站出口,3.948
2026/4/17 5:22,二级站出口,3.98
2026/4/17 5:16,二级站出口,3.985
2026/4/17 5:11,二级站出口,3.974
2026/4/17 5:06,二级站出口,3.979
2026/4/17 5:01,二级站出口,3.982
2026/4/17 4:56,二级站出口,3.982
2026/4/17 4:51,二级站出口,3.984
2026/4/17 4:45,二级站出口,3.982
2026/4/17 4:40,二级站出口,3.979
2026/4/17 4:34,二级站出口,3.979
2026/4/17 4:29,二级站出口,3.974
2026/4/17 4:24,二级站出口,3.981
2026/4/17 4:19,二级站出口,3.975
2026/4/17 4:13,二级站出口,3.981
2026/4/17 4:08,二级站出口,3.983
2026/4/17 4:03,二级站出口,3.993
2026/4/17 3:58,二级站出口,3.979
2026/4/17 3:53,二级站出口,3.982
2026/4/17 3:47,二级站出口,3.984
2026/4/17 3:42,二级站出口,3.974
2026/4/17 3:36,二级站出口,3.974
2026/4/17 3:31,二级站出口,3.984
2026/4/17 3:26,二级站出口,3.985
2026/4/17 3:21,二级站出口,3.983
2026/4/17 3:16,二级站出口,3.981
2026/4/17 3:10,二级站出口,3.992
2026/4/17 3:05,二级站出口,3.984
2026/4/17 3:00,二级站出口,3.982
2026/4/17 2:55,二级站出口,3.98
2026/4/17 2:49,二级站出口,3.841
2026/4/17 2:44,二级站出口,2.649
2026/4/17 2:38,二级站出口,2.65
2026/4/17 2:33,二级站出口,2.649
2026/4/17 2:27,二级站出口,2.653
2026/4/17 2:22,二级站出口,2.649
2026/4/17 2:16,二级站出口,2.658
2026/4/17 2:11,二级站出口,2.659
2026/4/17 2:06,二级站出口,2.656
2026/4/17 2:00,二级站出口,2.648
2026/4/17 1:55,二级站出口,2.647
2026/4/17 1:50,二级站出口,2.656
2026/4/17 1:44,二级站出口,2.647
2026/4/17 1:39,二级站出口,2.651
2026/4/17 1:34,二级站出口,2.652
2026/4/17 1:29,二级站出口,2.644
2026/4/17 1:23,二级站出口,2.647
2026/4/17 1:18,二级站出口,2.65
2026/4/17 1:13,二级站出口,2.651
2026/4/17 1:08,二级站出口,2.641
2026/4/17 1:02,二级站出口,2.64
2026/4/17 0:57,二级站出口,2.647
2026/4/17 0:52,二级站出口,2.651
2026/4/17 0:47,二级站出口,2.641
2026/4/17 0:41,二级站出口,2.648
2026/4/17 0:36,二级站出口,2.643
2026/4/17 0:31,二级站出口,2.648
2026/4/17 0:25,二级站出口,2.647
2026/4/17 0:20,二级站出口,2.645
2026/4/17 0:15,二级站出口,2.644
2026/4/17 0:10,二级站出口,2.649
2026/4/17 0:05,二级站出口,2.64
2026/4/16 23:59,二级站出口,2.65
2026/4/16 23:54,二级站出口,2.649
2026/4/16 23:48,二级站出口,2.645
2026/4/16 23:43,二级站出口,2.649
2026/4/16 23:38,二级站出口,2.651
2026/4/16 23:33,二级站出口,2.645
2026/4/16 23:27,二级站出口,2.65
2026/4/16 23:22,二级站出口,2.65
2026/4/16 23:17,二级站出口,2.643
2026/4/16 23:12,二级站出口,2.653
2026/4/16 23:06,二级站出口,2.64
2026/4/16 23:01,二级站出口,2.636
2026/4/16 22:56,二级站出口,2.641
2026/4/16 22:51,二级站出口,2.644
2026/4/16 22:46,二级站出口,2.659
2026/4/16 22:40,二级站出口,2.648
2026/4/16 22:35,二级站出口,2.648
2026/4/16 22:30,二级站出口,2.648
2026/4/16 22:24,二级站出口,2.652
2026/4/16 22:19,二级站出口,2.648
2026/4/16 22:14,二级站出口,2.651
2026/4/16 22:09,二级站出口,2.647
2026/4/16 22:03,二级站出口,2.65
2026/4/16 21:58,二级站出口,2.648
2026/4/16 21:53,二级站出口,2.656
2026/4/16 21:47,二级站出口,2.657
2026/4/16 21:42,二级站出口,2.648
2026/4/16 21:37,二级站出口,2.66
2026/4/16 21:32,二级站出口,2.651
2026/4/16 21:26,二级站出口,2.664
2026/4/16 21:21,二级站出口,2.643
2026/4/16 21:16,二级站出口,2.659
2026/4/16 21:11,二级站出口,2.657
2026/4/16 21:05,二级站出口,2.66
2026/4/16 21:00,二级站出口,2.645
2026/4/16 20:55,二级站出口,2.659
2026/4/16 20:50,二级站出口,2.65
2026/4/16 20:45,二级站出口,2.653
2026/4/16 20:40,二级站出口,2.648
2026/4/16 20:34,二级站出口,2.649
2026/4/16 20:29,二级站出口,2.657
2026/4/16 20:24,二级站出口,2.64
2026/4/16 20:18,二级站出口,2.653
2026/4/16 20:13,二级站出口,2.649
2026/4/16 20:08,二级站出口,2.651
2026/4/16 20:03,二级站出口,2.649
2026/4/16 19:57,二级站出口,2.651
2026/4/16 19:52,二级站出口,2.66
2026/4/16 19:46,二级站出口,2.658
2026/4/16 19:41,二级站出口,2.658
2026/4/16 19:35,二级站出口,2.656
2026/4/16 19:30,二级站出口,2.658
2026/4/16 19:25,二级站出口,2.65
2026/4/16 19:19,二级站出口,2.654
2026/4/16 19:14,二级站出口,2.648
2026/4/16 19:09,二级站出口,2.653
2026/4/16 19:03,二级站出口,2.652
2026/4/16 18:58,二级站出口,2.649
2026/4/16 18:53,二级站出口,2.65
2026/4/16 18:47,二级站出口,2.657
2026/4/16 18:42,二级站出口,2.653
2026/4/16 18:37,二级站出口,2.656
2026/4/16 18:32,二级站出口,2.652
2026/4/16 18:26,二级站出口,2.65
2026/4/16 18:21,二级站出口,2.653
2026/4/16 18:16,二级站出口,2.652
2026/4/16 18:11,二级站出口,2.66
2026/4/16 18:05,二级站出口,2.659
2026/4/16 18:00,二级站出口,2.651
2026/4/16 17:55,二级站出口,2.65
2026/4/16 17:50,二级站出口,2.657
2026/4/16 17:45,二级站出口,2.65
2026/4/16 17:40,二级站出口,2.653
2026/4/16 17:34,二级站出口,2.654
2026/4/16 17:29,二级站出口,1.285
2026/4/16 17:24,二级站出口,1.29
2026/4/16 17:18,二级站出口,1.287
2026/4/16 17:13,二级站出口,1.286
2026/4/16 17:08,二级站出口,1.287
2026/4/16 17:03,二级站出口,1.286
2026/4/16 16:57,二级站出口,1.288
2026/4/16 16:52,二级站出口,1.289
2026/4/16 16:47,二级站出口,1.286
2026/4/16 16:42,二级站出口,1.287
2026/4/16 16:36,二级站出口,1.29
2026/4/16 16:31,二级站出口,1.287
2026/4/16 16:25,二级站出口,1.286
2026/4/16 16:20,二级站出口,1.289
2026/4/16 16:15,二级站出口,1.287
2026/4/16 16:10,二级站出口,1.293
2026/4/16 16:04,二级站出口,1.289
2026/4/16 15:59,二级站出口,1.288
2026/4/16 15:54,二级站出口,1.293
2026/4/16 15:48,二级站出口,1.292
2026/4/16 15:43,二级站出口,1.288
2026/4/16 15:37,二级站出口,1.293
2026/4/16 15:32,二级站出口,1.29
2026/4/16 15:27,二级站出口,1.293
2026/4/16 15:22,二级站出口,1.287
2026/4/16 15:16,二级站出口,1.29
2026/4/16 15:11,二级站出口,1.289
2026/4/16 15:05,二级站出口,1.29
2026/4/16 15:00,二级站出口,1.29
2026/4/16 14:55,二级站出口,1.287
2026/4/16 14:49,二级站出口,1.286
2026/4/16 14:44,二级站出口,1.287
2026/4/16 14:39,二级站出口,1.294
2026/4/16 14:33,二级站出口,1.292
2026/4/16 14:28,二级站出口,1.285
2026/4/16 14:22,二级站出口,1.287
2026/4/16 14:17,二级站出口,1.288
2026/4/16 14:12,二级站出口,1.285
2026/4/16 14:07,二级站出口,1.286
2026/4/16 14:01,二级站出口,1.288
2026/4/16 13:56,二级站出口,1.29
2026/4/16 13:50,二级站出口,1.29
2026/4/16 13:45,二级站出口,1.292
2026/4/16 13:40,二级站出口,1.284
2026/4/16 13:35,二级站出口,1.289
2026/4/16 13:30,二级站出口,1.287
2026/4/16 13:25,二级站出口,1.286
2026/4/16 13:19,二级站出口,1.285
2026/4/16 13:14,二级站出口,1.285
2026/4/16 13:09,二级站出口,1.284
2026/4/16 13:04,二级站出口,1.279
2026/4/16 12:58,二级站出口,1.285
2026/4/16 12:53,二级站出口,1.285
2026/4/16 12:48,二级站出口,1.285
2026/4/16 12:42,二级站出口,1.284
2026/4/16 12:37,二级站出口,1.285
2026/4/16 12:32,二级站出口,1.286
2026/4/16 12:26,二级站出口,1.286
2026/4/16 12:21,二级站出口,1.283
2026/4/16 12:16,二级站出口,1.279
2026/4/16 12:10,二级站出口,1.283
2026/4/16 12:05,二级站出口,1.286
2026/4/16 12:00,二级站出口,1.286
2026/4/16 11:54,二级站出口,1.286
2026/4/16 11:49,二级站出口,1.286
2026/4/16 11:44,二级站出口,1.286
2026/4/16 11:38,二级站出口,1.285
2026/4/16 11:33,二级站出口,1.285
2026/4/16 11:28,二级站出口,1.286
2026/4/16 11:22,二级站出口,1.286
2026/4/16 11:17,二级站出口,1.279
2026/4/16 11:12,二级站出口,1.288
2026/4/16 11:07,二级站出口,1.281
2026/4/16 11:01,二级站出口,1.284
2026/4/16 10:56,二级站出口,1.286
2026/4/16 10:51,二级站出口,1.285
2026/4/16 10:45,二级站出口,1.285
2026/4/16 10:40,二级站出口,1.287
2026/4/16 10:35,二级站出口,1.288
2026/4/16 10:30,二级站出口,1.286
2026/4/16 10:25,二级站出口,1.285
2026/4/16 10:19,二级站出口,1.285
2026/4/16 10:14,二级站出口,1.286
2026/4/16 10:09,二级站出口,1.289
2026/4/16 10:04,二级站出口,1.284
2026/4/16 9:58,二级站出口,1.286
2026/4/16 9:53,二级站出口,1.287
2026/4/16 9:48,二级站出口,1.29
2026/4/16 9:43,二级站出口,1.283
2026/4/16 9:37,二级站出口,1.289
2026/4/16 9:32,二级站出口,1.288
2026/4/16 9:27,二级站出口,1.29
2026/4/16 9:22,二级站出口,1.289
2026/4/16 9:16,二级站出口,1.286
2026/4/16 9:11,二级站出口,1.288
2026/4/16 9:06,二级站出口,1.29
2026/4/16 9:00,二级站出口,1.285
2026/4/16 8:55,二级站出口,1.292
2026/4/16 8:50,二级站出口,1.288
2026/4/16 8:45,二级站出口,1.293
2026/4/16 8:40,二级站出口,1.293
2026/4/16 8:34,二级站出口,1.29
2026/4/16 6:28,二级站出口,2.648
2026/4/16 6:23,二级站出口,2.657
2026/4/16 6:18,二级站出口,2.653
2026/4/16 6:13,二级站出口,2.652
2026/4/16 6:07,二级站出口,2.656
2026/4/16 6:02,二级站出口,2.653
2026/4/16 5:57,二级站出口,2.647
2026/4/16 5:51,二级站出口,2.651
2026/4/16 5:46,二级站出口,2.654
2026/4/16 5:41,二级站出口,2.647
2026/4/16 5:36,二级站出口,2.654
2026/4/16 5:31,二级站出口,2.642
2026/4/16 5:25,二级站出口,2.647
2026/4/16 5:20,二级站出口,2.645
2026/4/16 5:15,二级站出口,2.645
2026/4/16 5:10,二级站出口,2.645
2026/4/16 5:04,二级站出口,2.65
2026/4/16 4:59,二级站出口,2.632
2026/4/16 4:54,二级站出口,2.648
2026/4/16 4:49,二级站出口,2.643
2026/4/16 4:43,二级站出口,2.639
2026/4/16 4:38,二级站出口,2.642
2026/4/16 4:33,二级站出口,2.634
2026/4/16 4:28,二级站出口,2.643
2026/4/16 4:23,二级站出口,2.637
2026/4/16 4:18,二级站出口,2.641
2026/4/16 4:13,二级站出口,2.641
2026/4/16 4:07,二级站出口,2.64
2026/4/16 4:02,二级站出口,2.631
2026/4/16 3:56,二级站出口,2.643
2026/4/16 3:51,二级站出口,2.634
2026/4/16 3:46,二级站出口,2.634
2026/4/16 3:40,二级站出口,2.636
2026/4/16 3:35,二级站出口,2.64
2026/4/16 3:29,二级站出口,2.642
2026/4/16 3:24,二级站出口,2.641
2026/4/16 3:19,二级站出口,2.642
2026/4/16 3:14,二级站出口,2.639
2026/4/16 3:08,二级站出口,2.644
2026/4/16 3:03,二级站出口,2.637
2026/4/16 2:58,二级站出口,2.634
2026/4/16 2:53,二级站出口,2.642
2026/4/16 2:48,二级站出口,2.64
2026/4/16 2:43,二级站出口,2.636
2026/4/16 2:37,二级站出口,2.636
2026/4/16 2:32,二级站出口,2.642
2026/4/16 2:27,二级站出口,2.644
2026/4/16 2:22,二级站出口,2.641
2026/4/16 2:16,二级站出口,2.634
2026/4/16 2:11,二级站出口,2.637
2026/4/16 2:06,二级站出口,2.64
2026/4/16 2:00,二级站出口,2.637
2026/4/16 1:55,二级站出口,2.645
2026/4/16 1:50,二级站出口,2.636
2026/4/16 1:45,二级站出口,2.642
2026/4/16 1:40,二级站出口,2.64
2026/4/16 1:35,二级站出口,2.632
2026/4/16 1:29,二级站出口,2.634
2026/4/16 1:24,二级站出口,2.642
2026/4/16 1:19,二级站出口,2.648
2026/4/16 1:13,二级站出口,2.643
2026/4/16 1:08,二级站出口,2.635
2026/4/16 1:03,二级站出口,2.64
2026/4/16 0:58,二级站出口,2.642
2026/4/16 0:52,二级站出口,2.642
2026/4/16 0:47,二级站出口,2.64
2026/4/16 0:42,二级站出口,2.641
2026/4/16 0:37,二级站出口,2.648
2026/4/16 0:31,二级站出口,2.377
2026/4/16 0:26,二级站出口,1.286
2026/4/16 0:21,二级站出口,1.289
2026/4/16 0:16,二级站出口,1.285
2026/4/16 0:10,二级站出口,1.288
2026/4/16 0:05,二级站出口,1.283
2026/4/16 0:00,二级站出口,1.286
2026/4/15 23:54,二级站出口,1.283
2026/4/15 23:49,二级站出口,1.286
2026/4/15 23:44,二级站出口,1.284
2026/4/15 23:39,二级站出口,1.286
2026/4/15 23:34,二级站出口,1.288
2026/4/15 23:28,二级站出口,1.285
2026/4/15 23:23,二级站出口,1.287
2026/4/15 23:18,二级站出口,1.287
2026/4/15 23:13,二级站出口,1.285
2026/4/15 23:08,二级站出口,1.283
2026/4/15 23:02,二级站出口,1.285
2026/4/15 22:57,二级站出口,1.286
2026/4/15 22:52,二级站出口,1.286
2026/4/15 22:47,二级站出口,1.288
2026/4/15 22:41,二级站出口,1.285
2026/4/15 22:36,二级站出口,1.285
2026/4/15 22:31,二级站出口,1.287
2026/4/15 22:25,二级站出口,1.284
2026/4/15 22:20,二级站出口,1.288
2026/4/15 22:15,二级站出口,1.287
2026/4/15 22:10,二级站出口,1.286
2026/4/15 22:04,二级站出口,1.286
2026/4/15 21:59,二级站出口,1.287
2026/4/15 21:54,二级站出口,1.285
2026/4/15 21:48,二级站出口,1.286
2026/4/15 21:43,二级站出口,1.285
2026/4/15 21:37,二级站出口,1.286
2026/4/15 21:32,二级站出口,1.289
2026/4/15 21:26,二级站出口,1.287
2026/4/15 21:21,二级站出口,1.286
2026/4/15 21:15,二级站出口,1.285
2026/4/15 21:10,二级站出口,1.286
2026/4/15 21:05,二级站出口,1.289
2026/4/15 21:00,二级站出口,1.29
2026/4/15 20:54,二级站出口,1.287
2026/4/15 20:49,二级站出口,1.287
2026/4/15 20:44,二级站出口,1.287
2026/4/15 20:39,二级站出口,1.289
2026/4/15 20:34,二级站出口,1.29
2026/4/15 20:28,二级站出口,1.288
2026/4/15 20:23,二级站出口,1.289
2026/4/15 20:18,二级站出口,1.29
2026/4/15 20:12,二级站出口,1.285
2026/4/15 20:07,二级站出口,1.289
2026/4/15 20:01,二级站出口,1.288
2026/4/15 19:56,二级站出口,1.288
2026/4/15 19:51,二级站出口,1.288
2026/4/15 19:45,二级站出口,1.286
2026/4/15 19:40,二级站出口,1.287
2026/4/15 19:35,二级站出口,1.286
2026/4/15 19:29,二级站出口,1.289
2026/4/15 19:24,二级站出口,1.292
2026/4/15 19:18,二级站出口,1.29
2026/4/15 19:13,二级站出口,1.286
2026/4/15 19:08,二级站出口,1.292
2026/4/15 19:02,二级站出口,1.29
2026/4/15 18:57,二级站出口,1.289
2026/4/15 18:52,二级站出口,1.29
2026/4/15 18:46,二级站出口,1.288
2026/4/15 18:41,二级站出口,1.297
2026/4/15 18:36,二级站出口,1.289
2026/4/15 18:31,二级站出口,1.295
2026/4/15 18:25,二级站出口,1.286
2026/4/15 18:20,二级站出口,1.286
2026/4/15 18:15,二级站出口,1.288
2026/4/15 18:10,二级站出口,1.295
2026/4/15 18:05,二级站出口,1.29
2026/4/15 17:59,二级站出口,1.292
2026/4/15 17:54,二级站出口,1.295
2026/4/15 17:49,二级站出口,1.288
2026/4/15 17:44,二级站出口,1.29
2026/4/15 17:38,二级站出口,1.289
2026/4/15 17:33,二级站出口,1.292
2026/4/15 17:27,二级站出口,1.289
2026/4/15 17:22,二级站出口,1.296
2026/4/15 17:17,二级站出口,1.285
2026/4/15 17:11,二级站出口,1.295
2026/4/15 17:06,二级站出口,1.29
2026/4/15 17:01,二级站出口,1.296
2026/4/15 16:56,二级站出口,1.294
2026/4/15 16:50,二级站出口,1.288
2026/4/15 16:45,二级站出口,1.29
2026/4/15 16:40,二级站出口,1.29
2026/4/15 16:35,二级站出口,1.286
2026/4/15 16:29,二级站出口,2.478
2026/4/15 16:24,二级站出口,2.636
2026/4/15 16:19,二级站出口,2.633
2026/4/15 16:14,二级站出口,2.641
2026/4/15 16:09,二级站出口,2.628
2026/4/15 16:03,二级站出口,2.637
2026/4/15 15:58,二级站出口,2.631
2026/4/15 15:53,二级站出口,2.643
2026/4/15 15:47,二级站出口,2.633
2026/4/15 15:42,二级站出口,2.643
2026/4/15 15:37,二级站出口,2.636
2026/4/15 15:32,二级站出口,2.639
2026/4/15 15:27,二级站出口,2.642
2026/4/15 15:21,二级站出口,2.636
2026/4/15 15:16,二级站出口,2.643
2026/4/15 15:10,二级站出口,2.64
2026/4/15 15:05,二级站出口,2.636
2026/4/15 14:59,二级站出口,2.639
2026/4/15 14:54,二级站出口,2.635
2026/4/15 14:49,二级站出口,2.644
2026/4/15 14:43,二级站出口,2.639
2026/4/15 14:38,二级站出口,2.639
2026/4/15 14:32,二级站出口,2.637
2026/4/15 14:27,二级站出口,2.647
2026/4/15 14:21,二级站出口,2.643
2026/4/15 14:04,二级站出口,2.639
2026/4/15 13:59,二级站出口,2.636
2026/4/15 13:54,二级站出口,2.645
2026/4/15 13:49,二级站出口,2.641
2026/4/15 13:43,二级站出口,2.632
2026/4/15 13:38,二级站出口,2.641
2026/4/15 13:33,二级站出口,2.636
2026/4/15 13:28,二级站出口,2.642
2026/4/15 13:22,二级站出口,2.635
2026/4/15 13:17,二级站出口,2.644
2026/4/15 13:11,二级站出口,2.642
2026/4/15 13:06,二级站出口,2.628
2026/4/15 13:01,二级站出口,2.625
2026/4/15 12:55,二级站出口,2.648
2026/4/15 12:50,二级站出口,2.647
2026/4/15 12:44,二级站出口,2.636
2026/4/15 12:39,二级站出口,2.636
2026/4/15 12:34,二级站出口,2.636
2026/4/15 12:29,二级站出口,2.63
2026/4/15 12:23,二级站出口,2.643
2026/4/15 12:18,二级站出口,2.628
2026/4/15 12:13,二级站出口,2.642
2026/4/15 12:08,二级站出口,2.615
2026/4/15 12:03,二级站出口,2.633
2026/4/15 11:57,二级站出口,2.641
2026/4/15 11:52,二级站出口,2.642
2026/4/15 11:46,二级站出口,2.644
2026/4/15 11:41,二级站出口,2.647
2026/4/15 11:36,二级站出口,2.639
2026/4/15 11:30,二级站出口,2.641
2026/4/15 11:25,二级站出口,2.641
2026/4/15 11:20,二级站出口,2.634
2026/4/15 11:14,二级站出口,2.626
2026/4/15 11:09,二级站出口,2.627
2026/4/15 11:04,二级站出口,2.632
2026/4/15 10:59,二级站出口,2.632
2026/4/15 10:53,二级站出口,2.644
2026/4/15 10:48,二级站出口,2.642
2026/4/15 10:43,二级站出口,2.633
2026/4/15 10:37,二级站出口,2.641
2026/4/15 10:32,二级站出口,2.644
2026/4/15 10:27,二级站出口,2.643
2026/4/15 10:21,二级站出口,2.665
2026/4/15 10:16,二级站出口,2.645
2026/4/15 10:11,二级站出口,2.627
2026/4/15 10:05,二级站出口,2.637
2026/4/15 10:00,二级站出口,2.647
2026/4/15 9:55,二级站出口,2.625
2026/4/15 9:50,二级站出口,2.66
2026/4/15 9:44,二级站出口,2.634
2026/4/15 9:39,二级站出口,2.632
2026/4/15 9:34,二级站出口,2.657
2026/4/15 9:28,二级站出口,2.649
2026/4/15 9:23,二级站出口,2.644
2026/4/15 9:18,二级站出口,2.649
2026/4/15 9:13,二级站出口,2.642
2026/4/15 9:08,二级站出口,2.652
2026/4/15 9:02,二级站出口,2.648
2026/4/15 8:57,二级站出口,2.653
2026/4/15 8:52,二级站出口,2.649
2026/4/15 8:47,二级站出口,2.639
2026/4/15 8:42,二级站出口,2.644
2026/4/15 8:37,二级站出口,2.649
2026/4/15 8:31,二级站出口,2.643
2026/4/15 8:26,二级站出口,2.647
2026/4/15 8:20,二级站出口,2.634
2026/4/15 8:15,二级站出口,2.645
2026/4/15 8:10,二级站出口,2.657
2026/4/15 8:04,二级站出口,2.639
2026/4/15 7:59,二级站出口,2.645
2026/4/15 7:53,二级站出口,2.641
2026/4/15 7:48,二级站出口,2.649
2026/4/15 7:43,二级站出口,2.642
2026/4/15 7:37,二级站出口,2.637
2026/4/15 7:32,二级站出口,2.64
2026/4/15 7:26,二级站出口,2.633
2026/4/15 7:21,二级站出口,2.64
2026/4/15 7:16,二级站出口,2.647
2026/4/15 7:10,二级站出口,2.643
2026/4/15 7:05,二级站出口,2.643
2026/4/15 7:00,二级站出口,2.636
2026/4/15 6:54,二级站出口,2.633
2026/4/15 6:49,二级站出口,2.635
2026/4/15 6:44,二级站出口,2.645
2026/4/15 6:39,二级站出口,2.642
2026/4/15 6:34,二级站出口,2.641
2026/4/15 6:29,二级站出口,2.642
2026/4/15 6:23,二级站出口,2.639
2026/4/15 5:25,二级站出口,2.643
2026/4/15 5:20,二级站出口,2.641
2026/4/15 5:15,二级站出口,2.642
2026/4/15 5:10,二级站出口,2.643
2026/4/15 5:04,二级站出口,2.642
2026/4/15 4:59,二级站出口,2.64
2026/4/15 4:54,二级站出口,2.643
2026/4/15 4:49,二级站出口,2.645
2026/4/15 4:44,二级站出口,2.644
2026/4/15 4:38,二级站出口,2.64
2026/4/15 4:33,二级站出口,2.641
2026/4/15 4:28,二级站出口,2.653
2026/4/15 4:22,二级站出口,2.645
2026/4/15 4:17,二级站出口,2.648
2026/4/15 4:12,二级站出口,2.652
2026/4/15 4:07,二级站出口,2.649
2026/4/15 4:02,二级站出口,2.654
2026/4/15 3:56,二级站出口,2.644
2026/4/15 3:51,二级站出口,2.647
2026/4/15 3:45,二级站出口,2.644
2026/4/15 3:40,二级站出口,2.65
2026/4/15 3:34,二级站出口,2.644
2026/4/15 3:29,二级站出口,2.652
2026/4/15 3:24,二级站出口,2.648
2026/4/15 3:19,二级站出口,2.649
2026/4/15 3:13,二级站出口,2.651
2026/4/15 3:08,二级站出口,2.651
2026/4/15 3:03,二级站出口,2.648
2026/4/15 2:57,二级站出口,2.648
2026/4/15 2:52,二级站出口,2.645
2026/4/15 2:46,二级站出口,2.648
2026/4/15 2:41,二级站出口,2.645
2026/4/15 2:36,二级站出口,2.652
2026/4/15 2:31,二级站出口,2.651
2026/4/15 2:25,二级站出口,2.645
2026/4/15 2:20,二级站出口,2.652
2026/4/15 2:15,二级站出口,2.653
2026/4/15 2:10,二级站出口,2.648
2026/4/15 2:04,二级站出口,2.649
2026/4/15 1:59,二级站出口,2.653
2026/4/15 1:54,二级站出口,2.648
2026/4/15 1:49,二级站出口,2.651
2026/4/15 1:43,二级站出口,2.656
2026/4/15 1:38,二级站出口,2.653
2026/4/15 1:33,二级站出口,2.653
2026/4/15 1:28,二级站出口,2.652
2026/4/15 1:23,二级站出口,2.648
2026/4/15 1:18,二级站出口,2.652
2026/4/15 1:12,二级站出口,2.651
2026/4/15 1:07,二级站出口,2.65
2026/4/15 1:02,二级站出口,2.651
2026/4/15 0:57,二级站出口,2.651
2026/4/15 0:52,二级站出口,2.653
2026/4/15 0:46,二级站出口,2.652
2026/4/15 0:41,二级站出口,2.65
2026/4/15 0:35,二级站出口,2.647
2026/4/15 0:30,二级站出口,2.644
2026/4/15 0:25,二级站出口,2.652
2026/4/15 0:20,二级站出口,2.652
2026/4/15 0:15,二级站出口,2.647
2026/4/15 0:09,二级站出口,2.652
2026/4/15 0:04,二级站出口,2.648
2026/4/14 23:59,二级站出口,2.659
2026/4/14 23:54,二级站出口,2.649
2026/4/14 23:48,二级站出口,2.653
2026/4/14 23:43,二级站出口,2.65
2026/4/14 23:37,二级站出口,2.652
2026/4/14 23:32,二级站出口,2.657
2026/4/14 23:27,二级站出口,2.658
2026/4/14 23:22,二级站出口,2.653
2026/4/14 23:16,二级站出口,2.649
2026/4/14 23:11,二级站出口,2.656
2026/4/14 23:04,二级站出口,2.654
2026/4/14 23:00,二级站出口,2.657
2026/4/14 22:55,二级站出口,2.652
2026/4/14 22:49,二级站出口,2.652
2026/4/14 22:44,二级站出口,2.652
2026/4/14 22:39,二级站出口,2.653
2026/4/14 22:33,二级站出口,2.654
2026/4/14 22:28,二级站出口,2.654
2026/4/14 22:23,二级站出口,2.651
2026/4/14 22:17,二级站出口,2.651
2026/4/14 22:12,二级站出口,2.65
2026/4/14 22:06,二级站出口,2.649
2026/4/14 22:01,二级站出口,2.647
2026/4/14 21:56,二级站出口,2.656
2026/4/14 21:50,二级站出口,2.654
2026/4/14 21:45,二级站出口,2.645
2026/4/14 21:39,二级站出口,2.651
2026/4/14 21:34,二级站出口,2.653
2026/4/14 21:29,二级站出口,2.642
2026/4/14 21:24,二级站出口,2.649
2026/4/14 21:18,二级站出口,2.642
2026/4/14 21:13,二级站出口,2.641
2026/4/14 21:08,二级站出口,2.643
2026/4/14 21:02,二级站出口,2.643
2026/4/14 20:57,二级站出口,2.648
2026/4/14 20:52,二级站出口,2.644
2026/4/14 20:46,二级站出口,2.645
2026/4/14 20:41,二级站出口,2.649
2026/4/14 20:35,二级站出口,2.644
2026/4/14 20:30,二级站出口,2.64
2026/4/14 20:25,二级站出口,2.648
2026/4/14 20:19,二级站出口,2.644
2026/4/14 20:14,二级站出口,2.645
2026/4/14 20:09,二级站出口,2.643
2026/4/14 20:04,二级站出口,2.652
2026/4/14 19:58,二级站出口,2.653
2026/4/14 19:53,二级站出口,2.656
2026/4/14 19:47,二级站出口,2.651
2026/4/14 19:42,二级站出口,2.641
2026/4/14 19:37,二级站出口,2.641
2026/4/14 19:31,二级站出口,2.658
2026/4/14 19:26,二级站出口,2.657
2026/4/14 19:21,二级站出口,2.658
2026/4/14 19:15,二级站出口,2.644
2026/4/14 19:10,二级站出口,2.64
2026/4/14 19:05,二级站出口,2.647
2026/4/14 19:00,二级站出口,2.645
2026/4/14 18:54,二级站出口,2.647
2026/4/14 18:49,二级站出口,2.647
2026/4/14 18:44,二级站出口,2.648
2026/4/14 18:39,二级站出口,2.651
2026/4/14 18:34,二级站出口,2.645
2026/4/14 18:29,二级站出口,2.654
2026/4/14 18:23,二级站出口,2.657
2026/4/14 18:18,二级站出口,2.649
2026/4/14 18:13,二级站出口,2.647
2026/4/14 18:08,二级站出口,2.645
2026/4/14 18:03,二级站出口,2.652
2026/4/14 17:57,二级站出口,2.649
2026/4/14 17:52,二级站出口,2.643
2026/4/14 17:47,二级站出口,2.654
2026/4/14 17:42,二级站出口,2.648
2026/4/14 17:37,二级站出口,2.65
2026/4/14 17:31,二级站出口,2.643
2026/4/14 17:26,二级站出口,2.649
2026/4/14 17:21,二级站出口,2.644
2026/4/14 17:15,二级站出口,2.644
2026/4/14 17:10,二级站出口,2.645
2026/4/14 17:05,二级站出口,2.648
2026/4/14 17:00,二级站出口,2.645
2026/4/14 16:55,二级站出口,2.651
2026/4/14 16:50,二级站出口,2.652
2026/4/14 16:44,二级站出口,2.652
2026/4/14 16:39,二级站出口,2.652
2026/4/14 16:34,二级站出口,2.652
2026/4/14 16:28,二级站出口,2.637
2026/4/14 16:23,二级站出口,2.658
2026/4/14 16:18,二级站出口,2.65
2026/4/14 16:12,二级站出口,2.654
2026/4/14 16:07,二级站出口,2.648
2026/4/14 16:02,二级站出口,2.649
2026/4/14 15:57,二级站出口,2.659
2026/4/14 15:52,二级站出口,2.653
2026/4/14 15:46,二级站出口,2.654
2026/4/14 15:41,二级站出口,2.652
2026/4/14 15:36,二级站出口,2.648
2026/4/14 15:31,二级站出口,2.644
2026/4/14 15:25,二级站出口,2.645
2026/4/14 15:20,二级站出口,2.658
2026/4/14 15:15,二级站出口,2.644
2026/4/14 15:10,二级站出口,2.649
2026/4/14 15:04,二级站出口,2.651
2026/4/14 14:59,二级站出口,2.652
2026/4/14 14:54,二级站出口,2.654
2026/4/14 14:48,二级站出口,2.658
2026/4/14 14:43,二级站出口,2.661
2026/4/14 14:38,二级站出口,2.654
2026/4/14 14:33,二级站出口,2.656
2026/4/14 14:27,二级站出口,2.659
2026/4/14 14:22,二级站出口,2.649
2026/4/14 14:17,二级站出口,2.649
2026/4/14 14:12,二级站出口,2.643
2026/4/14 14:06,二级站出口,2.635
2026/4/14 14:01,二级站出口,2.644
2026/4/14 13:56,二级站出口,2.63
2026/4/14 13:50,二级站出口,2.649
2026/4/14 13:45,二级站出口,2.633
2026/4/14 13:40,二级站出口,2.651
2026/4/14 13:35,二级站出口,2.684
2026/4/14 13:30,二级站出口,2.648
2026/4/14 13:25,二级站出口,2.647
2026/4/14 13:19,二级站出口,2.64
2026/4/14 13:14,二级站出口,2.637
2026/4/14 13:09,二级站出口,2.669
2026/4/14 13:03,二级站出口,2.637
2026/4/14 12:58,二级站出口,2.635
2026/4/14 12:53,二级站出口,2.642
2026/4/14 12:47,二级站出口,2.644
2026/4/14 12:42,二级站出口,2.637
2026/4/14 12:36,二级站出口,2.642
2026/4/14 12:31,二级站出口,2.66
2026/4/14 12:26,二级站出口,2.651
2026/4/14 12:21,二级站出口,2.637
2026/4/14 12:15,二级站出口,2.643
2026/4/14 12:10,二级站出口,2.643
2026/4/14 12:05,二级站出口,2.645
2026/4/14 12:00,二级站出口,2.641
2026/4/14 11:54,二级站出口,2.643
2026/4/14 11:49,二级站出口,2.653
2026/4/14 11:44,二级站出口,2.648
2026/4/14 11:38,二级站出口,2.642
2026/4/14 11:33,二级站出口,2.633
2026/4/14 11:28,二级站出口,2.648
2026/4/14 11:23,二级站出口,2.637
2026/4/14 11:17,二级站出口,2.648
2026/4/14 11:12,二级站出口,2.634
2026/4/14 11:07,二级站出口,2.648
2026/4/14 11:02,二级站出口,2.627
2026/4/14 10:56,二级站出口,2.643
2026/4/14 10:51,二级站出口,2.636
2026/4/14 10:46,二级站出口,2.654
2026/4/14 10:40,二级站出口,2.67
2026/4/14 10:35,二级站出口,2.65
2026/4/14 10:30,二级站出口,2.637
2026/4/14 10:25,二级站出口,2.637
2026/4/14 10:19,二级站出口,2.643
2026/4/14 10:14,二级站出口,2.647
2026/4/14 10:08,二级站出口,2.644
2026/4/14 10:03,二级站出口,2.639
2026/4/14 9:57,二级站出口,2.643
2026/4/14 9:52,二级站出口,2.641
2026/4/14 9:47,二级站出口,2.63
2026/4/14 9:42,二级站出口,2.648
2026/4/14 9:36,二级站出口,2.648
2026/4/14 9:31,二级站出口,2.636
2026/4/14 9:26,二级站出口,2.653
2026/4/14 9:21,二级站出口,2.654
2026/4/14 9:15,二级站出口,2.656
2026/4/14 9:10,二级站出口,2.647
2026/4/14 9:05,二级站出口,2.653
2026/4/14 9:00,二级站出口,2.65
2026/4/14 8:54,二级站出口,2.66
2026/4/14 8:49,二级站出口,2.636
2026/4/14 8:43,二级站出口,2.661
2026/4/14 8:38,二级站出口,2.654
2026/4/14 8:33,二级站出口,2.645
2026/4/14 8:28,二级站出口,2.654
2026/4/14 8:22,二级站出口,2.642
2026/4/14 8:17,二级站出口,2.651
2026/4/14 8:12,二级站出口,2.652
2026/4/14 8:06,二级站出口,2.644
2026/4/14 8:01,二级站出口,2.649
2026/4/14 7:56,二级站出口,2.648
2026/4/14 7:51,二级站出口,2.643
2026/4/14 7:45,二级站出口,2.653
2026/4/14 7:40,二级站出口,2.653
2026/4/14 7:34,二级站出口,2.643
2026/4/14 7:29,二级站出口,2.651
2026/4/14 7:24,二级站出口,2.641
2026/4/14 7:19,二级站出口,2.644
2026/4/14 7:13,二级站出口,2.64
2026/4/14 7:08,二级站出口,2.644
2026/4/14 7:02,二级站出口,2.631
2026/4/14 6:57,二级站出口,2.644
2026/4/14 6:52,二级站出口,2.641
2026/4/14 6:46,二级站出口,2.645
2026/4/14 6:41,二级站出口,2.648
2026/4/14 6:35,二级站出口,2.635
2026/4/14 6:30,二级站出口,2.641
2026/4/14 6:24,二级站出口,2.643
2026/4/14 6:19,二级站出口,2.635
2026/4/14 6:14,二级站出口,2.651
2026/4/14 6:08,二级站出口,2.642
2026/4/14 6:03,二级站出口,2.641
2026/4/14 5:57,二级站出口,2.651
2026/4/14 5:52,二级站出口,2.651
2026/4/14 5:47,二级站出口,2.649
2026/4/14 5:41,二级站出口,2.66
2026/4/14 5:36,二级站出口,2.635
2026/4/14 5:30,二级站出口,2.641
2026/4/14 5:25,二级站出口,2.639
2026/4/14 5:20,二级站出口,2.639
2026/4/14 5:15,二级站出口,2.65
2026/4/14 5:09,二级站出口,2.632
2026/4/14 5:04,二级站出口,2.636
2026/4/14 4:59,二级站出口,2.642
2026/4/14 4:53,二级站出口,2.633
2026/4/14 4:48,二级站出口,2.634
2026/4/14 4:42,二级站出口,2.649
2026/4/14 4:37,二级站出口,2.637
2026/4/14 4:32,二级站出口,2.645
2026/4/14 4:27,二级站出口,2.616
2026/4/14 4:21,二级站出口,2.643
2026/4/14 4:16,二级站出口,2.639
2026/4/14 4:10,二级站出口,2.633
2026/4/14 4:05,二级站出口,2.641
2026/4/14 4:00,二级站出口,2.634
2026/4/14 3:54,二级站出口,2.635
2026/4/14 3:49,二级站出口,2.634
2026/4/14 3:44,二级站出口,2.644
2026/4/14 3:38,二级站出口,2.639
2026/4/14 3:33,二级站出口,2.639
2026/4/14 3:27,二级站出口,2.634
2026/4/14 3:22,二级站出口,2.635
2026/4/14 3:17,二级站出口,2.639
2026/4/14 3:11,二级站出口,2.641
2026/4/14 3:06,二级站出口,2.632
2026/4/14 3:00,二级站出口,2.636
2026/4/14 2:55,二级站出口,2.632
2026/4/14 2:49,二级站出口,2.636
2026/4/14 2:44,二级站出口,2.627
2026/4/14 2:39,二级站出口,2.639
2026/4/14 2:33,二级站出口,2.632
2026/4/14 2:28,二级站出口,2.637
2026/4/14 2:23,二级站出口,2.64
2026/4/14 2:18,二级站出口,2.637
2026/4/14 2:12,二级站出口,2.632
2026/4/14 2:07,二级站出口,2.639
2026/4/14 2:02,二级站出口,2.639
2026/4/14 1:57,二级站出口,2.633
2026/4/14 1:52,二级站出口,2.637
2026/4/14 1:47,二级站出口,2.634
2026/4/14 1:42,二级站出口,2.637
2026/4/14 1:36,二级站出口,2.636
2026/4/14 1:31,二级站出口,2.639
2026/4/14 1:25,二级站出口,2.64
2026/4/14 1:20,二级站出口,2.637
2026/4/14 1:15,二级站出口,2.636
2026/4/14 1:10,二级站出口,2.641
2026/4/14 1:04,二级站出口,2.644
2026/4/14 0:59,二级站出口,2.621
2026/4/14 0:54,二级站出口,2.671
2026/4/14 0:48,二级站出口,2.642
2026/4/14 0:43,二级站出口,2.635
2026/4/14 0:37,二级站出口,2.644
2026/4/14 0:32,二级站出口,2.641
2026/4/14 0:27,二级站出口,2.639
2026/4/14 0:22,二级站出口,2.625
2026/4/14 0:17,二级站出口,2.664
2026/4/14 0:11,二级站出口,2.639
2026/4/14 0:06,二级站出口,2.64
2026/4/14 0:01,二级站出口,2.625
2026/4/21 18:05,西干管理站,0.381
2026/4/21 18:00,西干管理站,0.388
2026/4/21 17:55,西干管理站,0.387
2026/4/21 17:49,西干管理站,0.382
2026/4/21 17:44,西干管理站,0.394
2026/4/21 17:39,西干管理站,0.389
2026/4/21 17:34,西干管理站,0.398
2026/4/21 17:28,西干管理站,0.389
2026/4/21 17:23,西干管理站,0.38
2026/4/21 17:18,西干管理站,0.394
2026/4/21 17:13,西干管理站,0.361
2026/4/21 17:08,西干管理站,0.606
2026/4/21 17:02,西干管理站,0.604
2026/4/21 16:57,西干管理站,0.613
2026/4/21 16:51,西干管理站,0.602
2026/4/21 16:46,西干管理站,0.622
2026/4/21 16:41,西干管理站,0.604
2026/4/21 16:35,西干管理站,0.613
2026/4/21 16:30,西干管理站,0.627
2026/4/21 16:25,西干管理站,0.613
2026/4/21 16:19,西干管理站,0.621
2026/4/21 16:14,西干管理站,0.607
2026/4/21 16:08,西干管理站,0.619
2026/4/21 16:03,西干管理站,0.618
2026/4/21 15:58,西干管理站,0.613
2026/4/21 15:53,西干管理站,0.624
2026/4/21 15:48,西干管理站,0.622
2026/4/21 15:42,西干管理站,0.614
2026/4/21 15:37,西干管理站,0.607
2026/4/21 15:32,西干管理站,0.613
2026/4/21 15:26,西干管理站,0.612
2026/4/21 15:21,西干管理站,0.613
2026/4/21 15:15,西干管理站,0.616
2026/4/21 15:10,西干管理站,0.619
2026/4/21 15:05,西干管理站,0.62
2026/4/21 14:59,西干管理站,0.619
2026/4/21 14:54,西干管理站,0.604
2026/4/21 14:49,西干管理站,0.603
2026/4/21 14:44,西干管理站,0.607
2026/4/21 14:38,西干管理站,0.61
2026/4/21 14:33,西干管理站,0.613
2026/4/21 14:27,西干管理站,0.62
2026/4/21 14:22,西干管理站,0.623
2026/4/21 14:17,西干管理站,0.616
2026/4/21 14:12,西干管理站,0.619
2026/4/21 14:07,西干管理站,0.606
2026/4/21 14:02,西干管理站,0.608
2026/4/21 13:57,西干管理站,0.62
2026/4/21 13:51,西干管理站,0.599
2026/4/21 13:46,西干管理站,0.608
2026/4/21 13:41,西干管理站,0.614
2026/4/21 13:36,西干管理站,0.607
2026/4/21 13:31,西干管理站,0.611
2026/4/21 13:25,西干管理站,0.605
2026/4/21 13:20,西干管理站,0.611
2026/4/21 13:15,西干管理站,0.615
2026/4/21 13:10,西干管理站,0.615
2026/4/21 13:04,西干管理站,0.612
2026/4/21 12:59,西干管理站,0.601
2026/4/21 12:54,西干管理站,0.613
2026/4/21 12:49,西干管理站,0.625
2026/4/21 12:43,西干管理站,0.589
2026/4/21 12:38,西干管理站,0.584
2026/4/21 12:32,西干管理站,0.631
2026/4/21 12:27,西干管理站,0.595
2026/4/21 12:22,西干管理站,0.646
2026/4/21 12:16,西干管理站,0.644
2026/4/21 12:11,西干管理站,0.637
2026/4/21 12:06,西干管理站,0.638
2026/4/21 12:00,西干管理站,0.639
2026/4/21 11:55,西干管理站,0.645
2026/4/21 11:50,西干管理站,0.644
2026/4/21 11:45,西干管理站,0.628
2026/4/21 11:40,西干管理站,0.651
2026/4/21 11:35,西干管理站,0.636
2026/4/21 11:29,西干管理站,0.642
2026/4/21 11:24,西干管理站,0.642
2026/4/21 11:19,西干管理站,0.642
2026/4/21 11:14,西干管理站,0.648
2026/4/21 11:08,西干管理站,0.64
2026/4/21 11:03,西干管理站,0.641
2026/4/21 10:58,西干管理站,0.636
2026/4/21 10:53,西干管理站,0.644
2026/4/21 10:47,西干管理站,0.649
2026/4/21 10:42,西干管理站,0.64
2026/4/21 10:37,西干管理站,0.639
2026/4/21 10:32,西干管理站,0.646
2026/4/21 10:26,西干管理站,0.633
2026/4/21 10:21,西干管理站,0.649
2026/4/21 10:16,西干管理站,0.642
2026/4/21 10:11,西干管理站,0.641
2026/4/21 10:06,西干管理站,0.642
2026/4/21 10:01,西干管理站,0.645
2026/4/21 9:56,西干管理站,0.64
2026/4/21 9:50,西干管理站,0.638
2026/4/21 9:45,西干管理站,0.654
2026/4/21 9:40,西干管理站,0.639
2026/4/21 9:34,西干管理站,0.642
2026/4/21 9:29,西干管理站,0.653
2026/4/21 9:24,西干管理站,0.648
2026/4/21 9:19,西干管理站,0.648
2026/4/21 9:13,西干管理站,0.645
2026/4/21 9:08,西干管理站,0.637
2026/4/21 9:03,西干管理站,0.636
2026/4/21 8:58,西干管理站,0.651
2026/4/21 8:52,西干管理站,0.64
2026/4/21 8:47,西干管理站,0.645
2026/4/21 8:41,西干管理站,0.65
2026/4/21 8:36,西干管理站,0.641
2026/4/21 8:31,西干管理站,0.637
2026/4/21 8:26,西干管理站,0.636
2026/4/21 8:21,西干管理站,0.641
2026/4/21 8:16,西干管理站,0.649
2026/4/21 8:10,西干管理站,0.647
2026/4/21 8:05,西干管理站,0.651
2026/4/21 8:00,西干管理站,0.636
2026/4/21 7:54,西干管理站,0.633
2026/4/21 7:49,西干管理站,0.646
2026/4/21 7:44,西干管理站,0.649
2026/4/21 7:39,西干管理站,0.638
2026/4/21 7:33,西干管理站,0.693
2026/4/21 7:28,西干管理站,0.714
2026/4/21 7:23,西干管理站,0.705
2026/4/21 7:17,西干管理站,0.711
2026/4/21 7:12,西干管理站,0.696
2026/4/21 7:07,西干管理站,0.711
2026/4/21 7:01,西干管理站,0.697
2026/4/21 6:56,西干管理站,0.703
2026/4/21 6:51,西干管理站,0.693
2026/4/21 6:46,西干管理站,0.706
2026/4/21 6:41,西干管理站,0.696
2026/4/21 6:35,西干管理站,0.693
2026/4/21 6:30,西干管理站,0.703
2026/4/21 6:24,西干管理站,0.7
2026/4/21 6:19,西干管理站,0.708
2026/4/21 6:14,西干管理站,0.689
2026/4/21 6:08,西干管理站,0.682
2026/4/21 6:03,西干管理站,0.658
2026/4/21 5:58,西干管理站,0.75
2026/4/21 5:53,西干管理站,0.75
2026/4/21 5:48,西干管理站,0.75
2026/4/21 5:43,西干管理站,0.765
2026/4/21 5:37,西干管理站,0.744
2026/4/21 5:32,西干管理站,0.736
2026/4/21 5:27,西干管理站,0.741
2026/4/21 5:21,西干管理站,0.754
2026/4/21 5:16,西干管理站,0.756
2026/4/21 5:11,西干管理站,0.749
2026/4/21 5:05,西干管理站,0.754
2026/4/21 5:00,西干管理站,0.749
2026/4/21 4:55,西干管理站,0.75
2026/4/21 4:50,西干管理站,0.754
2026/4/21 4:45,西干管理站,0.749
2026/4/21 4:40,西干管理站,0.754
2026/4/21 4:35,西干管理站,0.746
2026/4/21 4:29,西干管理站,0.759
2026/4/21 4:24,西干管理站,0.748
2026/4/21 4:18,西干管理站,0.743
2026/4/21 4:13,西干管理站,0.752
2026/4/21 4:08,西干管理站,0.754
2026/4/21 4:02,西干管理站,0.756
2026/4/21 3:57,西干管理站,0.75
2026/4/21 3:52,西干管理站,0.756
2026/4/21 3:47,西干管理站,0.751
2026/4/21 3:42,西干管理站,0.752
2026/4/21 3:36,西干管理站,0.753
2026/4/21 3:31,西干管理站,0.751
2026/4/21 3:25,西干管理站,0.756
2026/4/21 3:20,西干管理站,0.753
2026/4/21 3:15,西干管理站,0.753
2026/4/21 3:09,西干管理站,0.752
2026/4/21 3:04,西干管理站,0.754
2026/4/21 2:59,西干管理站,0.756
2026/4/21 2:53,西干管理站,0.756
2026/4/21 2:48,西干管理站,0.756
2026/4/21 2:43,西干管理站,0.758
2026/4/21 2:37,西干管理站,0.759
2026/4/21 2:32,西干管理站,0.756
2026/4/21 2:27,西干管理站,0.756
2026/4/21 2:22,西干管理站,0.756
2026/4/21 2:17,西干管理站,0.753
2026/4/21 2:12,西干管理站,0.758
2026/4/21 2:06,西干管理站,0.753
2026/4/21 2:01,西干管理站,0.753
2026/4/21 1:56,西干管理站,0.754
2026/4/21 1:51,西干管理站,0.753
2026/4/21 1:45,西干管理站,0.751
2026/4/21 1:40,西干管理站,0.75
2026/4/21 1:34,西干管理站,0.758
2026/4/21 1:29,西干管理站,0.752
2026/4/21 1:24,西干管理站,0.736
2026/4/21 1:19,西干管理站,0.754
2026/4/21 1:13,西干管理站,0.748
2026/4/21 1:08,西干管理站,0.756
2026/4/21 1:03,西干管理站,0.752
2026/4/21 0:58,西干管理站,0.742
2026/4/21 0:52,西干管理站,0.745
2026/4/21 0:47,西干管理站,0.761
2026/4/21 0:42,西干管理站,0.753
2026/4/21 0:37,西干管理站,0.748
2026/4/21 0:32,西干管理站,0.757
2026/4/21 0:26,西干管理站,0.756
2026/4/21 0:21,西干管理站,0.748
2026/4/21 0:16,西干管理站,0.763
2026/4/21 0:11,西干管理站,0.751
2026/4/21 0:06,西干管理站,0.758
2026/4/21 0:00,西干管理站,0.75
2026/4/20 23:55,西干管理站,0.756
2026/4/20 23:50,西干管理站,0.757
2026/4/20 23:45,西干管理站,0.758
2026/4/20 23:39,西干管理站,0.745
2026/4/20 23:34,西干管理站,0.759
2026/4/20 23:29,西干管理站,0.749
2026/4/20 23:24,西干管理站,0.752
2026/4/20 23:19,西干管理站,0.76
2026/4/20 23:13,西干管理站,0.763
2026/4/20 23:08,西干管理站,0.761
2026/4/20 23:02,西干管理站,0.766
2026/4/20 22:58,西干管理站,0.75
2026/4/20 22:52,西干管理站,0.762
2026/4/20 22:47,西干管理站,0.767
2026/4/20 22:42,西干管理站,0.76
2026/4/20 22:36,西干管理站,0.757
2026/4/20 22:31,西干管理站,0.77
2026/4/20 22:26,西干管理站,0.754
2026/4/20 22:20,西干管理站,0.76
2026/4/20 22:15,西干管理站,0.751
2026/4/20 22:10,西干管理站,0.76
2026/4/20 22:04,西干管理站,0.757
2026/4/20 21:59,西干管理站,0.757
2026/4/20 21:53,西干管理站,0.743
2026/4/20 21:48,西干管理站,0.763
2026/4/20 21:43,西干管理站,0.767
2026/4/20 21:37,西干管理站,0.772
2026/4/20 21:32,西干管理站,0.752
2026/4/20 21:26,西干管理站,0.771
2026/4/20 21:21,西干管理站,0.76
2026/4/20 21:16,西干管理站,0.754
2026/4/20 21:11,西干管理站,0.76
2026/4/20 21:05,西干管理站,0.762
2026/4/20 21:00,西干管理站,0.769
2026/4/20 20:54,西干管理站,0.771
2026/4/20 20:49,西干管理站,0.817
2026/4/20 20:44,西干管理站,0.795
2026/4/20 20:38,西干管理站,0.813
2026/4/20 20:33,西干管理站,0.81
2026/4/20 20:28,西干管理站,0.793
2026/4/20 20:22,西干管理站,0.804
2026/4/20 20:17,西干管理站,0.824
2026/4/20 20:12,西干管理站,0.804
2026/4/20 20:06,西干管理站,0.798
2026/4/20 20:01,西干管理站,0.805
2026/4/20 19:55,西干管理站,0.793
2026/4/20 19:50,西干管理站,0.801
2026/4/20 19:45,西干管理站,0.789
2026/4/20 19:39,西干管理站,0.812
2026/4/20 19:34,西干管理站,0.836
2026/4/20 19:29,西干管理站,0.843
2026/4/20 19:23,西干管理站,0.829
2026/4/20 19:18,西干管理站,0.827
2026/4/20 19:13,西干管理站,0.832
2026/4/20 19:07,西干管理站,0.832
2026/4/20 19:02,西干管理站,0.829
2026/4/20 18:56,西干管理站,0.822
2026/4/20 18:51,西干管理站,0.822
2026/4/20 18:46,西干管理站,0.821
2026/4/20 18:40,西干管理站,0.812
2026/4/20 18:35,西干管理站,0.822
2026/4/20 18:30,西干管理站,0.826
2026/4/20 18:25,西干管理站,0.826
2026/4/20 18:19,西干管理站,0.828
2026/4/20 18:14,西干管理站,0.83
2026/4/20 18:08,西干管理站,0.819
2026/4/20 18:03,西干管理站,0.83
2026/4/20 17:58,西干管理站,0.829
2026/4/20 17:52,西干管理站,0.835
2026/4/20 17:47,西干管理站,0.818
2026/4/20 17:41,西干管理站,0.839
2026/4/20 17:36,西干管理站,0.827
2026/4/20 17:31,西干管理站,0.83
2026/4/20 17:25,西干管理站,0.823
2026/4/20 17:20,西干管理站,0.839
2026/4/20 17:15,西干管理站,0.819
2026/4/20 17:09,西干管理站,0.832
2026/4/20 17:04,西干管理站,0.837
2026/4/20 16:59,西干管理站,0.831
2026/4/20 16:53,西干管理站,0.823
2026/4/20 16:48,西干管理站,0.822
2026/4/20 16:43,西干管理站,0.834
2026/4/20 16:37,西干管理站,0.828
2026/4/20 16:32,西干管理站,0.828
2026/4/20 16:26,西干管理站,0.814
2026/4/20 16:21,西干管理站,0.813
2026/4/20 16:16,西干管理站,0.822
2026/4/20 16:11,西干管理站,0.836
2026/4/20 16:05,西干管理站,0.804
2026/4/20 16:00,西干管理站,0.837
2026/4/20 15:55,西干管理站,0.869
2026/4/20 15:50,西干管理站,0.864
2026/4/20 15:44,西干管理站,0.869
2026/4/20 15:39,西干管理站,0.86
2026/4/20 15:34,西干管理站,0.874
2026/4/20 15:29,西干管理站,0.867
2026/4/20 15:24,西干管理站,0.864
2026/4/20 15:19,西干管理站,0.872
2026/4/20 15:13,西干管理站,0.861
2026/4/20 15:08,西干管理站,0.858
2026/4/20 15:02,西干管理站,0.858
2026/4/20 14:57,西干管理站,0.869
2026/4/20 14:51,西干管理站,0.874
2026/4/20 14:46,西干管理站,0.857
2026/4/20 14:41,西干管理站,0.862
2026/4/20 14:36,西干管理站,0.871
2026/4/20 14:30,西干管理站,0.866
2026/4/20 14:25,西干管理站,0.854
2026/4/20 14:20,西干管理站,0.862
2026/4/20 14:15,西干管理站,0.862
2026/4/20 14:10,西干管理站,0.861
2026/4/20 14:04,西干管理站,0.861
2026/4/20 13:59,西干管理站,0.855
2026/4/20 13:54,西干管理站,0.869
2026/4/20 13:49,西干管理站,0.86
2026/4/20 13:43,西干管理站,0.864
2026/4/20 13:38,西干管理站,0.866
2026/4/20 13:33,西干管理站,0.886
2026/4/20 13:27,西干管理站,0.864
2026/4/20 13:22,西干管理站,0.867
2026/4/20 13:17,西干管理站,0.869
2026/4/20 13:12,西干管理站,0.861
2026/4/20 13:06,西干管理站,0.864
2026/4/20 13:01,西干管理站,0.869
2026/4/20 12:56,西干管理站,0.869
2026/4/20 12:51,西干管理站,0.858
2026/4/20 12:46,西干管理站,0.867
2026/4/20 12:40,西干管理站,0.853
2026/4/20 12:35,西干管理站,0.877
2026/4/20 12:30,西干管理站,0.865
2026/4/20 12:24,西干管理站,0.866
2026/4/20 12:19,西干管理站,0.862
2026/4/20 12:14,西干管理站,0.857
2026/4/20 12:08,西干管理站,0.856
2026/4/20 12:03,西干管理站,0.855
2026/4/20 11:58,西干管理站,0.869
2026/4/20 11:52,西干管理站,0.873
2026/4/20 11:47,西干管理站,0.861
2026/4/20 11:42,西干管理站,0.861
2026/4/20 11:36,西干管理站,0.871
2026/4/20 11:31,西干管理站,0.873
2026/4/20 11:26,西干管理站,0.871
2026/4/20 11:20,西干管理站,0.862
2026/4/20 11:15,西干管理站,0.863
2026/4/20 11:10,西干管理站,0.862
2026/4/20 11:04,西干管理站,0.864
2026/4/20 10:59,西干管理站,0.861
2026/4/20 10:54,西干管理站,0.864
2026/4/20 10:49,西干管理站,0.869
2026/4/20 10:44,西干管理站,0.875
2026/4/20 10:39,西干管理站,0.877
2026/4/20 10:34,西干管理站,0.877
2026/4/20 10:28,西干管理站,0.874
2026/4/20 10:23,西干管理站,0.878
2026/4/20 10:18,西干管理站,0.875
2026/4/20 10:12,西干管理站,0.874
2026/4/20 10:07,西干管理站,0.866
2026/4/20 10:02,西干管理站,0.86
2026/4/20 9:57,西干管理站,0.871
2026/4/20 9:52,西干管理站,0.874
2026/4/20 9:46,西干管理站,0.874
2026/4/20 9:41,西干管理站,0.866
2026/4/20 9:36,西干管理站,0.87
2026/4/20 9:31,西干管理站,0.854
2026/4/20 9:26,西干管理站,0.871
2026/4/20 9:21,西干管理站,0.872
2026/4/20 9:15,西干管理站,0.867
2026/4/20 9:10,西干管理站,0.865
2026/4/20 9:05,西干管理站,0.862
2026/4/20 9:00,西干管理站,0.857
2026/4/20 8:54,西干管理站,0.864
2026/4/20 8:49,西干管理站,0.867
2026/4/20 8:44,西干管理站,0.874
2026/4/20 8:39,西干管理站,0.867
2026/4/20 8:34,西干管理站,0.862
2026/4/20 8:29,西干管理站,0.864
2026/4/20 8:23,西干管理站,0.866
2026/4/20 8:18,西干管理站,0.866
2026/4/20 8:12,西干管理站,0.86
2026/4/20 8:07,西干管理站,0.872
2026/4/20 8:02,西干管理站,0.86
2026/4/20 7:56,西干管理站,0.867
2026/4/20 7:51,西干管理站,0.865
2026/4/20 7:46,西干管理站,0.857
2026/4/20 7:40,西干管理站,0.866
2026/4/20 7:35,西干管理站,0.869
2026/4/20 7:30,西干管理站,0.864
2026/4/20 7:25,西干管理站,0.865
2026/4/20 7:19,西干管理站,0.873
2026/4/20 7:14,西干管理站,0.867
2026/4/20 7:09,西干管理站,0.871
2026/4/20 7:04,西干管理站,0.872
2026/4/20 6:58,西干管理站,0.86
2026/4/20 6:53,西干管理站,0.863
2026/4/20 6:47,西干管理站,0.867
2026/4/20 6:42,西干管理站,0.871
2026/4/20 6:37,西干管理站,0.872
2026/4/20 6:31,西干管理站,0.863
2026/4/20 6:26,西干管理站,0.857
2026/4/20 6:21,西干管理站,0.871
2026/4/20 6:15,西干管理站,0.856
2026/4/20 6:10,西干管理站,0.867
2026/4/20 6:04,西干管理站,0.871
2026/4/20 5:59,西干管理站,0.862
2026/4/20 5:54,西干管理站,0.86
2026/4/20 5:48,西干管理站,0.87
2026/4/20 5:43,西干管理站,0.869
2026/4/20 5:38,西干管理站,0.872
2026/4/20 5:32,西干管理站,0.871
2026/4/20 5:27,西干管理站,0.867
2026/4/20 5:22,西干管理站,0.87
2026/4/20 5:17,西干管理站,0.854
2026/4/20 5:11,西干管理站,0.866
2026/4/20 5:06,西干管理站,0.864
2026/4/20 5:01,西干管理站,0.869
2026/4/20 4:56,西干管理站,0.865
2026/4/20 4:50,西干管理站,0.867
2026/4/20 4:45,西干管理站,0.872
2026/4/20 4:40,西干管理站,0.867
2026/4/20 4:35,西干管理站,0.871
2026/4/20 4:29,西干管理站,0.861
2026/4/20 4:24,西干管理站,0.87
2026/4/20 4:18,西干管理站,0.878
2026/4/20 4:13,西干管理站,0.87
2026/4/20 4:08,西干管理站,0.87
2026/4/20 4:03,西干管理站,0.864
2026/4/20 3:58,西干管理站,0.864
2026/4/20 3:52,西干管理站,0.863
2026/4/20 3:47,西干管理站,0.866
2026/4/20 3:42,西干管理站,0.875
2026/4/20 3:37,西干管理站,0.87
2026/4/20 3:32,西干管理站,0.857
2026/4/20 3:26,西干管理站,0.87
2026/4/20 3:21,西干管理站,0.87
2026/4/20 3:16,西干管理站,0.875
2026/4/20 3:11,西干管理站,0.872
2026/4/20 3:05,西干管理站,0.872
2026/4/20 3:00,西干管理站,0.863
2026/4/20 2:54,西干管理站,0.866
2026/4/20 2:49,西干管理站,0.875
2026/4/20 2:44,西干管理站,0.862
2026/4/20 2:39,西干管理站,0.869
2026/4/20 2:34,西干管理站,0.873
2026/4/20 2:29,西干管理站,0.88
2026/4/20 2:24,西干管理站,0.864
2026/4/20 2:18,西干管理站,0.87
2026/4/20 2:13,西干管理站,0.869
2026/4/20 2:07,西干管理站,0.866
2026/4/20 2:02,西干管理站,0.875
2026/4/20 1:56,西干管理站,0.866
2026/4/20 1:51,西干管理站,0.878
2026/4/20 1:46,西干管理站,0.864
2026/4/20 1:41,西干管理站,0.871
2026/4/20 1:35,西干管理站,0.872
2026/4/20 1:30,西干管理站,0.875
2026/4/20 1:25,西干管理站,0.874
2026/4/20 1:19,西干管理站,0.858
2026/4/20 1:14,西干管理站,0.872
2026/4/20 1:08,西干管理站,0.875
2026/4/20 1:03,西干管理站,0.869
2026/4/20 0:58,西干管理站,0.866
2026/4/20 0:52,西干管理站,0.877
2026/4/20 0:47,西干管理站,0.864
2026/4/20 0:42,西干管理站,0.877
2026/4/20 0:37,西干管理站,0.866
2026/4/20 0:32,西干管理站,0.872
2026/4/20 0:26,西干管理站,0.862
2026/4/20 0:21,西干管理站,0.872
2026/4/20 0:16,西干管理站,0.873
2026/4/20 0:11,西干管理站,0.865
2026/4/20 0:06,西干管理站,0.86
2026/4/20 0:01,西干管理站,0.87
2026/4/19 23:55,西干管理站,0.867
2026/4/19 23:50,西干管理站,0.866
2026/4/19 23:44,西干管理站,0.872
2026/4/19 23:39,西干管理站,0.867
2026/4/19 23:34,西干管理站,0.87
2026/4/19 23:29,西干管理站,0.869
2026/4/19 23:24,西干管理站,0.867
2026/4/19 23:18,西干管理站,0.865
2026/4/19 23:13,西干管理站,0.87
2026/4/19 23:08,西干管理站,0.869
2026/4/19 23:01,西干管理站,0.862
2026/4/19 22:58,西干管理站,0.869
2026/4/19 22:52,西干管理站,0.872
2026/4/19 22:47,西干管理站,0.864
2026/4/19 22:42,西干管理站,0.87
2026/4/19 22:36,西干管理站,0.867
2026/4/19 22:31,西干管理站,0.867
2026/4/19 22:26,西干管理站,0.864
2026/4/19 22:21,西干管理站,0.866
2026/4/19 22:16,西干管理站,0.872
2026/4/19 22:10,西干管理站,0.889
2026/4/19 22:05,西干管理站,0.872
2026/4/19 22:00,西干管理站,0.873
2026/4/19 21:54,西干管理站,0.873
2026/4/19 21:49,西干管理站,0.93
2026/4/19 21:44,西干管理站,0.946
2026/4/19 21:39,西干管理站,0.935
2026/4/19 21:34,西干管理站,0.939
2026/4/19 21:28,西干管理站,0.949
2026/4/19 21:23,西干管理站,0.936
2026/4/19 21:18,西干管理站,0.938
2026/4/19 21:13,西干管理站,0.947
2026/4/19 21:08,西干管理站,0.931
2026/4/19 21:02,西干管理站,0.941
2026/4/19 20:57,西干管理站,0.94
2026/4/19 20:52,西干管理站,0.95
2026/4/19 20:46,西干管理站,0.941
2026/4/19 20:41,西干管理站,0.938
2026/4/19 20:35,西干管理站,0.948
2026/4/19 20:30,西干管理站,0.94
2026/4/19 20:25,西干管理站,0.94
2026/4/19 20:19,西干管理站,0.946
2026/4/19 20:14,西干管理站,0.933
2026/4/19 20:09,西干管理站,0.946
2026/4/19 20:03,西干管理站,0.946
2026/4/19 19:58,西干管理站,0.941
2026/4/19 19:52,西干管理站,0.941
2026/4/19 19:47,西干管理站,0.935
2026/4/19 19:42,西干管理站,0.938
2026/4/19 19:37,西干管理站,0.946
2026/4/19 19:31,西干管理站,0.942
2026/4/19 19:26,西干管理站,0.944
2026/4/19 19:21,西干管理站,0.948
2026/4/19 19:15,西干管理站,0.942
2026/4/19 19:10,西干管理站,0.946
2026/4/19 19:05,西干管理站,0.936
2026/4/19 18:59,西干管理站,0.942
2026/4/19 18:54,西干管理站,0.944
2026/4/19 18:48,西干管理站,0.934
2026/4/19 18:43,西干管理站,0.947
2026/4/19 18:37,西干管理站,0.947
2026/4/19 18:32,西干管理站,0.943
2026/4/19 18:27,西干管理站,0.942
2026/4/19 18:21,西干管理站,0.95
2026/4/19 18:16,西干管理站,0.939
2026/4/19 18:11,西干管理站,0.95
2026/4/19 18:05,西干管理站,0.939
2026/4/19 18:00,西干管理站,0.946
2026/4/19 17:55,西干管理站,0.951
2026/4/19 17:49,西干管理站,0.935
2026/4/19 17:44,西干管理站,0.94
2026/4/19 17:39,西干管理站,0.941
2026/4/19 17:33,西干管理站,0.944
2026/4/19 17:28,西干管理站,0.946
2026/4/19 17:22,西干管理站,0.94
2026/4/19 17:17,西干管理站,0.951
2026/4/19 17:12,西干管理站,0.947
2026/4/19 17:07,西干管理站,0.947
2026/4/19 17:01,西干管理站,0.941
2026/4/19 16:56,西干管理站,0.943
2026/4/19 16:50,西干管理站,0.936
2026/4/19 16:45,西干管理站,0.942
2026/4/19 16:40,西干管理站,0.942
2026/4/19 16:34,西干管理站,0.947
2026/4/19 16:29,西干管理站,0.935
2026/4/19 16:24,西干管理站,0.941
2026/4/19 16:18,西干管理站,0.94
2026/4/19 16:13,西干管理站,0.941
2026/4/19 16:07,西干管理站,0.948
2026/4/19 16:02,西干管理站,0.949
2026/4/19 15:57,西干管理站,0.939
2026/4/19 15:51,西干管理站,0.943
2026/4/19 15:46,西干管理站,0.952
2026/4/19 15:41,西干管理站,0.947
2026/4/19 15:35,西干管理站,0.948
2026/4/19 15:30,西干管理站,0.942
2026/4/19 15:25,西干管理站,0.952
2026/4/19 15:19,西干管理站,0.947
2026/4/19 15:14,西干管理站,0.949
2026/4/19 15:09,西干管理站,0.946
2026/4/19 15:03,西干管理站,0.942
2026/4/19 14:58,西干管理站,0.95
2026/4/19 14:52,西干管理站,0.949
2026/4/19 14:47,西干管理站,0.946
2026/4/19 14:42,西干管理站,0.95
2026/4/19 14:36,西干管理站,0.946
2026/4/19 14:31,西干管理站,0.947
2026/4/19 14:26,西干管理站,0.951
2026/4/19 14:20,西干管理站,0.946
2026/4/19 14:15,西干管理站,0.943
2026/4/19 14:10,西干管理站,0.941
2026/4/19 14:04,西干管理站,0.947
2026/4/19 13:59,西干管理站,0.948
2026/4/19 13:53,西干管理站,0.949
2026/4/19 13:48,西干管理站,0.947
2026/4/19 13:42,西干管理站,0.944
2026/4/19 13:37,西干管理站,0.944
2026/4/19 13:32,西干管理站,0.943
2026/4/19 13:27,西干管理站,0.95
2026/4/19 13:22,西干管理站,0.941
2026/4/19 13:17,西干管理站,0.938
2026/4/19 13:12,西干管理站,0.94
2026/4/19 13:07,西干管理站,0.934
2026/4/19 13:01,西干管理站,0.935
2026/4/19 12:56,西干管理站,0.931
2026/4/19 12:51,西干管理站,0.94
2026/4/19 12:45,西干管理站,0.935
2026/4/19 12:40,西干管理站,0.943
2026/4/19 12:35,西干管理站,0.927
2026/4/19 12:29,西干管理站,0.918
2026/4/19 12:24,西干管理站,0.917
2026/4/19 12:18,西干管理站,0.913
2026/4/19 12:13,西干管理站,0.915
2026/4/19 12:08,西干管理站,0.912
2026/4/19 12:03,西干管理站,0.91
2026/4/19 11:57,西干管理站,0.914
2026/4/19 11:52,西干管理站,0.914
2026/4/19 11:47,西干管理站,0.906
2026/4/19 11:41,西干管理站,0.913
2026/4/19 11:36,西干管理站,0.923
2026/4/19 11:30,西干管理站,0.921
2026/4/19 11:25,西干管理站,0.918
2026/4/19 11:19,西干管理站,0.93
2026/4/19 11:14,西干管理站,0.925
2026/4/19 11:09,西干管理站,0.916
2026/4/19 11:04,西干管理站,0.915
2026/4/19 10:58,西干管理站,0.906
2026/4/19 10:53,西干管理站,0.916
2026/4/19 10:47,西干管理站,0.917
2026/4/19 10:42,西干管理站,0.914
2026/4/19 10:37,西干管理站,0.917
2026/4/19 10:32,西干管理站,0.917
2026/4/19 10:26,西干管理站,0.92
2026/4/19 10:21,西干管理站,0.923
2026/4/19 10:16,西干管理站,0.921
2026/4/19 10:10,西干管理站,0.924
2026/4/19 10:05,西干管理站,0.914
2026/4/19 10:00,西干管理站,0.921
2026/4/19 9:55,西干管理站,0.927
2026/4/19 9:50,西干管理站,0.915
2026/4/19 9:44,西干管理站,0.915
2026/4/19 9:39,西干管理站,0.914
2026/4/19 9:33,西干管理站,0.913
2026/4/19 9:28,西干管理站,0.905
2026/4/19 9:23,西干管理站,0.906
2026/4/19 9:17,西干管理站,0.908
2026/4/19 9:12,西干管理站,0.912
2026/4/19 9:07,西干管理站,0.917
2026/4/19 9:01,西干管理站,0.913
2026/4/19 8:56,西干管理站,0.913
2026/4/19 8:51,西干管理站,0.913
2026/4/19 8:46,西干管理站,0.909
2026/4/19 8:40,西干管理站,0.916
2026/4/19 8:35,西干管理站,0.922
2026/4/19 8:30,西干管理站,0.881
2026/4/19 8:25,西干管理站,0.867
2026/4/19 8:19,西干管理站,0.874
2026/4/19 8:14,西干管理站,0.871
2026/4/19 8:08,西干管理站,0.872
2026/4/19 8:03,西干管理站,0.874
2026/4/19 7:58,西干管理站,0.881
2026/4/19 7:53,西干管理站,0.869
2026/4/19 7:47,西干管理站,0.874
2026/4/19 7:42,西干管理站,0.869
2026/4/19 7:36,西干管理站,0.877
2026/4/19 7:31,西干管理站,0.873
2026/4/19 7:25,西干管理站,0.873
2026/4/19 7:20,西干管理站,0.879
2026/4/19 7:15,西干管理站,0.873
2026/4/19 7:10,西干管理站,0.871
2026/4/19 7:04,西干管理站,0.886
2026/4/19 6:59,西干管理站,0.878
2026/4/19 6:53,西干管理站,0.873
2026/4/19 6:48,西干管理站,0.88
2026/4/19 6:43,西干管理站,0.87
2026/4/19 6:37,西干管理站,0.878
2026/4/19 6:32,西干管理站,0.949
2026/4/19 6:27,西干管理站,0.723
2026/4/19 6:22,西干管理站,0.727
2026/4/19 6:17,西干管理站,0.722
2026/4/19 6:11,西干管理站,0.719
2026/4/19 6:06,西干管理站,0.725
2026/4/19 6:01,西干管理站,0.72
2026/4/19 5:55,西干管理站,0.728
2026/4/19 5:50,西干管理站,0.728
2026/4/19 5:45,西干管理站,0.719
2026/4/19 5:40,西干管理站,0.728
2026/4/19 5:35,西干管理站,0.727
2026/4/19 5:29,西干管理站,0.728
2026/4/19 5:24,西干管理站,0.732
2026/4/19 5:19,西干管理站,0.726
2026/4/19 5:13,西干管理站,0.722
2026/4/19 5:08,西干管理站,0.72
2026/4/19 5:03,西干管理站,0.718
2026/4/19 4:57,西干管理站,0.72
2026/4/19 4:52,西干管理站,0.725
2026/4/19 4:47,西干管理站,0.715
2026/4/19 4:41,西干管理站,0.724
2026/4/19 4:36,西干管理站,0.725
2026/4/19 4:30,西干管理站,0.719
2026/4/19 4:25,西干管理站,0.728
2026/4/19 4:19,西干管理站,0.724
2026/4/19 4:14,西干管理站,0.723
2026/4/19 4:09,西干管理站,0.728
2026/4/19 4:04,西干管理站,0.718
2026/4/19 3:58,西干管理站,0.722
2026/4/19 3:53,西干管理站,0.725
2026/4/19 3:48,西干管理站,0.717
2026/4/19 3:43,西干管理站,0.727
2026/4/19 3:38,西干管理站,0.717
2026/4/19 3:33,西干管理站,0.727
2026/4/19 3:27,西干管理站,0.731
2026/4/19 3:22,西干管理站,0.718
2026/4/19 3:17,西干管理站,0.722
2026/4/19 3:11,西干管理站,0.722
2026/4/19 3:06,西干管理站,0.729
2026/4/19 3:01,西干管理站,0.715
2026/4/19 2:55,西干管理站,0.731
2026/4/19 2:50,西干管理站,0.726
2026/4/19 2:45,西干管理站,0.723
2026/4/19 2:40,西干管理站,0.725
2026/4/19 2:34,西干管理站,0.72
2026/4/19 2:29,西干管理站,0.714
2026/4/19 2:23,西干管理站,0.723
2026/4/19 2:18,西干管理站,0.722
2026/4/19 2:13,西干管理站,0.726
2026/4/19 2:08,西干管理站,0.722
2026/4/19 2:02,西干管理站,0.724
2026/4/19 1:57,西干管理站,0.723
2026/4/19 1:52,西干管理站,0.718
2026/4/19 1:47,西干管理站,0.72
2026/4/19 1:41,西干管理站,0.718
2026/4/19 1:36,西干管理站,0.723
2026/4/19 1:31,西干管理站,0.713
2026/4/19 1:25,西干管理站,0.725
2026/4/19 1:20,西干管理站,0.717
2026/4/19 1:14,西干管理站,0.715
2026/4/19 1:09,西干管理站,0.726
2026/4/19 1:04,西干管理站,0.715
2026/4/19 0:58,西干管理站,0.72
2026/4/19 0:53,西干管理站,0.716
2026/4/19 0:47,西干管理站,0.715
2026/4/19 0:42,西干管理站,0.722
2026/4/19 0:36,西干管理站,0.72
2026/4/19 0:31,西干管理站,0.705
2026/4/19 0:26,西干管理站,0.718
2026/4/19 0:20,西干管理站,0.718
2026/4/19 0:15,西干管理站,0.723
2026/4/19 0:09,西干管理站,0.72
2026/4/19 0:04,西干管理站,0.718
2026/4/18 23:59,西干管理站,0.717
2026/4/18 23:53,西干管理站,0.726
2026/4/18 23:48,西干管理站,0.719
2026/4/18 23:43,西干管理站,0.718
2026/4/18 23:38,西干管理站,0.719
2026/4/18 23:32,西干管理站,0.719
2026/4/18 23:27,西干管理站,0.718
2026/4/18 23:22,西干管理站,0.723
2026/4/18 23:17,西干管理站,0.715
2026/4/18 23:11,西干管理站,0.724
2026/4/18 23:06,西干管理站,0.717
2026/4/18 23:01,西干管理站,0.717
2026/4/18 22:56,西干管理站,0.719
2026/4/18 22:50,西干管理站,0.714
2026/4/18 22:45,西干管理站,0.718
2026/4/18 22:40,西干管理站,0.717
2026/4/18 22:35,西干管理站,0.717
2026/4/18 22:30,西干管理站,0.716
2026/4/18 22:25,西干管理站,0.715
2026/4/18 22:19,西干管理站,0.714
2026/4/18 22:14,西干管理站,0.725
2026/4/18 22:09,西干管理站,0.716
2026/4/18 22:04,西干管理站,0.717
2026/4/18 21:58,西干管理站,0.723
2026/4/18 21:53,西干管理站,0.72
2026/4/18 21:47,西干管理站,0.714
2026/4/18 21:42,西干管理站,0.719
2026/4/18 21:37,西干管理站,0.717
2026/4/18 21:32,西干管理站,0.718
2026/4/18 21:27,西干管理站,0.719
2026/4/18 21:22,西干管理站,0.717
2026/4/18 21:16,西干管理站,0.716
2026/4/18 21:11,西干管理站,0.718
2026/4/18 21:06,西干管理站,0.715
2026/4/18 21:01,西干管理站,0.717
2026/4/18 20:56,西干管理站,0.719
2026/4/18 20:51,西干管理站,0.715
2026/4/18 20:45,西干管理站,0.716
2026/4/18 20:40,西干管理站,0.714
2026/4/18 20:35,西干管理站,0.709
2026/4/18 20:30,西干管理站,0.709
2026/4/18 20:24,西干管理站,0.711
2026/4/18 20:19,西干管理站,0.714
2026/4/18 20:13,西干管理站,0.716
2026/4/18 20:08,西干管理站,0.708
2026/4/18 20:03,西干管理站,0.708
2026/4/18 19:57,西干管理站,0.713
2026/4/18 19:52,西干管理站,0.709
2026/4/18 19:46,西干管理站,0.71
2026/4/18 19:41,西干管理站,0.724
2026/4/18 19:36,西干管理站,0.723
2026/4/18 19:31,西干管理站,0.728
2026/4/18 19:26,西干管理站,0.729
2026/4/18 19:20,西干管理站,0.717
2026/4/18 19:15,西干管理站,0.724
2026/4/18 19:10,西干管理站,0.722
2026/4/18 19:05,西干管理站,0.719
2026/4/18 19:00,西干管理站,0.731
2026/4/18 18:55,西干管理站,0.725
2026/4/18 18:49,西干管理站,0.732
2026/4/18 18:44,西干管理站,0.718
2026/4/18 18:39,西干管理站,0.724
2026/4/18 18:34,西干管理站,0.719
2026/4/18 18:28,西干管理站,0.726
2026/4/18 18:23,西干管理站,0.729
2026/4/18 18:18,西干管理站,0.725
2026/4/18 18:13,西干管理站,0.72
2026/4/18 18:07,西干管理站,0.726
2026/4/18 18:02,西干管理站,0.726
2026/4/18 17:57,西干管理站,0.723
2026/4/18 17:51,西干管理站,0.728
2026/4/18 17:46,西干管理站,0.727
2026/4/18 17:40,西干管理站,0.733
2026/4/18 17:35,西干管理站,0.722
2026/4/18 17:29,西干管理站,0.661
2026/4/18 17:24,西干管理站,0.588
2026/4/18 17:19,西干管理站,0.707
2026/4/18 17:14,西干管理站,0.702
2026/4/18 17:08,西干管理站,0.707
2026/4/18 17:03,西干管理站,0.706
2026/4/18 16:58,西干管理站,0.714
2026/4/18 16:53,西干管理站,0.711
2026/4/18 16:47,西干管理站,0.713
2026/4/18 16:42,西干管理站,0.71
2026/4/18 16:37,西干管理站,0.723
2026/4/18 16:31,西干管理站,0.71
2026/4/18 16:26,西干管理站,0.715
2026/4/18 16:20,西干管理站,0.716
2026/4/18 16:15,西干管理站,0.71
2026/4/18 16:09,西干管理站,0.724
2026/4/18 16:04,西干管理站,0.72
2026/4/18 15:59,西干管理站,0.724
2026/4/18 15:53,西干管理站,0.719
2026/4/18 15:48,西干管理站,0.714
2026/4/18 15:43,西干管理站,0.714
2026/4/18 15:37,西干管理站,0.716
2026/4/18 15:32,西干管理站,0.715
2026/4/18 15:27,西干管理站,0.71
2026/4/18 15:22,西干管理站,0.758
2026/4/18 15:16,西干管理站,0.875
2026/4/18 15:11,西干管理站,0.679
2026/4/18 15:05,西干管理站,0.679
2026/4/18 15:00,西干管理站,0.679
2026/4/18 14:55,西干管理站,0.68
2026/4/18 14:49,西干管理站,0.68
2026/4/18 14:44,西干管理站,0.677
2026/4/18 14:39,西干管理站,0.679
2026/4/18 14:33,西干管理站,0.676
2026/4/18 14:28,西干管理站,0.676
2026/4/18 14:23,西干管理站,0.675
2026/4/18 14:17,西干管理站,0.679
2026/4/18 14:12,西干管理站,0.676
2026/4/18 14:07,西干管理站,0.677
2026/4/18 14:01,西干管理站,0.68
2026/4/18 13:56,西干管理站,0.676
2026/4/18 13:50,西干管理站,0.676
2026/4/18 13:45,西干管理站,0.675
2026/4/18 13:40,西干管理站,0.754
2026/4/18 13:34,西干管理站,0.753
2026/4/18 13:29,西干管理站,0.753
2026/4/18 13:24,西干管理站,0.754
2026/4/18 13:18,西干管理站,0.754
2026/4/18 13:13,西干管理站,0.753
2026/4/18 13:08,西干管理站,0.752
2026/4/18 13:02,西干管理站,0.752
2026/4/18 12:57,西干管理站,0.756
2026/4/18 12:51,西干管理站,0.873
2026/4/18 12:46,西干管理站,0.871
2026/4/18 12:41,西干管理站,0.843
2026/4/18 12:36,西干管理站,0.598
2026/4/18 12:31,西干管理站,0.598
2026/4/18 12:26,西干管理站,0.596
2026/4/18 12:21,西干管理站,0.907
2026/4/18 12:15,西干管理站,0.78
2026/4/18 12:10,西干管理站,1.053
2026/4/18 12:05,西干管理站,1.13
2026/4/18 12:00,西干管理站,0.914
2026/4/18 11:55,西干管理站,0.699
2026/4/18 11:49,西干管理站,1.447
2026/4/18 11:44,西干管理站,0.896
2026/4/18 11:39,西干管理站,0.481
2026/4/18 11:34,西干管理站,0.198
2026/4/18 11:28,西干管理站,0.295
2026/4/18 11:23,西干管理站,0.598
2026/4/18 11:18,西干管理站,0.597
2026/4/18 11:12,西干管理站,0.722
2026/4/18 11:07,西干管理站,0.718
2026/4/18 11:02,西干管理站,0.718
2026/4/18 10:57,西干管理站,0.727
2026/4/18 10:51,西干管理站,0.725
2026/4/18 10:46,西干管理站,0.72
2026/4/18 10:41,西干管理站,0.728
2026/4/18 10:35,西干管理站,0.726
2026/4/18 10:30,西干管理站,0.731
2026/4/18 10:24,西干管理站,0.734
2026/4/18 10:19,西干管理站,0.726
2026/4/18 10:14,西干管理站,0.733
2026/4/18 10:09,西干管理站,0.723
2026/4/18 10:04,西干管理站,0.733
2026/4/18 9:59,西干管理站,0.735
2026/4/18 9:53,西干管理站,0.727
2026/4/18 9:48,西干管理站,0.727
2026/4/18 9:43,西干管理站,0.723
2026/4/18 9:37,西干管理站,0.722
2026/4/18 9:32,西干管理站,0.715
2026/4/18 9:26,西干管理站,0.714
2026/4/18 9:21,西干管理站,0.723
2026/4/18 9:16,西干管理站,0.723
2026/4/18 9:10,西干管理站,0.723
2026/4/18 9:05,西干管理站,0.719
2026/4/18 9:00,西干管理站,0.72
2026/4/18 8:54,西干管理站,0.717
2026/4/18 8:49,西干管理站,0.713
2026/4/18 8:44,西干管理站,0.72
2026/4/18 8:38,西干管理站,0.737
2026/4/18 8:33,西干管理站,0.737
2026/4/18 8:28,西干管理站,0.741
2026/4/18 8:22,西干管理站,0.733
2026/4/18 8:17,西干管理站,0.737
2026/4/18 8:12,西干管理站,0.745
2026/4/18 8:07,西干管理站,0.737
2026/4/18 8:01,西干管理站,0.74
2026/4/18 7:56,西干管理站,0.736
2026/4/18 7:51,西干管理站,0.732
2026/4/18 7:45,西干管理站,0.742
2026/4/18 7:40,西干管理站,0.735
2026/4/18 7:35,西干管理站,0.736
2026/4/18 7:29,西干管理站,0.743
2026/4/18 7:24,西干管理站,0.736
2026/4/18 7:19,西干管理站,0.733
2026/4/18 7:14,西干管理站,0.737
2026/4/18 7:08,西干管理站,0.736
2026/4/18 7:03,西干管理站,0.737
2026/4/18 6:58,西干管理站,0.739
2026/4/18 6:53,西干管理站,0.729
2026/4/18 6:48,西干管理站,0.739
2026/4/18 6:43,西干管理站,0.735
2026/4/18 6:37,西干管理站,0.742
2026/4/18 6:32,西干管理站,0.736
2026/4/18 6:27,西干管理站,0.743
2026/4/18 6:22,西干管理站,0.742
2026/4/18 6:16,西干管理站,0.736
2026/4/18 6:11,西干管理站,0.733
2026/4/18 6:06,西干管理站,0.72
2026/4/18 6:01,西干管理站,0.723
2026/4/18 5:55,西干管理站,0.725
2026/4/18 5:50,西干管理站,0.723
2026/4/18 5:44,西干管理站,0.729
2026/4/18 5:39,西干管理站,0.719
2026/4/18 5:33,西干管理站,0.722
2026/4/18 5:28,西干管理站,0.724
2026/4/18 5:23,西干管理站,0.724
2026/4/18 5:18,西干管理站,0.72
2026/4/18 5:12,西干管理站,0.727
2026/4/18 5:07,西干管理站,0.719
2026/4/18 5:02,西干管理站,0.723
2026/4/18 4:57,西干管理站,0.718
2026/4/18 4:52,西干管理站,0.734
2026/4/18 4:46,西干管理站,0.718
2026/4/18 4:41,西干管理站,0.728
2026/4/18 4:35,西干管理站,0.718
2026/4/18 4:30,西干管理站,0.736
2026/4/18 4:25,西干管理站,0.718
2026/4/18 4:20,西干管理站,0.726
2026/4/18 4:14,西干管理站,0.723
2026/4/18 4:09,西干管理站,0.728
2026/4/18 4:03,西干管理站,0.728
2026/4/18 3:58,西干管理站,0.726
2026/4/18 3:53,西干管理站,0.727
2026/4/18 3:47,西干管理站,0.729
2026/4/18 3:42,西干管理站,0.722
2026/4/18 3:37,西干管理站,0.72
2026/4/18 3:32,西干管理站,0.722
2026/4/18 3:26,西干管理站,0.725
2026/4/18 3:21,西干管理站,0.728
2026/4/18 3:16,西干管理站,0.729
2026/4/18 3:10,西干管理站,0.723
2026/4/18 3:05,西干管理站,0.727
2026/4/18 3:00,西干管理站,0.719
2026/4/18 2:55,西干管理站,0.725
2026/4/18 2:49,西干管理站,0.727
2026/4/18 2:44,西干管理站,0.727
2026/4/18 2:39,西干管理站,0.722
2026/4/18 2:34,西干管理站,0.722
2026/4/18 2:28,西干管理站,0.723
2026/4/18 2:23,西干管理站,0.723
2026/4/18 2:18,西干管理站,0.725
2026/4/18 2:13,西干管理站,0.733
2026/4/18 2:07,西干管理站,0.723
2026/4/18 2:02,西干管理站,0.723
2026/4/18 1:56,西干管理站,0.728
2026/4/18 1:51,西干管理站,0.724
2026/4/18 1:46,西干管理站,0.724
2026/4/18 1:41,西干管理站,0.724
2026/4/18 1:36,西干管理站,0.725
2026/4/18 1:30,西干管理站,0.722
2026/4/18 1:25,西干管理站,0.733
2026/4/18 1:19,西干管理站,0.717
2026/4/18 1:14,西干管理站,0.725
2026/4/18 1:09,西干管理站,0.728
2026/4/18 1:01,西干管理站,0.722
2026/4/18 0:57,西干管理站,0.722
2026/4/18 0:51,西干管理站,0.733
2026/4/18 0:46,西干管理站,0.731
2026/4/18 0:40,西干管理站,0.731
2026/4/18 0:35,西干管理站,0.728
2026/4/18 0:30,西干管理站,0.731
2026/4/18 0:25,西干管理站,0.725
2026/4/18 0:20,西干管理站,0.722
2026/4/18 0:15,西干管理站,0.729
2026/4/18 0:09,西干管理站,0.72
2026/4/18 0:04,西干管理站,0.729
2026/4/17 23:59,西干管理站,0.732
2026/4/17 23:53,西干管理站,0.723
2026/4/17 23:48,西干管理站,0.727
2026/4/17 23:43,西干管理站,0.717
2026/4/17 23:38,西干管理站,0.727
2026/4/17 23:32,西干管理站,0.727
2026/4/17 23:27,西干管理站,0.722
2026/4/17 23:21,西干管理站,0.739
2026/4/17 23:16,西干管理站,0.718
2026/4/17 23:10,西干管理站,0.729
2026/4/17 23:03,西干管理站,0.729
2026/4/17 23:00,西干管理站,0.724
2026/4/17 22:54,西干管理站,0.724
2026/4/17 22:49,西干管理站,0.733
2026/4/17 22:43,西干管理站,0.728
2026/4/17 22:38,西干管理站,0.722
2026/4/17 22:32,西干管理站,0.727
2026/4/17 22:27,西干管理站,0.741
2026/4/17 22:22,西干管理站,0.75
2026/4/17 22:16,西干管理站,0.754
2026/4/17 22:11,西干管理站,0.756
2026/4/17 22:06,西干管理站,0.757
2026/4/17 22:01,西干管理站,0.75
2026/4/17 21:55,西干管理站,0.752
2026/4/17 21:50,西干管理站,0.751
2026/4/17 21:45,西干管理站,0.748
2026/4/17 21:40,西干管理站,0.744
2026/4/17 21:35,西干管理站,0.749
2026/4/17 21:30,西干管理站,0.742
2026/4/17 21:24,西干管理站,0.754
2026/4/17 21:19,西干管理站,0.744
2026/4/17 21:14,西干管理站,0.751
2026/4/17 21:08,西干管理站,0.745
2026/4/17 21:03,西干管理站,0.752
2026/4/17 20:58,西干管理站,0.753
2026/4/17 20:53,西干管理站,0.758
2026/4/17 20:47,西干管理站,0.751
2026/4/17 20:42,西干管理站,0.751
2026/4/17 20:37,西干管理站,0.749
2026/4/17 20:31,西干管理站,0.745
2026/4/17 20:26,西干管理站,0.739
2026/4/17 20:21,西干管理站,0.74
2026/4/17 20:16,西干管理站,0.739
2026/4/17 20:11,西干管理站,0.74
2026/4/17 20:05,西干管理站,0.741
2026/4/17 20:00,西干管理站,0.723
2026/4/17 19:55,西干管理站,0.752
2026/4/17 19:50,西干管理站,0.748
2026/4/17 19:44,西干管理站,0.757
2026/4/17 19:39,西干管理站,0.754
2026/4/17 19:34,西干管理站,0.749
2026/4/17 19:28,西干管理站,0.742
2026/4/17 19:23,西干管理站,0.746
2026/4/17 19:18,西干管理站,0.744
2026/4/17 19:13,西干管理站,0.728
2026/4/17 19:07,西干管理站,0.749
2026/4/17 19:02,西干管理站,0.75
2026/4/17 18:57,西干管理站,0.745
2026/4/17 18:51,西干管理站,0.754
2026/4/17 18:46,西干管理站,0.743
2026/4/17 18:41,西干管理站,0.742
2026/4/17 18:35,西干管理站,0.753
2026/4/17 18:30,西干管理站,0.75
2026/4/17 18:24,西干管理站,0.754
2026/4/17 18:19,西干管理站,0.743
2026/4/17 18:14,西干管理站,0.756
2026/4/17 18:08,西干管理站,0.742
2026/4/17 18:03,西干管理站,0.75
2026/4/17 17:58,西干管理站,0.752
2026/4/17 17:53,西干管理站,0.757
2026/4/17 17:47,西干管理站,0.759
2026/4/17 17:42,西干管理站,0.754
2026/4/17 17:37,西干管理站,0.756
2026/4/17 17:31,西干管理站,0.753
2026/4/17 17:26,西干管理站,0.759
2026/4/17 17:21,西干管理站,0.756
2026/4/17 17:15,西干管理站,0.748
2026/4/17 17:10,西干管理站,0.75
2026/4/17 17:05,西干管理站,0.768
2026/4/17 17:00,西干管理站,0.762
2026/4/17 16:55,西干管理站,0.763
2026/4/17 16:49,西干管理站,0.758
2026/4/17 16:44,西干管理站,0.761
2026/4/17 16:39,西干管理站,0.767
2026/4/17 16:33,西干管理站,0.768
2026/4/17 16:28,西干管理站,0.763
2026/4/17 16:23,西干管理站,0.759
2026/4/17 16:17,西干管理站,0.763
2026/4/17 16:12,西干管理站,0.76
2026/4/17 16:06,西干管理站,0.763
2026/4/17 16:01,西干管理站,0.767
2026/4/17 15:56,西干管理站,0.769
2026/4/17 15:50,西干管理站,0.769
2026/4/17 15:45,西干管理站,0.778
2026/4/17 15:39,西干管理站,0.763
2026/4/17 15:34,西干管理站,0.771
2026/4/17 15:29,西干管理站,0.742
2026/4/17 15:24,西干管理站,0.728
2026/4/17 15:19,西干管理站,0.696
2026/4/17 15:03,西干管理站,0.734
2026/4/17 14:58,西干管理站,0.729
2026/4/17 14:53,西干管理站,0.745
2026/4/17 14:48,西干管理站,0.743
2026/4/17 14:43,西干管理站,0.732
2026/4/17 14:38,西干管理站,0.732
2026/4/17 14:32,西干管理站,0.728
2026/4/17 14:27,西干管理站,0.734
2026/4/17 14:21,西干管理站,0.732
2026/4/17 14:16,西干管理站,0.737
2026/4/17 14:11,西干管理站,0.732
2026/4/17 14:05,西干管理站,0.737
2026/4/17 14:00,西干管理站,0.708
2026/4/17 13:55,西干管理站,0.715
2026/4/17 13:50,西干管理站,0.711
2026/4/17 13:45,西干管理站,0.707
2026/4/17 13:39,西干管理站,0.706
2026/4/17 13:34,西干管理站,0.706
2026/4/17 13:28,西干管理站,0.701
2026/4/17 13:23,西干管理站,0.71
2026/4/17 13:17,西干管理站,0.714
2026/4/17 13:12,西干管理站,0.703
2026/4/17 13:07,西干管理站,0.713
2026/4/17 13:02,西干管理站,0.703
2026/4/17 12:56,西干管理站,0.706
2026/4/17 12:51,西干管理站,0.703
2026/4/17 12:46,西干管理站,0.706
2026/4/17 12:41,西干管理站,0.705
2026/4/17 12:35,西干管理站,0.708
2026/4/17 12:30,西干管理站,0.699
2026/4/17 12:25,西干管理站,0.708
2026/4/17 12:19,西干管理站,0.696
2026/4/17 12:14,西干管理站,0.703
2026/4/17 12:09,西干管理站,0.701
2026/4/17 12:03,西干管理站,0.698
2026/4/17 11:58,西干管理站,0.701
2026/4/17 11:53,西干管理站,0.708
2026/4/17 11:47,西干管理站,0.705
2026/4/17 11:42,西干管理站,0.701
2026/4/17 11:37,西干管理站,0.705
2026/4/17 11:32,西干管理站,0.694
2026/4/17 11:26,西干管理站,0.7
2026/4/17 11:21,西干管理站,0.703
2026/4/17 11:16,西干管理站,0.717
2026/4/17 11:10,西干管理站,0.703
2026/4/17 11:05,西干管理站,0.706
2026/4/17 10:59,西干管理站,0.707
2026/4/17 10:54,西干管理站,0.691
2026/4/17 10:48,西干管理站,0.703
2026/4/17 10:43,西干管理站,0.763
2026/4/17 10:37,西干管理站,0.767
2026/4/17 10:32,西干管理站,0.775
2026/4/17 10:26,西干管理站,0.775
2026/4/17 10:21,西干管理站,0.782
2026/4/17 10:16,西干管理站,0.772
2026/4/17 10:10,西干管理站,0.766
2026/4/17 10:05,西干管理站,0.761
2026/4/17 10:00,西干管理站,0.775
2026/4/17 9:54,西干管理站,0.768
2026/4/17 9:49,西干管理站,0.76
2026/4/17 9:44,西干管理站,0.762
2026/4/17 9:39,西干管理站,0.763
2026/4/17 9:33,西干管理站,0.76
2026/4/17 9:28,西干管理站,0.761
2026/4/17 9:23,西干管理站,0.762
2026/4/17 9:18,西干管理站,0.769
2026/4/17 9:15,西干管理站,0.69
2026/4/17 9:10,西干管理站,0.69
2026/4/17 9:05,西干管理站,0.69
2026/4/17 9:00,西干管理站,0.69
2026/4/17 8:55,西干管理站,0.69
2026/4/17 8:50,西干管理站,0.69
2026/4/17 8:45,西干管理站,0.69
2026/4/17 8:40,西干管理站,0.69
2026/4/17 8:35,西干管理站,0.69
2026/4/17 8:30,西干管理站,0.69
2026/4/17 8:25,西干管理站,0.69
2026/4/17 8:20,西干管理站,0.69
2026/4/17 8:15,西干管理站,0.69
2026/4/17 8:10,西干管理站,0.69
2026/4/17 8:05,西干管理站,0.69
2026/4/17 8:00,西干管理站,0.69
2026/4/17 7:55,西干管理站,0.69
2026/4/17 7:50,西干管理站,0.69
2026/4/14 16:26,西干管理站,-0.109
2026/4/14 16:21,西干管理站,-0.107
2026/4/14 16:16,西干管理站,-0.111
2026/4/14 16:10,西干管理站,-0.111
2026/4/14 16:05,西干管理站,-0.113
2026/4/14 16:00,西干管理站,0.171
2026/4/14 15:55,西干管理站,0.172
2026/4/14 15:49,西干管理站,0.171
2026/4/14 15:44,西干管理站,0.164
2026/4/14 15:39,西干管理站,0.173
2026/4/14 15:34,西干管理站,0.166
2026/4/14 15:29,西干管理站,0.169
2026/4/14 15:23,西干管理站,0.165
2026/4/14 15:18,西干管理站,0.17
2026/4/14 15:12,西干管理站,0.169
2026/4/14 15:07,西干管理站,0.171
2026/4/14 15:01,西干管理站,0.169
2026/4/14 14:56,西干管理站,0.164
2026/4/14 14:51,西干管理站,0.167
2026/4/14 14:45,西干管理站,0.167
2026/4/14 14:40,西干管理站,0.169
2026/4/14 14:34,西干管理站,0.17
2026/4/14 14:29,西干管理站,0.166
2026/4/14 14:23,西干管理站,0.167
2026/4/14 14:18,西干管理站,0.173
2026/4/14 14:12,西干管理站,0.166
2026/4/14 14:07,西干管理站,0.171
2026/4/14 14:01,西干管理站,0.171
2026/4/14 13:56,西干管理站,0.17
2026/4/14 13:50,西干管理站,0.172
2026/4/14 13:45,西干管理站,0.17
2026/4/14 13:39,西干管理站,0.17
2026/4/14 13:34,西干管理站,0.17
2026/4/14 13:29,西干管理站,0.167
2026/4/14 13:24,西干管理站,0.17
2026/4/14 13:19,西干管理站,0.172
2026/4/14 13:13,西干管理站,0.169
2026/4/14 13:08,西干管理站,0.171
2026/4/14 13:03,西干管理站,0.171
2026/4/14 12:57,西干管理站,0.169
2026/4/14 12:52,西干管理站,0.171
2026/4/14 12:47,西干管理站,0.169
2026/4/14 12:42,西干管理站,0.169
2026/4/14 12:36,西干管理站,0.167
2026/4/14 12:31,西干管理站,0.17
2026/4/14 12:26,西干管理站,0.169
2026/4/14 12:21,西干管理站,0.17
2026/4/14 12:15,西干管理站,0.169
2026/4/14 12:10,西干管理站,0.171
2026/4/14 12:05,西干管理站,0.173
2026/4/14 11:59,西干管理站,0.163
2026/4/14 11:54,西干管理站,0.167
2026/4/14 11:49,西干管理站,0.167
2026/4/14 11:44,西干管理站,0.167
2026/4/14 11:39,西干管理站,0.17
2026/4/14 11:34,西干管理站,0.169
2026/4/14 11:28,西干管理站,0.172
2026/4/14 11:23,西干管理站,0.171
2026/4/14 11:18,西干管理站,0.173
2026/4/14 11:12,西干管理站,0.167
2026/4/14 11:07,西干管理站,0.171
2026/4/14 11:02,西干管理站,0.17
2026/4/14 10:57,西干管理站,0.175
2026/4/14 10:52,西干管理站,0.169
2026/4/14 10:46,西干管理站,0.169
2026/4/14 10:41,西干管理站,0.17
2026/4/14 10:36,西干管理站,0.173
2026/4/14 10:31,西干管理站,0.17
2026/4/14 10:26,西干管理站,0.172
2026/4/14 10:20,西干管理站,0.167
2026/4/14 10:15,西干管理站,0.167
2026/4/14 10:09,西干管理站,0.146
2026/4/14 10:04,西干管理站,0.146
2026/4/14 9:59,西干管理站,0.146
2026/4/14 9:53,西干管理站,0.144
2026/4/14 9:48,西干管理站,0.143
2026/4/14 9:43,西干管理站,0.145
2026/4/14 9:37,西干管理站,0.14
2026/4/14 9:32,西干管理站,0.141
2026/4/14 9:27,西干管理站,0.144
2026/4/14 9:21,西干管理站,0.14
2026/4/14 9:16,西干管理站,0.147
2026/4/14 9:11,西干管理站,0.14
2026/4/14 9:06,西干管理站,0.136
2026/4/14 9:00,西干管理站,0.141
2026/4/14 8:55,西干管理站,0.139
2026/4/14 8:50,西干管理站,0.143
2026/4/14 8:45,西干管理站,0.14
2026/4/14 8:40,西干管理站,0.143
2026/4/14 8:35,西干管理站,0.138
2026/4/14 8:29,西干管理站,0.14
2026/4/14 8:24,西干管理站,0.138
2026/4/14 8:19,西干管理站,0.146
2026/4/14 8:14,西干管理站,0.141
2026/4/14 8:08,西干管理站,0.144
2026/4/14 8:03,西干管理站,0.14
2026/4/14 7:58,西干管理站,0.139
2026/4/14 7:53,西干管理站,0.14
2026/4/14 7:48,西干管理站,0.138
2026/4/14 7:43,西干管理站,0.138
2026/4/14 7:38,西干管理站,0.143
2026/4/14 7:32,西干管理站,0.14
2026/4/14 7:27,西干管理站,0.13
2026/4/14 7:22,西干管理站,0.132
2026/4/14 7:17,西干管理站,0.155
2026/4/14 7:11,西干管理站,0.158
2026/4/14 7:06,西干管理站,0.154
2026/4/14 7:01,西干管理站,0.159
2026/4/14 6:55,西干管理站,0.155
2026/4/14 6:50,西干管理站,0.157
2026/4/14 6:45,西干管理站,0.157
2026/4/14 6:40,西干管理站,0.155
2026/4/14 6:34,西干管理站,0.156
2026/4/14 6:29,西干管理站,0.156
2026/4/14 6:24,西干管理站,0.158
2026/4/14 6:19,西干管理站,0.152
2026/4/14 6:14,西干管理站,0.156
2026/4/14 6:08,西干管理站,0.159
2026/4/14 6:03,西干管理站,0.156
2026/4/14 5:58,西干管理站,0.157
2026/4/14 5:52,西干管理站,0.155
2026/4/14 5:47,西干管理站,0.154
2026/4/14 5:42,西干管理站,0.156
2026/4/14 5:36,西干管理站,0.155
2026/4/14 5:31,西干管理站,0.156
2026/4/14 5:26,西干管理站,0.156
2026/4/14 5:21,西干管理站,0.157
2026/4/14 5:16,西干管理站,0.156
2026/4/14 5:10,西干管理站,0.155
2026/4/14 5:05,西干管理站,0.158
2026/4/14 4:59,西干管理站,0.158
2026/4/14 4:54,西干管理站,0.159
2026/4/14 4:49,西干管理站,0.157
2026/4/14 4:44,西干管理站,0.154
2026/4/14 4:38,西干管理站,0.152
2026/4/14 4:33,西干管理站,0.154
2026/4/14 4:28,西干管理站,0.156
2026/4/14 4:22,西干管理站,0.159
2026/4/14 4:17,西干管理站,0.157
2026/4/14 4:12,西干管理站,0.156
2026/4/14 4:06,西干管理站,0.157
2026/4/14 4:01,西干管理站,0.158
2026/4/14 3:56,西干管理站,0.155
2026/4/14 3:51,西干管理站,0.157
2026/4/14 3:46,西干管理站,0.156
2026/4/14 3:41,西干管理站,0.157
2026/4/14 3:36,西干管理站,0.154
2026/4/14 3:30,西干管理站,0.158
2026/4/14 3:25,西干管理站,0.163
2026/4/14 3:20,西干管理站,0.156
2026/4/14 3:15,西干管理站,0.156
2026/4/14 3:10,西干管理站,0.156
2026/4/14 3:04,西干管理站,0.158
2026/4/14 2:59,西干管理站,0.155
2026/4/14 2:54,西干管理站,0.157
2026/4/14 2:49,西干管理站,0.162
2026/4/14 2:44,西干管理站,0.156
2026/4/14 2:38,西干管理站,0.152
2026/4/14 2:33,西干管理站,0.157
2026/4/14 2:27,西干管理站,0.157
2026/4/14 2:22,西干管理站,0.158
2026/4/14 2:17,西干管理站,0.157
2026/4/14 2:11,西干管理站,0.155
2026/4/14 2:06,西干管理站,0.157
2026/4/14 2:00,西干管理站,0.156
2026/4/14 1:55,西干管理站,0.159
2026/4/14 1:50,西干管理站,0.153
2026/4/14 1:45,西干管理站,0.159
2026/4/14 1:40,西干管理站,0.158
2026/4/14 1:34,西干管理站,0.156
2026/4/14 1:29,西干管理站,0.155
2026/4/14 1:24,西干管理站,0.155
2026/4/14 1:18,西干管理站,0.157
2026/4/14 1:13,西干管理站,0.158
2026/4/14 1:07,西干管理站,0.159
2026/4/14 1:02,西干管理站,0.154
2026/4/14 0:56,西干管理站,0.155
2026/4/14 0:51,西干管理站,0.155
2026/4/14 0:46,西干管理站,0.156
2026/4/14 0:41,西干管理站,0.156
2026/4/14 0:36,西干管理站,0.153
2026/4/14 0:30,西干管理站,0.155
2026/4/14 0:25,西干管理站,0.155
2026/4/14 0:20,西干管理站,0.155
2026/4/14 0:15,西干管理站,0.156
2026/4/14 0:10,西干管理站,0.156
2026/4/14 0:04,西干管理站,0.155
