tm,obj,value
2026/4/14 0:00,15号桥节制闸,81
2026/4/14 0:06,15号桥节制闸,81
2026/4/14 0:11,15号桥节制闸,81
2026/4/14 0:16,15号桥节制闸,81
2026/4/14 0:21,15号桥节制闸,81
2026/4/14 0:26,15号桥节制闸,81
2026/4/14 0:32,15号桥节制闸,81
2026/4/14 0:37,15号桥节制闸,81
2026/4/14 0:42,15号桥节制闸,81
2026/4/14 0:48,15号桥节制闸,81
2026/4/14 0:53,15号桥节制闸,81
2026/4/14 0:58,15号桥节制闸,81
2026/4/14 1:03,15号桥节制闸,81
2026/4/14 1:08,15号桥节制闸,81
2026/4/14 1:14,15号桥节制闸,81
2026/4/14 1:19,15号桥节制闸,81
2026/4/14 1:24,15号桥节制闸,81
2026/4/14 1:29,15号桥节制闸,81
2026/4/14 1:35,15号桥节制闸,81
2026/4/14 1:40,15号桥节制闸,81
2026/4/14 1:46,15号桥节制闸,81
2026/4/14 1:51,15号桥节制闸,81
2026/4/14 1:57,15号桥节制闸,81
2026/4/14 2:02,15号桥节制闸,81
2026/4/14 2:08,15号桥节制闸,81
2026/4/14 2:13,15号桥节制闸,81
2026/4/14 2:18,15号桥节制闸,81
2026/4/14 2:24,15号桥节制闸,81
2026/4/14 2:29,15号桥节制闸,81
2026/4/14 2:34,15号桥节制闸,81
2026/4/14 2:40,15号桥节制闸,81
2026/4/14 2:45,15号桥节制闸,81
2026/4/14 2:50,15号桥节制闸,81
2026/4/14 2:55,15号桥节制闸,81
2026/4/14 3:01,15号桥节制闸,81
2026/4/14 3:06,15号桥节制闸,81
2026/4/14 3:11,15号桥节制闸,81
2026/4/14 3:17,15号桥节制闸,81
2026/4/14 3:22,15号桥节制闸,81
2026/4/14 3:27,15号桥节制闸,81
2026/4/14 3:32,15号桥节制闸,81
2026/4/14 3:37,15号桥节制闸,81
2026/4/14 3:43,15号桥节制闸,81
2026/4/14 3:48,15号桥节制闸,81
2026/4/14 3:53,15号桥节制闸,81
2026/4/14 3:59,15号桥节制闸,81
2026/4/14 4:04,15号桥节制闸,71
2026/4/14 4:09,15号桥节制闸,71
2026/4/14 4:14,15号桥节制闸,71
2026/4/14 4:20,15号桥节制闸,71
2026/4/14 4:25,15号桥节制闸,71
2026/4/14 4:30,15号桥节制闸,71
2026/4/14 4:35,15号桥节制闸,71
2026/4/14 4:41,15号桥节制闸,71
2026/4/14 4:46,15号桥节制闸,71
2026/4/14 4:52,15号桥节制闸,71
2026/4/14 4:57,15号桥节制闸,71
2026/4/14 5:02,15号桥节制闸,71
2026/4/14 5:07,15号桥节制闸,71
2026/4/14 5:13,15号桥节制闸,71
2026/4/14 5:18,15号桥节制闸,71
2026/4/14 5:23,15号桥节制闸,71
2026/4/14 5:28,15号桥节制闸,71
2026/4/14 5:33,15号桥节制闸,71
2026/4/14 5:39,15号桥节制闸,71
2026/4/14 5:44,15号桥节制闸,71
2026/4/14 5:49,15号桥节制闸,71
2026/4/14 5:55,15号桥节制闸,71
2026/4/14 6:00,15号桥节制闸,71
2026/4/14 6:05,15号桥节制闸,71
2026/4/14 6:11,15号桥节制闸,71
2026/4/14 6:16,15号桥节制闸,71
2026/4/14 6:21,15号桥节制闸,71
2026/4/14 6:26,15号桥节制闸,71
2026/4/14 6:32,15号桥节制闸,71
2026/4/14 6:37,15号桥节制闸,71
2026/4/14 6:42,15号桥节制闸,71
2026/4/14 6:48,15号桥节制闸,71
2026/4/14 6:53,15号桥节制闸,71
2026/4/14 6:58,15号桥节制闸,71
2026/4/14 7:03,15号桥节制闸,71
2026/4/14 7:08,15号桥节制闸,71
2026/4/14 7:13,15号桥节制闸,71
2026/4/14 7:18,15号桥节制闸,71
2026/4/14 7:24,15号桥节制闸,71
2026/4/14 7:29,15号桥节制闸,71
2026/4/14 7:35,15号桥节制闸,71
2026/4/14 7:40,15号桥节制闸,71
2026/4/14 7:45,15号桥节制闸,71
2026/4/14 7:50,15号桥节制闸,71
2026/4/14 7:56,15号桥节制闸,71
2026/4/14 8:01,15号桥节制闸,71
2026/4/14 8:07,15号桥节制闸,71
2026/4/14 8:12,15号桥节制闸,71
2026/4/14 8:18,15号桥节制闸,71
2026/4/14 8:23,15号桥节制闸,71
2026/4/14 8:28,15号桥节制闸,71
2026/4/14 8:33,15号桥节制闸,71
2026/4/14 8:39,15号桥节制闸,71
2026/4/14 8:44,15号桥节制闸,81
2026/4/14 8:49,15号桥节制闸,81
2026/4/14 8:55,15号桥节制闸,81
2026/4/14 9:00,15号桥节制闸,81
2026/4/14 9:05,15号桥节制闸,81
2026/4/14 9:10,15号桥节制闸,81
2026/4/14 9:16,15号桥节制闸,81
2026/4/14 9:21,15号桥节制闸,81
2026/4/14 9:27,15号桥节制闸,81
2026/4/14 9:32,15号桥节制闸,81
2026/4/14 9:37,15号桥节制闸,81
2026/4/14 9:43,15号桥节制闸,81
2026/4/14 9:48,15号桥节制闸,81
2026/4/14 9:53,15号桥节制闸,81
2026/4/14 9:59,15号桥节制闸,81
2026/4/14 10:04,15号桥节制闸,81
2026/4/14 10:09,15号桥节制闸,81
2026/4/14 10:14,15号桥节制闸,81
2026/4/14 10:20,15号桥节制闸,81
2026/4/14 10:25,15号桥节制闸,81
2026/4/14 10:31,15号桥节制闸,81
2026/4/14 10:36,15号桥节制闸,81
2026/4/14 10:41,15号桥节制闸,101
2026/4/14 10:46,15号桥节制闸,101
2026/4/14 10:52,15号桥节制闸,101
2026/4/14 10:57,15号桥节制闸,101
2026/4/14 11:02,15号桥节制闸,101
2026/4/14 11:08,15号桥节制闸,101
2026/4/14 11:13,15号桥节制闸,101
2026/4/14 11:18,15号桥节制闸,101
2026/4/14 11:23,15号桥节制闸,101
2026/4/14 11:28,15号桥节制闸,101
2026/4/14 11:34,15号桥节制闸,101
2026/4/14 11:39,15号桥节制闸,101
2026/4/14 11:44,15号桥节制闸,101
2026/4/14 11:49,15号桥节制闸,101
2026/4/14 11:54,15号桥节制闸,101
2026/4/14 12:00,15号桥节制闸,101
2026/4/14 12:05,15号桥节制闸,101
2026/4/14 12:11,15号桥节制闸,101
2026/4/14 12:16,15号桥节制闸,101
2026/4/14 12:21,15号桥节制闸,101
2026/4/14 12:27,15号桥节制闸,101
2026/4/14 12:32,15号桥节制闸,91
2026/4/14 12:37,15号桥节制闸,91
2026/4/14 12:43,15号桥节制闸,91
2026/4/14 12:48,15号桥节制闸,91
2026/4/14 12:54,15号桥节制闸,91
2026/4/14 12:59,15号桥节制闸,91
2026/4/14 13:05,15号桥节制闸,91
2026/4/14 13:10,15号桥节制闸,81
2026/4/14 13:16,15号桥节制闸,81
2026/4/14 13:21,15号桥节制闸,81
2026/4/14 13:27,15号桥节制闸,81
2026/4/14 13:32,15号桥节制闸,81
2026/4/14 13:37,15号桥节制闸,81
2026/4/14 13:43,15号桥节制闸,81
2026/4/14 13:48,15号桥节制闸,81
2026/4/14 13:53,15号桥节制闸,81
2026/4/14 13:59,15号桥节制闸,81
2026/4/14 14:04,15号桥节制闸,81
2026/4/14 14:09,15号桥节制闸,81
2026/4/14 14:14,15号桥节制闸,81
2026/4/14 14:20,15号桥节制闸,81
2026/4/14 14:25,15号桥节制闸,81
2026/4/14 14:30,15号桥节制闸,81
2026/4/14 14:36,15号桥节制闸,81
2026/4/14 14:41,15号桥节制闸,81
2026/4/14 14:46,15号桥节制闸,81
2026/4/14 14:52,15号桥节制闸,81
2026/4/14 14:57,15号桥节制闸,81
2026/4/14 15:02,15号桥节制闸,81
2026/4/14 15:07,15号桥节制闸,81
2026/4/14 15:12,15号桥节制闸,81
2026/4/14 15:18,15号桥节制闸,81
2026/4/14 15:23,15号桥节制闸,81
2026/4/14 15:28,15号桥节制闸,81
2026/4/14 15:34,15号桥节制闸,81
2026/4/14 15:39,15号桥节制闸,81
2026/4/14 15:44,15号桥节制闸,81
2026/4/14 15:49,15号桥节制闸,81
2026/4/14 15:55,15号桥节制闸,61
2026/4/14 16:00,15号桥节制闸,61
2026/4/14 16:06,15号桥节制闸,61
2026/4/14 16:11,15号桥节制闸,61
2026/4/14 16:16,15号桥节制闸,61
2026/4/14 16:21,15号桥节制闸,61
2026/4/14 16:26,15号桥节制闸,61
2026/4/14 16:32,15号桥节制闸,61
2026/4/14 16:54,15号桥节制闸,61
2026/4/14 16:59,15号桥节制闸,61
2026/4/14 17:05,15号桥节制闸,61
2026/4/14 17:10,15号桥节制闸,61
2026/4/14 17:15,15号桥节制闸,61
2026/4/14 17:21,15号桥节制闸,61
2026/4/14 17:26,15号桥节制闸,61
2026/4/14 17:31,15号桥节制闸,61
2026/4/14 17:37,15号桥节制闸,61
2026/4/14 17:42,15号桥节制闸,61
2026/4/14 17:47,15号桥节制闸,61
2026/4/14 17:52,15号桥节制闸,61
2026/4/14 17:58,15号桥节制闸,61
2026/4/14 18:03,15号桥节制闸,61
2026/4/14 18:08,15号桥节制闸,61
2026/4/14 18:13,15号桥节制闸,61
2026/4/14 18:18,15号桥节制闸,61
2026/4/14 18:24,15号桥节制闸,61
2026/4/14 18:29,15号桥节制闸,61
2026/4/14 18:34,15号桥节制闸,61
2026/4/14 18:39,15号桥节制闸,61
2026/4/14 18:45,15号桥节制闸,61
2026/4/14 18:50,15号桥节制闸,61
2026/4/14 18:55,15号桥节制闸,61
2026/4/14 19:01,15号桥节制闸,61
2026/4/14 19:06,15号桥节制闸,61
2026/4/14 19:11,15号桥节制闸,61
2026/4/14 19:17,15号桥节制闸,61
2026/4/14 19:22,15号桥节制闸,61
2026/4/14 19:27,15号桥节制闸,61
2026/4/14 19:32,15号桥节制闸,61
2026/4/14 19:37,15号桥节制闸,61
2026/4/14 19:43,15号桥节制闸,61
2026/4/14 19:48,15号桥节制闸,61
2026/4/14 19:54,15号桥节制闸,61
2026/4/14 19:59,15号桥节制闸,61
2026/4/14 20:05,15号桥节制闸,61
2026/4/14 20:10,15号桥节制闸,66
2026/4/14 20:15,15号桥节制闸,66
2026/4/14 20:20,15号桥节制闸,66
2026/4/14 20:26,15号桥节制闸,66
2026/4/14 20:31,15号桥节制闸,66
2026/4/14 20:36,15号桥节制闸,66
2026/4/14 20:41,15号桥节制闸,66
2026/4/14 20:47,15号桥节制闸,66
2026/4/14 20:52,15号桥节制闸,66
2026/4/14 20:58,15号桥节制闸,66
2026/4/14 21:03,15号桥节制闸,66
2026/4/14 21:08,15号桥节制闸,66
2026/4/14 21:13,15号桥节制闸,71
2026/4/14 21:19,15号桥节制闸,71
2026/4/14 21:24,15号桥节制闸,71
2026/4/14 21:29,15号桥节制闸,71
2026/4/14 21:34,15号桥节制闸,71
2026/4/14 21:39,15号桥节制闸,71
2026/4/14 21:45,15号桥节制闸,71
2026/4/14 21:50,15号桥节制闸,71
2026/4/14 21:55,15号桥节制闸,71
2026/4/14 22:01,15号桥节制闸,71
2026/4/14 22:06,15号桥节制闸,71
2026/4/14 22:12,15号桥节制闸,71
2026/4/14 22:17,15号桥节制闸,71
2026/4/14 22:22,15号桥节制闸,71
2026/4/14 22:28,15号桥节制闸,71
2026/4/14 22:33,15号桥节制闸,71
2026/4/14 22:39,15号桥节制闸,71
2026/4/14 22:44,15号桥节制闸,71
2026/4/14 22:50,15号桥节制闸,71
2026/4/14 22:55,15号桥节制闸,71
2026/4/14 23:00,15号桥节制闸,71
2026/4/14 23:04,15号桥节制闸,71
2026/4/14 23:11,15号桥节制闸,71
2026/4/14 23:16,15号桥节制闸,71
2026/4/14 23:22,15号桥节制闸,71
2026/4/14 23:27,15号桥节制闸,71
2026/4/14 23:32,15号桥节制闸,71
2026/4/14 23:38,15号桥节制闸,71
2026/4/14 23:43,15号桥节制闸,71
2026/4/14 23:48,15号桥节制闸,71
2026/4/14 23:54,15号桥节制闸,71
2026/4/14 23:59,15号桥节制闸,71
2026/4/15 0:04,15号桥节制闸,71
2026/4/15 0:09,15号桥节制闸,71
2026/4/15 0:14,15号桥节制闸,71
2026/4/15 0:19,15号桥节制闸,71
2026/4/15 0:25,15号桥节制闸,71
2026/4/15 0:30,15号桥节制闸,71
2026/4/15 0:35,15号桥节制闸,71
2026/4/15 0:41,15号桥节制闸,71
2026/4/15 0:46,15号桥节制闸,71
2026/4/15 0:51,15号桥节制闸,71
2026/4/15 0:57,15号桥节制闸,71
2026/4/15 1:02,15号桥节制闸,71
2026/4/15 1:07,15号桥节制闸,71
2026/4/15 1:12,15号桥节制闸,71
2026/4/15 1:17,15号桥节制闸,71
2026/4/15 1:22,15号桥节制闸,71
2026/4/15 1:28,15号桥节制闸,71
2026/4/15 1:33,15号桥节制闸,71
2026/4/15 1:38,15号桥节制闸,71
2026/4/15 1:44,15号桥节制闸,71
2026/4/15 1:49,15号桥节制闸,71
2026/4/15 1:54,15号桥节制闸,71
2026/4/15 1:59,15号桥节制闸,71
2026/4/15 2:04,15号桥节制闸,71
2026/4/15 2:10,15号桥节制闸,71
2026/4/15 2:15,15号桥节制闸,71
2026/4/15 2:21,15号桥节制闸,71
2026/4/15 2:26,15号桥节制闸,71
2026/4/15 2:31,15号桥节制闸,71
2026/4/15 2:37,15号桥节制闸,61
2026/4/15 2:42,15号桥节制闸,61
2026/4/15 2:48,15号桥节制闸,61
2026/4/15 2:53,15号桥节制闸,61
2026/4/15 2:58,15号桥节制闸,61
2026/4/15 3:03,15号桥节制闸,61
2026/4/15 3:08,15号桥节制闸,61
2026/4/15 3:14,15号桥节制闸,61
2026/4/15 3:19,15号桥节制闸,61
2026/4/15 3:24,15号桥节制闸,61
2026/4/15 3:29,15号桥节制闸,61
2026/4/15 3:35,15号桥节制闸,61
2026/4/15 3:40,15号桥节制闸,61
2026/4/15 3:45,15号桥节制闸,61
2026/4/15 3:51,15号桥节制闸,61
2026/4/15 3:56,15号桥节制闸,61
2026/4/15 4:02,15号桥节制闸,61
2026/4/15 4:07,15号桥节制闸,61
2026/4/15 4:13,15号桥节制闸,61
2026/4/15 4:18,15号桥节制闸,61
2026/4/15 4:23,15号桥节制闸,61
2026/4/15 4:28,15号桥节制闸,61
2026/4/15 4:33,15号桥节制闸,61
2026/4/15 4:39,15号桥节制闸,61
2026/4/15 4:44,15号桥节制闸,61
2026/4/15 4:49,15号桥节制闸,61
2026/4/15 4:55,15号桥节制闸,61
2026/4/15 5:00,15号桥节制闸,61
2026/4/15 5:06,15号桥节制闸,61
2026/4/15 5:11,15号桥节制闸,61
2026/4/15 5:17,15号桥节制闸,61
2026/4/15 5:22,15号桥节制闸,61
2026/4/15 5:28,15号桥节制闸,61
2026/4/15 5:33,15号桥节制闸,61
2026/4/15 5:38,15号桥节制闸,61
2026/4/15 5:44,15号桥节制闸,61
2026/4/15 5:49,15号桥节制闸,61
2026/4/15 5:55,15号桥节制闸,61
2026/4/15 6:00,15号桥节制闸,61
2026/4/15 6:06,15号桥节制闸,61
2026/4/15 6:11,15号桥节制闸,61
2026/4/15 6:16,15号桥节制闸,61
2026/4/15 6:21,15号桥节制闸,61
2026/4/15 6:27,15号桥节制闸,61
2026/4/15 6:32,15号桥节制闸,61
2026/4/15 6:37,15号桥节制闸,61
2026/4/15 6:43,15号桥节制闸,61
2026/4/15 6:48,15号桥节制闸,61
2026/4/15 6:53,15号桥节制闸,61
2026/4/15 6:59,15号桥节制闸,61
2026/4/15 7:04,15号桥节制闸,61
2026/4/15 7:09,15号桥节制闸,61
2026/4/15 7:14,15号桥节制闸,61
2026/4/15 7:20,15号桥节制闸,61
2026/4/15 7:25,15号桥节制闸,61
2026/4/15 7:30,15号桥节制闸,61
2026/4/15 7:35,15号桥节制闸,61
2026/4/15 7:41,15号桥节制闸,61
2026/4/15 7:46,15号桥节制闸,61
2026/4/15 7:51,15号桥节制闸,61
2026/4/15 7:56,15号桥节制闸,61
2026/4/15 8:01,15号桥节制闸,61
2026/4/15 8:07,15号桥节制闸,61
2026/4/15 8:12,15号桥节制闸,61
2026/4/15 8:17,15号桥节制闸,61
2026/4/15 8:23,15号桥节制闸,61
2026/4/15 8:28,15号桥节制闸,61
2026/4/15 8:34,15号桥节制闸,61
2026/4/15 8:39,15号桥节制闸,61
2026/4/15 8:45,15号桥节制闸,61
2026/4/15 8:50,15号桥节制闸,61
2026/4/15 8:55,15号桥节制闸,61
2026/4/15 9:00,15号桥节制闸,61
2026/4/15 9:06,15号桥节制闸,61
2026/4/15 9:11,15号桥节制闸,61
2026/4/15 9:17,15号桥节制闸,61
2026/4/15 9:22,15号桥节制闸,61
2026/4/15 9:28,15号桥节制闸,61
2026/4/15 9:33,15号桥节制闸,61
2026/4/15 9:38,15号桥节制闸,61
2026/4/15 9:43,15号桥节制闸,61
2026/4/15 9:48,15号桥节制闸,61
2026/4/15 9:54,15号桥节制闸,61
2026/4/15 9:59,15号桥节制闸,61
2026/4/15 10:04,15号桥节制闸,61
2026/4/15 10:09,15号桥节制闸,61
2026/4/15 10:14,15号桥节制闸,61
2026/4/15 10:19,15号桥节制闸,61
2026/4/15 10:24,15号桥节制闸,61
2026/4/15 10:29,15号桥节制闸,61
2026/4/15 10:34,15号桥节制闸,61
2026/4/15 10:40,15号桥节制闸,61
2026/4/15 10:45,15号桥节制闸,61
2026/4/15 10:50,15号桥节制闸,61
2026/4/15 10:56,15号桥节制闸,61
2026/4/15 11:01,15号桥节制闸,61
2026/4/15 11:06,15号桥节制闸,61
2026/4/15 11:11,15号桥节制闸,61
2026/4/15 11:17,15号桥节制闸,61
2026/4/15 11:22,15号桥节制闸,61
2026/4/15 11:27,15号桥节制闸,61
2026/4/15 11:33,15号桥节制闸,61
2026/4/15 11:38,15号桥节制闸,61
2026/4/15 11:43,15号桥节制闸,61
2026/4/15 11:48,15号桥节制闸,61
2026/4/15 11:54,15号桥节制闸,61
2026/4/15 11:59,15号桥节制闸,71
2026/4/15 12:04,15号桥节制闸,71
2026/4/15 12:10,15号桥节制闸,71
2026/4/15 12:15,15号桥节制闸,71
2026/4/15 12:21,15号桥节制闸,71
2026/4/15 12:26,15号桥节制闸,71
2026/4/15 12:31,15号桥节制闸,71
2026/4/15 12:37,15号桥节制闸,71
2026/4/15 12:42,15号桥节制闸,71
2026/4/15 12:47,15号桥节制闸,71
2026/4/15 12:52,15号桥节制闸,71
2026/4/15 12:58,15号桥节制闸,71
2026/4/15 13:03,15号桥节制闸,71
2026/4/15 13:08,15号桥节制闸,71
2026/4/15 13:13,15号桥节制闸,71
2026/4/15 13:19,15号桥节制闸,71
2026/4/15 13:24,15号桥节制闸,71
2026/4/15 13:30,15号桥节制闸,71
2026/4/15 13:35,15号桥节制闸,71
2026/4/15 13:40,15号桥节制闸,71
2026/4/15 13:45,15号桥节制闸,71
2026/4/15 13:51,15号桥节制闸,71
2026/4/15 13:56,15号桥节制闸,71
2026/4/15 14:01,15号桥节制闸,71
2026/4/15 14:06,15号桥节制闸,71
2026/4/15 14:11,15号桥节制闸,71
2026/4/15 14:16,15号桥节制闸,71
2026/4/15 14:21,15号桥节制闸,71
2026/4/15 14:26,15号桥节制闸,71
2026/4/15 14:32,15号桥节制闸,71
2026/4/15 14:37,15号桥节制闸,71
2026/4/15 14:43,15号桥节制闸,71
2026/4/15 14:48,15号桥节制闸,71
2026/4/15 14:53,15号桥节制闸,71
2026/4/15 14:58,15号桥节制闸,71
2026/4/15 15:04,15号桥节制闸,71
2026/4/15 15:09,15号桥节制闸,71
2026/4/15 15:14,15号桥节制闸,71
2026/4/15 15:20,15号桥节制闸,71
2026/4/15 15:25,15号桥节制闸,71
2026/4/15 15:30,15号桥节制闸,71
2026/4/15 15:36,15号桥节制闸,71
2026/4/15 15:41,15号桥节制闸,71
2026/4/15 15:46,15号桥节制闸,71
2026/4/15 15:52,15号桥节制闸,71
2026/4/15 15:57,15号桥节制闸,71
2026/4/15 16:02,15号桥节制闸,71
2026/4/15 16:07,15号桥节制闸,71
2026/4/15 16:12,15号桥节制闸,71
2026/4/15 16:17,15号桥节制闸,71
2026/4/15 16:22,15号桥节制闸,71
2026/4/15 16:27,15号桥节制闸,71
2026/4/15 16:33,15号桥节制闸,71
2026/4/15 16:38,15号桥节制闸,71
2026/4/15 16:43,15号桥节制闸,71
2026/4/15 16:48,15号桥节制闸,71
2026/4/15 16:54,15号桥节制闸,71
2026/4/15 16:59,15号桥节制闸,71
2026/4/15 17:04,15号桥节制闸,71
2026/4/15 17:10,15号桥节制闸,71
2026/4/15 17:15,15号桥节制闸,71
2026/4/15 17:20,15号桥节制闸,71
2026/4/15 17:26,15号桥节制闸,71
2026/4/15 17:31,15号桥节制闸,71
2026/4/15 17:36,15号桥节制闸,71
2026/4/15 17:41,15号桥节制闸,71
2026/4/15 17:47,15号桥节制闸,71
2026/4/15 17:52,15号桥节制闸,71
2026/4/15 17:58,15号桥节制闸,71
2026/4/15 18:03,15号桥节制闸,71
2026/4/15 18:08,15号桥节制闸,71
2026/4/15 18:14,15号桥节制闸,71
2026/4/15 18:19,15号桥节制闸,71
2026/4/15 18:25,15号桥节制闸,71
2026/4/15 18:30,15号桥节制闸,71
2026/4/15 18:35,15号桥节制闸,71
2026/4/15 18:41,15号桥节制闸,71
2026/4/15 18:46,15号桥节制闸,71
2026/4/15 18:51,15号桥节制闸,71
2026/4/15 18:57,15号桥节制闸,71
2026/4/15 19:02,15号桥节制闸,71
2026/4/15 19:07,15号桥节制闸,61
2026/4/15 19:12,15号桥节制闸,61
2026/4/15 19:17,15号桥节制闸,61
2026/4/15 19:22,15号桥节制闸,61
2026/4/15 19:27,15号桥节制闸,61
2026/4/15 19:33,15号桥节制闸,61
2026/4/15 19:38,15号桥节制闸,61
2026/4/15 19:43,15号桥节制闸,61
2026/4/15 19:48,15号桥节制闸,61
2026/4/15 19:53,15号桥节制闸,61
2026/4/15 19:59,15号桥节制闸,61
2026/4/15 20:04,15号桥节制闸,61
2026/4/15 20:09,15号桥节制闸,61
2026/4/15 20:15,15号桥节制闸,61
2026/4/15 20:20,15号桥节制闸,61
2026/4/15 20:26,15号桥节制闸,61
2026/4/15 20:31,15号桥节制闸,61
2026/4/15 20:37,15号桥节制闸,61
2026/4/15 20:42,15号桥节制闸,61
2026/4/15 20:47,15号桥节制闸,61
2026/4/15 20:52,15号桥节制闸,61
2026/4/15 20:57,15号桥节制闸,61
2026/4/15 21:03,15号桥节制闸,61
2026/4/15 21:08,15号桥节制闸,61
2026/4/15 21:13,15号桥节制闸,61
2026/4/15 21:18,15号桥节制闸,61
2026/4/15 21:24,15号桥节制闸,61
2026/4/15 21:29,15号桥节制闸,61
2026/4/15 21:34,15号桥节制闸,61
2026/4/15 21:40,15号桥节制闸,61
2026/4/15 21:45,15号桥节制闸,61
2026/4/15 21:50,15号桥节制闸,61
2026/4/15 21:55,15号桥节制闸,61
2026/4/15 22:01,15号桥节制闸,61
2026/4/15 22:06,15号桥节制闸,61
2026/4/15 22:11,15号桥节制闸,61
2026/4/15 22:17,15号桥节制闸,61
2026/4/15 22:22,15号桥节制闸,61
2026/4/15 22:27,15号桥节制闸,61
2026/4/15 22:32,15号桥节制闸,61
2026/4/15 22:38,15号桥节制闸,61
2026/4/15 22:43,15号桥节制闸,61
2026/4/15 22:49,15号桥节制闸,61
2026/4/15 22:54,15号桥节制闸,61
2026/4/15 22:59,15号桥节制闸,61
2026/4/15 23:03,15号桥节制闸,61
2026/4/15 23:10,15号桥节制闸,61
2026/4/15 23:15,15号桥节制闸,61
2026/4/15 23:20,15号桥节制闸,61
2026/4/15 23:25,15号桥节制闸,61
2026/4/15 23:30,15号桥节制闸,61
2026/4/15 23:36,15号桥节制闸,61
2026/4/15 23:41,15号桥节制闸,61
2026/4/15 23:46,15号桥节制闸,61
2026/4/15 23:52,15号桥节制闸,61
2026/4/15 23:57,15号桥节制闸,61
2026/4/16 0:02,15号桥节制闸,61
2026/4/16 0:08,15号桥节制闸,61
2026/4/16 0:13,15号桥节制闸,61
2026/4/16 0:19,15号桥节制闸,61
2026/4/16 0:24,15号桥节制闸,61
2026/4/16 0:30,15号桥节制闸,61
2026/4/16 0:35,15号桥节制闸,61
2026/4/16 0:40,15号桥节制闸,61
2026/4/16 0:46,15号桥节制闸,61
2026/4/16 0:51,15号桥节制闸,61
2026/4/16 0:57,15号桥节制闸,61
2026/4/16 1:02,15号桥节制闸,61
2026/4/16 1:07,15号桥节制闸,61
2026/4/16 1:12,15号桥节制闸,61
2026/4/16 1:17,15号桥节制闸,61
2026/4/16 1:22,15号桥节制闸,61
2026/4/16 1:28,15号桥节制闸,61
2026/4/16 1:33,15号桥节制闸,61
2026/4/16 1:39,15号桥节制闸,61
2026/4/16 1:44,15号桥节制闸,61
2026/4/16 1:49,15号桥节制闸,61
2026/4/16 1:55,15号桥节制闸,61
2026/4/16 2:00,15号桥节制闸,61
2026/4/16 2:05,15号桥节制闸,61
2026/4/16 2:11,15号桥节制闸,61
2026/4/16 2:16,15号桥节制闸,61
2026/4/16 2:21,15号桥节制闸,61
2026/4/16 2:26,15号桥节制闸,61
2026/4/16 2:32,15号桥节制闸,61
2026/4/16 2:37,15号桥节制闸,61
2026/4/16 2:42,15号桥节制闸,61
2026/4/16 2:47,15号桥节制闸,46
2026/4/16 2:52,15号桥节制闸,46
2026/4/16 2:58,15号桥节制闸,46
2026/4/16 3:03,15号桥节制闸,46
2026/4/16 3:08,15号桥节制闸,36
2026/4/16 3:13,15号桥节制闸,36
2026/4/16 3:19,15号桥节制闸,36
2026/4/16 3:24,15号桥节制闸,36
2026/4/16 3:29,15号桥节制闸,36
2026/4/16 3:35,15号桥节制闸,36
2026/4/16 3:40,15号桥节制闸,36
2026/4/16 3:45,15号桥节制闸,36
2026/4/16 3:50,15号桥节制闸,36
2026/4/16 3:55,15号桥节制闸,36
2026/4/16 4:01,15号桥节制闸,36
2026/4/16 4:06,15号桥节制闸,36
2026/4/16 4:11,15号桥节制闸,36
2026/4/16 4:17,15号桥节制闸,36
2026/4/16 4:22,15号桥节制闸,36
2026/4/16 4:27,15号桥节制闸,36
2026/4/16 4:33,15号桥节制闸,36
2026/4/16 4:38,15号桥节制闸,36
2026/4/16 4:44,15号桥节制闸,36
2026/4/16 4:49,15号桥节制闸,36
2026/4/16 4:55,15号桥节制闸,36
2026/4/16 5:00,15号桥节制闸,36
2026/4/16 5:05,15号桥节制闸,36
2026/4/16 5:11,15号桥节制闸,36
2026/4/16 5:16,15号桥节制闸,36
2026/4/16 5:22,15号桥节制闸,36
2026/4/16 5:27,15号桥节制闸,36
2026/4/16 5:32,15号桥节制闸,36
2026/4/16 5:38,15号桥节制闸,36
2026/4/16 5:43,15号桥节制闸,36
2026/4/16 5:48,15号桥节制闸,36
2026/4/16 5:53,15号桥节制闸,36
2026/4/16 5:58,15号桥节制闸,36
2026/4/16 6:03,15号桥节制闸,36
2026/4/16 6:09,15号桥节制闸,36
2026/4/16 6:14,15号桥节制闸,36
2026/4/16 6:19,15号桥节制闸,36
2026/4/16 6:24,15号桥节制闸,36
2026/4/16 6:30,15号桥节制闸,36
2026/4/16 6:35,15号桥节制闸,36
2026/4/16 6:41,15号桥节制闸,36
2026/4/16 6:46,15号桥节制闸,36
2026/4/16 6:51,15号桥节制闸,36
2026/4/16 6:57,15号桥节制闸,41
2026/4/16 7:02,15号桥节制闸,41
2026/4/16 7:08,15号桥节制闸,41
2026/4/16 7:13,15号桥节制闸,41
2026/4/16 7:19,15号桥节制闸,41
2026/4/16 7:24,15号桥节制闸,41
2026/4/16 7:29,15号桥节制闸,41
2026/4/16 7:35,15号桥节制闸,41
2026/4/16 7:40,15号桥节制闸,41
2026/4/16 7:45,15号桥节制闸,46
2026/4/16 7:50,15号桥节制闸,46
2026/4/16 7:55,15号桥节制闸,46
2026/4/16 8:01,15号桥节制闸,46
2026/4/16 8:06,15号桥节制闸,46
2026/4/16 8:11,15号桥节制闸,46
2026/4/16 8:16,15号桥节制闸,46
2026/4/16 8:21,15号桥节制闸,46
2026/4/16 8:27,15号桥节制闸,46
2026/4/16 8:32,15号桥节制闸,46
2026/4/16 8:37,15号桥节制闸,46
2026/4/16 8:42,15号桥节制闸,46
2026/4/16 8:48,15号桥节制闸,46
2026/4/16 8:53,15号桥节制闸,46
2026/4/16 8:59,15号桥节制闸,46
2026/4/16 9:04,15号桥节制闸,46
2026/4/16 9:09,15号桥节制闸,46
2026/4/16 9:14,15号桥节制闸,46
2026/4/16 9:20,15号桥节制闸,56
2026/4/16 9:25,15号桥节制闸,56
2026/4/16 9:31,15号桥节制闸,56
2026/4/16 9:36,15号桥节制闸,56
2026/4/16 9:42,15号桥节制闸,56
2026/4/16 9:47,15号桥节制闸,56
2026/4/16 9:52,15号桥节制闸,56
2026/4/16 9:58,15号桥节制闸,56
2026/4/16 10:03,15号桥节制闸,56
2026/4/16 10:08,15号桥节制闸,56
2026/4/16 10:14,15号桥节制闸,56
2026/4/16 10:19,15号桥节制闸,56
2026/4/16 10:24,15号桥节制闸,56
2026/4/16 10:30,15号桥节制闸,56
2026/4/16 10:35,15号桥节制闸,56
2026/4/16 10:41,15号桥节制闸,56
2026/4/16 10:46,15号桥节制闸,56
2026/4/16 10:51,15号桥节制闸,56
2026/4/16 10:57,15号桥节制闸,56
2026/4/16 11:02,15号桥节制闸,56
2026/4/16 11:07,15号桥节制闸,56
2026/4/16 11:13,15号桥节制闸,56
2026/4/16 11:18,15号桥节制闸,56
2026/4/16 11:23,15号桥节制闸,56
2026/4/16 11:28,15号桥节制闸,56
2026/4/16 11:34,15号桥节制闸,56
2026/4/16 11:39,15号桥节制闸,56
2026/4/16 11:44,15号桥节制闸,56
2026/4/16 11:49,15号桥节制闸,56
2026/4/16 11:54,15号桥节制闸,56
2026/4/16 12:00,15号桥节制闸,56
2026/4/16 12:05,15号桥节制闸,56
2026/4/16 12:11,15号桥节制闸,56
2026/4/16 12:16,15号桥节制闸,56
2026/4/16 12:21,15号桥节制闸,56
2026/4/16 12:26,15号桥节制闸,56
2026/4/16 12:31,15号桥节制闸,56
2026/4/16 12:37,15号桥节制闸,46
2026/4/16 12:42,15号桥节制闸,46
2026/4/16 12:47,15号桥节制闸,46
2026/4/16 12:52,15号桥节制闸,46
2026/4/16 12:57,15号桥节制闸,46
2026/4/16 13:03,15号桥节制闸,46
2026/4/16 13:08,15号桥节制闸,46
2026/4/16 13:13,15号桥节制闸,46
2026/4/16 13:18,15号桥节制闸,46
2026/4/16 13:23,15号桥节制闸,46
2026/4/16 13:29,15号桥节制闸,46
2026/4/16 13:34,15号桥节制闸,46
2026/4/16 13:39,15号桥节制闸,46
2026/4/16 13:45,15号桥节制闸,46
2026/4/16 13:50,15号桥节制闸,46
2026/4/16 13:56,15号桥节制闸,41
2026/4/16 14:01,15号桥节制闸,31
2026/4/16 14:06,15号桥节制闸,31
2026/4/16 14:12,15号桥节制闸,31
2026/4/16 14:17,15号桥节制闸,31
2026/4/16 14:23,15号桥节制闸,31
2026/4/16 14:28,15号桥节制闸,31
2026/4/16 14:33,15号桥节制闸,31
2026/4/16 14:38,15号桥节制闸,31
2026/4/16 14:44,15号桥节制闸,31
2026/4/16 14:49,15号桥节制闸,31
2026/4/16 14:55,15号桥节制闸,31
2026/4/16 15:00,15号桥节制闸,31
2026/4/16 15:06,15号桥节制闸,31
2026/4/16 15:11,15号桥节制闸,31
2026/4/16 15:16,15号桥节制闸,31
2026/4/16 15:22,15号桥节制闸,31
2026/4/16 15:27,15号桥节制闸,31
2026/4/16 15:32,15号桥节制闸,31
2026/4/16 15:37,15号桥节制闸,31
2026/4/16 15:43,15号桥节制闸,31
2026/4/16 15:48,15号桥节制闸,31
2026/4/16 15:53,15号桥节制闸,31
2026/4/16 15:59,15号桥节制闸,31
2026/4/16 16:04,15号桥节制闸,31
2026/4/16 16:09,15号桥节制闸,31
2026/4/16 16:14,15号桥节制闸,31
2026/4/16 16:19,15号桥节制闸,31
2026/4/16 16:24,15号桥节制闸,31
2026/4/16 16:30,15号桥节制闸,31
2026/4/16 16:35,15号桥节制闸,31
2026/4/16 16:40,15号桥节制闸,31
2026/4/16 16:45,15号桥节制闸,31
2026/4/16 16:51,15号桥节制闸,31
2026/4/16 16:56,15号桥节制闸,31
2026/4/16 17:01,15号桥节制闸,31
2026/4/16 17:07,15号桥节制闸,31
2026/4/16 17:12,15号桥节制闸,31
2026/4/16 17:18,15号桥节制闸,31
2026/4/16 17:23,15号桥节制闸,31
2026/4/16 17:28,15号桥节制闸,31
2026/4/16 17:33,15号桥节制闸,31
2026/4/16 17:39,15号桥节制闸,31
2026/4/16 17:44,15号桥节制闸,31
2026/4/16 17:50,15号桥节制闸,31
2026/4/16 17:55,15号桥节制闸,31
2026/4/16 18:00,15号桥节制闸,31
2026/4/16 18:06,15号桥节制闸,31
2026/4/16 18:11,15号桥节制闸,31
2026/4/16 18:17,15号桥节制闸,31
2026/4/16 18:22,15号桥节制闸,31
2026/4/16 18:27,15号桥节制闸,41
2026/4/16 18:32,15号桥节制闸,41
2026/4/16 18:38,15号桥节制闸,41
2026/4/16 18:43,15号桥节制闸,41
2026/4/16 18:49,15号桥节制闸,41
2026/4/16 18:54,15号桥节制闸,41
2026/4/16 18:59,15号桥节制闸,41
2026/4/16 19:04,15号桥节制闸,41
2026/4/16 19:10,15号桥节制闸,41
2026/4/16 19:15,15号桥节制闸,41
2026/4/16 19:20,15号桥节制闸,41
2026/4/16 19:25,15号桥节制闸,51
2026/4/16 19:31,15号桥节制闸,51
2026/4/16 19:36,15号桥节制闸,51
2026/4/16 19:41,15号桥节制闸,51
2026/4/16 19:47,15号桥节制闸,51
2026/4/16 19:52,15号桥节制闸,51
2026/4/16 19:57,15号桥节制闸,51
2026/4/16 20:02,15号桥节制闸,51
2026/4/16 20:07,15号桥节制闸,51
2026/4/16 20:13,15号桥节制闸,51
2026/4/16 20:18,15号桥节制闸,51
2026/4/16 20:23,15号桥节制闸,51
2026/4/16 20:28,15号桥节制闸,51
2026/4/16 20:33,15号桥节制闸,51
2026/4/16 20:39,15号桥节制闸,51
2026/4/16 20:44,15号桥节制闸,51
2026/4/16 20:49,15号桥节制闸,51
2026/4/16 20:54,15号桥节制闸,151
2026/4/16 20:59,15号桥节制闸,151
2026/4/16 21:05,15号桥节制闸,151
2026/4/16 21:10,15号桥节制闸,151
2026/4/16 21:15,15号桥节制闸,151
2026/4/16 21:20,15号桥节制闸,151
2026/4/16 21:25,15号桥节制闸,151
2026/4/16 21:30,15号桥节制闸,151
2026/4/16 21:35,15号桥节制闸,151
2026/4/16 21:41,15号桥节制闸,151
2026/4/16 21:46,15号桥节制闸,151
2026/4/16 21:51,15号桥节制闸,151
2026/4/16 21:56,15号桥节制闸,151
2026/4/16 22:02,15号桥节制闸,151
2026/4/16 22:07,15号桥节制闸,151
2026/4/16 22:12,15号桥节制闸,151
2026/4/16 22:18,15号桥节制闸,151
2026/4/16 22:23,15号桥节制闸,151
2026/4/16 22:28,15号桥节制闸,151
2026/4/16 22:34,15号桥节制闸,151
2026/4/16 22:39,15号桥节制闸,201
2026/4/16 22:45,15号桥节制闸,201
2026/4/16 22:50,15号桥节制闸,201
2026/4/16 22:55,15号桥节制闸,201
2026/4/16 23:00,15号桥节制闸,201
2026/4/16 23:04,15号桥节制闸,201
2026/4/16 23:11,15号桥节制闸,201
2026/4/16 23:17,15号桥节制闸,201
2026/4/16 23:22,15号桥节制闸,201
2026/4/16 23:27,15号桥节制闸,201
2026/4/16 23:33,15号桥节制闸,201
2026/4/16 23:38,15号桥节制闸,201
2026/4/16 23:44,15号桥节制闸,201
2026/4/16 23:49,15号桥节制闸,201
2026/4/16 23:54,15号桥节制闸,201
2026/4/17 0:00,15号桥节制闸,201
2026/4/17 0:05,15号桥节制闸,201
2026/4/17 0:11,15号桥节制闸,201
2026/4/17 0:16,15号桥节制闸,201
2026/4/17 0:22,15号桥节制闸,201
2026/4/17 0:27,15号桥节制闸,201
2026/4/17 0:33,15号桥节制闸,201
2026/4/17 0:38,15号桥节制闸,201
2026/4/17 0:44,15号桥节制闸,201
2026/4/17 0:49,15号桥节制闸,201
2026/4/17 0:55,15号桥节制闸,201
2026/4/17 1:00,15号桥节制闸,201
2026/4/17 1:05,15号桥节制闸,151
2026/4/17 1:11,15号桥节制闸,151
2026/4/17 1:16,15号桥节制闸,151
2026/4/17 1:21,15号桥节制闸,151
2026/4/17 1:27,15号桥节制闸,151
2026/4/17 1:32,15号桥节制闸,151
2026/4/17 1:37,15号桥节制闸,151
2026/4/17 1:43,15号桥节制闸,151
2026/4/17 1:48,15号桥节制闸,151
2026/4/17 1:53,15号桥节制闸,151
2026/4/17 1:58,15号桥节制闸,151
2026/4/17 2:04,15号桥节制闸,151
2026/4/17 2:09,15号桥节制闸,151
2026/4/17 2:14,15号桥节制闸,151
2026/4/17 2:19,15号桥节制闸,151
2026/4/17 2:25,15号桥节制闸,151
2026/4/17 2:30,15号桥节制闸,251
2026/4/17 2:35,15号桥节制闸,301
2026/4/17 2:40,15号桥节制闸,301
2026/4/17 2:46,15号桥节制闸,301
2026/4/17 2:51,15号桥节制闸,301
2026/4/17 2:56,15号桥节制闸,301
2026/4/17 3:02,15号桥节制闸,301
2026/4/17 3:07,15号桥节制闸,301
2026/4/17 3:12,15号桥节制闸,301
2026/4/17 3:18,15号桥节制闸,301
2026/4/17 3:23,15号桥节制闸,301
2026/4/17 3:28,15号桥节制闸,301
2026/4/17 3:34,15号桥节制闸,301
2026/4/17 3:39,15号桥节制闸,301
2026/4/17 3:45,15号桥节制闸,301
2026/4/17 3:50,15号桥节制闸,301
2026/4/17 3:55,15号桥节制闸,301
2026/4/17 4:01,15号桥节制闸,301
2026/4/17 4:06,15号桥节制闸,301
2026/4/17 4:11,15号桥节制闸,301
2026/4/17 4:17,15号桥节制闸,301
2026/4/17 4:22,15号桥节制闸,301
2026/4/17 4:28,15号桥节制闸,301
2026/4/17 4:33,15号桥节制闸,301
2026/4/17 4:38,15号桥节制闸,301
2026/4/17 4:44,15号桥节制闸,301
2026/4/17 4:49,15号桥节制闸,301
2026/4/17 4:54,15号桥节制闸,301
2026/4/17 5:00,15号桥节制闸,301
2026/4/17 5:05,15号桥节制闸,301
2026/4/17 5:10,15号桥节制闸,241
2026/4/17 5:16,15号桥节制闸,221
2026/4/17 5:21,15号桥节制闸,221
2026/4/17 5:26,15号桥节制闸,221
2026/4/17 5:32,15号桥节制闸,261
2026/4/17 5:37,15号桥节制闸,261
2026/4/17 5:43,15号桥节制闸,261
2026/4/17 5:48,15号桥节制闸,261
2026/4/17 5:53,15号桥节制闸,261
2026/4/17 5:59,15号桥节制闸,261
2026/4/17 6:04,15号桥节制闸,261
2026/4/17 6:09,15号桥节制闸,261
2026/4/17 6:15,15号桥节制闸,261
2026/4/17 6:20,15号桥节制闸,261
2026/4/17 6:26,15号桥节制闸,261
2026/4/17 6:31,15号桥节制闸,281
2026/4/17 6:36,15号桥节制闸,281
2026/4/17 6:41,15号桥节制闸,281
2026/4/17 6:47,15号桥节制闸,281
2026/4/17 6:52,15号桥节制闸,281
2026/4/17 6:58,15号桥节制闸,281
2026/4/17 7:03,15号桥节制闸,301
2026/4/17 7:08,15号桥节制闸,351
2026/4/17 7:14,15号桥节制闸,351
2026/4/17 7:19,15号桥节制闸,351
2026/4/17 7:24,15号桥节制闸,351
2026/4/17 7:29,15号桥节制闸,351
2026/4/17 7:34,15号桥节制闸,351
2026/4/17 7:40,15号桥节制闸,351
2026/4/17 7:45,15号桥节制闸,351
2026/4/17 7:50,15号桥节制闸,351
2026/4/17 7:55,15号桥节制闸,351
2026/4/17 8:01,15号桥节制闸,351
2026/4/17 8:06,15号桥节制闸,351
2026/4/17 8:11,15号桥节制闸,351
2026/4/17 8:17,15号桥节制闸,351
2026/4/17 8:22,15号桥节制闸,351
2026/4/17 8:27,15号桥节制闸,301
2026/4/17 8:33,15号桥节制闸,301
2026/4/17 8:38,15号桥节制闸,301
2026/4/17 8:43,15号桥节制闸,301
2026/4/17 8:49,15号桥节制闸,301
2026/4/17 8:54,15号桥节制闸,301
2026/4/17 9:00,15号桥节制闸,301
2026/4/17 9:05,15号桥节制闸,301
2026/4/17 9:11,15号桥节制闸,301
2026/4/17 9:16,15号桥节制闸,301
2026/4/17 9:21,15号桥节制闸,301
2026/4/17 9:26,15号桥节制闸,301
2026/4/17 9:32,15号桥节制闸,251
2026/4/17 9:37,15号桥节制闸,251
2026/4/17 9:43,15号桥节制闸,251
2026/4/17 9:48,15号桥节制闸,251
2026/4/17 9:53,15号桥节制闸,251
2026/4/17 9:58,15号桥节制闸,251
2026/4/17 10:04,15号桥节制闸,251
2026/4/17 10:09,15号桥节制闸,251
2026/4/17 10:14,15号桥节制闸,251
2026/4/17 10:19,15号桥节制闸,251
2026/4/17 10:25,15号桥节制闸,251
2026/4/17 10:30,15号桥节制闸,251
2026/4/17 10:35,15号桥节制闸,251
2026/4/17 10:40,15号桥节制闸,301
2026/4/17 10:45,15号桥节制闸,301
2026/4/17 10:51,15号桥节制闸,301
2026/4/17 10:56,15号桥节制闸,301
2026/4/17 11:02,15号桥节制闸,301
2026/4/17 11:07,15号桥节制闸,301
2026/4/17 11:12,15号桥节制闸,301
2026/4/17 11:17,15号桥节制闸,301
2026/4/17 11:22,15号桥节制闸,301
2026/4/17 11:28,15号桥节制闸,301
2026/4/17 11:33,15号桥节制闸,301
2026/4/17 11:38,15号桥节制闸,301
2026/4/17 11:44,15号桥节制闸,301
2026/4/17 11:49,15号桥节制闸,301
2026/4/17 11:55,15号桥节制闸,301
2026/4/17 12:00,15号桥节制闸,301
2026/4/17 12:05,15号桥节制闸,281
2026/4/17 12:10,15号桥节制闸,281
2026/4/17 12:16,15号桥节制闸,281
2026/4/17 12:21,15号桥节制闸,281
2026/4/17 12:26,15号桥节制闸,281
2026/4/17 12:32,15号桥节制闸,281
2026/4/17 12:37,15号桥节制闸,281
2026/4/17 12:42,15号桥节制闸,281
2026/4/17 12:47,15号桥节制闸,281
2026/4/17 12:53,15号桥节制闸,281
2026/4/17 12:58,15号桥节制闸,281
2026/4/17 13:03,15号桥节制闸,281
2026/4/17 13:09,15号桥节制闸,281
2026/4/17 13:14,15号桥节制闸,281
2026/4/17 13:19,15号桥节制闸,281
2026/4/17 13:24,15号桥节制闸,281
2026/4/17 13:30,15号桥节制闸,281
2026/4/17 13:35,15号桥节制闸,281
2026/4/17 13:40,15号桥节制闸,281
2026/4/17 13:46,15号桥节制闸,281
2026/4/17 13:51,15号桥节制闸,261
2026/4/17 13:56,15号桥节制闸,261
2026/4/17 14:01,15号桥节制闸,261
2026/4/17 14:07,15号桥节制闸,261
2026/4/17 14:12,15号桥节制闸,261
2026/4/17 14:17,15号桥节制闸,261
2026/4/17 14:23,15号桥节制闸,261
2026/4/17 14:28,15号桥节制闸,261
2026/4/17 14:33,15号桥节制闸,261
2026/4/17 14:39,15号桥节制闸,261
2026/4/17 14:44,15号桥节制闸,261
2026/4/17 14:49,15号桥节制闸,261
2026/4/17 14:55,15号桥节制闸,261
2026/4/17 15:00,15号桥节制闸,261
2026/4/17 15:05,15号桥节制闸,261
2026/4/17 15:10,15号桥节制闸,261
2026/4/17 15:16,15号桥节制闸,261
2026/4/17 15:21,15号桥节制闸,261
2026/4/17 15:26,15号桥节制闸,261
2026/4/17 15:31,15号桥节制闸,261
2026/4/17 15:36,15号桥节制闸,261
2026/4/17 15:42,15号桥节制闸,261
2026/4/17 15:47,15号桥节制闸,261
2026/4/17 15:52,15号桥节制闸,261
2026/4/17 15:58,15号桥节制闸,261
2026/4/17 16:03,15号桥节制闸,261
2026/4/17 16:08,15号桥节制闸,261
2026/4/17 16:14,15号桥节制闸,261
2026/4/17 16:19,15号桥节制闸,261
2026/4/17 16:25,15号桥节制闸,261
2026/4/17 16:30,15号桥节制闸,261
2026/4/17 16:35,15号桥节制闸,261
2026/4/17 16:41,15号桥节制闸,261
2026/4/17 16:46,15号桥节制闸,261
2026/4/17 16:51,15号桥节制闸,261
2026/4/17 16:56,15号桥节制闸,261
2026/4/17 17:01,15号桥节制闸,261
2026/4/17 17:06,15号桥节制闸,261
2026/4/17 17:11,15号桥节制闸,261
2026/4/17 17:16,15号桥节制闸,261
2026/4/17 17:22,15号桥节制闸,261
2026/4/17 17:27,15号桥节制闸,261
2026/4/17 17:32,15号桥节制闸,261
2026/4/17 17:38,15号桥节制闸,261
2026/4/17 17:43,15号桥节制闸,261
2026/4/17 17:49,15号桥节制闸,261
2026/4/17 17:54,15号桥节制闸,261
2026/4/17 17:59,15号桥节制闸,261
2026/4/17 18:04,15号桥节制闸,261
2026/4/17 18:10,15号桥节制闸,261
2026/4/17 18:15,15号桥节制闸,261
2026/4/17 18:20,15号桥节制闸,261
2026/4/17 18:26,15号桥节制闸,261
2026/4/17 18:31,15号桥节制闸,261
2026/4/17 18:36,15号桥节制闸,261
2026/4/17 18:42,15号桥节制闸,261
2026/4/17 18:47,15号桥节制闸,261
2026/4/17 18:52,15号桥节制闸,261
2026/4/17 18:57,15号桥节制闸,261
2026/4/17 19:03,15号桥节制闸,261
2026/4/17 19:08,15号桥节制闸,261
2026/4/17 19:13,15号桥节制闸,261
2026/4/17 19:19,15号桥节制闸,261
2026/4/17 19:24,15号桥节制闸,261
2026/4/17 19:30,15号桥节制闸,261
2026/4/17 19:35,15号桥节制闸,261
2026/4/17 19:40,15号桥节制闸,261
2026/4/17 19:46,15号桥节制闸,261
2026/4/17 19:51,15号桥节制闸,261
2026/4/17 19:56,15号桥节制闸,261
2026/4/17 20:02,15号桥节制闸,261
2026/4/17 20:07,15号桥节制闸,261
2026/4/17 20:12,15号桥节制闸,261
2026/4/17 20:18,15号桥节制闸,261
2026/4/17 20:23,15号桥节制闸,261
2026/4/17 20:28,15号桥节制闸,261
2026/4/17 20:33,15号桥节制闸,261
2026/4/17 20:38,15号桥节制闸,261
2026/4/17 20:43,15号桥节制闸,261
2026/4/17 20:48,15号桥节制闸,261
2026/4/17 20:54,15号桥节制闸,261
2026/4/17 20:59,15号桥节制闸,261
2026/4/17 21:05,15号桥节制闸,261
2026/4/17 21:10,15号桥节制闸,261
2026/4/17 21:15,15号桥节制闸,261
2026/4/17 21:21,15号桥节制闸,261
2026/4/17 21:26,15号桥节制闸,261
2026/4/17 21:32,15号桥节制闸,261
2026/4/17 21:37,15号桥节制闸,261
2026/4/17 21:43,15号桥节制闸,261
2026/4/17 21:48,15号桥节制闸,261
2026/4/17 21:53,15号桥节制闸,261
2026/4/17 21:58,15号桥节制闸,261
2026/4/17 22:04,15号桥节制闸,261
2026/4/17 22:09,15号桥节制闸,261
2026/4/17 22:14,15号桥节制闸,261
2026/4/17 22:20,15号桥节制闸,261
2026/4/17 22:25,15号桥节制闸,261
2026/4/17 22:30,15号桥节制闸,261
2026/4/17 22:36,15号桥节制闸,261
2026/4/17 22:41,15号桥节制闸,261
2026/4/17 22:46,15号桥节制闸,261
2026/4/17 22:52,15号桥节制闸,261
2026/4/17 22:57,15号桥节制闸,261
2026/4/17 23:02,15号桥节制闸,261
2026/4/17 23:08,15号桥节制闸,261
2026/4/17 23:13,15号桥节制闸,261
2026/4/17 23:18,15号桥节制闸,261
2026/4/17 23:23,15号桥节制闸,261
2026/4/17 23:28,15号桥节制闸,261
2026/4/17 23:33,15号桥节制闸,261
2026/4/17 23:39,15号桥节制闸,261
2026/4/17 23:44,15号桥节制闸,261
2026/4/17 23:49,15号桥节制闸,261
2026/4/17 23:54,15号桥节制闸,261
2026/4/17 23:59,15号桥节制闸,261
2026/4/18 0:05,15号桥节制闸,261
2026/4/18 0:10,15号桥节制闸,261
2026/4/18 0:15,15号桥节制闸,261
2026/4/18 0:20,15号桥节制闸,261
2026/4/18 0:25,15号桥节制闸,261
2026/4/18 0:31,15号桥节制闸,261
2026/4/18 0:36,15号桥节制闸,261
2026/4/18 0:41,15号桥节制闸,261
2026/4/18 0:46,15号桥节制闸,261
2026/4/18 0:51,15号桥节制闸,261
2026/4/18 0:57,15号桥节制闸,261
2026/4/18 1:01,15号桥节制闸,261
2026/4/18 1:09,15号桥节制闸,261
2026/4/18 1:15,15号桥节制闸,261
2026/4/18 1:20,15号桥节制闸,261
2026/4/18 1:25,15号桥节制闸,261
2026/4/18 1:31,15号桥节制闸,261
2026/4/18 1:36,15号桥节制闸,261
2026/4/18 1:41,15号桥节制闸,261
2026/4/18 1:47,15号桥节制闸,261
2026/4/18 1:52,15号桥节制闸,261
2026/4/18 1:57,15号桥节制闸,261
2026/4/18 2:03,15号桥节制闸,261
2026/4/18 2:08,15号桥节制闸,261
2026/4/18 2:13,15号桥节制闸,261
2026/4/18 2:19,15号桥节制闸,261
2026/4/18 2:24,15号桥节制闸,261
2026/4/18 2:30,15号桥节制闸,261
2026/4/18 2:35,15号桥节制闸,261
2026/4/18 2:40,15号桥节制闸,261
2026/4/18 2:46,15号桥节制闸,261
2026/4/18 2:51,15号桥节制闸,261
2026/4/18 2:56,15号桥节制闸,261
2026/4/18 3:01,15号桥节制闸,261
2026/4/18 3:06,15号桥节制闸,261
2026/4/18 3:12,15号桥节制闸,261
2026/4/18 3:17,15号桥节制闸,261
2026/4/18 3:22,15号桥节制闸,261
2026/4/18 3:27,15号桥节制闸,261
2026/4/18 3:32,15号桥节制闸,261
2026/4/18 3:37,15号桥节制闸,261
2026/4/18 3:43,15号桥节制闸,261
2026/4/18 3:48,15号桥节制闸,261
2026/4/18 3:54,15号桥节制闸,261
2026/4/18 3:59,15号桥节制闸,261
2026/4/18 4:05,15号桥节制闸,261
2026/4/18 4:10,15号桥节制闸,261
2026/4/18 4:15,15号桥节制闸,261
2026/4/18 4:21,15号桥节制闸,261
2026/4/18 4:26,15号桥节制闸,261
2026/4/18 4:32,15号桥节制闸,261
2026/4/18 4:37,15号桥节制闸,261
2026/4/18 4:43,15号桥节制闸,261
2026/4/18 4:48,15号桥节制闸,261
2026/4/18 4:53,15号桥节制闸,261
2026/4/18 4:59,15号桥节制闸,261
2026/4/18 5:04,15号桥节制闸,261
2026/4/18 5:09,15号桥节制闸,261
2026/4/18 5:14,15号桥节制闸,261
2026/4/18 5:20,15号桥节制闸,261
2026/4/18 5:25,15号桥节制闸,261
2026/4/18 5:30,15号桥节制闸,261
2026/4/18 5:35,15号桥节制闸,261
2026/4/18 5:41,15号桥节制闸,261
2026/4/18 5:46,15号桥节制闸,261
2026/4/18 5:51,15号桥节制闸,261
2026/4/18 5:56,15号桥节制闸,261
2026/4/18 6:02,15号桥节制闸,261
2026/4/18 6:07,15号桥节制闸,221
2026/4/18 6:13,15号桥节制闸,221
2026/4/18 6:18,15号桥节制闸,221
2026/4/18 6:23,15号桥节制闸,221
2026/4/18 6:28,15号桥节制闸,221
2026/4/18 6:34,15号桥节制闸,221
2026/4/18 6:39,15号桥节制闸,221
2026/4/18 6:45,15号桥节制闸,221
2026/4/18 6:50,15号桥节制闸,221
2026/4/18 6:55,15号桥节制闸,221
2026/4/18 7:00,15号桥节制闸,181
2026/4/18 7:06,15号桥节制闸,181
2026/4/18 7:11,15号桥节制闸,181
2026/4/18 7:16,15号桥节制闸,181
2026/4/18 7:22,15号桥节制闸,181
2026/4/18 7:27,15号桥节制闸,181
2026/4/18 7:32,15号桥节制闸,181
2026/4/18 7:37,15号桥节制闸,181
2026/4/18 7:43,15号桥节制闸,181
2026/4/18 7:48,15号桥节制闸,181
2026/4/18 7:53,15号桥节制闸,181
2026/4/18 7:58,15号桥节制闸,181
2026/4/18 8:04,15号桥节制闸,181
2026/4/18 8:09,15号桥节制闸,181
2026/4/18 8:14,15号桥节制闸,261
2026/4/18 8:20,15号桥节制闸,301
2026/4/18 8:25,15号桥节制闸,301
2026/4/18 8:31,15号桥节制闸,301
2026/4/18 8:36,15号桥节制闸,301
2026/4/18 8:41,15号桥节制闸,301
2026/4/18 8:46,15号桥节制闸,301
2026/4/18 8:52,15号桥节制闸,301
2026/4/18 8:57,15号桥节制闸,301
2026/4/18 9:02,15号桥节制闸,301
2026/4/18 9:08,15号桥节制闸,301
2026/4/18 9:13,15号桥节制闸,301
2026/4/18 9:18,15号桥节制闸,301
2026/4/18 9:23,15号桥节制闸,301
2026/4/18 9:28,15号桥节制闸,301
2026/4/18 9:33,15号桥节制闸,301
2026/4/18 9:38,15号桥节制闸,301
2026/4/18 9:44,15号桥节制闸,301
2026/4/18 9:49,15号桥节制闸,301
2026/4/18 9:55,15号桥节制闸,301
2026/4/18 10:00,15号桥节制闸,301
2026/4/18 10:05,15号桥节制闸,301
2026/4/18 10:11,15号桥节制闸,301
2026/4/18 10:16,15号桥节制闸,301
2026/4/18 10:21,15号桥节制闸,301
2026/4/18 10:27,15号桥节制闸,301
2026/4/18 10:32,15号桥节制闸,301
2026/4/18 10:37,15号桥节制闸,301
2026/4/18 10:43,15号桥节制闸,301
2026/4/18 10:48,15号桥节制闸,301
2026/4/18 10:54,15号桥节制闸,301
2026/4/18 10:59,15号桥节制闸,301
2026/4/18 11:04,15号桥节制闸,301
2026/4/18 11:10,15号桥节制闸,301
2026/4/18 11:15,15号桥节制闸,301
2026/4/18 11:20,15号桥节制闸,301
2026/4/18 11:26,15号桥节制闸,301
2026/4/18 11:31,15号桥节制闸,301
2026/4/18 11:36,15号桥节制闸,301
2026/4/18 11:42,15号桥节制闸,301
2026/4/18 11:47,15号桥节制闸,301
2026/4/18 11:52,15号桥节制闸,301
2026/4/18 11:58,15号桥节制闸,301
2026/4/18 12:03,15号桥节制闸,301
2026/4/18 12:09,15号桥节制闸,301
2026/4/18 12:14,15号桥节制闸,301
2026/4/18 12:19,15号桥节制闸,301
2026/4/18 12:25,15号桥节制闸,301
2026/4/18 12:30,15号桥节制闸,301
2026/4/18 12:35,15号桥节制闸,351
2026/4/18 12:41,15号桥节制闸,351
2026/4/18 12:46,15号桥节制闸,351
2026/4/18 12:51,15号桥节制闸,351
2026/4/18 12:57,15号桥节制闸,351
2026/4/18 13:02,15号桥节制闸,351
2026/4/18 13:08,15号桥节制闸,351
2026/4/18 13:13,15号桥节制闸,351
2026/4/18 13:18,15号桥节制闸,351
2026/4/18 13:24,15号桥节制闸,351
2026/4/18 13:29,15号桥节制闸,351
2026/4/18 13:35,15号桥节制闸,351
2026/4/18 13:40,15号桥节制闸,351
2026/4/18 13:45,15号桥节制闸,351
2026/4/18 13:50,15号桥节制闸,351
2026/4/18 13:56,15号桥节制闸,351
2026/4/18 14:01,15号桥节制闸,351
2026/4/18 14:07,15号桥节制闸,351
2026/4/18 14:12,15号桥节制闸,351
2026/4/18 14:17,15号桥节制闸,351
2026/4/18 14:23,15号桥节制闸,401
2026/4/18 14:28,15号桥节制闸,351
2026/4/18 14:34,15号桥节制闸,351
2026/4/18 14:39,15号桥节制闸,351
2026/4/18 14:44,15号桥节制闸,351
2026/4/18 14:49,15号桥节制闸,351
2026/4/18 14:55,15号桥节制闸,351
2026/4/18 15:00,15号桥节制闸,351
2026/4/18 15:05,15号桥节制闸,351
2026/4/18 15:11,15号桥节制闸,351
2026/4/18 15:16,15号桥节制闸,351
2026/4/18 15:22,15号桥节制闸,351
2026/4/18 15:27,15号桥节制闸,351
2026/4/18 15:32,15号桥节制闸,351
2026/4/18 15:37,15号桥节制闸,351
2026/4/18 15:43,15号桥节制闸,351
2026/4/18 15:48,15号桥节制闸,401
2026/4/18 15:53,15号桥节制闸,401
2026/4/18 15:59,15号桥节制闸,401
2026/4/18 16:04,15号桥节制闸,401
2026/4/18 16:10,15号桥节制闸,401
2026/4/18 16:15,15号桥节制闸,401
2026/4/18 16:21,15号桥节制闸,401
2026/4/18 16:26,15号桥节制闸,401
2026/4/18 16:31,15号桥节制闸,401
2026/4/18 16:37,15号桥节制闸,401
2026/4/18 16:42,15号桥节制闸,401
2026/4/18 16:47,15号桥节制闸,401
2026/4/18 16:53,15号桥节制闸,401
2026/4/18 16:58,15号桥节制闸,401
2026/4/18 17:03,15号桥节制闸,401
2026/4/18 17:08,15号桥节制闸,401
2026/4/18 17:14,15号桥节制闸,401
2026/4/18 17:19,15号桥节制闸,401
2026/4/18 17:24,15号桥节制闸,351
2026/4/18 17:29,15号桥节制闸,351
2026/4/18 17:35,15号桥节制闸,351
2026/4/18 17:40,15号桥节制闸,351
2026/4/18 17:46,15号桥节制闸,351
2026/4/18 17:51,15号桥节制闸,351
2026/4/18 17:56,15号桥节制闸,351
2026/4/18 18:02,15号桥节制闸,351
2026/4/18 18:07,15号桥节制闸,351
2026/4/18 18:12,15号桥节制闸,351
2026/4/18 18:17,15号桥节制闸,351
2026/4/18 18:22,15号桥节制闸,351
2026/4/18 18:28,15号桥节制闸,351
2026/4/18 18:33,15号桥节制闸,351
2026/4/18 18:38,15号桥节制闸,351
2026/4/18 18:43,15号桥节制闸,351
2026/4/18 18:49,15号桥节制闸,351
2026/4/18 18:54,15号桥节制闸,351
2026/4/18 18:59,15号桥节制闸,351
2026/4/18 19:04,15号桥节制闸,351
2026/4/18 19:10,15号桥节制闸,351
2026/4/18 19:15,15号桥节制闸,351
2026/4/18 19:21,15号桥节制闸,351
2026/4/18 19:26,15号桥节制闸,351
2026/4/18 19:32,15号桥节制闸,351
2026/4/18 19:37,15号桥节制闸,311
2026/4/18 19:43,15号桥节制闸,311
2026/4/18 19:48,15号桥节制闸,311
2026/4/18 19:54,15号桥节制闸,311
2026/4/18 19:59,15号桥节制闸,311
2026/4/18 20:04,15号桥节制闸,311
2026/4/18 20:09,15号桥节制闸,311
2026/4/18 20:15,15号桥节制闸,311
2026/4/18 20:20,15号桥节制闸,311
2026/4/18 20:25,15号桥节制闸,311
2026/4/18 20:30,15号桥节制闸,311
2026/4/18 20:36,15号桥节制闸,311
2026/4/18 20:41,15号桥节制闸,311
2026/4/18 20:46,15号桥节制闸,311
2026/4/18 20:52,15号桥节制闸,311
2026/4/18 20:57,15号桥节制闸,311
2026/4/18 21:02,15号桥节制闸,311
2026/4/18 21:07,15号桥节制闸,311
2026/4/18 21:12,15号桥节制闸,311
2026/4/18 21:18,15号桥节制闸,311
2026/4/18 21:23,15号桥节制闸,311
2026/4/18 21:28,15号桥节制闸,311
2026/4/18 21:34,15号桥节制闸,311
2026/4/18 21:39,15号桥节制闸,311
2026/4/18 21:44,15号桥节制闸,311
2026/4/18 21:49,15号桥节制闸,311
2026/4/18 21:55,15号桥节制闸,311
2026/4/18 22:00,15号桥节制闸,311
2026/4/18 22:05,15号桥节制闸,311
2026/4/18 22:10,15号桥节制闸,311
2026/4/18 22:15,15号桥节制闸,311
2026/4/18 22:21,15号桥节制闸,311
2026/4/18 22:26,15号桥节制闸,311
2026/4/18 22:31,15号桥节制闸,311
2026/4/18 22:36,15号桥节制闸,311
2026/4/18 22:41,15号桥节制闸,311
2026/4/18 22:46,15号桥节制闸,311
2026/4/18 22:51,15号桥节制闸,311
2026/4/18 22:57,15号桥节制闸,311
2026/4/18 23:02,15号桥节制闸,311
2026/4/18 23:08,15号桥节制闸,311
2026/4/18 23:13,15号桥节制闸,311
2026/4/18 23:18,15号桥节制闸,311
2026/4/18 23:24,15号桥节制闸,311
2026/4/18 23:29,15号桥节制闸,311
2026/4/18 23:34,15号桥节制闸,301
2026/4/18 23:39,15号桥节制闸,301
2026/4/18 23:45,15号桥节制闸,301
2026/4/18 23:50,15号桥节制闸,301
2026/4/18 23:55,15号桥节制闸,301
2026/4/19 0:01,15号桥节制闸,301
2026/4/19 0:06,15号桥节制闸,301
2026/4/19 0:12,15号桥节制闸,301
2026/4/19 0:17,15号桥节制闸,301
2026/4/19 0:22,15号桥节制闸,301
2026/4/19 0:27,15号桥节制闸,301
2026/4/19 0:33,15号桥节制闸,301
2026/4/19 0:38,15号桥节制闸,301
2026/4/19 0:44,15号桥节制闸,301
2026/4/19 0:49,15号桥节制闸,301
2026/4/19 0:54,15号桥节制闸,301
2026/4/19 0:59,15号桥节制闸,301
2026/4/19 1:04,15号桥节制闸,301
2026/4/19 1:10,15号桥节制闸,301
2026/4/19 1:15,15号桥节制闸,301
2026/4/19 1:20,15号桥节制闸,301
2026/4/19 1:25,15号桥节制闸,301
2026/4/19 1:31,15号桥节制闸,301
2026/4/19 1:36,15号桥节制闸,301
2026/4/19 1:42,15号桥节制闸,301
2026/4/19 1:47,15号桥节制闸,301
2026/4/19 1:52,15号桥节制闸,301
2026/4/19 1:58,15号桥节制闸,301
2026/4/19 2:03,15号桥节制闸,301
2026/4/19 2:08,15号桥节制闸,301
2026/4/19 2:14,15号桥节制闸,301
2026/4/19 2:19,15号桥节制闸,301
2026/4/19 2:24,15号桥节制闸,301
2026/4/19 2:29,15号桥节制闸,301
2026/4/19 2:35,15号桥节制闸,301
2026/4/19 2:40,15号桥节制闸,301
2026/4/19 2:45,15号桥节制闸,301
2026/4/19 2:51,15号桥节制闸,301
2026/4/19 2:56,15号桥节制闸,301
2026/4/19 3:01,15号桥节制闸,301
2026/4/19 3:07,15号桥节制闸,301
2026/4/19 3:12,15号桥节制闸,301
2026/4/19 3:18,15号桥节制闸,301
2026/4/19 3:23,15号桥节制闸,301
2026/4/19 3:28,15号桥节制闸,301
2026/4/19 3:34,15号桥节制闸,301
2026/4/19 3:39,15号桥节制闸,251
2026/4/19 3:44,15号桥节制闸,251
2026/4/19 3:50,15号桥节制闸,251
2026/4/19 3:55,15号桥节制闸,251
2026/4/19 4:01,15号桥节制闸,251
2026/4/19 4:06,15号桥节制闸,251
2026/4/19 4:11,15号桥节制闸,201
2026/4/19 4:17,15号桥节制闸,201
2026/4/19 4:22,15号桥节制闸,201
2026/4/19 4:27,15号桥节制闸,201
2026/4/19 4:33,15号桥节制闸,201
2026/4/19 4:38,15号桥节制闸,201
2026/4/19 4:43,15号桥节制闸,201
2026/4/19 4:48,15号桥节制闸,151
2026/4/19 4:53,15号桥节制闸,151
2026/4/19 4:59,15号桥节制闸,151
2026/4/19 5:04,15号桥节制闸,151
2026/4/19 5:10,15号桥节制闸,151
2026/4/19 5:15,15号桥节制闸,151
2026/4/19 5:21,15号桥节制闸,171
2026/4/19 5:26,15号桥节制闸,171
2026/4/19 5:31,15号桥节制闸,171
2026/4/19 5:37,15号桥节制闸,171
2026/4/19 5:42,15号桥节制闸,201
2026/4/19 5:48,15号桥节制闸,201
2026/4/19 5:53,15号桥节制闸,251
2026/4/19 5:59,15号桥节制闸,251
2026/4/19 6:04,15号桥节制闸,251
2026/4/19 6:09,15号桥节制闸,251
2026/4/19 6:14,15号桥节制闸,251
2026/4/19 6:19,15号桥节制闸,301
2026/4/19 6:25,15号桥节制闸,301
2026/4/19 6:30,15号桥节制闸,301
2026/4/19 6:36,15号桥节制闸,301
2026/4/19 6:41,15号桥节制闸,301
2026/4/19 6:47,15号桥节制闸,301
2026/4/19 6:52,15号桥节制闸,301
2026/4/19 6:57,15号桥节制闸,301
2026/4/19 7:02,15号桥节制闸,301
2026/4/19 7:08,15号桥节制闸,251
2026/4/19 7:13,15号桥节制闸,251
2026/4/19 7:19,15号桥节制闸,251
2026/4/19 7:24,15号桥节制闸,251
2026/4/19 7:29,15号桥节制闸,251
2026/4/19 7:34,15号桥节制闸,251
2026/4/19 7:40,15号桥节制闸,251
2026/4/19 7:45,15号桥节制闸,251
2026/4/19 7:50,15号桥节制闸,251
2026/4/19 7:55,15号桥节制闸,251
2026/4/19 8:01,15号桥节制闸,251
2026/4/19 8:06,15号桥节制闸,251
2026/4/19 8:11,15号桥节制闸,251
2026/4/19 8:17,15号桥节制闸,251
2026/4/19 8:22,15号桥节制闸,251
2026/4/19 8:27,15号桥节制闸,251
2026/4/19 8:32,15号桥节制闸,251
2026/4/19 8:37,15号桥节制闸,251
2026/4/19 8:42,15号桥节制闸,251
2026/4/19 8:47,15号桥节制闸,251
2026/4/19 8:53,15号桥节制闸,331
2026/4/19 8:58,15号桥节制闸,331
2026/4/19 9:03,15号桥节制闸,331
2026/4/19 9:08,15号桥节制闸,331
2026/4/19 9:13,15号桥节制闸,331
2026/4/19 9:19,15号桥节制闸,331
2026/4/19 9:24,15号桥节制闸,331
2026/4/19 9:29,15号桥节制闸,331
2026/4/19 9:34,15号桥节制闸,331
2026/4/19 9:39,15号桥节制闸,331
2026/4/19 9:45,15号桥节制闸,381
2026/4/19 9:50,15号桥节制闸,381
2026/4/19 9:55,15号桥节制闸,381
2026/4/19 10:01,15号桥节制闸,381
2026/4/19 10:06,15号桥节制闸,381
2026/4/19 10:11,15号桥节制闸,381
2026/4/19 10:16,15号桥节制闸,381
2026/4/19 10:22,15号桥节制闸,381
2026/4/19 10:27,15号桥节制闸,381
2026/4/19 10:32,15号桥节制闸,381
2026/4/19 10:37,15号桥节制闸,381
2026/4/19 10:42,15号桥节制闸,381
2026/4/19 10:47,15号桥节制闸,381
2026/4/19 10:53,15号桥节制闸,381
2026/4/19 10:58,15号桥节制闸,381
2026/4/19 11:03,15号桥节制闸,381
2026/4/19 11:09,15号桥节制闸,381
2026/4/19 11:14,15号桥节制闸,381
2026/4/19 11:19,15号桥节制闸,381
2026/4/19 11:25,15号桥节制闸,381
2026/4/19 11:30,15号桥节制闸,381
2026/4/19 11:36,15号桥节制闸,381
2026/4/19 11:41,15号桥节制闸,381
2026/4/19 11:46,15号桥节制闸,381
2026/4/19 11:52,15号桥节制闸,381
2026/4/19 11:57,15号桥节制闸,381
2026/4/19 12:03,15号桥节制闸,381
2026/4/19 12:08,15号桥节制闸,381
2026/4/19 12:14,15号桥节制闸,431
2026/4/19 12:19,15号桥节制闸,431
2026/4/19 12:24,15号桥节制闸,431
2026/4/19 12:30,15号桥节制闸,431
2026/4/19 12:35,15号桥节制闸,431
2026/4/19 12:40,15号桥节制闸,730
2026/4/19 12:45,15号桥节制闸,930
2026/4/19 12:51,15号桥节制闸,930
2026/4/19 12:56,15号桥节制闸,930
2026/4/19 13:01,15号桥节制闸,930
2026/4/19 13:07,15号桥节制闸,930
2026/4/19 13:12,15号桥节制闸,930
2026/4/19 13:18,15号桥节制闸,930
2026/4/19 13:23,15号桥节制闸,930
2026/4/19 13:28,15号桥节制闸,930
2026/4/19 13:33,15号桥节制闸,930
2026/4/19 13:39,15号桥节制闸,930
2026/4/19 13:44,15号桥节制闸,930
2026/4/19 13:49,15号桥节制闸,930
2026/4/19 13:55,15号桥节制闸,930
2026/4/19 14:00,15号桥节制闸,930
2026/4/19 14:05,15号桥节制闸,930
2026/4/19 14:10,15号桥节制闸,930
2026/4/19 14:15,15号桥节制闸,930
2026/4/19 14:20,15号桥节制闸,930
2026/4/19 14:26,15号桥节制闸,930
2026/4/19 14:31,15号桥节制闸,930
2026/4/19 14:36,15号桥节制闸,930
2026/4/19 14:42,15号桥节制闸,930
2026/4/19 14:47,15号桥节制闸,930
2026/4/19 14:52,15号桥节制闸,930
2026/4/19 14:58,15号桥节制闸,930
2026/4/19 15:03,15号桥节制闸,930
2026/4/19 15:08,15号桥节制闸,930
2026/4/19 15:14,15号桥节制闸,930
2026/4/19 15:19,15号桥节制闸,930
2026/4/19 15:25,15号桥节制闸,930
2026/4/19 15:30,15号桥节制闸,930
2026/4/19 15:35,15号桥节制闸,930
2026/4/19 15:41,15号桥节制闸,930
2026/4/19 15:46,15号桥节制闸,930
2026/4/19 15:51,15号桥节制闸,930
2026/4/19 15:57,15号桥节制闸,930
2026/4/19 16:02,15号桥节制闸,930
2026/4/19 16:07,15号桥节制闸,930
2026/4/19 16:13,15号桥节制闸,930
2026/4/19 16:18,15号桥节制闸,930
2026/4/19 16:24,15号桥节制闸,930
2026/4/19 16:29,15号桥节制闸,930
2026/4/19 16:34,15号桥节制闸,930
2026/4/19 16:40,15号桥节制闸,930
2026/4/19 16:45,15号桥节制闸,930
2026/4/19 16:50,15号桥节制闸,930
2026/4/19 16:55,15号桥节制闸,930
2026/4/19 17:01,15号桥节制闸,930
2026/4/19 17:06,15号桥节制闸,930
2026/4/19 17:11,15号桥节制闸,910
2026/4/19 17:16,15号桥节制闸,910
2026/4/19 17:22,15号桥节制闸,910
2026/4/19 17:27,15号桥节制闸,910
2026/4/19 17:32,15号桥节制闸,910
2026/4/19 17:37,15号桥节制闸,910
2026/4/19 17:43,15号桥节制闸,910
2026/4/19 17:48,15号桥节制闸,910
2026/4/19 17:53,15号桥节制闸,910
2026/4/19 17:58,15号桥节制闸,910
2026/4/19 18:04,15号桥节制闸,910
2026/4/19 18:09,15号桥节制闸,910
2026/4/19 18:14,15号桥节制闸,910
2026/4/19 18:20,15号桥节制闸,870
2026/4/19 18:25,15号桥节制闸,870
2026/4/19 18:30,15号桥节制闸,850
2026/4/19 18:35,15号桥节制闸,850
2026/4/19 18:40,15号桥节制闸,371
2026/4/19 18:45,15号桥节制闸,371
2026/4/19 18:51,15号桥节制闸,371
2026/4/19 18:56,15号桥节制闸,371
2026/4/19 19:01,15号桥节制闸,371
2026/4/19 19:06,15号桥节制闸,351
2026/4/19 19:12,15号桥节制闸,351
2026/4/19 19:17,15号桥节制闸,351
2026/4/19 19:22,15号桥节制闸,351
2026/4/19 19:28,15号桥节制闸,321
2026/4/19 19:33,15号桥节制闸,321
2026/4/19 19:38,15号桥节制闸,321
2026/4/19 19:43,15号桥节制闸,351
2026/4/19 19:49,15号桥节制闸,351
2026/4/19 19:54,15号桥节制闸,401
2026/4/19 19:59,15号桥节制闸,401
2026/4/19 20:05,15号桥节制闸,401
2026/4/19 20:10,15号桥节制闸,401
2026/4/19 20:15,15号桥节制闸,401
2026/4/19 20:21,15号桥节制闸,401
2026/4/19 20:26,15号桥节制闸,401
2026/4/19 20:31,15号桥节制闸,401
2026/4/19 20:36,15号桥节制闸,401
2026/4/19 20:42,15号桥节制闸,421
2026/4/19 20:47,15号桥节制闸,421
2026/4/19 20:52,15号桥节制闸,421
2026/4/19 20:57,15号桥节制闸,421
2026/4/19 21:02,15号桥节制闸,401
2026/4/19 21:08,15号桥节制闸,401
2026/4/19 21:13,15号桥节制闸,401
2026/4/19 21:18,15号桥节制闸,401
2026/4/19 21:24,15号桥节制闸,401
2026/4/19 21:29,15号桥节制闸,401
2026/4/19 21:35,15号桥节制闸,401
2026/4/19 21:40,15号桥节制闸,401
2026/4/19 21:45,15号桥节制闸,401
2026/4/19 21:50,15号桥节制闸,401
2026/4/19 21:56,15号桥节制闸,401
2026/4/19 22:01,15号桥节制闸,401
2026/4/19 22:07,15号桥节制闸,401
2026/4/19 22:12,15号桥节制闸,401
2026/4/19 22:17,15号桥节制闸,401
2026/4/19 22:22,15号桥节制闸,401
2026/4/19 22:28,15号桥节制闸,351
2026/4/19 22:33,15号桥节制闸,351
2026/4/19 22:38,15号桥节制闸,351
2026/4/19 22:44,15号桥节制闸,351
2026/4/19 22:49,15号桥节制闸,351
2026/4/19 22:54,15号桥节制闸,351
2026/4/19 22:59,15号桥节制闸,351
2026/4/19 23:02,15号桥节制闸,351
2026/4/19 23:10,15号桥节制闸,351
2026/4/19 23:15,15号桥节制闸,351
2026/4/19 23:20,15号桥节制闸,351
2026/4/19 23:25,15号桥节制闸,351
2026/4/19 23:30,15号桥节制闸,351
2026/4/19 23:36,15号桥节制闸,351
2026/4/19 23:41,15号桥节制闸,301
2026/4/19 23:46,15号桥节制闸,251
2026/4/19 23:52,15号桥节制闸,251
2026/4/19 23:57,15号桥节制闸,251
2026/4/20 0:02,15号桥节制闸,251
2026/4/20 0:08,15号桥节制闸,251
2026/4/20 0:13,15号桥节制闸,251
2026/4/20 0:18,15号桥节制闸,251
2026/4/20 0:23,15号桥节制闸,251
2026/4/20 0:29,15号桥节制闸,251
2026/4/20 0:34,15号桥节制闸,251
2026/4/20 0:39,15号桥节制闸,251
2026/4/20 0:45,15号桥节制闸,251
2026/4/20 0:50,15号桥节制闸,251
2026/4/20 0:56,15号桥节制闸,251
2026/4/20 1:01,15号桥节制闸,251
2026/4/20 1:06,15号桥节制闸,251
2026/4/20 1:11,15号桥节制闸,251
2026/4/20 1:16,15号桥节制闸,251
2026/4/20 1:22,15号桥节制闸,251
2026/4/20 1:27,15号桥节制闸,281
2026/4/20 1:33,15号桥节制闸,281
2026/4/20 1:38,15号桥节制闸,281
2026/4/20 1:43,15号桥节制闸,281
2026/4/20 1:48,15号桥节制闸,281
2026/4/20 1:53,15号桥节制闸,281
2026/4/20 1:59,15号桥节制闸,281
2026/4/20 2:04,15号桥节制闸,281
2026/4/20 2:09,15号桥节制闸,281
2026/4/20 2:14,15号桥节制闸,281
2026/4/20 2:19,15号桥节制闸,281
2026/4/20 2:25,15号桥节制闸,281
2026/4/20 2:30,15号桥节制闸,281
2026/4/20 2:35,15号桥节制闸,281
2026/4/20 2:41,15号桥节制闸,281
2026/4/20 2:46,15号桥节制闸,281
2026/4/20 2:52,15号桥节制闸,281
2026/4/20 2:57,15号桥节制闸,281
2026/4/20 3:02,15号桥节制闸,281
2026/4/20 3:08,15号桥节制闸,281
2026/4/20 3:13,15号桥节制闸,281
2026/4/20 3:18,15号桥节制闸,281
2026/4/20 3:24,15号桥节制闸,281
2026/4/20 3:29,15号桥节制闸,281
2026/4/20 3:34,15号桥节制闸,281
2026/4/20 3:40,15号桥节制闸,281
2026/4/20 3:45,15号桥节制闸,281
2026/4/20 3:51,15号桥节制闸,281
2026/4/20 3:56,15号桥节制闸,281
2026/4/20 4:01,15号桥节制闸,281
2026/4/20 4:07,15号桥节制闸,281
2026/4/20 4:12,15号桥节制闸,281
2026/4/20 4:17,15号桥节制闸,281
2026/4/20 4:23,15号桥节制闸,281
2026/4/20 4:28,15号桥节制闸,281
2026/4/20 4:34,15号桥节制闸,251
2026/4/20 4:39,15号桥节制闸,251
2026/4/20 4:44,15号桥节制闸,251
2026/4/20 4:50,15号桥节制闸,251
2026/4/20 4:55,15号桥节制闸,251
2026/4/20 5:00,15号桥节制闸,251
2026/4/20 5:06,15号桥节制闸,251
2026/4/20 5:11,15号桥节制闸,251
2026/4/20 5:17,15号桥节制闸,251
2026/4/20 5:22,15号桥节制闸,251
2026/4/20 5:27,15号桥节制闸,251
2026/4/20 5:32,15号桥节制闸,251
2026/4/20 5:38,15号桥节制闸,251
2026/4/20 5:43,15号桥节制闸,251
2026/4/20 5:48,15号桥节制闸,251
2026/4/20 5:54,15号桥节制闸,251
2026/4/20 5:59,15号桥节制闸,251
2026/4/20 6:05,15号桥节制闸,251
2026/4/20 6:10,15号桥节制闸,251
2026/4/20 6:15,15号桥节制闸,251
2026/4/20 6:21,15号桥节制闸,251
2026/4/20 6:26,15号桥节制闸,251
2026/4/20 6:32,15号桥节制闸,251
2026/4/20 6:37,15号桥节制闸,251
2026/4/20 6:42,15号桥节制闸,251
2026/4/20 6:48,15号桥节制闸,251
2026/4/20 6:53,15号桥节制闸,251
2026/4/20 6:58,15号桥节制闸,251
2026/4/20 7:04,15号桥节制闸,251
2026/4/20 7:09,15号桥节制闸,251
2026/4/20 7:14,15号桥节制闸,251
2026/4/20 7:20,15号桥节制闸,251
2026/4/20 7:25,15号桥节制闸,251
2026/4/20 7:30,15号桥节制闸,251
2026/4/20 7:36,15号桥节制闸,251
2026/4/20 7:41,15号桥节制闸,231
2026/4/20 7:46,15号桥节制闸,231
2026/4/20 7:52,15号桥节制闸,231
2026/4/20 7:57,15号桥节制闸,231
2026/4/20 8:02,15号桥节制闸,231
2026/4/20 8:08,15号桥节制闸,231
2026/4/20 8:13,15号桥节制闸,231
2026/4/20 8:18,15号桥节制闸,231
2026/4/20 8:24,15号桥节制闸,231
2026/4/20 8:29,15号桥节制闸,231
2026/4/20 8:35,15号桥节制闸,231
2026/4/20 8:40,15号桥节制闸,231
2026/4/20 8:45,15号桥节制闸,231
2026/4/20 8:51,15号桥节制闸,231
2026/4/20 8:56,15号桥节制闸,231
2026/4/20 9:01,15号桥节制闸,231
2026/4/20 9:07,15号桥节制闸,231
2026/4/20 9:12,15号桥节制闸,231
2026/4/20 9:17,15号桥节制闸,231
2026/4/20 9:23,15号桥节制闸,231
2026/4/20 9:28,15号桥节制闸,271
2026/4/20 9:34,15号桥节制闸,271
2026/4/20 9:39,15号桥节制闸,271
2026/4/20 9:44,15号桥节制闸,271
2026/4/20 9:50,15号桥节制闸,271
2026/4/20 9:55,15号桥节制闸,271
2026/4/20 10:00,15号桥节制闸,271
2026/4/20 10:06,15号桥节制闸,271
2026/4/20 10:11,15号桥节制闸,271
2026/4/20 10:16,15号桥节制闸,271
2026/4/20 10:22,15号桥节制闸,271
2026/4/20 10:27,15号桥节制闸,271
2026/4/20 10:32,15号桥节制闸,271
2026/4/20 10:38,15号桥节制闸,271
2026/4/20 10:43,15号桥节制闸,271
2026/4/20 10:49,15号桥节制闸,271
2026/4/20 10:54,15号桥节制闸,271
2026/4/20 10:59,15号桥节制闸,271
2026/4/20 11:04,15号桥节制闸,271
2026/4/20 11:10,15号桥节制闸,271
2026/4/20 11:15,15号桥节制闸,271
2026/4/20 11:20,15号桥节制闸,271
2026/4/20 11:26,15号桥节制闸,271
2026/4/20 11:31,15号桥节制闸,271
2026/4/20 11:36,15号桥节制闸,271
2026/4/20 11:41,15号桥节制闸,271
2026/4/20 11:47,15号桥节制闸,271
2026/4/20 11:52,15号桥节制闸,271
2026/4/20 11:57,15号桥节制闸,271
2026/4/20 12:02,15号桥节制闸,271
2026/4/20 12:07,15号桥节制闸,271
2026/4/20 12:13,15号桥节制闸,271
2026/4/20 12:18,15号桥节制闸,271
2026/4/20 12:24,15号桥节制闸,271
2026/4/20 12:29,15号桥节制闸,271
2026/4/20 12:34,15号桥节制闸,271
2026/4/20 12:39,15号桥节制闸,271
2026/4/20 12:45,15号桥节制闸,271
2026/4/20 12:50,15号桥节制闸,271
2026/4/20 12:55,15号桥节制闸,271
2026/4/20 13:00,15号桥节制闸,271
2026/4/20 13:06,15号桥节制闸,271
2026/4/20 13:11,15号桥节制闸,271
2026/4/20 13:16,15号桥节制闸,271
2026/4/20 13:21,15号桥节制闸,271
2026/4/20 13:26,15号桥节制闸,271
2026/4/20 13:32,15号桥节制闸,271
2026/4/20 13:37,15号桥节制闸,271
2026/4/20 13:43,15号桥节制闸,271
2026/4/20 13:48,15号桥节制闸,271
2026/4/20 13:53,15号桥节制闸,271
2026/4/20 13:59,15号桥节制闸,271
2026/4/20 14:04,15号桥节制闸,271
2026/4/20 14:10,15号桥节制闸,271
2026/4/20 14:15,15号桥节制闸,271
2026/4/20 14:20,15号桥节制闸,271
2026/4/20 14:25,15号桥节制闸,271
2026/4/20 14:30,15号桥节制闸,271
2026/4/20 14:36,15号桥节制闸,271
2026/4/20 14:41,15号桥节制闸,271
2026/4/20 14:46,15号桥节制闸,271
2026/4/20 14:51,15号桥节制闸,271
2026/4/20 14:57,15号桥节制闸,271
2026/4/20 15:02,15号桥节制闸,271
2026/4/20 15:08,15号桥节制闸,271
2026/4/20 15:13,15号桥节制闸,271
2026/4/20 15:19,15号桥节制闸,271
2026/4/20 15:24,15号桥节制闸,271
2026/4/20 15:29,15号桥节制闸,271
2026/4/20 15:35,15号桥节制闸,271
2026/4/20 15:40,15号桥节制闸,271
2026/4/20 15:46,15号桥节制闸,271
2026/4/20 15:51,15号桥节制闸,271
2026/4/20 15:56,15号桥节制闸,271
2026/4/20 16:01,15号桥节制闸,271
2026/4/20 16:06,15号桥节制闸,271
2026/4/20 16:12,15号桥节制闸,271
2026/4/20 16:17,15号桥节制闸,271
2026/4/20 16:22,15号桥节制闸,271
2026/4/20 16:28,15号桥节制闸,271
2026/4/20 16:33,15号桥节制闸,271
2026/4/20 16:39,15号桥节制闸,271
2026/4/20 16:44,15号桥节制闸,271
2026/4/20 16:49,15号桥节制闸,271
2026/4/20 16:54,15号桥节制闸,271
2026/4/20 17:00,15号桥节制闸,271
2026/4/20 17:05,15号桥节制闸,271
2026/4/20 17:10,15号桥节制闸,271
2026/4/20 17:15,15号桥节制闸,271
2026/4/20 17:20,15号桥节制闸,271
2026/4/20 17:25,15号桥节制闸,271
2026/4/20 17:31,15号桥节制闸,271
2026/4/20 17:36,15号桥节制闸,271
2026/4/20 17:42,15号桥节制闸,271
2026/4/20 17:47,15号桥节制闸,271
2026/4/20 17:52,15号桥节制闸,271
2026/4/20 17:57,15号桥节制闸,271
2026/4/20 18:03,15号桥节制闸,231
2026/4/20 18:08,15号桥节制闸,231
2026/4/20 18:14,15号桥节制闸,231
2026/4/20 18:19,15号桥节制闸,231
2026/4/20 18:25,15号桥节制闸,231
2026/4/20 18:30,15号桥节制闸,231
2026/4/20 18:35,15号桥节制闸,231
2026/4/20 18:40,15号桥节制闸,231
2026/4/20 18:46,15号桥节制闸,231
2026/4/20 18:51,15号桥节制闸,231
2026/4/20 18:56,15号桥节制闸,231
2026/4/20 19:02,15号桥节制闸,231
2026/4/20 19:07,15号桥节制闸,231
2026/4/20 19:13,15号桥节制闸,231
2026/4/20 19:18,15号桥节制闸,231
2026/4/20 19:23,15号桥节制闸,231
2026/4/20 19:29,15号桥节制闸,231
2026/4/20 19:34,15号桥节制闸,231
2026/4/20 19:39,15号桥节制闸,231
2026/4/20 19:45,15号桥节制闸,231
2026/4/20 19:50,15号桥节制闸,231
2026/4/20 19:55,15号桥节制闸,231
2026/4/20 20:01,15号桥节制闸,231
2026/4/20 20:06,15号桥节制闸,231
2026/4/20 20:12,15号桥节制闸,231
2026/4/20 20:17,15号桥节制闸,231
2026/4/20 20:22,15号桥节制闸,231
2026/4/20 20:28,15号桥节制闸,231
2026/4/20 20:33,15号桥节制闸,600
2026/4/20 20:39,15号桥节制闸,600
2026/4/20 20:44,15号桥节制闸,800
2026/4/20 20:49,15号桥节制闸,800
2026/4/20 20:54,15号桥节制闸,800
2026/4/20 21:00,15号桥节制闸,301
2026/4/20 21:05,15号桥节制闸,301
2026/4/20 21:11,15号桥节制闸,301
2026/4/20 21:16,15号桥节制闸,301
2026/4/20 21:21,15号桥节制闸,301
2026/4/20 21:26,15号桥节制闸,301
2026/4/20 21:32,15号桥节制闸,301
2026/4/20 21:37,15号桥节制闸,301
2026/4/20 21:42,15号桥节制闸,301
2026/4/20 21:48,15号桥节制闸,301
2026/4/20 21:53,15号桥节制闸,301
2026/4/20 21:59,15号桥节制闸,301
2026/4/20 22:04,15号桥节制闸,301
2026/4/20 22:09,15号桥节制闸,301
2026/4/20 22:15,15号桥节制闸,301
2026/4/20 22:20,15号桥节制闸,301
2026/4/20 22:25,15号桥节制闸,301
2026/4/20 22:30,15号桥节制闸,301
2026/4/20 22:36,15号桥节制闸,301
2026/4/20 22:41,15号桥节制闸,301
2026/4/20 22:46,15号桥节制闸,301
2026/4/20 22:52,15号桥节制闸,301
2026/4/20 22:57,15号桥节制闸,301
2026/4/20 23:02,15号桥节制闸,301
2026/4/20 23:08,15号桥节制闸,301
2026/4/20 23:14,15号桥节制闸,301
2026/4/20 23:19,15号桥节制闸,301
2026/4/20 23:25,15号桥节制闸,301
2026/4/20 23:30,15号桥节制闸,301
2026/4/20 23:35,15号桥节制闸,301
2026/4/20 23:41,15号桥节制闸,301
2026/4/20 23:46,15号桥节制闸,301
2026/4/20 23:51,15号桥节制闸,301
2026/4/20 23:56,15号桥节制闸,350
2026/4/21 0:02,15号桥节制闸,350
2026/4/21 0:07,15号桥节制闸,350
2026/4/21 0:12,15号桥节制闸,350
2026/4/21 0:18,15号桥节制闸,350
2026/4/21 0:23,15号桥节制闸,350
2026/4/21 0:29,15号桥节制闸,350
2026/4/21 0:34,15号桥节制闸,350
2026/4/21 0:39,15号桥节制闸,350
2026/4/21 0:45,15号桥节制闸,350
2026/4/21 0:50,15号桥节制闸,350
2026/4/21 0:56,15号桥节制闸,600
2026/4/21 1:01,15号桥节制闸,600
2026/4/21 1:06,15号桥节制闸,600
2026/4/21 1:12,15号桥节制闸,600
2026/4/21 1:17,15号桥节制闸,600
2026/4/21 1:22,15号桥节制闸,600
2026/4/21 1:28,15号桥节制闸,600
2026/4/21 1:33,15号桥节制闸,600
2026/4/21 1:38,15号桥节制闸,600
2026/4/21 1:44,15号桥节制闸,600
2026/4/21 1:49,15号桥节制闸,600
2026/4/21 1:55,15号桥节制闸,600
2026/4/21 2:00,15号桥节制闸,600
2026/4/21 2:05,15号桥节制闸,600
2026/4/21 2:10,15号桥节制闸,600
2026/4/21 2:16,15号桥节制闸,600
2026/4/21 2:21,15号桥节制闸,600
2026/4/21 2:27,15号桥节制闸,600
2026/4/21 2:32,15号桥节制闸,600
2026/4/21 2:37,15号桥节制闸,600
2026/4/21 2:43,15号桥节制闸,600
2026/4/21 2:48,15号桥节制闸,600
2026/4/21 2:53,15号桥节制闸,600
2026/4/21 2:59,15号桥节制闸,600
2026/4/21 3:04,15号桥节制闸,600
2026/4/21 3:09,15号桥节制闸,600
2026/4/21 3:15,15号桥节制闸,600
2026/4/21 3:20,15号桥节制闸,600
2026/4/21 3:26,15号桥节制闸,600
2026/4/21 3:31,15号桥节制闸,600
2026/4/21 3:36,15号桥节制闸,600
2026/4/21 3:41,15号桥节制闸,600
2026/4/21 3:47,15号桥节制闸,600
2026/4/21 3:52,15号桥节制闸,600
2026/4/21 3:58,15号桥节制闸,600
2026/4/21 4:03,15号桥节制闸,800
2026/4/21 4:08,15号桥节制闸,800
2026/4/21 4:14,15号桥节制闸,800
2026/4/21 4:19,15号桥节制闸,800
2026/4/21 4:24,15号桥节制闸,800
2026/4/21 4:30,15号桥节制闸,800
2026/4/21 4:35,15号桥节制闸,800
2026/4/21 4:41,15号桥节制闸,800
2026/4/21 4:46,15号桥节制闸,800
2026/4/21 4:51,15号桥节制闸,800
2026/4/21 4:57,15号桥节制闸,800
2026/4/21 5:02,15号桥节制闸,800
2026/4/21 5:07,15号桥节制闸,800
2026/4/21 5:13,15号桥节制闸,800
2026/4/21 5:18,15号桥节制闸,800
2026/4/21 5:24,15号桥节制闸,800
2026/4/21 5:29,15号桥节制闸,800
2026/4/21 5:34,15号桥节制闸,800
2026/4/21 5:39,15号桥节制闸,800
2026/4/21 5:44,15号桥节制闸,800
2026/4/21 5:50,15号桥节制闸,800
2026/4/21 5:55,15号桥节制闸,800
2026/4/21 6:00,15号桥节制闸,800
2026/4/21 6:05,15号桥节制闸,800
2026/4/21 6:11,15号桥节制闸,800
2026/4/21 6:16,15号桥节制闸,800
2026/4/21 6:21,15号桥节制闸,800
2026/4/21 6:26,15号桥节制闸,800
2026/4/21 6:32,15号桥节制闸,800
2026/4/21 6:37,15号桥节制闸,800
2026/4/21 6:43,15号桥节制闸,800
2026/4/21 6:48,15号桥节制闸,800
2026/4/21 6:54,15号桥节制闸,800
2026/4/21 6:59,15号桥节制闸,800
2026/4/21 7:04,15号桥节制闸,800
2026/4/21 7:10,15号桥节制闸,400
2026/4/21 7:15,15号桥节制闸,400
2026/4/21 7:20,15号桥节制闸,400
2026/4/21 7:26,15号桥节制闸,400
2026/4/21 7:31,15号桥节制闸,400
2026/4/21 7:36,15号桥节制闸,400
2026/4/21 7:41,15号桥节制闸,400
2026/4/21 7:46,15号桥节制闸,400
2026/4/21 7:52,15号桥节制闸,400
2026/4/21 7:57,15号桥节制闸,301
2026/4/21 8:02,15号桥节制闸,301
2026/4/21 8:08,15号桥节制闸,201
2026/4/21 8:13,15号桥节制闸,201
2026/4/21 8:18,15号桥节制闸,201
2026/4/21 8:24,15号桥节制闸,201
2026/4/21 8:29,15号桥节制闸,201
2026/4/21 8:34,15号桥节制闸,201
2026/4/21 8:39,15号桥节制闸,201
2026/4/21 8:45,15号桥节制闸,201
2026/4/21 8:50,15号桥节制闸,201
2026/4/21 8:55,15号桥节制闸,201
2026/4/21 9:01,15号桥节制闸,201
2026/4/21 9:06,15号桥节制闸,201
2026/4/21 9:11,15号桥节制闸,201
2026/4/21 9:17,15号桥节制闸,201
2026/4/21 9:22,15号桥节制闸,201
2026/4/21 9:28,15号桥节制闸,201
2026/4/21 9:33,15号桥节制闸,201
2026/4/21 9:38,15号桥节制闸,201
2026/4/21 9:43,15号桥节制闸,201
2026/4/21 9:49,15号桥节制闸,201
2026/4/21 9:54,15号桥节制闸,201
2026/4/21 9:59,15号桥节制闸,201
2026/4/21 10:04,15号桥节制闸,201
2026/4/21 10:10,15号桥节制闸,201
2026/4/21 10:15,15号桥节制闸,201
2026/4/21 10:21,15号桥节制闸,201
2026/4/21 10:26,15号桥节制闸,201
2026/4/21 10:31,15号桥节制闸,201
2026/4/21 10:36,15号桥节制闸,201
2026/4/21 10:42,15号桥节制闸,201
2026/4/21 10:47,15号桥节制闸,201
2026/4/21 10:53,15号桥节制闸,201
2026/4/21 10:58,15号桥节制闸,201
2026/4/21 11:03,15号桥节制闸,201
2026/4/21 11:08,15号桥节制闸,201
2026/4/21 11:14,15号桥节制闸,201
2026/4/21 11:19,15号桥节制闸,201
2026/4/21 11:24,15号桥节制闸,201
2026/4/21 11:30,15号桥节制闸,201
2026/4/21 11:35,15号桥节制闸,201
2026/4/21 11:40,15号桥节制闸,201
2026/4/21 11:45,15号桥节制闸,201
2026/4/21 11:50,15号桥节制闸,151
2026/4/21 11:55,15号桥节制闸,151
2026/4/21 12:00,15号桥节制闸,151
2026/4/21 12:06,15号桥节制闸,151
2026/4/21 12:11,15号桥节制闸,151
2026/4/21 12:16,15号桥节制闸,151
2026/4/21 12:21,15号桥节制闸,2
2026/4/21 12:27,15号桥节制闸,2
2026/4/21 12:32,15号桥节制闸,2
2026/4/21 12:38,15号桥节制闸,2
2026/4/21 12:43,15号桥节制闸,2
2026/4/21 12:49,15号桥节制闸,2
2026/4/21 12:54,15号桥节制闸,2
2026/4/21 12:59,15号桥节制闸,2
2026/4/21 13:04,15号桥节制闸,2
2026/4/21 13:10,15号桥节制闸,2
2026/4/21 13:15,15号桥节制闸,2
2026/4/21 13:21,15号桥节制闸,2
2026/4/21 13:26,15号桥节制闸,2
2026/4/21 13:31,15号桥节制闸,2
2026/4/21 13:37,15号桥节制闸,2
2026/4/21 13:42,15号桥节制闸,2
2026/4/21 13:47,15号桥节制闸,2
2026/4/21 13:53,15号桥节制闸,2
2026/4/21 13:58,15号桥节制闸,101
2026/4/21 14:03,15号桥节制闸,201
2026/4/21 14:09,15号桥节制闸,201
2026/4/21 14:14,15号桥节制闸,201
2026/4/21 14:19,15号桥节制闸,201
2026/4/21 14:25,15号桥节制闸,31
2026/4/21 14:30,15号桥节制闸,400
2026/4/21 14:36,15号桥节制闸,51
2026/4/21 14:41,15号桥节制闸,21
2026/4/21 14:46,15号桥节制闸,21
2026/4/21 14:52,15号桥节制闸,21
2026/4/21 14:57,15号桥节制闸,21
2026/4/21 15:02,15号桥节制闸,21
2026/4/21 15:08,15号桥节制闸,21
2026/4/21 15:13,15号桥节制闸,21
2026/4/21 15:18,15号桥节制闸,21
2026/4/21 15:24,15号桥节制闸,21
2026/4/21 15:29,15号桥节制闸,21
2026/4/21 15:35,15号桥节制闸,21
2026/4/21 15:40,15号桥节制闸,21
2026/4/21 15:45,15号桥节制闸,21
2026/4/21 15:51,15号桥节制闸,21
2026/4/21 15:56,15号桥节制闸,21
2026/4/21 16:01,15号桥节制闸,21
2026/4/21 16:06,15号桥节制闸,21
2026/4/21 16:11,15号桥节制闸,21
2026/4/21 16:16,15号桥节制闸,21
2026/4/21 16:22,15号桥节制闸,21
2026/4/21 16:27,15号桥节制闸,21
2026/4/21 16:32,15号桥节制闸,21
2026/4/21 16:38,15号桥节制闸,21
2026/4/21 16:43,15号桥节制闸,21
2026/4/21 16:48,15号桥节制闸,21
2026/4/21 16:53,15号桥节制闸,21
2026/4/21 16:58,15号桥节制闸,21
2026/4/21 17:03,15号桥节制闸,21
2026/4/21 17:09,15号桥节制闸,21
2026/4/21 17:14,15号桥节制闸,31
2026/4/21 17:19,15号桥节制闸,101
2026/4/21 17:25,15号桥节制闸,31
2026/4/14 0:02,一级路南节制闸,51
2026/4/14 0:07,一级路南节制闸,51
2026/4/14 0:13,一级路南节制闸,51
2026/4/14 0:18,一级路南节制闸,51
2026/4/14 0:23,一级路南节制闸,51
2026/4/14 0:29,一级路南节制闸,51
2026/4/14 0:34,一级路南节制闸,51
2026/4/14 0:40,一级路南节制闸,51
2026/4/14 0:45,一级路南节制闸,51
2026/4/14 0:51,一级路南节制闸,51
2026/4/14 0:56,一级路南节制闸,51
2026/4/14 1:02,一级路南节制闸,51
2026/4/14 1:07,一级路南节制闸,51
2026/4/14 1:13,一级路南节制闸,51
2026/4/14 1:18,一级路南节制闸,51
2026/4/14 1:24,一级路南节制闸,51
2026/4/14 1:29,一级路南节制闸,51
2026/4/14 1:35,一级路南节制闸,51
2026/4/14 1:40,一级路南节制闸,51
2026/4/14 1:46,一级路南节制闸,51
2026/4/14 1:51,一级路南节制闸,51
2026/4/14 1:57,一级路南节制闸,51
2026/4/14 2:02,一级路南节制闸,51
2026/4/14 2:07,一级路南节制闸,51
2026/4/14 2:12,一级路南节制闸,51
2026/4/14 2:18,一级路南节制闸,51
2026/4/14 2:23,一级路南节制闸,51
2026/4/14 2:29,一级路南节制闸,51
2026/4/14 2:34,一级路南节制闸,51
2026/4/14 2:39,一级路南节制闸,51
2026/4/14 2:44,一级路南节制闸,51
2026/4/14 2:50,一级路南节制闸,51
2026/4/14 2:55,一级路南节制闸,51
2026/4/14 3:01,一级路南节制闸,51
2026/4/14 3:06,一级路南节制闸,51
2026/4/14 3:11,一级路南节制闸,51
2026/4/14 3:17,一级路南节制闸,51
2026/4/14 3:22,一级路南节制闸,51
2026/4/14 3:27,一级路南节制闸,51
2026/4/14 3:32,一级路南节制闸,51
2026/4/14 3:37,一级路南节制闸,51
2026/4/14 3:42,一级路南节制闸,51
2026/4/14 3:48,一级路南节制闸,51
2026/4/14 3:53,一级路南节制闸,51
2026/4/14 3:59,一级路南节制闸,51
2026/4/14 4:04,一级路南节制闸,51
2026/4/14 4:09,一级路南节制闸,51
2026/4/14 4:14,一级路南节制闸,51
2026/4/14 4:19,一级路南节制闸,51
2026/4/14 4:25,一级路南节制闸,51
2026/4/14 4:30,一级路南节制闸,51
2026/4/14 4:35,一级路南节制闸,51
2026/4/14 4:40,一级路南节制闸,51
2026/4/14 4:45,一级路南节制闸,51
2026/4/14 4:51,一级路南节制闸,51
2026/4/14 4:56,一级路南节制闸,51
2026/4/14 5:01,一级路南节制闸,51
2026/4/14 5:06,一级路南节制闸,51
2026/4/14 5:11,一级路南节制闸,51
2026/4/14 5:17,一级路南节制闸,51
2026/4/14 5:22,一级路南节制闸,51
2026/4/14 5:27,一级路南节制闸,51
2026/4/14 5:33,一级路南节制闸,51
2026/4/14 5:38,一级路南节制闸,51
2026/4/14 5:43,一级路南节制闸,51
2026/4/14 5:48,一级路南节制闸,51
2026/4/14 5:53,一级路南节制闸,51
2026/4/14 5:59,一级路南节制闸,51
2026/4/14 6:04,一级路南节制闸,51
2026/4/14 6:09,一级路南节制闸,51
2026/4/14 6:14,一级路南节制闸,51
2026/4/14 6:19,一级路南节制闸,51
2026/4/14 6:25,一级路南节制闸,51
2026/4/14 6:30,一级路南节制闸,51
2026/4/14 6:35,一级路南节制闸,51
2026/4/14 6:41,一级路南节制闸,51
2026/4/14 6:46,一级路南节制闸,51
2026/4/14 6:52,一级路南节制闸,51
2026/4/14 6:57,一级路南节制闸,51
2026/4/14 7:03,一级路南节制闸,51
2026/4/14 7:08,一级路南节制闸,51
2026/4/14 7:14,一级路南节制闸,51
2026/4/14 7:19,一级路南节制闸,51
2026/4/14 7:25,一级路南节制闸,51
2026/4/14 7:30,一级路南节制闸,51
2026/4/14 7:35,一级路南节制闸,51
2026/4/14 7:40,一级路南节制闸,51
2026/4/14 7:45,一级路南节制闸,51
2026/4/14 7:51,一级路南节制闸,51
2026/4/14 7:56,一级路南节制闸,51
2026/4/14 8:01,一级路南节制闸,51
2026/4/14 8:07,一级路南节制闸,51
2026/4/14 8:12,一级路南节制闸,51
2026/4/14 8:18,一级路南节制闸,51
2026/4/14 8:23,一级路南节制闸,51
2026/4/14 8:28,一级路南节制闸,51
2026/4/14 8:33,一级路南节制闸,51
2026/4/14 8:38,一级路南节制闸,51
2026/4/14 8:44,一级路南节制闸,51
2026/4/14 8:49,一级路南节制闸,51
2026/4/14 8:54,一级路南节制闸,51
2026/4/14 8:59,一级路南节制闸,51
2026/4/14 9:05,一级路南节制闸,51
2026/4/14 9:10,一级路南节制闸,51
2026/4/14 9:16,一级路南节制闸,51
2026/4/14 9:21,一级路南节制闸,51
2026/4/14 9:27,一级路南节制闸,51
2026/4/14 9:32,一级路南节制闸,51
2026/4/14 9:38,一级路南节制闸,51
2026/4/14 9:43,一级路南节制闸,51
2026/4/14 9:49,一级路南节制闸,51
2026/4/14 9:54,一级路南节制闸,51
2026/4/14 10:00,一级路南节制闸,51
2026/4/14 10:05,一级路南节制闸,51
2026/4/14 10:11,一级路南节制闸,51
2026/4/14 10:16,一级路南节制闸,51
2026/4/14 10:21,一级路南节制闸,51
2026/4/14 10:26,一级路南节制闸,51
2026/4/14 10:32,一级路南节制闸,51
2026/4/14 10:37,一级路南节制闸,51
2026/4/14 10:42,一级路南节制闸,51
2026/4/14 10:47,一级路南节制闸,51
2026/4/14 10:52,一级路南节制闸,51
2026/4/14 10:58,一级路南节制闸,51
2026/4/14 11:03,一级路南节制闸,51
2026/4/14 11:08,一级路南节制闸,51
2026/4/14 11:14,一级路南节制闸,51
2026/4/14 11:19,一级路南节制闸,51
2026/4/14 11:24,一级路南节制闸,11
2026/4/14 11:29,一级路南节制闸,11
2026/4/14 11:35,一级路南节制闸,11
2026/4/14 11:40,一级路南节制闸,11
2026/4/14 11:45,一级路南节制闸,11
2026/4/14 11:50,一级路南节制闸,11
2026/4/14 11:55,一级路南节制闸,11
2026/4/14 12:01,一级路南节制闸,11
2026/4/14 12:06,一级路南节制闸,11
2026/4/14 12:11,一级路南节制闸,11
2026/4/14 12:16,一级路南节制闸,11
2026/4/14 12:22,一级路南节制闸,11
2026/4/14 12:27,一级路南节制闸,26
2026/4/14 12:33,一级路南节制闸,26
2026/4/14 12:38,一级路南节制闸,26
2026/4/14 12:44,一级路南节制闸,26
2026/4/14 12:49,一级路南节制闸,26
2026/4/14 12:55,一级路南节制闸,26
2026/4/14 13:00,一级路南节制闸,26
2026/4/14 13:05,一级路南节制闸,26
2026/4/14 13:11,一级路南节制闸,26
2026/4/14 13:16,一级路南节制闸,26
2026/4/14 13:21,一级路南节制闸,26
2026/4/14 13:27,一级路南节制闸,26
2026/4/14 13:32,一级路南节制闸,31
2026/4/14 13:37,一级路南节制闸,31
2026/4/14 13:43,一级路南节制闸,31
2026/4/14 13:48,一级路南节制闸,31
2026/4/14 13:53,一级路南节制闸,31
2026/4/14 13:58,一级路南节制闸,31
2026/4/14 14:03,一级路南节制闸,31
2026/4/14 14:09,一级路南节制闸,31
2026/4/14 14:14,一级路南节制闸,31
2026/4/14 14:20,一级路南节制闸,31
2026/4/14 14:25,一级路南节制闸,31
2026/4/14 14:30,一级路南节制闸,31
2026/4/14 14:36,一级路南节制闸,31
2026/4/14 14:41,一级路南节制闸,31
2026/4/14 14:46,一级路南节制闸,31
2026/4/14 14:51,一级路南节制闸,31
2026/4/14 14:56,一级路南节制闸,31
2026/4/14 15:01,一级路南节制闸,31
2026/4/14 15:07,一级路南节制闸,31
2026/4/14 15:12,一级路南节制闸,31
2026/4/14 15:18,一级路南节制闸,31
2026/4/14 15:23,一级路南节制闸,31
2026/4/14 15:28,一级路南节制闸,31
2026/4/14 15:34,一级路南节制闸,31
2026/4/14 15:39,一级路南节制闸,31
2026/4/14 15:44,一级路南节制闸,31
2026/4/14 15:49,一级路南节制闸,31
2026/4/14 15:55,一级路南节制闸,31
2026/4/14 16:00,一级路南节制闸,31
2026/4/14 16:06,一级路南节制闸,31
2026/4/14 16:11,一级路南节制闸,31
2026/4/14 16:16,一级路南节制闸,31
2026/4/14 16:21,一级路南节制闸,31
2026/4/14 16:26,一级路南节制闸,31
2026/4/14 16:32,一级路南节制闸,31
2026/4/14 16:54,一级路南节制闸,31
2026/4/14 16:59,一级路南节制闸,31
2026/4/14 17:05,一级路南节制闸,31
2026/4/14 17:10,一级路南节制闸,31
2026/4/14 17:15,一级路南节制闸,31
2026/4/14 17:21,一级路南节制闸,31
2026/4/14 17:26,一级路南节制闸,31
2026/4/14 17:31,一级路南节制闸,31
2026/4/14 17:37,一级路南节制闸,31
2026/4/14 17:42,一级路南节制闸,31
2026/4/14 17:47,一级路南节制闸,31
2026/4/14 17:53,一级路南节制闸,31
2026/4/14 17:58,一级路南节制闸,31
2026/4/14 18:04,一级路南节制闸,31
2026/4/14 18:09,一级路南节制闸,31
2026/4/14 18:14,一级路南节制闸,31
2026/4/14 18:19,一级路南节制闸,31
2026/4/14 18:25,一级路南节制闸,31
2026/4/14 18:30,一级路南节制闸,31
2026/4/14 18:36,一级路南节制闸,21
2026/4/14 18:41,一级路南节制闸,21
2026/4/14 18:46,一级路南节制闸,21
2026/4/14 18:51,一级路南节制闸,21
2026/4/14 18:56,一级路南节制闸,21
2026/4/14 19:02,一级路南节制闸,21
2026/4/14 19:07,一级路南节制闸,21
2026/4/14 19:13,一级路南节制闸,21
2026/4/14 19:18,一级路南节制闸,21
2026/4/14 19:23,一级路南节制闸,21
2026/4/14 19:29,一级路南节制闸,21
2026/4/14 19:34,一级路南节制闸,21
2026/4/14 19:40,一级路南节制闸,21
2026/4/14 19:45,一级路南节制闸,21
2026/4/14 19:50,一级路南节制闸,21
2026/4/14 19:55,一级路南节制闸,21
2026/4/14 20:00,一级路南节制闸,21
2026/4/14 20:06,一级路南节制闸,21
2026/4/14 20:11,一级路南节制闸,21
2026/4/14 20:16,一级路南节制闸,21
2026/4/14 20:21,一级路南节制闸,21
2026/4/14 20:27,一级路南节制闸,21
2026/4/14 20:32,一级路南节制闸,21
2026/4/14 20:37,一级路南节制闸,21
2026/4/14 20:42,一级路南节制闸,21
2026/4/14 20:48,一级路南节制闸,21
2026/4/14 20:53,一级路南节制闸,21
2026/4/14 20:59,一级路南节制闸,21
2026/4/14 21:04,一级路南节制闸,21
2026/4/14 21:09,一级路南节制闸,21
2026/4/14 21:15,一级路南节制闸,21
2026/4/14 21:20,一级路南节制闸,21
2026/4/14 21:26,一级路南节制闸,21
2026/4/14 21:31,一级路南节制闸,21
2026/4/14 21:37,一级路南节制闸,21
2026/4/14 21:42,一级路南节制闸,21
2026/4/14 21:47,一级路南节制闸,21
2026/4/14 21:53,一级路南节制闸,21
2026/4/14 21:58,一级路南节制闸,21
2026/4/14 22:03,一级路南节制闸,21
2026/4/14 22:09,一级路南节制闸,21
2026/4/14 22:14,一级路南节制闸,21
2026/4/14 22:19,一级路南节制闸,21
2026/4/14 22:24,一级路南节制闸,21
2026/4/14 22:30,一级路南节制闸,21
2026/4/14 22:35,一级路南节制闸,21
2026/4/14 22:41,一级路南节制闸,21
2026/4/14 22:46,一级路南节制闸,21
2026/4/14 22:52,一级路南节制闸,21
2026/4/14 22:57,一级路南节制闸,21
2026/4/14 23:02,一级路南节制闸,21
2026/4/14 23:08,一级路南节制闸,21
2026/4/14 23:13,一级路南节制闸,21
2026/4/14 23:19,一级路南节制闸,21
2026/4/14 23:24,一级路南节制闸,21
2026/4/14 23:29,一级路南节制闸,21
2026/4/14 23:34,一级路南节制闸,21
2026/4/14 23:40,一级路南节制闸,21
2026/4/14 23:45,一级路南节制闸,21
2026/4/14 23:50,一级路南节制闸,21
2026/4/14 23:55,一级路南节制闸,21
2026/4/15 0:00,一级路南节制闸,21
2026/4/15 0:05,一级路南节制闸,21
2026/4/15 0:11,一级路南节制闸,21
2026/4/15 0:16,一级路南节制闸,21
2026/4/15 0:21,一级路南节制闸,21
2026/4/15 0:26,一级路南节制闸,21
2026/4/15 0:32,一级路南节制闸,21
2026/4/15 0:37,一级路南节制闸,21
2026/4/15 0:42,一级路南节制闸,21
2026/4/15 0:47,一级路南节制闸,21
2026/4/15 0:52,一级路南节制闸,21
2026/4/15 0:57,一级路南节制闸,21
2026/4/15 1:03,一级路南节制闸,21
2026/4/15 1:08,一级路南节制闸,21
2026/4/15 1:14,一级路南节制闸,21
2026/4/15 1:19,一级路南节制闸,21
2026/4/15 1:24,一级路南节制闸,21
2026/4/15 1:29,一级路南节制闸,21
2026/4/15 1:34,一级路南节制闸,21
2026/4/15 1:40,一级路南节制闸,21
2026/4/15 1:45,一级路南节制闸,21
2026/4/15 1:50,一级路南节制闸,21
2026/4/15 1:55,一级路南节制闸,21
2026/4/15 2:01,一级路南节制闸,21
2026/4/15 2:06,一级路南节制闸,21
2026/4/15 2:12,一级路南节制闸,21
2026/4/15 2:17,一级路南节制闸,21
2026/4/15 2:22,一级路南节制闸,21
2026/4/15 2:27,一级路南节制闸,21
2026/4/15 2:33,一级路南节制闸,21
2026/4/15 2:38,一级路南节制闸,21
2026/4/15 2:43,一级路南节制闸,21
2026/4/15 2:49,一级路南节制闸,21
2026/4/15 2:54,一级路南节制闸,21
2026/4/15 2:59,一级路南节制闸,21
2026/4/15 3:05,一级路南节制闸,21
2026/4/15 3:10,一级路南节制闸,21
2026/4/15 3:16,一级路南节制闸,21
2026/4/15 3:21,一级路南节制闸,21
2026/4/15 3:27,一级路南节制闸,21
2026/4/15 3:32,一级路南节制闸,21
2026/4/15 3:37,一级路南节制闸,21
2026/4/15 3:43,一级路南节制闸,21
2026/4/15 3:48,一级路南节制闸,21
2026/4/15 3:53,一级路南节制闸,21
2026/4/15 3:58,一级路南节制闸,21
2026/4/15 4:03,一级路南节制闸,21
2026/4/15 4:08,一级路南节制闸,21
2026/4/15 4:14,一级路南节制闸,21
2026/4/15 4:19,一级路南节制闸,21
2026/4/15 4:24,一级路南节制闸,21
2026/4/15 4:30,一级路南节制闸,21
2026/4/15 4:35,一级路南节制闸,21
2026/4/15 4:40,一级路南节制闸,21
2026/4/15 4:46,一级路南节制闸,21
2026/4/15 4:51,一级路南节制闸,21
2026/4/15 4:57,一级路南节制闸,21
2026/4/15 5:02,一级路南节制闸,21
2026/4/15 5:07,一级路南节制闸,21
2026/4/15 5:12,一级路南节制闸,21
2026/4/15 5:17,一级路南节制闸,21
2026/4/15 5:23,一级路南节制闸,21
2026/4/15 5:28,一级路南节制闸,21
2026/4/15 5:33,一级路南节制闸,21
2026/4/15 5:39,一级路南节制闸,21
2026/4/15 5:44,一级路南节制闸,21
2026/4/15 5:49,一级路南节制闸,21
2026/4/15 5:55,一级路南节制闸,21
2026/4/15 6:00,一级路南节制闸,21
2026/4/15 6:06,一级路南节制闸,21
2026/4/15 6:11,一级路南节制闸,21
2026/4/15 6:16,一级路南节制闸,21
2026/4/15 6:22,一级路南节制闸,21
2026/4/15 6:27,一级路南节制闸,21
2026/4/15 6:32,一级路南节制闸,21
2026/4/15 6:37,一级路南节制闸,21
2026/4/15 6:43,一级路南节制闸,21
2026/4/15 6:48,一级路南节制闸,21
2026/4/15 6:53,一级路南节制闸,21
2026/4/15 6:59,一级路南节制闸,21
2026/4/15 7:04,一级路南节制闸,21
2026/4/15 7:10,一级路南节制闸,21
2026/4/15 7:15,一级路南节制闸,21
2026/4/15 7:21,一级路南节制闸,21
2026/4/15 7:26,一级路南节制闸,21
2026/4/15 7:32,一级路南节制闸,21
2026/4/15 7:37,一级路南节制闸,21
2026/4/15 7:42,一级路南节制闸,21
2026/4/15 7:48,一级路南节制闸,21
2026/4/15 7:53,一级路南节制闸,21
2026/4/15 7:58,一级路南节制闸,21
2026/4/15 8:03,一级路南节制闸,21
2026/4/15 8:09,一级路南节制闸,21
2026/4/15 8:14,一级路南节制闸,21
2026/4/15 8:20,一级路南节制闸,21
2026/4/15 8:25,一级路南节制闸,21
2026/4/15 8:30,一级路南节制闸,21
2026/4/15 8:35,一级路南节制闸,21
2026/4/15 8:41,一级路南节制闸,21
2026/4/15 8:46,一级路南节制闸,21
2026/4/15 8:52,一级路南节制闸,21
2026/4/15 8:57,一级路南节制闸,21
2026/4/15 9:03,一级路南节制闸,21
2026/4/15 9:08,一级路南节制闸,21
2026/4/15 9:14,一级路南节制闸,21
2026/4/15 9:19,一级路南节制闸,21
2026/4/15 9:24,一级路南节制闸,21
2026/4/15 9:29,一级路南节制闸,21
2026/4/15 9:34,一级路南节制闸,21
2026/4/15 9:39,一级路南节制闸,21
2026/4/15 9:45,一级路南节制闸,21
2026/4/15 9:50,一级路南节制闸,21
2026/4/15 9:56,一级路南节制闸,21
2026/4/15 10:01,一级路南节制闸,21
2026/4/15 10:06,一级路南节制闸,21
2026/4/15 10:12,一级路南节制闸,21
2026/4/15 10:17,一级路南节制闸,21
2026/4/15 10:22,一级路南节制闸,21
2026/4/15 10:27,一级路南节制闸,21
2026/4/15 10:32,一级路南节制闸,21
2026/4/15 10:37,一级路南节制闸,21
2026/4/15 10:43,一级路南节制闸,21
2026/4/15 10:48,一级路南节制闸,21
2026/4/15 10:54,一级路南节制闸,21
2026/4/15 10:59,一级路南节制闸,21
2026/4/15 11:04,一级路南节制闸,21
2026/4/15 12:05,一级路南节制闸,21
2026/4/15 12:11,一级路南节制闸,21
2026/4/15 12:16,一级路南节制闸,21
2026/4/15 12:22,一级路南节制闸,21
2026/4/15 12:27,一级路南节制闸,21
2026/4/15 12:32,一级路南节制闸,21
2026/4/15 12:38,一级路南节制闸,21
2026/4/15 12:43,一级路南节制闸,21
2026/4/15 12:48,一级路南节制闸,21
2026/4/15 12:54,一级路南节制闸,21
2026/4/15 12:59,一级路南节制闸,21
2026/4/15 13:04,一级路南节制闸,21
2026/4/15 13:10,一级路南节制闸,21
2026/4/15 13:15,一级路南节制闸,21
2026/4/15 13:20,一级路南节制闸,21
2026/4/15 13:26,一级路南节制闸,21
2026/4/15 13:31,一级路南节制闸,21
2026/4/15 13:37,一级路南节制闸,21
2026/4/15 13:42,一级路南节制闸,21
2026/4/15 13:47,一级路南节制闸,21
2026/4/15 13:53,一级路南节制闸,21
2026/4/15 13:58,一级路南节制闸,21
2026/4/15 14:04,一级路南节制闸,21
2026/4/15 14:09,一级路南节制闸,21
2026/4/15 14:15,一级路南节制闸,21
2026/4/15 14:20,一级路南节制闸,21
2026/4/15 14:25,一级路南节制闸,21
2026/4/15 14:31,一级路南节制闸,21
2026/4/15 14:36,一级路南节制闸,21
2026/4/15 14:41,一级路南节制闸,21
2026/4/15 14:47,一级路南节制闸,21
2026/4/15 14:52,一级路南节制闸,21
2026/4/15 14:57,一级路南节制闸,21
2026/4/15 15:02,一级路南节制闸,21
2026/4/15 15:08,一级路南节制闸,21
2026/4/15 15:13,一级路南节制闸,21
2026/4/15 15:18,一级路南节制闸,21
2026/4/15 15:24,一级路南节制闸,21
2026/4/15 15:29,一级路南节制闸,21
2026/4/15 15:35,一级路南节制闸,21
2026/4/15 15:40,一级路南节制闸,21
2026/4/15 15:45,一级路南节制闸,21
2026/4/15 15:51,一级路南节制闸,21
2026/4/15 15:56,一级路南节制闸,21
2026/4/15 16:01,一级路南节制闸,21
2026/4/15 16:06,一级路南节制闸,21
2026/4/15 16:12,一级路南节制闸,21
2026/4/15 16:17,一级路南节制闸,21
2026/4/15 16:22,一级路南节制闸,21
2026/4/15 16:27,一级路南节制闸,21
2026/4/15 16:33,一级路南节制闸,21
2026/4/15 16:38,一级路南节制闸,21
2026/4/15 16:43,一级路南节制闸,21
2026/4/15 16:48,一级路南节制闸,21
2026/4/15 16:54,一级路南节制闸,21
2026/4/15 16:59,一级路南节制闸,21
2026/4/15 17:04,一级路南节制闸,21
2026/4/15 17:10,一级路南节制闸,21
2026/4/15 17:15,一级路南节制闸,21
2026/4/15 17:20,一级路南节制闸,21
2026/4/15 17:26,一级路南节制闸,21
2026/4/15 17:31,一级路南节制闸,21
2026/4/15 17:37,一级路南节制闸,21
2026/4/15 17:42,一级路南节制闸,21
2026/4/15 17:47,一级路南节制闸,21
2026/4/15 17:52,一级路南节制闸,21
2026/4/15 17:58,一级路南节制闸,21
2026/4/15 18:03,一级路南节制闸,21
2026/4/15 18:08,一级路南节制闸,21
2026/4/15 18:14,一级路南节制闸,21
2026/4/15 18:19,一级路南节制闸,21
2026/4/15 18:25,一级路南节制闸,21
2026/4/15 18:30,一级路南节制闸,21
2026/4/15 18:35,一级路南节制闸,21
2026/4/15 18:41,一级路南节制闸,21
2026/4/15 18:46,一级路南节制闸,21
2026/4/15 18:51,一级路南节制闸,31
2026/4/15 18:56,一级路南节制闸,31
2026/4/15 19:02,一级路南节制闸,31
2026/4/15 19:07,一级路南节制闸,31
2026/4/15 19:13,一级路南节制闸,31
2026/4/15 19:18,一级路南节制闸,31
2026/4/15 19:24,一级路南节制闸,31
2026/4/15 19:29,一级路南节制闸,31
2026/4/15 19:34,一级路南节制闸,31
2026/4/15 19:40,一级路南节制闸,31
2026/4/15 19:45,一级路南节制闸,31
2026/4/15 19:50,一级路南节制闸,31
2026/4/15 19:56,一级路南节制闸,31
2026/4/15 20:01,一级路南节制闸,61
2026/4/15 20:06,一级路南节制闸,31
2026/4/15 20:12,一级路南节制闸,31
2026/4/15 20:17,一级路南节制闸,31
2026/4/15 20:23,一级路南节制闸,31
2026/4/15 20:28,一级路南节制闸,31
2026/4/15 20:33,一级路南节制闸,31
2026/4/15 20:39,一级路南节制闸,31
2026/4/15 20:44,一级路南节制闸,31
2026/4/15 20:49,一级路南节制闸,31
2026/4/15 20:55,一级路南节制闸,31
2026/4/15 21:00,一级路南节制闸,31
2026/4/15 21:05,一级路南节制闸,31
2026/4/15 21:11,一级路南节制闸,31
2026/4/15 21:16,一级路南节制闸,31
2026/4/15 21:22,一级路南节制闸,31
2026/4/15 21:27,一级路南节制闸,31
2026/4/15 21:32,一级路南节制闸,31
2026/4/15 21:38,一级路南节制闸,31
2026/4/15 21:43,一级路南节制闸,31
2026/4/15 21:48,一级路南节制闸,31
2026/4/15 21:54,一级路南节制闸,31
2026/4/15 21:59,一级路南节制闸,31
2026/4/15 22:04,一级路南节制闸,31
2026/4/15 22:10,一级路南节制闸,31
2026/4/15 22:15,一级路南节制闸,31
2026/4/15 22:21,一级路南节制闸,31
2026/4/15 22:26,一级路南节制闸,31
2026/4/15 22:31,一级路南节制闸,31
2026/4/15 22:36,一级路南节制闸,31
2026/4/15 22:42,一级路南节制闸,31
2026/4/15 22:47,一级路南节制闸,28
2026/4/15 22:53,一级路南节制闸,28
2026/4/15 22:58,一级路南节制闸,28
2026/4/15 23:03,一级路南节制闸,28
2026/4/15 23:09,一级路南节制闸,28
2026/4/15 23:15,一级路南节制闸,28
2026/4/15 23:20,一级路南节制闸,28
2026/4/15 23:25,一级路南节制闸,28
2026/4/15 23:30,一级路南节制闸,28
2026/4/15 23:36,一级路南节制闸,28
2026/4/15 23:41,一级路南节制闸,28
2026/4/15 23:46,一级路南节制闸,28
2026/4/15 23:52,一级路南节制闸,28
2026/4/15 23:57,一级路南节制闸,28
2026/4/16 0:02,一级路南节制闸,28
2026/4/16 0:08,一级路南节制闸,28
2026/4/16 0:13,一级路南节制闸,28
2026/4/16 0:19,一级路南节制闸,28
2026/4/16 0:24,一级路南节制闸,28
2026/4/16 0:30,一级路南节制闸,28
2026/4/16 0:35,一级路南节制闸,28
2026/4/16 0:40,一级路南节制闸,28
2026/4/16 0:46,一级路南节制闸,28
2026/4/16 0:51,一级路南节制闸,28
2026/4/16 0:57,一级路南节制闸,28
2026/4/16 1:02,一级路南节制闸,28
2026/4/16 1:07,一级路南节制闸,28
2026/4/16 1:12,一级路南节制闸,28
2026/4/16 1:17,一级路南节制闸,28
2026/4/16 1:22,一级路南节制闸,28
2026/4/16 1:28,一级路南节制闸,28
2026/4/16 1:33,一级路南节制闸,28
2026/4/16 1:39,一级路南节制闸,28
2026/4/16 1:44,一级路南节制闸,28
2026/4/16 1:49,一级路南节制闸,28
2026/4/16 1:55,一级路南节制闸,28
2026/4/16 2:00,一级路南节制闸,28
2026/4/16 2:05,一级路南节制闸,28
2026/4/16 2:11,一级路南节制闸,28
2026/4/16 2:16,一级路南节制闸,28
2026/4/16 2:21,一级路南节制闸,28
2026/4/16 2:26,一级路南节制闸,28
2026/4/16 2:31,一级路南节制闸,28
2026/4/16 2:37,一级路南节制闸,28
2026/4/16 2:42,一级路南节制闸,28
2026/4/16 2:47,一级路南节制闸,28
2026/4/16 2:52,一级路南节制闸,28
2026/4/16 2:58,一级路南节制闸,28
2026/4/16 3:03,一级路南节制闸,28
2026/4/16 3:09,一级路南节制闸,28
2026/4/16 3:14,一级路南节制闸,28
2026/4/16 3:20,一级路南节制闸,28
2026/4/16 3:25,一级路南节制闸,28
2026/4/16 3:31,一级路南节制闸,28
2026/4/16 3:36,一级路南节制闸,28
2026/4/16 3:41,一级路南节制闸,28
2026/4/16 3:47,一级路南节制闸,28
2026/4/16 3:52,一级路南节制闸,28
2026/4/16 3:57,一级路南节制闸,28
2026/4/16 4:02,一级路南节制闸,2
2026/4/16 4:08,一级路南节制闸,2
2026/4/16 4:13,一级路南节制闸,2
2026/4/16 4:18,一级路南节制闸,2
2026/4/16 4:23,一级路南节制闸,2
2026/4/16 4:29,一级路南节制闸,2
2026/4/16 4:34,一级路南节制闸,2
2026/4/16 4:39,一级路南节制闸,2
2026/4/16 4:44,一级路南节制闸,2
2026/4/16 4:49,一级路南节制闸,2
2026/4/16 4:55,一级路南节制闸,2
2026/4/16 5:00,一级路南节制闸,2
2026/4/16 5:06,一级路南节制闸,2
2026/4/16 5:11,一级路南节制闸,2
2026/4/16 5:16,一级路南节制闸,2
2026/4/16 5:22,一级路南节制闸,2
2026/4/16 5:27,一级路南节制闸,2
2026/4/16 5:32,一级路南节制闸,2
2026/4/16 5:37,一级路南节制闸,2
2026/4/16 5:43,一级路南节制闸,2
2026/4/16 5:48,一级路南节制闸,2
2026/4/16 5:53,一级路南节制闸,2
2026/4/16 5:59,一级路南节制闸,2
2026/4/16 6:04,一级路南节制闸,2
2026/4/16 6:09,一级路南节制闸,2
2026/4/16 6:14,一级路南节制闸,2
2026/4/16 6:19,一级路南节制闸,2
2026/4/16 6:25,一级路南节制闸,2
2026/4/16 6:30,一级路南节制闸,2
2026/4/16 6:36,一级路南节制闸,2
2026/4/16 6:41,一级路南节制闸,2
2026/4/16 6:46,一级路南节制闸,2
2026/4/16 6:51,一级路南节制闸,2
2026/4/16 6:57,一级路南节制闸,2
2026/4/16 7:02,一级路南节制闸,2
2026/4/16 7:08,一级路南节制闸,2
2026/4/16 7:13,一级路南节制闸,2
2026/4/16 7:19,一级路南节制闸,2
2026/4/16 7:24,一级路南节制闸,2
2026/4/16 7:29,一级路南节制闸,2
2026/4/16 7:35,一级路南节制闸,2
2026/4/16 7:40,一级路南节制闸,2
2026/4/16 7:45,一级路南节制闸,2
2026/4/16 7:50,一级路南节制闸,2
2026/4/16 7:55,一级路南节制闸,2
2026/4/16 8:01,一级路南节制闸,2
2026/4/16 8:06,一级路南节制闸,2
2026/4/16 8:11,一级路南节制闸,2
2026/4/16 8:16,一级路南节制闸,2
2026/4/16 8:21,一级路南节制闸,2
2026/4/16 8:27,一级路南节制闸,2
2026/4/16 8:32,一级路南节制闸,2
2026/4/16 8:38,一级路南节制闸,2
2026/4/16 8:43,一级路南节制闸,2
2026/4/16 8:48,一级路南节制闸,2
2026/4/16 8:53,一级路南节制闸,2
2026/4/16 8:59,一级路南节制闸,2
2026/4/16 9:04,一级路南节制闸,2
2026/4/16 9:09,一级路南节制闸,2
2026/4/16 9:14,一级路南节制闸,2
2026/4/16 9:20,一级路南节制闸,2
2026/4/16 9:25,一级路南节制闸,2
2026/4/16 9:31,一级路南节制闸,2
2026/4/16 9:36,一级路南节制闸,2
2026/4/16 9:42,一级路南节制闸,2
2026/4/16 9:47,一级路南节制闸,2
2026/4/16 9:52,一级路南节制闸,2
2026/4/16 9:58,一级路南节制闸,2
2026/4/16 10:03,一级路南节制闸,2
2026/4/16 10:08,一级路南节制闸,2
2026/4/16 10:14,一级路南节制闸,2
2026/4/16 10:19,一级路南节制闸,2
2026/4/16 10:24,一级路南节制闸,2
2026/4/16 10:30,一级路南节制闸,2
2026/4/16 10:35,一级路南节制闸,2
2026/4/16 10:41,一级路南节制闸,2
2026/4/16 10:46,一级路南节制闸,2
2026/4/16 10:51,一级路南节制闸,2
2026/4/16 10:57,一级路南节制闸,2
2026/4/16 11:02,一级路南节制闸,2
2026/4/16 11:07,一级路南节制闸,2
2026/4/16 11:13,一级路南节制闸,2
2026/4/16 11:18,一级路南节制闸,2
2026/4/16 11:23,一级路南节制闸,2
2026/4/16 11:29,一级路南节制闸,2
2026/4/16 11:34,一级路南节制闸,2
2026/4/16 11:40,一级路南节制闸,2
2026/4/16 11:45,一级路南节制闸,2
2026/4/16 11:51,一级路南节制闸,2
2026/4/16 11:56,一级路南节制闸,2
2026/4/16 12:01,一级路南节制闸,2
2026/4/16 12:06,一级路南节制闸,2
2026/4/16 12:12,一级路南节制闸,2
2026/4/16 12:17,一级路南节制闸,2
2026/4/16 12:22,一级路南节制闸,2
2026/4/16 12:28,一级路南节制闸,2
2026/4/16 12:33,一级路南节制闸,2
2026/4/16 12:38,一级路南节制闸,2
2026/4/16 12:43,一级路南节制闸,2
2026/4/16 12:48,一级路南节制闸,2
2026/4/16 12:53,一级路南节制闸,2
2026/4/16 12:59,一级路南节制闸,2
2026/4/16 13:04,一级路南节制闸,2
2026/4/16 13:09,一级路南节制闸,2
2026/4/16 13:14,一级路南节制闸,2
2026/4/16 13:20,一级路南节制闸,2
2026/4/16 13:25,一级路南节制闸,2
2026/4/16 13:30,一级路南节制闸,2
2026/4/16 13:36,一级路南节制闸,2
2026/4/16 13:41,一级路南节制闸,2
2026/4/16 13:46,一级路南节制闸,2
2026/4/16 13:51,一级路南节制闸,2
2026/4/16 13:57,一级路南节制闸,2
2026/4/16 14:02,一级路南节制闸,2
2026/4/16 14:07,一级路南节制闸,2
2026/4/16 14:13,一级路南节制闸,2
2026/4/16 14:18,一级路南节制闸,2
2026/4/16 14:24,一级路南节制闸,2
2026/4/16 14:29,一级路南节制闸,2
2026/4/16 14:34,一级路南节制闸,2
2026/4/16 14:39,一级路南节制闸,2
2026/4/16 14:44,一级路南节制闸,2
2026/4/16 14:50,一级路南节制闸,2
2026/4/16 14:55,一级路南节制闸,2
2026/4/16 15:00,一级路南节制闸,2
2026/4/16 15:05,一级路南节制闸,2
2026/4/16 15:11,一级路南节制闸,2
2026/4/16 15:16,一级路南节制闸,2
2026/4/16 15:21,一级路南节制闸,2
2026/4/16 15:26,一级路南节制闸,2
2026/4/16 15:32,一级路南节制闸,2
2026/4/16 15:37,一级路南节制闸,2
2026/4/16 15:42,一级路南节制闸,2
2026/4/16 15:47,一级路南节制闸,2
2026/4/16 15:52,一级路南节制闸,2
2026/4/16 15:58,一级路南节制闸,2
2026/4/16 16:03,一级路南节制闸,2
2026/4/16 16:08,一级路南节制闸,2
2026/4/16 16:13,一级路南节制闸,2
2026/4/16 16:18,一级路南节制闸,2
2026/4/16 16:24,一级路南节制闸,2
2026/4/16 16:29,一级路南节制闸,2
2026/4/16 16:34,一级路南节制闸,2
2026/4/16 16:40,一级路南节制闸,2
2026/4/16 16:45,一级路南节制闸,2
2026/4/16 16:51,一级路南节制闸,2
2026/4/16 16:56,一级路南节制闸,2
2026/4/16 17:01,一级路南节制闸,2
2026/4/16 17:07,一级路南节制闸,2
2026/4/16 17:12,一级路南节制闸,2
2026/4/16 17:18,一级路南节制闸,2
2026/4/16 17:23,一级路南节制闸,2
2026/4/16 17:28,一级路南节制闸,2
2026/4/16 17:33,一级路南节制闸,2
2026/4/16 17:38,一级路南节制闸,2
2026/4/16 17:44,一级路南节制闸,2
2026/4/16 17:49,一级路南节制闸,2
2026/4/16 17:54,一级路南节制闸,2
2026/4/16 17:59,一级路南节制闸,2
2026/4/16 18:05,一级路南节制闸,2
2026/4/16 18:10,一级路南节制闸,2
2026/4/16 18:15,一级路南节制闸,2
2026/4/16 18:21,一级路南节制闸,2
2026/4/16 18:26,一级路南节制闸,2
2026/4/16 18:31,一级路南节制闸,2
2026/4/16 18:36,一级路南节制闸,2
2026/4/16 18:41,一级路南节制闸,2
2026/4/16 18:47,一级路南节制闸,2
2026/4/16 18:52,一级路南节制闸,2
2026/4/16 18:57,一级路南节制闸,2
2026/4/16 19:02,一级路南节制闸,2
2026/4/16 19:08,一级路南节制闸,2
2026/4/16 19:13,一级路南节制闸,2
2026/4/16 19:18,一级路南节制闸,2
2026/4/16 19:24,一级路南节制闸,2
2026/4/16 19:29,一级路南节制闸,2
2026/4/16 19:34,一级路南节制闸,2
2026/4/16 19:39,一级路南节制闸,2
2026/4/16 19:44,一级路南节制闸,2
2026/4/16 19:49,一级路南节制闸,2
2026/4/16 19:54,一级路南节制闸,2
2026/4/16 20:00,一级路南节制闸,2
2026/4/16 20:05,一级路南节制闸,2
2026/4/16 20:10,一级路南节制闸,2
2026/4/16 20:16,一级路南节制闸,2
2026/4/16 20:21,一级路南节制闸,2
2026/4/16 20:26,一级路南节制闸,2
2026/4/16 20:32,一级路南节制闸,2
2026/4/16 20:37,一级路南节制闸,2
2026/4/16 20:42,一级路南节制闸,2
2026/4/16 20:48,一级路南节制闸,2
2026/4/16 20:53,一级路南节制闸,2
2026/4/16 20:58,一级路南节制闸,2
2026/4/16 21:04,一级路南节制闸,2
2026/4/16 21:09,一级路南节制闸,2
2026/4/16 21:14,一级路南节制闸,2
2026/4/16 21:19,一级路南节制闸,2
2026/4/16 21:24,一级路南节制闸,2
2026/4/16 21:29,一级路南节制闸,2
2026/4/16 21:35,一级路南节制闸,2
2026/4/16 21:40,一级路南节制闸,2
2026/4/16 21:45,一级路南节制闸,2
2026/4/16 21:50,一级路南节制闸,2
2026/4/16 21:56,一级路南节制闸,2
2026/4/16 22:01,一级路南节制闸,2
2026/4/16 22:07,一级路南节制闸,2
2026/4/16 22:12,一级路南节制闸,2
2026/4/16 22:18,一级路南节制闸,2
2026/4/16 22:23,一级路南节制闸,2
2026/4/16 22:28,一级路南节制闸,2
2026/4/16 22:34,一级路南节制闸,2
2026/4/16 22:39,一级路南节制闸,2
2026/4/16 22:45,一级路南节制闸,2
2026/4/16 22:50,一级路南节制闸,2
2026/4/16 22:55,一级路南节制闸,2
2026/4/16 23:00,一级路南节制闸,2
2026/4/16 23:04,一级路南节制闸,2
2026/4/16 23:11,一级路南节制闸,2
2026/4/16 23:17,一级路南节制闸,2
2026/4/16 23:22,一级路南节制闸,501
2026/4/16 23:27,一级路南节制闸,501
2026/4/16 23:33,一级路南节制闸,501
2026/4/16 23:38,一级路南节制闸,501
2026/4/16 23:44,一级路南节制闸,501
2026/4/16 23:49,一级路南节制闸,501
2026/4/16 23:54,一级路南节制闸,501
2026/4/17 0:00,一级路南节制闸,501
2026/4/17 0:05,一级路南节制闸,501
2026/4/17 0:11,一级路南节制闸,501
2026/4/17 0:16,一级路南节制闸,501
2026/4/17 0:21,一级路南节制闸,501
2026/4/17 0:26,一级路南节制闸,501
2026/4/17 0:32,一级路南节制闸,501
2026/4/17 0:37,一级路南节制闸,501
2026/4/17 0:42,一级路南节制闸,501
2026/4/17 0:47,一级路南节制闸,501
2026/4/17 0:53,一级路南节制闸,501
2026/4/17 0:58,一级路南节制闸,501
2026/4/17 1:04,一级路南节制闸,201
2026/4/17 1:09,一级路南节制闸,201
2026/4/17 1:14,一级路南节制闸,201
2026/4/17 1:20,一级路南节制闸,201
2026/4/17 1:25,一级路南节制闸,201
2026/4/17 1:31,一级路南节制闸,201
2026/4/17 1:36,一级路南节制闸,201
2026/4/17 1:41,一级路南节制闸,201
2026/4/17 1:46,一级路南节制闸,301
2026/4/17 1:52,一级路南节制闸,301
2026/4/17 1:57,一级路南节制闸,301
2026/4/17 2:02,一级路南节制闸,301
2026/4/17 2:08,一级路南节制闸,301
2026/4/17 2:13,一级路南节制闸,301
2026/4/17 2:18,一级路南节制闸,301
2026/4/17 2:23,一级路南节制闸,301
2026/4/17 2:28,一级路南节制闸,501
2026/4/17 2:33,一级路南节制闸,1000
2026/4/17 2:38,一级路南节制闸,1000
2026/4/17 2:44,一级路南节制闸,1000
2026/4/17 2:49,一级路南节制闸,1000
2026/4/17 2:54,一级路南节制闸,1000
2026/4/17 2:59,一级路南节制闸,1000
2026/4/17 3:05,一级路南节制闸,1000
2026/4/17 3:10,一级路南节制闸,1000
2026/4/17 3:16,一级路南节制闸,1000
2026/4/17 3:21,一级路南节制闸,1000
2026/4/17 3:26,一级路南节制闸,1000
2026/4/17 3:31,一级路南节制闸,1000
2026/4/17 3:37,一级路南节制闸,1000
2026/4/17 3:42,一级路南节制闸,1000
2026/4/17 3:48,一级路南节制闸,1000
2026/4/17 3:53,一级路南节制闸,1000
2026/4/17 3:58,一级路南节制闸,1000
2026/4/17 4:04,一级路南节制闸,1000
2026/4/17 4:09,一级路南节制闸,1000
2026/4/17 4:14,一级路南节制闸,1000
2026/4/17 4:19,一级路南节制闸,1000
2026/4/17 4:25,一级路南节制闸,1000
2026/4/17 4:30,一级路南节制闸,1000
2026/4/17 4:35,一级路南节制闸,1000
2026/4/17 4:41,一级路南节制闸,1000
2026/4/17 4:46,一级路南节制闸,1000
2026/4/17 4:51,一级路南节制闸,1000
2026/4/17 4:57,一级路南节制闸,1000
2026/4/17 5:02,一级路南节制闸,501
2026/4/17 5:07,一级路南节制闸,301
2026/4/17 5:13,一级路南节制闸,201
2026/4/17 5:18,一级路南节制闸,201
2026/4/17 5:24,一级路南节制闸,201
2026/4/17 5:29,一级路南节制闸,201
2026/4/17 5:34,一级路南节制闸,201
2026/4/17 5:40,一级路南节制闸,201
2026/4/17 5:45,一级路南节制闸,201
2026/4/17 5:50,一级路南节制闸,201
2026/4/17 5:56,一级路南节制闸,201
2026/4/17 6:01,一级路南节制闸,201
2026/4/17 6:06,一级路南节制闸,201
2026/4/17 6:11,一级路南节制闸,201
2026/4/17 6:17,一级路南节制闸,201
2026/4/17 6:22,一级路南节制闸,201
2026/4/17 6:27,一级路南节制闸,201
2026/4/17 6:32,一级路南节制闸,201
2026/4/17 6:38,一级路南节制闸,201
2026/4/17 6:43,一级路南节制闸,201
2026/4/17 6:48,一级路南节制闸,301
2026/4/17 6:54,一级路南节制闸,301
2026/4/17 6:59,一级路南节制闸,301
2026/4/17 7:05,一级路南节制闸,301
2026/4/17 7:10,一级路南节制闸,301
2026/4/17 7:15,一级路南节制闸,301
2026/4/17 7:20,一级路南节制闸,301
2026/4/17 7:26,一级路南节制闸,301
2026/4/17 7:31,一级路南节制闸,301
2026/4/17 7:36,一级路南节制闸,301
2026/4/17 7:41,一级路南节制闸,301
2026/4/17 7:46,一级路南节制闸,301
2026/4/17 7:51,一级路南节制闸,301
2026/4/17 7:57,一级路南节制闸,301
2026/4/17 8:02,一级路南节制闸,301
2026/4/17 8:07,一级路南节制闸,301
2026/4/17 8:13,一级路南节制闸,301
2026/4/17 8:18,一级路南节制闸,301
2026/4/17 8:23,一级路南节制闸,301
2026/4/17 8:29,一级路南节制闸,301
2026/4/17 8:34,一级路南节制闸,301
2026/4/17 8:39,一级路南节制闸,301
2026/4/17 8:44,一级路南节制闸,301
2026/4/17 8:50,一级路南节制闸,301
2026/4/17 8:55,一级路南节制闸,301
2026/4/17 9:01,一级路南节制闸,301
2026/4/17 9:06,一级路南节制闸,301
2026/4/17 9:11,一级路南节制闸,301
2026/4/17 9:17,一级路南节制闸,301
2026/4/17 9:22,一级路南节制闸,301
2026/4/17 9:27,一级路南节制闸,301
2026/4/17 9:33,一级路南节制闸,301
2026/4/17 9:38,一级路南节制闸,301
2026/4/17 9:43,一级路南节制闸,301
2026/4/17 9:48,一级路南节制闸,301
2026/4/17 9:54,一级路南节制闸,301
2026/4/17 9:59,一级路南节制闸,301
2026/4/17 10:04,一级路南节制闸,301
2026/4/17 10:10,一级路南节制闸,301
2026/4/17 10:15,一级路南节制闸,301
2026/4/17 10:21,一级路南节制闸,301
2026/4/17 10:26,一级路南节制闸,301
2026/4/17 10:31,一级路南节制闸,301
2026/4/17 10:37,一级路南节制闸,301
2026/4/17 10:42,一级路南节制闸,301
2026/4/17 10:47,一级路南节制闸,301
2026/4/17 10:52,一级路南节制闸,301
2026/4/17 10:58,一级路南节制闸,301
2026/4/17 11:03,一级路南节制闸,301
2026/4/17 11:08,一级路南节制闸,301
2026/4/17 11:13,一级路南节制闸,301
2026/4/17 11:19,一级路南节制闸,301
2026/4/17 11:24,一级路南节制闸,301
2026/4/17 11:29,一级路南节制闸,301
2026/4/17 11:35,一级路南节制闸,301
2026/4/17 11:40,一级路南节制闸,301
2026/4/17 11:45,一级路南节制闸,301
2026/4/17 11:51,一级路南节制闸,301
2026/4/17 11:56,一级路南节制闸,301
2026/4/17 12:01,一级路南节制闸,301
2026/4/17 12:07,一级路南节制闸,301
2026/4/17 12:12,一级路南节制闸,301
2026/4/17 12:17,一级路南节制闸,301
2026/4/17 12:22,一级路南节制闸,301
2026/4/17 12:27,一级路南节制闸,301
2026/4/17 12:32,一级路南节制闸,301
2026/4/17 12:37,一级路南节制闸,301
2026/4/17 12:43,一级路南节制闸,301
2026/4/17 12:48,一级路南节制闸,301
2026/4/17 12:54,一级路南节制闸,301
2026/4/17 12:59,一级路南节制闸,301
2026/4/17 13:04,一级路南节制闸,301
2026/4/17 13:10,一级路南节制闸,301
2026/4/17 13:15,一级路南节制闸,301
2026/4/17 13:20,一级路南节制闸,301
2026/4/17 13:26,一级路南节制闸,301
2026/4/17 13:31,一级路南节制闸,301
2026/4/17 13:36,一级路南节制闸,301
2026/4/17 13:42,一级路南节制闸,301
2026/4/17 13:47,一级路南节制闸,301
2026/4/17 13:52,一级路南节制闸,301
2026/4/17 13:57,一级路南节制闸,301
2026/4/17 14:03,一级路南节制闸,301
2026/4/17 14:08,一级路南节制闸,301
2026/4/17 14:13,一级路南节制闸,301
2026/4/17 14:18,一级路南节制闸,301
2026/4/17 14:23,一级路南节制闸,301
2026/4/17 14:29,一级路南节制闸,301
2026/4/17 14:34,一级路南节制闸,301
2026/4/17 14:39,一级路南节制闸,301
2026/4/17 14:44,一级路南节制闸,301
2026/4/17 14:49,一级路南节制闸,301
2026/4/17 14:55,一级路南节制闸,301
2026/4/17 15:00,一级路南节制闸,301
2026/4/17 15:06,一级路南节制闸,301
2026/4/17 15:11,一级路南节制闸,301
2026/4/17 15:16,一级路南节制闸,301
2026/4/17 15:22,一级路南节制闸,301
2026/4/17 15:27,一级路南节制闸,301
2026/4/17 15:32,一级路南节制闸,301
2026/4/17 15:37,一级路南节制闸,301
2026/4/17 15:43,一级路南节制闸,301
2026/4/17 15:48,一级路南节制闸,301
2026/4/17 15:54,一级路南节制闸,301
2026/4/17 15:59,一级路南节制闸,301
2026/4/17 16:05,一级路南节制闸,301
2026/4/17 16:10,一级路南节制闸,301
2026/4/17 16:15,一级路南节制闸,301
2026/4/17 16:20,一级路南节制闸,301
2026/4/17 16:25,一级路南节制闸,301
2026/4/17 16:31,一级路南节制闸,301
2026/4/17 16:36,一级路南节制闸,301
2026/4/17 16:41,一级路南节制闸,301
2026/4/17 16:46,一级路南节制闸,301
2026/4/17 16:51,一级路南节制闸,301
2026/4/17 16:57,一级路南节制闸,301
2026/4/17 17:02,一级路南节制闸,301
2026/4/17 17:07,一级路南节制闸,301
2026/4/17 17:12,一级路南节制闸,301
2026/4/17 17:18,一级路南节制闸,301
2026/4/17 17:23,一级路南节制闸,301
2026/4/17 17:28,一级路南节制闸,301
2026/4/17 17:33,一级路南节制闸,301
2026/4/17 17:38,一级路南节制闸,301
2026/4/17 17:43,一级路南节制闸,301
2026/4/17 17:48,一级路南节制闸,301
2026/4/17 17:54,一级路南节制闸,301
2026/4/17 17:59,一级路南节制闸,301
2026/4/17 18:05,一级路南节制闸,301
2026/4/17 18:10,一级路南节制闸,301
2026/4/17 18:15,一级路南节制闸,301
2026/4/17 18:21,一级路南节制闸,301
2026/4/17 18:26,一级路南节制闸,301
2026/4/17 18:32,一级路南节制闸,301
2026/4/17 18:37,一级路南节制闸,301
2026/4/17 18:42,一级路南节制闸,301
2026/4/17 18:47,一级路南节制闸,301
2026/4/17 18:53,一级路南节制闸,301
2026/4/17 18:58,一级路南节制闸,301
2026/4/17 19:03,一级路南节制闸,301
2026/4/17 19:09,一级路南节制闸,301
2026/4/17 19:14,一级路南节制闸,301
2026/4/17 19:19,一级路南节制闸,301
2026/4/17 19:24,一级路南节制闸,301
2026/4/17 19:29,一级路南节制闸,301
2026/4/17 19:35,一级路南节制闸,301
2026/4/17 19:40,一级路南节制闸,301
2026/4/17 19:46,一级路南节制闸,301
2026/4/17 19:51,一级路南节制闸,301
2026/4/17 19:57,一级路南节制闸,301
2026/4/17 20:02,一级路南节制闸,301
2026/4/17 20:07,一级路南节制闸,301
2026/4/17 20:12,一级路南节制闸,301
2026/4/17 20:18,一级路南节制闸,301
2026/4/17 20:23,一级路南节制闸,301
2026/4/17 20:28,一级路南节制闸,301
2026/4/17 20:33,一级路南节制闸,301
2026/4/17 20:38,一级路南节制闸,301
2026/4/17 20:43,一级路南节制闸,301
2026/4/17 20:48,一级路南节制闸,301
2026/4/17 20:54,一级路南节制闸,301
2026/4/17 20:59,一级路南节制闸,301
2026/4/17 21:05,一级路南节制闸,301
2026/4/17 21:10,一级路南节制闸,301
2026/4/17 21:15,一级路南节制闸,301
2026/4/17 21:21,一级路南节制闸,301
2026/4/17 21:26,一级路南节制闸,301
2026/4/17 21:32,一级路南节制闸,301
2026/4/17 21:37,一级路南节制闸,301
2026/4/17 21:43,一级路南节制闸,301
2026/4/17 21:48,一级路南节制闸,301
2026/4/17 21:53,一级路南节制闸,301
2026/4/17 21:59,一级路南节制闸,301
2026/4/17 22:04,一级路南节制闸,301
2026/4/17 22:10,一级路南节制闸,301
2026/4/17 22:15,一级路南节制闸,301
2026/4/17 22:20,一级路南节制闸,301
2026/4/17 22:26,一级路南节制闸,301
2026/4/17 22:31,一级路南节制闸,301
2026/4/17 22:36,一级路南节制闸,301
2026/4/17 22:41,一级路南节制闸,301
2026/4/17 22:47,一级路南节制闸,301
2026/4/17 22:52,一级路南节制闸,301
2026/4/17 22:58,一级路南节制闸,301
2026/4/17 23:02,一级路南节制闸,301
2026/4/17 23:08,一级路南节制闸,301
2026/4/17 23:14,一级路南节制闸,301
2026/4/17 23:19,一级路南节制闸,301
2026/4/17 23:24,一级路南节制闸,301
2026/4/17 23:30,一级路南节制闸,301
2026/4/17 23:35,一级路南节制闸,301
2026/4/17 23:40,一级路南节制闸,301
2026/4/17 23:45,一级路南节制闸,301
2026/4/17 23:51,一级路南节制闸,301
2026/4/17 23:56,一级路南节制闸,301
2026/4/18 0:02,一级路南节制闸,301
2026/4/18 0:07,一级路南节制闸,301
2026/4/18 0:12,一级路南节制闸,301
2026/4/18 0:18,一级路南节制闸,301
2026/4/18 0:23,一级路南节制闸,301
2026/4/18 0:29,一级路南节制闸,301
2026/4/18 0:34,一级路南节制闸,301
2026/4/18 0:39,一级路南节制闸,301
2026/4/18 0:44,一级路南节制闸,301
2026/4/18 0:50,一级路南节制闸,301
2026/4/18 0:55,一级路南节制闸,301
2026/4/18 1:00,一级路南节制闸,301
2026/4/18 1:02,一级路南节制闸,301
2026/4/18 1:11,一级路南节制闸,301
2026/4/18 1:16,一级路南节制闸,301
2026/4/18 1:21,一级路南节制闸,301
2026/4/18 1:26,一级路南节制闸,301
2026/4/18 1:31,一级路南节制闸,301
2026/4/18 1:37,一级路南节制闸,301
2026/4/18 1:42,一级路南节制闸,301
2026/4/18 1:47,一级路南节制闸,301
2026/4/18 1:52,一级路南节制闸,301
2026/4/18 1:57,一级路南节制闸,301
2026/4/18 2:03,一级路南节制闸,301
2026/4/18 2:08,一级路南节制闸,301
2026/4/18 2:13,一级路南节制闸,301
2026/4/18 2:19,一级路南节制闸,301
2026/4/18 2:24,一级路南节制闸,301
2026/4/18 2:30,一级路南节制闸,301
2026/4/18 2:35,一级路南节制闸,301
2026/4/18 2:40,一级路南节制闸,301
2026/4/18 2:46,一级路南节制闸,301
2026/4/18 2:51,一级路南节制闸,301
2026/4/18 2:56,一级路南节制闸,301
2026/4/18 3:01,一级路南节制闸,301
2026/4/18 3:06,一级路南节制闸,301
2026/4/18 3:12,一级路南节制闸,301
2026/4/18 3:17,一级路南节制闸,301
2026/4/18 3:22,一级路南节制闸,301
2026/4/18 3:27,一级路南节制闸,301
2026/4/18 3:33,一级路南节制闸,301
2026/4/18 3:38,一级路南节制闸,301
2026/4/18 3:43,一级路南节制闸,301
2026/4/18 3:48,一级路南节制闸,301
2026/4/18 3:54,一级路南节制闸,301
2026/4/18 3:59,一级路南节制闸,301
2026/4/18 4:05,一级路南节制闸,301
2026/4/18 4:10,一级路南节制闸,251
2026/4/18 4:15,一级路南节制闸,251
2026/4/18 4:21,一级路南节制闸,251
2026/4/18 4:26,一级路南节制闸,251
2026/4/18 4:32,一级路南节制闸,251
2026/4/18 4:37,一级路南节制闸,251
2026/4/18 4:43,一级路南节制闸,251
2026/4/18 4:48,一级路南节制闸,251
2026/4/18 4:53,一级路南节制闸,251
2026/4/18 4:59,一级路南节制闸,251
2026/4/18 5:04,一级路南节制闸,251
2026/4/18 5:09,一级路南节制闸,251
2026/4/18 5:14,一级路南节制闸,251
2026/4/18 5:20,一级路南节制闸,251
2026/4/18 5:25,一级路南节制闸,251
2026/4/18 5:30,一级路南节制闸,251
2026/4/18 5:35,一级路南节制闸,201
2026/4/18 5:40,一级路南节制闸,201
2026/4/18 5:46,一级路南节制闸,201
2026/4/18 5:51,一级路南节制闸,201
2026/4/18 5:56,一级路南节制闸,201
2026/4/18 6:02,一级路南节制闸,201
2026/4/18 6:07,一级路南节制闸,201
2026/4/18 6:13,一级路南节制闸,201
2026/4/18 6:18,一级路南节制闸,201
2026/4/18 6:23,一级路南节制闸,201
2026/4/18 6:28,一级路南节制闸,201
2026/4/18 6:33,一级路南节制闸,201
2026/4/18 6:38,一级路南节制闸,201
2026/4/18 6:44,一级路南节制闸,201
2026/4/18 6:49,一级路南节制闸,201
2026/4/18 6:54,一级路南节制闸,201
2026/4/18 6:59,一级路南节制闸,201
2026/4/18 7:04,一级路南节制闸,201
2026/4/18 7:10,一级路南节制闸,201
2026/4/18 7:15,一级路南节制闸,201
2026/4/18 7:21,一级路南节制闸,201
2026/4/18 7:26,一级路南节制闸,201
2026/4/18 7:31,一级路南节制闸,201
2026/4/18 7:36,一级路南节制闸,201
2026/4/18 7:41,一级路南节制闸,201
2026/4/18 7:46,一级路南节制闸,201
2026/4/18 7:51,一级路南节制闸,201
2026/4/18 7:57,一级路南节制闸,201
2026/4/18 8:02,一级路南节制闸,201
2026/4/18 8:07,一级路南节制闸,201
2026/4/18 8:13,一级路南节制闸,201
2026/4/18 8:18,一级路南节制闸,201
2026/4/18 8:24,一级路南节制闸,201
2026/4/18 8:29,一级路南节制闸,201
2026/4/18 8:34,一级路南节制闸,201
2026/4/18 8:40,一级路南节制闸,201
2026/4/18 8:45,一级路南节制闸,201
2026/4/18 8:50,一级路南节制闸,201
2026/4/18 8:55,一级路南节制闸,201
2026/4/18 9:01,一级路南节制闸,201
2026/4/18 9:06,一级路南节制闸,201
2026/4/18 9:11,一级路南节制闸,201
2026/4/18 9:16,一级路南节制闸,201
2026/4/18 9:22,一级路南节制闸,201
2026/4/18 9:27,一级路南节制闸,201
2026/4/18 9:32,一级路南节制闸,201
2026/4/18 9:37,一级路南节制闸,301
2026/4/18 9:43,一级路南节制闸,301
2026/4/18 9:48,一级路南节制闸,301
2026/4/18 9:53,一级路南节制闸,301
2026/4/18 9:59,一级路南节制闸,301
2026/4/18 10:04,一级路南节制闸,301
2026/4/18 10:10,一级路南节制闸,241
2026/4/18 10:15,一级路南节制闸,241
2026/4/18 10:21,一级路南节制闸,241
2026/4/18 10:26,一级路南节制闸,241
2026/4/18 10:31,一级路南节制闸,241
2026/4/18 10:36,一级路南节制闸,241
2026/4/18 10:41,一级路南节制闸,241
2026/4/18 10:47,一级路南节制闸,241
2026/4/18 10:52,一级路南节制闸,241
2026/4/18 10:58,一级路南节制闸,241
2026/4/18 11:03,一级路南节制闸,301
2026/4/18 11:09,一级路南节制闸,301
2026/4/18 11:14,一级路南节制闸,301
2026/4/18 11:20,一级路南节制闸,301
2026/4/18 11:25,一级路南节制闸,301
2026/4/18 11:30,一级路南节制闸,301
2026/4/18 11:36,一级路南节制闸,301
2026/4/18 11:41,一级路南节制闸,301
2026/4/18 11:46,一级路南节制闸,301
2026/4/18 11:52,一级路南节制闸,301
2026/4/18 11:57,一级路南节制闸,301
2026/4/18 12:02,一级路南节制闸,301
2026/4/18 12:08,一级路南节制闸,301
2026/4/18 12:13,一级路南节制闸,301
2026/4/18 12:18,一级路南节制闸,301
2026/4/18 12:23,一级路南节制闸,301
2026/4/18 12:29,一级路南节制闸,301
2026/4/18 12:34,一级路南节制闸,301
2026/4/18 12:40,一级路南节制闸,301
2026/4/18 12:45,一级路南节制闸,301
2026/4/18 12:50,一级路南节制闸,301
2026/4/18 12:56,一级路南节制闸,301
2026/4/18 13:01,一级路南节制闸,301
2026/4/18 13:06,一级路南节制闸,301
2026/4/18 13:11,一级路南节制闸,301
2026/4/18 13:17,一级路南节制闸,301
2026/4/18 13:22,一级路南节制闸,301
2026/4/18 13:27,一级路南节制闸,301
2026/4/18 13:32,一级路南节制闸,301
2026/4/18 13:37,一级路南节制闸,301
2026/4/18 13:42,一级路南节制闸,301
2026/4/18 13:48,一级路南节制闸,301
2026/4/18 13:53,一级路南节制闸,301
2026/4/18 13:59,一级路南节制闸,301
2026/4/18 14:04,一级路南节制闸,301
2026/4/18 14:09,一级路南节制闸,301
2026/4/18 14:15,一级路南节制闸,301
2026/4/18 14:20,一级路南节制闸,301
2026/4/18 14:26,一级路南节制闸,301
2026/4/18 14:31,一级路南节制闸,301
2026/4/18 14:36,一级路南节制闸,301
2026/4/18 14:42,一级路南节制闸,301
2026/4/18 14:47,一级路南节制闸,301
2026/4/18 14:52,一级路南节制闸,301
2026/4/18 14:57,一级路南节制闸,301
2026/4/18 15:02,一级路南节制闸,301
2026/4/18 15:08,一级路南节制闸,301
2026/4/18 15:13,一级路南节制闸,301
2026/4/18 15:18,一级路南节制闸,301
2026/4/18 15:24,一级路南节制闸,301
2026/4/18 15:29,一级路南节制闸,301
2026/4/18 15:34,一级路南节制闸,301
2026/4/18 15:39,一级路南节制闸,301
2026/4/18 15:44,一级路南节制闸,301
2026/4/18 15:49,一级路南节制闸,301
2026/4/18 15:54,一级路南节制闸,301
2026/4/18 16:00,一级路南节制闸,301
2026/4/18 16:05,一级路南节制闸,301
2026/4/18 16:11,一级路南节制闸,301
2026/4/18 16:16,一级路南节制闸,301
2026/4/18 16:21,一级路南节制闸,301
2026/4/18 16:26,一级路南节制闸,301
2026/4/18 16:31,一级路南节制闸,301
2026/4/18 16:37,一级路南节制闸,301
2026/4/18 16:42,一级路南节制闸,301
2026/4/18 16:47,一级路南节制闸,301
2026/4/18 16:53,一级路南节制闸,301
2026/4/18 16:58,一级路南节制闸,301
2026/4/18 17:03,一级路南节制闸,301
2026/4/18 17:08,一级路南节制闸,301
2026/4/18 17:14,一级路南节制闸,301
2026/4/18 17:19,一级路南节制闸,301
2026/4/18 17:24,一级路南节制闸,301
2026/4/18 17:30,一级路南节制闸,301
2026/4/18 17:35,一级路南节制闸,301
2026/4/18 17:40,一级路南节制闸,301
2026/4/18 17:46,一级路南节制闸,301
2026/4/18 17:51,一级路南节制闸,301
2026/4/18 17:56,一级路南节制闸,301
2026/4/18 18:02,一级路南节制闸,301
2026/4/18 18:07,一级路南节制闸,301
2026/4/18 18:13,一级路南节制闸,301
2026/4/18 18:18,一级路南节制闸,301
2026/4/18 18:23,一级路南节制闸,301
2026/4/18 18:29,一级路南节制闸,301
2026/4/18 18:34,一级路南节制闸,301
2026/4/18 18:40,一级路南节制闸,301
2026/4/18 18:45,一级路南节制闸,301
2026/4/18 18:51,一级路南节制闸,301
2026/4/18 18:56,一级路南节制闸,301
2026/4/18 19:01,一级路南节制闸,301
2026/4/18 19:07,一级路南节制闸,301
2026/4/18 19:12,一级路南节制闸,301
2026/4/18 19:17,一级路南节制闸,301
2026/4/18 19:23,一级路南节制闸,301
2026/4/18 19:28,一级路南节制闸,301
2026/4/18 19:34,一级路南节制闸,301
2026/4/18 19:39,一级路南节制闸,301
2026/4/18 19:44,一级路南节制闸,301
2026/4/18 19:50,一级路南节制闸,301
2026/4/18 19:55,一级路南节制闸,301
2026/4/18 20:00,一级路南节制闸,301
2026/4/18 20:06,一级路南节制闸,301
2026/4/18 20:11,一级路南节制闸,351
2026/4/18 20:16,一级路南节制闸,351
2026/4/18 20:22,一级路南节制闸,351
2026/4/18 20:27,一级路南节制闸,351
2026/4/18 20:32,一级路南节制闸,351
2026/4/18 20:37,一级路南节制闸,351
2026/4/18 20:43,一级路南节制闸,351
2026/4/18 20:48,一级路南节制闸,351
2026/4/18 20:53,一级路南节制闸,351
2026/4/18 20:58,一级路南节制闸,351
2026/4/18 21:03,一级路南节制闸,351
2026/4/18 21:09,一级路南节制闸,351
2026/4/18 21:14,一级路南节制闸,351
2026/4/18 21:20,一级路南节制闸,351
2026/4/18 21:25,一级路南节制闸,351
2026/4/18 21:31,一级路南节制闸,351
2026/4/18 21:36,一级路南节制闸,351
2026/4/18 21:41,一级路南节制闸,351
2026/4/18 21:46,一级路南节制闸,351
2026/4/18 21:52,一级路南节制闸,351
2026/4/18 21:57,一级路南节制闸,351
2026/4/18 22:02,一级路南节制闸,351
2026/4/18 22:07,一级路南节制闸,351
2026/4/18 22:12,一级路南节制闸,351
2026/4/18 22:17,一级路南节制闸,351
2026/4/18 22:23,一级路南节制闸,351
2026/4/18 22:28,一级路南节制闸,351
2026/4/18 22:33,一级路南节制闸,351
2026/4/18 22:39,一级路南节制闸,351
2026/4/18 22:44,一级路南节制闸,351
2026/4/18 22:49,一级路南节制闸,351
2026/4/18 22:54,一级路南节制闸,351
2026/4/18 22:59,一级路南节制闸,351
2026/4/18 23:05,一级路南节制闸,351
2026/4/18 23:10,一级路南节制闸,351
2026/4/18 23:15,一级路南节制闸,351
2026/4/18 23:21,一级路南节制闸,351
2026/4/18 23:26,一级路南节制闸,351
2026/4/18 23:32,一级路南节制闸,351
2026/4/18 23:37,一级路南节制闸,351
2026/4/18 23:43,一级路南节制闸,351
2026/4/18 23:48,一级路南节制闸,351
2026/4/18 23:53,一级路南节制闸,351
2026/4/18 23:59,一级路南节制闸,351
2026/4/19 0:04,一级路南节制闸,351
2026/4/19 0:09,一级路南节制闸,351
2026/4/19 0:14,一级路南节制闸,351
2026/4/19 0:20,一级路南节制闸,351
2026/4/19 0:25,一级路南节制闸,351
2026/4/19 0:30,一级路南节制闸,351
2026/4/19 0:35,一级路南节制闸,351
2026/4/19 0:41,一级路南节制闸,351
2026/4/19 0:46,一级路南节制闸,351
2026/4/19 0:52,一级路南节制闸,351
2026/4/19 0:57,一级路南节制闸,351
2026/4/19 1:02,一级路南节制闸,351
2026/4/19 1:07,一级路南节制闸,351
2026/4/19 1:12,一级路南节制闸,351
2026/4/19 1:17,一级路南节制闸,351
2026/4/19 1:22,一级路南节制闸,351
2026/4/19 1:28,一级路南节制闸,351
2026/4/19 1:33,一级路南节制闸,351
2026/4/19 1:38,一级路南节制闸,351
2026/4/19 1:44,一级路南节制闸,351
2026/4/19 1:49,一级路南节制闸,351
2026/4/19 1:54,一级路南节制闸,351
2026/4/19 1:59,一级路南节制闸,351
2026/4/19 2:05,一级路南节制闸,351
2026/4/19 2:10,一级路南节制闸,351
2026/4/19 2:16,一级路南节制闸,351
2026/4/19 2:21,一级路南节制闸,351
2026/4/19 2:26,一级路南节制闸,351
2026/4/19 2:32,一级路南节制闸,351
2026/4/19 2:37,一级路南节制闸,351
2026/4/19 2:43,一级路南节制闸,351
2026/4/19 2:48,一级路南节制闸,351
2026/4/19 2:53,一级路南节制闸,351
2026/4/19 2:59,一级路南节制闸,351
2026/4/19 3:04,一级路南节制闸,351
2026/4/19 3:09,一级路南节制闸,351
2026/4/19 3:15,一级路南节制闸,351
2026/4/19 3:20,一级路南节制闸,351
2026/4/19 3:25,一级路南节制闸,351
2026/4/19 3:31,一级路南节制闸,351
2026/4/19 3:36,一级路南节制闸,351
2026/4/19 3:41,一级路南节制闸,351
2026/4/19 3:46,一级路南节制闸,351
2026/4/19 3:51,一级路南节制闸,351
2026/4/19 3:56,一级路南节制闸,351
2026/4/19 4:02,一级路南节制闸,351
2026/4/19 4:07,一级路南节制闸,351
2026/4/19 4:13,一级路南节制闸,351
2026/4/19 4:18,一级路南节制闸,351
2026/4/19 4:23,一级路南节制闸,351
2026/4/19 4:29,一级路南节制闸,351
2026/4/19 4:34,一级路南节制闸,351
2026/4/19 4:40,一级路南节制闸,351
2026/4/19 4:45,一级路南节制闸,351
2026/4/19 4:50,一级路南节制闸,351
2026/4/19 4:55,一级路南节制闸,351
2026/4/19 5:01,一级路南节制闸,351
2026/4/19 5:06,一级路南节制闸,351
2026/4/19 5:12,一级路南节制闸,351
2026/4/19 5:17,一级路南节制闸,351
2026/4/19 5:22,一级路南节制闸,351
2026/4/19 5:28,一级路南节制闸,351
2026/4/19 5:33,一级路南节制闸,351
2026/4/19 5:39,一级路南节制闸,351
2026/4/19 5:44,一级路南节制闸,351
2026/4/19 5:49,一级路南节制闸,351
2026/4/19 5:55,一级路南节制闸,351
2026/4/19 6:00,一级路南节制闸,351
2026/4/19 6:05,一级路南节制闸,351
2026/4/19 6:10,一级路南节制闸,351
2026/4/19 6:15,一级路南节制闸,351
2026/4/19 6:20,一级路南节制闸,351
2026/4/19 6:25,一级路南节制闸,301
2026/4/19 6:31,一级路南节制闸,301
2026/4/19 6:36,一级路南节制闸,301
2026/4/19 6:41,一级路南节制闸,301
2026/4/19 6:46,一级路南节制闸,301
2026/4/19 6:52,一级路南节制闸,301
2026/4/19 6:57,一级路南节制闸,301
2026/4/19 7:02,一级路南节制闸,301
2026/4/19 7:07,一级路南节制闸,301
2026/4/19 7:13,一级路南节制闸,301
2026/4/19 7:18,一级路南节制闸,301
2026/4/19 7:23,一级路南节制闸,301
2026/4/19 7:29,一级路南节制闸,301
2026/4/19 7:34,一级路南节制闸,301
2026/4/19 7:40,一级路南节制闸,301
2026/4/19 7:45,一级路南节制闸,301
2026/4/19 7:51,一级路南节制闸,301
2026/4/19 7:56,一级路南节制闸,301
2026/4/19 8:02,一级路南节制闸,301
2026/4/19 8:07,一级路南节制闸,301
2026/4/19 8:13,一级路南节制闸,301
2026/4/19 8:18,一级路南节制闸,301
2026/4/19 8:23,一级路南节制闸,301
2026/4/19 8:28,一级路南节制闸,301
2026/4/19 8:33,一级路南节制闸,301
2026/4/19 8:39,一级路南节制闸,301
2026/4/19 8:44,一级路南节制闸,301
2026/4/19 8:49,一级路南节制闸,301
2026/4/19 8:55,一级路南节制闸,301
2026/4/19 9:00,一级路南节制闸,301
2026/4/19 9:05,一级路南节制闸,301
2026/4/19 9:10,一级路南节制闸,301
2026/4/19 9:16,一级路南节制闸,301
2026/4/19 9:21,一级路南节制闸,301
2026/4/19 9:27,一级路南节制闸,301
2026/4/19 9:32,一级路南节制闸,301
2026/4/19 9:38,一级路南节制闸,301
2026/4/19 9:43,一级路南节制闸,501
2026/4/19 9:49,一级路南节制闸,501
2026/4/19 9:54,一级路南节制闸,501
2026/4/19 9:59,一级路南节制闸,501
2026/4/19 10:05,一级路南节制闸,501
2026/4/19 10:10,一级路南节制闸,501
2026/4/19 10:15,一级路南节制闸,501
2026/4/19 10:20,一级路南节制闸,501
2026/4/19 10:26,一级路南节制闸,501
2026/4/19 10:31,一级路南节制闸,501
2026/4/19 10:36,一级路南节制闸,501
2026/4/19 10:41,一级路南节制闸,501
2026/4/19 10:47,一级路南节制闸,501
2026/4/19 10:52,一级路南节制闸,501
2026/4/19 10:57,一级路南节制闸,501
2026/4/19 11:02,一级路南节制闸,501
2026/4/19 11:07,一级路南节制闸,501
2026/4/19 11:13,一级路南节制闸,501
2026/4/19 11:18,一级路南节制闸,501
2026/4/19 11:24,一级路南节制闸,501
2026/4/19 11:29,一级路南节制闸,501
2026/4/19 11:34,一级路南节制闸,501
2026/4/19 11:39,一级路南节制闸,501
2026/4/19 11:45,一级路南节制闸,501
2026/4/19 11:50,一级路南节制闸,501
2026/4/19 11:55,一级路南节制闸,501
2026/4/19 12:01,一级路南节制闸,501
2026/4/19 12:06,一级路南节制闸,501
2026/4/19 12:12,一级路南节制闸,501
2026/4/19 12:17,一级路南节制闸,1000
2026/4/19 12:22,一级路南节制闸,1000
2026/4/19 12:28,一级路南节制闸,1000
2026/4/19 12:33,一级路南节制闸,1000
2026/4/19 12:38,一级路南节制闸,700
2026/4/19 12:44,一级路南节制闸,700
2026/4/19 12:49,一级路南节制闸,700
2026/4/19 12:54,一级路南节制闸,700
2026/4/19 13:00,一级路南节制闸,700
2026/4/19 13:05,一级路南节制闸,700
2026/4/19 13:11,一级路南节制闸,700
2026/4/19 13:16,一级路南节制闸,700
2026/4/19 13:21,一级路南节制闸,700
2026/4/19 13:27,一级路南节制闸,700
2026/4/19 13:32,一级路南节制闸,700
2026/4/19 13:38,一级路南节制闸,700
2026/4/19 13:43,一级路南节制闸,700
2026/4/19 13:49,一级路南节制闸,700
2026/4/19 13:54,一级路南节制闸,700
2026/4/19 13:59,一级路南节制闸,700
2026/4/19 14:04,一级路南节制闸,700
2026/4/19 14:10,一级路南节制闸,700
2026/4/19 14:15,一级路南节制闸,700
2026/4/19 14:20,一级路南节制闸,700
2026/4/19 14:26,一级路南节制闸,700
2026/4/19 14:31,一级路南节制闸,700
2026/4/19 14:36,一级路南节制闸,700
2026/4/19 14:41,一级路南节制闸,700
2026/4/19 14:47,一级路南节制闸,700
2026/4/19 14:52,一级路南节制闸,700
2026/4/19 14:57,一级路南节制闸,700
2026/4/19 15:02,一级路南节制闸,700
2026/4/19 15:08,一级路南节制闸,700
2026/4/19 15:13,一级路南节制闸,700
2026/4/19 15:18,一级路南节制闸,700
2026/4/19 15:24,一级路南节制闸,700
2026/4/19 15:29,一级路南节制闸,700
2026/4/19 15:35,一级路南节制闸,700
2026/4/19 15:40,一级路南节制闸,700
2026/4/19 15:45,一级路南节制闸,700
2026/4/19 15:50,一级路南节制闸,700
2026/4/19 15:56,一级路南节制闸,700
2026/4/19 16:01,一级路南节制闸,700
2026/4/19 16:06,一级路南节制闸,700
2026/4/19 16:11,一级路南节制闸,700
2026/4/19 16:17,一级路南节制闸,700
2026/4/19 16:22,一级路南节制闸,700
2026/4/19 16:28,一级路南节制闸,700
2026/4/19 16:33,一级路南节制闸,700
2026/4/19 16:38,一级路南节制闸,401
2026/4/19 16:44,一级路南节制闸,401
2026/4/19 16:49,一级路南节制闸,401
2026/4/19 16:55,一级路南节制闸,401
2026/4/19 17:00,一级路南节制闸,401
2026/4/19 17:06,一级路南节制闸,351
2026/4/19 17:11,一级路南节制闸,351
2026/4/19 17:16,一级路南节制闸,301
2026/4/19 17:22,一级路南节制闸,301
2026/4/19 17:27,一级路南节制闸,301
2026/4/19 17:32,一级路南节制闸,301
2026/4/19 17:38,一级路南节制闸,301
2026/4/19 17:43,一级路南节制闸,301
2026/4/19 17:48,一级路南节制闸,301
2026/4/19 17:53,一级路南节制闸,301
2026/4/19 17:58,一级路南节制闸,301
2026/4/19 18:04,一级路南节制闸,301
2026/4/19 18:09,一级路南节制闸,301
2026/4/19 18:14,一级路南节制闸,301
2026/4/19 18:20,一级路南节制闸,301
2026/4/19 18:25,一级路南节制闸,301
2026/4/19 18:30,一级路南节制闸,301
2026/4/19 18:35,一级路南节制闸,301
2026/4/19 18:40,一级路南节制闸,301
2026/4/19 18:45,一级路南节制闸,301
2026/4/19 18:51,一级路南节制闸,301
2026/4/19 18:56,一级路南节制闸,301
2026/4/19 19:01,一级路南节制闸,301
2026/4/19 19:06,一级路南节制闸,301
2026/4/19 19:12,一级路南节制闸,301
2026/4/19 19:17,一级路南节制闸,301
2026/4/19 19:22,一级路南节制闸,301
2026/4/19 19:27,一级路南节制闸,301
2026/4/19 19:33,一级路南节制闸,301
2026/4/19 19:38,一级路南节制闸,301
2026/4/19 19:43,一级路南节制闸,351
2026/4/19 19:49,一级路南节制闸,351
2026/4/19 19:54,一级路南节制闸,351
2026/4/19 19:59,一级路南节制闸,351
2026/4/19 20:05,一级路南节制闸,351
2026/4/19 20:10,一级路南节制闸,351
2026/4/19 20:15,一级路南节制闸,351
2026/4/19 20:21,一级路南节制闸,351
2026/4/19 20:26,一级路南节制闸,351
2026/4/19 20:31,一级路南节制闸,351
2026/4/19 20:36,一级路南节制闸,351
2026/4/19 20:42,一级路南节制闸,351
2026/4/19 20:47,一级路南节制闸,351
2026/4/19 20:52,一级路南节制闸,351
2026/4/19 20:57,一级路南节制闸,351
2026/4/19 21:02,一级路南节制闸,351
2026/4/19 21:08,一级路南节制闸,351
2026/4/19 21:13,一级路南节制闸,351
2026/4/19 21:18,一级路南节制闸,351
2026/4/19 21:24,一级路南节制闸,351
2026/4/19 21:29,一级路南节制闸,351
2026/4/19 21:34,一级路南节制闸,351
2026/4/19 21:40,一级路南节制闸,351
2026/4/19 21:45,一级路南节制闸,351
2026/4/19 21:50,一级路南节制闸,351
2026/4/19 21:56,一级路南节制闸,351
2026/4/19 22:01,一级路南节制闸,351
2026/4/19 22:06,一级路南节制闸,351
2026/4/19 22:12,一级路南节制闸,321
2026/4/19 22:17,一级路南节制闸,321
2026/4/19 22:23,一级路南节制闸,321
2026/4/19 22:28,一级路南节制闸,321
2026/4/19 22:33,一级路南节制闸,321
2026/4/19 22:39,一级路南节制闸,321
2026/4/19 22:44,一级路南节制闸,321
2026/4/19 22:50,一级路南节制闸,321
2026/4/19 22:55,一级路南节制闸,321
2026/4/19 23:00,一级路南节制闸,321
2026/4/19 23:03,一级路南节制闸,321
2026/4/19 23:11,一级路南节制闸,321
2026/4/19 23:16,一级路南节制闸,321
2026/4/19 23:22,一级路南节制闸,321
2026/4/19 23:27,一级路南节制闸,321
2026/4/19 23:32,一级路南节制闸,321
2026/4/19 23:38,一级路南节制闸,321
2026/4/19 23:43,一级路南节制闸,321
2026/4/19 23:49,一级路南节制闸,321
2026/4/19 23:54,一级路南节制闸,321
2026/4/19 23:59,一级路南节制闸,321
2026/4/20 0:05,一级路南节制闸,321
2026/4/20 0:10,一级路南节制闸,321
2026/4/20 0:15,一级路南节制闸,321
2026/4/20 0:21,一级路南节制闸,321
2026/4/20 0:26,一级路南节制闸,321
2026/4/20 0:31,一级路南节制闸,321
2026/4/20 0:36,一级路南节制闸,321
2026/4/20 0:42,一级路南节制闸,321
2026/4/20 0:47,一级路南节制闸,321
2026/4/20 0:52,一级路南节制闸,321
2026/4/20 0:58,一级路南节制闸,321
2026/4/20 1:03,一级路南节制闸,321
2026/4/20 1:08,一级路南节制闸,321
2026/4/20 1:13,一级路南节制闸,321
2026/4/20 1:18,一级路南节制闸,321
2026/4/20 1:24,一级路南节制闸,301
2026/4/20 1:29,一级路南节制闸,301
2026/4/20 1:35,一级路南节制闸,301
2026/4/20 1:40,一级路南节制闸,301
2026/4/20 1:45,一级路南节制闸,301
2026/4/20 1:51,一级路南节制闸,301
2026/4/20 1:56,一级路南节制闸,301
2026/4/20 2:01,一级路南节制闸,301
2026/4/20 2:06,一级路南节制闸,301
2026/4/20 2:11,一级路南节制闸,301
2026/4/20 2:17,一级路南节制闸,301
2026/4/20 2:22,一级路南节制闸,301
2026/4/20 2:27,一级路南节制闸,301
2026/4/20 2:33,一级路南节制闸,301
2026/4/20 2:38,一级路南节制闸,301
2026/4/20 2:43,一级路南节制闸,301
2026/4/20 2:48,一级路南节制闸,301
2026/4/20 2:54,一级路南节制闸,301
2026/4/20 2:59,一级路南节制闸,301
2026/4/20 3:04,一级路南节制闸,301
2026/4/20 3:09,一级路南节制闸,301
2026/4/20 3:15,一级路南节制闸,301
2026/4/20 3:20,一级路南节制闸,301
2026/4/20 3:25,一级路南节制闸,301
2026/4/20 3:30,一级路南节制闸,301
2026/4/20 3:36,一级路南节制闸,301
2026/4/20 3:41,一级路南节制闸,301
2026/4/20 3:46,一级路南节制闸,301
2026/4/20 3:51,一级路南节制闸,301
2026/4/20 3:56,一级路南节制闸,301
2026/4/20 4:01,一级路南节制闸,301
2026/4/20 4:07,一级路南节制闸,301
2026/4/20 4:12,一级路南节制闸,301
2026/4/20 4:17,一级路南节制闸,301
2026/4/20 4:23,一级路南节制闸,301
2026/4/20 4:28,一级路南节制闸,251
2026/4/20 4:34,一级路南节制闸,251
2026/4/20 4:39,一级路南节制闸,251
2026/4/20 4:44,一级路南节制闸,251
2026/4/20 4:50,一级路南节制闸,251
2026/4/20 4:55,一级路南节制闸,251
2026/4/20 5:00,一级路南节制闸,251
2026/4/20 5:06,一级路南节制闸,251
2026/4/20 5:11,一级路南节制闸,251
2026/4/20 5:16,一级路南节制闸,251
2026/4/20 5:22,一级路南节制闸,251
2026/4/20 5:27,一级路南节制闸,251
2026/4/20 5:32,一级路南节制闸,251
2026/4/20 5:38,一级路南节制闸,251
2026/4/20 5:43,一级路南节制闸,251
2026/4/20 5:48,一级路南节制闸,245
2026/4/20 5:54,一级路南节制闸,201
2026/4/20 5:59,一级路南节制闸,201
2026/4/20 6:05,一级路南节制闸,201
2026/4/20 6:10,一级路南节制闸,201
2026/4/20 6:15,一级路南节制闸,201
2026/4/20 6:21,一级路南节制闸,201
2026/4/20 6:26,一级路南节制闸,201
2026/4/20 6:32,一级路南节制闸,201
2026/4/20 6:37,一级路南节制闸,201
2026/4/20 6:42,一级路南节制闸,201
2026/4/20 6:48,一级路南节制闸,201
2026/4/20 6:53,一级路南节制闸,201
2026/4/20 6:58,一级路南节制闸,201
2026/4/20 7:04,一级路南节制闸,201
2026/4/20 7:09,一级路南节制闸,201
2026/4/20 7:14,一级路南节制闸,201
2026/4/20 7:20,一级路南节制闸,201
2026/4/20 7:25,一级路南节制闸,201
2026/4/20 7:30,一级路南节制闸,201
2026/4/20 7:36,一级路南节制闸,201
2026/4/20 7:41,一级路南节制闸,251
2026/4/20 7:47,一级路南节制闸,251
2026/4/20 7:52,一级路南节制闸,251
2026/4/20 7:57,一级路南节制闸,251
2026/4/20 8:02,一级路南节制闸,251
2026/4/20 8:08,一级路南节制闸,251
2026/4/20 8:13,一级路南节制闸,251
2026/4/20 8:19,一级路南节制闸,251
2026/4/20 8:24,一级路南节制闸,251
2026/4/20 8:29,一级路南节制闸,251
2026/4/20 8:35,一级路南节制闸,251
2026/4/20 8:40,一级路南节制闸,251
2026/4/20 8:45,一级路南节制闸,251
2026/4/20 8:51,一级路南节制闸,251
2026/4/20 8:56,一级路南节制闸,251
2026/4/20 9:01,一级路南节制闸,251
2026/4/20 9:07,一级路南节制闸,251
2026/4/20 9:12,一级路南节制闸,251
2026/4/20 9:17,一级路南节制闸,251
2026/4/20 9:23,一级路南节制闸,251
2026/4/20 9:28,一级路南节制闸,251
2026/4/20 9:34,一级路南节制闸,251
2026/4/20 9:39,一级路南节制闸,251
2026/4/20 9:44,一级路南节制闸,251
2026/4/20 9:50,一级路南节制闸,251
2026/4/20 9:55,一级路南节制闸,251
2026/4/20 10:00,一级路南节制闸,251
2026/4/20 10:06,一级路南节制闸,251
2026/4/20 10:11,一级路南节制闸,251
2026/4/20 10:17,一级路南节制闸,251
2026/4/20 10:22,一级路南节制闸,251
2026/4/20 10:27,一级路南节制闸,251
2026/4/20 10:33,一级路南节制闸,251
2026/4/20 10:38,一级路南节制闸,251
2026/4/20 10:43,一级路南节制闸,251
2026/4/20 10:48,一级路南节制闸,251
2026/4/20 10:54,一级路南节制闸,251
2026/4/20 10:59,一级路南节制闸,251
2026/4/20 11:05,一级路南节制闸,251
2026/4/20 11:10,一级路南节制闸,251
2026/4/20 11:15,一级路南节制闸,251
2026/4/20 11:20,一级路南节制闸,251
2026/4/20 11:26,一级路南节制闸,251
2026/4/20 11:31,一级路南节制闸,251
2026/4/20 11:37,一级路南节制闸,251
2026/4/20 11:42,一级路南节制闸,251
2026/4/20 11:48,一级路南节制闸,251
2026/4/20 11:53,一级路南节制闸,251
2026/4/20 11:59,一级路南节制闸,251
2026/4/20 12:04,一级路南节制闸,251
2026/4/20 12:09,一级路南节制闸,251
2026/4/20 12:14,一级路南节制闸,251
2026/4/20 12:20,一级路南节制闸,251
2026/4/20 12:25,一级路南节制闸,251
2026/4/20 12:31,一级路南节制闸,251
2026/4/20 12:36,一级路南节制闸,251
2026/4/20 12:41,一级路南节制闸,251
2026/4/20 12:47,一级路南节制闸,251
2026/4/20 12:52,一级路南节制闸,251
2026/4/20 12:58,一级路南节制闸,251
2026/4/20 13:03,一级路南节制闸,251
2026/4/20 13:08,一级路南节制闸,251
2026/4/20 13:13,一级路南节制闸,251
2026/4/20 13:19,一级路南节制闸,251
2026/4/20 13:24,一级路南节制闸,251
2026/4/20 13:30,一级路南节制闸,251
2026/4/20 13:35,一级路南节制闸,251
2026/4/20 13:40,一级路南节制闸,251
2026/4/20 13:46,一级路南节制闸,251
2026/4/20 13:51,一级路南节制闸,251
2026/4/20 13:56,一级路南节制闸,251
2026/4/20 14:02,一级路南节制闸,251
2026/4/20 14:07,一级路南节制闸,251
2026/4/20 14:12,一级路南节制闸,251
2026/4/20 14:18,一级路南节制闸,251
2026/4/20 14:23,一级路南节制闸,251
2026/4/20 14:29,一级路南节制闸,251
2026/4/20 14:34,一级路南节制闸,251
2026/4/20 14:39,一级路南节制闸,251
2026/4/20 14:45,一级路南节制闸,251
2026/4/20 14:50,一级路南节制闸,251
2026/4/20 14:55,一级路南节制闸,251
2026/4/20 15:01,一级路南节制闸,231
2026/4/20 15:06,一级路南节制闸,231
2026/4/20 15:12,一级路南节制闸,231
2026/4/20 15:17,一级路南节制闸,231
2026/4/20 15:22,一级路南节制闸,231
2026/4/20 15:27,一级路南节制闸,231
2026/4/20 15:33,一级路南节制闸,231
2026/4/20 15:38,一级路南节制闸,231
2026/4/20 15:44,一级路南节制闸,231
2026/4/20 15:49,一级路南节制闸,231
2026/4/20 15:54,一级路南节制闸,231
2026/4/20 16:00,一级路南节制闸,231
2026/4/20 16:05,一级路南节制闸,231
2026/4/20 16:10,一级路南节制闸,231
2026/4/20 16:16,一级路南节制闸,231
2026/4/20 16:21,一级路南节制闸,231
2026/4/20 16:26,一级路南节制闸,231
2026/4/20 16:32,一级路南节制闸,231
2026/4/20 16:37,一级路南节制闸,231
2026/4/20 16:43,一级路南节制闸,231
2026/4/20 16:48,一级路南节制闸,231
2026/4/20 16:53,一级路南节制闸,231
2026/4/20 16:58,一级路南节制闸,231
2026/4/20 17:03,一级路南节制闸,231
2026/4/20 17:09,一级路南节制闸,231
2026/4/20 17:14,一级路南节制闸,231
2026/4/20 17:19,一级路南节制闸,231
2026/4/20 17:25,一级路南节制闸,231
2026/4/20 17:30,一级路南节制闸,231
2026/4/20 17:35,一级路南节制闸,231
2026/4/20 17:40,一级路南节制闸,231
2026/4/20 17:46,一级路南节制闸,231
2026/4/20 17:51,一级路南节制闸,231
2026/4/20 17:57,一级路南节制闸,231
2026/4/20 18:02,一级路南节制闸,231
2026/4/20 18:07,一级路南节制闸,231
2026/4/20 18:13,一级路南节制闸,231
2026/4/20 18:18,一级路南节制闸,231
2026/4/20 18:23,一级路南节制闸,231
2026/4/20 18:28,一级路南节制闸,231
2026/4/20 18:33,一级路南节制闸,231
2026/4/20 18:39,一级路南节制闸,231
2026/4/20 18:44,一级路南节制闸,231
2026/4/20 18:50,一级路南节制闸,231
2026/4/20 18:55,一级路南节制闸,231
2026/4/20 19:00,一级路南节制闸,231
2026/4/20 19:06,一级路南节制闸,231
2026/4/20 19:11,一级路南节制闸,231
2026/4/20 19:16,一级路南节制闸,231
2026/4/20 19:22,一级路南节制闸,231
2026/4/20 19:27,一级路南节制闸,201
2026/4/20 19:32,一级路南节制闸,201
2026/4/20 19:37,一级路南节制闸,201
2026/4/20 19:43,一级路南节制闸,201
2026/4/20 19:48,一级路南节制闸,201
2026/4/20 19:53,一级路南节制闸,201
2026/4/20 19:59,一级路南节制闸,301
2026/4/20 20:04,一级路南节制闸,301
2026/4/20 20:09,一级路南节制闸,301
2026/4/20 20:15,一级路南节制闸,301
2026/4/20 20:20,一级路南节制闸,301
2026/4/20 20:25,一级路南节制闸,301
2026/4/20 20:30,一级路南节制闸,482
2026/4/20 20:35,一级路南节制闸,501
2026/4/20 20:40,一级路南节制闸,501
2026/4/20 20:46,一级路南节制闸,501
2026/4/20 20:51,一级路南节制闸,501
2026/4/20 20:57,一级路南节制闸,501
2026/4/20 21:02,一级路南节制闸,501
2026/4/20 21:07,一级路南节制闸,501
2026/4/20 21:12,一级路南节制闸,501
2026/4/20 21:17,一级路南节制闸,501
2026/4/20 21:23,一级路南节制闸,501
2026/4/20 21:28,一级路南节制闸,501
2026/4/20 21:33,一级路南节制闸,501
2026/4/20 21:39,一级路南节制闸,501
2026/4/20 21:44,一级路南节制闸,501
2026/4/20 21:49,一级路南节制闸,501
2026/4/20 21:55,一级路南节制闸,501
2026/4/20 22:00,一级路南节制闸,501
2026/4/20 22:06,一级路南节制闸,501
2026/4/20 22:11,一级路南节制闸,501
2026/4/20 22:16,一级路南节制闸,501
2026/4/20 22:21,一级路南节制闸,501
2026/4/20 22:26,一级路南节制闸,501
2026/4/20 22:32,一级路南节制闸,501
2026/4/20 22:37,一级路南节制闸,501
2026/4/20 22:42,一级路南节制闸,501
2026/4/20 22:47,一级路南节制闸,501
2026/4/20 22:52,一级路南节制闸,501
2026/4/20 22:58,一级路南节制闸,501
2026/4/20 23:02,一级路南节制闸,501
2026/4/20 23:08,一级路南节制闸,501
2026/4/20 23:14,一级路南节制闸,501
2026/4/20 23:19,一级路南节制闸,501
2026/4/20 23:25,一级路南节制闸,501
2026/4/20 23:30,一级路南节制闸,501
2026/4/20 23:35,一级路南节制闸,501
2026/4/20 23:41,一级路南节制闸,501
2026/4/20 23:46,一级路南节制闸,501
2026/4/20 23:51,一级路南节制闸,501
2026/4/20 23:57,一级路南节制闸,501
2026/4/21 0:02,一级路南节制闸,501
2026/4/21 0:07,一级路南节制闸,501
2026/4/21 0:13,一级路南节制闸,501
2026/4/21 0:18,一级路南节制闸,501
2026/4/21 0:24,一级路南节制闸,501
2026/4/21 0:29,一级路南节制闸,501
2026/4/21 0:34,一级路南节制闸,501
2026/4/21 0:39,一级路南节制闸,501
2026/4/21 0:45,一级路南节制闸,501
2026/4/21 0:50,一级路南节制闸,501
2026/4/21 0:56,一级路南节制闸,501
2026/4/21 1:01,一级路南节制闸,501
2026/4/21 1:06,一级路南节制闸,501
2026/4/21 1:11,一级路南节制闸,501
2026/4/21 1:17,一级路南节制闸,501
2026/4/21 1:22,一级路南节制闸,501
2026/4/21 1:28,一级路南节制闸,501
2026/4/21 1:33,一级路南节制闸,501
2026/4/21 1:38,一级路南节制闸,501
2026/4/21 1:44,一级路南节制闸,501
2026/4/21 1:49,一级路南节制闸,501
2026/4/21 1:55,一级路南节制闸,501
2026/4/21 2:00,一级路南节制闸,501
2026/4/21 2:05,一级路南节制闸,501
2026/4/21 2:10,一级路南节制闸,501
2026/4/21 2:16,一级路南节制闸,501
2026/4/21 2:21,一级路南节制闸,501
2026/4/21 2:27,一级路南节制闸,501
2026/4/21 2:32,一级路南节制闸,501
2026/4/21 2:37,一级路南节制闸,501
2026/4/21 2:43,一级路南节制闸,501
2026/4/21 2:48,一级路南节制闸,501
2026/4/21 2:53,一级路南节制闸,501
2026/4/21 2:59,一级路南节制闸,501
2026/4/21 3:04,一级路南节制闸,501
2026/4/21 3:09,一级路南节制闸,501
2026/4/21 3:15,一级路南节制闸,501
2026/4/21 3:20,一级路南节制闸,501
2026/4/21 3:26,一级路南节制闸,501
2026/4/21 3:31,一级路南节制闸,501
2026/4/21 3:36,一级路南节制闸,501
2026/4/21 3:42,一级路南节制闸,700
2026/4/21 3:47,一级路南节制闸,700
2026/4/21 3:52,一级路南节制闸,700
2026/4/21 3:58,一级路南节制闸,700
2026/4/21 4:03,一级路南节制闸,700
2026/4/21 4:08,一级路南节制闸,700
2026/4/21 4:14,一级路南节制闸,700
2026/4/21 4:19,一级路南节制闸,700
2026/4/21 4:24,一级路南节制闸,700
2026/4/21 4:30,一级路南节制闸,700
2026/4/21 4:35,一级路南节制闸,700
2026/4/21 4:41,一级路南节制闸,700
2026/4/21 4:46,一级路南节制闸,700
2026/4/21 4:51,一级路南节制闸,700
2026/4/21 4:57,一级路南节制闸,700
2026/4/21 5:02,一级路南节制闸,700
2026/4/21 5:07,一级路南节制闸,700
2026/4/21 5:13,一级路南节制闸,700
2026/4/21 5:18,一级路南节制闸,700
2026/4/21 5:23,一级路南节制闸,700
2026/4/21 5:29,一级路南节制闸,700
2026/4/21 5:34,一级路南节制闸,700
2026/4/21 5:39,一级路南节制闸,700
2026/4/21 5:44,一级路南节制闸,700
2026/4/21 5:50,一级路南节制闸,700
2026/4/21 5:55,一级路南节制闸,700
2026/4/21 6:00,一级路南节制闸,700
2026/4/21 6:05,一级路南节制闸,700
2026/4/21 6:11,一级路南节制闸,700
2026/4/21 6:16,一级路南节制闸,700
2026/4/21 6:21,一级路南节制闸,700
2026/4/21 6:26,一级路南节制闸,700
2026/4/21 6:32,一级路南节制闸,700
2026/4/21 6:37,一级路南节制闸,700
2026/4/21 6:43,一级路南节制闸,700
2026/4/21 6:48,一级路南节制闸,700
2026/4/21 6:54,一级路南节制闸,700
2026/4/21 6:59,一级路南节制闸,700
2026/4/21 7:04,一级路南节制闸,700
2026/4/21 7:10,一级路南节制闸,700
2026/4/21 7:15,一级路南节制闸,700
2026/4/21 7:20,一级路南节制闸,700
2026/4/21 7:26,一级路南节制闸,700
2026/4/21 7:31,一级路南节制闸,700
2026/4/21 7:36,一级路南节制闸,700
2026/4/21 7:42,一级路南节制闸,700
2026/4/21 7:47,一级路南节制闸,700
2026/4/21 7:53,一级路南节制闸,700
2026/4/21 7:58,一级路南节制闸,501
2026/4/21 8:04,一级路南节制闸,501
2026/4/21 8:09,一级路南节制闸,501
2026/4/21 8:14,一级路南节制闸,501
2026/4/21 8:20,一级路南节制闸,501
2026/4/21 8:25,一级路南节制闸,501
2026/4/21 8:30,一级路南节制闸,501
2026/4/21 8:36,一级路南节制闸,501
2026/4/21 8:41,一级路南节制闸,501
2026/4/21 8:46,一级路南节制闸,501
2026/4/21 8:51,一级路南节制闸,501
2026/4/21 8:56,一级路南节制闸,501
2026/4/21 9:02,一级路南节制闸,201
2026/4/21 9:07,一级路南节制闸,201
2026/4/21 9:12,一级路南节制闸,201
2026/4/21 9:17,一级路南节制闸,201
2026/4/21 9:23,一级路南节制闸,201
2026/4/21 9:28,一级路南节制闸,201
2026/4/21 9:34,一级路南节制闸,201
2026/4/21 9:39,一级路南节制闸,201
2026/4/21 9:44,一级路南节制闸,201
2026/4/21 9:50,一级路南节制闸,201
2026/4/21 9:55,一级路南节制闸,201
2026/4/21 10:00,一级路南节制闸,201
2026/4/21 10:06,一级路南节制闸,201
2026/4/21 10:11,一级路南节制闸,201
2026/4/21 10:16,一级路南节制闸,201
2026/4/21 10:21,一级路南节制闸,201
2026/4/21 10:26,一级路南节制闸,201
2026/4/21 10:32,一级路南节制闸,201
2026/4/21 10:37,一级路南节制闸,201
2026/4/21 10:43,一级路南节制闸,201
2026/4/21 10:48,一级路南节制闸,201
2026/4/21 10:53,一级路南节制闸,201
2026/4/21 10:58,一级路南节制闸,201
2026/4/21 11:03,一级路南节制闸,201
2026/4/21 11:09,一级路南节制闸,201
2026/4/21 11:14,一级路南节制闸,201
2026/4/21 11:20,一级路南节制闸,201
2026/4/21 11:25,一级路南节制闸,201
2026/4/21 11:30,一级路南节制闸,201
2026/4/21 11:36,一级路南节制闸,201
2026/4/21 11:41,一级路南节制闸,201
2026/4/21 11:46,一级路南节制闸,151
2026/4/21 11:52,一级路南节制闸,151
2026/4/21 11:57,一级路南节制闸,151
2026/4/21 12:02,一级路南节制闸,151
2026/4/21 12:07,一级路南节制闸,151
2026/4/21 12:12,一级路南节制闸,151
2026/4/21 12:18,一级路南节制闸,151
2026/4/21 12:23,一级路南节制闸,151
2026/4/21 12:29,一级路南节制闸,151
2026/4/21 12:34,一级路南节制闸,151
2026/4/21 12:39,一级路南节制闸,151
2026/4/21 12:45,一级路南节制闸,151
2026/4/21 12:50,一级路南节制闸,151
2026/4/21 12:55,一级路南节制闸,151
2026/4/21 13:01,一级路南节制闸,151
2026/4/21 13:06,一级路南节制闸,151
2026/4/21 13:11,一级路南节制闸,151
2026/4/21 13:16,一级路南节制闸,151
2026/4/21 13:21,一级路南节制闸,151
2026/4/21 13:26,一级路南节制闸,151
2026/4/21 13:32,一级路南节制闸,151
2026/4/21 13:37,一级路南节制闸,151
2026/4/21 13:42,一级路南节制闸,151
2026/4/21 13:47,一级路南节制闸,151
2026/4/21 13:53,一级路南节制闸,151
2026/4/21 13:58,一级路南节制闸,151
2026/4/21 14:03,一级路南节制闸,151
2026/4/21 14:09,一级路南节制闸,151
2026/4/21 14:14,一级路南节制闸,151
2026/4/21 14:19,一级路南节制闸,151
2026/4/21 14:25,一级路南节制闸,151
2026/4/21 14:30,一级路南节制闸,151
2026/4/21 14:36,一级路南节制闸,151
2026/4/21 14:41,一级路南节制闸,151
2026/4/21 14:46,一级路南节制闸,151
2026/4/21 14:52,一级路南节制闸,151
2026/4/21 14:57,一级路南节制闸,151
2026/4/21 15:02,一级路南节制闸,151
2026/4/21 15:08,一级路南节制闸,151
2026/4/21 15:13,一级路南节制闸,151
2026/4/21 15:18,一级路南节制闸,151
2026/4/21 15:24,一级路南节制闸,151
2026/4/21 15:29,一级路南节制闸,151
2026/4/21 15:35,一级路南节制闸,151
2026/4/21 15:40,一级路南节制闸,151
2026/4/21 15:45,一级路南节制闸,151
2026/4/21 15:51,一级路南节制闸,151
2026/4/21 15:56,一级路南节制闸,151
2026/4/21 16:01,一级路南节制闸,151
2026/4/21 16:06,一级路南节制闸,151
2026/4/21 16:11,一级路南节制闸,151
2026/4/21 16:16,一级路南节制闸,151
2026/4/21 16:22,一级路南节制闸,151
2026/4/21 16:27,一级路南节制闸,151
2026/4/21 16:32,一级路南节制闸,151
2026/4/21 16:37,一级路南节制闸,151
2026/4/21 16:42,一级路南节制闸,151
2026/4/21 16:48,一级路南节制闸,151
2026/4/21 16:53,一级路南节制闸,151
2026/4/21 16:58,一级路南节制闸,151
2026/4/21 17:03,一级路南节制闸,151
2026/4/21 17:09,一级路南节制闸,151
2026/4/21 17:14,一级路南节制闸,151
2026/4/21 17:19,一级路南节制闸,151
2026/4/21 17:25,一级路南节制闸,151
2026/4/14 0:04,刘原节制闸,50
2026/4/14 0:09,刘原节制闸,50
2026/4/14 0:14,刘原节制闸,50
2026/4/14 0:19,刘原节制闸,50
2026/4/14 0:25,刘原节制闸,50
2026/4/14 0:30,刘原节制闸,50
2026/4/14 0:35,刘原节制闸,50
2026/4/14 0:40,刘原节制闸,50
2026/4/14 0:45,刘原节制闸,50
2026/4/14 0:51,刘原节制闸,50
2026/4/14 0:56,刘原节制闸,50
2026/4/14 1:02,刘原节制闸,50
2026/4/14 1:07,刘原节制闸,50
2026/4/14 1:13,刘原节制闸,50
2026/4/14 1:18,刘原节制闸,50
2026/4/14 1:24,刘原节制闸,50
2026/4/14 1:29,刘原节制闸,50
2026/4/14 1:34,刘原节制闸,50
2026/4/14 1:39,刘原节制闸,50
2026/4/14 1:44,刘原节制闸,50
2026/4/14 1:50,刘原节制闸,50
2026/4/14 1:55,刘原节制闸,50
2026/4/14 2:00,刘原节制闸,50
2026/4/14 2:05,刘原节制闸,50
2026/4/14 2:11,刘原节制闸,50
2026/4/14 2:16,刘原节制闸,50
2026/4/14 2:22,刘原节制闸,50
2026/4/14 2:27,刘原节制闸,50
2026/4/14 2:33,刘原节制闸,50
2026/4/14 2:38,刘原节制闸,50
2026/4/14 2:44,刘原节制闸,50
2026/4/14 2:49,刘原节制闸,50
2026/4/14 2:54,刘原节制闸,50
2026/4/14 2:59,刘原节制闸,50
2026/4/14 3:05,刘原节制闸,50
2026/4/14 3:10,刘原节制闸,50
2026/4/14 3:15,刘原节制闸,50
2026/4/14 3:20,刘原节制闸,50
2026/4/14 3:26,刘原节制闸,50
2026/4/14 3:31,刘原节制闸,50
2026/4/14 3:36,刘原节制闸,50
2026/4/14 3:41,刘原节制闸,50
2026/4/14 3:47,刘原节制闸,50
2026/4/14 3:52,刘原节制闸,50
2026/4/14 3:57,刘原节制闸,50
2026/4/14 4:02,刘原节制闸,50
2026/4/14 4:07,刘原节制闸,50
2026/4/14 4:13,刘原节制闸,50
2026/4/14 4:18,刘原节制闸,50
2026/4/14 4:23,刘原节制闸,50
2026/4/14 4:29,刘原节制闸,50
2026/4/14 4:34,刘原节制闸,50
2026/4/14 4:40,刘原节制闸,50
2026/4/14 4:45,刘原节制闸,50
2026/4/14 4:50,刘原节制闸,50
2026/4/14 4:55,刘原节制闸,50
2026/4/14 5:01,刘原节制闸,50
2026/4/14 5:06,刘原节制闸,50
2026/4/14 5:12,刘原节制闸,50
2026/4/14 5:17,刘原节制闸,50
2026/4/14 5:22,刘原节制闸,50
2026/4/14 5:27,刘原节制闸,50
2026/4/14 5:33,刘原节制闸,50
2026/4/14 5:38,刘原节制闸,50
2026/4/14 5:44,刘原节制闸,50
2026/4/14 5:49,刘原节制闸,50
2026/4/14 5:54,刘原节制闸,50
2026/4/14 5:59,刘原节制闸,50
2026/4/14 6:04,刘原节制闸,50
2026/4/14 6:10,刘原节制闸,50
2026/4/14 6:15,刘原节制闸,50
2026/4/14 6:20,刘原节制闸,50
2026/4/14 6:25,刘原节制闸,50
2026/4/14 6:31,刘原节制闸,50
2026/4/14 6:36,刘原节制闸,50
2026/4/14 6:41,刘原节制闸,50
2026/4/14 6:46,刘原节制闸,50
2026/4/14 6:52,刘原节制闸,50
2026/4/14 6:57,刘原节制闸,50
2026/4/14 7:03,刘原节制闸,50
2026/4/14 7:08,刘原节制闸,50
2026/4/14 7:13,刘原节制闸,50
2026/4/14 7:18,刘原节制闸,50
2026/4/14 7:24,刘原节制闸,50
2026/4/14 7:29,刘原节制闸,50
2026/4/14 7:34,刘原节制闸,50
2026/4/14 7:39,刘原节制闸,50
2026/4/14 7:44,刘原节制闸,50
2026/4/14 7:50,刘原节制闸,50
2026/4/14 7:55,刘原节制闸,50
2026/4/14 8:00,刘原节制闸,50
2026/4/14 8:05,刘原节制闸,50
2026/4/14 8:11,刘原节制闸,50
2026/4/14 8:16,刘原节制闸,50
2026/4/14 8:22,刘原节制闸,50
2026/4/14 8:27,刘原节制闸,50
2026/4/14 8:33,刘原节制闸,50
2026/4/14 8:38,刘原节制闸,50
2026/4/14 8:44,刘原节制闸,50
2026/4/14 8:49,刘原节制闸,50
2026/4/14 8:54,刘原节制闸,50
2026/4/14 8:59,刘原节制闸,50
2026/4/14 9:04,刘原节制闸,50
2026/4/14 9:10,刘原节制闸,50
2026/4/14 9:15,刘原节制闸,50
2026/4/14 9:20,刘原节制闸,50
2026/4/14 9:25,刘原节制闸,50
2026/4/14 9:31,刘原节制闸,50
2026/4/14 9:36,刘原节制闸,50
2026/4/14 9:42,刘原节制闸,50
2026/4/14 9:47,刘原节制闸,50
2026/4/14 9:52,刘原节制闸,50
2026/4/14 9:58,刘原节制闸,50
2026/4/14 10:03,刘原节制闸,50
2026/4/14 10:09,刘原节制闸,50
2026/4/14 10:14,刘原节制闸,50
2026/4/14 10:20,刘原节制闸,50
2026/4/14 10:25,刘原节制闸,50
2026/4/14 10:30,刘原节制闸,50
2026/4/14 10:35,刘原节制闸,50
2026/4/14 10:41,刘原节制闸,50
2026/4/14 10:46,刘原节制闸,50
2026/4/14 10:52,刘原节制闸,80
2026/4/14 10:57,刘原节制闸,80
2026/4/14 11:02,刘原节制闸,50
2026/4/14 11:07,刘原节制闸,50
2026/4/14 11:12,刘原节制闸,50
2026/4/14 11:18,刘原节制闸,50
2026/4/14 11:23,刘原节制闸,50
2026/4/14 11:28,刘原节制闸,50
2026/4/14 11:34,刘原节制闸,50
2026/4/14 11:39,刘原节制闸,50
2026/4/14 11:44,刘原节制闸,50
2026/4/14 11:49,刘原节制闸,50
2026/4/14 11:54,刘原节制闸,50
2026/4/14 11:59,刘原节制闸,50
2026/4/14 12:05,刘原节制闸,50
2026/4/14 12:10,刘原节制闸,50
2026/4/14 12:15,刘原节制闸,50
2026/4/14 12:21,刘原节制闸,50
2026/4/14 12:26,刘原节制闸,50
2026/4/14 12:31,刘原节制闸,50
2026/4/14 12:36,刘原节制闸,50
2026/4/14 12:42,刘原节制闸,50
2026/4/14 12:47,刘原节制闸,50
2026/4/14 12:52,刘原节制闸,50
2026/4/14 12:58,刘原节制闸,50
2026/4/14 13:03,刘原节制闸,50
2026/4/14 13:09,刘原节制闸,50
2026/4/14 13:14,刘原节制闸,50
2026/4/14 13:19,刘原节制闸,50
2026/4/14 13:25,刘原节制闸,50
2026/4/14 13:30,刘原节制闸,50
2026/4/14 13:35,刘原节制闸,50
2026/4/14 13:40,刘原节制闸,50
2026/4/14 13:45,刘原节制闸,50
2026/4/14 13:50,刘原节制闸,50
2026/4/14 13:56,刘原节制闸,50
2026/4/14 14:01,刘原节制闸,50
2026/4/14 14:07,刘原节制闸,50
2026/4/14 14:12,刘原节制闸,50
2026/4/14 14:18,刘原节制闸,50
2026/4/14 14:23,刘原节制闸,50
2026/4/14 14:29,刘原节制闸,50
2026/4/14 14:34,刘原节制闸,50
2026/4/14 14:40,刘原节制闸,50
2026/4/14 14:45,刘原节制闸,50
2026/4/14 14:51,刘原节制闸,50
2026/4/14 14:56,刘原节制闸,50
2026/4/14 15:01,刘原节制闸,50
2026/4/14 15:07,刘原节制闸,50
2026/4/14 15:12,刘原节制闸,50
2026/4/14 15:18,刘原节制闸,50
2026/4/14 15:23,刘原节制闸,50
2026/4/14 15:29,刘原节制闸,50
2026/4/14 15:34,刘原节制闸,50
2026/4/14 15:40,刘原节制闸,50
2026/4/14 15:45,刘原节制闸,50
2026/4/14 15:50,刘原节制闸,50
2026/4/14 15:55,刘原节制闸,50
2026/4/14 16:01,刘原节制闸,50
2026/4/14 16:06,刘原节制闸,50
2026/4/14 16:11,刘原节制闸,50
2026/4/14 16:16,刘原节制闸,50
2026/4/14 16:22,刘原节制闸,50
2026/4/14 16:27,刘原节制闸,50
2026/4/14 16:32,刘原节制闸,50
2026/4/14 16:54,刘原节制闸,50
2026/4/14 16:59,刘原节制闸,40
2026/4/14 17:05,刘原节制闸,40
2026/4/14 17:10,刘原节制闸,40
2026/4/14 17:15,刘原节制闸,40
2026/4/14 17:21,刘原节制闸,40
2026/4/14 17:26,刘原节制闸,40
2026/4/14 17:31,刘原节制闸,40
2026/4/14 17:37,刘原节制闸,40
2026/4/14 17:42,刘原节制闸,40
2026/4/14 17:47,刘原节制闸,40
2026/4/14 17:53,刘原节制闸,40
2026/4/14 17:58,刘原节制闸,40
2026/4/14 18:03,刘原节制闸,40
2026/4/14 18:09,刘原节制闸,40
2026/4/14 18:14,刘原节制闸,40
2026/4/14 18:19,刘原节制闸,40
2026/4/14 18:24,刘原节制闸,40
2026/4/14 18:29,刘原节制闸,40
2026/4/14 18:34,刘原节制闸,40
2026/4/14 18:39,刘原节制闸,40
2026/4/14 18:45,刘原节制闸,40
2026/4/14 18:50,刘原节制闸,40
2026/4/14 18:55,刘原节制闸,40
2026/4/14 19:01,刘原节制闸,40
2026/4/14 19:06,刘原节制闸,40
2026/4/14 19:11,刘原节制闸,40
2026/4/14 19:17,刘原节制闸,40
2026/4/14 19:22,刘原节制闸,40
2026/4/14 19:28,刘原节制闸,40
2026/4/14 19:33,刘原节制闸,40
2026/4/14 19:38,刘原节制闸,40
2026/4/14 19:43,刘原节制闸,40
2026/4/14 19:48,刘原节制闸,40
2026/4/14 19:54,刘原节制闸,40
2026/4/14 19:59,刘原节制闸,40
2026/4/14 20:04,刘原节制闸,40
2026/4/14 20:10,刘原节制闸,40
2026/4/14 20:15,刘原节制闸,40
2026/4/14 20:20,刘原节制闸,40
2026/4/14 20:26,刘原节制闸,40
2026/4/14 20:31,刘原节制闸,40
2026/4/14 20:36,刘原节制闸,40
2026/4/14 20:41,刘原节制闸,40
2026/4/14 20:47,刘原节制闸,40
2026/4/14 20:52,刘原节制闸,40
2026/4/14 20:57,刘原节制闸,40
2026/4/14 21:03,刘原节制闸,40
2026/4/14 21:08,刘原节制闸,40
2026/4/14 21:13,刘原节制闸,40
2026/4/14 21:18,刘原节制闸,30
2026/4/14 21:23,刘原节制闸,30
2026/4/14 21:28,刘原节制闸,30
2026/4/14 21:33,刘原节制闸,30
2026/4/14 21:39,刘原节制闸,30
2026/4/14 21:44,刘原节制闸,30
2026/4/14 21:49,刘原节制闸,30
2026/4/14 21:55,刘原节制闸,30
2026/4/14 22:00,刘原节制闸,30
2026/4/14 22:05,刘原节制闸,30
2026/4/14 22:11,刘原节制闸,30
2026/4/14 22:16,刘原节制闸,30
2026/4/14 22:22,刘原节制闸,30
2026/4/14 22:27,刘原节制闸,30
2026/4/14 22:33,刘原节制闸,30
2026/4/14 22:38,刘原节制闸,30
2026/4/14 22:43,刘原节制闸,30
2026/4/14 22:49,刘原节制闸,30
2026/4/14 22:54,刘原节制闸,30
2026/4/14 22:59,刘原节制闸,30
2026/4/14 23:03,刘原节制闸,30
2026/4/14 23:10,刘原节制闸,30
2026/4/14 23:15,刘原节制闸,30
2026/4/14 23:20,刘原节制闸,30
2026/4/14 23:25,刘原节制闸,30
2026/4/14 23:31,刘原节制闸,30
2026/4/14 23:36,刘原节制闸,30
2026/4/14 23:41,刘原节制闸,30
2026/4/14 23:46,刘原节制闸,30
2026/4/14 23:51,刘原节制闸,30
2026/4/14 23:57,刘原节制闸,30
2026/4/15 0:02,刘原节制闸,30
2026/4/15 0:07,刘原节制闸,30
2026/4/15 0:13,刘原节制闸,30
2026/4/15 0:18,刘原节制闸,30
2026/4/15 0:24,刘原节制闸,30
2026/4/15 0:29,刘原节制闸,30
2026/4/15 0:34,刘原节制闸,30
2026/4/15 0:39,刘原节制闸,30
2026/4/15 0:44,刘原节制闸,30
2026/4/15 0:50,刘原节制闸,30
2026/4/15 0:55,刘原节制闸,30
2026/4/15 1:00,刘原节制闸,30
2026/4/15 1:05,刘原节制闸,30
2026/4/15 1:10,刘原节制闸,30
2026/4/15 1:16,刘原节制闸,30
2026/4/15 1:21,刘原节制闸,30
2026/4/15 1:26,刘原节制闸,30
2026/4/15 1:31,刘原节制闸,30
2026/4/15 1:36,刘原节制闸,30
2026/4/15 1:41,刘原节制闸,30
2026/4/15 1:47,刘原节制闸,30
2026/4/15 1:52,刘原节制闸,30
2026/4/15 1:57,刘原节制闸,30
2026/4/15 2:03,刘原节制闸,30
2026/4/15 2:08,刘原节制闸,30
2026/4/15 2:13,刘原节制闸,30
2026/4/15 2:18,刘原节制闸,30
2026/4/15 2:24,刘原节制闸,30
2026/4/15 2:29,刘原节制闸,30
2026/4/15 2:34,刘原节制闸,30
2026/4/15 2:39,刘原节制闸,30
2026/4/15 2:45,刘原节制闸,30
2026/4/15 2:50,刘原节制闸,30
2026/4/15 2:55,刘原节制闸,30
2026/4/15 3:00,刘原节制闸,30
2026/4/15 3:05,刘原节制闸,30
2026/4/15 3:10,刘原节制闸,30
2026/4/15 3:16,刘原节制闸,30
2026/4/15 3:21,刘原节制闸,30
2026/4/15 3:26,刘原节制闸,30
2026/4/15 3:32,刘原节制闸,30
2026/4/15 3:37,刘原节制闸,30
2026/4/15 3:42,刘原节制闸,30
2026/4/15 3:48,刘原节制闸,30
2026/4/15 3:53,刘原节制闸,30
2026/4/15 3:59,刘原节制闸,30
2026/4/15 4:04,刘原节制闸,30
2026/4/15 4:09,刘原节制闸,30
2026/4/15 4:14,刘原节制闸,30
2026/4/15 4:19,刘原节制闸,30
2026/4/15 4:25,刘原节制闸,30
2026/4/15 4:30,刘原节制闸,30
2026/4/15 4:35,刘原节制闸,30
2026/4/15 4:40,刘原节制闸,30
2026/4/15 4:46,刘原节制闸,30
2026/4/15 4:51,刘原节制闸,30
2026/4/15 4:57,刘原节制闸,30
2026/4/15 5:02,刘原节制闸,30
2026/4/15 5:07,刘原节制闸,30
2026/4/15 5:12,刘原节制闸,30
2026/4/15 5:18,刘原节制闸,30
2026/4/15 5:23,刘原节制闸,30
2026/4/15 5:28,刘原节制闸,30
2026/4/15 5:33,刘原节制闸,30
2026/4/15 5:39,刘原节制闸,30
2026/4/15 5:44,刘原节制闸,30
2026/4/15 5:49,刘原节制闸,30
2026/4/15 5:55,刘原节制闸,30
2026/4/15 6:00,刘原节制闸,30
2026/4/15 6:06,刘原节制闸,30
2026/4/15 6:11,刘原节制闸,30
2026/4/15 6:16,刘原节制闸,30
2026/4/15 6:22,刘原节制闸,30
2026/4/15 6:27,刘原节制闸,30
2026/4/15 6:32,刘原节制闸,30
2026/4/15 6:37,刘原节制闸,30
2026/4/15 6:43,刘原节制闸,30
2026/4/15 6:48,刘原节制闸,30
2026/4/15 6:53,刘原节制闸,30
2026/4/15 6:59,刘原节制闸,30
2026/4/15 7:04,刘原节制闸,30
2026/4/15 7:09,刘原节制闸,30
2026/4/15 7:14,刘原节制闸,30
2026/4/15 7:20,刘原节制闸,30
2026/4/15 7:25,刘原节制闸,30
2026/4/15 7:30,刘原节制闸,30
2026/4/15 7:35,刘原节制闸,30
2026/4/15 7:40,刘原节制闸,30
2026/4/15 7:46,刘原节制闸,30
2026/4/15 7:51,刘原节制闸,30
2026/4/15 7:56,刘原节制闸,30
2026/4/15 8:02,刘原节制闸,30
2026/4/15 8:07,刘原节制闸,30
2026/4/15 8:12,刘原节制闸,30
2026/4/15 8:17,刘原节制闸,30
2026/4/15 8:23,刘原节制闸,30
2026/4/15 8:28,刘原节制闸,30
2026/4/15 8:33,刘原节制闸,30
2026/4/15 8:39,刘原节制闸,30
2026/4/15 8:44,刘原节制闸,30
2026/4/15 8:49,刘原节制闸,30
2026/4/15 8:55,刘原节制闸,30
2026/4/15 9:00,刘原节制闸,50
2026/4/15 9:05,刘原节制闸,50
2026/4/15 9:10,刘原节制闸,50
2026/4/15 9:16,刘原节制闸,50
2026/4/15 9:21,刘原节制闸,50
2026/4/15 9:26,刘原节制闸,50
2026/4/15 9:32,刘原节制闸,50
2026/4/15 9:37,刘原节制闸,50
2026/4/15 9:43,刘原节制闸,50
2026/4/15 9:48,刘原节制闸,50
2026/4/15 9:54,刘原节制闸,50
2026/4/15 9:59,刘原节制闸,50
2026/4/15 10:04,刘原节制闸,50
2026/4/15 10:09,刘原节制闸,50
2026/4/15 10:14,刘原节制闸,50
2026/4/15 10:20,刘原节制闸,50
2026/4/15 10:25,刘原节制闸,50
2026/4/15 10:31,刘原节制闸,50
2026/4/15 10:36,刘原节制闸,50
2026/4/15 10:42,刘原节制闸,50
2026/4/15 10:47,刘原节制闸,50
2026/4/15 10:52,刘原节制闸,50
2026/4/15 10:58,刘原节制闸,50
2026/4/15 11:03,刘原节制闸,50
2026/4/15 11:08,刘原节制闸,50
2026/4/15 11:13,刘原节制闸,50
2026/4/15 11:18,刘原节制闸,50
2026/4/15 11:23,刘原节制闸,50
2026/4/15 11:28,刘原节制闸,50
2026/4/15 11:33,刘原节制闸,50
2026/4/15 11:39,刘原节制闸,50
2026/4/15 11:44,刘原节制闸,50
2026/4/15 11:49,刘原节制闸,50
2026/4/15 11:55,刘原节制闸,50
2026/4/15 12:00,刘原节制闸,50
2026/4/15 12:05,刘原节制闸,50
2026/4/15 12:10,刘原节制闸,50
2026/4/15 12:16,刘原节制闸,50
2026/4/15 12:21,刘原节制闸,50
2026/4/15 12:27,刘原节制闸,50
2026/4/15 12:32,刘原节制闸,50
2026/4/15 12:38,刘原节制闸,50
2026/4/15 12:43,刘原节制闸,50
2026/4/15 12:48,刘原节制闸,50
2026/4/15 12:54,刘原节制闸,50
2026/4/15 12:59,刘原节制闸,50
2026/4/15 13:04,刘原节制闸,50
2026/4/15 13:10,刘原节制闸,50
2026/4/15 13:15,刘原节制闸,50
2026/4/15 13:20,刘原节制闸,50
2026/4/15 13:26,刘原节制闸,50
2026/4/15 13:31,刘原节制闸,50
2026/4/15 13:37,刘原节制闸,50
2026/4/15 13:42,刘原节制闸,50
2026/4/15 13:47,刘原节制闸,50
2026/4/15 13:53,刘原节制闸,50
2026/4/15 13:58,刘原节制闸,50
2026/4/15 14:03,刘原节制闸,50
2026/4/15 14:09,刘原节制闸,50
2026/4/15 14:14,刘原节制闸,50
2026/4/15 14:19,刘原节制闸,50
2026/4/15 14:25,刘原节制闸,50
2026/4/15 14:30,刘原节制闸,50
2026/4/15 14:35,刘原节制闸,50
2026/4/15 14:40,刘原节制闸,50
2026/4/15 14:45,刘原节制闸,50
2026/4/15 14:50,刘原节制闸,50
2026/4/15 14:56,刘原节制闸,50
2026/4/15 15:01,刘原节制闸,50
2026/4/15 15:06,刘原节制闸,50
2026/4/15 15:12,刘原节制闸,50
2026/4/15 15:17,刘原节制闸,50
2026/4/15 15:22,刘原节制闸,50
2026/4/15 15:28,刘原节制闸,50
2026/4/15 15:33,刘原节制闸,50
2026/4/15 15:38,刘原节制闸,50
2026/4/15 15:44,刘原节制闸,50
2026/4/15 15:49,刘原节制闸,50
2026/4/15 15:54,刘原节制闸,50
2026/4/15 16:00,刘原节制闸,50
2026/4/15 16:05,刘原节制闸,50
2026/4/15 16:10,刘原节制闸,50
2026/4/15 16:16,刘原节制闸,50
2026/4/15 16:21,刘原节制闸,50
2026/4/15 16:27,刘原节制闸,50
2026/4/15 16:32,刘原节制闸,50
2026/4/15 16:37,刘原节制闸,50
2026/4/15 16:43,刘原节制闸,50
2026/4/15 16:48,刘原节制闸,50
2026/4/15 16:54,刘原节制闸,50
2026/4/15 16:59,刘原节制闸,50
2026/4/15 17:04,刘原节制闸,50
2026/4/15 17:09,刘原节制闸,50
2026/4/15 17:15,刘原节制闸,50
2026/4/15 17:20,刘原节制闸,50
2026/4/15 17:26,刘原节制闸,50
2026/4/15 17:31,刘原节制闸,50
2026/4/15 17:36,刘原节制闸,50
2026/4/15 17:41,刘原节制闸,50
2026/4/15 17:47,刘原节制闸,50
2026/4/15 17:52,刘原节制闸,50
2026/4/15 17:57,刘原节制闸,50
2026/4/15 18:02,刘原节制闸,50
2026/4/15 18:08,刘原节制闸,50
2026/4/15 18:13,刘原节制闸,50
2026/4/15 18:19,刘原节制闸,50
2026/4/15 18:24,刘原节制闸,50
2026/4/15 18:30,刘原节制闸,50
2026/4/15 18:35,刘原节制闸,50
2026/4/15 18:41,刘原节制闸,50
2026/4/15 18:46,刘原节制闸,50
2026/4/15 18:51,刘原节制闸,50
2026/4/15 18:57,刘原节制闸,50
2026/4/15 19:02,刘原节制闸,50
2026/4/15 19:07,刘原节制闸,50
2026/4/15 19:13,刘原节制闸,50
2026/4/15 19:18,刘原节制闸,50
2026/4/15 19:24,刘原节制闸,50
2026/4/15 19:29,刘原节制闸,500
2026/4/15 19:34,刘原节制闸,800
2026/4/15 19:40,刘原节制闸,800
2026/4/15 19:45,刘原节制闸,800
2026/4/15 19:50,刘原节制闸,800
2026/4/15 19:55,刘原节制闸,800
2026/4/15 20:01,刘原节制闸,800
2026/4/15 20:06,刘原节制闸,800
2026/4/15 20:12,刘原节制闸,800
2026/4/15 20:17,刘原节制闸,800
2026/4/15 20:23,刘原节制闸,800
2026/4/15 20:28,刘原节制闸,800
2026/4/15 20:33,刘原节制闸,800
2026/4/15 20:39,刘原节制闸,800
2026/4/15 20:44,刘原节制闸,800
2026/4/15 20:50,刘原节制闸,800
2026/4/15 20:55,刘原节制闸,800
2026/4/15 21:00,刘原节制闸,800
2026/4/15 21:05,刘原节制闸,800
2026/4/15 21:11,刘原节制闸,800
2026/4/15 21:16,刘原节制闸,800
2026/4/15 21:22,刘原节制闸,800
2026/4/15 21:27,刘原节制闸,800
2026/4/15 21:32,刘原节制闸,800
2026/4/15 21:37,刘原节制闸,800
2026/4/15 21:43,刘原节制闸,800
2026/4/15 21:48,刘原节制闸,800
2026/4/15 21:53,刘原节制闸,800
2026/4/15 21:59,刘原节制闸,800
2026/4/15 22:04,刘原节制闸,800
2026/4/15 22:10,刘原节制闸,800
2026/4/15 22:15,刘原节制闸,800
2026/4/15 22:21,刘原节制闸,800
2026/4/15 22:26,刘原节制闸,800
2026/4/15 22:31,刘原节制闸,800
2026/4/15 22:37,刘原节制闸,800
2026/4/15 22:42,刘原节制闸,800
2026/4/15 22:47,刘原节制闸,800
2026/4/15 22:53,刘原节制闸,800
2026/4/15 22:58,刘原节制闸,800
2026/4/15 23:03,刘原节制闸,800
2026/4/15 23:09,刘原节制闸,800
2026/4/15 23:15,刘原节制闸,800
2026/4/15 23:20,刘原节制闸,800
2026/4/15 23:25,刘原节制闸,800
2026/4/15 23:30,刘原节制闸,800
2026/4/15 23:36,刘原节制闸,800
2026/4/15 23:41,刘原节制闸,800
2026/4/15 23:46,刘原节制闸,800
2026/4/15 23:52,刘原节制闸,800
2026/4/15 23:57,刘原节制闸,800
2026/4/16 0:02,刘原节制闸,800
2026/4/16 0:08,刘原节制闸,800
2026/4/16 0:13,刘原节制闸,800
2026/4/16 0:18,刘原节制闸,800
2026/4/16 0:24,刘原节制闸,800
2026/4/16 0:29,刘原节制闸,800
2026/4/16 0:34,刘原节制闸,800
2026/4/16 0:39,刘原节制闸,800
2026/4/16 0:45,刘原节制闸,800
2026/4/16 0:50,刘原节制闸,800
2026/4/16 0:55,刘原节制闸,800
2026/4/16 1:00,刘原节制闸,800
2026/4/16 1:05,刘原节制闸,800
2026/4/16 1:11,刘原节制闸,800
2026/4/16 1:16,刘原节制闸,800
2026/4/16 1:21,刘原节制闸,800
2026/4/16 1:26,刘原节制闸,800
2026/4/16 1:31,刘原节制闸,800
2026/4/16 1:36,刘原节制闸,800
2026/4/16 1:42,刘原节制闸,800
2026/4/16 1:47,刘原节制闸,800
2026/4/16 1:52,刘原节制闸,800
2026/4/16 1:58,刘原节制闸,800
2026/4/16 2:03,刘原节制闸,800
2026/4/16 2:08,刘原节制闸,800
2026/4/16 2:13,刘原节制闸,800
2026/4/16 2:18,刘原节制闸,800
2026/4/16 2:23,刘原节制闸,800
2026/4/16 2:29,刘原节制闸,800
2026/4/16 2:34,刘原节制闸,800
2026/4/16 2:40,刘原节制闸,800
2026/4/16 2:45,刘原节制闸,800
2026/4/16 2:50,刘原节制闸,800
2026/4/16 2:55,刘原节制闸,800
2026/4/16 3:01,刘原节制闸,800
2026/4/16 3:06,刘原节制闸,800
2026/4/16 3:11,刘原节制闸,800
2026/4/16 3:16,刘原节制闸,800
2026/4/16 3:22,刘原节制闸,800
2026/4/16 3:27,刘原节制闸,800
2026/4/16 3:32,刘原节制闸,800
2026/4/16 3:37,刘原节制闸,800
2026/4/16 3:42,刘原节制闸,800
2026/4/16 3:47,刘原节制闸,800
2026/4/16 3:53,刘原节制闸,800
2026/4/16 3:58,刘原节制闸,800
2026/4/16 4:03,刘原节制闸,800
2026/4/16 4:09,刘原节制闸,800
2026/4/16 4:14,刘原节制闸,800
2026/4/16 4:19,刘原节制闸,800
2026/4/16 4:25,刘原节制闸,800
2026/4/16 4:30,刘原节制闸,800
2026/4/16 4:35,刘原节制闸,800
2026/4/16 4:40,刘原节制闸,800
2026/4/16 4:46,刘原节制闸,800
2026/4/16 4:51,刘原节制闸,800
2026/4/16 4:56,刘原节制闸,800
2026/4/16 5:01,刘原节制闸,800
2026/4/16 5:07,刘原节制闸,800
2026/4/16 5:12,刘原节制闸,800
2026/4/16 5:17,刘原节制闸,800
2026/4/16 5:22,刘原节制闸,800
2026/4/16 5:27,刘原节制闸,800
2026/4/16 5:32,刘原节制闸,800
2026/4/16 5:38,刘原节制闸,800
2026/4/16 5:43,刘原节制闸,800
2026/4/16 5:49,刘原节制闸,800
2026/4/16 5:54,刘原节制闸,800
2026/4/16 5:59,刘原节制闸,800
2026/4/16 6:05,刘原节制闸,800
2026/4/16 6:10,刘原节制闸,800
2026/4/16 6:15,刘原节制闸,800
2026/4/16 6:21,刘原节制闸,-32
2026/4/16 6:26,刘原节制闸,-32
2026/4/16 6:31,刘原节制闸,-32
2026/4/16 6:36,刘原节制闸,-32
2026/4/16 6:42,刘原节制闸,-32
2026/4/16 6:47,刘原节制闸,-32
2026/4/16 6:52,刘原节制闸,-32
2026/4/16 6:58,刘原节制闸,-32
2026/4/16 7:03,刘原节制闸,-32
2026/4/16 7:08,刘原节制闸,-32
2026/4/16 7:13,刘原节制闸,-32
2026/4/16 7:19,刘原节制闸,-32
2026/4/16 7:24,刘原节制闸,-32
2026/4/16 7:30,刘原节制闸,-32
2026/4/16 7:35,刘原节制闸,-32
2026/4/16 7:41,刘原节制闸,-32
2026/4/16 7:46,刘原节制闸,-32
2026/4/16 7:51,刘原节制闸,-32
2026/4/16 7:56,刘原节制闸,-32
2026/4/16 8:01,刘原节制闸,-32
2026/4/16 8:07,刘原节制闸,-32
2026/4/16 8:12,刘原节制闸,-32
2026/4/16 8:17,刘原节制闸,-32
2026/4/16 8:23,刘原节制闸,-32
2026/4/16 8:28,刘原节制闸,-32
2026/4/16 8:33,刘原节制闸,-32
2026/4/16 8:38,刘原节制闸,-32
2026/4/16 8:44,刘原节制闸,-32
2026/4/16 8:49,刘原节制闸,-32
2026/4/16 8:54,刘原节制闸,-32
2026/4/16 8:59,刘原节制闸,-32
2026/4/16 9:04,刘原节制闸,-32
2026/4/16 9:09,刘原节制闸,-32
2026/4/16 9:15,刘原节制闸,-32
2026/4/16 9:20,刘原节制闸,-32
2026/4/16 9:25,刘原节制闸,-32
2026/4/16 9:31,刘原节制闸,-32
2026/4/16 9:36,刘原节制闸,-32
2026/4/16 9:42,刘原节制闸,-32
2026/4/16 9:47,刘原节制闸,-32
2026/4/16 9:52,刘原节制闸,-32
2026/4/16 9:58,刘原节制闸,-32
2026/4/16 10:03,刘原节制闸,-32
2026/4/16 10:08,刘原节制闸,-32
2026/4/16 10:14,刘原节制闸,-32
2026/4/16 10:19,刘原节制闸,-32
2026/4/16 10:24,刘原节制闸,-32
2026/4/16 10:30,刘原节制闸,-32
2026/4/16 10:35,刘原节制闸,-32
2026/4/16 10:41,刘原节制闸,-32
2026/4/16 10:46,刘原节制闸,-32
2026/4/16 10:51,刘原节制闸,-32
2026/4/16 10:56,刘原节制闸,-32
2026/4/16 11:02,刘原节制闸,-32
2026/4/16 11:07,刘原节制闸,-32
2026/4/16 11:13,刘原节制闸,-32
2026/4/16 11:18,刘原节制闸,-32
2026/4/16 11:23,刘原节制闸,-32
2026/4/16 11:28,刘原节制闸,-32
2026/4/16 11:34,刘原节制闸,-32
2026/4/16 11:39,刘原节制闸,-32
2026/4/16 11:44,刘原节制闸,-32
2026/4/16 11:49,刘原节制闸,-32
2026/4/16 11:54,刘原节制闸,-32
2026/4/16 12:00,刘原节制闸,-32
2026/4/16 12:05,刘原节制闸,-32
2026/4/16 12:11,刘原节制闸,-32
2026/4/16 12:16,刘原节制闸,-32
2026/4/16 12:21,刘原节制闸,-32
2026/4/16 12:26,刘原节制闸,-32
2026/4/16 12:32,刘原节制闸,-32
2026/4/16 12:37,刘原节制闸,-32
2026/4/16 12:42,刘原节制闸,-32
2026/4/16 12:47,刘原节制闸,-32
2026/4/16 12:53,刘原节制闸,-32
2026/4/16 12:58,刘原节制闸,-32
2026/4/16 13:03,刘原节制闸,-32
2026/4/16 13:09,刘原节制闸,-32
2026/4/16 13:14,刘原节制闸,-32
2026/4/16 13:19,刘原节制闸,-32
2026/4/16 13:25,刘原节制闸,-32
2026/4/16 13:30,刘原节制闸,-32
2026/4/16 13:35,刘原节制闸,-32
2026/4/16 13:41,刘原节制闸,-32
2026/4/16 13:46,刘原节制闸,-32
2026/4/16 13:51,刘原节制闸,-32
2026/4/16 13:57,刘原节制闸,-32
2026/4/16 14:02,刘原节制闸,-32
2026/4/16 14:07,刘原节制闸,-32
2026/4/16 14:13,刘原节制闸,-32
2026/4/16 14:18,刘原节制闸,-32
2026/4/16 14:23,刘原节制闸,-32
2026/4/16 14:29,刘原节制闸,-32
2026/4/16 14:34,刘原节制闸,-32
2026/4/16 14:39,刘原节制闸,-32
2026/4/16 14:45,刘原节制闸,-32
2026/4/16 14:50,刘原节制闸,-32
2026/4/16 14:55,刘原节制闸,-32
2026/4/16 15:00,刘原节制闸,-32
2026/4/16 15:06,刘原节制闸,-32
2026/4/16 15:11,刘原节制闸,-32
2026/4/16 15:17,刘原节制闸,-32
2026/4/16 15:22,刘原节制闸,-32
2026/4/16 15:27,刘原节制闸,-32
2026/4/16 15:33,刘原节制闸,-32
2026/4/16 15:38,刘原节制闸,-32
2026/4/16 15:43,刘原节制闸,-32
2026/4/16 15:48,刘原节制闸,-32
2026/4/16 15:54,刘原节制闸,-32
2026/4/16 15:59,刘原节制闸,-32
2026/4/16 16:05,刘原节制闸,-32
2026/4/16 16:10,刘原节制闸,-32
2026/4/16 16:15,刘原节制闸,-32
2026/4/16 16:20,刘原节制闸,-32
2026/4/16 20:51,刘原节制闸,-32
2026/4/16 21:54,刘原节制闸,-32
2026/4/16 21:59,刘原节制闸,-32
2026/4/16 22:04,刘原节制闸,-32
2026/4/16 22:09,刘原节制闸,-32
2026/4/16 22:14,刘原节制闸,-32
2026/4/16 22:20,刘原节制闸,-32
2026/4/16 22:25,刘原节制闸,-32
2026/4/16 22:31,刘原节制闸,-32
2026/4/16 22:36,刘原节制闸,-32
2026/4/16 22:41,刘原节制闸,-32
2026/4/16 22:47,刘原节制闸,-32
2026/4/16 22:52,刘原节制闸,-32
2026/4/16 22:57,刘原节制闸,-32
2026/4/16 23:02,刘原节制闸,-32
2026/4/16 23:08,刘原节制闸,-32
2026/4/16 23:13,刘原节制闸,-32
2026/4/16 23:18,刘原节制闸,-32
2026/4/16 23:23,刘原节制闸,-32
2026/4/16 23:29,刘原节制闸,-32
2026/4/16 23:34,刘原节制闸,-32
2026/4/16 23:39,刘原节制闸,-32
2026/4/16 23:45,刘原节制闸,-32
2026/4/16 23:50,刘原节制闸,-32
2026/4/16 23:55,刘原节制闸,-32
2026/4/17 0:00,刘原节制闸,-32
2026/4/17 0:05,刘原节制闸,-32
2026/4/17 0:10,刘原节制闸,-32
2026/4/17 0:16,刘原节制闸,-32
2026/4/17 0:21,刘原节制闸,-32
2026/4/17 0:26,刘原节制闸,-32
2026/4/17 0:32,刘原节制闸,-32
2026/4/17 0:37,刘原节制闸,-32
2026/4/17 0:42,刘原节制闸,-32
2026/4/17 0:47,刘原节制闸,-32
2026/4/17 0:53,刘原节制闸,-32
2026/4/17 0:58,刘原节制闸,-32
2026/4/17 1:03,刘原节制闸,300
2026/4/17 1:08,刘原节制闸,300
2026/4/17 1:13,刘原节制闸,300
2026/4/17 1:19,刘原节制闸,300
2026/4/17 1:24,刘原节制闸,300
2026/4/17 1:29,刘原节制闸,300
2026/4/17 1:35,刘原节制闸,300
2026/4/17 1:40,刘原节制闸,300
2026/4/17 1:45,刘原节制闸,300
2026/4/17 1:50,刘原节制闸,300
2026/4/17 1:56,刘原节制闸,300
2026/4/17 2:01,刘原节制闸,300
2026/4/17 2:06,刘原节制闸,300
2026/4/17 2:12,刘原节制闸,300
2026/4/17 2:17,刘原节制闸,300
2026/4/17 2:22,刘原节制闸,300
2026/4/17 2:27,刘原节制闸,366
2026/4/17 2:33,刘原节制闸,500
2026/4/17 2:38,刘原节制闸,500
2026/4/17 2:43,刘原节制闸,500
2026/4/17 2:49,刘原节制闸,500
2026/4/17 2:54,刘原节制闸,500
2026/4/17 2:59,刘原节制闸,500
2026/4/17 3:05,刘原节制闸,500
2026/4/17 3:10,刘原节制闸,500
2026/4/17 3:16,刘原节制闸,500
2026/4/17 3:21,刘原节制闸,500
2026/4/17 3:27,刘原节制闸,500
2026/4/17 3:32,刘原节制闸,500
2026/4/17 3:37,刘原节制闸,500
2026/4/17 3:43,刘原节制闸,500
2026/4/17 3:48,刘原节制闸,500
2026/4/17 3:53,刘原节制闸,500
2026/4/17 3:58,刘原节制闸,500
2026/4/17 4:04,刘原节制闸,300
2026/4/17 4:09,刘原节制闸,300
2026/4/17 4:14,刘原节制闸,300
2026/4/17 4:20,刘原节制闸,300
2026/4/17 4:25,刘原节制闸,300
2026/4/17 4:30,刘原节制闸,300
2026/4/17 4:35,刘原节制闸,300
2026/4/17 4:40,刘原节制闸,300
2026/4/17 4:46,刘原节制闸,300
2026/4/17 4:51,刘原节制闸,300
2026/4/17 4:56,刘原节制闸,300
2026/4/17 5:02,刘原节制闸,100
2026/4/17 5:07,刘原节制闸,50
2026/4/17 5:12,刘原节制闸,20
2026/4/17 5:17,刘原节制闸,20
2026/4/17 5:22,刘原节制闸,20
2026/4/17 5:28,刘原节制闸,100
2026/4/17 5:33,刘原节制闸,100
2026/4/17 5:38,刘原节制闸,100
2026/4/17 5:43,刘原节制闸,100
2026/4/17 5:49,刘原节制闸,100
2026/4/17 5:54,刘原节制闸,100
2026/4/17 5:59,刘原节制闸,50
2026/4/17 6:04,刘原节制闸,50
2026/4/17 6:09,刘原节制闸,50
2026/4/17 6:15,刘原节制闸,50
2026/4/17 6:20,刘原节制闸,50
2026/4/17 6:26,刘原节制闸,50
2026/4/17 6:31,刘原节制闸,150
2026/4/17 6:36,刘原节制闸,150
2026/4/17 6:41,刘原节制闸,150
2026/4/17 6:47,刘原节制闸,150
2026/4/17 6:52,刘原节制闸,150
2026/4/17 6:58,刘原节制闸,150
2026/4/17 7:03,刘原节制闸,150
2026/4/17 7:08,刘原节制闸,200
2026/4/17 7:14,刘原节制闸,200
2026/4/17 7:19,刘原节制闸,200
2026/4/17 7:24,刘原节制闸,200
2026/4/17 7:29,刘原节制闸,200
2026/4/17 7:34,刘原节制闸,200
2026/4/17 7:40,刘原节制闸,200
2026/4/17 7:45,刘原节制闸,200
2026/4/17 7:51,刘原节制闸,200
2026/4/17 7:56,刘原节制闸,200
2026/4/17 8:02,刘原节制闸,200
2026/4/17 8:07,刘原节制闸,200
2026/4/17 8:12,刘原节制闸,200
2026/4/17 8:17,刘原节制闸,200
2026/4/17 8:23,刘原节制闸,200
2026/4/17 8:28,刘原节制闸,200
2026/4/17 8:34,刘原节制闸,200
2026/4/17 8:39,刘原节制闸,200
2026/4/17 8:44,刘原节制闸,200
2026/4/17 8:49,刘原节制闸,200
2026/4/17 8:55,刘原节制闸,200
2026/4/17 9:00,刘原节制闸,200
2026/4/17 9:05,刘原节制闸,200
2026/4/17 9:11,刘原节制闸,200
2026/4/17 9:16,刘原节制闸,200
2026/4/17 9:21,刘原节制闸,200
2026/4/17 9:26,刘原节制闸,200
2026/4/17 9:32,刘原节制闸,200
2026/4/17 9:37,刘原节制闸,200
2026/4/17 9:42,刘原节制闸,200
2026/4/17 9:48,刘原节制闸,200
2026/4/17 9:53,刘原节制闸,200
2026/4/17 9:58,刘原节制闸,200
2026/4/17 10:03,刘原节制闸,200
2026/4/17 10:08,刘原节制闸,200
2026/4/17 10:13,刘原节制闸,200
2026/4/17 10:18,刘原节制闸,200
2026/4/17 10:23,刘原节制闸,200
2026/4/17 10:29,刘原节制闸,200
2026/4/17 10:34,刘原节制闸,200
2026/4/17 10:39,刘原节制闸,200
2026/4/17 10:45,刘原节制闸,200
2026/4/17 10:50,刘原节制闸,200
2026/4/17 10:55,刘原节制闸,200
2026/4/17 11:00,刘原节制闸,200
2026/4/17 11:06,刘原节制闸,200
2026/4/17 11:11,刘原节制闸,200
2026/4/17 11:17,刘原节制闸,200
2026/4/17 11:22,刘原节制闸,200
2026/4/17 11:28,刘原节制闸,200
2026/4/17 11:33,刘原节制闸,200
2026/4/17 11:38,刘原节制闸,200
2026/4/17 11:44,刘原节制闸,200
2026/4/17 11:49,刘原节制闸,200
2026/4/17 11:55,刘原节制闸,200
2026/4/17 12:00,刘原节制闸,200
2026/4/17 12:05,刘原节制闸,200
2026/4/17 12:10,刘原节制闸,200
2026/4/17 12:15,刘原节制闸,200
2026/4/17 12:21,刘原节制闸,200
2026/4/17 12:26,刘原节制闸,200
2026/4/17 12:32,刘原节制闸,200
2026/4/17 12:37,刘原节制闸,200
2026/4/17 12:42,刘原节制闸,200
2026/4/17 12:48,刘原节制闸,200
2026/4/17 12:53,刘原节制闸,200
2026/4/17 12:58,刘原节制闸,200
2026/4/17 13:03,刘原节制闸,200
2026/4/17 13:08,刘原节制闸,200
2026/4/17 13:13,刘原节制闸,200
2026/4/17 13:19,刘原节制闸,200
2026/4/17 13:24,刘原节制闸,200
2026/4/17 13:30,刘原节制闸,200
2026/4/17 13:35,刘原节制闸,200
2026/4/17 13:40,刘原节制闸,200
2026/4/17 13:46,刘原节制闸,200
2026/4/17 13:51,刘原节制闸,200
2026/4/17 13:56,刘原节制闸,200
2026/4/17 14:01,刘原节制闸,200
2026/4/17 14:06,刘原节制闸,200
2026/4/17 14:12,刘原节制闸,200
2026/4/17 14:17,刘原节制闸,200
2026/4/17 14:22,刘原节制闸,200
2026/4/17 14:28,刘原节制闸,200
2026/4/17 14:33,刘原节制闸,200
2026/4/17 14:38,刘原节制闸,200
2026/4/17 14:44,刘原节制闸,200
2026/4/17 14:49,刘原节制闸,200
2026/4/17 14:55,刘原节制闸,200
2026/4/17 15:00,刘原节制闸,200
2026/4/17 15:05,刘原节制闸,200
2026/4/17 15:11,刘原节制闸,200
2026/4/17 15:16,刘原节制闸,10
2026/4/17 15:21,刘原节制闸,200
2026/4/17 15:26,刘原节制闸,200
2026/4/17 15:32,刘原节制闸,200
2026/4/17 15:37,刘原节制闸,200
2026/4/17 15:42,刘原节制闸,200
2026/4/17 15:47,刘原节制闸,200
2026/4/17 15:52,刘原节制闸,200
2026/4/17 15:58,刘原节制闸,200
2026/4/17 16:03,刘原节制闸,200
2026/4/17 16:08,刘原节制闸,200
2026/4/17 16:14,刘原节制闸,200
2026/4/17 16:19,刘原节制闸,200
2026/4/17 16:25,刘原节制闸,150
2026/4/17 16:30,刘原节制闸,150
2026/4/17 16:35,刘原节制闸,150
2026/4/17 16:41,刘原节制闸,150
2026/4/17 16:46,刘原节制闸,150
2026/4/17 16:51,刘原节制闸,150
2026/4/17 16:57,刘原节制闸,150
2026/4/17 17:02,刘原节制闸,150
2026/4/17 17:07,刘原节制闸,150
2026/4/17 17:12,刘原节制闸,150
2026/4/17 17:18,刘原节制闸,150
2026/4/17 17:23,刘原节制闸,150
2026/4/17 17:28,刘原节制闸,150
2026/4/17 17:33,刘原节制闸,150
2026/4/17 17:39,刘原节制闸,150
2026/4/17 17:44,刘原节制闸,150
2026/4/17 17:49,刘原节制闸,150
2026/4/17 17:54,刘原节制闸,150
2026/4/17 17:59,刘原节制闸,150
2026/4/17 18:04,刘原节制闸,150
2026/4/17 18:10,刘原节制闸,150
2026/4/17 18:15,刘原节制闸,150
2026/4/17 18:20,刘原节制闸,150
2026/4/17 18:26,刘原节制闸,150
2026/4/17 18:31,刘原节制闸,150
2026/4/17 18:36,刘原节制闸,150
2026/4/17 18:41,刘原节制闸,150
2026/4/17 18:46,刘原节制闸,150
2026/4/17 18:51,刘原节制闸,150
2026/4/17 18:56,刘原节制闸,150
2026/4/17 19:02,刘原节制闸,150
2026/4/17 19:07,刘原节制闸,150
2026/4/17 19:12,刘原节制闸,150
2026/4/17 19:17,刘原节制闸,150
2026/4/17 19:23,刘原节制闸,150
2026/4/17 19:28,刘原节制闸,150
2026/4/17 19:33,刘原节制闸,150
2026/4/17 19:39,刘原节制闸,150
2026/4/17 19:44,刘原节制闸,150
2026/4/17 19:49,刘原节制闸,150
2026/4/17 19:54,刘原节制闸,150
2026/4/17 20:00,刘原节制闸,150
2026/4/17 20:05,刘原节制闸,150
2026/4/17 20:10,刘原节制闸,150
2026/4/17 20:16,刘原节制闸,150
2026/4/17 20:21,刘原节制闸,150
2026/4/17 20:26,刘原节制闸,150
2026/4/17 20:31,刘原节制闸,150
2026/4/17 20:37,刘原节制闸,150
2026/4/17 20:42,刘原节制闸,150
2026/4/17 20:48,刘原节制闸,150
2026/4/17 20:53,刘原节制闸,150
2026/4/17 20:59,刘原节制闸,150
2026/4/17 21:04,刘原节制闸,150
2026/4/17 21:09,刘原节制闸,150
2026/4/17 21:14,刘原节制闸,150
2026/4/17 21:19,刘原节制闸,150
2026/4/17 21:24,刘原节制闸,150
2026/4/17 21:30,刘原节制闸,150
2026/4/17 21:35,刘原节制闸,150
2026/4/17 21:40,刘原节制闸,150
2026/4/17 21:45,刘原节制闸,150
2026/4/17 21:50,刘原节制闸,150
2026/4/17 21:55,刘原节制闸,150
2026/4/17 22:01,刘原节制闸,150
2026/4/17 22:06,刘原节制闸,150
2026/4/17 22:11,刘原节制闸,150
2026/4/17 22:16,刘原节制闸,150
2026/4/17 22:22,刘原节制闸,150
2026/4/17 22:27,刘原节制闸,150
2026/4/17 22:32,刘原节制闸,150
2026/4/17 22:38,刘原节制闸,150
2026/4/17 22:43,刘原节制闸,150
2026/4/17 22:49,刘原节制闸,150
2026/4/17 22:54,刘原节制闸,150
2026/4/17 23:00,刘原节制闸,150
2026/4/17 23:03,刘原节制闸,150
2026/4/17 23:10,刘原节制闸,150
2026/4/17 23:16,刘原节制闸,150
2026/4/17 23:21,刘原节制闸,150
2026/4/17 23:26,刘原节制闸,150
2026/4/17 23:31,刘原节制闸,150
2026/4/17 23:37,刘原节制闸,150
2026/4/17 23:42,刘原节制闸,150
2026/4/17 23:47,刘原节制闸,150
2026/4/17 23:53,刘原节制闸,150
2026/4/17 23:58,刘原节制闸,150
2026/4/18 0:03,刘原节制闸,150
2026/4/18 0:09,刘原节制闸,150
2026/4/18 0:14,刘原节制闸,150
2026/4/18 0:19,刘原节制闸,150
2026/4/18 0:24,刘原节制闸,150
2026/4/18 0:30,刘原节制闸,150
2026/4/18 0:35,刘原节制闸,150
2026/4/18 0:40,刘原节制闸,150
2026/4/18 0:46,刘原节制闸,150
2026/4/18 0:51,刘原节制闸,150
2026/4/18 0:57,刘原节制闸,150
2026/4/18 1:01,刘原节制闸,150
2026/4/18 1:09,刘原节制闸,150
2026/4/18 1:15,刘原节制闸,150
2026/4/18 1:20,刘原节制闸,150
2026/4/18 1:25,刘原节制闸,150
2026/4/18 1:31,刘原节制闸,150
2026/4/18 1:36,刘原节制闸,150
2026/4/18 1:41,刘原节制闸,150
2026/4/18 1:47,刘原节制闸,150
2026/4/18 1:52,刘原节制闸,150
2026/4/18 1:57,刘原节制闸,150
2026/4/18 2:03,刘原节制闸,150
2026/4/18 2:08,刘原节制闸,150
2026/4/18 2:13,刘原节制闸,150
2026/4/18 2:19,刘原节制闸,150
2026/4/18 2:24,刘原节制闸,150
2026/4/18 2:30,刘原节制闸,150
2026/4/18 2:35,刘原节制闸,150
2026/4/18 2:40,刘原节制闸,150
2026/4/18 2:46,刘原节制闸,150
2026/4/18 2:51,刘原节制闸,150
2026/4/18 2:56,刘原节制闸,150
2026/4/18 3:01,刘原节制闸,150
2026/4/18 3:07,刘原节制闸,150
2026/4/18 3:12,刘原节制闸,150
2026/4/18 3:18,刘原节制闸,150
2026/4/18 3:23,刘原节制闸,150
2026/4/18 3:29,刘原节制闸,150
2026/4/18 3:34,刘原节制闸,150
2026/4/18 3:40,刘原节制闸,150
2026/4/18 3:45,刘原节制闸,150
2026/4/18 3:50,刘原节制闸,150
2026/4/18 3:55,刘原节制闸,150
2026/4/18 4:01,刘原节制闸,150
2026/4/18 4:06,刘原节制闸,150
2026/4/18 4:11,刘原节制闸,150
2026/4/18 4:17,刘原节制闸,150
2026/4/18 4:22,刘原节制闸,150
2026/4/18 4:28,刘原节制闸,150
2026/4/18 4:33,刘原节制闸,150
2026/4/18 4:38,刘原节制闸,150
2026/4/18 4:44,刘原节制闸,150
2026/4/18 4:49,刘原节制闸,150
2026/4/18 4:54,刘原节制闸,150
2026/4/18 5:00,刘原节制闸,150
2026/4/18 5:05,刘原节制闸,150
2026/4/18 5:10,刘原节制闸,150
2026/4/18 5:16,刘原节制闸,150
2026/4/18 5:21,刘原节制闸,150
2026/4/18 5:27,刘原节制闸,150
2026/4/18 5:32,刘原节制闸,150
2026/4/18 5:37,刘原节制闸,150
2026/4/18 5:43,刘原节制闸,150
2026/4/18 5:48,刘原节制闸,150
2026/4/18 5:53,刘原节制闸,150
2026/4/18 5:59,刘原节制闸,150
2026/4/18 6:04,刘原节制闸,150
2026/4/18 6:10,刘原节制闸,150
2026/4/18 6:15,刘原节制闸,150
2026/4/18 6:20,刘原节制闸,150
2026/4/18 6:25,刘原节制闸,150
2026/4/18 6:31,刘原节制闸,150
2026/4/18 6:36,刘原节制闸,150
2026/4/18 6:42,刘原节制闸,150
2026/4/18 6:47,刘原节制闸,150
2026/4/18 6:52,刘原节制闸,150
2026/4/18 6:58,刘原节制闸,150
2026/4/18 7:03,刘原节制闸,150
2026/4/18 7:08,刘原节制闸,150
2026/4/18 7:14,刘原节制闸,150
2026/4/18 7:19,刘原节制闸,150
2026/4/18 7:24,刘原节制闸,150
2026/4/18 7:29,刘原节制闸,150
2026/4/18 7:35,刘原节制闸,150
2026/4/18 7:40,刘原节制闸,150
2026/4/18 7:45,刘原节制闸,150
2026/4/18 7:51,刘原节制闸,150
2026/4/18 7:56,刘原节制闸,150
2026/4/18 8:01,刘原节制闸,150
2026/4/18 8:06,刘原节制闸,150
2026/4/18 8:12,刘原节制闸,150
2026/4/18 8:17,刘原节制闸,150
2026/4/18 8:22,刘原节制闸,150
2026/4/18 8:28,刘原节制闸,150
2026/4/18 8:33,刘原节制闸,150
2026/4/18 8:38,刘原节制闸,150
2026/4/18 8:44,刘原节制闸,150
2026/4/18 8:49,刘原节制闸,150
2026/4/18 8:54,刘原节制闸,150
2026/4/18 9:00,刘原节制闸,150
2026/4/18 9:05,刘原节制闸,150
2026/4/18 9:10,刘原节制闸,150
2026/4/18 9:16,刘原节制闸,150
2026/4/18 9:21,刘原节制闸,150
2026/4/18 9:26,刘原节制闸,150
2026/4/18 9:31,刘原节制闸,150
2026/4/18 9:36,刘原节制闸,200
2026/4/18 9:41,刘原节制闸,200
2026/4/18 9:47,刘原节制闸,200
2026/4/18 9:52,刘原节制闸,200
2026/4/18 9:57,刘原节制闸,200
2026/4/18 10:03,刘原节制闸,200
2026/4/18 10:08,刘原节制闸,200
2026/4/18 10:13,刘原节制闸,200
2026/4/18 10:18,刘原节制闸,200
2026/4/18 10:23,刘原节制闸,200
2026/4/18 10:29,刘原节制闸,200
2026/4/18 10:34,刘原节制闸,200
2026/4/18 10:39,刘原节制闸,200
2026/4/18 10:45,刘原节制闸,200
2026/4/18 10:50,刘原节制闸,200
2026/4/18 10:55,刘原节制闸,200
2026/4/18 11:01,刘原节制闸,200
2026/4/18 11:06,刘原节制闸,200
2026/4/18 11:12,刘原节制闸,200
2026/4/18 11:17,刘原节制闸,200
2026/4/18 11:22,刘原节制闸,200
2026/4/18 11:28,刘原节制闸,200
2026/4/18 11:33,刘原节制闸,200
2026/4/18 11:38,刘原节制闸,200
2026/4/18 11:43,刘原节制闸,200
2026/4/18 11:48,刘原节制闸,200
2026/4/18 11:54,刘原节制闸,200
2026/4/18 11:59,刘原节制闸,200
2026/4/18 12:04,刘原节制闸,200
2026/4/18 12:09,刘原节制闸,200
2026/4/18 12:15,刘原节制闸,200
2026/4/18 12:20,刘原节制闸,200
2026/4/18 12:25,刘原节制闸,200
2026/4/18 12:30,刘原节制闸,200
2026/4/18 12:35,刘原节制闸,200
2026/4/18 12:41,刘原节制闸,200
2026/4/18 12:46,刘原节制闸,200
2026/4/18 12:51,刘原节制闸,200
2026/4/18 12:57,刘原节制闸,200
2026/4/18 13:02,刘原节制闸,200
2026/4/18 13:08,刘原节制闸,200
2026/4/18 13:13,刘原节制闸,200
2026/4/18 13:18,刘原节制闸,200
2026/4/18 13:24,刘原节制闸,200
2026/4/18 13:29,刘原节制闸,200
2026/4/18 13:35,刘原节制闸,200
2026/4/18 13:40,刘原节制闸,200
2026/4/18 13:45,刘原节制闸,200
2026/4/18 13:50,刘原节制闸,200
2026/4/18 13:56,刘原节制闸,200
2026/4/18 14:01,刘原节制闸,200
2026/4/18 14:07,刘原节制闸,200
2026/4/18 14:12,刘原节制闸,200
2026/4/18 14:17,刘原节制闸,200
2026/4/18 14:23,刘原节制闸,200
2026/4/18 14:28,刘原节制闸,200
2026/4/18 14:33,刘原节制闸,200
2026/4/18 14:38,刘原节制闸,200
2026/4/18 14:44,刘原节制闸,200
2026/4/18 14:49,刘原节制闸,200
2026/4/18 14:54,刘原节制闸,200
2026/4/18 14:59,刘原节制闸,200
2026/4/18 15:05,刘原节制闸,200
2026/4/18 15:10,刘原节制闸,200
2026/4/18 15:16,刘原节制闸,200
2026/4/18 15:21,刘原节制闸,200
2026/4/18 15:26,刘原节制闸,200
2026/4/18 15:31,刘原节制闸,200
2026/4/18 15:37,刘原节制闸,200
2026/4/18 15:42,刘原节制闸,200
2026/4/18 15:47,刘原节制闸,200
2026/4/18 15:53,刘原节制闸,200
2026/4/18 15:58,刘原节制闸,200
2026/4/18 16:03,刘原节制闸,200
2026/4/18 16:08,刘原节制闸,200
2026/4/18 16:13,刘原节制闸,200
2026/4/18 16:19,刘原节制闸,200
2026/4/18 16:24,刘原节制闸,200
2026/4/18 16:29,刘原节制闸,200
2026/4/18 16:34,刘原节制闸,200
2026/4/18 16:40,刘原节制闸,200
2026/4/18 16:45,刘原节制闸,200
2026/4/18 16:51,刘原节制闸,200
2026/4/18 16:56,刘原节制闸,200
2026/4/18 17:02,刘原节制闸,200
2026/4/18 17:07,刘原节制闸,200
2026/4/18 17:13,刘原节制闸,200
2026/4/18 17:18,刘原节制闸,200
2026/4/18 17:23,刘原节制闸,200
2026/4/18 17:29,刘原节制闸,200
2026/4/18 17:34,刘原节制闸,200
2026/4/18 17:39,刘原节制闸,200
2026/4/18 17:45,刘原节制闸,200
2026/4/18 17:50,刘原节制闸,200
2026/4/18 17:55,刘原节制闸,200
2026/4/18 18:01,刘原节制闸,200
2026/4/18 18:06,刘原节制闸,200
2026/4/18 18:11,刘原节制闸,200
2026/4/18 18:16,刘原节制闸,200
2026/4/18 18:22,刘原节制闸,200
2026/4/18 18:27,刘原节制闸,200
2026/4/18 18:32,刘原节制闸,200
2026/4/18 18:37,刘原节制闸,200
2026/4/18 18:42,刘原节制闸,200
2026/4/18 18:48,刘原节制闸,200
2026/4/18 18:53,刘原节制闸,200
2026/4/18 18:58,刘原节制闸,200
2026/4/18 19:04,刘原节制闸,200
2026/4/18 19:09,刘原节制闸,200
2026/4/18 19:15,刘原节制闸,200
2026/4/18 19:20,刘原节制闸,200
2026/4/18 19:26,刘原节制闸,200
2026/4/18 19:31,刘原节制闸,200
2026/4/18 19:36,刘原节制闸,200
2026/4/18 19:41,刘原节制闸,200
2026/4/18 19:46,刘原节制闸,200
2026/4/18 19:52,刘原节制闸,200
2026/4/18 19:57,刘原节制闸,200
2026/4/18 20:03,刘原节制闸,200
2026/4/18 20:08,刘原节制闸,200
2026/4/18 20:13,刘原节制闸,200
2026/4/18 20:19,刘原节制闸,200
2026/4/18 20:24,刘原节制闸,200
2026/4/18 20:30,刘原节制闸,200
2026/4/18 20:35,刘原节制闸,200
2026/4/18 20:41,刘原节制闸,200
2026/4/18 20:46,刘原节制闸,200
2026/4/18 20:51,刘原节制闸,200
2026/4/18 20:56,刘原节制闸,200
2026/4/18 21:02,刘原节制闸,200
2026/4/18 21:07,刘原节制闸,200
2026/4/18 21:12,刘原节制闸,200
2026/4/18 21:18,刘原节制闸,200
2026/4/18 21:23,刘原节制闸,200
2026/4/18 21:28,刘原节制闸,200
2026/4/18 21:34,刘原节制闸,200
2026/4/18 21:39,刘原节制闸,200
2026/4/18 21:44,刘原节制闸,200
2026/4/18 21:50,刘原节制闸,200
2026/4/18 21:55,刘原节制闸,200
2026/4/18 22:01,刘原节制闸,200
2026/4/18 22:06,刘原节制闸,200
2026/4/18 22:11,刘原节制闸,200
2026/4/18 22:16,刘原节制闸,200
2026/4/18 22:21,刘原节制闸,200
2026/4/18 22:27,刘原节制闸,200
2026/4/18 22:32,刘原节制闸,200
2026/4/18 22:37,刘原节制闸,200
2026/4/18 22:42,刘原节制闸,200
2026/4/18 22:48,刘原节制闸,200
2026/4/18 22:53,刘原节制闸,200
2026/4/18 22:58,刘原节制闸,200
2026/4/18 23:04,刘原节制闸,200
2026/4/18 23:09,刘原节制闸,200
2026/4/18 23:14,刘原节制闸,200
2026/4/18 23:20,刘原节制闸,200
2026/4/18 23:25,刘原节制闸,200
2026/4/18 23:31,刘原节制闸,200
2026/4/18 23:36,刘原节制闸,200
2026/4/18 23:41,刘原节制闸,200
2026/4/18 23:47,刘原节制闸,200
2026/4/18 23:52,刘原节制闸,200
2026/4/18 23:58,刘原节制闸,200
2026/4/19 0:03,刘原节制闸,200
2026/4/19 0:08,刘原节制闸,200
2026/4/19 0:14,刘原节制闸,200
2026/4/19 0:19,刘原节制闸,200
2026/4/19 0:24,刘原节制闸,200
2026/4/19 0:29,刘原节制闸,200
2026/4/19 0:34,刘原节制闸,200
2026/4/19 0:40,刘原节制闸,200
2026/4/19 0:45,刘原节制闸,200
2026/4/19 0:51,刘原节制闸,200
2026/4/19 0:56,刘原节制闸,200
2026/4/19 1:01,刘原节制闸,200
2026/4/19 1:07,刘原节制闸,200
2026/4/19 1:12,刘原节制闸,200
2026/4/19 1:17,刘原节制闸,200
2026/4/19 1:23,刘原节制闸,200
2026/4/19 1:28,刘原节制闸,200
2026/4/19 1:34,刘原节制闸,200
2026/4/19 1:39,刘原节制闸,200
2026/4/19 1:44,刘原节制闸,200
2026/4/19 1:50,刘原节制闸,200
2026/4/19 1:55,刘原节制闸,200
2026/4/19 2:00,刘原节制闸,200
2026/4/19 2:06,刘原节制闸,200
2026/4/19 2:11,刘原节制闸,200
2026/4/19 2:16,刘原节制闸,200
2026/4/19 2:22,刘原节制闸,200
2026/4/19 2:27,刘原节制闸,200
2026/4/19 2:33,刘原节制闸,200
2026/4/19 2:38,刘原节制闸,200
2026/4/19 2:43,刘原节制闸,200
2026/4/19 2:49,刘原节制闸,200
2026/4/19 2:54,刘原节制闸,200
2026/4/19 2:59,刘原节制闸,200
2026/4/19 3:05,刘原节制闸,200
2026/4/19 3:10,刘原节制闸,200
2026/4/19 3:15,刘原节制闸,200
2026/4/19 3:21,刘原节制闸,200
2026/4/19 3:26,刘原节制闸,200
2026/4/19 3:31,刘原节制闸,200
2026/4/19 3:37,刘原节制闸,200
2026/4/19 3:42,刘原节制闸,200
2026/4/19 3:47,刘原节制闸,200
2026/4/19 3:52,刘原节制闸,200
2026/4/19 3:58,刘原节制闸,200
2026/4/19 4:03,刘原节制闸,200
2026/4/19 4:08,刘原节制闸,200
2026/4/19 4:13,刘原节制闸,200
2026/4/19 4:19,刘原节制闸,200
2026/4/19 4:24,刘原节制闸,200
2026/4/19 4:29,刘原节制闸,200
2026/4/19 4:34,刘原节制闸,200
2026/4/19 4:40,刘原节制闸,200
2026/4/19 4:45,刘原节制闸,200
2026/4/19 4:50,刘原节制闸,200
2026/4/19 4:56,刘原节制闸,200
2026/4/19 5:01,刘原节制闸,200
2026/4/19 5:06,刘原节制闸,200
2026/4/19 5:12,刘原节制闸,200
2026/4/19 5:17,刘原节制闸,200
2026/4/19 5:22,刘原节制闸,200
2026/4/19 5:27,刘原节制闸,200
2026/4/19 5:32,刘原节制闸,200
2026/4/19 5:37,刘原节制闸,200
2026/4/19 5:42,刘原节制闸,200
2026/4/19 5:48,刘原节制闸,200
2026/4/19 5:53,刘原节制闸,200
2026/4/19 5:59,刘原节制闸,200
2026/4/19 6:04,刘原节制闸,200
2026/4/19 6:09,刘原节制闸,200
2026/4/19 6:14,刘原节制闸,200
2026/4/19 6:19,刘原节制闸,200
2026/4/19 6:25,刘原节制闸,200
2026/4/19 6:30,刘原节制闸,200
2026/4/19 6:36,刘原节制闸,200
2026/4/19 6:41,刘原节制闸,200
2026/4/19 6:47,刘原节制闸,200
2026/4/19 6:52,刘原节制闸,200
2026/4/19 6:58,刘原节制闸,200
2026/4/19 7:03,刘原节制闸,200
2026/4/19 7:08,刘原节制闸,200
2026/4/19 7:13,刘原节制闸,200
2026/4/19 7:18,刘原节制闸,200
2026/4/19 7:24,刘原节制闸,200
2026/4/19 7:29,刘原节制闸,200
2026/4/19 7:34,刘原节制闸,200
2026/4/19 7:40,刘原节制闸,200
2026/4/19 7:45,刘原节制闸,200
2026/4/19 7:51,刘原节制闸,200
2026/4/19 7:56,刘原节制闸,200
2026/4/19 8:01,刘原节制闸,200
2026/4/19 8:06,刘原节制闸,200
2026/4/19 8:11,刘原节制闸,200
2026/4/19 8:16,刘原节制闸,200
2026/4/19 8:21,刘原节制闸,200
2026/4/19 8:27,刘原节制闸,200
2026/4/19 8:32,刘原节制闸,200
2026/4/19 8:38,刘原节制闸,200
2026/4/19 8:43,刘原节制闸,200
2026/4/19 8:48,刘原节制闸,200
2026/4/19 8:53,刘原节制闸,200
2026/4/19 8:59,刘原节制闸,200
2026/4/19 9:04,刘原节制闸,200
2026/4/19 9:09,刘原节制闸,200
2026/4/19 9:14,刘原节制闸,200
2026/4/19 9:19,刘原节制闸,200
2026/4/19 9:25,刘原节制闸,200
2026/4/19 9:30,刘原节制闸,200
2026/4/19 9:35,刘原节制闸,200
2026/4/19 9:41,刘原节制闸,200
2026/4/19 9:46,刘原节制闸,200
2026/4/19 9:51,刘原节制闸,200
2026/4/19 9:57,刘原节制闸,200
2026/4/19 10:02,刘原节制闸,200
2026/4/19 10:08,刘原节制闸,200
2026/4/19 10:13,刘原节制闸,200
2026/4/19 10:18,刘原节制闸,200
2026/4/19 10:23,刘原节制闸,200
2026/4/19 10:29,刘原节制闸,200
2026/4/19 10:34,刘原节制闸,200
2026/4/19 10:39,刘原节制闸,200
2026/4/19 10:44,刘原节制闸,200
2026/4/19 10:50,刘原节制闸,200
2026/4/19 10:55,刘原节制闸,200
2026/4/19 11:00,刘原节制闸,200
2026/4/19 11:05,刘原节制闸,200
2026/4/19 11:10,刘原节制闸,200
2026/4/19 11:16,刘原节制闸,200
2026/4/19 11:21,刘原节制闸,200
2026/4/19 11:27,刘原节制闸,200
2026/4/19 11:32,刘原节制闸,200
2026/4/19 11:38,刘原节制闸,200
2026/4/19 11:43,刘原节制闸,200
2026/4/19 11:48,刘原节制闸,200
2026/4/19 11:53,刘原节制闸,200
2026/4/19 11:59,刘原节制闸,200
2026/4/19 12:04,刘原节制闸,250
2026/4/19 12:09,刘原节制闸,250
2026/4/19 12:14,刘原节制闸,250
2026/4/19 12:20,刘原节制闸,300
2026/4/19 12:25,刘原节制闸,300
2026/4/19 12:30,刘原节制闸,300
2026/4/19 12:36,刘原节制闸,300
2026/4/19 12:41,刘原节制闸,300
2026/4/19 12:47,刘原节制闸,300
2026/4/19 12:52,刘原节制闸,300
2026/4/19 12:57,刘原节制闸,300
2026/4/19 13:03,刘原节制闸,300
2026/4/19 13:08,刘原节制闸,300
2026/4/19 13:13,刘原节制闸,300
2026/4/19 13:18,刘原节制闸,300
2026/4/19 13:23,刘原节制闸,300
2026/4/19 13:29,刘原节制闸,300
2026/4/19 13:34,刘原节制闸,300
2026/4/19 13:39,刘原节制闸,300
2026/4/19 13:45,刘原节制闸,300
2026/4/19 13:50,刘原节制闸,300
2026/4/19 13:56,刘原节制闸,300
2026/4/19 14:01,刘原节制闸,300
2026/4/19 14:06,刘原节制闸,300
2026/4/19 14:12,刘原节制闸,300
2026/4/19 14:17,刘原节制闸,300
2026/4/19 14:22,刘原节制闸,300
2026/4/19 14:28,刘原节制闸,300
2026/4/19 14:33,刘原节制闸,300
2026/4/19 14:39,刘原节制闸,300
2026/4/19 14:44,刘原节制闸,300
2026/4/19 14:49,刘原节制闸,300
2026/4/19 14:54,刘原节制闸,300
2026/4/19 14:59,刘原节制闸,300
2026/4/19 15:05,刘原节制闸,300
2026/4/19 15:10,刘原节制闸,300
2026/4/19 15:15,刘原节制闸,300
2026/4/19 15:21,刘原节制闸,300
2026/4/19 15:26,刘原节制闸,300
2026/4/19 15:32,刘原节制闸,300
2026/4/19 15:37,刘原节制闸,300
2026/4/19 15:43,刘原节制闸,300
2026/4/19 15:48,刘原节制闸,300
2026/4/19 15:53,刘原节制闸,300
2026/4/19 15:58,刘原节制闸,300
2026/4/19 16:03,刘原节制闸,300
2026/4/19 16:08,刘原节制闸,300
2026/4/19 16:14,刘原节制闸,300
2026/4/19 16:19,刘原节制闸,300
2026/4/19 16:24,刘原节制闸,300
2026/4/19 16:29,刘原节制闸,300
2026/4/19 16:34,刘原节制闸,300
2026/4/19 16:40,刘原节制闸,300
2026/4/19 16:45,刘原节制闸,300
2026/4/19 16:50,刘原节制闸,300
2026/4/19 16:56,刘原节制闸,300
2026/4/19 17:01,刘原节制闸,300
2026/4/19 17:07,刘原节制闸,300
2026/4/19 17:12,刘原节制闸,200
2026/4/19 17:17,刘原节制闸,200
2026/4/19 17:22,刘原节制闸,200
2026/4/19 17:28,刘原节制闸,200
2026/4/19 17:33,刘原节制闸,200
2026/4/19 17:39,刘原节制闸,200
2026/4/19 17:44,刘原节制闸,200
2026/4/19 17:49,刘原节制闸,200
2026/4/19 17:55,刘原节制闸,200
2026/4/19 18:00,刘原节制闸,200
2026/4/19 18:05,刘原节制闸,200
2026/4/19 18:11,刘原节制闸,200
2026/4/19 18:16,刘原节制闸,200
2026/4/19 18:21,刘原节制闸,200
2026/4/19 18:27,刘原节制闸,200
2026/4/19 18:32,刘原节制闸,200
2026/4/19 18:37,刘原节制闸,200
2026/4/19 18:43,刘原节制闸,200
2026/4/19 18:48,刘原节制闸,200
2026/4/19 18:54,刘原节制闸,200
2026/4/19 18:59,刘原节制闸,200
2026/4/19 19:04,刘原节制闸,200
2026/4/19 19:10,刘原节制闸,200
2026/4/19 19:15,刘原节制闸,200
2026/4/19 19:20,刘原节制闸,200
2026/4/19 19:26,刘原节制闸,200
2026/4/19 19:31,刘原节制闸,200
2026/4/19 19:36,刘原节制闸,200
2026/4/19 19:41,刘原节制闸,200
2026/4/19 19:47,刘原节制闸,200
2026/4/19 19:52,刘原节制闸,200
2026/4/19 19:58,刘原节制闸,200
2026/4/19 20:03,刘原节制闸,200
2026/4/19 20:08,刘原节制闸,200
2026/4/19 20:14,刘原节制闸,200
2026/4/19 20:19,刘原节制闸,200
2026/4/19 20:25,刘原节制闸,200
2026/4/19 20:30,刘原节制闸,200
2026/4/19 20:35,刘原节制闸,200
2026/4/19 20:41,刘原节制闸,200
2026/4/19 20:46,刘原节制闸,200
2026/4/19 20:52,刘原节制闸,200
2026/4/19 20:57,刘原节制闸,200
2026/4/19 21:02,刘原节制闸,200
2026/4/19 21:08,刘原节制闸,200
2026/4/19 21:13,刘原节制闸,200
2026/4/19 21:18,刘原节制闸,200
2026/4/19 21:24,刘原节制闸,200
2026/4/19 21:29,刘原节制闸,250
2026/4/19 21:35,刘原节制闸,250
2026/4/19 21:40,刘原节制闸,250
2026/4/19 21:45,刘原节制闸,250
2026/4/19 21:51,刘原节制闸,250
2026/4/19 21:56,刘原节制闸,250
2026/4/19 22:01,刘原节制闸,250
2026/4/19 22:07,刘原节制闸,250
2026/4/19 22:12,刘原节制闸,200
2026/4/19 22:17,刘原节制闸,200
2026/4/19 22:23,刘原节制闸,200
2026/4/19 22:28,刘原节制闸,200
2026/4/19 22:33,刘原节制闸,200
2026/4/19 22:38,刘原节制闸,200
2026/4/19 22:44,刘原节制闸,200
2026/4/19 22:49,刘原节制闸,200
2026/4/19 22:54,刘原节制闸,200
2026/4/19 22:59,刘原节制闸,200
2026/4/19 23:02,刘原节制闸,200
2026/4/19 23:10,刘原节制闸,200
2026/4/19 23:15,刘原节制闸,200
2026/4/19 23:20,刘原节制闸,200
2026/4/19 23:25,刘原节制闸,200
2026/4/19 23:30,刘原节制闸,200
2026/4/19 23:36,刘原节制闸,200
2026/4/19 23:41,刘原节制闸,200
2026/4/19 23:46,刘原节制闸,200
2026/4/19 23:52,刘原节制闸,200
2026/4/19 23:57,刘原节制闸,200
2026/4/20 0:03,刘原节制闸,200
2026/4/20 0:08,刘原节制闸,200
2026/4/20 0:13,刘原节制闸,200
2026/4/20 0:18,刘原节制闸,200
2026/4/20 0:23,刘原节制闸,200
2026/4/20 0:29,刘原节制闸,200
2026/4/20 0:34,刘原节制闸,200
2026/4/20 0:40,刘原节制闸,200
2026/4/20 0:45,刘原节制闸,200
2026/4/20 0:50,刘原节制闸,200
2026/4/20 0:56,刘原节制闸,200
2026/4/20 1:01,刘原节制闸,200
2026/4/20 1:06,刘原节制闸,200
2026/4/20 1:11,刘原节制闸,200
2026/4/20 1:16,刘原节制闸,200
2026/4/20 1:22,刘原节制闸,200
2026/4/20 1:27,刘原节制闸,200
2026/4/20 1:33,刘原节制闸,200
2026/4/20 1:38,刘原节制闸,200
2026/4/20 1:43,刘原节制闸,200
2026/4/20 1:48,刘原节制闸,200
2026/4/20 1:54,刘原节制闸,200
2026/4/20 1:59,刘原节制闸,200
2026/4/20 2:04,刘原节制闸,200
2026/4/20 2:09,刘原节制闸,200
2026/4/20 2:15,刘原节制闸,200
2026/4/20 2:20,刘原节制闸,200
2026/4/20 2:26,刘原节制闸,200
2026/4/20 2:31,刘原节制闸,200
2026/4/20 2:37,刘原节制闸,200
2026/4/20 2:42,刘原节制闸,200
2026/4/20 2:47,刘原节制闸,200
2026/4/20 2:52,刘原节制闸,200
2026/4/20 2:58,刘原节制闸,200
2026/4/20 3:03,刘原节制闸,200
2026/4/20 3:08,刘原节制闸,200
2026/4/20 3:13,刘原节制闸,200
2026/4/20 3:18,刘原节制闸,200
2026/4/20 3:24,刘原节制闸,200
2026/4/20 3:29,刘原节制闸,200
2026/4/20 3:34,刘原节制闸,200
2026/4/20 3:40,刘原节制闸,200
2026/4/20 3:45,刘原节制闸,200
2026/4/20 3:51,刘原节制闸,200
2026/4/20 3:56,刘原节制闸,200
2026/4/20 4:01,刘原节制闸,200
2026/4/20 4:07,刘原节制闸,200
2026/4/20 4:12,刘原节制闸,200
2026/4/20 4:17,刘原节制闸,200
2026/4/20 4:23,刘原节制闸,200
2026/4/20 4:28,刘原节制闸,200
2026/4/20 4:34,刘原节制闸,180
2026/4/20 4:39,刘原节制闸,180
2026/4/20 4:44,刘原节制闸,180
2026/4/20 4:50,刘原节制闸,180
2026/4/20 4:55,刘原节制闸,180
2026/4/20 5:00,刘原节制闸,180
2026/4/20 5:06,刘原节制闸,180
2026/4/20 5:11,刘原节制闸,180
2026/4/20 5:17,刘原节制闸,180
2026/4/20 5:22,刘原节制闸,180
2026/4/20 5:27,刘原节制闸,180
2026/4/20 5:32,刘原节制闸,180
2026/4/20 5:38,刘原节制闸,180
2026/4/20 5:43,刘原节制闸,180
2026/4/20 5:48,刘原节制闸,180
2026/4/20 5:54,刘原节制闸,150
2026/4/20 5:59,刘原节制闸,150
2026/4/20 6:04,刘原节制闸,150
2026/4/20 6:10,刘原节制闸,150
2026/4/20 6:15,刘原节制闸,150
2026/4/20 6:21,刘原节制闸,150
2026/4/20 6:26,刘原节制闸,150
2026/4/20 6:32,刘原节制闸,150
2026/4/20 6:37,刘原节制闸,150
2026/4/20 6:42,刘原节制闸,150
2026/4/20 6:47,刘原节制闸,150
2026/4/20 6:53,刘原节制闸,150
2026/4/20 6:58,刘原节制闸,150
2026/4/20 7:04,刘原节制闸,150
2026/4/20 7:09,刘原节制闸,150
2026/4/20 7:14,刘原节制闸,150
2026/4/20 7:20,刘原节制闸,150
2026/4/20 7:25,刘原节制闸,200
2026/4/20 7:30,刘原节制闸,200
2026/4/20 7:36,刘原节制闸,200
2026/4/20 7:41,刘原节制闸,200
2026/4/20 7:46,刘原节制闸,200
2026/4/20 7:52,刘原节制闸,200
2026/4/20 7:57,刘原节制闸,200
2026/4/20 8:02,刘原节制闸,200
2026/4/20 8:08,刘原节制闸,200
2026/4/20 8:13,刘原节制闸,200
2026/4/20 8:19,刘原节制闸,200
2026/4/20 8:24,刘原节制闸,200
2026/4/20 8:29,刘原节制闸,200
2026/4/20 8:35,刘原节制闸,200
2026/4/20 8:40,刘原节制闸,200
2026/4/20 8:45,刘原节制闸,200
2026/4/20 8:50,刘原节制闸,200
2026/4/20 8:56,刘原节制闸,200
2026/4/20 9:01,刘原节制闸,200
2026/4/20 9:07,刘原节制闸,200
2026/4/20 9:12,刘原节制闸,250
2026/4/20 9:17,刘原节制闸,250
2026/4/20 9:23,刘原节制闸,250
2026/4/20 9:28,刘原节制闸,250
2026/4/20 9:34,刘原节制闸,250
2026/4/20 9:39,刘原节制闸,250
2026/4/20 9:44,刘原节制闸,250
2026/4/20 9:50,刘原节制闸,250
2026/4/20 9:55,刘原节制闸,250
2026/4/20 10:00,刘原节制闸,250
2026/4/20 10:06,刘原节制闸,250
2026/4/20 10:11,刘原节制闸,250
2026/4/20 10:16,刘原节制闸,250
2026/4/20 10:22,刘原节制闸,250
2026/4/20 10:27,刘原节制闸,250
2026/4/20 10:33,刘原节制闸,250
2026/4/20 10:38,刘原节制闸,250
2026/4/20 10:43,刘原节制闸,250
2026/4/20 10:49,刘原节制闸,250
2026/4/20 10:54,刘原节制闸,250
2026/4/20 10:59,刘原节制闸,250
2026/4/20 11:04,刘原节制闸,250
2026/4/20 11:10,刘原节制闸,250
2026/4/20 11:15,刘原节制闸,250
2026/4/20 11:20,刘原节制闸,250
2026/4/20 11:26,刘原节制闸,250
2026/4/20 11:31,刘原节制闸,250
2026/4/20 11:36,刘原节制闸,250
2026/4/20 11:42,刘原节制闸,250
2026/4/20 11:47,刘原节制闸,250
2026/4/20 11:53,刘原节制闸,250
2026/4/20 11:58,刘原节制闸,250
2026/4/20 12:03,刘原节制闸,250
2026/4/20 12:08,刘原节制闸,250
2026/4/20 12:14,刘原节制闸,250
2026/4/20 12:19,刘原节制闸,250
2026/4/20 12:24,刘原节制闸,250
2026/4/20 12:29,刘原节制闸,250
2026/4/20 12:34,刘原节制闸,250
2026/4/20 12:40,刘原节制闸,250
2026/4/20 12:45,刘原节制闸,250
2026/4/20 12:50,刘原节制闸,250
2026/4/20 12:55,刘原节制闸,250
2026/4/20 13:01,刘原节制闸,250
2026/4/20 13:06,刘原节制闸,250
2026/4/20 13:11,刘原节制闸,250
2026/4/20 13:16,刘原节制闸,250
2026/4/20 13:21,刘原节制闸,200
2026/4/20 13:26,刘原节制闸,200
2026/4/20 13:32,刘原节制闸,200
2026/4/20 13:37,刘原节制闸,200
2026/4/20 13:42,刘原节制闸,200
2026/4/20 13:48,刘原节制闸,200
2026/4/20 13:53,刘原节制闸,200
2026/4/20 13:58,刘原节制闸,200
2026/4/20 14:03,刘原节制闸,200
2026/4/20 14:08,刘原节制闸,200
2026/4/20 14:14,刘原节制闸,200
2026/4/20 14:19,刘原节制闸,200
2026/4/20 14:24,刘原节制闸,200
2026/4/20 14:30,刘原节制闸,200
2026/4/20 14:35,刘原节制闸,200
2026/4/20 14:40,刘原节制闸,200
2026/4/20 14:45,刘原节制闸,200
2026/4/20 14:50,刘原节制闸,200
2026/4/20 14:55,刘原节制闸,200
2026/4/20 15:01,刘原节制闸,200
2026/4/20 15:06,刘原节制闸,200
2026/4/20 15:11,刘原节制闸,200
2026/4/20 15:17,刘原节制闸,200
2026/4/20 15:22,刘原节制闸,200
2026/4/20 15:28,刘原节制闸,200
2026/4/20 15:33,刘原节制闸,200
2026/4/20 15:38,刘原节制闸,200
2026/4/20 15:43,刘原节制闸,200
2026/4/20 15:49,刘原节制闸,200
2026/4/20 15:54,刘原节制闸,200
2026/4/20 15:59,刘原节制闸,200
2026/4/20 16:05,刘原节制闸,200
2026/4/20 16:10,刘原节制闸,200
2026/4/20 16:15,刘原节制闸,200
2026/4/20 16:20,刘原节制闸,200
2026/4/20 16:26,刘原节制闸,200
2026/4/20 16:31,刘原节制闸,200
2026/4/20 16:36,刘原节制闸,200
2026/4/20 16:42,刘原节制闸,200
2026/4/20 16:47,刘原节制闸,200
2026/4/20 16:52,刘原节制闸,200
2026/4/20 16:58,刘原节制闸,200
2026/4/20 17:03,刘原节制闸,200
2026/4/20 17:08,刘原节制闸,200
2026/4/20 17:13,刘原节制闸,200
2026/4/20 17:19,刘原节制闸,200
2026/4/20 17:24,刘原节制闸,200
2026/4/20 17:29,刘原节制闸,200
2026/4/20 17:35,刘原节制闸,200
2026/4/20 17:40,刘原节制闸,200
2026/4/20 17:46,刘原节制闸,200
2026/4/20 17:51,刘原节制闸,200
2026/4/20 17:56,刘原节制闸,200
2026/4/20 18:01,刘原节制闸,200
2026/4/20 18:07,刘原节制闸,200
2026/4/20 18:12,刘原节制闸,200
2026/4/20 18:17,刘原节制闸,200
2026/4/20 18:22,刘原节制闸,200
2026/4/20 18:27,刘原节制闸,200
2026/4/20 18:33,刘原节制闸,200
2026/4/20 18:38,刘原节制闸,200
2026/4/20 18:43,刘原节制闸,200
2026/4/20 18:49,刘原节制闸,200
2026/4/20 18:54,刘原节制闸,200
2026/4/20 18:59,刘原节制闸,200
2026/4/20 19:04,刘原节制闸,200
2026/4/20 19:09,刘原节制闸,200
2026/4/20 19:15,刘原节制闸,200
2026/4/20 19:20,刘原节制闸,200
2026/4/20 19:25,刘原节制闸,200
2026/4/20 19:30,刘原节制闸,200
2026/4/20 19:36,刘原节制闸,200
2026/4/20 19:41,刘原节制闸,200
2026/4/20 19:46,刘原节制闸,200
2026/4/20 19:51,刘原节制闸,200
2026/4/20 19:56,刘原节制闸,200
2026/4/20 20:02,刘原节制闸,200
2026/4/20 20:07,刘原节制闸,200
2026/4/20 20:12,刘原节制闸,200
2026/4/20 20:17,刘原节制闸,200
2026/4/20 20:22,刘原节制闸,200
2026/4/20 20:28,刘原节制闸,200
2026/4/20 20:33,刘原节制闸,200
2026/4/20 20:38,刘原节制闸,200
2026/4/20 20:44,刘原节制闸,180
2026/4/20 20:49,刘原节制闸,180
2026/4/20 20:54,刘原节制闸,180
2026/4/20 21:00,刘原节制闸,180
2026/4/20 21:05,刘原节制闸,180
2026/4/20 21:11,刘原节制闸,180
2026/4/20 21:16,刘原节制闸,180
2026/4/20 21:21,刘原节制闸,180
2026/4/20 21:26,刘原节制闸,180
2026/4/20 21:32,刘原节制闸,180
2026/4/20 21:37,刘原节制闸,180
2026/4/20 21:43,刘原节制闸,180
2026/4/20 21:48,刘原节制闸,180
2026/4/20 21:53,刘原节制闸,180
2026/4/20 21:59,刘原节制闸,180
2026/4/20 22:04,刘原节制闸,180
2026/4/20 22:10,刘原节制闸,180
2026/4/20 22:15,刘原节制闸,180
2026/4/20 22:20,刘原节制闸,180
2026/4/20 22:26,刘原节制闸,180
2026/4/20 22:31,刘原节制闸,180
2026/4/20 22:36,刘原节制闸,180
2026/4/20 22:42,刘原节制闸,180
2026/4/20 22:47,刘原节制闸,180
2026/4/20 22:52,刘原节制闸,180
2026/4/20 22:58,刘原节制闸,180
2026/4/20 23:02,刘原节制闸,180
2026/4/20 23:08,刘原节制闸,180
2026/4/20 23:14,刘原节制闸,180
2026/4/20 23:19,刘原节制闸,180
2026/4/20 23:25,刘原节制闸,180
2026/4/20 23:30,刘原节制闸,180
2026/4/20 23:35,刘原节制闸,180
2026/4/20 23:40,刘原节制闸,180
2026/4/20 23:46,刘原节制闸,180
2026/4/20 23:51,刘原节制闸,180
2026/4/20 23:56,刘原节制闸,180
2026/4/21 0:02,刘原节制闸,180
2026/4/21 0:07,刘原节制闸,180
2026/4/21 0:12,刘原节制闸,180
2026/4/21 0:18,刘原节制闸,180
2026/4/21 0:23,刘原节制闸,180
2026/4/21 0:29,刘原节制闸,180
2026/4/21 0:34,刘原节制闸,180
2026/4/21 0:39,刘原节制闸,180
2026/4/21 0:45,刘原节制闸,180
2026/4/21 0:50,刘原节制闸,180
2026/4/21 0:55,刘原节制闸,150
2026/4/21 1:00,刘原节制闸,150
2026/4/21 1:06,刘原节制闸,150
2026/4/21 1:11,刘原节制闸,150
2026/4/21 1:16,刘原节制闸,150
2026/4/21 1:22,刘原节制闸,150
2026/4/21 1:27,刘原节制闸,150
2026/4/21 1:33,刘原节制闸,150
2026/4/21 1:38,刘原节制闸,150
2026/4/21 1:43,刘原节制闸,150
2026/4/21 1:49,刘原节制闸,150
2026/4/21 1:54,刘原节制闸,150
2026/4/21 2:00,刘原节制闸,150
2026/4/21 2:05,刘原节制闸,150
2026/4/21 2:10,刘原节制闸,150
2026/4/21 2:16,刘原节制闸,150
2026/4/21 2:21,刘原节制闸,150
2026/4/21 2:27,刘原节制闸,150
2026/4/21 2:32,刘原节制闸,150
2026/4/21 2:37,刘原节制闸,150
2026/4/21 2:43,刘原节制闸,150
2026/4/21 2:48,刘原节制闸,150
2026/4/21 2:53,刘原节制闸,150
2026/4/21 2:59,刘原节制闸,150
2026/4/21 3:04,刘原节制闸,150
2026/4/21 3:09,刘原节制闸,150
2026/4/21 3:15,刘原节制闸,150
2026/4/21 3:20,刘原节制闸,150
2026/4/21 3:25,刘原节制闸,150
2026/4/21 3:30,刘原节制闸,150
2026/4/21 3:36,刘原节制闸,150
2026/4/21 3:41,刘原节制闸,150
2026/4/21 3:47,刘原节制闸,150
2026/4/21 3:52,刘原节制闸,150
2026/4/21 3:58,刘原节制闸,150
2026/4/21 4:03,刘原节制闸,150
2026/4/21 4:08,刘原节制闸,150
2026/4/21 4:14,刘原节制闸,150
2026/4/21 4:19,刘原节制闸,150
2026/4/21 4:24,刘原节制闸,150
2026/4/21 4:30,刘原节制闸,150
2026/4/21 4:35,刘原节制闸,150
2026/4/21 4:41,刘原节制闸,150
2026/4/21 4:46,刘原节制闸,150
2026/4/21 4:51,刘原节制闸,150
2026/4/21 4:57,刘原节制闸,150
2026/4/21 5:02,刘原节制闸,150
2026/4/21 5:07,刘原节制闸,150
2026/4/21 5:13,刘原节制闸,150
2026/4/21 5:18,刘原节制闸,150
2026/4/21 5:24,刘原节制闸,150
2026/4/21 5:29,刘原节制闸,150
2026/4/21 5:34,刘原节制闸,150
2026/4/21 5:39,刘原节制闸,180
2026/4/21 5:44,刘原节制闸,180
2026/4/21 5:50,刘原节制闸,180
2026/4/21 5:55,刘原节制闸,180
2026/4/21 6:00,刘原节制闸,180
2026/4/21 6:06,刘原节制闸,180
2026/4/21 6:11,刘原节制闸,180
2026/4/21 6:17,刘原节制闸,180
2026/4/21 6:22,刘原节制闸,180
2026/4/21 6:28,刘原节制闸,180
2026/4/21 6:33,刘原节制闸,180
2026/4/21 6:39,刘原节制闸,180
2026/4/21 6:44,刘原节制闸,180
2026/4/21 6:49,刘原节制闸,180
2026/4/21 6:55,刘原节制闸,180
2026/4/21 7:00,刘原节制闸,180
2026/4/21 7:05,刘原节制闸,180
2026/4/21 7:11,刘原节制闸,180
2026/4/21 7:16,刘原节制闸,180
2026/4/21 7:22,刘原节制闸,180
2026/4/21 7:27,刘原节制闸,180
2026/4/21 7:32,刘原节制闸,180
2026/4/21 7:38,刘原节制闸,180
2026/4/21 7:43,刘原节制闸,180
2026/4/21 7:48,刘原节制闸,180
2026/4/21 7:54,刘原节制闸,180
2026/4/21 7:59,刘原节制闸,180
2026/4/21 8:04,刘原节制闸,180
2026/4/21 8:10,刘原节制闸,180
2026/4/21 8:15,刘原节制闸,180
2026/4/21 8:20,刘原节制闸,180
2026/4/21 8:25,刘原节制闸,180
2026/4/21 8:31,刘原节制闸,180
2026/4/21 8:36,刘原节制闸,180
2026/4/21 8:41,刘原节制闸,180
2026/4/21 8:47,刘原节制闸,180
2026/4/21 8:52,刘原节制闸,180
2026/4/21 8:58,刘原节制闸,180
2026/4/21 9:03,刘原节制闸,180
2026/4/21 9:08,刘原节制闸,180
2026/4/21 9:13,刘原节制闸,180
2026/4/21 9:19,刘原节制闸,180
2026/4/21 9:24,刘原节制闸,180
2026/4/21 9:29,刘原节制闸,180
2026/4/21 9:34,刘原节制闸,180
2026/4/21 9:40,刘原节制闸,180
2026/4/21 9:45,刘原节制闸,180
2026/4/21 9:50,刘原节制闸,150
2026/4/21 9:56,刘原节制闸,130
2026/4/21 10:01,刘原节制闸,130
2026/4/21 10:07,刘原节制闸,130
2026/4/21 10:12,刘原节制闸,130
2026/4/21 10:17,刘原节制闸,130
2026/4/21 10:22,刘原节制闸,100
2026/4/21 10:27,刘原节制闸,100
2026/4/21 10:32,刘原节制闸,100
2026/4/21 10:38,刘原节制闸,100
2026/4/21 10:43,刘原节制闸,100
2026/4/21 10:48,刘原节制闸,100
2026/4/21 10:54,刘原节制闸,100
2026/4/21 10:59,刘原节制闸,100
2026/4/21 11:04,刘原节制闸,100
2026/4/21 11:09,刘原节制闸,100
2026/4/21 11:14,刘原节制闸,100
2026/4/21 11:20,刘原节制闸,100
2026/4/21 11:25,刘原节制闸,100
2026/4/21 11:30,刘原节制闸,100
2026/4/21 11:36,刘原节制闸,100
2026/4/21 11:41,刘原节制闸,100
2026/4/21 11:47,刘原节制闸,100
2026/4/21 11:52,刘原节制闸,100
2026/4/21 11:57,刘原节制闸,100
2026/4/21 12:02,刘原节制闸,100
2026/4/21 12:08,刘原节制闸,100
2026/4/21 12:13,刘原节制闸,100
2026/4/21 12:18,刘原节制闸,100
2026/4/21 12:24,刘原节制闸,100
2026/4/21 12:29,刘原节制闸,100
2026/4/21 12:35,刘原节制闸,100
2026/4/21 12:40,刘原节制闸,100
2026/4/21 12:45,刘原节制闸,100
2026/4/21 12:51,刘原节制闸,100
2026/4/21 12:56,刘原节制闸,100
2026/4/21 13:01,刘原节制闸,100
2026/4/21 13:06,刘原节制闸,100
2026/4/21 13:11,刘原节制闸,100
2026/4/21 13:16,刘原节制闸,100
2026/4/21 13:21,刘原节制闸,100
2026/4/21 13:26,刘原节制闸,100
2026/4/21 13:32,刘原节制闸,100
2026/4/21 13:37,刘原节制闸,100
2026/4/21 13:42,刘原节制闸,100
2026/4/21 13:47,刘原节制闸,100
2026/4/21 13:53,刘原节制闸,100
2026/4/21 13:58,刘原节制闸,100
2026/4/21 14:03,刘原节制闸,100
2026/4/21 14:09,刘原节制闸,100
2026/4/21 14:14,刘原节制闸,100
2026/4/21 14:19,刘原节制闸,100
2026/4/21 14:25,刘原节制闸,100
2026/4/21 14:30,刘原节制闸,100
2026/4/21 14:36,刘原节制闸,100
2026/4/21 14:41,刘原节制闸,100
2026/4/21 14:46,刘原节制闸,100
2026/4/21 14:52,刘原节制闸,100
2026/4/21 14:57,刘原节制闸,100
2026/4/21 15:02,刘原节制闸,100
2026/4/21 15:08,刘原节制闸,100
2026/4/21 15:13,刘原节制闸,100
2026/4/21 15:18,刘原节制闸,100
2026/4/21 15:24,刘原节制闸,50
2026/4/21 15:29,刘原节制闸,50
2026/4/21 15:35,刘原节制闸,50
2026/4/21 15:40,刘原节制闸,50
2026/4/21 15:45,刘原节制闸,50
2026/4/21 15:51,刘原节制闸,20
2026/4/21 15:56,刘原节制闸,20
2026/4/21 16:01,刘原节制闸,20
2026/4/21 16:06,刘原节制闸,20
2026/4/21 16:11,刘原节制闸,20
2026/4/21 16:16,刘原节制闸,20
2026/4/21 16:22,刘原节制闸,20
2026/4/21 16:27,刘原节制闸,20
2026/4/21 16:32,刘原节制闸,20
2026/4/21 16:37,刘原节制闸,20
2026/4/21 16:42,刘原节制闸,20
2026/4/21 16:47,刘原节制闸,20
2026/4/21 16:53,刘原节制闸,20
2026/4/21 16:58,刘原节制闸,20
2026/4/21 17:03,刘原节制闸,20
2026/4/21 17:09,刘原节制闸,20
2026/4/21 17:14,刘原节制闸,20
2026/4/21 17:20,刘原节制闸,20
2026/4/21 17:25,刘原节制闸,20
2026/4/14 0:02,圪塔节制闸,201
2026/4/14 0:07,圪塔节制闸,201
2026/4/14 0:13,圪塔节制闸,201
2026/4/14 0:18,圪塔节制闸,201
2026/4/14 0:23,圪塔节制闸,201
2026/4/14 0:29,圪塔节制闸,201
2026/4/14 0:34,圪塔节制闸,201
2026/4/14 0:40,圪塔节制闸,201
2026/4/14 0:45,圪塔节制闸,201
2026/4/14 0:51,圪塔节制闸,201
2026/4/14 0:56,圪塔节制闸,201
2026/4/14 1:02,圪塔节制闸,201
2026/4/14 1:07,圪塔节制闸,181
2026/4/14 1:13,圪塔节制闸,181
2026/4/14 1:18,圪塔节制闸,181
2026/4/14 1:24,圪塔节制闸,181
2026/4/14 1:29,圪塔节制闸,181
2026/4/14 1:35,圪塔节制闸,181
2026/4/14 1:40,圪塔节制闸,181
2026/4/14 1:46,圪塔节制闸,181
2026/4/14 1:51,圪塔节制闸,181
2026/4/14 1:57,圪塔节制闸,181
2026/4/14 2:02,圪塔节制闸,181
2026/4/14 2:08,圪塔节制闸,181
2026/4/14 2:13,圪塔节制闸,181
2026/4/14 2:18,圪塔节制闸,181
2026/4/14 2:24,圪塔节制闸,181
2026/4/14 2:29,圪塔节制闸,181
2026/4/14 2:35,圪塔节制闸,181
2026/4/14 2:40,圪塔节制闸,181
2026/4/14 2:45,圪塔节制闸,181
2026/4/14 2:50,圪塔节制闸,181
2026/4/14 2:55,圪塔节制闸,181
2026/4/14 3:01,圪塔节制闸,181
2026/4/14 3:06,圪塔节制闸,181
2026/4/14 3:11,圪塔节制闸,181
2026/4/14 3:17,圪塔节制闸,181
2026/4/14 3:22,圪塔节制闸,181
2026/4/14 3:27,圪塔节制闸,181
2026/4/14 3:32,圪塔节制闸,181
2026/4/14 3:37,圪塔节制闸,181
2026/4/14 3:42,圪塔节制闸,181
2026/4/14 3:48,圪塔节制闸,181
2026/4/14 3:53,圪塔节制闸,181
2026/4/14 3:59,圪塔节制闸,181
2026/4/14 4:04,圪塔节制闸,181
2026/4/14 4:09,圪塔节制闸,181
2026/4/14 4:14,圪塔节制闸,181
2026/4/14 4:20,圪塔节制闸,181
2026/4/14 4:25,圪塔节制闸,181
2026/4/14 4:30,圪塔节制闸,181
2026/4/14 4:35,圪塔节制闸,181
2026/4/14 4:41,圪塔节制闸,181
2026/4/14 4:46,圪塔节制闸,181
2026/4/14 4:51,圪塔节制闸,181
2026/4/14 4:57,圪塔节制闸,181
2026/4/14 5:02,圪塔节制闸,181
2026/4/14 5:07,圪塔节制闸,181
2026/4/14 5:13,圪塔节制闸,181
2026/4/14 5:18,圪塔节制闸,181
2026/4/14 5:23,圪塔节制闸,181
2026/4/14 5:29,圪塔节制闸,181
2026/4/14 5:34,圪塔节制闸,181
2026/4/14 5:40,圪塔节制闸,181
2026/4/14 5:45,圪塔节制闸,181
2026/4/14 5:51,圪塔节制闸,181
2026/4/14 5:56,圪塔节制闸,181
2026/4/14 6:02,圪塔节制闸,181
2026/4/14 6:07,圪塔节制闸,181
2026/4/14 6:13,圪塔节制闸,181
2026/4/14 6:18,圪塔节制闸,181
2026/4/14 6:24,圪塔节制闸,181
2026/4/14 6:29,圪塔节制闸,181
2026/4/14 6:34,圪塔节制闸,181
2026/4/14 6:40,圪塔节制闸,181
2026/4/14 6:45,圪塔节制闸,181
2026/4/14 6:50,圪塔节制闸,181
2026/4/14 6:56,圪塔节制闸,181
2026/4/14 7:01,圪塔节制闸,181
2026/4/14 7:06,圪塔节制闸,181
2026/4/14 7:12,圪塔节制闸,181
2026/4/14 7:17,圪塔节制闸,181
2026/4/14 7:22,圪塔节制闸,181
2026/4/14 7:27,圪塔节制闸,181
2026/4/14 7:33,圪塔节制闸,181
2026/4/14 7:38,圪塔节制闸,181
2026/4/14 7:43,圪塔节制闸,181
2026/4/14 7:48,圪塔节制闸,181
2026/4/14 7:53,圪塔节制闸,181
2026/4/14 7:58,圪塔节制闸,181
2026/4/14 8:03,圪塔节制闸,181
2026/4/14 8:08,圪塔节制闸,181
2026/4/14 8:14,圪塔节制闸,181
2026/4/14 8:19,圪塔节制闸,181
2026/4/14 8:24,圪塔节制闸,181
2026/4/14 8:29,圪塔节制闸,181
2026/4/14 8:35,圪塔节制闸,181
2026/4/14 8:40,圪塔节制闸,181
2026/4/14 8:45,圪塔节制闸,181
2026/4/14 8:50,圪塔节制闸,181
2026/4/14 8:55,圪塔节制闸,181
2026/4/14 9:00,圪塔节制闸,181
2026/4/14 9:06,圪塔节制闸,181
2026/4/14 9:11,圪塔节制闸,181
2026/4/14 9:16,圪塔节制闸,181
2026/4/14 9:21,圪塔节制闸,181
2026/4/14 9:27,圪塔节制闸,181
2026/4/14 9:32,圪塔节制闸,181
2026/4/14 9:38,圪塔节制闸,251
2026/4/14 9:43,圪塔节制闸,251
2026/4/14 9:49,圪塔节制闸,251
2026/4/14 9:54,圪塔节制闸,251
2026/4/14 10:00,圪塔节制闸,251
2026/4/14 10:05,圪塔节制闸,251
2026/4/14 10:11,圪塔节制闸,251
2026/4/14 10:16,圪塔节制闸,251
2026/4/14 10:21,圪塔节制闸,251
2026/4/14 10:27,圪塔节制闸,251
2026/4/14 10:32,圪塔节制闸,251
2026/4/14 10:37,圪塔节制闸,251
2026/4/14 10:42,圪塔节制闸,251
2026/4/14 10:48,圪塔节制闸,251
2026/4/14 10:53,圪塔节制闸,251
2026/4/14 10:58,圪塔节制闸,251
2026/4/14 11:04,圪塔节制闸,251
2026/4/14 11:09,圪塔节制闸,251
2026/4/14 11:14,圪塔节制闸,251
2026/4/14 11:19,圪塔节制闸,251
2026/4/14 11:24,圪塔节制闸,251
2026/4/14 11:29,圪塔节制闸,251
2026/4/14 11:34,圪塔节制闸,251
2026/4/14 11:39,圪塔节制闸,251
2026/4/14 11:45,圪塔节制闸,251
2026/4/14 11:50,圪塔节制闸,251
2026/4/14 11:55,圪塔节制闸,251
2026/4/14 12:01,圪塔节制闸,251
2026/4/14 12:06,圪塔节制闸,251
2026/4/14 12:12,圪塔节制闸,251
2026/4/14 12:17,圪塔节制闸,251
2026/4/14 12:22,圪塔节制闸,251
2026/4/14 12:27,圪塔节制闸,251
2026/4/14 12:33,圪塔节制闸,251
2026/4/14 12:38,圪塔节制闸,251
2026/4/14 12:44,圪塔节制闸,251
2026/4/14 12:49,圪塔节制闸,251
2026/4/14 12:55,圪塔节制闸,251
2026/4/14 13:00,圪塔节制闸,251
2026/4/14 13:05,圪塔节制闸,251
2026/4/14 13:11,圪塔节制闸,201
2026/4/14 13:16,圪塔节制闸,201
2026/4/14 13:21,圪塔节制闸,201
2026/4/14 13:27,圪塔节制闸,201
2026/4/14 13:32,圪塔节制闸,201
2026/4/14 13:37,圪塔节制闸,201
2026/4/14 13:43,圪塔节制闸,201
2026/4/14 13:48,圪塔节制闸,181
2026/4/14 13:53,圪塔节制闸,181
2026/4/14 13:59,圪塔节制闸,181
2026/4/14 14:04,圪塔节制闸,181
2026/4/14 14:09,圪塔节制闸,181
2026/4/14 14:14,圪塔节制闸,181
2026/4/14 14:20,圪塔节制闸,181
2026/4/14 14:25,圪塔节制闸,181
2026/4/14 14:30,圪塔节制闸,181
2026/4/14 14:36,圪塔节制闸,181
2026/4/14 14:41,圪塔节制闸,181
2026/4/14 14:46,圪塔节制闸,181
2026/4/14 14:52,圪塔节制闸,181
2026/4/14 14:57,圪塔节制闸,181
2026/4/14 15:03,圪塔节制闸,181
2026/4/14 15:08,圪塔节制闸,181
2026/4/14 15:13,圪塔节制闸,181
2026/4/14 15:18,圪塔节制闸,181
2026/4/14 15:24,圪塔节制闸,181
2026/4/14 15:29,圪塔节制闸,181
2026/4/14 15:35,圪塔节制闸,181
2026/4/14 15:40,圪塔节制闸,181
2026/4/14 15:46,圪塔节制闸,181
2026/4/14 15:51,圪塔节制闸,181
2026/4/14 15:57,圪塔节制闸,181
2026/4/14 16:02,圪塔节制闸,181
2026/4/14 16:07,圪塔节制闸,181
2026/4/14 16:13,圪塔节制闸,181
2026/4/14 16:18,圪塔节制闸,181
2026/4/14 16:23,圪塔节制闸,181
2026/4/14 16:28,圪塔节制闸,181
2026/4/14 16:54,圪塔节制闸,181
2026/4/14 16:59,圪塔节制闸,181
2026/4/14 17:05,圪塔节制闸,181
2026/4/14 17:10,圪塔节制闸,181
2026/4/14 17:15,圪塔节制闸,181
2026/4/14 17:21,圪塔节制闸,181
2026/4/14 17:26,圪塔节制闸,181
2026/4/14 17:31,圪塔节制闸,181
2026/4/14 17:37,圪塔节制闸,181
2026/4/14 17:42,圪塔节制闸,181
2026/4/14 17:47,圪塔节制闸,181
2026/4/14 17:52,圪塔节制闸,181
2026/4/14 17:58,圪塔节制闸,181
2026/4/14 18:03,圪塔节制闸,181
2026/4/14 18:08,圪塔节制闸,181
2026/4/14 18:13,圪塔节制闸,181
2026/4/14 18:18,圪塔节制闸,181
2026/4/14 18:24,圪塔节制闸,181
2026/4/14 18:29,圪塔节制闸,181
2026/4/14 18:34,圪塔节制闸,181
2026/4/14 18:39,圪塔节制闸,181
2026/4/14 18:45,圪塔节制闸,181
2026/4/14 18:50,圪塔节制闸,181
2026/4/14 18:55,圪塔节制闸,181
2026/4/14 19:01,圪塔节制闸,181
2026/4/14 19:06,圪塔节制闸,181
2026/4/14 19:11,圪塔节制闸,181
2026/4/14 19:16,圪塔节制闸,181
2026/4/14 19:22,圪塔节制闸,181
2026/4/14 19:27,圪塔节制闸,181
2026/4/14 19:33,圪塔节制闸,181
2026/4/14 19:38,圪塔节制闸,181
2026/4/14 19:43,圪塔节制闸,181
2026/4/14 19:48,圪塔节制闸,181
2026/4/14 19:54,圪塔节制闸,181
2026/4/14 19:59,圪塔节制闸,181
2026/4/14 20:05,圪塔节制闸,181
2026/4/14 20:10,圪塔节制闸,181
2026/4/14 20:15,圪塔节制闸,181
2026/4/14 20:20,圪塔节制闸,181
2026/4/14 20:26,圪塔节制闸,181
2026/4/14 20:31,圪塔节制闸,181
2026/4/14 20:36,圪塔节制闸,181
2026/4/14 20:41,圪塔节制闸,181
2026/4/14 20:47,圪塔节制闸,181
2026/4/14 20:52,圪塔节制闸,181
2026/4/14 20:57,圪塔节制闸,181
2026/4/14 21:03,圪塔节制闸,181
2026/4/14 21:08,圪塔节制闸,181
2026/4/14 21:13,圪塔节制闸,181
2026/4/14 21:18,圪塔节制闸,181
2026/4/14 21:23,圪塔节制闸,181
2026/4/14 21:28,圪塔节制闸,181
2026/4/14 21:34,圪塔节制闸,181
2026/4/14 21:39,圪塔节制闸,181
2026/4/14 21:45,圪塔节制闸,181
2026/4/14 21:50,圪塔节制闸,181
2026/4/14 21:55,圪塔节制闸,181
2026/4/14 22:01,圪塔节制闸,181
2026/4/14 22:06,圪塔节制闸,181
2026/4/14 22:12,圪塔节制闸,181
2026/4/14 22:17,圪塔节制闸,181
2026/4/14 22:22,圪塔节制闸,181
2026/4/14 22:28,圪塔节制闸,181
2026/4/14 22:33,圪塔节制闸,181
2026/4/14 22:39,圪塔节制闸,181
2026/4/14 22:44,圪塔节制闸,181
2026/4/14 22:50,圪塔节制闸,181
2026/4/14 22:55,圪塔节制闸,181
2026/4/14 23:00,圪塔节制闸,181
2026/4/14 23:04,圪塔节制闸,181
2026/4/14 23:11,圪塔节制闸,181
2026/4/14 23:16,圪塔节制闸,181
2026/4/14 23:22,圪塔节制闸,181
2026/4/14 23:27,圪塔节制闸,181
2026/4/14 23:32,圪塔节制闸,181
2026/4/14 23:38,圪塔节制闸,181
2026/4/14 23:43,圪塔节制闸,181
2026/4/14 23:48,圪塔节制闸,181
2026/4/14 23:54,圪塔节制闸,181
2026/4/14 23:59,圪塔节制闸,181
2026/4/15 0:04,圪塔节制闸,181
2026/4/15 0:09,圪塔节制闸,181
2026/4/15 0:14,圪塔节制闸,181
2026/4/15 0:19,圪塔节制闸,181
2026/4/15 0:25,圪塔节制闸,181
2026/4/15 0:30,圪塔节制闸,181
2026/4/15 0:35,圪塔节制闸,181
2026/4/15 0:41,圪塔节制闸,181
2026/4/15 0:46,圪塔节制闸,181
2026/4/15 0:51,圪塔节制闸,181
2026/4/15 0:57,圪塔节制闸,181
2026/4/15 1:02,圪塔节制闸,181
2026/4/15 1:07,圪塔节制闸,181
2026/4/15 1:12,圪塔节制闸,181
2026/4/15 1:17,圪塔节制闸,181
2026/4/15 1:22,圪塔节制闸,181
2026/4/15 1:28,圪塔节制闸,181
2026/4/15 1:33,圪塔节制闸,181
2026/4/15 1:38,圪塔节制闸,181
2026/4/15 1:44,圪塔节制闸,181
2026/4/15 1:49,圪塔节制闸,181
2026/4/15 1:54,圪塔节制闸,181
2026/4/15 1:59,圪塔节制闸,181
2026/4/15 2:04,圪塔节制闸,181
2026/4/15 2:10,圪塔节制闸,181
2026/4/15 2:15,圪塔节制闸,181
2026/4/15 2:21,圪塔节制闸,181
2026/4/15 2:26,圪塔节制闸,181
2026/4/15 2:31,圪塔节制闸,181
2026/4/15 2:37,圪塔节制闸,181
2026/4/15 2:42,圪塔节制闸,181
2026/4/15 2:48,圪塔节制闸,181
2026/4/15 2:53,圪塔节制闸,181
2026/4/15 2:58,圪塔节制闸,181
2026/4/15 3:04,圪塔节制闸,181
2026/4/15 3:09,圪塔节制闸,181
2026/4/15 3:14,圪塔节制闸,181
2026/4/15 3:20,圪塔节制闸,181
2026/4/15 3:25,圪塔节制闸,181
2026/4/15 3:31,圪塔节制闸,181
2026/4/15 3:36,圪塔节制闸,181
2026/4/15 3:42,圪塔节制闸,181
2026/4/15 3:47,圪塔节制闸,181
2026/4/15 3:52,圪塔节制闸,181
2026/4/15 3:58,圪塔节制闸,181
2026/4/15 4:03,圪塔节制闸,181
2026/4/15 4:08,圪塔节制闸,181
2026/4/15 4:14,圪塔节制闸,181
2026/4/15 4:19,圪塔节制闸,181
2026/4/15 4:24,圪塔节制闸,181
2026/4/15 4:29,圪塔节制闸,181
2026/4/15 4:35,圪塔节制闸,181
2026/4/15 4:40,圪塔节制闸,181
2026/4/15 4:46,圪塔节制闸,181
2026/4/15 4:51,圪塔节制闸,181
2026/4/15 4:57,圪塔节制闸,181
2026/4/15 5:02,圪塔节制闸,151
2026/4/15 5:07,圪塔节制闸,151
2026/4/15 5:12,圪塔节制闸,151
2026/4/15 5:18,圪塔节制闸,151
2026/4/15 5:23,圪塔节制闸,151
2026/4/15 5:28,圪塔节制闸,151
2026/4/15 5:33,圪塔节制闸,151
2026/4/15 5:39,圪塔节制闸,151
2026/4/15 5:44,圪塔节制闸,151
2026/4/15 5:49,圪塔节制闸,151
2026/4/15 5:55,圪塔节制闸,151
2026/4/15 6:00,圪塔节制闸,151
2026/4/15 6:06,圪塔节制闸,151
2026/4/15 6:11,圪塔节制闸,151
2026/4/15 6:16,圪塔节制闸,151
2026/4/15 6:21,圪塔节制闸,151
2026/4/15 6:27,圪塔节制闸,151
2026/4/15 6:32,圪塔节制闸,151
2026/4/15 6:37,圪塔节制闸,151
2026/4/15 6:43,圪塔节制闸,151
2026/4/15 6:48,圪塔节制闸,151
2026/4/15 6:53,圪塔节制闸,151
2026/4/15 6:59,圪塔节制闸,151
2026/4/15 7:04,圪塔节制闸,151
2026/4/15 7:09,圪塔节制闸,151
2026/4/15 7:14,圪塔节制闸,151
2026/4/15 7:20,圪塔节制闸,151
2026/4/15 7:25,圪塔节制闸,151
2026/4/15 7:30,圪塔节制闸,151
2026/4/15 7:35,圪塔节制闸,151
2026/4/15 7:41,圪塔节制闸,151
2026/4/15 7:46,圪塔节制闸,151
2026/4/15 7:51,圪塔节制闸,151
2026/4/15 7:56,圪塔节制闸,151
2026/4/15 8:01,圪塔节制闸,151
2026/4/15 8:07,圪塔节制闸,151
2026/4/15 8:12,圪塔节制闸,151
2026/4/15 8:17,圪塔节制闸,151
2026/4/15 8:23,圪塔节制闸,151
2026/4/15 8:28,圪塔节制闸,151
2026/4/15 8:34,圪塔节制闸,151
2026/4/15 8:39,圪塔节制闸,151
2026/4/15 8:44,圪塔节制闸,151
2026/4/15 8:49,圪塔节制闸,151
2026/4/15 8:55,圪塔节制闸,151
2026/4/15 9:00,圪塔节制闸,151
2026/4/15 9:06,圪塔节制闸,151
2026/4/15 9:11,圪塔节制闸,151
2026/4/15 9:17,圪塔节制闸,151
2026/4/15 9:22,圪塔节制闸,151
2026/4/15 9:27,圪塔节制闸,151
2026/4/15 9:33,圪塔节制闸,151
2026/4/15 9:38,圪塔节制闸,151
2026/4/15 9:43,圪塔节制闸,151
2026/4/15 9:48,圪塔节制闸,151
2026/4/15 9:54,圪塔节制闸,151
2026/4/15 9:59,圪塔节制闸,151
2026/4/15 10:04,圪塔节制闸,151
2026/4/15 10:09,圪塔节制闸,151
2026/4/15 10:14,圪塔节制闸,151
2026/4/15 10:19,圪塔节制闸,151
2026/4/15 10:24,圪塔节制闸,151
2026/4/15 10:29,圪塔节制闸,151
2026/4/15 10:34,圪塔节制闸,151
2026/4/15 10:40,圪塔节制闸,151
2026/4/15 10:45,圪塔节制闸,151
2026/4/15 10:50,圪塔节制闸,151
2026/4/15 10:56,圪塔节制闸,151
2026/4/15 11:01,圪塔节制闸,151
2026/4/15 11:06,圪塔节制闸,151
2026/4/15 11:11,圪塔节制闸,151
2026/4/15 11:17,圪塔节制闸,151
2026/4/15 11:22,圪塔节制闸,151
2026/4/15 11:27,圪塔节制闸,151
2026/4/15 11:33,圪塔节制闸,151
2026/4/15 11:38,圪塔节制闸,151
2026/4/15 11:43,圪塔节制闸,151
2026/4/15 11:48,圪塔节制闸,151
2026/4/15 11:53,圪塔节制闸,151
2026/4/15 11:58,圪塔节制闸,151
2026/4/15 12:04,圪塔节制闸,151
2026/4/15 12:09,圪塔节制闸,151
2026/4/15 12:14,圪塔节制闸,151
2026/4/15 12:19,圪塔节制闸,151
2026/4/15 12:25,圪塔节制闸,151
2026/4/15 12:30,圪塔节制闸,151
2026/4/15 12:35,圪塔节制闸,151
2026/4/15 12:40,圪塔节制闸,151
2026/4/15 12:46,圪塔节制闸,151
2026/4/15 12:51,圪塔节制闸,151
2026/4/15 12:56,圪塔节制闸,151
2026/4/15 13:01,圪塔节制闸,151
2026/4/15 13:07,圪塔节制闸,151
2026/4/15 13:12,圪塔节制闸,151
2026/4/15 13:17,圪塔节制闸,151
2026/4/15 13:23,圪塔节制闸,151
2026/4/15 13:28,圪塔节制闸,151
2026/4/15 13:34,圪塔节制闸,151
2026/4/15 13:39,圪塔节制闸,151
2026/4/15 13:44,圪塔节制闸,151
2026/4/15 13:50,圪塔节制闸,151
2026/4/15 13:55,圪塔节制闸,151
2026/4/15 14:00,圪塔节制闸,151
2026/4/15 14:06,圪塔节制闸,151
2026/4/15 14:11,圪塔节制闸,151
2026/4/15 14:16,圪塔节制闸,151
2026/4/15 14:21,圪塔节制闸,151
2026/4/15 14:26,圪塔节制闸,151
2026/4/15 14:32,圪塔节制闸,151
2026/4/15 14:37,圪塔节制闸,151
2026/4/15 14:43,圪塔节制闸,151
2026/4/15 14:48,圪塔节制闸,151
2026/4/15 14:53,圪塔节制闸,151
2026/4/15 14:59,圪塔节制闸,151
2026/4/15 15:04,圪塔节制闸,151
2026/4/15 15:09,圪塔节制闸,151
2026/4/15 15:14,圪塔节制闸,151
2026/4/15 15:20,圪塔节制闸,151
2026/4/15 15:25,圪塔节制闸,151
2026/4/15 15:30,圪塔节制闸,151
2026/4/15 15:36,圪塔节制闸,151
2026/4/15 15:41,圪塔节制闸,151
2026/4/15 15:46,圪塔节制闸,151
2026/4/15 15:51,圪塔节制闸,151
2026/4/15 15:56,圪塔节制闸,151
2026/4/15 16:02,圪塔节制闸,151
2026/4/15 16:07,圪塔节制闸,151
2026/4/15 16:12,圪塔节制闸,151
2026/4/15 16:17,圪塔节制闸,151
2026/4/15 16:22,圪塔节制闸,151
2026/4/15 16:27,圪塔节制闸,151
2026/4/15 16:33,圪塔节制闸,151
2026/4/15 16:38,圪塔节制闸,151
2026/4/15 16:43,圪塔节制闸,151
2026/4/15 16:48,圪塔节制闸,151
2026/4/15 16:54,圪塔节制闸,151
2026/4/15 16:59,圪塔节制闸,151
2026/4/15 17:04,圪塔节制闸,151
2026/4/15 17:10,圪塔节制闸,151
2026/4/15 17:15,圪塔节制闸,151
2026/4/15 17:20,圪塔节制闸,151
2026/4/15 17:26,圪塔节制闸,151
2026/4/15 17:31,圪塔节制闸,151
2026/4/15 17:36,圪塔节制闸,151
2026/4/15 17:41,圪塔节制闸,131
2026/4/15 17:47,圪塔节制闸,131
2026/4/15 17:52,圪塔节制闸,131
2026/4/15 17:58,圪塔节制闸,131
2026/4/15 18:03,圪塔节制闸,131
2026/4/15 18:08,圪塔节制闸,131
2026/4/15 18:14,圪塔节制闸,131
2026/4/15 18:19,圪塔节制闸,131
2026/4/15 18:25,圪塔节制闸,131
2026/4/15 18:30,圪塔节制闸,131
2026/4/15 18:35,圪塔节制闸,131
2026/4/15 18:41,圪塔节制闸,131
2026/4/15 18:46,圪塔节制闸,131
2026/4/15 18:51,圪塔节制闸,131
2026/4/15 18:57,圪塔节制闸,131
2026/4/15 19:02,圪塔节制闸,131
2026/4/15 19:07,圪塔节制闸,131
2026/4/15 19:12,圪塔节制闸,131
2026/4/15 19:17,圪塔节制闸,131
2026/4/15 19:23,圪塔节制闸,131
2026/4/15 19:28,圪塔节制闸,131
2026/4/15 19:33,圪塔节制闸,131
2026/4/15 19:39,圪塔节制闸,131
2026/4/15 19:44,圪塔节制闸,131
2026/4/15 19:49,圪塔节制闸,131
2026/4/15 19:55,圪塔节制闸,131
2026/4/15 20:00,圪塔节制闸,131
2026/4/15 20:06,圪塔节制闸,131
2026/4/15 20:11,圪塔节制闸,131
2026/4/15 20:16,圪塔节制闸,131
2026/4/15 20:21,圪塔节制闸,131
2026/4/15 20:26,圪塔节制闸,131
2026/4/15 20:32,圪塔节制闸,131
2026/4/15 20:37,圪塔节制闸,131
2026/4/15 20:43,圪塔节制闸,131
2026/4/15 20:48,圪塔节制闸,131
2026/4/15 20:53,圪塔节制闸,131
2026/4/15 20:58,圪塔节制闸,131
2026/4/15 21:03,圪塔节制闸,131
2026/4/15 21:09,圪塔节制闸,131
2026/4/15 21:14,圪塔节制闸,131
2026/4/15 21:19,圪塔节制闸,131
2026/4/15 21:24,圪塔节制闸,131
2026/4/15 21:30,圪塔节制闸,131
2026/4/15 21:35,圪塔节制闸,131
2026/4/15 21:40,圪塔节制闸,131
2026/4/15 21:45,圪塔节制闸,131
2026/4/15 21:51,圪塔节制闸,131
2026/4/15 21:56,圪塔节制闸,131
2026/4/15 22:01,圪塔节制闸,131
2026/4/15 22:06,圪塔节制闸,131
2026/4/15 22:11,圪塔节制闸,131
2026/4/15 22:17,圪塔节制闸,131
2026/4/15 22:22,圪塔节制闸,131
2026/4/15 22:27,圪塔节制闸,201
2026/4/15 22:32,圪塔节制闸,201
2026/4/15 22:38,圪塔节制闸,201
2026/4/15 22:43,圪塔节制闸,201
2026/4/15 22:49,圪塔节制闸,201
2026/4/15 22:54,圪塔节制闸,201
2026/4/15 22:59,圪塔节制闸,201
2026/4/15 23:03,圪塔节制闸,201
2026/4/15 23:10,圪塔节制闸,201
2026/4/15 23:15,圪塔节制闸,201
2026/4/15 23:20,圪塔节制闸,201
2026/4/15 23:25,圪塔节制闸,201
2026/4/15 23:30,圪塔节制闸,201
2026/4/15 23:36,圪塔节制闸,201
2026/4/15 23:41,圪塔节制闸,201
2026/4/15 23:46,圪塔节制闸,201
2026/4/15 23:52,圪塔节制闸,201
2026/4/15 23:57,圪塔节制闸,201
2026/4/16 0:02,圪塔节制闸,201
2026/4/16 0:08,圪塔节制闸,201
2026/4/16 0:13,圪塔节制闸,201
2026/4/16 0:19,圪塔节制闸,201
2026/4/16 0:24,圪塔节制闸,201
2026/4/16 0:30,圪塔节制闸,201
2026/4/16 0:35,圪塔节制闸,201
2026/4/16 0:40,圪塔节制闸,151
2026/4/16 0:46,圪塔节制闸,151
2026/4/16 0:51,圪塔节制闸,151
2026/4/16 0:56,圪塔节制闸,151
2026/4/16 1:01,圪塔节制闸,151
2026/4/16 1:06,圪塔节制闸,151
2026/4/16 1:12,圪塔节制闸,151
2026/4/16 1:17,圪塔节制闸,151
2026/4/16 1:22,圪塔节制闸,151
2026/4/16 1:28,圪塔节制闸,151
2026/4/16 1:33,圪塔节制闸,151
2026/4/16 1:39,圪塔节制闸,151
2026/4/16 1:44,圪塔节制闸,151
2026/4/16 1:49,圪塔节制闸,151
2026/4/16 1:55,圪塔节制闸,151
2026/4/16 2:00,圪塔节制闸,151
2026/4/16 2:05,圪塔节制闸,151
2026/4/16 2:11,圪塔节制闸,151
2026/4/16 2:16,圪塔节制闸,151
2026/4/16 2:21,圪塔节制闸,151
2026/4/16 2:26,圪塔节制闸,151
2026/4/16 2:32,圪塔节制闸,151
2026/4/16 2:37,圪塔节制闸,151
2026/4/16 2:42,圪塔节制闸,151
2026/4/16 2:47,圪塔节制闸,151
2026/4/16 2:52,圪塔节制闸,151
2026/4/16 2:58,圪塔节制闸,151
2026/4/16 3:03,圪塔节制闸,151
2026/4/16 3:08,圪塔节制闸,151
2026/4/16 3:13,圪塔节制闸,151
2026/4/16 3:19,圪塔节制闸,151
2026/4/16 3:24,圪塔节制闸,151
2026/4/16 3:29,圪塔节制闸,151
2026/4/16 3:35,圪塔节制闸,151
2026/4/16 3:40,圪塔节制闸,151
2026/4/16 3:45,圪塔节制闸,151
2026/4/16 3:50,圪塔节制闸,151
2026/4/16 3:55,圪塔节制闸,151
2026/4/16 4:01,圪塔节制闸,151
2026/4/16 4:06,圪塔节制闸,131
2026/4/16 4:11,圪塔节制闸,131
2026/4/16 4:17,圪塔节制闸,131
2026/4/16 4:22,圪塔节制闸,131
2026/4/16 4:27,圪塔节制闸,131
2026/4/16 4:33,圪塔节制闸,131
2026/4/16 4:38,圪塔节制闸,131
2026/4/16 4:43,圪塔节制闸,131
2026/4/16 4:48,圪塔节制闸,131
2026/4/16 4:54,圪塔节制闸,131
2026/4/16 4:59,圪塔节制闸,131
2026/4/16 5:04,圪塔节制闸,131
2026/4/16 5:09,圪塔节制闸,131
2026/4/16 5:15,圪塔节制闸,131
2026/4/16 5:20,圪塔节制闸,131
2026/4/16 5:25,圪塔节制闸,131
2026/4/16 5:31,圪塔节制闸,131
2026/4/16 5:36,圪塔节制闸,131
2026/4/16 5:41,圪塔节制闸,131
2026/4/16 5:46,圪塔节制闸,131
2026/4/16 5:52,圪塔节制闸,131
2026/4/16 5:57,圪塔节制闸,131
2026/4/16 6:03,圪塔节制闸,131
2026/4/16 6:08,圪塔节制闸,131
2026/4/16 6:13,圪塔节制闸,131
2026/4/16 6:19,圪塔节制闸,131
2026/4/16 6:24,圪塔节制闸,131
2026/4/16 6:30,圪塔节制闸,131
2026/4/16 6:35,圪塔节制闸,131
2026/4/16 6:41,圪塔节制闸,131
2026/4/16 6:46,圪塔节制闸,131
2026/4/16 6:51,圪塔节制闸,111
2026/4/16 6:57,圪塔节制闸,111
2026/4/16 7:02,圪塔节制闸,111
2026/4/16 7:08,圪塔节制闸,101
2026/4/16 7:13,圪塔节制闸,101
2026/4/16 7:19,圪塔节制闸,101
2026/4/16 7:24,圪塔节制闸,101
2026/4/16 7:29,圪塔节制闸,101
2026/4/16 7:35,圪塔节制闸,101
2026/4/16 7:40,圪塔节制闸,101
2026/4/16 7:45,圪塔节制闸,101
2026/4/16 7:50,圪塔节制闸,101
2026/4/16 7:55,圪塔节制闸,101
2026/4/16 8:01,圪塔节制闸,101
2026/4/16 8:06,圪塔节制闸,101
2026/4/16 8:11,圪塔节制闸,101
2026/4/16 8:16,圪塔节制闸,101
2026/4/16 8:21,圪塔节制闸,101
2026/4/16 8:27,圪塔节制闸,101
2026/4/16 8:32,圪塔节制闸,101
2026/4/16 8:37,圪塔节制闸,101
2026/4/16 8:42,圪塔节制闸,101
2026/4/16 8:47,圪塔节制闸,101
2026/4/16 8:52,圪塔节制闸,101
2026/4/16 8:58,圪塔节制闸,101
2026/4/16 9:03,圪塔节制闸,101
2026/4/16 9:09,圪塔节制闸,101
2026/4/16 9:14,圪塔节制闸,101
2026/4/16 9:19,圪塔节制闸,101
2026/4/16 9:25,圪塔节制闸,101
2026/4/16 9:30,圪塔节制闸,101
2026/4/16 9:35,圪塔节制闸,101
2026/4/16 9:40,圪塔节制闸,101
2026/4/16 9:46,圪塔节制闸,101
2026/4/16 9:51,圪塔节制闸,101
2026/4/16 9:56,圪塔节制闸,101
2026/4/16 10:01,圪塔节制闸,101
2026/4/16 10:07,圪塔节制闸,101
2026/4/16 10:12,圪塔节制闸,101
2026/4/16 10:17,圪塔节制闸,101
2026/4/16 10:22,圪塔节制闸,101
2026/4/16 10:28,圪塔节制闸,101
2026/4/16 10:33,圪塔节制闸,101
2026/4/16 10:38,圪塔节制闸,101
2026/4/16 10:44,圪塔节制闸,101
2026/4/16 10:49,圪塔节制闸,101
2026/4/16 10:54,圪塔节制闸,101
2026/4/16 10:59,圪塔节制闸,101
2026/4/16 11:04,圪塔节制闸,101
2026/4/16 11:09,圪塔节制闸,101
2026/4/16 11:14,圪塔节制闸,101
2026/4/16 11:20,圪塔节制闸,101
2026/4/16 11:25,圪塔节制闸,101
2026/4/16 11:30,圪塔节制闸,101
2026/4/16 11:35,圪塔节制闸,101
2026/4/16 11:40,圪塔节制闸,101
2026/4/16 11:45,圪塔节制闸,101
2026/4/16 11:51,圪塔节制闸,101
2026/4/16 11:56,圪塔节制闸,101
2026/4/16 12:01,圪塔节制闸,101
2026/4/16 12:06,圪塔节制闸,101
2026/4/16 12:12,圪塔节制闸,101
2026/4/16 12:17,圪塔节制闸,101
2026/4/16 12:22,圪塔节制闸,101
2026/4/16 12:28,圪塔节制闸,101
2026/4/16 12:33,圪塔节制闸,101
2026/4/16 12:39,圪塔节制闸,101
2026/4/16 12:44,圪塔节制闸,101
2026/4/16 12:49,圪塔节制闸,101
2026/4/16 12:54,圪塔节制闸,101
2026/4/16 12:59,圪塔节制闸,101
2026/4/16 13:05,圪塔节制闸,101
2026/4/16 13:10,圪塔节制闸,101
2026/4/16 13:15,圪塔节制闸,101
2026/4/16 13:20,圪塔节制闸,101
2026/4/16 13:25,圪塔节制闸,101
2026/4/16 13:31,圪塔节制闸,101
2026/4/16 13:36,圪塔节制闸,101
2026/4/16 13:41,圪塔节制闸,101
2026/4/16 13:46,圪塔节制闸,101
2026/4/16 13:52,圪塔节制闸,101
2026/4/16 13:57,圪塔节制闸,101
2026/4/16 14:02,圪塔节制闸,101
2026/4/16 14:07,圪塔节制闸,101
2026/4/16 14:13,圪塔节制闸,101
2026/4/16 14:18,圪塔节制闸,101
2026/4/16 14:24,圪塔节制闸,101
2026/4/16 14:29,圪塔节制闸,101
2026/4/16 14:34,圪塔节制闸,101
2026/4/16 14:39,圪塔节制闸,101
2026/4/16 14:44,圪塔节制闸,101
2026/4/16 14:50,圪塔节制闸,101
2026/4/16 14:55,圪塔节制闸,101
2026/4/16 15:00,圪塔节制闸,101
2026/4/16 15:06,圪塔节制闸,101
2026/4/16 15:11,圪塔节制闸,101
2026/4/16 15:16,圪塔节制闸,101
2026/4/16 15:22,圪塔节制闸,101
2026/4/16 15:27,圪塔节制闸,101
2026/4/16 15:32,圪塔节制闸,81
2026/4/16 15:37,圪塔节制闸,81
2026/4/16 15:43,圪塔节制闸,81
2026/4/16 15:48,圪塔节制闸,81
2026/4/16 15:53,圪塔节制闸,81
2026/4/16 15:59,圪塔节制闸,81
2026/4/16 16:04,圪塔节制闸,81
2026/4/16 16:09,圪塔节制闸,81
2026/4/16 16:14,圪塔节制闸,81
2026/4/16 16:19,圪塔节制闸,81
2026/4/16 16:24,圪塔节制闸,81
2026/4/16 16:30,圪塔节制闸,81
2026/4/16 16:35,圪塔节制闸,81
2026/4/16 16:40,圪塔节制闸,151
2026/4/16 16:45,圪塔节制闸,151
2026/4/16 16:51,圪塔节制闸,151
2026/4/16 16:56,圪塔节制闸,151
2026/4/16 17:01,圪塔节制闸,151
2026/4/16 17:07,圪塔节制闸,201
2026/4/16 17:12,圪塔节制闸,201
2026/4/16 17:18,圪塔节制闸,401
2026/4/16 17:23,圪塔节制闸,401
2026/4/16 17:28,圪塔节制闸,401
2026/4/16 17:33,圪塔节制闸,401
2026/4/16 17:39,圪塔节制闸,401
2026/4/16 17:44,圪塔节制闸,401
2026/4/16 17:50,圪塔节制闸,401
2026/4/16 17:55,圪塔节制闸,401
2026/4/16 18:00,圪塔节制闸,401
2026/4/16 18:06,圪塔节制闸,201
2026/4/16 18:11,圪塔节制闸,201
2026/4/16 18:17,圪塔节制闸,201
2026/4/16 18:22,圪塔节制闸,201
2026/4/16 18:27,圪塔节制闸,151
2026/4/16 18:32,圪塔节制闸,151
2026/4/16 18:38,圪塔节制闸,151
2026/4/16 18:43,圪塔节制闸,151
2026/4/16 18:49,圪塔节制闸,151
2026/4/16 18:54,圪塔节制闸,151
2026/4/16 18:59,圪塔节制闸,151
2026/4/16 19:05,圪塔节制闸,151
2026/4/16 19:10,圪塔节制闸,151
2026/4/16 19:15,圪塔节制闸,151
2026/4/16 19:21,圪塔节制闸,151
2026/4/16 19:26,圪塔节制闸,151
2026/4/16 19:31,圪塔节制闸,151
2026/4/16 19:37,圪塔节制闸,151
2026/4/16 19:42,圪塔节制闸,151
2026/4/16 19:47,圪塔节制闸,151
2026/4/16 19:52,圪塔节制闸,151
2026/4/16 19:58,圪塔节制闸,151
2026/4/16 20:03,圪塔节制闸,151
2026/4/16 20:08,圪塔节制闸,151
2026/4/16 20:14,圪塔节制闸,151
2026/4/16 20:19,圪塔节制闸,151
2026/4/16 20:24,圪塔节制闸,151
2026/4/16 20:29,圪塔节制闸,301
2026/4/16 20:34,圪塔节制闸,301
2026/4/16 20:40,圪塔节制闸,301
2026/4/16 20:45,圪塔节制闸,401
2026/4/16 20:51,圪塔节制闸,401
2026/4/16 20:56,圪塔节制闸,401
2026/4/16 21:01,圪塔节制闸,401
2026/4/16 21:06,圪塔节制闸,401
2026/4/16 21:12,圪塔节制闸,401
2026/4/16 21:17,圪塔节制闸,401
2026/4/16 21:22,圪塔节制闸,401
2026/4/16 21:27,圪塔节制闸,401
2026/4/16 21:32,圪塔节制闸,401
2026/4/16 21:38,圪塔节制闸,401
2026/4/16 21:43,圪塔节制闸,401
2026/4/16 21:48,圪塔节制闸,401
2026/4/16 21:53,圪塔节制闸,401
2026/4/16 21:58,圪塔节制闸,401
2026/4/16 22:04,圪塔节制闸,401
2026/4/16 22:09,圪塔节制闸,401
2026/4/16 22:15,圪塔节制闸,401
2026/4/16 22:20,圪塔节制闸,401
2026/4/16 22:25,圪塔节制闸,401
2026/4/16 22:31,圪塔节制闸,401
2026/4/16 22:36,圪塔节制闸,401
2026/4/16 22:41,圪塔节制闸,401
2026/4/16 22:47,圪塔节制闸,401
2026/4/16 22:52,圪塔节制闸,401
2026/4/16 22:58,圪塔节制闸,401
2026/4/16 23:02,圪塔节制闸,401
2026/4/16 23:08,圪塔节制闸,401
2026/4/16 23:13,圪塔节制闸,401
2026/4/16 23:18,圪塔节制闸,401
2026/4/16 23:23,圪塔节制闸,401
2026/4/16 23:29,圪塔节制闸,401
2026/4/16 23:34,圪塔节制闸,401
2026/4/16 23:39,圪塔节制闸,401
2026/4/16 23:44,圪塔节制闸,401
2026/4/16 23:50,圪塔节制闸,401
2026/4/16 23:55,圪塔节制闸,401
2026/4/17 0:00,圪塔节制闸,401
2026/4/17 0:05,圪塔节制闸,401
2026/4/17 0:11,圪塔节制闸,401
2026/4/17 0:16,圪塔节制闸,401
2026/4/17 0:22,圪塔节制闸,401
2026/4/17 0:27,圪塔节制闸,401
2026/4/17 0:33,圪塔节制闸,401
2026/4/17 0:38,圪塔节制闸,401
2026/4/17 0:44,圪塔节制闸,401
2026/4/17 0:49,圪塔节制闸,401
2026/4/17 0:55,圪塔节制闸,401
2026/4/17 1:00,圪塔节制闸,401
2026/4/17 1:05,圪塔节制闸,401
2026/4/17 1:10,圪塔节制闸,401
2026/4/17 1:15,圪塔节制闸,401
2026/4/17 1:20,圪塔节制闸,401
2026/4/17 1:26,圪塔节制闸,401
2026/4/17 1:31,圪塔节制闸,401
2026/4/17 1:36,圪塔节制闸,401
2026/4/17 1:41,圪塔节制闸,401
2026/4/17 1:47,圪塔节制闸,401
2026/4/17 1:52,圪塔节制闸,401
2026/4/17 1:58,圪塔节制闸,401
2026/4/17 2:03,圪塔节制闸,401
2026/4/17 2:08,圪塔节制闸,401
2026/4/17 2:13,圪塔节制闸,401
2026/4/17 2:19,圪塔节制闸,401
2026/4/17 2:24,圪塔节制闸,401
2026/4/17 2:29,圪塔节制闸,401
2026/4/17 2:35,圪塔节制闸,800
2026/4/17 2:40,圪塔节制闸,800
2026/4/17 2:46,圪塔节制闸,800
2026/4/17 2:51,圪塔节制闸,800
2026/4/17 2:56,圪塔节制闸,800
2026/4/17 3:02,圪塔节制闸,800
2026/4/17 3:07,圪塔节制闸,800
2026/4/17 3:12,圪塔节制闸,800
2026/4/17 3:18,圪塔节制闸,800
2026/4/17 3:23,圪塔节制闸,800
2026/4/17 3:28,圪塔节制闸,800
2026/4/17 3:34,圪塔节制闸,800
2026/4/17 3:39,圪塔节制闸,800
2026/4/17 3:45,圪塔节制闸,800
2026/4/17 3:50,圪塔节制闸,800
2026/4/17 3:55,圪塔节制闸,800
2026/4/17 4:01,圪塔节制闸,800
2026/4/17 4:06,圪塔节制闸,800
2026/4/17 4:11,圪塔节制闸,800
2026/4/17 4:17,圪塔节制闸,800
2026/4/17 4:22,圪塔节制闸,800
2026/4/17 4:28,圪塔节制闸,800
2026/4/17 4:33,圪塔节制闸,800
2026/4/17 4:38,圪塔节制闸,800
2026/4/17 4:44,圪塔节制闸,800
2026/4/17 4:49,圪塔节制闸,800
2026/4/17 4:54,圪塔节制闸,800
2026/4/17 5:00,圪塔节制闸,800
2026/4/17 5:05,圪塔节制闸,401
2026/4/17 5:10,圪塔节制闸,351
2026/4/17 5:16,圪塔节制闸,301
2026/4/17 5:21,圪塔节制闸,301
2026/4/17 5:26,圪塔节制闸,301
2026/4/17 5:32,圪塔节制闸,351
2026/4/17 5:37,圪塔节制闸,351
2026/4/17 5:43,圪塔节制闸,351
2026/4/17 5:48,圪塔节制闸,351
2026/4/17 5:53,圪塔节制闸,351
2026/4/17 5:59,圪塔节制闸,351
2026/4/17 6:04,圪塔节制闸,351
2026/4/17 6:09,圪塔节制闸,351
2026/4/17 6:15,圪塔节制闸,351
2026/4/17 6:20,圪塔节制闸,351
2026/4/17 6:26,圪塔节制闸,401
2026/4/17 6:31,圪塔节制闸,401
2026/4/17 6:36,圪塔节制闸,401
2026/4/17 6:41,圪塔节制闸,401
2026/4/17 6:47,圪塔节制闸,401
2026/4/17 6:52,圪塔节制闸,401
2026/4/17 6:58,圪塔节制闸,401
2026/4/17 7:03,圪塔节制闸,451
2026/4/17 7:08,圪塔节制闸,451
2026/4/17 7:14,圪塔节制闸,451
2026/4/17 7:19,圪塔节制闸,451
2026/4/17 7:24,圪塔节制闸,451
2026/4/17 7:29,圪塔节制闸,451
2026/4/17 7:34,圪塔节制闸,451
2026/4/17 7:40,圪塔节制闸,451
2026/4/17 7:45,圪塔节制闸,451
2026/4/17 7:50,圪塔节制闸,451
2026/4/17 7:55,圪塔节制闸,451
2026/4/17 8:01,圪塔节制闸,451
2026/4/17 8:06,圪塔节制闸,451
2026/4/17 8:11,圪塔节制闸,451
2026/4/17 8:17,圪塔节制闸,451
2026/4/17 8:22,圪塔节制闸,451
2026/4/17 8:27,圪塔节制闸,451
2026/4/17 8:33,圪塔节制闸,451
2026/4/17 8:38,圪塔节制闸,451
2026/4/17 8:44,圪塔节制闸,451
2026/4/17 8:49,圪塔节制闸,451
2026/4/17 8:54,圪塔节制闸,451
2026/4/17 8:59,圪塔节制闸,451
2026/4/17 9:04,圪塔节制闸,451
2026/4/17 9:09,圪塔节制闸,451
2026/4/17 9:15,圪塔节制闸,451
2026/4/17 9:20,圪塔节制闸,451
2026/4/17 9:25,圪塔节制闸,451
2026/4/17 9:30,圪塔节制闸,451
2026/4/17 9:35,圪塔节制闸,451
2026/4/17 9:41,圪塔节制闸,451
2026/4/17 9:46,圪塔节制闸,451
2026/4/17 9:51,圪塔节制闸,451
2026/4/17 9:57,圪塔节制闸,451
2026/4/17 10:02,圪塔节制闸,401
2026/4/17 10:07,圪塔节制闸,401
2026/4/17 10:12,圪塔节制闸,401
2026/4/17 10:18,圪塔节制闸,401
2026/4/17 10:23,圪塔节制闸,401
2026/4/17 10:29,圪塔节制闸,401
2026/4/17 10:34,圪塔节制闸,401
2026/4/17 10:39,圪塔节制闸,401
2026/4/17 10:45,圪塔节制闸,401
2026/4/17 10:50,圪塔节制闸,401
2026/4/17 10:55,圪塔节制闸,401
2026/4/17 11:01,圪塔节制闸,401
2026/4/17 11:06,圪塔节制闸,401
2026/4/17 11:12,圪塔节制闸,401
2026/4/17 11:17,圪塔节制闸,401
2026/4/17 11:22,圪塔节制闸,401
2026/4/17 11:28,圪塔节制闸,401
2026/4/17 11:33,圪塔节制闸,401
2026/4/17 11:38,圪塔节制闸,401
2026/4/17 11:44,圪塔节制闸,401
2026/4/17 11:49,圪塔节制闸,401
2026/4/17 11:55,圪塔节制闸,401
2026/4/17 12:00,圪塔节制闸,401
2026/4/17 12:05,圪塔节制闸,401
2026/4/17 12:10,圪塔节制闸,401
2026/4/17 12:16,圪塔节制闸,401
2026/4/17 12:21,圪塔节制闸,401
2026/4/17 12:26,圪塔节制闸,401
2026/4/17 12:32,圪塔节制闸,401
2026/4/17 12:37,圪塔节制闸,401
2026/4/17 12:42,圪塔节制闸,401
2026/4/17 12:47,圪塔节制闸,401
2026/4/17 12:53,圪塔节制闸,401
2026/4/17 12:58,圪塔节制闸,401
2026/4/17 13:03,圪塔节制闸,401
2026/4/17 13:09,圪塔节制闸,401
2026/4/17 13:14,圪塔节制闸,401
2026/4/17 13:19,圪塔节制闸,401
2026/4/17 13:24,圪塔节制闸,401
2026/4/17 13:30,圪塔节制闸,401
2026/4/17 13:35,圪塔节制闸,401
2026/4/17 13:40,圪塔节制闸,401
2026/4/17 13:46,圪塔节制闸,401
2026/4/17 13:51,圪塔节制闸,351
2026/4/17 13:56,圪塔节制闸,351
2026/4/17 14:02,圪塔节制闸,351
2026/4/17 14:07,圪塔节制闸,351
2026/4/17 14:12,圪塔节制闸,351
2026/4/17 14:18,圪塔节制闸,351
2026/4/17 14:23,圪塔节制闸,351
2026/4/17 14:28,圪塔节制闸,351
2026/4/17 14:33,圪塔节制闸,351
2026/4/17 14:39,圪塔节制闸,351
2026/4/17 14:44,圪塔节制闸,351
2026/4/17 14:49,圪塔节制闸,351
2026/4/17 14:55,圪塔节制闸,351
2026/4/17 15:00,圪塔节制闸,351
2026/4/17 15:05,圪塔节制闸,351
2026/4/17 15:10,圪塔节制闸,351
2026/4/17 15:16,圪塔节制闸,351
2026/4/17 15:21,圪塔节制闸,351
2026/4/17 15:26,圪塔节制闸,351
2026/4/17 15:31,圪塔节制闸,351
2026/4/17 15:36,圪塔节制闸,351
2026/4/17 15:42,圪塔节制闸,351
2026/4/17 15:47,圪塔节制闸,351
2026/4/17 15:52,圪塔节制闸,351
2026/4/17 15:58,圪塔节制闸,351
2026/4/17 16:03,圪塔节制闸,351
2026/4/17 16:08,圪塔节制闸,351
2026/4/17 16:14,圪塔节制闸,351
2026/4/17 16:19,圪塔节制闸,351
2026/4/17 16:25,圪塔节制闸,351
2026/4/17 16:30,圪塔节制闸,351
2026/4/17 16:35,圪塔节制闸,351
2026/4/17 16:41,圪塔节制闸,351
2026/4/17 16:46,圪塔节制闸,351
2026/4/17 16:51,圪塔节制闸,351
2026/4/17 16:56,圪塔节制闸,351
2026/4/17 17:01,圪塔节制闸,351
2026/4/17 17:06,圪塔节制闸,351
2026/4/17 17:11,圪塔节制闸,351
2026/4/17 17:16,圪塔节制闸,351
2026/4/17 17:22,圪塔节制闸,351
2026/4/17 17:27,圪塔节制闸,351
2026/4/17 17:32,圪塔节制闸,351
2026/4/17 17:38,圪塔节制闸,351
2026/4/17 17:43,圪塔节制闸,351
2026/4/17 17:49,圪塔节制闸,351
2026/4/17 17:54,圪塔节制闸,351
2026/4/17 17:59,圪塔节制闸,301
2026/4/17 18:04,圪塔节制闸,301
2026/4/17 18:10,圪塔节制闸,301
2026/4/17 18:15,圪塔节制闸,301
2026/4/17 18:20,圪塔节制闸,301
2026/4/17 18:26,圪塔节制闸,301
2026/4/17 18:31,圪塔节制闸,301
2026/4/17 18:36,圪塔节制闸,301
2026/4/17 18:42,圪塔节制闸,301
2026/4/17 18:47,圪塔节制闸,301
2026/4/17 18:52,圪塔节制闸,301
2026/4/17 18:57,圪塔节制闸,301
2026/4/17 19:03,圪塔节制闸,301
2026/4/17 19:08,圪塔节制闸,301
2026/4/17 19:14,圪塔节制闸,301
2026/4/17 19:19,圪塔节制闸,301
2026/4/17 19:24,圪塔节制闸,301
2026/4/17 19:30,圪塔节制闸,301
2026/4/17 19:35,圪塔节制闸,301
2026/4/17 19:40,圪塔节制闸,301
2026/4/17 19:46,圪塔节制闸,301
2026/4/17 19:51,圪塔节制闸,301
2026/4/17 19:56,圪塔节制闸,301
2026/4/17 20:02,圪塔节制闸,301
2026/4/17 20:07,圪塔节制闸,301
2026/4/17 20:12,圪塔节制闸,301
2026/4/17 20:18,圪塔节制闸,301
2026/4/17 20:23,圪塔节制闸,301
2026/4/17 20:28,圪塔节制闸,301
2026/4/17 20:33,圪塔节制闸,301
2026/4/17 20:39,圪塔节制闸,301
2026/4/17 20:44,圪塔节制闸,301
2026/4/17 20:49,圪塔节制闸,301
2026/4/17 20:54,圪塔节制闸,301
2026/4/17 20:59,圪塔节制闸,301
2026/4/17 21:05,圪塔节制闸,301
2026/4/17 21:10,圪塔节制闸,301
2026/4/17 21:15,圪塔节制闸,301
2026/4/17 21:21,圪塔节制闸,301
2026/4/17 21:26,圪塔节制闸,301
2026/4/17 21:32,圪塔节制闸,301
2026/4/17 21:37,圪塔节制闸,301
2026/4/17 21:43,圪塔节制闸,301
2026/4/17 21:48,圪塔节制闸,301
2026/4/17 21:53,圪塔节制闸,301
2026/4/17 21:58,圪塔节制闸,301
2026/4/17 22:04,圪塔节制闸,301
2026/4/17 22:09,圪塔节制闸,301
2026/4/17 22:14,圪塔节制闸,301
2026/4/17 22:19,圪塔节制闸,301
2026/4/17 22:24,圪塔节制闸,301
2026/4/17 22:30,圪塔节制闸,301
2026/4/17 22:35,圪塔节制闸,301
2026/4/17 22:40,圪塔节制闸,301
2026/4/17 22:45,圪塔节制闸,301
2026/4/17 22:51,圪塔节制闸,301
2026/4/17 22:56,圪塔节制闸,301
2026/4/17 23:01,圪塔节制闸,301
2026/4/17 23:04,圪塔节制闸,301
2026/4/17 23:11,圪塔节制闸,301
2026/4/17 23:17,圪塔节制闸,301
2026/4/17 23:22,圪塔节制闸,301
2026/4/17 23:27,圪塔节制闸,301
2026/4/17 23:32,圪塔节制闸,301
2026/4/17 23:37,圪塔节制闸,301
2026/4/17 23:43,圪塔节制闸,301
2026/4/17 23:48,圪塔节制闸,301
2026/4/17 23:53,圪塔节制闸,301
2026/4/17 23:59,圪塔节制闸,301
2026/4/18 0:04,圪塔节制闸,301
2026/4/18 0:09,圪塔节制闸,301
2026/4/18 0:15,圪塔节制闸,301
2026/4/18 0:20,圪塔节制闸,301
2026/4/18 0:25,圪塔节制闸,301
2026/4/18 0:31,圪塔节制闸,301
2026/4/18 0:36,圪塔节制闸,301
2026/4/18 0:41,圪塔节制闸,301
2026/4/18 0:47,圪塔节制闸,301
2026/4/18 0:52,圪塔节制闸,301
2026/4/18 0:57,圪塔节制闸,301
2026/4/18 1:01,圪塔节制闸,301
2026/4/18 1:09,圪塔节制闸,301
2026/4/18 1:15,圪塔节制闸,301
2026/4/18 1:20,圪塔节制闸,301
2026/4/18 1:25,圪塔节制闸,301
2026/4/18 1:31,圪塔节制闸,301
2026/4/18 1:36,圪塔节制闸,301
2026/4/18 1:41,圪塔节制闸,301
2026/4/18 1:47,圪塔节制闸,301
2026/4/18 1:52,圪塔节制闸,301
2026/4/18 1:57,圪塔节制闸,301
2026/4/18 2:03,圪塔节制闸,301
2026/4/18 2:08,圪塔节制闸,301
2026/4/18 2:13,圪塔节制闸,301
2026/4/18 2:19,圪塔节制闸,301
2026/4/18 2:24,圪塔节制闸,331
2026/4/18 2:30,圪塔节制闸,331
2026/4/18 2:35,圪塔节制闸,331
2026/4/18 2:40,圪塔节制闸,331
2026/4/18 2:46,圪塔节制闸,331
2026/4/18 2:51,圪塔节制闸,331
2026/4/18 2:56,圪塔节制闸,331
2026/4/18 3:01,圪塔节制闸,331
2026/4/18 3:06,圪塔节制闸,331
2026/4/18 3:12,圪塔节制闸,331
2026/4/18 3:17,圪塔节制闸,331
2026/4/18 3:22,圪塔节制闸,331
2026/4/18 3:28,圪塔节制闸,331
2026/4/18 3:33,圪塔节制闸,331
2026/4/18 3:39,圪塔节制闸,331
2026/4/18 3:44,圪塔节制闸,331
2026/4/18 3:50,圪塔节制闸,331
2026/4/18 3:55,圪塔节制闸,331
2026/4/18 4:00,圪塔节制闸,331
2026/4/18 4:05,圪塔节制闸,331
2026/4/18 4:11,圪塔节制闸,331
2026/4/18 4:16,圪塔节制闸,331
2026/4/18 4:21,圪塔节制闸,331
2026/4/18 4:26,圪塔节制闸,331
2026/4/18 4:32,圪塔节制闸,331
2026/4/18 4:37,圪塔节制闸,331
2026/4/18 4:42,圪塔节制闸,331
2026/4/18 4:47,圪塔节制闸,331
2026/4/18 4:52,圪塔节制闸,331
2026/4/18 4:57,圪塔节制闸,331
2026/4/18 5:03,圪塔节制闸,331
2026/4/18 5:08,圪塔节制闸,331
2026/4/18 5:14,圪塔节制闸,331
2026/4/18 5:19,圪塔节制闸,331
2026/4/18 5:24,圪塔节制闸,331
2026/4/18 5:29,圪塔节制闸,331
2026/4/18 5:35,圪塔节制闸,251
2026/4/18 5:40,圪塔节制闸,251
2026/4/18 5:45,圪塔节制闸,251
2026/4/18 5:50,圪塔节制闸,251
2026/4/18 5:56,圪塔节制闸,251
2026/4/18 6:01,圪塔节制闸,251
2026/4/18 6:06,圪塔节制闸,251
2026/4/18 6:12,圪塔节制闸,251
2026/4/18 6:17,圪塔节制闸,251
2026/4/18 6:23,圪塔节制闸,251
2026/4/18 6:28,圪塔节制闸,251
2026/4/18 6:34,圪塔节制闸,251
2026/4/18 6:39,圪塔节制闸,251
2026/4/18 6:45,圪塔节制闸,251
2026/4/18 6:50,圪塔节制闸,251
2026/4/18 6:55,圪塔节制闸,251
2026/4/18 7:00,圪塔节制闸,251
2026/4/18 7:06,圪塔节制闸,251
2026/4/18 7:11,圪塔节制闸,251
2026/4/18 7:16,圪塔节制闸,251
2026/4/18 7:22,圪塔节制闸,251
2026/4/18 7:27,圪塔节制闸,251
2026/4/18 7:32,圪塔节制闸,251
2026/4/18 7:37,圪塔节制闸,251
2026/4/18 7:43,圪塔节制闸,251
2026/4/18 7:48,圪塔节制闸,251
2026/4/18 7:53,圪塔节制闸,251
2026/4/18 7:58,圪塔节制闸,251
2026/4/18 8:04,圪塔节制闸,251
2026/4/18 8:09,圪塔节制闸,251
2026/4/18 8:14,圪塔节制闸,251
2026/4/18 8:20,圪塔节制闸,351
2026/4/18 8:25,圪塔节制闸,351
2026/4/18 8:31,圪塔节制闸,351
2026/4/18 8:36,圪塔节制闸,351
2026/4/18 8:41,圪塔节制闸,351
2026/4/18 8:46,圪塔节制闸,351
2026/4/18 8:52,圪塔节制闸,351
2026/4/18 8:57,圪塔节制闸,351
2026/4/18 9:02,圪塔节制闸,351
2026/4/18 9:08,圪塔节制闸,351
2026/4/18 9:13,圪塔节制闸,351
2026/4/18 9:18,圪塔节制闸,351
2026/4/18 9:23,圪塔节制闸,351
2026/4/18 9:29,圪塔节制闸,351
2026/4/18 9:34,圪塔节制闸,401
2026/4/18 9:39,圪塔节制闸,401
2026/4/18 9:44,圪塔节制闸,451
2026/4/18 9:49,圪塔节制闸,451
2026/4/18 9:55,圪塔节制闸,451
2026/4/18 10:00,圪塔节制闸,451
2026/4/18 10:05,圪塔节制闸,451
2026/4/18 10:11,圪塔节制闸,451
2026/4/18 10:16,圪塔节制闸,451
2026/4/18 10:21,圪塔节制闸,451
2026/4/18 10:27,圪塔节制闸,451
2026/4/18 10:32,圪塔节制闸,451
2026/4/18 10:37,圪塔节制闸,451
2026/4/18 10:43,圪塔节制闸,601
2026/4/18 10:48,圪塔节制闸,601
2026/4/18 10:54,圪塔节制闸,601
2026/4/18 10:59,圪塔节制闸,601
2026/4/18 11:04,圪塔节制闸,601
2026/4/18 11:10,圪塔节制闸,601
2026/4/18 11:15,圪塔节制闸,601
2026/4/18 11:20,圪塔节制闸,601
2026/4/18 11:26,圪塔节制闸,601
2026/4/18 11:31,圪塔节制闸,601
2026/4/18 11:36,圪塔节制闸,601
2026/4/18 11:42,圪塔节制闸,601
2026/4/18 11:47,圪塔节制闸,601
2026/4/18 11:52,圪塔节制闸,601
2026/4/18 11:58,圪塔节制闸,601
2026/4/18 12:03,圪塔节制闸,601
2026/4/18 12:08,圪塔节制闸,601
2026/4/18 12:14,圪塔节制闸,601
2026/4/18 12:19,圪塔节制闸,601
2026/4/18 12:25,圪塔节制闸,601
2026/4/18 12:30,圪塔节制闸,601
2026/4/18 12:35,圪塔节制闸,601
2026/4/18 12:41,圪塔节制闸,601
2026/4/18 12:46,圪塔节制闸,601
2026/4/18 12:51,圪塔节制闸,601
2026/4/18 12:57,圪塔节制闸,601
2026/4/18 13:02,圪塔节制闸,601
2026/4/18 13:08,圪塔节制闸,601
2026/4/18 13:13,圪塔节制闸,601
2026/4/18 13:18,圪塔节制闸,601
2026/4/18 13:24,圪塔节制闸,601
2026/4/18 13:29,圪塔节制闸,601
2026/4/18 13:35,圪塔节制闸,601
2026/4/18 13:40,圪塔节制闸,601
2026/4/18 13:45,圪塔节制闸,601
2026/4/18 13:50,圪塔节制闸,601
2026/4/18 13:56,圪塔节制闸,601
2026/4/18 14:01,圪塔节制闸,601
2026/4/18 14:07,圪塔节制闸,1200
2026/4/18 14:12,圪塔节制闸,1200
2026/4/18 14:17,圪塔节制闸,1200
2026/4/18 14:23,圪塔节制闸,1200
2026/4/18 14:28,圪塔节制闸,1200
2026/4/18 14:33,圪塔节制闸,1200
2026/4/18 14:38,圪塔节制闸,1200
2026/4/18 14:44,圪塔节制闸,1200
2026/4/18 14:49,圪塔节制闸,1200
2026/4/18 14:54,圪塔节制闸,1200
2026/4/18 14:59,圪塔节制闸,1200
2026/4/18 15:05,圪塔节制闸,1200
2026/4/18 15:10,圪塔节制闸,1200
2026/4/18 15:15,圪塔节制闸,601
2026/4/18 15:21,圪塔节制闸,601
2026/4/18 15:26,圪塔节制闸,601
2026/4/18 15:31,圪塔节制闸,601
2026/4/18 15:37,圪塔节制闸,601
2026/4/18 15:42,圪塔节制闸,601
2026/4/18 15:47,圪塔节制闸,601
2026/4/18 15:53,圪塔节制闸,601
2026/4/18 15:58,圪塔节制闸,601
2026/4/18 16:04,圪塔节制闸,601
2026/4/18 16:09,圪塔节制闸,601
2026/4/18 16:14,圪塔节制闸,601
2026/4/18 16:20,圪塔节制闸,601
2026/4/18 16:25,圪塔节制闸,601
2026/4/18 16:30,圪塔节制闸,601
2026/4/18 16:36,圪塔节制闸,601
2026/4/18 16:41,圪塔节制闸,601
2026/4/18 16:46,圪塔节制闸,601
2026/4/18 16:52,圪塔节制闸,601
2026/4/18 16:57,圪塔节制闸,601
2026/4/18 17:02,圪塔节制闸,601
2026/4/18 17:07,圪塔节制闸,601
2026/4/18 17:13,圪塔节制闸,601
2026/4/18 17:18,圪塔节制闸,601
2026/4/18 17:23,圪塔节制闸,601
2026/4/18 17:28,圪塔节制闸,601
2026/4/18 17:33,圪塔节制闸,601
2026/4/18 17:39,圪塔节制闸,601
2026/4/18 17:44,圪塔节制闸,601
2026/4/18 17:49,圪塔节制闸,601
2026/4/18 17:54,圪塔节制闸,601
2026/4/18 18:00,圪塔节制闸,601
2026/4/18 18:05,圪塔节制闸,601
2026/4/18 18:11,圪塔节制闸,601
2026/4/18 18:16,圪塔节制闸,601
2026/4/18 18:22,圪塔节制闸,601
2026/4/18 18:27,圪塔节制闸,601
2026/4/18 18:32,圪塔节制闸,601
2026/4/18 18:37,圪塔节制闸,601
2026/4/18 18:43,圪塔节制闸,601
2026/4/18 18:48,圪塔节制闸,601
2026/4/18 18:54,圪塔节制闸,601
2026/4/18 18:59,圪塔节制闸,601
2026/4/18 19:04,圪塔节制闸,601
2026/4/18 19:09,圪塔节制闸,601
2026/4/18 19:15,圪塔节制闸,601
2026/4/18 19:20,圪塔节制闸,601
2026/4/18 19:26,圪塔节制闸,601
2026/4/18 19:31,圪塔节制闸,601
2026/4/18 19:36,圪塔节制闸,601
2026/4/18 19:41,圪塔节制闸,401
2026/4/18 19:46,圪塔节制闸,401
2026/4/18 19:51,圪塔节制闸,401
2026/4/18 19:56,圪塔节制闸,401
2026/4/18 20:02,圪塔节制闸,401
2026/4/18 20:07,圪塔节制闸,401
2026/4/18 20:13,圪塔节制闸,401
2026/4/18 20:18,圪塔节制闸,401
2026/4/18 20:23,圪塔节制闸,401
2026/4/18 20:28,圪塔节制闸,401
2026/4/18 20:33,圪塔节制闸,401
2026/4/18 20:39,圪塔节制闸,401
2026/4/18 20:44,圪塔节制闸,401
2026/4/18 20:49,圪塔节制闸,421
2026/4/18 20:54,圪塔节制闸,421
2026/4/18 20:59,圪塔节制闸,421
2026/4/18 21:05,圪塔节制闸,421
2026/4/18 21:10,圪塔节制闸,421
2026/4/18 21:15,圪塔节制闸,421
2026/4/18 21:21,圪塔节制闸,421
2026/4/18 21:26,圪塔节制闸,421
2026/4/18 21:32,圪塔节制闸,421
2026/4/18 21:37,圪塔节制闸,421
2026/4/18 21:42,圪塔节制闸,421
2026/4/18 21:47,圪塔节制闸,421
2026/4/18 21:52,圪塔节制闸,421
2026/4/18 21:58,圪塔节制闸,421
2026/4/18 22:03,圪塔节制闸,421
2026/4/18 22:08,圪塔节制闸,421
2026/4/18 22:14,圪塔节制闸,421
2026/4/18 22:19,圪塔节制闸,421
2026/4/18 22:25,圪塔节制闸,421
2026/4/18 22:30,圪塔节制闸,401
2026/4/18 22:36,圪塔节制闸,401
2026/4/18 22:41,圪塔节制闸,401
2026/4/18 22:46,圪塔节制闸,401
2026/4/18 22:51,圪塔节制闸,401
2026/4/18 22:57,圪塔节制闸,401
2026/4/18 23:02,圪塔节制闸,401
2026/4/18 23:08,圪塔节制闸,401
2026/4/18 23:13,圪塔节制闸,401
2026/4/18 23:18,圪塔节制闸,401
2026/4/18 23:23,圪塔节制闸,401
2026/4/18 23:29,圪塔节制闸,401
2026/4/18 23:34,圪塔节制闸,401
2026/4/18 23:39,圪塔节制闸,401
2026/4/18 23:45,圪塔节制闸,401
2026/4/18 23:50,圪塔节制闸,401
2026/4/18 23:55,圪塔节制闸,401
2026/4/19 0:01,圪塔节制闸,401
2026/4/19 0:06,圪塔节制闸,401
2026/4/19 0:12,圪塔节制闸,401
2026/4/19 0:17,圪塔节制闸,401
2026/4/19 0:22,圪塔节制闸,401
2026/4/19 0:27,圪塔节制闸,351
2026/4/19 0:33,圪塔节制闸,351
2026/4/19 0:38,圪塔节制闸,351
2026/4/19 0:44,圪塔节制闸,351
2026/4/19 0:49,圪塔节制闸,351
2026/4/19 0:54,圪塔节制闸,351
2026/4/19 0:59,圪塔节制闸,351
2026/4/19 1:05,圪塔节制闸,351
2026/4/19 1:10,圪塔节制闸,351
2026/4/19 1:15,圪塔节制闸,351
2026/4/19 1:20,圪塔节制闸,351
2026/4/19 1:25,圪塔节制闸,351
2026/4/19 1:30,圪塔节制闸,351
2026/4/19 1:36,圪塔节制闸,351
2026/4/19 1:41,圪塔节制闸,351
2026/4/19 1:46,圪塔节制闸,351
2026/4/19 1:52,圪塔节制闸,351
2026/4/19 1:57,圪塔节制闸,351
2026/4/19 2:02,圪塔节制闸,351
2026/4/19 2:08,圪塔节制闸,351
2026/4/19 2:13,圪塔节制闸,351
2026/4/19 2:18,圪塔节制闸,351
2026/4/19 2:24,圪塔节制闸,351
2026/4/19 2:29,圪塔节制闸,351
2026/4/19 2:34,圪塔节制闸,351
2026/4/19 2:39,圪塔节制闸,351
2026/4/19 2:44,圪塔节制闸,351
2026/4/19 2:50,圪塔节制闸,351
2026/4/19 2:55,圪塔节制闸,351
2026/4/19 3:00,圪塔节制闸,351
2026/4/19 3:06,圪塔节制闸,351
2026/4/19 3:11,圪塔节制闸,351
2026/4/19 3:16,圪塔节制闸,351
2026/4/19 3:22,圪塔节制闸,351
2026/4/19 3:27,圪塔节制闸,351
2026/4/19 3:32,圪塔节制闸,281
2026/4/19 3:38,圪塔节制闸,281
2026/4/19 3:43,圪塔节制闸,281
2026/4/19 3:48,圪塔节制闸,261
2026/4/19 3:53,圪塔节制闸,251
2026/4/19 3:58,圪塔节制闸,201
2026/4/19 4:04,圪塔节制闸,201
2026/4/19 4:09,圪塔节制闸,151
2026/4/19 4:14,圪塔节制闸,151
2026/4/19 4:20,圪塔节制闸,151
2026/4/19 4:25,圪塔节制闸,151
2026/4/19 4:30,圪塔节制闸,151
2026/4/19 4:35,圪塔节制闸,201
2026/4/19 4:41,圪塔节制闸,201
2026/4/19 4:46,圪塔节制闸,201
2026/4/19 4:51,圪塔节制闸,251
2026/4/19 4:57,圪塔节制闸,251
2026/4/19 5:02,圪塔节制闸,251
2026/4/19 5:07,圪塔节制闸,251
2026/4/19 5:12,圪塔节制闸,251
2026/4/19 5:18,圪塔节制闸,251
2026/4/19 5:23,圪塔节制闸,251
2026/4/19 5:28,圪塔节制闸,251
2026/4/19 5:34,圪塔节制闸,251
2026/4/19 5:39,圪塔节制闸,301
2026/4/19 5:44,圪塔节制闸,301
2026/4/19 5:49,圪塔节制闸,301
2026/4/19 5:55,圪塔节制闸,351
2026/4/19 6:00,圪塔节制闸,351
2026/4/19 6:05,圪塔节制闸,351
2026/4/19 6:10,圪塔节制闸,351
2026/4/19 6:15,圪塔节制闸,351
2026/4/19 6:20,圪塔节制闸,351
2026/4/19 6:25,圪塔节制闸,351
2026/4/19 6:31,圪塔节制闸,351
2026/4/19 6:36,圪塔节制闸,351
2026/4/19 6:41,圪塔节制闸,351
2026/4/19 6:47,圪塔节制闸,351
2026/4/19 6:52,圪塔节制闸,351
2026/4/19 6:57,圪塔节制闸,351
2026/4/19 7:03,圪塔节制闸,351
2026/4/19 7:08,圪塔节制闸,351
2026/4/19 7:13,圪塔节制闸,351
2026/4/19 7:18,圪塔节制闸,351
2026/4/19 7:23,圪塔节制闸,351
2026/4/19 7:29,圪塔节制闸,351
2026/4/19 7:34,圪塔节制闸,301
2026/4/19 7:39,圪塔节制闸,301
2026/4/19 7:44,圪塔节制闸,301
2026/4/19 7:49,圪塔节制闸,301
2026/4/19 7:54,圪塔节制闸,301
2026/4/19 8:00,圪塔节制闸,301
2026/4/19 8:05,圪塔节制闸,301
2026/4/19 8:10,圪塔节制闸,301
2026/4/19 8:15,圪塔节制闸,301
2026/4/19 8:21,圪塔节制闸,301
2026/4/19 8:26,圪塔节制闸,301
2026/4/19 8:31,圪塔节制闸,301
2026/4/19 8:36,圪塔节制闸,301
2026/4/19 8:42,圪塔节制闸,301
2026/4/19 8:47,圪塔节制闸,301
2026/4/19 8:53,圪塔节制闸,401
2026/4/19 8:58,圪塔节制闸,401
2026/4/19 9:03,圪塔节制闸,401
2026/4/19 9:08,圪塔节制闸,401
2026/4/19 9:13,圪塔节制闸,401
2026/4/19 9:18,圪塔节制闸,401
2026/4/19 9:23,圪塔节制闸,1001
2026/4/19 9:29,圪塔节制闸,1001
2026/4/19 9:34,圪塔节制闸,1001
2026/4/19 9:39,圪塔节制闸,1001
2026/4/19 9:45,圪塔节制闸,1001
2026/4/19 9:50,圪塔节制闸,1001
2026/4/19 9:55,圪塔节制闸,1001
2026/4/19 10:01,圪塔节制闸,1001
2026/4/19 10:06,圪塔节制闸,1001
2026/4/19 10:11,圪塔节制闸,1001
2026/4/19 10:16,圪塔节制闸,1001
2026/4/19 10:22,圪塔节制闸,1001
2026/4/19 10:27,圪塔节制闸,1001
2026/4/19 10:32,圪塔节制闸,1001
2026/4/19 10:37,圪塔节制闸,1001
2026/4/19 10:42,圪塔节制闸,1001
2026/4/19 10:47,圪塔节制闸,1001
2026/4/19 10:53,圪塔节制闸,1001
2026/4/19 10:58,圪塔节制闸,1001
2026/4/19 11:03,圪塔节制闸,1001
2026/4/19 11:09,圪塔节制闸,1001
2026/4/19 11:14,圪塔节制闸,1001
2026/4/19 11:19,圪塔节制闸,1001
2026/4/19 11:25,圪塔节制闸,1001
2026/4/19 11:30,圪塔节制闸,1001
2026/4/19 11:36,圪塔节制闸,1001
2026/4/19 11:41,圪塔节制闸,1001
2026/4/19 11:47,圪塔节制闸,1001
2026/4/19 11:52,圪塔节制闸,1001
2026/4/19 11:57,圪塔节制闸,1001
2026/4/19 12:02,圪塔节制闸,1001
2026/4/19 12:07,圪塔节制闸,1001
2026/4/19 12:12,圪塔节制闸,1001
2026/4/19 12:18,圪塔节制闸,1001
2026/4/19 12:23,圪塔节制闸,1001
2026/4/19 12:28,圪塔节制闸,1001
2026/4/19 12:33,圪塔节制闸,1001
2026/4/19 12:38,圪塔节制闸,1500
2026/4/19 12:44,圪塔节制闸,2200
2026/4/19 12:49,圪塔节制闸,2200
2026/4/19 12:54,圪塔节制闸,2200
2026/4/19 13:00,圪塔节制闸,2200
2026/4/19 13:05,圪塔节制闸,2200
2026/4/19 13:10,圪塔节制闸,2200
2026/4/19 13:16,圪塔节制闸,2200
2026/4/19 13:21,圪塔节制闸,2200
2026/4/19 13:27,圪塔节制闸,2200
2026/4/19 13:32,圪塔节制闸,2200
2026/4/19 13:37,圪塔节制闸,2200
2026/4/19 13:43,圪塔节制闸,2200
2026/4/19 13:48,圪塔节制闸,2200
2026/4/19 13:53,圪塔节制闸,2200
2026/4/19 13:59,圪塔节制闸,2200
2026/4/19 14:04,圪塔节制闸,2200
2026/4/19 14:10,圪塔节制闸,2200
2026/4/19 14:15,圪塔节制闸,2200
2026/4/19 14:20,圪塔节制闸,2200
2026/4/19 14:26,圪塔节制闸,2200
2026/4/19 14:31,圪塔节制闸,2200
2026/4/19 14:36,圪塔节制闸,2200
2026/4/19 14:41,圪塔节制闸,2200
2026/4/19 14:47,圪塔节制闸,2200
2026/4/19 14:52,圪塔节制闸,2200
2026/4/19 14:57,圪塔节制闸,2200
2026/4/19 15:02,圪塔节制闸,2200
2026/4/19 15:08,圪塔节制闸,2200
2026/4/19 15:13,圪塔节制闸,2200
2026/4/19 15:18,圪塔节制闸,2200
2026/4/19 15:24,圪塔节制闸,2200
2026/4/19 15:29,圪塔节制闸,2200
2026/4/19 15:35,圪塔节制闸,2200
2026/4/19 15:40,圪塔节制闸,2200
2026/4/19 15:45,圪塔节制闸,2200
2026/4/19 15:50,圪塔节制闸,2200
2026/4/19 15:56,圪塔节制闸,2200
2026/4/19 16:01,圪塔节制闸,2200
2026/4/19 16:06,圪塔节制闸,2200
2026/4/19 16:11,圪塔节制闸,2200
2026/4/19 16:17,圪塔节制闸,2200
2026/4/19 16:22,圪塔节制闸,2200
2026/4/19 16:27,圪塔节制闸,2200
2026/4/19 16:33,圪塔节制闸,2200
2026/4/19 16:38,圪塔节制闸,2200
2026/4/19 16:43,圪塔节制闸,2200
2026/4/19 16:48,圪塔节制闸,2200
2026/4/19 16:54,圪塔节制闸,2200
2026/4/19 16:59,圪塔节制闸,2200
2026/4/19 17:04,圪塔节制闸,2200
2026/4/19 17:10,圪塔节制闸,2200
2026/4/19 17:15,圪塔节制闸,2200
2026/4/19 17:20,圪塔节制闸,2200
2026/4/19 17:26,圪塔节制闸,2200
2026/4/19 17:31,圪塔节制闸,2200
2026/4/19 17:36,圪塔节制闸,2200
2026/4/19 17:42,圪塔节制闸,2200
2026/4/19 17:47,圪塔节制闸,2200
2026/4/19 17:53,圪塔节制闸,2200
2026/4/19 17:58,圪塔节制闸,2200
2026/4/19 18:04,圪塔节制闸,2200
2026/4/19 18:09,圪塔节制闸,2200
2026/4/19 18:14,圪塔节制闸,2200
2026/4/19 18:20,圪塔节制闸,2200
2026/4/19 18:25,圪塔节制闸,2200
2026/4/19 18:30,圪塔节制闸,1361
2026/4/19 18:36,圪塔节制闸,1001
2026/4/19 18:41,圪塔节制闸,501
2026/4/19 18:46,圪塔节制闸,501
2026/4/19 18:51,圪塔节制闸,501
2026/4/19 18:57,圪塔节制闸,501
2026/4/19 19:02,圪塔节制闸,501
2026/4/19 19:07,圪塔节制闸,501
2026/4/19 19:12,圪塔节制闸,501
2026/4/19 19:18,圪塔节制闸,501
2026/4/19 19:23,圪塔节制闸,501
2026/4/19 19:29,圪塔节制闸,501
2026/4/19 19:34,圪塔节制闸,501
2026/4/19 19:39,圪塔节制闸,501
2026/4/19 19:45,圪塔节制闸,501
2026/4/19 19:50,圪塔节制闸,501
2026/4/19 19:55,圪塔节制闸,501
2026/4/19 20:00,圪塔节制闸,501
2026/4/19 20:06,圪塔节制闸,501
2026/4/19 20:11,圪塔节制闸,501
2026/4/19 20:16,圪塔节制闸,501
2026/4/19 20:21,圪塔节制闸,501
2026/4/19 20:26,圪塔节制闸,501
2026/4/19 20:32,圪塔节制闸,501
2026/4/19 20:37,圪塔节制闸,501
2026/4/19 20:42,圪塔节制闸,501
2026/4/19 20:48,圪塔节制闸,501
2026/4/19 20:53,圪塔节制闸,501
2026/4/19 20:59,圪塔节制闸,501
2026/4/19 21:04,圪塔节制闸,501
2026/4/19 21:09,圪塔节制闸,501
2026/4/19 21:15,圪塔节制闸,501
2026/4/19 21:20,圪塔节制闸,501
2026/4/19 21:25,圪塔节制闸,501
2026/4/19 21:30,圪塔节制闸,501
2026/4/19 21:35,圪塔节制闸,401
2026/4/19 21:41,圪塔节制闸,401
2026/4/19 21:46,圪塔节制闸,401
2026/4/19 21:51,圪塔节制闸,401
2026/4/19 21:56,圪塔节制闸,401
2026/4/19 22:01,圪塔节制闸,401
2026/4/19 22:07,圪塔节制闸,401
2026/4/19 22:12,圪塔节制闸,351
2026/4/19 22:17,圪塔节制闸,351
2026/4/19 22:22,圪塔节制闸,351
2026/4/19 22:28,圪塔节制闸,351
2026/4/19 22:33,圪塔节制闸,351
2026/4/19 22:38,圪塔节制闸,351
2026/4/19 22:44,圪塔节制闸,351
2026/4/19 22:49,圪塔节制闸,351
2026/4/19 22:54,圪塔节制闸,351
2026/4/19 23:00,圪塔节制闸,351
2026/4/19 23:03,圪塔节制闸,351
2026/4/19 23:11,圪塔节制闸,351
2026/4/19 23:16,圪塔节制闸,351
2026/4/19 23:22,圪塔节制闸,351
2026/4/19 23:27,圪塔节制闸,351
2026/4/19 23:32,圪塔节制闸,351
2026/4/19 23:38,圪塔节制闸,351
2026/4/19 23:43,圪塔节制闸,351
2026/4/19 23:49,圪塔节制闸,301
2026/4/19 23:54,圪塔节制闸,301
2026/4/19 23:59,圪塔节制闸,301
2026/4/20 0:05,圪塔节制闸,301
2026/4/20 0:10,圪塔节制闸,301
2026/4/20 0:15,圪塔节制闸,301
2026/4/20 0:21,圪塔节制闸,301
2026/4/20 0:26,圪塔节制闸,301
2026/4/20 0:31,圪塔节制闸,301
2026/4/20 0:37,圪塔节制闸,301
2026/4/20 0:42,圪塔节制闸,301
2026/4/20 0:47,圪塔节制闸,301
2026/4/20 0:52,圪塔节制闸,301
2026/4/20 0:58,圪塔节制闸,301
2026/4/20 1:03,圪塔节制闸,301
2026/4/20 1:08,圪塔节制闸,301
2026/4/20 1:13,圪塔节制闸,301
2026/4/20 1:18,圪塔节制闸,301
2026/4/20 1:24,圪塔节制闸,301
2026/4/20 1:29,圪塔节制闸,301
2026/4/20 1:34,圪塔节制闸,301
2026/4/20 1:39,圪塔节制闸,301
2026/4/20 1:44,圪塔节制闸,301
2026/4/20 1:50,圪塔节制闸,301
2026/4/20 1:55,圪塔节制闸,301
2026/4/20 2:00,圪塔节制闸,301
2026/4/20 2:05,圪塔节制闸,301
2026/4/20 2:11,圪塔节制闸,301
2026/4/20 2:16,圪塔节制闸,301
2026/4/20 2:21,圪塔节制闸,301
2026/4/20 2:26,圪塔节制闸,301
2026/4/20 2:32,圪塔节制闸,301
2026/4/20 2:37,圪塔节制闸,301
2026/4/20 2:42,圪塔节制闸,301
2026/4/20 2:48,圪塔节制闸,301
2026/4/20 2:53,圪塔节制闸,301
2026/4/20 2:58,圪塔节制闸,301
2026/4/20 3:03,圪塔节制闸,301
2026/4/20 3:09,圪塔节制闸,301
2026/4/20 3:14,圪塔节制闸,301
2026/4/20 3:20,圪塔节制闸,301
2026/4/20 3:25,圪塔节制闸,301
2026/4/20 3:30,圪塔节制闸,301
2026/4/20 3:36,圪塔节制闸,301
2026/4/20 3:41,圪塔节制闸,301
2026/4/20 3:46,圪塔节制闸,301
2026/4/20 3:52,圪塔节制闸,301
2026/4/20 3:57,圪塔节制闸,301
2026/4/20 4:02,圪塔节制闸,301
2026/4/20 4:07,圪塔节制闸,301
2026/4/20 4:12,圪塔节制闸,301
2026/4/20 4:17,圪塔节制闸,301
2026/4/20 4:23,圪塔节制闸,301
2026/4/20 4:28,圪塔节制闸,301
2026/4/20 4:34,圪塔节制闸,301
2026/4/20 4:39,圪塔节制闸,301
2026/4/20 4:44,圪塔节制闸,301
2026/4/20 4:50,圪塔节制闸,301
2026/4/20 4:55,圪塔节制闸,301
2026/4/20 5:00,圪塔节制闸,301
2026/4/20 5:06,圪塔节制闸,301
2026/4/20 5:11,圪塔节制闸,301
2026/4/20 5:17,圪塔节制闸,301
2026/4/20 5:22,圪塔节制闸,301
2026/4/20 5:27,圪塔节制闸,301
2026/4/20 5:32,圪塔节制闸,301
2026/4/20 5:38,圪塔节制闸,301
2026/4/20 5:43,圪塔节制闸,301
2026/4/20 5:48,圪塔节制闸,301
2026/4/20 5:54,圪塔节制闸,301
2026/4/20 5:59,圪塔节制闸,301
2026/4/20 6:05,圪塔节制闸,301
2026/4/20 6:10,圪塔节制闸,301
2026/4/20 6:15,圪塔节制闸,301
2026/4/20 6:21,圪塔节制闸,301
2026/4/20 6:26,圪塔节制闸,301
2026/4/20 6:32,圪塔节制闸,301
2026/4/20 6:37,圪塔节制闸,301
2026/4/20 6:42,圪塔节制闸,301
2026/4/20 6:48,圪塔节制闸,301
2026/4/20 6:53,圪塔节制闸,301
2026/4/20 6:58,圪塔节制闸,301
2026/4/20 7:04,圪塔节制闸,301
2026/4/20 7:09,圪塔节制闸,301
2026/4/20 7:14,圪塔节制闸,301
2026/4/20 7:20,圪塔节制闸,261
2026/4/20 7:25,圪塔节制闸,261
2026/4/20 7:30,圪塔节制闸,261
2026/4/20 7:36,圪塔节制闸,261
2026/4/20 7:41,圪塔节制闸,261
2026/4/20 7:46,圪塔节制闸,261
2026/4/20 7:52,圪塔节制闸,261
2026/4/20 7:57,圪塔节制闸,261
2026/4/20 8:02,圪塔节制闸,261
2026/4/20 8:08,圪塔节制闸,261
2026/4/20 8:13,圪塔节制闸,261
2026/4/20 8:19,圪塔节制闸,261
2026/4/20 8:24,圪塔节制闸,261
2026/4/20 8:29,圪塔节制闸,261
2026/4/20 8:35,圪塔节制闸,261
2026/4/20 8:40,圪塔节制闸,261
2026/4/20 8:45,圪塔节制闸,261
2026/4/20 8:51,圪塔节制闸,261
2026/4/20 8:56,圪塔节制闸,261
2026/4/20 9:01,圪塔节制闸,261
2026/4/20 9:07,圪塔节制闸,261
2026/4/20 9:12,圪塔节制闸,351
2026/4/20 9:17,圪塔节制闸,351
2026/4/20 9:23,圪塔节制闸,351
2026/4/20 9:28,圪塔节制闸,351
2026/4/20 9:34,圪塔节制闸,351
2026/4/20 9:39,圪塔节制闸,351
2026/4/20 9:44,圪塔节制闸,351
2026/4/20 9:50,圪塔节制闸,351
2026/4/20 9:55,圪塔节制闸,351
2026/4/20 10:00,圪塔节制闸,351
2026/4/20 10:06,圪塔节制闸,351
2026/4/20 10:11,圪塔节制闸,351
2026/4/20 10:16,圪塔节制闸,351
2026/4/20 10:22,圪塔节制闸,351
2026/4/20 10:27,圪塔节制闸,351
2026/4/20 10:32,圪塔节制闸,351
2026/4/20 10:38,圪塔节制闸,351
2026/4/20 10:43,圪塔节制闸,351
2026/4/20 10:49,圪塔节制闸,351
2026/4/20 10:54,圪塔节制闸,351
2026/4/20 10:59,圪塔节制闸,351
2026/4/20 11:05,圪塔节制闸,351
2026/4/20 11:10,圪塔节制闸,351
2026/4/20 11:16,圪塔节制闸,351
2026/4/20 11:21,圪塔节制闸,351
2026/4/20 11:26,圪塔节制闸,351
2026/4/20 11:32,圪塔节制闸,351
2026/4/20 11:37,圪塔节制闸,351
2026/4/20 11:42,圪塔节制闸,351
2026/4/20 11:48,圪塔节制闸,351
2026/4/20 11:53,圪塔节制闸,351
2026/4/20 11:59,圪塔节制闸,501
2026/4/20 12:04,圪塔节制闸,501
2026/4/20 12:09,圪塔节制闸,501
2026/4/20 12:14,圪塔节制闸,501
2026/4/20 12:20,圪塔节制闸,501
2026/4/20 12:25,圪塔节制闸,501
2026/4/20 12:31,圪塔节制闸,501
2026/4/20 12:36,圪塔节制闸,501
2026/4/20 12:41,圪塔节制闸,501
2026/4/20 12:47,圪塔节制闸,501
2026/4/20 12:52,圪塔节制闸,501
2026/4/20 12:57,圪塔节制闸,501
2026/4/20 13:03,圪塔节制闸,501
2026/4/20 13:08,圪塔节制闸,501
2026/4/20 13:13,圪塔节制闸,501
2026/4/20 13:19,圪塔节制闸,701
2026/4/20 13:24,圪塔节制闸,701
2026/4/20 13:29,圪塔节制闸,701
2026/4/20 13:35,圪塔节制闸,701
2026/4/20 13:40,圪塔节制闸,701
2026/4/20 13:46,圪塔节制闸,701
2026/4/20 13:51,圪塔节制闸,701
2026/4/20 13:56,圪塔节制闸,701
2026/4/20 14:02,圪塔节制闸,701
2026/4/20 14:07,圪塔节制闸,701
2026/4/20 14:12,圪塔节制闸,701
2026/4/20 14:18,圪塔节制闸,701
2026/4/20 14:23,圪塔节制闸,701
2026/4/20 14:29,圪塔节制闸,701
2026/4/20 14:34,圪塔节制闸,701
2026/4/20 14:39,圪塔节制闸,701
2026/4/20 14:44,圪塔节制闸,701
2026/4/20 14:50,圪塔节制闸,701
2026/4/20 14:55,圪塔节制闸,701
2026/4/20 15:01,圪塔节制闸,701
2026/4/20 15:06,圪塔节制闸,1001
2026/4/20 15:11,圪塔节制闸,1001
2026/4/20 15:17,圪塔节制闸,1001
2026/4/20 15:22,圪塔节制闸,1001
2026/4/20 15:28,圪塔节制闸,1001
2026/4/20 15:33,圪塔节制闸,1001
2026/4/20 15:38,圪塔节制闸,1001
2026/4/20 15:44,圪塔节制闸,1001
2026/4/20 15:49,圪塔节制闸,1001
2026/4/20 15:54,圪塔节制闸,1001
2026/4/20 16:00,圪塔节制闸,1001
2026/4/20 16:05,圪塔节制闸,1001
2026/4/20 16:11,圪塔节制闸,1001
2026/4/20 16:16,圪塔节制闸,1001
2026/4/20 16:21,圪塔节制闸,1001
2026/4/20 16:26,圪塔节制闸,1001
2026/4/20 16:32,圪塔节制闸,1001
2026/4/20 16:37,圪塔节制闸,1001
2026/4/20 16:43,圪塔节制闸,1001
2026/4/20 16:48,圪塔节制闸,1001
2026/4/20 16:53,圪塔节制闸,1001
2026/4/20 16:59,圪塔节制闸,1001
2026/4/20 17:04,圪塔节制闸,1001
2026/4/20 17:09,圪塔节制闸,1001
2026/4/20 17:15,圪塔节制闸,1001
2026/4/20 17:20,圪塔节制闸,1001
2026/4/20 17:25,圪塔节制闸,1001
2026/4/20 17:31,圪塔节制闸,1001
2026/4/20 17:36,圪塔节制闸,1001
2026/4/20 17:42,圪塔节制闸,1001
2026/4/20 17:47,圪塔节制闸,1001
2026/4/20 17:52,圪塔节制闸,1001
2026/4/20 17:57,圪塔节制闸,1001
2026/4/20 18:03,圪塔节制闸,1001
2026/4/20 18:08,圪塔节制闸,1001
2026/4/20 18:14,圪塔节制闸,1001
2026/4/20 18:19,圪塔节制闸,1001
2026/4/20 18:25,圪塔节制闸,1001
2026/4/20 18:30,圪塔节制闸,1001
2026/4/20 18:35,圪塔节制闸,1001
2026/4/20 18:40,圪塔节制闸,1001
2026/4/20 18:46,圪塔节制闸,1001
2026/4/20 18:51,圪塔节制闸,1001
2026/4/20 18:56,圪塔节制闸,1001
2026/4/20 19:02,圪塔节制闸,1001
2026/4/20 19:07,圪塔节制闸,1001
2026/4/20 19:13,圪塔节制闸,1001
2026/4/20 19:18,圪塔节制闸,1001
2026/4/20 19:23,圪塔节制闸,1001
2026/4/20 19:29,圪塔节制闸,1001
2026/4/20 19:34,圪塔节制闸,1001
2026/4/20 19:39,圪塔节制闸,1001
2026/4/20 19:45,圪塔节制闸,1001
2026/4/20 19:50,圪塔节制闸,1001
2026/4/20 19:55,圪塔节制闸,1001
2026/4/20 20:01,圪塔节制闸,1001
2026/4/20 20:06,圪塔节制闸,1001
2026/4/20 20:12,圪塔节制闸,1001
2026/4/20 20:17,圪塔节制闸,1001
2026/4/20 20:22,圪塔节制闸,1001
2026/4/20 20:28,圪塔节制闸,1001
2026/4/20 20:33,圪塔节制闸,1001
2026/4/20 20:39,圪塔节制闸,1001
2026/4/20 20:44,圪塔节制闸,1001
2026/4/20 20:49,圪塔节制闸,1001
2026/4/20 20:54,圪塔节制闸,1001
2026/4/20 21:00,圪塔节制闸,1001
2026/4/20 21:05,圪塔节制闸,1001
2026/4/20 21:11,圪塔节制闸,1001
2026/4/20 21:16,圪塔节制闸,1001
2026/4/20 21:21,圪塔节制闸,1001
2026/4/20 21:26,圪塔节制闸,1001
2026/4/20 21:32,圪塔节制闸,1001
2026/4/20 21:37,圪塔节制闸,1001
2026/4/20 21:43,圪塔节制闸,1001
2026/4/20 21:48,圪塔节制闸,1001
2026/4/20 21:53,圪塔节制闸,1001
2026/4/20 21:59,圪塔节制闸,1001
2026/4/20 22:04,圪塔节制闸,1001
2026/4/20 22:09,圪塔节制闸,1001
2026/4/20 22:15,圪塔节制闸,1001
2026/4/20 22:20,圪塔节制闸,1001
2026/4/20 22:25,圪塔节制闸,1001
2026/4/20 22:30,圪塔节制闸,1001
2026/4/20 22:36,圪塔节制闸,1001
2026/4/20 22:41,圪塔节制闸,1001
2026/4/20 22:46,圪塔节制闸,1001
2026/4/20 22:52,圪塔节制闸,1001
2026/4/20 22:57,圪塔节制闸,1001
2026/4/20 23:01,圪塔节制闸,1001
2026/4/20 23:07,圪塔节制闸,1001
2026/4/20 23:12,圪塔节制闸,1001
2026/4/20 23:17,圪塔节制闸,1001
2026/4/20 23:22,圪塔节制闸,1001
2026/4/20 23:28,圪塔节制闸,1001
2026/4/20 23:33,圪塔节制闸,1001
2026/4/20 23:38,圪塔节制闸,1001
2026/4/20 23:44,圪塔节制闸,1001
2026/4/20 23:49,圪塔节制闸,1001
2026/4/20 23:54,圪塔节制闸,1001
2026/4/20 23:59,圪塔节制闸,1001
2026/4/21 0:05,圪塔节制闸,1001
2026/4/21 0:10,圪塔节制闸,1001
2026/4/21 0:16,圪塔节制闸,1001
2026/4/21 0:21,圪塔节制闸,1001
2026/4/21 0:26,圪塔节制闸,1001
2026/4/21 0:31,圪塔节制闸,1001
2026/4/21 0:36,圪塔节制闸,1001
2026/4/21 0:41,圪塔节制闸,1001
2026/4/21 0:46,圪塔节制闸,1001
2026/4/21 0:51,圪塔节制闸,1001
2026/4/21 0:57,圪塔节制闸,1001
2026/4/21 1:02,圪塔节制闸,1001
2026/4/21 1:07,圪塔节制闸,1001
2026/4/21 1:12,圪塔节制闸,1001
2026/4/21 1:18,圪塔节制闸,1001
2026/4/21 1:23,圪塔节制闸,1001
2026/4/21 1:28,圪塔节制闸,1001
2026/4/21 1:33,圪塔节制闸,1001
2026/4/21 1:38,圪塔节制闸,1001
2026/4/21 1:44,圪塔节制闸,1001
2026/4/21 1:49,圪塔节制闸,1001
2026/4/21 1:55,圪塔节制闸,1001
2026/4/21 2:00,圪塔节制闸,1001
2026/4/21 2:05,圪塔节制闸,1001
2026/4/21 2:10,圪塔节制闸,1001
2026/4/21 2:16,圪塔节制闸,1001
2026/4/21 2:21,圪塔节制闸,1001
2026/4/21 2:27,圪塔节制闸,1001
2026/4/21 2:32,圪塔节制闸,1001
2026/4/21 2:37,圪塔节制闸,1001
2026/4/21 2:43,圪塔节制闸,1001
2026/4/21 2:48,圪塔节制闸,1001
2026/4/21 2:53,圪塔节制闸,1001
2026/4/21 2:59,圪塔节制闸,1001
2026/4/21 3:04,圪塔节制闸,1001
2026/4/21 3:09,圪塔节制闸,1001
2026/4/21 3:15,圪塔节制闸,1001
2026/4/21 3:20,圪塔节制闸,1001
2026/4/21 3:26,圪塔节制闸,1001
2026/4/21 3:31,圪塔节制闸,1001
2026/4/21 3:36,圪塔节制闸,1001
2026/4/21 3:41,圪塔节制闸,1001
2026/4/21 3:47,圪塔节制闸,1001
2026/4/21 3:52,圪塔节制闸,1001
2026/4/21 3:58,圪塔节制闸,1001
2026/4/21 4:03,圪塔节制闸,1500
2026/4/21 4:08,圪塔节制闸,1500
2026/4/21 4:14,圪塔节制闸,1500
2026/4/21 4:19,圪塔节制闸,1500
2026/4/21 4:24,圪塔节制闸,1500
2026/4/21 4:30,圪塔节制闸,1500
2026/4/21 4:35,圪塔节制闸,1500
2026/4/21 4:41,圪塔节制闸,1500
2026/4/21 4:46,圪塔节制闸,1500
2026/4/21 4:51,圪塔节制闸,1500
2026/4/21 4:57,圪塔节制闸,1500
2026/4/21 5:02,圪塔节制闸,1500
2026/4/21 5:07,圪塔节制闸,1500
2026/4/21 5:13,圪塔节制闸,1500
2026/4/21 5:18,圪塔节制闸,1500
2026/4/21 5:24,圪塔节制闸,1500
2026/4/21 5:29,圪塔节制闸,1500
2026/4/21 5:34,圪塔节制闸,1500
2026/4/21 5:39,圪塔节制闸,1500
2026/4/21 5:44,圪塔节制闸,1500
2026/4/21 5:50,圪塔节制闸,1500
2026/4/21 5:55,圪塔节制闸,1500
2026/4/21 6:01,圪塔节制闸,1500
2026/4/21 6:06,圪塔节制闸,1500
2026/4/21 6:12,圪塔节制闸,1500
2026/4/21 6:17,圪塔节制闸,1500
2026/4/21 6:22,圪塔节制闸,1500
2026/4/21 6:28,圪塔节制闸,1500
2026/4/21 6:33,圪塔节制闸,1500
2026/4/21 6:38,圪塔节制闸,1500
2026/4/21 6:44,圪塔节制闸,1500
2026/4/21 6:49,圪塔节制闸,1500
2026/4/21 6:55,圪塔节制闸,1500
2026/4/21 7:00,圪塔节制闸,1500
2026/4/21 7:05,圪塔节制闸,1500
2026/4/21 7:11,圪塔节制闸,1500
2026/4/21 7:16,圪塔节制闸,1500
2026/4/21 7:21,圪塔节制闸,1500
2026/4/21 7:26,圪塔节制闸,1500
2026/4/21 7:32,圪塔节制闸,1500
2026/4/21 7:37,圪塔节制闸,1500
2026/4/21 7:42,圪塔节制闸,1500
2026/4/21 7:47,圪塔节制闸,1500
2026/4/21 7:53,圪塔节制闸,1500
2026/4/21 7:58,圪塔节制闸,1500
2026/4/21 8:03,圪塔节制闸,1500
2026/4/21 8:09,圪塔节制闸,1500
2026/4/21 8:14,圪塔节制闸,1500
2026/4/21 8:19,圪塔节制闸,1500
2026/4/21 8:25,圪塔节制闸,1500
2026/4/21 8:30,圪塔节制闸,1500
2026/4/21 8:35,圪塔节制闸,1500
2026/4/21 8:40,圪塔节制闸,1500
2026/4/21 8:45,圪塔节制闸,1500
2026/4/21 8:51,圪塔节制闸,1500
2026/4/21 8:56,圪塔节制闸,1500
2026/4/21 9:02,圪塔节制闸,1500
2026/4/21 9:07,圪塔节制闸,1500
2026/4/21 9:12,圪塔节制闸,1500
2026/4/21 9:17,圪塔节制闸,1500
2026/4/21 9:22,圪塔节制闸,1500
2026/4/21 9:28,圪塔节制闸,1500
2026/4/21 9:33,圪塔节制闸,1500
2026/4/21 9:38,圪塔节制闸,1500
2026/4/21 9:43,圪塔节制闸,1500
2026/4/21 9:49,圪塔节制闸,1500
2026/4/21 9:54,圪塔节制闸,1500
2026/4/21 9:59,圪塔节制闸,1500
2026/4/21 10:04,圪塔节制闸,1500
2026/4/21 10:10,圪塔节制闸,1500
2026/4/21 10:15,圪塔节制闸,1500
2026/4/21 10:21,圪塔节制闸,1500
2026/4/21 10:26,圪塔节制闸,1500
2026/4/21 10:31,圪塔节制闸,1500
2026/4/21 10:36,圪塔节制闸,1500
2026/4/21 10:42,圪塔节制闸,1500
2026/4/21 10:47,圪塔节制闸,1500
2026/4/21 10:53,圪塔节制闸,1500
2026/4/21 10:58,圪塔节制闸,1500
2026/4/21 11:03,圪塔节制闸,1500
2026/4/21 11:08,圪塔节制闸,1500
2026/4/21 11:14,圪塔节制闸,1500
2026/4/21 11:19,圪塔节制闸,201
2026/4/21 11:24,圪塔节制闸,201
2026/4/21 11:29,圪塔节制闸,201
2026/4/21 11:34,圪塔节制闸,2
2026/4/21 11:39,圪塔节制闸,2
2026/4/21 11:44,圪塔节制闸,201
2026/4/21 11:50,圪塔节制闸,201
2026/4/21 11:55,圪塔节制闸,201
2026/4/21 12:00,圪塔节制闸,201
2026/4/21 12:06,圪塔节制闸,301
2026/4/21 12:11,圪塔节制闸,301
2026/4/21 12:16,圪塔节制闸,2
2026/4/21 12:21,圪塔节制闸,2
2026/4/21 12:27,圪塔节制闸,2
2026/4/21 12:32,圪塔节制闸,2
2026/4/21 12:38,圪塔节制闸,2
2026/4/21 12:43,圪塔节制闸,2
2026/4/21 12:49,圪塔节制闸,2
2026/4/21 12:54,圪塔节制闸,2
2026/4/21 12:59,圪塔节制闸,2
2026/4/21 13:04,圪塔节制闸,2
2026/4/21 13:10,圪塔节制闸,2
2026/4/21 13:15,圪塔节制闸,2
2026/4/21 13:21,圪塔节制闸,2
2026/4/21 13:26,圪塔节制闸,2
2026/4/21 13:31,圪塔节制闸,2
2026/4/21 13:37,圪塔节制闸,2
2026/4/21 13:42,圪塔节制闸,2
2026/4/21 13:47,圪塔节制闸,2
2026/4/21 13:53,圪塔节制闸,2
2026/4/21 13:58,圪塔节制闸,2
2026/4/21 14:03,圪塔节制闸,2
2026/4/21 14:09,圪塔节制闸,2
2026/4/21 14:14,圪塔节制闸,2
2026/4/21 14:19,圪塔节制闸,2
2026/4/21 14:25,圪塔节制闸,2
2026/4/21 14:30,圪塔节制闸,2
2026/4/21 14:36,圪塔节制闸,2
2026/4/21 14:41,圪塔节制闸,2
2026/4/21 14:46,圪塔节制闸,2
2026/4/21 14:52,圪塔节制闸,2
2026/4/21 14:57,圪塔节制闸,2
2026/4/21 15:02,圪塔节制闸,2
2026/4/21 15:08,圪塔节制闸,2
2026/4/21 15:13,圪塔节制闸,2
2026/4/21 15:18,圪塔节制闸,2
2026/4/21 15:24,圪塔节制闸,2
2026/4/21 15:29,圪塔节制闸,2
2026/4/21 15:35,圪塔节制闸,2
2026/4/21 15:40,圪塔节制闸,2
2026/4/21 15:45,圪塔节制闸,2
2026/4/21 15:51,圪塔节制闸,2
2026/4/21 15:56,圪塔节制闸,2
2026/4/21 16:01,圪塔节制闸,2
2026/4/21 16:06,圪塔节制闸,2
2026/4/21 16:11,圪塔节制闸,2
2026/4/21 16:16,圪塔节制闸,2
2026/4/21 16:22,圪塔节制闸,2
2026/4/21 16:27,圪塔节制闸,2
2026/4/21 16:32,圪塔节制闸,2
2026/4/21 16:38,圪塔节制闸,2
2026/4/21 16:43,圪塔节制闸,2
2026/4/21 16:48,圪塔节制闸,2
2026/4/21 16:53,圪塔节制闸,2
2026/4/21 16:58,圪塔节制闸,2
2026/4/21 17:03,圪塔节制闸,2
2026/4/21 17:09,圪塔节制闸,2
2026/4/21 17:14,圪塔节制闸,2
2026/4/21 17:19,圪塔节制闸,939
2026/4/21 17:25,圪塔节制闸,1001
2026/4/14 0:04,富家岭节制闸,90
2026/4/14 0:10,富家岭节制闸,90
2026/4/14 0:15,富家岭节制闸,90
2026/4/14 0:20,富家岭节制闸,90
2026/4/14 0:25,富家岭节制闸,90
2026/4/14 0:31,富家岭节制闸,90
2026/4/14 0:36,富家岭节制闸,90
2026/4/14 0:42,富家岭节制闸,90
2026/4/14 0:47,富家岭节制闸,90
2026/4/14 0:52,富家岭节制闸,90
2026/4/14 0:57,富家岭节制闸,90
2026/4/14 1:03,富家岭节制闸,90
2026/4/14 1:08,富家岭节制闸,90
2026/4/14 1:13,富家岭节制闸,90
2026/4/14 1:18,富家岭节制闸,90
2026/4/14 1:24,富家岭节制闸,90
2026/4/14 1:29,富家岭节制闸,90
2026/4/14 1:35,富家岭节制闸,90
2026/4/14 1:40,富家岭节制闸,90
2026/4/14 1:46,富家岭节制闸,90
2026/4/14 1:51,富家岭节制闸,90
2026/4/14 1:57,富家岭节制闸,90
2026/4/14 2:02,富家岭节制闸,90
2026/4/14 2:07,富家岭节制闸,90
2026/4/14 2:12,富家岭节制闸,90
2026/4/14 2:18,富家岭节制闸,90
2026/4/14 2:23,富家岭节制闸,90
2026/4/14 2:29,富家岭节制闸,90
2026/4/14 2:34,富家岭节制闸,90
2026/4/14 2:39,富家岭节制闸,90
2026/4/14 2:44,富家岭节制闸,90
2026/4/14 2:50,富家岭节制闸,90
2026/4/14 2:55,富家岭节制闸,90
2026/4/14 3:01,富家岭节制闸,90
2026/4/14 3:06,富家岭节制闸,90
2026/4/14 3:11,富家岭节制闸,90
2026/4/14 3:17,富家岭节制闸,90
2026/4/14 3:22,富家岭节制闸,90
2026/4/14 3:27,富家岭节制闸,90
2026/4/14 3:32,富家岭节制闸,90
2026/4/14 3:37,富家岭节制闸,90
2026/4/14 3:42,富家岭节制闸,90
2026/4/14 3:48,富家岭节制闸,90
2026/4/14 3:53,富家岭节制闸,90
2026/4/14 3:59,富家岭节制闸,90
2026/4/14 4:04,富家岭节制闸,90
2026/4/14 4:09,富家岭节制闸,90
2026/4/14 4:14,富家岭节制闸,90
2026/4/14 4:19,富家岭节制闸,90
2026/4/14 4:25,富家岭节制闸,90
2026/4/14 4:30,富家岭节制闸,90
2026/4/14 4:35,富家岭节制闸,90
2026/4/14 4:41,富家岭节制闸,90
2026/4/14 4:46,富家岭节制闸,90
2026/4/14 4:51,富家岭节制闸,90
2026/4/14 4:57,富家岭节制闸,90
2026/4/14 5:02,富家岭节制闸,90
2026/4/14 5:07,富家岭节制闸,90
2026/4/14 5:13,富家岭节制闸,90
2026/4/14 5:18,富家岭节制闸,90
2026/4/14 5:23,富家岭节制闸,90
2026/4/14 5:29,富家岭节制闸,90
2026/4/14 5:34,富家岭节制闸,90
2026/4/14 5:40,富家岭节制闸,90
2026/4/14 5:45,富家岭节制闸,90
2026/4/14 5:51,富家岭节制闸,90
2026/4/14 5:56,富家岭节制闸,90
2026/4/14 6:02,富家岭节制闸,90
2026/4/14 6:07,富家岭节制闸,90
2026/4/14 6:13,富家岭节制闸,90
2026/4/14 6:18,富家岭节制闸,90
2026/4/14 6:24,富家岭节制闸,90
2026/4/14 6:29,富家岭节制闸,90
2026/4/14 6:34,富家岭节制闸,90
2026/4/14 6:40,富家岭节制闸,90
2026/4/14 6:45,富家岭节制闸,90
2026/4/14 6:50,富家岭节制闸,90
2026/4/14 6:55,富家岭节制闸,90
2026/4/14 7:00,富家岭节制闸,90
2026/4/14 7:05,富家岭节制闸,90
2026/4/14 7:10,富家岭节制闸,90
2026/4/14 7:15,富家岭节制闸,90
2026/4/14 7:21,富家岭节制闸,90
2026/4/14 7:26,富家岭节制闸,90
2026/4/14 7:31,富家岭节制闸,90
2026/4/14 7:37,富家岭节制闸,90
2026/4/14 7:42,富家岭节制闸,90
2026/4/14 7:47,富家岭节制闸,90
2026/4/14 7:53,富家岭节制闸,90
2026/4/14 7:58,富家岭节制闸,90
2026/4/14 8:03,富家岭节制闸,90
2026/4/14 8:09,富家岭节制闸,90
2026/4/14 8:14,富家岭节制闸,90
2026/4/14 8:20,富家岭节制闸,90
2026/4/14 8:25,富家岭节制闸,90
2026/4/14 8:31,富家岭节制闸,90
2026/4/14 8:36,富家岭节制闸,90
2026/4/14 8:41,富家岭节制闸,90
2026/4/14 8:46,富家岭节制闸,90
2026/4/14 8:52,富家岭节制闸,90
2026/4/14 8:57,富家岭节制闸,90
2026/4/14 9:03,富家岭节制闸,90
2026/4/14 9:08,富家岭节制闸,90
2026/4/14 9:13,富家岭节制闸,90
2026/4/14 9:18,富家岭节制闸,90
2026/4/14 9:24,富家岭节制闸,90
2026/4/14 9:29,富家岭节制闸,90
2026/4/14 9:35,富家岭节制闸,90
2026/4/14 9:40,富家岭节制闸,90
2026/4/14 9:45,富家岭节制闸,90
2026/4/14 9:51,富家岭节制闸,90
2026/4/14 9:56,富家岭节制闸,90
2026/4/14 10:01,富家岭节制闸,90
2026/4/14 10:06,富家岭节制闸,90
2026/4/14 10:11,富家岭节制闸,90
2026/4/14 10:17,富家岭节制闸,90
2026/4/14 10:22,富家岭节制闸,90
2026/4/14 10:27,富家岭节制闸,90
2026/4/14 10:33,富家岭节制闸,60
2026/4/14 10:38,富家岭节制闸,60
2026/4/14 10:43,富家岭节制闸,60
2026/4/14 10:48,富家岭节制闸,60
2026/4/14 10:54,富家岭节制闸,60
2026/4/14 10:59,富家岭节制闸,60
2026/4/14 11:04,富家岭节制闸,60
2026/4/14 11:10,富家岭节制闸,60
2026/4/14 11:15,富家岭节制闸,60
2026/4/14 11:21,富家岭节制闸,60
2026/4/14 11:26,富家岭节制闸,60
2026/4/14 11:31,富家岭节制闸,60
2026/4/14 11:37,富家岭节制闸,60
2026/4/14 11:42,富家岭节制闸,60
2026/4/14 11:47,富家岭节制闸,60
2026/4/14 11:52,富家岭节制闸,60
2026/4/14 11:58,富家岭节制闸,60
2026/4/14 12:03,富家岭节制闸,60
2026/4/14 12:09,富家岭节制闸,60
2026/4/14 12:14,富家岭节制闸,60
2026/4/14 12:19,富家岭节制闸,60
2026/4/14 12:25,富家岭节制闸,60
2026/4/14 12:30,富家岭节制闸,60
2026/4/14 12:35,富家岭节制闸,60
2026/4/14 12:41,富家岭节制闸,60
2026/4/14 12:46,富家岭节制闸,60
2026/4/14 12:51,富家岭节制闸,60
2026/4/14 12:56,富家岭节制闸,60
2026/4/14 13:01,富家岭节制闸,60
2026/4/14 13:07,富家岭节制闸,60
2026/4/14 13:12,富家岭节制闸,60
2026/4/14 13:17,富家岭节制闸,60
2026/4/14 13:22,富家岭节制闸,60
2026/4/14 13:28,富家岭节制闸,60
2026/4/14 13:33,富家岭节制闸,60
2026/4/14 13:38,富家岭节制闸,60
2026/4/14 13:44,富家岭节制闸,60
2026/4/14 13:49,富家岭节制闸,60
2026/4/14 13:55,富家岭节制闸,60
2026/4/14 14:00,富家岭节制闸,60
2026/4/14 14:05,富家岭节制闸,60
2026/4/14 14:11,富家岭节制闸,60
2026/4/14 14:16,富家岭节制闸,60
2026/4/14 14:21,富家岭节制闸,60
2026/4/14 14:26,富家岭节制闸,60
2026/4/14 14:31,富家岭节制闸,60
2026/4/14 14:36,富家岭节制闸,60
2026/4/14 14:42,富家岭节制闸,60
2026/4/14 14:47,富家岭节制闸,60
2026/4/14 14:53,富家岭节制闸,60
2026/4/14 14:58,富家岭节制闸,60
2026/4/14 15:03,富家岭节制闸,60
2026/4/14 15:08,富家岭节制闸,60
2026/4/14 15:14,富家岭节制闸,60
2026/4/14 15:19,富家岭节制闸,60
2026/4/14 15:24,富家岭节制闸,60
2026/4/14 15:29,富家岭节制闸,60
2026/4/14 15:35,富家岭节制闸,60
2026/4/14 15:40,富家岭节制闸,60
2026/4/14 15:46,富家岭节制闸,60
2026/4/14 15:51,富家岭节制闸,60
2026/4/14 15:57,富家岭节制闸,60
2026/4/14 16:02,富家岭节制闸,60
2026/4/14 16:07,富家岭节制闸,60
2026/4/14 16:12,富家岭节制闸,60
2026/4/14 16:17,富家岭节制闸,60
2026/4/14 16:23,富家岭节制闸,60
2026/4/14 16:28,富家岭节制闸,60
2026/4/14 16:33,富家岭节制闸,60
2026/4/14 16:54,富家岭节制闸,60
2026/4/14 16:59,富家岭节制闸,60
2026/4/14 17:05,富家岭节制闸,60
2026/4/14 17:10,富家岭节制闸,60
2026/4/14 17:15,富家岭节制闸,60
2026/4/14 17:21,富家岭节制闸,60
2026/4/14 17:26,富家岭节制闸,60
2026/4/14 17:31,富家岭节制闸,60
2026/4/14 17:37,富家岭节制闸,60
2026/4/14 17:42,富家岭节制闸,60
2026/4/14 17:47,富家岭节制闸,60
2026/4/14 17:52,富家岭节制闸,60
2026/4/14 17:58,富家岭节制闸,60
2026/4/14 18:03,富家岭节制闸,60
2026/4/14 18:08,富家岭节制闸,60
2026/4/14 18:13,富家岭节制闸,60
2026/4/14 18:18,富家岭节制闸,60
2026/4/14 18:24,富家岭节制闸,60
2026/4/14 18:29,富家岭节制闸,60
2026/4/14 18:34,富家岭节制闸,60
2026/4/14 18:40,富家岭节制闸,60
2026/4/14 18:45,富家岭节制闸,60
2026/4/14 18:50,富家岭节制闸,60
2026/4/14 18:55,富家岭节制闸,60
2026/4/14 19:01,富家岭节制闸,60
2026/4/14 19:06,富家岭节制闸,60
2026/4/14 19:11,富家岭节制闸,60
2026/4/14 19:16,富家岭节制闸,60
2026/4/14 19:22,富家岭节制闸,60
2026/4/14 19:27,富家岭节制闸,60
2026/4/14 19:33,富家岭节制闸,60
2026/4/14 19:38,富家岭节制闸,60
2026/4/14 19:43,富家岭节制闸,60
2026/4/14 19:48,富家岭节制闸,60
2026/4/14 19:54,富家岭节制闸,60
2026/4/14 19:59,富家岭节制闸,60
2026/4/14 20:05,富家岭节制闸,60
2026/4/14 20:10,富家岭节制闸,60
2026/4/14 20:15,富家岭节制闸,60
2026/4/14 20:20,富家岭节制闸,60
2026/4/14 20:26,富家岭节制闸,60
2026/4/14 20:31,富家岭节制闸,60
2026/4/14 20:36,富家岭节制闸,60
2026/4/14 20:41,富家岭节制闸,60
2026/4/14 20:47,富家岭节制闸,60
2026/4/14 20:52,富家岭节制闸,60
2026/4/14 20:58,富家岭节制闸,60
2026/4/14 21:03,富家岭节制闸,60
2026/4/14 21:08,富家岭节制闸,60
2026/4/14 21:13,富家岭节制闸,60
2026/4/14 21:19,富家岭节制闸,60
2026/4/14 21:24,富家岭节制闸,60
2026/4/14 21:30,富家岭节制闸,60
2026/4/14 21:35,富家岭节制闸,60
2026/4/14 21:41,富家岭节制闸,60
2026/4/14 21:46,富家岭节制闸,60
2026/4/14 21:52,富家岭节制闸,60
2026/4/14 21:57,富家岭节制闸,60
2026/4/14 22:02,富家岭节制闸,60
2026/4/14 22:07,富家岭节制闸,60
2026/4/14 22:13,富家岭节制闸,60
2026/4/14 22:18,富家岭节制闸,60
2026/4/14 22:24,富家岭节制闸,60
2026/4/14 22:29,富家岭节制闸,60
2026/4/14 22:34,富家岭节制闸,60
2026/4/14 22:40,富家岭节制闸,60
2026/4/14 22:45,富家岭节制闸,60
2026/4/14 22:50,富家岭节制闸,60
2026/4/14 22:55,富家岭节制闸,60
2026/4/14 23:00,富家岭节制闸,60
2026/4/14 23:04,富家岭节制闸,60
2026/4/14 23:11,富家岭节制闸,60
2026/4/14 23:16,富家岭节制闸,60
2026/4/14 23:22,富家岭节制闸,60
2026/4/14 23:27,富家岭节制闸,60
2026/4/14 23:32,富家岭节制闸,60
2026/4/14 23:38,富家岭节制闸,60
2026/4/14 23:43,富家岭节制闸,60
2026/4/14 23:48,富家岭节制闸,60
2026/4/14 23:54,富家岭节制闸,60
2026/4/14 23:59,富家岭节制闸,60
2026/4/15 0:04,富家岭节制闸,60
2026/4/15 0:09,富家岭节制闸,60
2026/4/15 0:14,富家岭节制闸,60
2026/4/15 0:19,富家岭节制闸,60
2026/4/15 0:25,富家岭节制闸,60
2026/4/15 0:30,富家岭节制闸,60
2026/4/15 0:35,富家岭节制闸,60
2026/4/15 0:41,富家岭节制闸,60
2026/4/15 0:46,富家岭节制闸,60
2026/4/15 0:51,富家岭节制闸,60
2026/4/15 0:57,富家岭节制闸,60
2026/4/15 1:02,富家岭节制闸,60
2026/4/15 1:07,富家岭节制闸,60
2026/4/15 1:12,富家岭节制闸,60
2026/4/15 1:17,富家岭节制闸,60
2026/4/15 1:22,富家岭节制闸,60
2026/4/15 1:28,富家岭节制闸,60
2026/4/15 1:33,富家岭节制闸,60
2026/4/15 1:38,富家岭节制闸,60
2026/4/15 1:44,富家岭节制闸,60
2026/4/15 1:49,富家岭节制闸,60
2026/4/15 1:54,富家岭节制闸,60
2026/4/15 1:59,富家岭节制闸,60
2026/4/15 2:04,富家岭节制闸,60
2026/4/15 2:10,富家岭节制闸,60
2026/4/15 2:15,富家岭节制闸,60
2026/4/15 2:20,富家岭节制闸,60
2026/4/15 2:26,富家岭节制闸,60
2026/4/15 2:31,富家岭节制闸,60
2026/4/15 2:37,富家岭节制闸,60
2026/4/15 2:42,富家岭节制闸,60
2026/4/15 2:48,富家岭节制闸,60
2026/4/15 2:53,富家岭节制闸,60
2026/4/15 2:58,富家岭节制闸,60
2026/4/15 3:04,富家岭节制闸,60
2026/4/15 3:09,富家岭节制闸,60
2026/4/15 3:15,富家岭节制闸,60
2026/4/15 3:20,富家岭节制闸,60
2026/4/15 3:25,富家岭节制闸,60
2026/4/15 3:31,富家岭节制闸,60
2026/4/15 3:36,富家岭节制闸,60
2026/4/15 3:42,富家岭节制闸,60
2026/4/15 3:47,富家岭节制闸,60
2026/4/15 3:52,富家岭节制闸,60
2026/4/15 3:58,富家岭节制闸,60
2026/4/15 4:03,富家岭节制闸,60
2026/4/15 4:08,富家岭节制闸,60
2026/4/15 4:14,富家岭节制闸,60
2026/4/15 4:19,富家岭节制闸,60
2026/4/15 4:24,富家岭节制闸,60
2026/4/15 4:30,富家岭节制闸,60
2026/4/15 4:35,富家岭节制闸,60
2026/4/15 4:40,富家岭节制闸,60
2026/4/15 4:46,富家岭节制闸,60
2026/4/15 4:51,富家岭节制闸,60
2026/4/15 4:57,富家岭节制闸,60
2026/4/15 5:02,富家岭节制闸,60
2026/4/15 5:07,富家岭节制闸,60
2026/4/15 5:12,富家岭节制闸,60
2026/4/15 5:17,富家岭节制闸,60
2026/4/15 5:23,富家岭节制闸,60
2026/4/15 5:28,富家岭节制闸,60
2026/4/15 5:33,富家岭节制闸,60
2026/4/15 5:39,富家岭节制闸,60
2026/4/15 5:44,富家岭节制闸,60
2026/4/15 5:49,富家岭节制闸,60
2026/4/15 5:55,富家岭节制闸,60
2026/4/15 6:00,富家岭节制闸,60
2026/4/15 6:06,富家岭节制闸,60
2026/4/15 6:11,富家岭节制闸,60
2026/4/15 6:16,富家岭节制闸,60
2026/4/15 6:22,富家岭节制闸,60
2026/4/15 6:27,富家岭节制闸,60
2026/4/15 6:32,富家岭节制闸,60
2026/4/15 6:37,富家岭节制闸,60
2026/4/15 6:43,富家岭节制闸,60
2026/4/15 6:48,富家岭节制闸,60
2026/4/15 6:53,富家岭节制闸,60
2026/4/15 6:59,富家岭节制闸,60
2026/4/15 7:04,富家岭节制闸,60
2026/4/15 7:10,富家岭节制闸,60
2026/4/15 7:15,富家岭节制闸,60
2026/4/15 7:21,富家岭节制闸,60
2026/4/15 7:26,富家岭节制闸,60
2026/4/15 7:32,富家岭节制闸,60
2026/4/15 7:37,富家岭节制闸,60
2026/4/15 7:42,富家岭节制闸,60
2026/4/15 7:48,富家岭节制闸,60
2026/4/15 7:53,富家岭节制闸,60
2026/4/15 7:59,富家岭节制闸,60
2026/4/15 8:04,富家岭节制闸,60
2026/4/15 8:09,富家岭节制闸,60
2026/4/15 8:14,富家岭节制闸,60
2026/4/15 8:20,富家岭节制闸,60
2026/4/15 8:25,富家岭节制闸,60
2026/4/15 8:30,富家岭节制闸,60
2026/4/15 8:35,富家岭节制闸,60
2026/4/15 8:41,富家岭节制闸,60
2026/4/15 8:46,富家岭节制闸,60
2026/4/15 8:52,富家岭节制闸,60
2026/4/15 8:57,富家岭节制闸,60
2026/4/15 9:03,富家岭节制闸,60
2026/4/15 9:08,富家岭节制闸,60
2026/4/15 9:14,富家岭节制闸,60
2026/4/15 9:19,富家岭节制闸,60
2026/4/15 9:24,富家岭节制闸,60
2026/4/15 9:29,富家岭节制闸,60
2026/4/15 9:34,富家岭节制闸,60
2026/4/15 9:39,富家岭节制闸,60
2026/4/15 9:45,富家岭节制闸,60
2026/4/15 9:50,富家岭节制闸,60
2026/4/15 9:56,富家岭节制闸,60
2026/4/15 10:01,富家岭节制闸,60
2026/4/15 10:06,富家岭节制闸,60
2026/4/15 10:12,富家岭节制闸,60
2026/4/15 10:17,富家岭节制闸,60
2026/4/15 10:22,富家岭节制闸,60
2026/4/15 10:27,富家岭节制闸,60
2026/4/15 10:32,富家岭节制闸,60
2026/4/15 10:37,富家岭节制闸,60
2026/4/15 10:43,富家岭节制闸,60
2026/4/15 10:48,富家岭节制闸,60
2026/4/15 10:54,富家岭节制闸,60
2026/4/15 10:59,富家岭节制闸,60
2026/4/15 11:04,富家岭节制闸,60
2026/4/15 11:10,富家岭节制闸,60
2026/4/15 11:15,富家岭节制闸,60
2026/4/15 11:21,富家岭节制闸,60
2026/4/15 11:26,富家岭节制闸,60
2026/4/15 11:31,富家岭节制闸,60
2026/4/15 11:36,富家岭节制闸,60
2026/4/15 11:41,富家岭节制闸,60
2026/4/15 11:46,富家岭节制闸,60
2026/4/15 11:52,富家岭节制闸,60
2026/4/15 11:57,富家岭节制闸,60
2026/4/15 12:03,富家岭节制闸,60
2026/4/15 12:08,富家岭节制闸,60
2026/4/15 12:14,富家岭节制闸,60
2026/4/15 12:19,富家岭节制闸,60
2026/4/15 12:24,富家岭节制闸,60
2026/4/15 12:29,富家岭节制闸,60
2026/4/15 12:35,富家岭节制闸,60
2026/4/15 12:40,富家岭节制闸,60
2026/4/15 12:45,富家岭节制闸,60
2026/4/15 12:50,富家岭节制闸,60
2026/4/15 12:56,富家岭节制闸,60
2026/4/15 13:01,富家岭节制闸,60
2026/4/15 13:06,富家岭节制闸,60
2026/4/15 13:12,富家岭节制闸,60
2026/4/15 13:17,富家岭节制闸,60
2026/4/15 13:23,富家岭节制闸,60
2026/4/15 13:28,富家岭节制闸,60
2026/4/15 13:34,富家岭节制闸,60
2026/4/15 13:39,富家岭节制闸,60
2026/4/15 13:44,富家岭节制闸,60
2026/4/15 13:49,富家岭节制闸,60
2026/4/15 13:54,富家岭节制闸,60
2026/4/15 14:00,富家岭节制闸,60
2026/4/15 14:05,富家岭节制闸,60
2026/4/15 14:10,富家岭节制闸,60
2026/4/15 14:16,富家岭节制闸,60
2026/4/15 14:21,富家岭节制闸,60
2026/4/15 14:26,富家岭节制闸,60
2026/4/15 14:32,富家岭节制闸,60
2026/4/15 14:37,富家岭节制闸,60
2026/4/15 14:43,富家岭节制闸,60
2026/4/15 14:48,富家岭节制闸,60
2026/4/15 14:53,富家岭节制闸,60
2026/4/15 14:58,富家岭节制闸,60
2026/4/15 15:04,富家岭节制闸,60
2026/4/15 15:09,富家岭节制闸,60
2026/4/15 15:14,富家岭节制闸,60
2026/4/15 15:20,富家岭节制闸,60
2026/4/15 15:25,富家岭节制闸,60
2026/4/15 15:30,富家岭节制闸,60
2026/4/15 15:36,富家岭节制闸,60
2026/4/15 15:41,富家岭节制闸,60
2026/4/15 15:46,富家岭节制闸,60
2026/4/15 15:51,富家岭节制闸,60
2026/4/15 15:56,富家岭节制闸,60
2026/4/15 16:02,富家岭节制闸,60
2026/4/15 16:07,富家岭节制闸,60
2026/4/15 16:12,富家岭节制闸,60
2026/4/15 16:17,富家岭节制闸,60
2026/4/15 16:22,富家岭节制闸,60
2026/4/15 16:27,富家岭节制闸,60
2026/4/15 16:33,富家岭节制闸,60
2026/4/15 16:38,富家岭节制闸,60
2026/4/15 16:43,富家岭节制闸,60
2026/4/15 16:48,富家岭节制闸,60
2026/4/15 16:54,富家岭节制闸,60
2026/4/15 16:59,富家岭节制闸,60
2026/4/15 17:04,富家岭节制闸,60
2026/4/15 17:10,富家岭节制闸,60
2026/4/15 17:15,富家岭节制闸,60
2026/4/15 17:21,富家岭节制闸,60
2026/4/15 17:26,富家岭节制闸,60
2026/4/15 17:31,富家岭节制闸,60
2026/4/15 17:37,富家岭节制闸,60
2026/4/15 17:42,富家岭节制闸,60
2026/4/15 17:47,富家岭节制闸,60
2026/4/15 17:52,富家岭节制闸,60
2026/4/15 17:58,富家岭节制闸,60
2026/4/15 18:03,富家岭节制闸,60
2026/4/15 18:08,富家岭节制闸,60
2026/4/15 18:14,富家岭节制闸,60
2026/4/15 18:19,富家岭节制闸,60
2026/4/15 18:25,富家岭节制闸,60
2026/4/15 18:30,富家岭节制闸,60
2026/4/15 18:35,富家岭节制闸,60
2026/4/15 18:41,富家岭节制闸,60
2026/4/15 18:46,富家岭节制闸,60
2026/4/15 18:51,富家岭节制闸,60
2026/4/15 18:56,富家岭节制闸,60
2026/4/15 19:02,富家岭节制闸,60
2026/4/15 19:07,富家岭节制闸,60
2026/4/15 19:13,富家岭节制闸,60
2026/4/15 19:18,富家岭节制闸,60
2026/4/15 19:24,富家岭节制闸,60
2026/4/15 19:29,富家岭节制闸,60
2026/4/15 19:34,富家岭节制闸,60
2026/4/15 19:40,富家岭节制闸,60
2026/4/15 19:45,富家岭节制闸,60
2026/4/15 19:50,富家岭节制闸,60
2026/4/15 19:56,富家岭节制闸,60
2026/4/15 20:01,富家岭节制闸,60
2026/4/15 20:06,富家岭节制闸,60
2026/4/15 20:12,富家岭节制闸,60
2026/4/15 20:17,富家岭节制闸,60
2026/4/15 20:23,富家岭节制闸,60
2026/4/15 20:28,富家岭节制闸,60
2026/4/15 20:33,富家岭节制闸,60
2026/4/15 20:39,富家岭节制闸,60
2026/4/15 20:44,富家岭节制闸,60
2026/4/15 20:50,富家岭节制闸,60
2026/4/15 20:55,富家岭节制闸,60
2026/4/15 21:00,富家岭节制闸,60
2026/4/15 21:05,富家岭节制闸,60
2026/4/15 21:11,富家岭节制闸,60
2026/4/15 21:16,富家岭节制闸,60
2026/4/15 21:21,富家岭节制闸,60
2026/4/15 21:26,富家岭节制闸,60
2026/4/15 21:32,富家岭节制闸,60
2026/4/15 21:37,富家岭节制闸,60
2026/4/15 21:42,富家岭节制闸,60
2026/4/15 21:47,富家岭节制闸,60
2026/4/15 21:52,富家岭节制闸,60
2026/4/15 21:57,富家岭节制闸,60
2026/4/15 22:03,富家岭节制闸,60
2026/4/15 22:08,富家岭节制闸,60
2026/4/15 22:14,富家岭节制闸,60
2026/4/15 22:19,富家岭节制闸,60
2026/4/15 22:24,富家岭节制闸,60
2026/4/15 22:29,富家岭节制闸,60
2026/4/15 22:34,富家岭节制闸,60
2026/4/15 22:39,富家岭节制闸,60
2026/4/15 22:45,富家岭节制闸,60
2026/4/15 22:50,富家岭节制闸,60
2026/4/15 22:55,富家岭节制闸,60
2026/4/15 23:00,富家岭节制闸,60
2026/4/15 23:04,富家岭节制闸,60
2026/4/15 23:11,富家岭节制闸,60
2026/4/15 23:16,富家岭节制闸,60
2026/4/15 23:21,富家岭节制闸,60
2026/4/15 23:26,富家岭节制闸,60
2026/4/15 23:32,富家岭节制闸,60
2026/4/15 23:37,富家岭节制闸,60
2026/4/15 23:42,富家岭节制闸,60
2026/4/15 23:47,富家岭节制闸,60
2026/4/15 23:52,富家岭节制闸,60
2026/4/15 23:57,富家岭节制闸,60
2026/4/16 0:02,富家岭节制闸,60
2026/4/16 0:08,富家岭节制闸,60
2026/4/16 0:13,富家岭节制闸,60
2026/4/16 0:19,富家岭节制闸,60
2026/4/16 0:24,富家岭节制闸,60
2026/4/16 0:30,富家岭节制闸,60
2026/4/16 0:35,富家岭节制闸,60
2026/4/16 0:40,富家岭节制闸,60
2026/4/16 0:46,富家岭节制闸,60
2026/4/16 0:51,富家岭节制闸,60
2026/4/16 0:57,富家岭节制闸,60
2026/4/16 1:02,富家岭节制闸,60
2026/4/16 1:07,富家岭节制闸,60
2026/4/16 1:12,富家岭节制闸,60
2026/4/16 1:17,富家岭节制闸,60
2026/4/16 1:22,富家岭节制闸,60
2026/4/16 1:28,富家岭节制闸,60
2026/4/16 1:33,富家岭节制闸,60
2026/4/16 1:39,富家岭节制闸,60
2026/4/16 1:44,富家岭节制闸,60
2026/4/16 1:49,富家岭节制闸,60
2026/4/16 1:55,富家岭节制闸,60
2026/4/16 2:00,富家岭节制闸,60
2026/4/16 2:05,富家岭节制闸,60
2026/4/16 2:11,富家岭节制闸,60
2026/4/16 2:16,富家岭节制闸,60
2026/4/16 2:21,富家岭节制闸,60
2026/4/16 2:26,富家岭节制闸,60
2026/4/16 2:31,富家岭节制闸,60
2026/4/16 2:37,富家岭节制闸,60
2026/4/16 2:42,富家岭节制闸,60
2026/4/16 2:47,富家岭节制闸,60
2026/4/16 2:52,富家岭节制闸,60
2026/4/16 2:58,富家岭节制闸,60
2026/4/16 3:03,富家岭节制闸,60
2026/4/16 3:09,富家岭节制闸,60
2026/4/16 3:14,富家岭节制闸,20
2026/4/16 3:20,富家岭节制闸,20
2026/4/16 3:25,富家岭节制闸,20
2026/4/16 3:31,富家岭节制闸,20
2026/4/16 3:36,富家岭节制闸,20
2026/4/16 3:41,富家岭节制闸,20
2026/4/16 3:47,富家岭节制闸,20
2026/4/16 3:52,富家岭节制闸,20
2026/4/16 3:57,富家岭节制闸,20
2026/4/16 4:02,富家岭节制闸,20
2026/4/16 4:08,富家岭节制闸,20
2026/4/16 4:13,富家岭节制闸,20
2026/4/16 4:18,富家岭节制闸,20
2026/4/16 4:23,富家岭节制闸,20
2026/4/16 4:29,富家岭节制闸,20
2026/4/16 4:34,富家岭节制闸,20
2026/4/16 4:39,富家岭节制闸,20
2026/4/16 4:44,富家岭节制闸,20
2026/4/16 4:49,富家岭节制闸,20
2026/4/16 4:55,富家岭节制闸,20
2026/4/16 5:00,富家岭节制闸,20
2026/4/16 5:05,富家岭节制闸,20
2026/4/16 5:11,富家岭节制闸,20
2026/4/16 5:16,富家岭节制闸,20
2026/4/16 5:22,富家岭节制闸,20
2026/4/16 5:27,富家岭节制闸,20
2026/4/16 5:32,富家岭节制闸,20
2026/4/16 5:37,富家岭节制闸,20
2026/4/16 5:43,富家岭节制闸,20
2026/4/16 5:48,富家岭节制闸,20
2026/4/16 5:53,富家岭节制闸,20
2026/4/16 5:59,富家岭节制闸,20
2026/4/16 6:04,富家岭节制闸,20
2026/4/16 6:09,富家岭节制闸,20
2026/4/16 6:14,富家岭节制闸,20
2026/4/16 6:19,富家岭节制闸,20
2026/4/16 6:25,富家岭节制闸,20
2026/4/16 6:30,富家岭节制闸,20
2026/4/16 6:36,富家岭节制闸,20
2026/4/16 6:41,富家岭节制闸,20
2026/4/16 6:46,富家岭节制闸,20
2026/4/16 6:51,富家岭节制闸,20
2026/4/16 6:57,富家岭节制闸,20
2026/4/16 7:02,富家岭节制闸,20
2026/4/16 7:08,富家岭节制闸,20
2026/4/16 7:13,富家岭节制闸,20
2026/4/16 7:19,富家岭节制闸,20
2026/4/16 7:24,富家岭节制闸,20
2026/4/16 7:29,富家岭节制闸,20
2026/4/16 7:35,富家岭节制闸,20
2026/4/16 7:40,富家岭节制闸,20
2026/4/16 7:45,富家岭节制闸,20
2026/4/16 7:50,富家岭节制闸,20
2026/4/16 7:55,富家岭节制闸,20
2026/4/16 8:01,富家岭节制闸,20
2026/4/16 8:06,富家岭节制闸,20
2026/4/16 8:11,富家岭节制闸,20
2026/4/16 8:16,富家岭节制闸,20
2026/4/16 8:21,富家岭节制闸,20
2026/4/16 8:27,富家岭节制闸,20
2026/4/16 8:32,富家岭节制闸,20
2026/4/16 8:38,富家岭节制闸,20
2026/4/16 8:43,富家岭节制闸,20
2026/4/16 8:48,富家岭节制闸,20
2026/4/16 8:53,富家岭节制闸,20
2026/4/16 8:59,富家岭节制闸,20
2026/4/16 9:04,富家岭节制闸,20
2026/4/16 9:09,富家岭节制闸,20
2026/4/16 9:14,富家岭节制闸,20
2026/4/16 9:20,富家岭节制闸,20
2026/4/16 9:25,富家岭节制闸,20
2026/4/16 9:31,富家岭节制闸,20
2026/4/16 9:36,富家岭节制闸,20
2026/4/16 9:42,富家岭节制闸,20
2026/4/16 9:47,富家岭节制闸,20
2026/4/16 9:52,富家岭节制闸,20
2026/4/16 9:58,富家岭节制闸,20
2026/4/16 10:03,富家岭节制闸,20
2026/4/16 10:08,富家岭节制闸,20
2026/4/16 10:14,富家岭节制闸,20
2026/4/16 10:19,富家岭节制闸,20
2026/4/16 10:24,富家岭节制闸,20
2026/4/16 10:30,富家岭节制闸,20
2026/4/16 10:35,富家岭节制闸,20
2026/4/16 10:41,富家岭节制闸,20
2026/4/16 10:46,富家岭节制闸,20
2026/4/16 10:51,富家岭节制闸,20
2026/4/16 10:57,富家岭节制闸,20
2026/4/16 11:02,富家岭节制闸,20
2026/4/16 11:07,富家岭节制闸,20
2026/4/16 11:13,富家岭节制闸,20
2026/4/16 11:18,富家岭节制闸,20
2026/4/16 11:23,富家岭节制闸,20
2026/4/16 11:29,富家岭节制闸,20
2026/4/16 11:34,富家岭节制闸,20
2026/4/16 11:40,富家岭节制闸,20
2026/4/16 11:45,富家岭节制闸,20
2026/4/16 11:51,富家岭节制闸,20
2026/4/16 11:56,富家岭节制闸,20
2026/4/16 12:01,富家岭节制闸,20
2026/4/16 12:06,富家岭节制闸,20
2026/4/16 12:12,富家岭节制闸,20
2026/4/16 12:17,富家岭节制闸,20
2026/4/16 12:22,富家岭节制闸,20
2026/4/16 12:28,富家岭节制闸,20
2026/4/16 12:33,富家岭节制闸,20
2026/4/16 12:38,富家岭节制闸,20
2026/4/16 12:43,富家岭节制闸,20
2026/4/16 12:48,富家岭节制闸,20
2026/4/16 12:53,富家岭节制闸,20
2026/4/16 12:59,富家岭节制闸,20
2026/4/16 13:04,富家岭节制闸,20
2026/4/16 13:09,富家岭节制闸,20
2026/4/16 13:14,富家岭节制闸,20
2026/4/16 13:20,富家岭节制闸,20
2026/4/16 13:25,富家岭节制闸,20
2026/4/16 13:30,富家岭节制闸,20
2026/4/16 13:36,富家岭节制闸,20
2026/4/16 13:41,富家岭节制闸,20
2026/4/16 13:46,富家岭节制闸,20
2026/4/16 13:51,富家岭节制闸,20
2026/4/16 13:57,富家岭节制闸,20
2026/4/16 14:02,富家岭节制闸,20
2026/4/16 14:07,富家岭节制闸,20
2026/4/16 14:13,富家岭节制闸,20
2026/4/16 14:18,富家岭节制闸,20
2026/4/16 14:24,富家岭节制闸,20
2026/4/16 14:29,富家岭节制闸,20
2026/4/16 14:34,富家岭节制闸,20
2026/4/16 14:39,富家岭节制闸,20
2026/4/16 14:44,富家岭节制闸,20
2026/4/16 14:50,富家岭节制闸,20
2026/4/16 14:55,富家岭节制闸,20
2026/4/16 15:00,富家岭节制闸,20
2026/4/16 15:05,富家岭节制闸,20
2026/4/16 15:11,富家岭节制闸,20
2026/4/16 15:16,富家岭节制闸,20
2026/4/16 15:21,富家岭节制闸,20
2026/4/16 15:26,富家岭节制闸,20
2026/4/16 15:32,富家岭节制闸,20
2026/4/16 15:37,富家岭节制闸,20
2026/4/16 15:42,富家岭节制闸,20
2026/4/16 15:47,富家岭节制闸,20
2026/4/16 15:52,富家岭节制闸,20
2026/4/16 15:57,富家岭节制闸,20
2026/4/16 16:02,富家岭节制闸,20
2026/4/16 16:08,富家岭节制闸,20
2026/4/16 16:13,富家岭节制闸,20
2026/4/16 16:18,富家岭节制闸,20
2026/4/16 16:24,富家岭节制闸,20
2026/4/16 16:29,富家岭节制闸,20
2026/4/16 16:35,富家岭节制闸,20
2026/4/16 16:40,富家岭节制闸,20
2026/4/16 16:45,富家岭节制闸,20
2026/4/16 16:51,富家岭节制闸,20
2026/4/16 16:56,富家岭节制闸,20
2026/4/16 17:01,富家岭节制闸,20
2026/4/16 17:07,富家岭节制闸,20
2026/4/16 17:12,富家岭节制闸,20
2026/4/16 17:18,富家岭节制闸,20
2026/4/16 17:23,富家岭节制闸,20
2026/4/16 17:28,富家岭节制闸,20
2026/4/16 17:33,富家岭节制闸,20
2026/4/16 17:38,富家岭节制闸,20
2026/4/16 17:44,富家岭节制闸,20
2026/4/16 17:49,富家岭节制闸,20
2026/4/16 17:54,富家岭节制闸,20
2026/4/16 17:59,富家岭节制闸,20
2026/4/16 18:05,富家岭节制闸,20
2026/4/16 18:10,富家岭节制闸,20
2026/4/16 18:15,富家岭节制闸,20
2026/4/16 18:21,富家岭节制闸,20
2026/4/16 18:26,富家岭节制闸,20
2026/4/16 18:31,富家岭节制闸,20
2026/4/16 18:36,富家岭节制闸,20
2026/4/16 18:41,富家岭节制闸,20
2026/4/16 18:47,富家岭节制闸,20
2026/4/16 18:52,富家岭节制闸,20
2026/4/16 18:57,富家岭节制闸,20
2026/4/16 19:02,富家岭节制闸,20
2026/4/16 19:08,富家岭节制闸,20
2026/4/16 19:13,富家岭节制闸,20
2026/4/16 19:18,富家岭节制闸,20
2026/4/16 19:24,富家岭节制闸,20
2026/4/16 19:29,富家岭节制闸,20
2026/4/16 19:34,富家岭节制闸,20
2026/4/16 19:39,富家岭节制闸,20
2026/4/16 19:44,富家岭节制闸,20
2026/4/16 19:49,富家岭节制闸,20
2026/4/16 19:54,富家岭节制闸,20
2026/4/16 20:00,富家岭节制闸,20
2026/4/16 20:05,富家岭节制闸,20
2026/4/16 20:10,富家岭节制闸,20
2026/4/16 20:16,富家岭节制闸,20
2026/4/16 20:21,富家岭节制闸,20
2026/4/16 20:26,富家岭节制闸,20
2026/4/16 20:32,富家岭节制闸,20
2026/4/16 20:37,富家岭节制闸,20
2026/4/16 20:42,富家岭节制闸,20
2026/4/16 20:48,富家岭节制闸,20
2026/4/16 20:53,富家岭节制闸,20
2026/4/16 20:58,富家岭节制闸,20
2026/4/16 21:04,富家岭节制闸,20
2026/4/16 21:09,富家岭节制闸,20
2026/4/16 21:14,富家岭节制闸,20
2026/4/16 21:19,富家岭节制闸,20
2026/4/16 21:24,富家岭节制闸,20
2026/4/16 21:29,富家岭节制闸,20
2026/4/16 21:35,富家岭节制闸,20
2026/4/16 21:40,富家岭节制闸,20
2026/4/16 21:45,富家岭节制闸,20
2026/4/16 21:50,富家岭节制闸,20
2026/4/16 21:56,富家岭节制闸,20
2026/4/16 22:01,富家岭节制闸,20
2026/4/16 22:07,富家岭节制闸,20
2026/4/16 22:12,富家岭节制闸,20
2026/4/16 22:18,富家岭节制闸,200
2026/4/16 22:23,富家岭节制闸,200
2026/4/16 22:28,富家岭节制闸,200
2026/4/16 22:34,富家岭节制闸,200
2026/4/16 22:39,富家岭节制闸,200
2026/4/16 22:45,富家岭节制闸,200
2026/4/16 22:50,富家岭节制闸,200
2026/4/16 22:55,富家岭节制闸,200
2026/4/16 23:00,富家岭节制闸,200
2026/4/16 23:04,富家岭节制闸,200
2026/4/16 23:11,富家岭节制闸,200
2026/4/16 23:17,富家岭节制闸,200
2026/4/16 23:22,富家岭节制闸,200
2026/4/16 23:27,富家岭节制闸,200
2026/4/16 23:33,富家岭节制闸,200
2026/4/16 23:38,富家岭节制闸,200
2026/4/16 23:44,富家岭节制闸,200
2026/4/16 23:49,富家岭节制闸,200
2026/4/16 23:54,富家岭节制闸,200
2026/4/17 0:00,富家岭节制闸,200
2026/4/17 0:05,富家岭节制闸,200
2026/4/17 0:11,富家岭节制闸,200
2026/4/17 0:16,富家岭节制闸,200
2026/4/17 0:21,富家岭节制闸,200
2026/4/17 0:26,富家岭节制闸,200
2026/4/17 0:32,富家岭节制闸,200
2026/4/17 0:37,富家岭节制闸,200
2026/4/17 0:42,富家岭节制闸,200
2026/4/17 0:47,富家岭节制闸,200
2026/4/17 0:53,富家岭节制闸,200
2026/4/17 0:58,富家岭节制闸,200
2026/4/17 1:04,富家岭节制闸,200
2026/4/17 1:09,富家岭节制闸,200
2026/4/17 1:14,富家岭节制闸,200
2026/4/17 1:20,富家岭节制闸,200
2026/4/17 1:25,富家岭节制闸,200
2026/4/17 1:31,富家岭节制闸,200
2026/4/17 1:36,富家岭节制闸,200
2026/4/17 1:41,富家岭节制闸,200
2026/4/17 1:46,富家岭节制闸,200
2026/4/17 1:52,富家岭节制闸,200
2026/4/17 1:57,富家岭节制闸,200
2026/4/17 2:02,富家岭节制闸,200
2026/4/17 2:08,富家岭节制闸,200
2026/4/17 2:13,富家岭节制闸,200
2026/4/17 2:18,富家岭节制闸,200
2026/4/17 2:23,富家岭节制闸,200
2026/4/17 2:28,富家岭节制闸,200
2026/4/17 2:33,富家岭节制闸,200
2026/4/17 2:38,富家岭节制闸,200
2026/4/17 2:44,富家岭节制闸,200
2026/4/17 2:49,富家岭节制闸,200
2026/4/17 2:54,富家岭节制闸,200
2026/4/17 2:59,富家岭节制闸,200
2026/4/17 3:05,富家岭节制闸,200
2026/4/17 3:10,富家岭节制闸,200
2026/4/17 3:15,富家岭节制闸,200
2026/4/17 3:20,富家岭节制闸,200
2026/4/17 3:25,富家岭节制闸,200
2026/4/17 3:31,富家岭节制闸,200
2026/4/17 3:36,富家岭节制闸,200
2026/4/17 3:41,富家岭节制闸,200
2026/4/17 3:46,富家岭节制闸,200
2026/4/17 3:52,富家岭节制闸,200
2026/4/17 3:57,富家岭节制闸,200
2026/4/17 4:03,富家岭节制闸,200
2026/4/17 4:08,富家岭节制闸,200
2026/4/17 4:13,富家岭节制闸,200
2026/4/17 4:18,富家岭节制闸,200
2026/4/17 4:23,富家岭节制闸,200
2026/4/17 4:28,富家岭节制闸,200
2026/4/17 4:33,富家岭节制闸,200
2026/4/17 4:39,富家岭节制闸,200
2026/4/17 4:44,富家岭节制闸,200
2026/4/17 4:49,富家岭节制闸,200
2026/4/17 4:54,富家岭节制闸,200
2026/4/17 5:00,富家岭节制闸,200
2026/4/17 5:05,富家岭节制闸,200
2026/4/17 5:10,富家岭节制闸,200
2026/4/17 5:16,富家岭节制闸,200
2026/4/17 5:21,富家岭节制闸,200
2026/4/17 5:26,富家岭节制闸,200
2026/4/17 5:32,富家岭节制闸,200
2026/4/17 5:37,富家岭节制闸,200
2026/4/17 5:43,富家岭节制闸,200
2026/4/17 5:48,富家岭节制闸,200
2026/4/17 5:53,富家岭节制闸,200
2026/4/17 5:59,富家岭节制闸,200
2026/4/17 6:04,富家岭节制闸,200
2026/4/17 6:09,富家岭节制闸,200
2026/4/17 6:15,富家岭节制闸,200
2026/4/17 6:20,富家岭节制闸,200
2026/4/17 6:26,富家岭节制闸,200
2026/4/17 6:31,富家岭节制闸,320
2026/4/17 6:36,富家岭节制闸,320
2026/4/17 6:41,富家岭节制闸,320
2026/4/17 6:47,富家岭节制闸,320
2026/4/17 6:52,富家岭节制闸,320
2026/4/17 6:57,富家岭节制闸,320
2026/4/17 7:03,富家岭节制闸,320
2026/4/17 7:08,富家岭节制闸,320
2026/4/17 7:13,富家岭节制闸,320
2026/4/17 7:19,富家岭节制闸,320
2026/4/17 7:24,富家岭节制闸,320
2026/4/17 7:29,富家岭节制闸,320
2026/4/17 7:34,富家岭节制闸,320
2026/4/17 7:40,富家岭节制闸,320
2026/4/17 7:45,富家岭节制闸,320
2026/4/17 7:50,富家岭节制闸,320
2026/4/17 7:55,富家岭节制闸,320
2026/4/17 8:01,富家岭节制闸,320
2026/4/17 8:06,富家岭节制闸,320
2026/4/17 8:11,富家岭节制闸,320
2026/4/17 8:17,富家岭节制闸,320
2026/4/17 8:22,富家岭节制闸,320
2026/4/17 8:27,富家岭节制闸,320
2026/4/17 8:33,富家岭节制闸,320
2026/4/17 8:38,富家岭节制闸,320
2026/4/17 8:43,富家岭节制闸,320
2026/4/17 8:49,富家岭节制闸,320
2026/4/17 8:54,富家岭节制闸,320
2026/4/17 9:00,富家岭节制闸,320
2026/4/17 9:05,富家岭节制闸,320
2026/4/17 9:11,富家岭节制闸,320
2026/4/17 9:16,富家岭节制闸,320
2026/4/17 9:21,富家岭节制闸,320
2026/4/17 9:26,富家岭节制闸,320
2026/4/17 9:32,富家岭节制闸,320
2026/4/17 9:37,富家岭节制闸,320
2026/4/17 9:42,富家岭节制闸,320
2026/4/17 9:48,富家岭节制闸,320
2026/4/17 9:53,富家岭节制闸,320
2026/4/17 9:58,富家岭节制闸,320
2026/4/17 10:03,富家岭节制闸,320
2026/4/17 10:09,富家岭节制闸,320
2026/4/17 10:14,富家岭节制闸,320
2026/4/17 10:19,富家岭节制闸,320
2026/4/17 10:25,富家岭节制闸,320
2026/4/17 10:30,富家岭节制闸,320
2026/4/17 10:35,富家岭节制闸,320
2026/4/17 10:40,富家岭节制闸,320
2026/4/17 10:45,富家岭节制闸,320
2026/4/17 10:51,富家岭节制闸,320
2026/4/17 10:56,富家岭节制闸,320
2026/4/17 11:01,富家岭节制闸,320
2026/4/17 11:06,富家岭节制闸,320
2026/4/17 11:12,富家岭节制闸,320
2026/4/17 11:17,富家岭节制闸,320
2026/4/17 11:22,富家岭节制闸,320
2026/4/17 11:28,富家岭节制闸,320
2026/4/17 11:33,富家岭节制闸,320
2026/4/17 11:38,富家岭节制闸,320
2026/4/17 11:44,富家岭节制闸,320
2026/4/17 11:49,富家岭节制闸,320
2026/4/17 11:54,富家岭节制闸,320
2026/4/17 12:00,富家岭节制闸,320
2026/4/17 12:05,富家岭节制闸,320
2026/4/17 12:10,富家岭节制闸,320
2026/4/17 12:16,富家岭节制闸,320
2026/4/17 12:21,富家岭节制闸,320
2026/4/17 12:26,富家岭节制闸,320
2026/4/17 12:32,富家岭节制闸,320
2026/4/17 12:37,富家岭节制闸,320
2026/4/17 12:42,富家岭节制闸,320
2026/4/17 12:47,富家岭节制闸,320
2026/4/17 12:53,富家岭节制闸,320
2026/4/17 12:58,富家岭节制闸,320
2026/4/17 13:03,富家岭节制闸,320
2026/4/17 13:09,富家岭节制闸,320
2026/4/17 13:14,富家岭节制闸,320
2026/4/17 13:19,富家岭节制闸,320
2026/4/17 13:25,富家岭节制闸,320
2026/4/17 13:30,富家岭节制闸,320
2026/4/17 13:35,富家岭节制闸,320
2026/4/17 13:41,富家岭节制闸,320
2026/4/17 13:46,富家岭节制闸,320
2026/4/17 13:51,富家岭节制闸,320
2026/4/17 13:56,富家岭节制闸,320
2026/4/17 14:01,富家岭节制闸,320
2026/4/17 14:07,富家岭节制闸,320
2026/4/17 14:12,富家岭节制闸,320
2026/4/17 14:17,富家岭节制闸,320
2026/4/17 14:22,富家岭节制闸,320
2026/4/17 14:28,富家岭节制闸,320
2026/4/17 14:33,富家岭节制闸,320
2026/4/17 14:38,富家岭节制闸,320
2026/4/17 14:43,富家岭节制闸,320
2026/4/17 14:48,富家岭节制闸,320
2026/4/17 14:53,富家岭节制闸,320
2026/4/17 14:59,富家岭节制闸,320
2026/4/17 15:04,富家岭节制闸,320
2026/4/17 15:09,富家岭节制闸,320
2026/4/17 15:14,富家岭节制闸,320
2026/4/17 15:20,富家岭节制闸,320
2026/4/17 15:25,富家岭节制闸,320
2026/4/17 15:30,富家岭节制闸,320
2026/4/17 15:36,富家岭节制闸,320
2026/4/17 15:41,富家岭节制闸,320
2026/4/17 15:46,富家岭节制闸,320
2026/4/17 15:51,富家岭节制闸,320
2026/4/17 15:56,富家岭节制闸,320
2026/4/17 16:01,富家岭节制闸,320
2026/4/17 16:06,富家岭节制闸,320
2026/4/17 16:12,富家岭节制闸,320
2026/4/17 16:17,富家岭节制闸,320
2026/4/17 16:23,富家岭节制闸,320
2026/4/17 16:28,富家岭节制闸,320
2026/4/17 16:33,富家岭节制闸,320
2026/4/17 16:39,富家岭节制闸,320
2026/4/17 16:44,富家岭节制闸,320
2026/4/17 16:50,富家岭节制闸,320
2026/4/17 16:55,富家岭节制闸,320
2026/4/17 17:00,富家岭节制闸,320
2026/4/17 17:05,富家岭节制闸,320
2026/4/17 17:11,富家岭节制闸,320
2026/4/17 17:16,富家岭节制闸,320
2026/4/17 17:21,富家岭节制闸,320
2026/4/17 17:27,富家岭节制闸,320
2026/4/17 17:32,富家岭节制闸,320
2026/4/17 17:38,富家岭节制闸,320
2026/4/17 17:43,富家岭节制闸,320
2026/4/17 17:48,富家岭节制闸,320
2026/4/17 17:54,富家岭节制闸,320
2026/4/17 17:59,富家岭节制闸,320
2026/4/17 18:05,富家岭节制闸,320
2026/4/17 18:10,富家岭节制闸,320
2026/4/17 18:15,富家岭节制闸,320
2026/4/17 18:21,富家岭节制闸,320
2026/4/17 18:26,富家岭节制闸,320
2026/4/17 18:32,富家岭节制闸,320
2026/4/17 18:37,富家岭节制闸,320
2026/4/17 18:42,富家岭节制闸,320
2026/4/17 18:47,富家岭节制闸,320
2026/4/17 18:53,富家岭节制闸,320
2026/4/17 18:58,富家岭节制闸,320
2026/4/17 19:03,富家岭节制闸,320
2026/4/17 19:09,富家岭节制闸,320
2026/4/17 19:14,富家岭节制闸,320
2026/4/17 19:19,富家岭节制闸,320
2026/4/17 19:24,富家岭节制闸,320
2026/4/17 19:29,富家岭节制闸,320
2026/4/17 19:35,富家岭节制闸,320
2026/4/17 19:40,富家岭节制闸,320
2026/4/17 19:46,富家岭节制闸,320
2026/4/17 19:51,富家岭节制闸,320
2026/4/17 19:57,富家岭节制闸,320
2026/4/17 20:02,富家岭节制闸,320
2026/4/17 20:07,富家岭节制闸,320
2026/4/17 20:12,富家岭节制闸,320
2026/4/17 20:18,富家岭节制闸,320
2026/4/17 20:23,富家岭节制闸,320
2026/4/17 20:28,富家岭节制闸,320
2026/4/17 20:33,富家岭节制闸,320
2026/4/17 20:38,富家岭节制闸,320
2026/4/17 20:43,富家岭节制闸,320
2026/4/17 20:48,富家岭节制闸,320
2026/4/17 20:54,富家岭节制闸,320
2026/4/17 20:59,富家岭节制闸,320
2026/4/17 21:05,富家岭节制闸,320
2026/4/17 21:10,富家岭节制闸,320
2026/4/17 21:15,富家岭节制闸,320
2026/4/17 21:21,富家岭节制闸,320
2026/4/17 21:26,富家岭节制闸,320
2026/4/17 21:32,富家岭节制闸,320
2026/4/17 21:37,富家岭节制闸,320
2026/4/17 21:43,富家岭节制闸,320
2026/4/17 21:48,富家岭节制闸,320
2026/4/17 21:53,富家岭节制闸,320
2026/4/17 21:59,富家岭节制闸,320
2026/4/17 22:04,富家岭节制闸,320
2026/4/17 22:10,富家岭节制闸,320
2026/4/17 22:15,富家岭节制闸,320
2026/4/17 22:20,富家岭节制闸,320
2026/4/17 22:26,富家岭节制闸,320
2026/4/17 22:31,富家岭节制闸,320
2026/4/17 22:36,富家岭节制闸,320
2026/4/17 22:41,富家岭节制闸,320
2026/4/17 22:47,富家岭节制闸,320
2026/4/17 22:52,富家岭节制闸,320
2026/4/17 22:58,富家岭节制闸,320
2026/4/17 23:02,富家岭节制闸,320
2026/4/17 23:08,富家岭节制闸,320
2026/4/17 23:14,富家岭节制闸,320
2026/4/17 23:19,富家岭节制闸,320
2026/4/17 23:24,富家岭节制闸,320
2026/4/17 23:30,富家岭节制闸,320
2026/4/17 23:35,富家岭节制闸,320
2026/4/17 23:40,富家岭节制闸,320
2026/4/17 23:45,富家岭节制闸,320
2026/4/17 23:50,富家岭节制闸,320
2026/4/17 23:55,富家岭节制闸,320
2026/4/18 0:00,富家岭节制闸,320
2026/4/18 0:05,富家岭节制闸,320
2026/4/18 0:10,富家岭节制闸,320
2026/4/18 0:16,富家岭节制闸,320
2026/4/18 0:21,富家岭节制闸,320
2026/4/18 0:26,富家岭节制闸,320
2026/4/18 0:32,富家岭节制闸,320
2026/4/18 0:37,富家岭节制闸,320
2026/4/18 0:42,富家岭节制闸,320
2026/4/18 0:48,富家岭节制闸,320
2026/4/18 0:53,富家岭节制闸,320
2026/4/18 0:59,富家岭节制闸,320
2026/4/18 1:01,富家岭节制闸,320
2026/4/18 1:09,富家岭节制闸,320
2026/4/18 1:15,富家岭节制闸,320
2026/4/18 1:20,富家岭节制闸,320
2026/4/18 1:25,富家岭节制闸,320
2026/4/18 1:31,富家岭节制闸,320
2026/4/18 1:36,富家岭节制闸,320
2026/4/18 1:41,富家岭节制闸,320
2026/4/18 1:47,富家岭节制闸,320
2026/4/18 1:52,富家岭节制闸,320
2026/4/18 1:57,富家岭节制闸,320
2026/4/18 2:03,富家岭节制闸,320
2026/4/18 2:08,富家岭节制闸,320
2026/4/18 2:13,富家岭节制闸,320
2026/4/18 2:19,富家岭节制闸,320
2026/4/18 2:24,富家岭节制闸,320
2026/4/18 2:30,富家岭节制闸,320
2026/4/18 2:35,富家岭节制闸,320
2026/4/18 2:40,富家岭节制闸,320
2026/4/18 2:46,富家岭节制闸,320
2026/4/18 2:51,富家岭节制闸,320
2026/4/18 2:56,富家岭节制闸,320
2026/4/18 3:01,富家岭节制闸,320
2026/4/18 3:06,富家岭节制闸,320
2026/4/18 3:12,富家岭节制闸,320
2026/4/18 3:17,富家岭节制闸,320
2026/4/18 3:22,富家岭节制闸,320
2026/4/18 3:27,富家岭节制闸,320
2026/4/18 3:33,富家岭节制闸,320
2026/4/18 3:38,富家岭节制闸,320
2026/4/18 3:43,富家岭节制闸,320
2026/4/18 3:48,富家岭节制闸,320
2026/4/18 3:54,富家岭节制闸,320
2026/4/18 3:59,富家岭节制闸,320
2026/4/18 4:05,富家岭节制闸,320
2026/4/18 4:10,富家岭节制闸,320
2026/4/18 4:15,富家岭节制闸,320
2026/4/18 4:21,富家岭节制闸,320
2026/4/18 4:26,富家岭节制闸,320
2026/4/18 4:32,富家岭节制闸,320
2026/4/18 4:37,富家岭节制闸,320
2026/4/18 4:42,富家岭节制闸,320
2026/4/18 4:47,富家岭节制闸,320
2026/4/18 4:52,富家岭节制闸,320
2026/4/18 4:57,富家岭节制闸,320
2026/4/18 5:03,富家岭节制闸,320
2026/4/18 5:08,富家岭节制闸,320
2026/4/18 5:14,富家岭节制闸,320
2026/4/18 5:19,富家岭节制闸,320
2026/4/18 5:24,富家岭节制闸,320
2026/4/18 5:29,富家岭节制闸,320
2026/4/18 5:35,富家岭节制闸,320
2026/4/18 5:40,富家岭节制闸,320
2026/4/18 5:45,富家岭节制闸,320
2026/4/18 5:50,富家岭节制闸,320
2026/4/18 5:56,富家岭节制闸,320
2026/4/18 6:01,富家岭节制闸,320
2026/4/18 6:06,富家岭节制闸,320
2026/4/18 6:12,富家岭节制闸,320
2026/4/18 6:17,富家岭节制闸,320
2026/4/18 6:23,富家岭节制闸,320
2026/4/18 6:28,富家岭节制闸,320
2026/4/18 6:33,富家岭节制闸,320
2026/4/18 6:38,富家岭节制闸,320
2026/4/18 6:44,富家岭节制闸,320
2026/4/18 6:49,富家岭节制闸,320
2026/4/18 6:55,富家岭节制闸,320
2026/4/18 7:00,富家岭节制闸,320
2026/4/18 7:05,富家岭节制闸,320
2026/4/18 7:10,富家岭节制闸,320
2026/4/18 7:15,富家岭节制闸,320
2026/4/18 7:21,富家岭节制闸,320
2026/4/18 7:26,富家岭节制闸,320
2026/4/18 7:31,富家岭节制闸,320
2026/4/18 7:37,富家岭节制闸,320
2026/4/18 7:42,富家岭节制闸,320
2026/4/18 7:48,富家岭节制闸,320
2026/4/18 7:53,富家岭节制闸,320
2026/4/18 7:58,富家岭节制闸,320
2026/4/18 8:04,富家岭节制闸,320
2026/4/18 8:09,富家岭节制闸,320
2026/4/18 8:14,富家岭节制闸,320
2026/4/18 8:20,富家岭节制闸,320
2026/4/18 8:25,富家岭节制闸,320
2026/4/18 8:31,富家岭节制闸,320
2026/4/18 8:36,富家岭节制闸,320
2026/4/18 8:41,富家岭节制闸,320
2026/4/18 8:46,富家岭节制闸,320
2026/4/18 8:52,富家岭节制闸,320
2026/4/18 8:57,富家岭节制闸,320
2026/4/18 9:02,富家岭节制闸,320
2026/4/18 9:08,富家岭节制闸,320
2026/4/18 9:13,富家岭节制闸,320
2026/4/18 9:18,富家岭节制闸,320
2026/4/18 9:23,富家岭节制闸,320
2026/4/18 9:29,富家岭节制闸,320
2026/4/18 9:34,富家岭节制闸,320
2026/4/18 9:39,富家岭节制闸,320
2026/4/18 9:44,富家岭节制闸,320
2026/4/18 9:49,富家岭节制闸,320
2026/4/18 9:55,富家岭节制闸,320
2026/4/18 10:00,富家岭节制闸,320
2026/4/18 10:05,富家岭节制闸,320
2026/4/18 10:11,富家岭节制闸,320
2026/4/18 10:16,富家岭节制闸,320
2026/4/18 10:21,富家岭节制闸,320
2026/4/18 10:27,富家岭节制闸,320
2026/4/18 10:32,富家岭节制闸,320
2026/4/18 10:37,富家岭节制闸,320
2026/4/18 10:43,富家岭节制闸,320
2026/4/18 10:48,富家岭节制闸,320
2026/4/18 10:54,富家岭节制闸,320
2026/4/18 10:59,富家岭节制闸,320
2026/4/18 11:04,富家岭节制闸,320
2026/4/18 11:10,富家岭节制闸,320
2026/4/18 11:15,富家岭节制闸,320
2026/4/18 11:20,富家岭节制闸,320
2026/4/18 11:26,富家岭节制闸,320
2026/4/18 11:31,富家岭节制闸,320
2026/4/18 11:36,富家岭节制闸,320
2026/4/18 11:42,富家岭节制闸,320
2026/4/18 11:47,富家岭节制闸,320
2026/4/18 11:53,富家岭节制闸,320
2026/4/18 11:58,富家岭节制闸,320
2026/4/18 12:03,富家岭节制闸,320
2026/4/18 12:08,富家岭节制闸,320
2026/4/18 12:14,富家岭节制闸,320
2026/4/18 12:19,富家岭节制闸,320
2026/4/18 12:24,富家岭节制闸,320
2026/4/18 12:30,富家岭节制闸,320
2026/4/18 12:35,富家岭节制闸,320
2026/4/18 12:40,富家岭节制闸,320
2026/4/18 12:45,富家岭节制闸,320
2026/4/18 12:50,富家岭节制闸,320
2026/4/18 12:56,富家岭节制闸,320
2026/4/18 13:01,富家岭节制闸,320
2026/4/18 13:06,富家岭节制闸,320
2026/4/18 13:11,富家岭节制闸,320
2026/4/18 13:17,富家岭节制闸,320
2026/4/18 13:22,富家岭节制闸,320
2026/4/18 13:27,富家岭节制闸,320
2026/4/18 13:32,富家岭节制闸,320
2026/4/18 13:38,富家岭节制闸,320
2026/4/18 13:43,富家岭节制闸,320
2026/4/18 13:48,富家岭节制闸,320
2026/4/18 13:54,富家岭节制闸,320
2026/4/18 13:59,富家岭节制闸,320
2026/4/18 14:04,富家岭节制闸,320
2026/4/18 14:09,富家岭节制闸,320
2026/4/18 14:15,富家岭节制闸,320
2026/4/18 14:20,富家岭节制闸,320
2026/4/18 14:25,富家岭节制闸,320
2026/4/18 14:31,富家岭节制闸,320
2026/4/18 14:36,富家岭节制闸,320
2026/4/18 14:42,富家岭节制闸,320
2026/4/18 14:47,富家岭节制闸,320
2026/4/18 14:52,富家岭节制闸,320
2026/4/18 14:57,富家岭节制闸,320
2026/4/18 15:02,富家岭节制闸,320
2026/4/18 15:08,富家岭节制闸,320
2026/4/18 15:13,富家岭节制闸,320
2026/4/18 15:18,富家岭节制闸,320
2026/4/18 15:24,富家岭节制闸,320
2026/4/18 15:29,富家岭节制闸,320
2026/4/18 15:34,富家岭节制闸,320
2026/4/18 15:39,富家岭节制闸,320
2026/4/18 15:44,富家岭节制闸,320
2026/4/18 15:49,富家岭节制闸,320
2026/4/18 15:54,富家岭节制闸,320
2026/4/18 16:00,富家岭节制闸,320
2026/4/18 16:05,富家岭节制闸,320
2026/4/18 16:11,富家岭节制闸,320
2026/4/18 16:16,富家岭节制闸,320
2026/4/18 16:21,富家岭节制闸,320
2026/4/18 16:26,富家岭节制闸,320
2026/4/18 16:31,富家岭节制闸,320
2026/4/18 16:37,富家岭节制闸,320
2026/4/18 16:42,富家岭节制闸,320
2026/4/18 16:47,富家岭节制闸,320
2026/4/18 16:53,富家岭节制闸,320
2026/4/18 16:58,富家岭节制闸,320
2026/4/18 17:03,富家岭节制闸,320
2026/4/18 17:08,富家岭节制闸,320
2026/4/18 17:14,富家岭节制闸,320
2026/4/18 17:19,富家岭节制闸,320
2026/4/18 17:24,富家岭节制闸,320
2026/4/18 17:30,富家岭节制闸,320
2026/4/18 17:35,富家岭节制闸,320
2026/4/18 17:40,富家岭节制闸,320
2026/4/18 17:46,富家岭节制闸,320
2026/4/18 17:51,富家岭节制闸,320
2026/4/18 17:56,富家岭节制闸,320
2026/4/18 18:02,富家岭节制闸,320
2026/4/18 18:07,富家岭节制闸,320
2026/4/18 18:13,富家岭节制闸,320
2026/4/18 18:18,富家岭节制闸,320
2026/4/18 18:24,富家岭节制闸,320
2026/4/18 18:29,富家岭节制闸,320
2026/4/18 18:34,富家岭节制闸,320
2026/4/18 18:40,富家岭节制闸,320
2026/4/18 18:45,富家岭节制闸,320
2026/4/18 18:51,富家岭节制闸,320
2026/4/18 18:56,富家岭节制闸,320
2026/4/18 19:01,富家岭节制闸,320
2026/4/18 19:07,富家岭节制闸,320
2026/4/18 19:12,富家岭节制闸,320
2026/4/18 19:17,富家岭节制闸,320
2026/4/18 19:23,富家岭节制闸,320
2026/4/18 19:28,富家岭节制闸,320
2026/4/18 19:34,富家岭节制闸,320
2026/4/18 19:39,富家岭节制闸,320
2026/4/18 19:44,富家岭节制闸,320
2026/4/18 19:50,富家岭节制闸,320
2026/4/18 19:55,富家岭节制闸,320
2026/4/18 20:00,富家岭节制闸,320
2026/4/18 20:06,富家岭节制闸,320
2026/4/18 20:11,富家岭节制闸,320
2026/4/18 20:16,富家岭节制闸,320
2026/4/18 20:22,富家岭节制闸,320
2026/4/18 20:27,富家岭节制闸,320
2026/4/18 20:32,富家岭节制闸,320
2026/4/18 20:37,富家岭节制闸,320
2026/4/18 20:43,富家岭节制闸,320
2026/4/18 20:48,富家岭节制闸,320
2026/4/18 20:53,富家岭节制闸,320
2026/4/18 20:58,富家岭节制闸,320
2026/4/18 21:03,富家岭节制闸,320
2026/4/18 21:09,富家岭节制闸,320
2026/4/18 21:14,富家岭节制闸,320
2026/4/18 21:20,富家岭节制闸,320
2026/4/18 21:25,富家岭节制闸,320
2026/4/18 21:31,富家岭节制闸,320
2026/4/18 21:36,富家岭节制闸,320
2026/4/18 21:41,富家岭节制闸,320
2026/4/18 21:46,富家岭节制闸,320
2026/4/18 21:52,富家岭节制闸,320
2026/4/18 21:57,富家岭节制闸,320
2026/4/18 22:02,富家岭节制闸,320
2026/4/18 22:07,富家岭节制闸,320
2026/4/18 22:12,富家岭节制闸,320
2026/4/18 22:17,富家岭节制闸,320
2026/4/18 22:23,富家岭节制闸,320
2026/4/18 22:28,富家岭节制闸,320
2026/4/18 22:33,富家岭节制闸,320
2026/4/18 22:38,富家岭节制闸,320
2026/4/18 22:44,富家岭节制闸,320
2026/4/18 22:49,富家岭节制闸,320
2026/4/18 22:54,富家岭节制闸,320
2026/4/18 22:59,富家岭节制闸,320
2026/4/18 23:05,富家岭节制闸,320
2026/4/18 23:10,富家岭节制闸,320
2026/4/18 23:15,富家岭节制闸,320
2026/4/18 23:21,富家岭节制闸,320
2026/4/18 23:26,富家岭节制闸,320
2026/4/18 23:32,富家岭节制闸,320
2026/4/18 23:37,富家岭节制闸,320
2026/4/18 23:43,富家岭节制闸,320
2026/4/18 23:48,富家岭节制闸,320
2026/4/18 23:53,富家岭节制闸,320
2026/4/18 23:59,富家岭节制闸,320
2026/4/19 0:04,富家岭节制闸,320
2026/4/19 0:09,富家岭节制闸,320
2026/4/19 0:14,富家岭节制闸,320
2026/4/19 0:20,富家岭节制闸,320
2026/4/19 0:25,富家岭节制闸,320
2026/4/19 0:30,富家岭节制闸,320
2026/4/19 0:35,富家岭节制闸,320
2026/4/19 0:41,富家岭节制闸,320
2026/4/19 0:46,富家岭节制闸,320
2026/4/19 0:52,富家岭节制闸,320
2026/4/19 0:57,富家岭节制闸,320
2026/4/19 1:02,富家岭节制闸,320
2026/4/19 1:07,富家岭节制闸,320
2026/4/19 1:12,富家岭节制闸,320
2026/4/19 1:17,富家岭节制闸,320
2026/4/19 1:22,富家岭节制闸,320
2026/4/19 1:28,富家岭节制闸,320
2026/4/19 1:33,富家岭节制闸,320
2026/4/19 1:38,富家岭节制闸,320
2026/4/19 1:44,富家岭节制闸,320
2026/4/19 1:49,富家岭节制闸,320
2026/4/19 1:54,富家岭节制闸,320
2026/4/19 1:59,富家岭节制闸,320
2026/4/19 2:05,富家岭节制闸,320
2026/4/19 2:10,富家岭节制闸,320
2026/4/19 2:15,富家岭节制闸,320
2026/4/19 2:20,富家岭节制闸,320
2026/4/19 2:25,富家岭节制闸,320
2026/4/19 2:31,富家岭节制闸,320
2026/4/19 2:36,富家岭节制闸,320
2026/4/19 2:41,富家岭节制闸,320
2026/4/19 2:47,富家岭节制闸,320
2026/4/19 2:52,富家岭节制闸,320
2026/4/19 2:58,富家岭节制闸,320
2026/4/19 3:03,富家岭节制闸,320
2026/4/19 3:08,富家岭节制闸,320
2026/4/19 3:14,富家岭节制闸,320
2026/4/19 3:19,富家岭节制闸,320
2026/4/19 3:24,富家岭节制闸,320
2026/4/19 3:29,富家岭节制闸,320
2026/4/19 3:34,富家岭节制闸,320
2026/4/19 3:40,富家岭节制闸,320
2026/4/19 3:45,富家岭节制闸,320
2026/4/19 3:51,富家岭节制闸,320
2026/4/19 3:56,富家岭节制闸,320
2026/4/19 4:01,富家岭节制闸,320
2026/4/19 4:07,富家岭节制闸,320
2026/4/19 4:12,富家岭节制闸,320
2026/4/19 4:17,富家岭节制闸,320
2026/4/19 4:22,富家岭节制闸,320
2026/4/19 4:27,富家岭节制闸,320
2026/4/19 4:33,富家岭节制闸,320
2026/4/19 4:38,富家岭节制闸,320
2026/4/19 4:43,富家岭节制闸,320
2026/4/19 4:48,富家岭节制闸,320
2026/4/19 4:53,富家岭节制闸,320
2026/4/19 4:59,富家岭节制闸,320
2026/4/19 5:04,富家岭节制闸,320
2026/4/19 5:10,富家岭节制闸,320
2026/4/19 5:15,富家岭节制闸,320
2026/4/19 5:21,富家岭节制闸,320
2026/4/19 5:26,富家岭节制闸,320
2026/4/19 5:31,富家岭节制闸,320
2026/4/19 5:37,富家岭节制闸,320
2026/4/19 5:42,富家岭节制闸,320
2026/4/19 5:47,富家岭节制闸,320
2026/4/19 5:52,富家岭节制闸,320
2026/4/19 5:58,富家岭节制闸,320
2026/4/19 6:03,富家岭节制闸,320
2026/4/19 6:09,富家岭节制闸,320
2026/4/19 6:14,富家岭节制闸,320
2026/4/19 6:19,富家岭节制闸,320
2026/4/19 6:25,富家岭节制闸,320
2026/4/19 6:30,富家岭节制闸,320
2026/4/19 6:35,富家岭节制闸,320
2026/4/19 6:40,富家岭节制闸,320
2026/4/19 6:45,富家岭节制闸,320
2026/4/19 6:50,富家岭节制闸,320
2026/4/19 6:55,富家岭节制闸,320
2026/4/19 7:00,富家岭节制闸,320
2026/4/19 7:05,富家岭节制闸,320
2026/4/19 7:11,富家岭节制闸,320
2026/4/19 7:16,富家岭节制闸,320
2026/4/19 7:21,富家岭节制闸,320
2026/4/19 7:26,富家岭节制闸,320
2026/4/19 7:32,富家岭节制闸,320
2026/4/19 7:37,富家岭节制闸,320
2026/4/19 7:43,富家岭节制闸,320
2026/4/19 7:48,富家岭节制闸,320
2026/4/19 7:53,富家岭节制闸,320
2026/4/19 7:59,富家岭节制闸,320
2026/4/19 8:04,富家岭节制闸,320
2026/4/19 8:09,富家岭节制闸,320
2026/4/19 8:14,富家岭节制闸,320
2026/4/19 8:19,富家岭节制闸,320
2026/4/19 8:25,富家岭节制闸,320
2026/4/19 8:30,富家岭节制闸,320
2026/4/19 8:36,富家岭节制闸,320
2026/4/19 8:41,富家岭节制闸,320
2026/4/19 8:46,富家岭节制闸,320
2026/4/19 8:51,富家岭节制闸,320
2026/4/19 8:57,富家岭节制闸,320
2026/4/19 9:02,富家岭节制闸,320
2026/4/19 9:07,富家岭节制闸,320
2026/4/19 9:13,富家岭节制闸,320
2026/4/19 9:18,富家岭节制闸,320
2026/4/19 9:23,富家岭节制闸,320
2026/4/19 9:28,富家岭节制闸,320
2026/4/19 9:33,富家岭节制闸,320
2026/4/19 9:38,富家岭节制闸,380
2026/4/19 9:44,富家岭节制闸,380
2026/4/19 9:49,富家岭节制闸,380
2026/4/19 9:54,富家岭节制闸,380
2026/4/19 9:59,富家岭节制闸,380
2026/4/19 10:05,富家岭节制闸,380
2026/4/19 10:10,富家岭节制闸,380
2026/4/19 10:15,富家岭节制闸,380
2026/4/19 10:20,富家岭节制闸,380
2026/4/19 10:26,富家岭节制闸,380
2026/4/19 10:31,富家岭节制闸,380
2026/4/19 10:36,富家岭节制闸,380
2026/4/19 10:41,富家岭节制闸,380
2026/4/19 10:47,富家岭节制闸,380
2026/4/19 10:52,富家岭节制闸,380
2026/4/19 10:57,富家岭节制闸,380
2026/4/19 11:02,富家岭节制闸,380
2026/4/19 11:07,富家岭节制闸,380
2026/4/19 11:13,富家岭节制闸,380
2026/4/19 11:18,富家岭节制闸,380
2026/4/19 11:24,富家岭节制闸,380
2026/4/19 11:29,富家岭节制闸,380
2026/4/19 11:34,富家岭节制闸,380
2026/4/19 11:39,富家岭节制闸,380
2026/4/19 11:45,富家岭节制闸,380
2026/4/19 11:50,富家岭节制闸,380
2026/4/19 11:55,富家岭节制闸,380
2026/4/19 12:01,富家岭节制闸,380
2026/4/19 12:06,富家岭节制闸,380
2026/4/19 12:12,富家岭节制闸,380
2026/4/19 12:17,富家岭节制闸,380
2026/4/19 12:22,富家岭节制闸,380
2026/4/19 12:28,富家岭节制闸,380
2026/4/19 12:33,富家岭节制闸,380
2026/4/19 12:38,富家岭节制闸,380
2026/4/19 12:44,富家岭节制闸,380
2026/4/19 12:49,富家岭节制闸,380
2026/4/19 12:54,富家岭节制闸,380
2026/4/19 13:00,富家岭节制闸,380
2026/4/19 13:05,富家岭节制闸,380
2026/4/19 13:11,富家岭节制闸,380
2026/4/19 13:16,富家岭节制闸,380
2026/4/19 13:21,富家岭节制闸,380
2026/4/19 13:27,富家岭节制闸,380
2026/4/19 13:32,富家岭节制闸,380
2026/4/19 13:38,富家岭节制闸,380
2026/4/19 13:43,富家岭节制闸,380
2026/4/19 13:48,富家岭节制闸,380
2026/4/19 13:53,富家岭节制闸,380
2026/4/19 13:59,富家岭节制闸,380
2026/4/19 14:04,富家岭节制闸,380
2026/4/19 14:10,富家岭节制闸,380
2026/4/19 14:15,富家岭节制闸,380
2026/4/19 14:20,富家岭节制闸,380
2026/4/19 14:26,富家岭节制闸,380
2026/4/19 14:31,富家岭节制闸,380
2026/4/19 14:36,富家岭节制闸,380
2026/4/19 14:41,富家岭节制闸,380
2026/4/19 14:47,富家岭节制闸,380
2026/4/19 14:52,富家岭节制闸,380
2026/4/19 14:58,富家岭节制闸,380
2026/4/19 15:03,富家岭节制闸,380
2026/4/19 15:08,富家岭节制闸,380
2026/4/19 15:14,富家岭节制闸,380
2026/4/19 15:19,富家岭节制闸,380
2026/4/19 15:25,富家岭节制闸,380
2026/4/19 15:30,富家岭节制闸,380
2026/4/19 15:35,富家岭节制闸,380
2026/4/19 15:41,富家岭节制闸,380
2026/4/19 15:46,富家岭节制闸,380
2026/4/19 15:51,富家岭节制闸,380
2026/4/19 15:57,富家岭节制闸,380
2026/4/19 16:02,富家岭节制闸,380
2026/4/19 16:07,富家岭节制闸,380
2026/4/19 16:13,富家岭节制闸,380
2026/4/19 16:18,富家岭节制闸,380
2026/4/19 16:23,富家岭节制闸,380
2026/4/19 16:29,富家岭节制闸,380
2026/4/19 16:34,富家岭节制闸,380
2026/4/19 16:40,富家岭节制闸,380
2026/4/19 16:45,富家岭节制闸,380
2026/4/19 16:50,富家岭节制闸,380
2026/4/19 16:56,富家岭节制闸,380
2026/4/19 17:01,富家岭节制闸,380
2026/4/19 17:06,富家岭节制闸,380
2026/4/19 17:12,富家岭节制闸,380
2026/4/19 17:17,富家岭节制闸,380
2026/4/19 17:22,富家岭节制闸,380
2026/4/19 17:28,富家岭节制闸,380
2026/4/19 17:33,富家岭节制闸,380
2026/4/19 17:39,富家岭节制闸,380
2026/4/19 17:44,富家岭节制闸,380
2026/4/19 17:49,富家岭节制闸,380
2026/4/19 17:54,富家岭节制闸,380
2026/4/19 18:00,富家岭节制闸,380
2026/4/19 18:05,富家岭节制闸,380
2026/4/19 18:11,富家岭节制闸,380
2026/4/19 18:16,富家岭节制闸,380
2026/4/19 18:21,富家岭节制闸,380
2026/4/19 18:26,富家岭节制闸,380
2026/4/19 18:32,富家岭节制闸,380
2026/4/19 18:37,富家岭节制闸,380
2026/4/19 18:42,富家岭节制闸,380
2026/4/19 18:47,富家岭节制闸,380
2026/4/19 18:52,富家岭节制闸,380
2026/4/19 18:58,富家岭节制闸,380
2026/4/19 19:03,富家岭节制闸,380
2026/4/19 19:08,富家岭节制闸,380
2026/4/19 19:14,富家岭节制闸,380
2026/4/19 19:19,富家岭节制闸,380
2026/4/19 19:24,富家岭节制闸,380
2026/4/19 19:30,富家岭节制闸,380
2026/4/19 19:35,富家岭节制闸,380
2026/4/19 19:40,富家岭节制闸,380
2026/4/19 19:46,富家岭节制闸,380
2026/4/19 19:51,富家岭节制闸,380
2026/4/19 19:56,富家岭节制闸,380
2026/4/19 20:02,富家岭节制闸,380
2026/4/19 20:07,富家岭节制闸,380
2026/4/19 20:12,富家岭节制闸,380
2026/4/19 20:17,富家岭节制闸,380
2026/4/19 20:23,富家岭节制闸,380
2026/4/19 20:28,富家岭节制闸,380
2026/4/19 20:33,富家岭节制闸,380
2026/4/19 20:38,富家岭节制闸,380
2026/4/19 20:43,富家岭节制闸,380
2026/4/19 20:49,富家岭节制闸,380
2026/4/19 20:54,富家岭节制闸,380
2026/4/19 20:59,富家岭节制闸,380
2026/4/19 21:05,富家岭节制闸,380
2026/4/19 21:10,富家岭节制闸,380
2026/4/19 21:15,富家岭节制闸,380
2026/4/19 21:20,富家岭节制闸,380
2026/4/19 21:25,富家岭节制闸,380
2026/4/19 21:30,富家岭节制闸,380
2026/4/19 21:35,富家岭节制闸,380
2026/4/19 21:41,富家岭节制闸,380
2026/4/19 21:46,富家岭节制闸,380
2026/4/19 21:51,富家岭节制闸,380
2026/4/19 21:56,富家岭节制闸,380
2026/4/19 22:01,富家岭节制闸,380
2026/4/19 22:06,富家岭节制闸,380
2026/4/19 22:12,富家岭节制闸,380
2026/4/19 22:17,富家岭节制闸,380
2026/4/19 22:23,富家岭节制闸,380
2026/4/19 22:28,富家岭节制闸,380
2026/4/19 22:33,富家岭节制闸,380
2026/4/19 22:39,富家岭节制闸,380
2026/4/19 22:44,富家岭节制闸,380
2026/4/19 22:49,富家岭节制闸,380
2026/4/19 22:54,富家岭节制闸,380
2026/4/19 23:00,富家岭节制闸,380
2026/4/19 23:02,富家岭节制闸,380
2026/4/19 23:10,富家岭节制闸,380
2026/4/19 23:15,富家岭节制闸,380
2026/4/19 23:20,富家岭节制闸,380
2026/4/19 23:25,富家岭节制闸,380
2026/4/19 23:30,富家岭节制闸,380
2026/4/19 23:36,富家岭节制闸,380
2026/4/19 23:41,富家岭节制闸,380
2026/4/19 23:46,富家岭节制闸,380
2026/4/19 23:52,富家岭节制闸,380
2026/4/19 23:57,富家岭节制闸,380
2026/4/20 0:02,富家岭节制闸,380
2026/4/20 0:08,富家岭节制闸,380
2026/4/20 0:13,富家岭节制闸,380
2026/4/20 0:18,富家岭节制闸,380
2026/4/20 0:23,富家岭节制闸,380
2026/4/20 0:29,富家岭节制闸,380
2026/4/20 0:34,富家岭节制闸,380
2026/4/20 0:39,富家岭节制闸,380
2026/4/20 0:45,富家岭节制闸,380
2026/4/20 0:50,富家岭节制闸,380
2026/4/20 0:55,富家岭节制闸,380
2026/4/20 1:00,富家岭节制闸,380
2026/4/20 1:06,富家岭节制闸,380
2026/4/20 1:11,富家岭节制闸,380
2026/4/20 1:16,富家岭节制闸,380
2026/4/20 1:22,富家岭节制闸,380
2026/4/20 1:27,富家岭节制闸,380
2026/4/20 1:33,富家岭节制闸,380
2026/4/20 1:38,富家岭节制闸,380
2026/4/20 1:43,富家岭节制闸,380
2026/4/20 1:48,富家岭节制闸,380
2026/4/20 1:53,富家岭节制闸,380
2026/4/20 1:59,富家岭节制闸,380
2026/4/20 2:04,富家岭节制闸,380
2026/4/20 2:09,富家岭节制闸,380
2026/4/20 2:15,富家岭节制闸,380
2026/4/20 2:20,富家岭节制闸,380
2026/4/20 2:26,富家岭节制闸,380
2026/4/20 2:31,富家岭节制闸,380
2026/4/20 2:37,富家岭节制闸,380
2026/4/20 2:42,富家岭节制闸,380
2026/4/20 2:48,富家岭节制闸,380
2026/4/20 2:53,富家岭节制闸,380
2026/4/20 2:58,富家岭节制闸,380
2026/4/20 3:03,富家岭节制闸,380
2026/4/20 3:08,富家岭节制闸,380
2026/4/20 3:13,富家岭节制闸,380
2026/4/20 3:18,富家岭节制闸,380
2026/4/20 3:24,富家岭节制闸,380
2026/4/20 3:29,富家岭节制闸,380
2026/4/20 3:34,富家岭节制闸,380
2026/4/20 3:40,富家岭节制闸,380
2026/4/20 3:45,富家岭节制闸,380
2026/4/20 3:51,富家岭节制闸,380
2026/4/20 3:56,富家岭节制闸,380
2026/4/20 4:01,富家岭节制闸,380
2026/4/20 4:07,富家岭节制闸,380
2026/4/20 4:12,富家岭节制闸,380
2026/4/20 4:17,富家岭节制闸,380
2026/4/20 4:23,富家岭节制闸,380
2026/4/20 4:28,富家岭节制闸,380
2026/4/20 4:34,富家岭节制闸,380
2026/4/20 4:39,富家岭节制闸,380
2026/4/20 4:44,富家岭节制闸,380
2026/4/20 4:50,富家岭节制闸,380
2026/4/20 4:55,富家岭节制闸,380
2026/4/20 5:00,富家岭节制闸,380
2026/4/20 5:06,富家岭节制闸,380
2026/4/20 5:11,富家岭节制闸,380
2026/4/20 5:16,富家岭节制闸,380
2026/4/20 5:22,富家岭节制闸,380
2026/4/20 5:27,富家岭节制闸,380
2026/4/20 5:32,富家岭节制闸,380
2026/4/20 5:38,富家岭节制闸,380
2026/4/20 5:43,富家岭节制闸,380
2026/4/20 5:48,富家岭节制闸,380
2026/4/20 5:54,富家岭节制闸,380
2026/4/20 5:59,富家岭节制闸,380
2026/4/20 6:05,富家岭节制闸,380
2026/4/20 6:10,富家岭节制闸,380
2026/4/20 6:15,富家岭节制闸,380
2026/4/20 6:21,富家岭节制闸,380
2026/4/20 6:26,富家岭节制闸,380
2026/4/20 6:32,富家岭节制闸,380
2026/4/20 6:37,富家岭节制闸,380
2026/4/20 6:42,富家岭节制闸,380
2026/4/20 6:48,富家岭节制闸,380
2026/4/20 6:53,富家岭节制闸,380
2026/4/20 6:58,富家岭节制闸,380
2026/4/20 7:04,富家岭节制闸,380
2026/4/20 7:09,富家岭节制闸,380
2026/4/20 7:14,富家岭节制闸,380
2026/4/20 7:20,富家岭节制闸,380
2026/4/20 7:25,富家岭节制闸,380
2026/4/20 7:30,富家岭节制闸,380
2026/4/20 7:36,富家岭节制闸,380
2026/4/20 7:41,富家岭节制闸,380
2026/4/20 7:47,富家岭节制闸,380
2026/4/20 7:52,富家岭节制闸,380
2026/4/20 7:57,富家岭节制闸,380
2026/4/20 8:02,富家岭节制闸,380
2026/4/20 8:08,富家岭节制闸,380
2026/4/20 8:13,富家岭节制闸,380
2026/4/20 8:19,富家岭节制闸,380
2026/4/20 8:24,富家岭节制闸,380
2026/4/20 8:29,富家岭节制闸,380
2026/4/20 8:35,富家岭节制闸,380
2026/4/20 8:40,富家岭节制闸,380
2026/4/20 8:45,富家岭节制闸,380
2026/4/20 8:51,富家岭节制闸,380
2026/4/20 8:56,富家岭节制闸,380
2026/4/20 9:01,富家岭节制闸,380
2026/4/20 9:07,富家岭节制闸,380
2026/4/20 9:12,富家岭节制闸,380
2026/4/20 9:17,富家岭节制闸,380
2026/4/20 9:23,富家岭节制闸,380
2026/4/20 9:28,富家岭节制闸,380
2026/4/20 9:34,富家岭节制闸,380
2026/4/20 9:39,富家岭节制闸,380
2026/4/20 9:44,富家岭节制闸,380
2026/4/20 9:50,富家岭节制闸,380
2026/4/20 9:55,富家岭节制闸,380
2026/4/20 10:00,富家岭节制闸,380
2026/4/20 10:06,富家岭节制闸,380
2026/4/20 10:11,富家岭节制闸,380
2026/4/20 10:17,富家岭节制闸,380
2026/4/20 10:22,富家岭节制闸,380
2026/4/20 10:27,富家岭节制闸,380
2026/4/20 10:33,富家岭节制闸,380
2026/4/20 10:38,富家岭节制闸,380
2026/4/20 10:43,富家岭节制闸,380
2026/4/20 10:48,富家岭节制闸,380
2026/4/20 10:54,富家岭节制闸,380
2026/4/20 10:59,富家岭节制闸,380
2026/4/20 11:05,富家岭节制闸,380
2026/4/20 11:10,富家岭节制闸,380
2026/4/20 11:15,富家岭节制闸,380
2026/4/20 11:20,富家岭节制闸,380
2026/4/20 11:26,富家岭节制闸,380
2026/4/20 11:31,富家岭节制闸,380
2026/4/20 11:37,富家岭节制闸,380
2026/4/20 11:42,富家岭节制闸,380
2026/4/20 11:48,富家岭节制闸,380
2026/4/20 11:53,富家岭节制闸,380
2026/4/20 11:59,富家岭节制闸,380
2026/4/20 12:04,富家岭节制闸,380
2026/4/20 12:09,富家岭节制闸,380
2026/4/20 12:14,富家岭节制闸,380
2026/4/20 12:20,富家岭节制闸,380
2026/4/20 12:25,富家岭节制闸,380
2026/4/20 12:31,富家岭节制闸,380
2026/4/20 12:36,富家岭节制闸,380
2026/4/20 12:41,富家岭节制闸,380
2026/4/20 12:47,富家岭节制闸,380
2026/4/20 12:52,富家岭节制闸,380
2026/4/20 12:58,富家岭节制闸,380
2026/4/20 13:03,富家岭节制闸,380
2026/4/20 13:08,富家岭节制闸,380
2026/4/20 13:13,富家岭节制闸,380
2026/4/20 13:19,富家岭节制闸,380
2026/4/20 13:24,富家岭节制闸,380
2026/4/20 13:30,富家岭节制闸,380
2026/4/20 13:35,富家岭节制闸,380
2026/4/20 13:40,富家岭节制闸,380
2026/4/20 13:46,富家岭节制闸,380
2026/4/20 13:51,富家岭节制闸,380
2026/4/20 13:56,富家岭节制闸,380
2026/4/20 14:02,富家岭节制闸,380
2026/4/20 14:07,富家岭节制闸,380
2026/4/20 14:12,富家岭节制闸,380
2026/4/20 14:18,富家岭节制闸,380
2026/4/20 14:23,富家岭节制闸,380
2026/4/20 14:29,富家岭节制闸,380
2026/4/20 14:34,富家岭节制闸,380
2026/4/20 14:39,富家岭节制闸,380
2026/4/20 14:45,富家岭节制闸,380
2026/4/20 14:50,富家岭节制闸,380
2026/4/20 14:55,富家岭节制闸,380
2026/4/20 15:01,富家岭节制闸,380
2026/4/20 15:06,富家岭节制闸,380
2026/4/20 15:12,富家岭节制闸,380
2026/4/20 15:17,富家岭节制闸,380
2026/4/20 15:22,富家岭节制闸,380
2026/4/20 15:27,富家岭节制闸,380
2026/4/20 15:33,富家岭节制闸,380
2026/4/20 15:38,富家岭节制闸,380
2026/4/20 15:44,富家岭节制闸,380
2026/4/20 15:49,富家岭节制闸,380
2026/4/20 15:54,富家岭节制闸,380
2026/4/20 16:00,富家岭节制闸,380
2026/4/20 16:05,富家岭节制闸,380
2026/4/20 16:10,富家岭节制闸,380
2026/4/20 16:16,富家岭节制闸,380
2026/4/20 16:21,富家岭节制闸,380
2026/4/20 16:26,富家岭节制闸,380
2026/4/20 16:32,富家岭节制闸,380
2026/4/20 16:37,富家岭节制闸,380
2026/4/20 16:43,富家岭节制闸,380
2026/4/20 16:48,富家岭节制闸,350
2026/4/20 16:53,富家岭节制闸,350
2026/4/20 16:58,富家岭节制闸,350
2026/4/20 17:03,富家岭节制闸,350
2026/4/20 17:09,富家岭节制闸,350
2026/4/20 17:14,富家岭节制闸,350
2026/4/20 17:19,富家岭节制闸,350
2026/4/20 17:24,富家岭节制闸,350
2026/4/20 17:30,富家岭节制闸,350
2026/4/20 17:35,富家岭节制闸,350
2026/4/20 17:40,富家岭节制闸,350
2026/4/20 17:46,富家岭节制闸,350
2026/4/20 17:51,富家岭节制闸,350
2026/4/20 17:57,富家岭节制闸,350
2026/4/20 18:02,富家岭节制闸,350
2026/4/20 18:07,富家岭节制闸,350
2026/4/20 18:13,富家岭节制闸,350
2026/4/20 18:18,富家岭节制闸,350
2026/4/20 18:23,富家岭节制闸,350
2026/4/20 18:29,富家岭节制闸,350
2026/4/20 18:34,富家岭节制闸,350
2026/4/20 18:39,富家岭节制闸,350
2026/4/20 18:44,富家岭节制闸,350
2026/4/20 18:50,富家岭节制闸,350
2026/4/20 18:55,富家岭节制闸,350
2026/4/20 19:00,富家岭节制闸,350
2026/4/20 19:06,富家岭节制闸,350
2026/4/20 19:11,富家岭节制闸,350
2026/4/20 19:16,富家岭节制闸,350
2026/4/20 19:22,富家岭节制闸,350
2026/4/20 19:27,富家岭节制闸,350
2026/4/20 19:32,富家岭节制闸,350
2026/4/20 19:37,富家岭节制闸,350
2026/4/20 19:43,富家岭节制闸,350
2026/4/20 19:48,富家岭节制闸,350
2026/4/20 19:53,富家岭节制闸,350
2026/4/20 19:59,富家岭节制闸,350
2026/4/20 20:04,富家岭节制闸,350
2026/4/20 20:09,富家岭节制闸,350
2026/4/20 20:15,富家岭节制闸,350
2026/4/20 20:20,富家岭节制闸,350
2026/4/20 20:25,富家岭节制闸,350
2026/4/20 20:30,富家岭节制闸,350
2026/4/20 20:35,富家岭节制闸,350
2026/4/20 20:40,富家岭节制闸,350
2026/4/20 20:46,富家岭节制闸,350
2026/4/20 20:51,富家岭节制闸,350
2026/4/20 20:57,富家岭节制闸,350
2026/4/20 21:02,富家岭节制闸,350
2026/4/20 21:07,富家岭节制闸,350
2026/4/20 21:12,富家岭节制闸,350
2026/4/20 21:17,富家岭节制闸,350
2026/4/20 21:23,富家岭节制闸,350
2026/4/20 21:28,富家岭节制闸,350
2026/4/20 21:33,富家岭节制闸,350
2026/4/20 21:39,富家岭节制闸,350
2026/4/20 21:44,富家岭节制闸,350
2026/4/20 21:49,富家岭节制闸,350
2026/4/20 21:55,富家岭节制闸,350
2026/4/20 22:00,富家岭节制闸,350
2026/4/20 22:05,富家岭节制闸,350
2026/4/20 22:10,富家岭节制闸,350
2026/4/20 22:16,富家岭节制闸,350
2026/4/20 22:21,富家岭节制闸,350
2026/4/20 22:26,富家岭节制闸,350
2026/4/20 22:32,富家岭节制闸,350
2026/4/20 22:37,富家岭节制闸,350
2026/4/20 22:42,富家岭节制闸,350
2026/4/20 22:47,富家岭节制闸,350
2026/4/20 22:52,富家岭节制闸,350
2026/4/20 22:58,富家岭节制闸,350
2026/4/20 23:02,富家岭节制闸,350
2026/4/20 23:08,富家岭节制闸,350
2026/4/20 23:14,富家岭节制闸,350
2026/4/20 23:19,富家岭节制闸,350
2026/4/20 23:25,富家岭节制闸,350
2026/4/20 23:30,富家岭节制闸,350
2026/4/20 23:35,富家岭节制闸,350
2026/4/20 23:41,富家岭节制闸,350
2026/4/20 23:46,富家岭节制闸,350
2026/4/20 23:51,富家岭节制闸,350
2026/4/20 23:57,富家岭节制闸,350
2026/4/21 0:02,富家岭节制闸,350
2026/4/21 0:07,富家岭节制闸,350
2026/4/21 0:13,富家岭节制闸,350
2026/4/21 0:18,富家岭节制闸,350
2026/4/21 0:23,富家岭节制闸,350
2026/4/21 0:29,富家岭节制闸,350
2026/4/21 0:34,富家岭节制闸,350
2026/4/21 0:39,富家岭节制闸,350
2026/4/21 0:45,富家岭节制闸,350
2026/4/21 0:50,富家岭节制闸,350
2026/4/21 0:56,富家岭节制闸,350
2026/4/21 1:01,富家岭节制闸,350
2026/4/21 1:06,富家岭节制闸,350
2026/4/21 1:11,富家岭节制闸,350
2026/4/21 1:17,富家岭节制闸,350
2026/4/21 1:22,富家岭节制闸,350
2026/4/21 1:28,富家岭节制闸,350
2026/4/21 1:33,富家岭节制闸,350
2026/4/21 1:38,富家岭节制闸,350
2026/4/21 1:44,富家岭节制闸,350
2026/4/21 1:49,富家岭节制闸,350
2026/4/21 1:55,富家岭节制闸,350
2026/4/21 2:00,富家岭节制闸,350
2026/4/21 2:05,富家岭节制闸,350
2026/4/21 2:10,富家岭节制闸,350
2026/4/21 2:16,富家岭节制闸,350
2026/4/21 2:21,富家岭节制闸,350
2026/4/21 2:27,富家岭节制闸,350
2026/4/21 2:32,富家岭节制闸,350
2026/4/21 2:37,富家岭节制闸,350
2026/4/21 2:43,富家岭节制闸,350
2026/4/21 2:48,富家岭节制闸,350
2026/4/21 2:53,富家岭节制闸,350
2026/4/21 2:59,富家岭节制闸,350
2026/4/21 3:04,富家岭节制闸,350
2026/4/21 3:09,富家岭节制闸,350
2026/4/21 3:15,富家岭节制闸,350
2026/4/21 3:20,富家岭节制闸,350
2026/4/21 3:26,富家岭节制闸,350
2026/4/21 3:31,富家岭节制闸,350
2026/4/21 3:36,富家岭节制闸,350
2026/4/21 3:42,富家岭节制闸,350
2026/4/21 3:47,富家岭节制闸,350
2026/4/21 3:52,富家岭节制闸,350
2026/4/21 3:58,富家岭节制闸,350
2026/4/21 4:03,富家岭节制闸,350
2026/4/21 4:08,富家岭节制闸,350
2026/4/21 4:14,富家岭节制闸,350
2026/4/21 4:19,富家岭节制闸,350
2026/4/21 4:24,富家岭节制闸,350
2026/4/21 4:30,富家岭节制闸,350
2026/4/21 4:35,富家岭节制闸,350
2026/4/21 4:41,富家岭节制闸,350
2026/4/21 4:46,富家岭节制闸,350
2026/4/21 4:51,富家岭节制闸,350
2026/4/21 4:57,富家岭节制闸,350
2026/4/21 5:02,富家岭节制闸,350
2026/4/21 5:07,富家岭节制闸,350
2026/4/21 5:13,富家岭节制闸,350
2026/4/21 5:18,富家岭节制闸,350
2026/4/21 5:23,富家岭节制闸,350
2026/4/21 5:29,富家岭节制闸,350
2026/4/21 5:34,富家岭节制闸,350
2026/4/21 5:39,富家岭节制闸,350
2026/4/21 5:44,富家岭节制闸,350
2026/4/21 5:50,富家岭节制闸,350
2026/4/21 5:55,富家岭节制闸,350
2026/4/21 6:01,富家岭节制闸,350
2026/4/21 6:06,富家岭节制闸,350
2026/4/21 6:11,富家岭节制闸,350
2026/4/21 6:17,富家岭节制闸,350
2026/4/21 6:22,富家岭节制闸,350
2026/4/21 6:28,富家岭节制闸,350
2026/4/21 6:33,富家岭节制闸,350
2026/4/21 6:38,富家岭节制闸,350
2026/4/21 6:44,富家岭节制闸,350
2026/4/21 6:49,富家岭节制闸,350
2026/4/21 6:55,富家岭节制闸,350
2026/4/21 7:00,富家岭节制闸,350
2026/4/21 7:05,富家岭节制闸,350
2026/4/21 7:11,富家岭节制闸,350
2026/4/21 7:16,富家岭节制闸,350
2026/4/21 7:21,富家岭节制闸,350
2026/4/21 7:26,富家岭节制闸,350
2026/4/21 7:32,富家岭节制闸,350
2026/4/21 7:37,富家岭节制闸,350
2026/4/21 7:42,富家岭节制闸,350
2026/4/21 7:47,富家岭节制闸,350
2026/4/21 7:53,富家岭节制闸,350
2026/4/21 7:58,富家岭节制闸,350
2026/4/21 8:04,富家岭节制闸,350
2026/4/21 8:09,富家岭节制闸,350
2026/4/21 8:14,富家岭节制闸,290
2026/4/21 8:20,富家岭节制闸,290
2026/4/21 8:25,富家岭节制闸,290
2026/4/21 8:30,富家岭节制闸,290
2026/4/21 8:36,富家岭节制闸,290
2026/4/21 8:41,富家岭节制闸,290
2026/4/21 8:46,富家岭节制闸,290
2026/4/21 8:52,富家岭节制闸,290
2026/4/21 8:57,富家岭节制闸,290
2026/4/21 9:02,富家岭节制闸,290
2026/4/21 9:08,富家岭节制闸,290
2026/4/21 9:13,富家岭节制闸,290
2026/4/21 9:19,富家岭节制闸,290
2026/4/21 9:24,富家岭节制闸,290
2026/4/21 9:29,富家岭节制闸,290
2026/4/21 9:34,富家岭节制闸,290
2026/4/21 9:40,富家岭节制闸,290
2026/4/21 9:45,富家岭节制闸,290
2026/4/21 9:50,富家岭节制闸,290
2026/4/21 9:56,富家岭节制闸,290
2026/4/21 10:01,富家岭节制闸,290
2026/4/21 10:07,富家岭节制闸,290
2026/4/21 10:12,富家岭节制闸,290
2026/4/21 10:17,富家岭节制闸,290
2026/4/21 10:23,富家岭节制闸,290
2026/4/21 10:28,富家岭节制闸,290
2026/4/21 10:33,富家岭节制闸,290
2026/4/21 10:38,富家岭节制闸,290
2026/4/21 10:44,富家岭节制闸,290
2026/4/21 10:49,富家岭节制闸,290
2026/4/21 10:55,富家岭节制闸,290
2026/4/21 11:00,富家岭节制闸,290
2026/4/21 11:05,富家岭节制闸,290
2026/4/21 11:10,富家岭节制闸,290
2026/4/21 11:15,富家岭节制闸,290
2026/4/21 11:20,富家岭节制闸,290
2026/4/21 11:26,富家岭节制闸,290
2026/4/21 11:31,富家岭节制闸,290
2026/4/21 11:36,富家岭节制闸,290
2026/4/21 11:41,富家岭节制闸,290
2026/4/21 11:46,富家岭节制闸,290
2026/4/21 11:52,富家岭节制闸,290
2026/4/21 11:57,富家岭节制闸,290
2026/4/21 12:03,富家岭节制闸,290
2026/4/21 12:08,富家岭节制闸,290
2026/4/21 12:14,富家岭节制闸,290
2026/4/21 12:19,富家岭节制闸,290
2026/4/21 12:24,富家岭节制闸,290
2026/4/21 12:29,富家岭节制闸,290
2026/4/21 12:35,富家岭节制闸,290
2026/4/21 12:40,富家岭节制闸,290
2026/4/21 12:46,富家岭节制闸,290
2026/4/21 12:51,富家岭节制闸,290
2026/4/21 12:57,富家岭节制闸,290
2026/4/21 13:02,富家岭节制闸,290
2026/4/21 13:07,富家岭节制闸,290
2026/4/21 13:12,富家岭节制闸,290
2026/4/21 13:17,富家岭节制闸,290
2026/4/21 13:22,富家岭节制闸,290
2026/4/21 13:28,富家岭节制闸,290
2026/4/21 13:33,富家岭节制闸,290
2026/4/21 13:39,富家岭节制闸,290
2026/4/21 13:44,富家岭节制闸,290
2026/4/21 13:50,富家岭节制闸,290
2026/4/21 13:55,富家岭节制闸,0
2026/4/21 14:00,富家岭节制闸,0
2026/4/21 14:06,富家岭节制闸,0
2026/4/21 14:11,富家岭节制闸,0
2026/4/21 14:17,富家岭节制闸,0
2026/4/21 14:22,富家岭节制闸,0
2026/4/21 14:27,富家岭节制闸,0
2026/4/21 14:32,富家岭节制闸,0
2026/4/21 14:38,富家岭节制闸,0
2026/4/21 14:43,富家岭节制闸,0
2026/4/21 14:48,富家岭节制闸,0
2026/4/21 14:53,富家岭节制闸,0
2026/4/21 14:59,富家岭节制闸,0
2026/4/21 15:04,富家岭节制闸,0
2026/4/21 15:09,富家岭节制闸,0
2026/4/21 15:14,富家岭节制闸,0
2026/4/21 15:19,富家岭节制闸,0
2026/4/21 15:25,富家岭节制闸,0
2026/4/21 15:30,富家岭节制闸,0
2026/4/21 15:35,富家岭节制闸,0
2026/4/21 15:40,富家岭节制闸,0
2026/4/21 15:45,富家岭节制闸,0
2026/4/21 15:51,富家岭节制闸,0
2026/4/21 15:56,富家岭节制闸,0
2026/4/21 16:01,富家岭节制闸,0
2026/4/21 16:06,富家岭节制闸,0
2026/4/21 16:11,富家岭节制闸,0
2026/4/21 16:16,富家岭节制闸,0
2026/4/21 16:22,富家岭节制闸,0
2026/4/21 16:27,富家岭节制闸,0
2026/4/21 16:32,富家岭节制闸,0
2026/4/21 16:37,富家岭节制闸,0
2026/4/21 16:42,富家岭节制闸,0
2026/4/21 16:48,富家岭节制闸,0
2026/4/21 16:53,富家岭节制闸,0
2026/4/21 16:58,富家岭节制闸,0
2026/4/21 17:03,富家岭节制闸,0
2026/4/21 17:09,富家岭节制闸,0
2026/4/21 17:14,富家岭节制闸,0
2026/4/21 17:19,富家岭节制闸,0
2026/4/21 17:25,富家岭节制闸,0
2026/4/14 0:02,老庄节制闸,251
2026/4/14 0:07,老庄节制闸,251
2026/4/14 0:13,老庄节制闸,251
2026/4/14 0:18,老庄节制闸,251
2026/4/14 0:23,老庄节制闸,251
2026/4/14 0:29,老庄节制闸,251
2026/4/14 0:34,老庄节制闸,251
2026/4/14 0:40,老庄节制闸,251
2026/4/14 0:45,老庄节制闸,251
2026/4/14 0:51,老庄节制闸,251
2026/4/14 0:56,老庄节制闸,251
2026/4/14 1:02,老庄节制闸,251
2026/4/14 1:07,老庄节制闸,201
2026/4/14 1:13,老庄节制闸,201
2026/4/14 1:18,老庄节制闸,201
2026/4/14 1:24,老庄节制闸,201
2026/4/14 1:29,老庄节制闸,201
2026/4/14 1:35,老庄节制闸,201
2026/4/14 1:40,老庄节制闸,201
2026/4/14 1:46,老庄节制闸,201
2026/4/14 1:51,老庄节制闸,201
2026/4/14 1:57,老庄节制闸,201
2026/4/14 2:02,老庄节制闸,201
2026/4/14 2:07,老庄节制闸,201
2026/4/14 2:12,老庄节制闸,201
2026/4/14 2:18,老庄节制闸,201
2026/4/14 2:23,老庄节制闸,201
2026/4/14 2:29,老庄节制闸,201
2026/4/14 2:34,老庄节制闸,201
2026/4/14 2:39,老庄节制闸,201
2026/4/14 2:44,老庄节制闸,201
2026/4/14 2:50,老庄节制闸,201
2026/4/14 2:55,老庄节制闸,201
2026/4/14 3:01,老庄节制闸,201
2026/4/14 3:06,老庄节制闸,201
2026/4/14 3:11,老庄节制闸,201
2026/4/14 3:17,老庄节制闸,201
2026/4/14 3:22,老庄节制闸,201
2026/4/14 3:27,老庄节制闸,201
2026/4/14 3:33,老庄节制闸,201
2026/4/14 3:38,老庄节制闸,201
2026/4/14 3:44,老庄节制闸,201
2026/4/14 3:49,老庄节制闸,201
2026/4/14 3:54,老庄节制闸,201
2026/4/14 3:59,老庄节制闸,201
2026/4/14 4:05,老庄节制闸,201
2026/4/14 4:10,老庄节制闸,201
2026/4/14 4:15,老庄节制闸,201
2026/4/14 4:20,老庄节制闸,201
2026/4/14 4:26,老庄节制闸,201
2026/4/14 4:31,老庄节制闸,201
2026/4/14 4:37,老庄节制闸,201
2026/4/14 4:42,老庄节制闸,201
2026/4/14 4:48,老庄节制闸,201
2026/4/14 4:53,老庄节制闸,201
2026/4/14 4:59,老庄节制闸,201
2026/4/14 5:04,老庄节制闸,201
2026/4/14 5:09,老庄节制闸,201
2026/4/14 5:14,老庄节制闸,201
2026/4/14 5:19,老庄节制闸,201
2026/4/14 5:25,老庄节制闸,201
2026/4/14 5:30,老庄节制闸,201
2026/4/14 5:35,老庄节制闸,201
2026/4/14 5:40,老庄节制闸,201
2026/4/14 5:46,老庄节制闸,201
2026/4/14 5:51,老庄节制闸,201
2026/4/14 5:56,老庄节制闸,201
2026/4/14 6:02,老庄节制闸,201
2026/4/14 6:07,老庄节制闸,201
2026/4/14 6:13,老庄节制闸,201
2026/4/14 6:18,老庄节制闸,201
2026/4/14 6:24,老庄节制闸,201
2026/4/14 6:29,老庄节制闸,201
2026/4/14 6:34,老庄节制闸,201
2026/4/14 6:40,老庄节制闸,201
2026/4/14 6:45,老庄节制闸,201
2026/4/14 6:50,老庄节制闸,201
2026/4/14 6:56,老庄节制闸,201
2026/4/14 7:01,老庄节制闸,201
2026/4/14 7:06,老庄节制闸,201
2026/4/14 7:11,老庄节制闸,201
2026/4/14 7:17,老庄节制闸,201
2026/4/14 7:22,老庄节制闸,201
2026/4/14 7:27,老庄节制闸,201
2026/4/14 7:33,老庄节制闸,201
2026/4/14 7:38,老庄节制闸,201
2026/4/14 7:43,老庄节制闸,201
2026/4/14 7:48,老庄节制闸,201
2026/4/14 7:53,老庄节制闸,201
2026/4/14 7:59,老庄节制闸,201
2026/4/14 8:04,老庄节制闸,201
2026/4/14 8:09,老庄节制闸,201
2026/4/14 8:15,老庄节制闸,201
2026/4/14 8:20,老庄节制闸,201
2026/4/14 8:26,老庄节制闸,201
2026/4/14 8:31,老庄节制闸,201
2026/4/14 8:37,老庄节制闸,201
2026/4/14 8:42,老庄节制闸,201
2026/4/14 8:48,老庄节制闸,201
2026/4/14 8:53,老庄节制闸,201
2026/4/14 8:58,老庄节制闸,201
2026/4/14 9:03,老庄节制闸,201
2026/4/14 9:09,老庄节制闸,201
2026/4/14 9:14,老庄节制闸,201
2026/4/14 9:20,老庄节制闸,201
2026/4/14 9:25,老庄节制闸,201
2026/4/14 9:31,老庄节制闸,201
2026/4/14 9:36,老庄节制闸,201
2026/4/14 9:41,老庄节制闸,301
2026/4/14 9:47,老庄节制闸,301
2026/4/14 9:52,老庄节制闸,301
2026/4/14 9:58,老庄节制闸,301
2026/4/14 10:03,老庄节制闸,301
2026/4/14 10:08,老庄节制闸,301
2026/4/14 10:14,老庄节制闸,301
2026/4/14 10:19,老庄节制闸,301
2026/4/14 10:24,老庄节制闸,301
2026/4/14 10:30,老庄节制闸,301
2026/4/14 10:35,老庄节制闸,301
2026/4/14 10:41,老庄节制闸,301
2026/4/14 10:46,老庄节制闸,301
2026/4/14 10:52,老庄节制闸,301
2026/4/14 10:57,老庄节制闸,301
2026/4/14 11:02,老庄节制闸,301
2026/4/14 11:08,老庄节制闸,301
2026/4/14 11:13,老庄节制闸,301
2026/4/14 11:18,老庄节制闸,301
2026/4/14 11:23,老庄节制闸,301
2026/4/14 11:29,老庄节制闸,301
2026/4/14 11:34,老庄节制闸,301
2026/4/14 11:39,老庄节制闸,301
2026/4/14 11:44,老庄节制闸,301
2026/4/14 11:49,老庄节制闸,301
2026/4/14 11:54,老庄节制闸,301
2026/4/14 12:00,老庄节制闸,301
2026/4/14 12:05,老庄节制闸,301
2026/4/14 12:11,老庄节制闸,301
2026/4/14 12:16,老庄节制闸,301
2026/4/14 12:21,老庄节制闸,301
2026/4/14 12:27,老庄节制闸,301
2026/4/14 12:32,老庄节制闸,301
2026/4/14 12:37,老庄节制闸,301
2026/4/14 12:43,老庄节制闸,301
2026/4/14 12:48,老庄节制闸,301
2026/4/14 12:53,老庄节制闸,301
2026/4/14 12:58,老庄节制闸,301
2026/4/14 13:03,老庄节制闸,301
2026/4/14 13:09,老庄节制闸,301
2026/4/14 13:14,老庄节制闸,301
2026/4/14 13:19,老庄节制闸,301
2026/4/14 13:25,老庄节制闸,301
2026/4/14 13:30,老庄节制闸,301
2026/4/14 13:35,老庄节制闸,301
2026/4/14 13:40,老庄节制闸,301
2026/4/14 13:45,老庄节制闸,301
2026/4/14 13:51,老庄节制闸,201
2026/4/14 13:56,老庄节制闸,201
2026/4/14 14:01,老庄节制闸,201
2026/4/14 14:07,老庄节制闸,201
2026/4/14 14:12,老庄节制闸,201
2026/4/14 14:18,老庄节制闸,201
2026/4/14 14:23,老庄节制闸,201
2026/4/14 14:28,老庄节制闸,201
2026/4/14 14:34,老庄节制闸,201
2026/4/14 14:39,老庄节制闸,201
2026/4/14 14:45,老庄节制闸,201
2026/4/14 14:50,老庄节制闸,201
2026/4/14 14:55,老庄节制闸,201
2026/4/14 15:00,老庄节制闸,201
2026/4/14 15:05,老庄节制闸,201
2026/4/14 15:11,老庄节制闸,201
2026/4/14 15:16,老庄节制闸,201
2026/4/14 15:22,老庄节制闸,201
2026/4/14 15:27,老庄节制闸,201
2026/4/14 15:32,老庄节制闸,201
2026/4/14 15:38,老庄节制闸,201
2026/4/14 15:43,老庄节制闸,201
2026/4/14 15:49,老庄节制闸,201
2026/4/14 15:54,老庄节制闸,201
2026/4/14 15:59,老庄节制闸,201
2026/4/14 16:05,老庄节制闸,201
2026/4/14 16:10,老庄节制闸,201
2026/4/14 16:15,老庄节制闸,201
2026/4/14 16:21,老庄节制闸,201
2026/4/14 16:26,老庄节制闸,201
2026/4/14 16:31,老庄节制闸,201
2026/4/14 16:54,老庄节制闸,201
2026/4/14 16:59,老庄节制闸,201
2026/4/14 17:05,老庄节制闸,201
2026/4/14 17:10,老庄节制闸,201
2026/4/14 17:15,老庄节制闸,201
2026/4/14 17:21,老庄节制闸,201
2026/4/14 17:26,老庄节制闸,201
2026/4/14 17:31,老庄节制闸,201
2026/4/14 17:37,老庄节制闸,201
2026/4/14 17:42,老庄节制闸,201
2026/4/14 17:48,老庄节制闸,201
2026/4/14 17:53,老庄节制闸,201
2026/4/14 17:58,老庄节制闸,201
2026/4/14 18:04,老庄节制闸,201
2026/4/14 18:09,老庄节制闸,201
2026/4/14 18:15,老庄节制闸,201
2026/4/14 18:20,老庄节制闸,201
2026/4/14 18:26,老庄节制闸,201
2026/4/14 18:31,老庄节制闸,201
2026/4/14 18:36,老庄节制闸,201
2026/4/14 18:41,老庄节制闸,201
2026/4/14 18:47,老庄节制闸,201
2026/4/14 18:52,老庄节制闸,201
2026/4/14 18:58,老庄节制闸,201
2026/4/14 19:03,老庄节制闸,201
2026/4/14 19:08,老庄节制闸,201
2026/4/14 19:14,老庄节制闸,201
2026/4/14 19:19,老庄节制闸,201
2026/4/14 19:24,老庄节制闸,201
2026/4/14 19:29,老庄节制闸,201
2026/4/14 19:34,老庄节制闸,201
2026/4/14 19:40,老庄节制闸,201
2026/4/14 19:45,老庄节制闸,201
2026/4/14 19:50,老庄节制闸,201
2026/4/14 19:55,老庄节制闸,201
2026/4/14 20:00,老庄节制闸,201
2026/4/14 20:06,老庄节制闸,201
2026/4/14 20:11,老庄节制闸,201
2026/4/14 20:16,老庄节制闸,201
2026/4/14 20:21,老庄节制闸,201
2026/4/14 20:27,老庄节制闸,201
2026/4/14 20:32,老庄节制闸,201
2026/4/14 20:37,老庄节制闸,201
2026/4/14 20:42,老庄节制闸,201
2026/4/14 20:48,老庄节制闸,201
2026/4/14 20:53,老庄节制闸,201
2026/4/14 20:59,老庄节制闸,201
2026/4/14 21:04,老庄节制闸,201
2026/4/14 21:09,老庄节制闸,201
2026/4/14 21:14,老庄节制闸,201
2026/4/14 21:20,老庄节制闸,201
2026/4/14 21:25,老庄节制闸,201
2026/4/14 21:30,老庄节制闸,201
2026/4/14 21:35,老庄节制闸,201
2026/4/14 21:41,老庄节制闸,201
2026/4/14 21:46,老庄节制闸,201
2026/4/14 21:51,老庄节制闸,201
2026/4/14 21:57,老庄节制闸,201
2026/4/14 22:02,老庄节制闸,201
2026/4/14 22:07,老庄节制闸,201
2026/4/14 22:13,老庄节制闸,201
2026/4/14 22:18,老庄节制闸,201
2026/4/14 22:24,老庄节制闸,201
2026/4/14 22:29,老庄节制闸,201
2026/4/14 22:35,老庄节制闸,201
2026/4/14 22:40,老庄节制闸,201
2026/4/14 22:45,老庄节制闸,201
2026/4/14 22:50,老庄节制闸,201
2026/4/14 22:55,老庄节制闸,201
2026/4/14 23:00,老庄节制闸,201
2026/4/14 23:04,老庄节制闸,201
2026/4/14 23:11,老庄节制闸,201
2026/4/14 23:16,老庄节制闸,201
2026/4/14 23:22,老庄节制闸,201
2026/4/14 23:27,老庄节制闸,201
2026/4/14 23:32,老庄节制闸,201
2026/4/14 23:38,老庄节制闸,201
2026/4/14 23:43,老庄节制闸,201
2026/4/14 23:49,老庄节制闸,201
2026/4/14 23:54,老庄节制闸,201
2026/4/14 23:59,老庄节制闸,201
2026/4/15 0:05,老庄节制闸,201
2026/4/15 0:10,老庄节制闸,201
2026/4/15 0:15,老庄节制闸,201
2026/4/15 0:21,老庄节制闸,201
2026/4/15 0:26,老庄节制闸,201
2026/4/15 0:31,老庄节制闸,201
2026/4/15 0:36,老庄节制闸,201
2026/4/15 0:41,老庄节制闸,201
2026/4/15 0:46,老庄节制闸,201
2026/4/15 0:51,老庄节制闸,201
2026/4/15 0:57,老庄节制闸,201
2026/4/15 1:02,老庄节制闸,201
2026/4/15 1:07,老庄节制闸,201
2026/4/15 1:12,老庄节制闸,201
2026/4/15 1:18,老庄节制闸,201
2026/4/15 1:23,老庄节制闸,201
2026/4/15 1:28,老庄节制闸,201
2026/4/15 1:33,老庄节制闸,201
2026/4/15 1:38,老庄节制闸,201
2026/4/15 1:44,老庄节制闸,201
2026/4/15 1:49,老庄节制闸,201
2026/4/15 1:54,老庄节制闸,201
2026/4/15 1:59,老庄节制闸,201
2026/4/15 2:04,老庄节制闸,201
2026/4/15 2:10,老庄节制闸,201
2026/4/15 2:15,老庄节制闸,201
2026/4/15 2:21,老庄节制闸,201
2026/4/15 2:26,老庄节制闸,201
2026/4/15 2:31,老庄节制闸,201
2026/4/15 2:37,老庄节制闸,151
2026/4/15 2:42,老庄节制闸,151
2026/4/15 2:48,老庄节制闸,151
2026/4/15 2:53,老庄节制闸,151
2026/4/15 2:58,老庄节制闸,151
2026/4/15 3:03,老庄节制闸,151
2026/4/15 3:08,老庄节制闸,151
2026/4/15 3:14,老庄节制闸,151
2026/4/15 3:19,老庄节制闸,151
2026/4/15 3:24,老庄节制闸,151
2026/4/15 3:29,老庄节制闸,151
2026/4/15 3:35,老庄节制闸,151
2026/4/15 3:40,老庄节制闸,151
2026/4/15 3:46,老庄节制闸,151
2026/4/15 3:51,老庄节制闸,151
2026/4/15 3:57,老庄节制闸,151
2026/4/15 4:02,老庄节制闸,151
2026/4/15 4:07,老庄节制闸,151
2026/4/15 4:13,老庄节制闸,151
2026/4/15 4:18,老庄节制闸,151
2026/4/15 4:23,老庄节制闸,151
2026/4/15 4:28,老庄节制闸,151
2026/4/15 4:33,老庄节制闸,151
2026/4/15 4:39,老庄节制闸,151
2026/4/15 4:44,老庄节制闸,151
2026/4/15 4:49,老庄节制闸,151
2026/4/15 4:55,老庄节制闸,151
2026/4/15 5:00,老庄节制闸,151
2026/4/15 5:06,老庄节制闸,151
2026/4/15 5:11,老庄节制闸,151
2026/4/15 5:17,老庄节制闸,151
2026/4/15 5:22,老庄节制闸,151
2026/4/15 5:28,老庄节制闸,151
2026/4/15 5:33,老庄节制闸,151
2026/4/15 5:38,老庄节制闸,151
2026/4/15 5:44,老庄节制闸,151
2026/4/15 5:49,老庄节制闸,151
2026/4/15 5:55,老庄节制闸,151
2026/4/15 6:00,老庄节制闸,151
2026/4/15 6:06,老庄节制闸,151
2026/4/15 6:11,老庄节制闸,151
2026/4/15 6:16,老庄节制闸,151
2026/4/15 6:21,老庄节制闸,151
2026/4/15 6:27,老庄节制闸,151
2026/4/15 6:32,老庄节制闸,151
2026/4/15 6:37,老庄节制闸,151
2026/4/15 6:43,老庄节制闸,151
2026/4/15 6:48,老庄节制闸,151
2026/4/15 6:53,老庄节制闸,151
2026/4/15 6:59,老庄节制闸,151
2026/4/15 7:04,老庄节制闸,151
2026/4/15 7:09,老庄节制闸,151
2026/4/15 7:14,老庄节制闸,151
2026/4/15 7:20,老庄节制闸,151
2026/4/15 7:25,老庄节制闸,151
2026/4/15 7:30,老庄节制闸,151
2026/4/15 7:35,老庄节制闸,151
2026/4/15 7:41,老庄节制闸,151
2026/4/15 7:46,老庄节制闸,181
2026/4/15 7:51,老庄节制闸,181
2026/4/15 7:56,老庄节制闸,181
2026/4/15 8:01,老庄节制闸,181
2026/4/15 8:07,老庄节制闸,181
2026/4/15 8:12,老庄节制闸,201
2026/4/15 8:17,老庄节制闸,201
2026/4/15 8:23,老庄节制闸,201
2026/4/15 8:28,老庄节制闸,201
2026/4/15 8:33,老庄节制闸,201
2026/4/15 8:39,老庄节制闸,201
2026/4/15 8:44,老庄节制闸,201
2026/4/15 8:49,老庄节制闸,201
2026/4/15 8:54,老庄节制闸,201
2026/4/15 8:59,老庄节制闸,201
2026/4/15 9:04,老庄节制闸,201
2026/4/15 9:10,老庄节制闸,201
2026/4/15 9:15,老庄节制闸,201
2026/4/15 9:20,老庄节制闸,201
2026/4/15 9:26,老庄节制闸,201
2026/4/15 9:31,老庄节制闸,201
2026/4/15 9:37,老庄节制闸,201
2026/4/15 9:42,老庄节制闸,201
2026/4/15 9:47,老庄节制闸,201
2026/4/15 9:52,老庄节制闸,171
2026/4/15 9:57,老庄节制闸,171
2026/4/15 10:03,老庄节制闸,171
2026/4/15 10:08,老庄节制闸,171
2026/4/15 10:13,老庄节制闸,171
2026/4/15 10:18,老庄节制闸,171
2026/4/15 10:23,老庄节制闸,171
2026/4/15 10:29,老庄节制闸,171
2026/4/15 10:34,老庄节制闸,171
2026/4/15 10:40,老庄节制闸,171
2026/4/15 10:45,老庄节制闸,171
2026/4/15 10:51,老庄节制闸,171
2026/4/15 10:56,老庄节制闸,171
2026/4/15 11:01,老庄节制闸,171
2026/4/15 11:06,老庄节制闸,171
2026/4/15 11:11,老庄节制闸,171
2026/4/15 11:17,老庄节制闸,171
2026/4/15 11:22,老庄节制闸,171
2026/4/15 11:27,老庄节制闸,171
2026/4/15 11:33,老庄节制闸,171
2026/4/15 11:38,老庄节制闸,171
2026/4/15 11:43,老庄节制闸,171
2026/4/15 11:49,老庄节制闸,171
2026/4/15 11:54,老庄节制闸,171
2026/4/15 12:00,老庄节制闸,171
2026/4/15 12:05,老庄节制闸,171
2026/4/15 12:10,老庄节制闸,171
2026/4/15 12:16,老庄节制闸,171
2026/4/15 12:21,老庄节制闸,171
2026/4/15 12:27,老庄节制闸,171
2026/4/15 12:32,老庄节制闸,171
2026/4/15 12:38,老庄节制闸,171
2026/4/15 12:43,老庄节制闸,171
2026/4/15 12:48,老庄节制闸,171
2026/4/15 12:54,老庄节制闸,171
2026/4/15 12:59,老庄节制闸,171
2026/4/15 13:04,老庄节制闸,171
2026/4/15 13:10,老庄节制闸,171
2026/4/15 13:15,老庄节制闸,171
2026/4/15 13:20,老庄节制闸,171
2026/4/15 13:26,老庄节制闸,171
2026/4/15 13:31,老庄节制闸,171
2026/4/15 13:37,老庄节制闸,171
2026/4/15 13:42,老庄节制闸,171
2026/4/15 13:47,老庄节制闸,171
2026/4/15 13:52,老庄节制闸,171
2026/4/15 13:58,老庄节制闸,171
2026/4/15 14:03,老庄节制闸,171
2026/4/15 14:08,老庄节制闸,171
2026/4/15 14:13,老庄节制闸,171
2026/4/15 14:19,老庄节制闸,171
2026/4/15 14:24,老庄节制闸,171
2026/4/15 14:30,老庄节制闸,171
2026/4/15 14:35,老庄节制闸,171
2026/4/15 14:40,老庄节制闸,171
2026/4/15 14:45,老庄节制闸,171
2026/4/15 14:50,老庄节制闸,171
2026/4/15 14:56,老庄节制闸,171
2026/4/15 15:01,老庄节制闸,171
2026/4/15 15:06,老庄节制闸,171
2026/4/15 15:12,老庄节制闸,171
2026/4/15 15:17,老庄节制闸,171
2026/4/15 15:22,老庄节制闸,171
2026/4/15 15:27,老庄节制闸,171
2026/4/15 15:33,老庄节制闸,171
2026/4/15 15:38,老庄节制闸,171
2026/4/15 15:44,老庄节制闸,171
2026/4/15 15:49,老庄节制闸,171
2026/4/15 15:54,老庄节制闸,171
2026/4/15 16:00,老庄节制闸,171
2026/4/15 16:05,老庄节制闸,171
2026/4/15 16:10,老庄节制闸,171
2026/4/15 16:16,老庄节制闸,171
2026/4/15 16:21,老庄节制闸,171
2026/4/15 16:26,老庄节制闸,171
2026/4/15 16:31,老庄节制闸,171
2026/4/15 16:37,老庄节制闸,171
2026/4/15 16:42,老庄节制闸,171
2026/4/15 16:47,老庄节制闸,171
2026/4/15 16:52,老庄节制闸,171
2026/4/15 16:58,老庄节制闸,171
2026/4/15 17:03,老庄节制闸,171
2026/4/15 17:08,老庄节制闸,171
2026/4/15 17:13,老庄节制闸,171
2026/4/15 17:19,老庄节制闸,171
2026/4/15 17:24,老庄节制闸,171
2026/4/15 17:30,老庄节制闸,171
2026/4/15 17:35,老庄节制闸,171
2026/4/15 17:40,老庄节制闸,171
2026/4/15 17:45,老庄节制闸,171
2026/4/15 17:51,老庄节制闸,171
2026/4/15 17:56,老庄节制闸,171
2026/4/15 18:02,老庄节制闸,171
2026/4/15 18:07,老庄节制闸,171
2026/4/15 18:13,老庄节制闸,171
2026/4/15 18:18,老庄节制闸,171
2026/4/15 18:24,老庄节制闸,171
2026/4/15 18:29,老庄节制闸,171
2026/4/15 18:35,老庄节制闸,171
2026/4/15 18:40,老庄节制闸,171
2026/4/15 18:46,老庄节制闸,171
2026/4/15 18:51,老庄节制闸,171
2026/4/15 18:56,老庄节制闸,171
2026/4/15 19:01,老庄节制闸,171
2026/4/15 19:06,老庄节制闸,171
2026/4/15 19:11,老庄节制闸,171
2026/4/15 19:17,老庄节制闸,171
2026/4/15 19:22,老庄节制闸,171
2026/4/15 19:27,老庄节制闸,171
2026/4/15 19:33,老庄节制闸,171
2026/4/15 19:38,老庄节制闸,171
2026/4/15 19:44,老庄节制闸,171
2026/4/15 19:49,老庄节制闸,171
2026/4/15 19:54,老庄节制闸,171
2026/4/15 19:59,老庄节制闸,171
2026/4/15 20:05,老庄节制闸,171
2026/4/15 20:10,老庄节制闸,171
2026/4/15 20:15,老庄节制闸,171
2026/4/15 20:20,老庄节制闸,171
2026/4/15 20:26,老庄节制闸,171
2026/4/15 20:31,老庄节制闸,151
2026/4/15 20:37,老庄节制闸,151
2026/4/15 20:42,老庄节制闸,151
2026/4/15 20:47,老庄节制闸,151
2026/4/15 20:52,老庄节制闸,151
2026/4/15 20:57,老庄节制闸,151
2026/4/15 21:03,老庄节制闸,151
2026/4/15 21:08,老庄节制闸,151
2026/4/15 21:13,老庄节制闸,151
2026/4/15 21:19,老庄节制闸,151
2026/4/15 21:24,老庄节制闸,151
2026/4/15 21:29,老庄节制闸,151
2026/4/15 21:34,老庄节制闸,151
2026/4/15 21:40,老庄节制闸,151
2026/4/15 21:45,老庄节制闸,151
2026/4/15 21:51,老庄节制闸,151
2026/4/15 21:56,老庄节制闸,151
2026/4/15 22:01,老庄节制闸,151
2026/4/15 22:06,老庄节制闸,151
2026/4/15 22:12,老庄节制闸,151
2026/4/15 22:17,老庄节制闸,151
2026/4/15 22:23,老庄节制闸,151
2026/4/15 22:28,老庄节制闸,151
2026/4/15 22:33,老庄节制闸,151
2026/4/15 22:39,老庄节制闸,151
2026/4/15 22:44,老庄节制闸,151
2026/4/15 22:49,老庄节制闸,151
2026/4/15 22:54,老庄节制闸,151
2026/4/15 23:00,老庄节制闸,151
2026/4/15 23:04,老庄节制闸,151
2026/4/15 23:11,老庄节制闸,151
2026/4/15 23:16,老庄节制闸,151
2026/4/15 23:21,老庄节制闸,151
2026/4/15 23:26,老庄节制闸,151
2026/4/15 23:31,老庄节制闸,151
2026/4/15 23:36,老庄节制闸,151
2026/4/15 23:41,老庄节制闸,151
2026/4/15 23:46,老庄节制闸,151
2026/4/15 23:52,老庄节制闸,151
2026/4/15 23:57,老庄节制闸,151
2026/4/16 0:02,老庄节制闸,151
2026/4/16 0:08,老庄节制闸,151
2026/4/16 0:13,老庄节制闸,151
2026/4/16 0:19,老庄节制闸,151
2026/4/16 0:24,老庄节制闸,151
2026/4/16 0:30,老庄节制闸,151
2026/4/16 0:35,老庄节制闸,151
2026/4/16 0:40,老庄节制闸,151
2026/4/16 0:46,老庄节制闸,151
2026/4/16 0:51,老庄节制闸,151
2026/4/16 0:56,老庄节制闸,151
2026/4/16 1:01,老庄节制闸,151
2026/4/16 1:06,老庄节制闸,151
2026/4/16 1:12,老庄节制闸,201
2026/4/16 1:17,老庄节制闸,201
2026/4/16 1:22,老庄节制闸,201
2026/4/16 1:28,老庄节制闸,201
2026/4/16 1:33,老庄节制闸,201
2026/4/16 1:39,老庄节制闸,201
2026/4/16 1:44,老庄节制闸,201
2026/4/16 1:49,老庄节制闸,201
2026/4/16 1:55,老庄节制闸,201
2026/4/16 2:00,老庄节制闸,201
2026/4/16 2:05,老庄节制闸,201
2026/4/16 2:11,老庄节制闸,201
2026/4/16 2:16,老庄节制闸,201
2026/4/16 2:21,老庄节制闸,201
2026/4/16 2:26,老庄节制闸,201
2026/4/16 2:32,老庄节制闸,201
2026/4/16 2:37,老庄节制闸,201
2026/4/16 2:42,老庄节制闸,201
2026/4/16 2:47,老庄节制闸,201
2026/4/16 2:52,老庄节制闸,201
2026/4/16 2:58,老庄节制闸,201
2026/4/16 3:03,老庄节制闸,201
2026/4/16 3:08,老庄节制闸,201
2026/4/16 3:13,老庄节制闸,201
2026/4/16 3:19,老庄节制闸,201
2026/4/16 3:24,老庄节制闸,201
2026/4/16 3:29,老庄节制闸,201
2026/4/16 3:34,老庄节制闸,201
2026/4/16 3:39,老庄节制闸,201
2026/4/16 3:44,老庄节制闸,201
2026/4/16 3:49,老庄节制闸,201
2026/4/16 3:55,老庄节制闸,201
2026/4/16 4:00,老庄节制闸,201
2026/4/16 4:05,老庄节制闸,201
2026/4/16 4:11,老庄节制闸,201
2026/4/16 4:16,老庄节制闸,201
2026/4/16 4:21,老庄节制闸,201
2026/4/16 4:26,老庄节制闸,201
2026/4/16 4:32,老庄节制闸,201
2026/4/16 4:37,老庄节制闸,201
2026/4/16 4:42,老庄节制闸,201
2026/4/16 4:48,老庄节制闸,201
2026/4/16 4:53,老庄节制闸,201
2026/4/16 4:58,老庄节制闸,201
2026/4/16 5:04,老庄节制闸,201
2026/4/16 5:09,老庄节制闸,201
2026/4/16 5:15,老庄节制闸,201
2026/4/16 5:20,老庄节制闸,201
2026/4/16 5:25,老庄节制闸,201
2026/4/16 5:31,老庄节制闸,201
2026/4/16 5:36,老庄节制闸,201
2026/4/16 5:41,老庄节制闸,201
2026/4/16 5:46,老庄节制闸,201
2026/4/16 5:52,老庄节制闸,201
2026/4/16 5:57,老庄节制闸,201
2026/4/16 6:03,老庄节制闸,201
2026/4/16 6:08,老庄节制闸,201
2026/4/16 6:13,老庄节制闸,201
2026/4/16 6:19,老庄节制闸,201
2026/4/16 6:24,老庄节制闸,201
2026/4/16 6:30,老庄节制闸,201
2026/4/16 6:44,老庄节制闸,201
2026/4/16 6:49,老庄节制闸,201
2026/4/16 6:55,老庄节制闸,151
2026/4/16 8:06,老庄节制闸,151
2026/4/16 8:11,老庄节制闸,151
2026/4/16 8:16,老庄节制闸,151
2026/4/16 8:21,老庄节制闸,151
2026/4/16 8:27,老庄节制闸,151
2026/4/16 8:32,老庄节制闸,151
2026/4/16 8:37,老庄节制闸,151
2026/4/16 8:43,老庄节制闸,151
2026/4/16 8:48,老庄节制闸,151
2026/4/16 8:53,老庄节制闸,151
2026/4/16 8:59,老庄节制闸,151
2026/4/16 9:04,老庄节制闸,151
2026/4/16 9:09,老庄节制闸,151
2026/4/16 9:14,老庄节制闸,151
2026/4/16 9:20,老庄节制闸,151
2026/4/16 9:25,老庄节制闸,151
2026/4/16 9:31,老庄节制闸,151
2026/4/16 9:36,老庄节制闸,151
2026/4/16 9:42,老庄节制闸,151
2026/4/16 9:47,老庄节制闸,151
2026/4/16 9:52,老庄节制闸,151
2026/4/16 9:58,老庄节制闸,151
2026/4/16 10:03,老庄节制闸,151
2026/4/16 10:08,老庄节制闸,151
2026/4/16 10:14,老庄节制闸,151
2026/4/16 10:19,老庄节制闸,151
2026/4/16 10:24,老庄节制闸,121
2026/4/16 10:30,老庄节制闸,121
2026/4/16 10:35,老庄节制闸,121
2026/4/16 10:41,老庄节制闸,121
2026/4/16 10:46,老庄节制闸,121
2026/4/16 10:51,老庄节制闸,121
2026/4/16 10:57,老庄节制闸,121
2026/4/16 11:02,老庄节制闸,121
2026/4/16 11:07,老庄节制闸,121
2026/4/16 11:13,老庄节制闸,121
2026/4/16 11:18,老庄节制闸,121
2026/4/16 11:23,老庄节制闸,121
2026/4/16 11:28,老庄节制闸,121
2026/4/16 11:33,老庄节制闸,121
2026/4/16 11:39,老庄节制闸,121
2026/4/16 11:44,老庄节制闸,121
2026/4/16 11:49,老庄节制闸,121
2026/4/16 11:54,老庄节制闸,121
2026/4/16 11:59,老庄节制闸,121
2026/4/16 12:04,老庄节制闸,121
2026/4/16 12:10,老庄节制闸,91
2026/4/16 12:15,老庄节制闸,91
2026/4/16 12:21,老庄节制闸,91
2026/4/16 12:26,老庄节制闸,91
2026/4/16 12:31,老庄节制闸,91
2026/4/16 12:37,老庄节制闸,91
2026/4/16 12:42,老庄节制闸,91
2026/4/16 12:47,老庄节制闸,91
2026/4/16 12:52,老庄节制闸,91
2026/4/16 12:57,老庄节制闸,91
2026/4/16 13:03,老庄节制闸,91
2026/4/16 13:08,老庄节制闸,91
2026/4/16 13:13,老庄节制闸,91
2026/4/16 13:18,老庄节制闸,91
2026/4/16 13:23,老庄节制闸,91
2026/4/16 13:29,老庄节制闸,91
2026/4/16 13:34,老庄节制闸,91
2026/4/16 13:39,老庄节制闸,91
2026/4/16 13:45,老庄节制闸,91
2026/4/16 13:50,老庄节制闸,91
2026/4/16 13:56,老庄节制闸,91
2026/4/16 14:01,老庄节制闸,91
2026/4/16 14:06,老庄节制闸,91
2026/4/16 14:12,老庄节制闸,91
2026/4/16 14:17,老庄节制闸,91
2026/4/16 14:23,老庄节制闸,91
2026/4/16 14:28,老庄节制闸,91
2026/4/16 14:34,老庄节制闸,91
2026/4/16 14:39,老庄节制闸,91
2026/4/16 14:44,老庄节制闸,91
2026/4/16 14:49,老庄节制闸,91
2026/4/16 14:55,老庄节制闸,61
2026/4/16 15:00,老庄节制闸,61
2026/4/16 15:06,老庄节制闸,61
2026/4/16 15:11,老庄节制闸,61
2026/4/16 15:17,老庄节制闸,61
2026/4/16 15:22,老庄节制闸,61
2026/4/16 15:28,老庄节制闸,61
2026/4/16 15:33,老庄节制闸,61
2026/4/16 15:38,老庄节制闸,61
2026/4/16 15:43,老庄节制闸,61
2026/4/16 15:49,老庄节制闸,61
2026/4/16 15:54,老庄节制闸,61
2026/4/16 16:00,老庄节制闸,61
2026/4/16 16:05,老庄节制闸,61
2026/4/16 16:11,老庄节制闸,61
2026/4/16 16:16,老庄节制闸,61
2026/4/16 16:21,老庄节制闸,401
2026/4/16 16:27,老庄节制闸,401
2026/4/16 16:32,老庄节制闸,401
2026/4/16 16:37,老庄节制闸,401
2026/4/16 16:43,老庄节制闸,401
2026/4/16 16:48,老庄节制闸,401
2026/4/16 16:53,老庄节制闸,401
2026/4/16 16:59,老庄节制闸,401
2026/4/16 17:04,老庄节制闸,401
2026/4/16 17:09,老庄节制闸,401
2026/4/16 17:14,老庄节制闸,401
2026/4/16 17:20,老庄节制闸,401
2026/4/16 17:25,老庄节制闸,401
2026/4/16 17:31,老庄节制闸,401
2026/4/16 17:36,老庄节制闸,401
2026/4/16 17:41,老庄节制闸,51
2026/4/16 17:47,老庄节制闸,51
2026/4/16 17:52,老庄节制闸,51
2026/4/16 17:57,老庄节制闸,101
2026/4/16 18:02,老庄节制闸,101
2026/4/16 18:08,老庄节制闸,201
2026/4/16 18:13,老庄节制闸,201
2026/4/16 18:18,老庄节制闸,201
2026/4/16 18:24,老庄节制闸,201
2026/4/16 18:29,老庄节制闸,201
2026/4/16 18:34,老庄节制闸,201
2026/4/16 18:39,老庄节制闸,201
2026/4/16 18:45,老庄节制闸,201
2026/4/16 18:50,老庄节制闸,201
2026/4/16 18:55,老庄节制闸,301
2026/4/16 19:00,老庄节制闸,401
2026/4/16 19:06,老庄节制闸,401
2026/4/16 19:11,老庄节制闸,401
2026/4/16 19:16,老庄节制闸,401
2026/4/16 19:21,老庄节制闸,401
2026/4/16 19:27,老庄节制闸,401
2026/4/16 19:32,老庄节制闸,401
2026/4/16 19:37,老庄节制闸,401
2026/4/16 19:42,老庄节制闸,401
2026/4/16 19:47,老庄节制闸,401
2026/4/16 19:52,老庄节制闸,401
2026/4/16 19:58,老庄节制闸,401
2026/4/16 20:03,老庄节制闸,401
2026/4/16 20:08,老庄节制闸,401
2026/4/16 20:14,老庄节制闸,401
2026/4/16 20:19,老庄节制闸,401
2026/4/16 20:24,老庄节制闸,401
2026/4/16 20:29,老庄节制闸,401
2026/4/16 20:34,老庄节制闸,401
2026/4/16 20:40,老庄节制闸,401
2026/4/16 20:45,老庄节制闸,501
2026/4/16 20:51,老庄节制闸,501
2026/4/16 20:56,老庄节制闸,501
2026/4/16 21:01,老庄节制闸,501
2026/4/16 21:06,老庄节制闸,501
2026/4/16 21:12,老庄节制闸,501
2026/4/16 21:17,老庄节制闸,501
2026/4/16 21:22,老庄节制闸,501
2026/4/16 21:27,老庄节制闸,501
2026/4/16 21:33,老庄节制闸,501
2026/4/16 21:38,老庄节制闸,501
2026/4/16 21:43,老庄节制闸,501
2026/4/16 21:48,老庄节制闸,501
2026/4/16 21:53,老庄节制闸,501
2026/4/16 21:58,老庄节制闸,501
2026/4/16 22:04,老庄节制闸,501
2026/4/16 22:09,老庄节制闸,501
2026/4/16 22:15,老庄节制闸,501
2026/4/16 22:20,老庄节制闸,501
2026/4/16 22:25,老庄节制闸,501
2026/4/16 22:31,老庄节制闸,501
2026/4/16 22:36,老庄节制闸,501
2026/4/16 22:41,老庄节制闸,501
2026/4/16 22:47,老庄节制闸,501
2026/4/16 22:52,老庄节制闸,501
2026/4/16 22:58,老庄节制闸,501
2026/4/16 23:02,老庄节制闸,501
2026/4/16 23:09,老庄节制闸,501
2026/4/16 23:14,老庄节制闸,501
2026/4/16 23:19,老庄节制闸,501
2026/4/16 23:25,老庄节制闸,501
2026/4/16 23:30,老庄节制闸,501
2026/4/16 23:35,老庄节制闸,501
2026/4/16 23:40,老庄节制闸,501
2026/4/16 23:46,老庄节制闸,501
2026/4/16 23:51,老庄节制闸,501
2026/4/16 23:56,老庄节制闸,501
2026/4/17 0:01,老庄节制闸,501
2026/4/17 0:06,老庄节制闸,501
2026/4/17 0:12,老庄节制闸,501
2026/4/17 0:17,老庄节制闸,501
2026/4/17 0:22,老庄节制闸,501
2026/4/17 0:28,老庄节制闸,501
2026/4/17 0:33,老庄节制闸,501
2026/4/17 0:38,老庄节制闸,501
2026/4/17 0:44,老庄节制闸,501
2026/4/17 0:49,老庄节制闸,501
2026/4/17 0:55,老庄节制闸,501
2026/4/17 1:00,老庄节制闸,501
2026/4/17 1:05,老庄节制闸,501
2026/4/17 1:11,老庄节制闸,501
2026/4/17 1:16,老庄节制闸,501
2026/4/17 1:21,老庄节制闸,501
2026/4/17 1:27,老庄节制闸,501
2026/4/17 1:32,老庄节制闸,501
2026/4/17 1:37,老庄节制闸,501
2026/4/17 1:42,老庄节制闸,501
2026/4/17 1:47,老庄节制闸,501
2026/4/17 1:52,老庄节制闸,501
2026/4/17 1:58,老庄节制闸,501
2026/4/17 2:03,老庄节制闸,501
2026/4/17 2:08,老庄节制闸,501
2026/4/17 2:13,老庄节制闸,501
2026/4/17 2:19,老庄节制闸,501
2026/4/17 2:24,老庄节制闸,501
2026/4/17 2:29,老庄节制闸,501
2026/4/17 2:35,老庄节制闸,1000
2026/4/17 2:40,老庄节制闸,1000
2026/4/17 2:46,老庄节制闸,1000
2026/4/17 2:51,老庄节制闸,1000
2026/4/17 2:56,老庄节制闸,1000
2026/4/17 3:02,老庄节制闸,1000
2026/4/17 3:07,老庄节制闸,1000
2026/4/17 3:12,老庄节制闸,1000
2026/4/17 3:18,老庄节制闸,1000
2026/4/17 3:23,老庄节制闸,1000
2026/4/17 3:28,老庄节制闸,1000
2026/4/17 3:34,老庄节制闸,1000
2026/4/17 3:39,老庄节制闸,1000
2026/4/17 3:45,老庄节制闸,1000
2026/4/17 3:50,老庄节制闸,1000
2026/4/17 3:55,老庄节制闸,1000
2026/4/17 4:01,老庄节制闸,1000
2026/4/17 4:06,老庄节制闸,1000
2026/4/17 4:11,老庄节制闸,1000
2026/4/17 4:17,老庄节制闸,1000
2026/4/17 4:22,老庄节制闸,1000
2026/4/17 4:27,老庄节制闸,1000
2026/4/17 4:32,老庄节制闸,1000
2026/4/17 4:38,老庄节制闸,1000
2026/4/17 4:43,老庄节制闸,1000
2026/4/17 4:48,老庄节制闸,1000
2026/4/17 4:53,老庄节制闸,1000
2026/4/17 4:58,老庄节制闸,1000
2026/4/17 5:03,老庄节制闸,501
2026/4/17 5:09,老庄节制闸,501
2026/4/17 5:14,老庄节制闸,401
2026/4/17 5:19,老庄节制闸,401
2026/4/17 5:24,老庄节制闸,401
2026/4/17 5:29,老庄节制闸,401
2026/4/17 5:34,老庄节制闸,401
2026/4/17 5:40,老庄节制闸,401
2026/4/17 5:45,老庄节制闸,401
2026/4/17 5:50,老庄节制闸,401
2026/4/17 5:56,老庄节制闸,451
2026/4/17 6:01,老庄节制闸,451
2026/4/17 6:06,老庄节制闸,451
2026/4/17 6:12,老庄节制闸,451
2026/4/17 6:17,老庄节制闸,451
2026/4/17 6:22,老庄节制闸,501
2026/4/17 6:28,老庄节制闸,501
2026/4/17 6:33,老庄节制闸,501
2026/4/17 6:38,老庄节制闸,551
2026/4/17 6:43,老庄节制闸,551
2026/4/17 6:48,老庄节制闸,551
2026/4/17 6:54,老庄节制闸,551
2026/4/17 6:59,老庄节制闸,551
2026/4/17 7:05,老庄节制闸,551
2026/4/17 7:10,老庄节制闸,551
2026/4/17 7:15,老庄节制闸,551
2026/4/17 7:20,老庄节制闸,551
2026/4/17 7:26,老庄节制闸,551
2026/4/17 7:31,老庄节制闸,551
2026/4/17 7:37,老庄节制闸,551
2026/4/17 7:42,老庄节制闸,551
2026/4/17 7:47,老庄节制闸,551
2026/4/17 7:52,老庄节制闸,551
2026/4/17 7:57,老庄节制闸,551
2026/4/17 8:03,老庄节制闸,551
2026/4/17 8:08,老庄节制闸,551
2026/4/17 8:13,老庄节制闸,551
2026/4/17 8:18,老庄节制闸,551
2026/4/17 8:23,老庄节制闸,551
2026/4/17 8:29,老庄节制闸,551
2026/4/17 8:34,老庄节制闸,551
2026/4/17 8:39,老庄节制闸,551
2026/4/17 8:45,老庄节制闸,551
2026/4/17 8:50,老庄节制闸,551
2026/4/17 8:55,老庄节制闸,551
2026/4/17 9:01,老庄节制闸,551
2026/4/17 9:06,老庄节制闸,551
2026/4/17 9:11,老庄节制闸,551
2026/4/17 9:17,老庄节制闸,551
2026/4/17 9:22,老庄节制闸,551
2026/4/17 9:27,老庄节制闸,551
2026/4/17 9:32,老庄节制闸,551
2026/4/17 9:38,老庄节制闸,551
2026/4/17 9:43,老庄节制闸,551
2026/4/17 9:48,老庄节制闸,551
2026/4/17 9:53,老庄节制闸,551
2026/4/17 9:58,老庄节制闸,551
2026/4/17 10:04,老庄节制闸,551
2026/4/17 10:09,老庄节制闸,551
2026/4/17 10:14,老庄节制闸,551
2026/4/17 10:19,老庄节制闸,551
2026/4/17 10:25,老庄节制闸,551
2026/4/17 10:30,老庄节制闸,551
2026/4/17 10:35,老庄节制闸,551
2026/4/17 10:40,老庄节制闸,551
2026/4/17 10:46,老庄节制闸,551
2026/4/17 10:51,老庄节制闸,551
2026/4/17 10:56,老庄节制闸,551
2026/4/17 11:02,老庄节制闸,551
2026/4/17 11:07,老庄节制闸,551
2026/4/17 11:12,老庄节制闸,551
2026/4/17 11:17,老庄节制闸,551
2026/4/17 11:22,老庄节制闸,551
2026/4/17 11:28,老庄节制闸,551
2026/4/17 11:33,老庄节制闸,551
2026/4/17 11:38,老庄节制闸,551
2026/4/17 11:44,老庄节制闸,551
2026/4/17 11:49,老庄节制闸,551
2026/4/17 11:55,老庄节制闸,551
2026/4/17 12:00,老庄节制闸,551
2026/4/17 12:05,老庄节制闸,551
2026/4/17 12:10,老庄节制闸,551
2026/4/17 12:15,老庄节制闸,551
2026/4/17 12:21,老庄节制闸,551
2026/4/17 12:26,老庄节制闸,551
2026/4/17 12:32,老庄节制闸,551
2026/4/17 12:37,老庄节制闸,551
2026/4/17 12:42,老庄节制闸,551
2026/4/17 12:47,老庄节制闸,551
2026/4/17 12:53,老庄节制闸,551
2026/4/17 12:58,老庄节制闸,551
2026/4/17 13:03,老庄节制闸,551
2026/4/17 13:09,老庄节制闸,551
2026/4/17 13:14,老庄节制闸,551
2026/4/17 13:19,老庄节制闸,551
2026/4/17 13:24,老庄节制闸,551
2026/4/17 13:30,老庄节制闸,551
2026/4/17 13:35,老庄节制闸,551
2026/4/17 13:40,老庄节制闸,551
2026/4/17 13:46,老庄节制闸,551
2026/4/17 13:51,老庄节制闸,501
2026/4/17 13:56,老庄节制闸,501
2026/4/17 14:02,老庄节制闸,501
2026/4/17 14:07,老庄节制闸,501
2026/4/17 14:12,老庄节制闸,501
2026/4/17 14:18,老庄节制闸,501
2026/4/17 14:23,老庄节制闸,501
2026/4/17 14:28,老庄节制闸,501
2026/4/17 14:33,老庄节制闸,501
2026/4/17 14:39,老庄节制闸,501
2026/4/17 14:44,老庄节制闸,501
2026/4/17 14:49,老庄节制闸,501
2026/4/17 14:55,老庄节制闸,501
2026/4/17 15:00,老庄节制闸,501
2026/4/17 15:05,老庄节制闸,501
2026/4/17 15:10,老庄节制闸,501
2026/4/17 15:16,老庄节制闸,501
2026/4/17 15:21,老庄节制闸,501
2026/4/17 15:26,老庄节制闸,501
2026/4/17 15:31,老庄节制闸,501
2026/4/17 15:36,老庄节制闸,501
2026/4/17 15:42,老庄节制闸,501
2026/4/17 15:47,老庄节制闸,501
2026/4/17 15:52,老庄节制闸,501
2026/4/17 15:58,老庄节制闸,501
2026/4/17 16:03,老庄节制闸,501
2026/4/17 16:08,老庄节制闸,501
2026/4/17 16:14,老庄节制闸,501
2026/4/17 16:19,老庄节制闸,421
2026/4/17 16:25,老庄节制闸,421
2026/4/17 16:30,老庄节制闸,421
2026/4/17 16:35,老庄节制闸,421
2026/4/17 16:41,老庄节制闸,421
2026/4/17 16:46,老庄节制闸,421
2026/4/17 16:51,老庄节制闸,421
2026/4/17 16:57,老庄节制闸,421
2026/4/17 17:02,老庄节制闸,421
2026/4/17 17:08,老庄节制闸,421
2026/4/17 17:13,老庄节制闸,421
2026/4/17 17:18,老庄节制闸,421
2026/4/17 17:24,老庄节制闸,421
2026/4/17 17:29,老庄节制闸,421
2026/4/17 17:34,老庄节制闸,421
2026/4/17 17:39,老庄节制闸,421
2026/4/17 17:45,老庄节制闸,421
2026/4/17 17:50,老庄节制闸,421
2026/4/17 17:56,老庄节制闸,381
2026/4/17 18:01,老庄节制闸,381
2026/4/17 18:06,老庄节制闸,381
2026/4/17 18:11,老庄节制闸,381
2026/4/17 18:17,老庄节制闸,381
2026/4/17 18:22,老庄节制闸,381
2026/4/17 18:27,老庄节制闸,381
2026/4/17 18:32,老庄节制闸,381
2026/4/17 18:37,老庄节制闸,381
2026/4/17 18:42,老庄节制闸,381
2026/4/17 18:48,老庄节制闸,381
2026/4/17 18:53,老庄节制闸,381
2026/4/17 18:58,老庄节制闸,381
2026/4/17 19:04,老庄节制闸,381
2026/4/17 19:09,老庄节制闸,381
2026/4/17 19:14,老庄节制闸,381
2026/4/17 19:20,老庄节制闸,381
2026/4/17 19:25,老庄节制闸,381
2026/4/17 19:30,老庄节制闸,381
2026/4/17 19:36,老庄节制闸,381
2026/4/17 19:41,老庄节制闸,381
2026/4/17 19:47,老庄节制闸,381
2026/4/17 19:52,老庄节制闸,381
2026/4/17 19:57,老庄节制闸,381
2026/4/17 20:03,老庄节制闸,381
2026/4/17 20:08,老庄节制闸,381
2026/4/17 20:14,老庄节制闸,381
2026/4/17 20:19,老庄节制闸,381
2026/4/17 20:24,老庄节制闸,381
2026/4/17 20:29,老庄节制闸,381
2026/4/17 20:35,老庄节制闸,381
2026/4/17 20:40,老庄节制闸,381
2026/4/17 20:46,老庄节制闸,381
2026/4/17 20:51,老庄节制闸,381
2026/4/17 20:56,老庄节制闸,381
2026/4/17 21:02,老庄节制闸,381
2026/4/17 21:07,老庄节制闸,381
2026/4/17 21:12,老庄节制闸,331
2026/4/17 21:17,老庄节制闸,331
2026/4/17 21:23,老庄节制闸,331
2026/4/17 21:28,老庄节制闸,331
2026/4/17 21:33,老庄节制闸,331
2026/4/17 21:39,老庄节制闸,331
2026/4/17 21:44,老庄节制闸,331
2026/4/17 21:50,老庄节制闸,331
2026/4/17 21:55,老庄节制闸,331
2026/4/17 22:00,老庄节制闸,331
2026/4/17 22:05,老庄节制闸,331
2026/4/17 22:11,老庄节制闸,331
2026/4/17 22:16,老庄节制闸,331
2026/4/17 22:22,老庄节制闸,331
2026/4/17 22:27,老庄节制闸,331
2026/4/17 22:32,老庄节制闸,331
2026/4/17 22:37,老庄节制闸,331
2026/4/17 22:43,老庄节制闸,331
2026/4/17 22:48,老庄节制闸,331
2026/4/17 22:53,老庄节制闸,331
2026/4/17 22:58,老庄节制闸,331
2026/4/17 23:02,老庄节制闸,331
2026/4/17 23:09,老庄节制闸,331
2026/4/17 23:14,老庄节制闸,331
2026/4/17 23:19,老庄节制闸,331
2026/4/17 23:24,老庄节制闸,331
2026/4/17 23:30,老庄节制闸,331
2026/4/17 23:35,老庄节制闸,331
2026/4/17 23:40,老庄节制闸,331
2026/4/17 23:45,老庄节制闸,331
2026/4/17 23:51,老庄节制闸,331
2026/4/17 23:56,老庄节制闸,331
2026/4/18 0:01,老庄节制闸,331
2026/4/18 0:07,老庄节制闸,331
2026/4/18 0:12,老庄节制闸,331
2026/4/18 0:18,老庄节制闸,331
2026/4/18 0:23,老庄节制闸,331
2026/4/18 0:28,老庄节制闸,331
2026/4/18 0:33,老庄节制闸,331
2026/4/18 0:38,老庄节制闸,331
2026/4/18 0:44,老庄节制闸,331
2026/4/18 0:49,老庄节制闸,331
2026/4/18 0:54,老庄节制闸,331
2026/4/18 0:59,老庄节制闸,331
2026/4/18 1:01,老庄节制闸,331
2026/4/18 1:09,老庄节制闸,331
2026/4/18 1:15,老庄节制闸,331
2026/4/18 1:20,老庄节制闸,331
2026/4/18 1:25,老庄节制闸,331
2026/4/18 1:31,老庄节制闸,331
2026/4/18 1:36,老庄节制闸,331
2026/4/18 1:41,老庄节制闸,331
2026/4/18 1:47,老庄节制闸,331
2026/4/18 1:52,老庄节制闸,331
2026/4/18 1:57,老庄节制闸,331
2026/4/18 2:03,老庄节制闸,331
2026/4/18 2:08,老庄节制闸,331
2026/4/18 2:13,老庄节制闸,331
2026/4/18 2:19,老庄节制闸,331
2026/4/18 2:24,老庄节制闸,331
2026/4/18 2:30,老庄节制闸,331
2026/4/18 2:35,老庄节制闸,331
2026/4/18 2:40,老庄节制闸,331
2026/4/18 2:46,老庄节制闸,331
2026/4/18 2:51,老庄节制闸,331
2026/4/18 2:56,老庄节制闸,331
2026/4/18 3:01,老庄节制闸,331
2026/4/18 3:06,老庄节制闸,331
2026/4/18 3:12,老庄节制闸,331
2026/4/18 3:17,老庄节制闸,331
2026/4/18 3:22,老庄节制闸,331
2026/4/18 3:27,老庄节制闸,331
2026/4/18 3:33,老庄节制闸,331
2026/4/18 3:38,老庄节制闸,331
2026/4/18 3:43,老庄节制闸,331
2026/4/18 3:48,老庄节制闸,331
2026/4/18 3:53,老庄节制闸,331
2026/4/18 3:58,老庄节制闸,331
2026/4/18 4:03,老庄节制闸,331
2026/4/18 4:09,老庄节制闸,331
2026/4/18 4:14,老庄节制闸,331
2026/4/18 4:20,老庄节制闸,331
2026/4/18 4:25,老庄节制闸,331
2026/4/18 4:31,老庄节制闸,331
2026/4/18 4:36,老庄节制闸,331
2026/4/18 4:41,老庄节制闸,331
2026/4/18 4:46,老庄节制闸,331
2026/4/18 4:52,老庄节制闸,331
2026/4/18 4:57,老庄节制闸,331
2026/4/18 5:02,老庄节制闸,331
2026/4/18 5:07,老庄节制闸,331
2026/4/18 5:12,老庄节制闸,331
2026/4/18 5:18,老庄节制闸,331
2026/4/18 5:23,老庄节制闸,331
2026/4/18 5:28,老庄节制闸,331
2026/4/18 5:33,老庄节制闸,331
2026/4/18 5:39,老庄节制闸,331
2026/4/18 5:44,老庄节制闸,331
2026/4/18 5:49,老庄节制闸,331
2026/4/18 5:55,老庄节制闸,331
2026/4/18 6:00,老庄节制闸,331
2026/4/18 6:05,老庄节制闸,331
2026/4/18 6:10,老庄节制闸,331
2026/4/18 6:16,老庄节制闸,331
2026/4/18 6:21,老庄节制闸,331
2026/4/18 6:26,老庄节制闸,331
2026/4/18 6:32,老庄节制闸,331
2026/4/18 6:37,老庄节制闸,331
2026/4/18 6:42,老庄节制闸,331
2026/4/18 6:47,老庄节制闸,331
2026/4/18 6:52,老庄节制闸,331
2026/4/18 6:58,老庄节制闸,331
2026/4/18 7:03,老庄节制闸,331
2026/4/18 7:08,老庄节制闸,331
2026/4/18 7:14,老庄节制闸,331
2026/4/18 7:19,老庄节制闸,331
2026/4/18 7:24,老庄节制闸,281
2026/4/18 7:29,老庄节制闸,281
2026/4/18 7:35,老庄节制闸,281
2026/4/18 7:40,老庄节制闸,281
2026/4/18 7:45,老庄节制闸,281
2026/4/18 7:51,老庄节制闸,281
2026/4/18 7:56,老庄节制闸,281
2026/4/18 8:01,老庄节制闸,281
2026/4/18 8:06,老庄节制闸,281
2026/4/18 8:12,老庄节制闸,281
2026/4/18 8:17,老庄节制闸,281
2026/4/18 8:22,老庄节制闸,501
2026/4/18 8:28,老庄节制闸,501
2026/4/18 8:33,老庄节制闸,501
2026/4/18 8:38,老庄节制闸,501
2026/4/18 8:44,老庄节制闸,501
2026/4/18 8:49,老庄节制闸,501
2026/4/18 8:54,老庄节制闸,501
2026/4/18 8:59,老庄节制闸,501
2026/4/18 9:04,老庄节制闸,501
2026/4/18 9:10,老庄节制闸,501
2026/4/18 9:15,老庄节制闸,501
2026/4/18 9:20,老庄节制闸,501
2026/4/18 9:25,老庄节制闸,501
2026/4/18 9:31,老庄节制闸,501
2026/4/18 9:36,老庄节制闸,601
2026/4/18 9:41,老庄节制闸,601
2026/4/18 9:47,老庄节制闸,601
2026/4/18 9:52,老庄节制闸,601
2026/4/18 9:57,老庄节制闸,601
2026/4/18 10:03,老庄节制闸,601
2026/4/18 10:08,老庄节制闸,601
2026/4/18 10:13,老庄节制闸,601
2026/4/18 10:18,老庄节制闸,601
2026/4/18 10:23,老庄节制闸,601
2026/4/18 10:29,老庄节制闸,601
2026/4/18 10:34,老庄节制闸,601
2026/4/18 10:39,老庄节制闸,601
2026/4/18 10:45,老庄节制闸,601
2026/4/18 10:50,老庄节制闸,601
2026/4/18 10:55,老庄节制闸,601
2026/4/18 11:01,老庄节制闸,601
2026/4/18 11:06,老庄节制闸,601
2026/4/18 11:12,老庄节制闸,601
2026/4/18 11:17,老庄节制闸,601
2026/4/18 11:22,老庄节制闸,601
2026/4/18 11:28,老庄节制闸,601
2026/4/18 11:33,老庄节制闸,601
2026/4/18 11:39,老庄节制闸,601
2026/4/18 11:44,老庄节制闸,601
2026/4/18 11:49,老庄节制闸,601
2026/4/18 11:54,老庄节制闸,601
2026/4/18 12:00,老庄节制闸,601
2026/4/18 12:05,老庄节制闸,601
2026/4/18 12:10,老庄节制闸,601
2026/4/18 12:16,老庄节制闸,601
2026/4/18 12:21,老庄节制闸,601
2026/4/18 12:26,老庄节制闸,601
2026/4/18 12:32,老庄节制闸,601
2026/4/18 12:37,老庄节制闸,601
2026/4/18 12:43,老庄节制闸,601
2026/4/18 12:48,老庄节制闸,601
2026/4/18 12:54,老庄节制闸,601
2026/4/18 12:59,老庄节制闸,601
2026/4/18 13:04,老庄节制闸,601
2026/4/18 13:09,老庄节制闸,651
2026/4/18 13:15,老庄节制闸,651
2026/4/18 13:20,老庄节制闸,651
2026/4/18 13:25,老庄节制闸,676
2026/4/18 13:31,老庄节制闸,701
2026/4/18 13:36,老庄节制闸,701
2026/4/18 13:41,老庄节制闸,701
2026/4/18 13:47,老庄节制闸,701
2026/4/18 13:52,老庄节制闸,701
2026/4/18 13:57,老庄节制闸,701
2026/4/18 14:02,老庄节制闸,1024
2026/4/18 14:08,老庄节制闸,1400
2026/4/18 14:13,老庄节制闸,1400
2026/4/18 14:18,老庄节制闸,1400
2026/4/18 14:23,老庄节制闸,1400
2026/4/18 14:28,老庄节制闸,1400
2026/4/18 14:34,老庄节制闸,1400
2026/4/18 14:39,老庄节制闸,1400
2026/4/18 14:44,老庄节制闸,1400
2026/4/18 14:49,老庄节制闸,1400
2026/4/18 14:55,老庄节制闸,1400
2026/4/18 15:00,老庄节制闸,1400
2026/4/18 15:05,老庄节制闸,1400
2026/4/18 15:11,老庄节制闸,1400
2026/4/18 15:16,老庄节制闸,701
2026/4/18 15:22,老庄节制闸,701
2026/4/18 15:27,老庄节制闸,701
2026/4/18 15:32,老庄节制闸,701
2026/4/18 15:37,老庄节制闸,701
2026/4/18 15:43,老庄节制闸,701
2026/4/18 15:48,老庄节制闸,701
2026/4/18 15:54,老庄节制闸,701
2026/4/18 15:59,老庄节制闸,701
2026/4/18 16:04,老庄节制闸,701
2026/4/18 16:10,老庄节制闸,701
2026/4/18 16:15,老庄节制闸,701
2026/4/18 16:21,老庄节制闸,701
2026/4/18 16:26,老庄节制闸,701
2026/4/18 16:31,老庄节制闸,701
2026/4/18 16:37,老庄节制闸,701
2026/4/18 16:42,老庄节制闸,701
2026/4/18 16:47,老庄节制闸,701
2026/4/18 16:53,老庄节制闸,701
2026/4/18 16:58,老庄节制闸,701
2026/4/18 17:03,老庄节制闸,701
2026/4/18 17:08,老庄节制闸,701
2026/4/18 17:14,老庄节制闸,701
2026/4/18 17:19,老庄节制闸,701
2026/4/18 17:24,老庄节制闸,701
2026/4/18 17:29,老庄节制闸,701
2026/4/18 17:35,老庄节制闸,701
2026/4/18 17:40,老庄节制闸,701
2026/4/18 17:46,老庄节制闸,701
2026/4/18 17:51,老庄节制闸,701
2026/4/18 17:56,老庄节制闸,701
2026/4/18 18:01,老庄节制闸,701
2026/4/18 18:07,老庄节制闸,701
2026/4/18 18:12,老庄节制闸,701
2026/4/18 18:17,老庄节制闸,701
2026/4/18 18:22,老庄节制闸,701
2026/4/18 18:28,老庄节制闸,701
2026/4/18 18:33,老庄节制闸,701
2026/4/18 18:38,老庄节制闸,701
2026/4/18 18:43,老庄节制闸,701
2026/4/18 18:49,老庄节制闸,701
2026/4/18 18:54,老庄节制闸,701
2026/4/18 19:00,老庄节制闸,701
2026/4/18 19:05,老庄节制闸,701
2026/4/18 19:10,老庄节制闸,701
2026/4/18 19:15,老庄节制闸,701
2026/4/18 19:20,老庄节制闸,701
2026/4/18 19:26,老庄节制闸,701
2026/4/18 19:31,老庄节制闸,701
2026/4/18 19:36,老庄节制闸,701
2026/4/18 19:41,老庄节制闸,701
2026/4/18 19:46,老庄节制闸,701
2026/4/18 19:52,老庄节制闸,701
2026/4/18 19:57,老庄节制闸,701
2026/4/18 20:03,老庄节制闸,701
2026/4/18 20:08,老庄节制闸,701
2026/4/18 20:13,老庄节制闸,701
2026/4/18 20:19,老庄节制闸,701
2026/4/18 20:24,老庄节制闸,701
2026/4/18 20:29,老庄节制闸,701
2026/4/18 20:35,老庄节制闸,701
2026/4/18 20:40,老庄节制闸,701
2026/4/18 20:45,老庄节制闸,701
2026/4/18 20:51,老庄节制闸,701
2026/4/18 20:56,老庄节制闸,701
2026/4/18 21:02,老庄节制闸,701
2026/4/18 21:07,老庄节制闸,701
2026/4/18 21:12,老庄节制闸,701
2026/4/18 21:18,老庄节制闸,701
2026/4/18 21:23,老庄节制闸,701
2026/4/18 21:28,老庄节制闸,701
2026/4/18 21:34,老庄节制闸,701
2026/4/18 21:39,老庄节制闸,701
2026/4/18 21:44,老庄节制闸,701
2026/4/18 21:49,老庄节制闸,701
2026/4/18 21:55,老庄节制闸,701
2026/4/18 22:00,老庄节制闸,701
2026/4/18 22:05,老庄节制闸,701
2026/4/18 22:10,老庄节制闸,701
2026/4/18 22:15,老庄节制闸,701
2026/4/18 22:21,老庄节制闸,701
2026/4/18 22:26,老庄节制闸,701
2026/4/18 22:32,老庄节制闸,701
2026/4/18 22:37,老庄节制闸,701
2026/4/18 22:43,老庄节制闸,701
2026/4/18 22:48,老庄节制闸,701
2026/4/18 22:54,老庄节制闸,701
2026/4/18 22:59,老庄节制闸,701
2026/4/18 23:05,老庄节制闸,701
2026/4/18 23:10,老庄节制闸,501
2026/4/18 23:15,老庄节制闸,501
2026/4/18 23:20,老庄节制闸,501
2026/4/18 23:26,老庄节制闸,501
2026/4/18 23:31,老庄节制闸,501
2026/4/18 23:36,老庄节制闸,501
2026/4/18 23:41,老庄节制闸,501
2026/4/18 23:46,老庄节制闸,501
2026/4/18 23:51,老庄节制闸,501
2026/4/18 23:56,老庄节制闸,501
2026/4/19 0:01,老庄节制闸,501
2026/4/19 0:07,老庄节制闸,501
2026/4/19 0:12,老庄节制闸,501
2026/4/19 0:18,老庄节制闸,501
2026/4/19 0:23,老庄节制闸,501
2026/4/19 0:28,老庄节制闸,501
2026/4/19 0:33,老庄节制闸,501
2026/4/19 0:39,老庄节制闸,501
2026/4/19 0:44,老庄节制闸,501
2026/4/19 0:50,老庄节制闸,501
2026/4/19 0:55,老庄节制闸,501
2026/4/19 1:00,老庄节制闸,501
2026/4/19 1:05,老庄节制闸,501
2026/4/19 1:11,老庄节制闸,501
2026/4/19 1:16,老庄节制闸,501
2026/4/19 1:21,老庄节制闸,501
2026/4/19 1:26,老庄节制闸,501
2026/4/19 1:31,老庄节制闸,501
2026/4/19 1:37,老庄节制闸,501
2026/4/19 1:42,老庄节制闸,501
2026/4/19 1:47,老庄节制闸,501
2026/4/19 1:52,老庄节制闸,501
2026/4/19 1:58,老庄节制闸,501
2026/4/19 2:03,老庄节制闸,501
2026/4/19 2:09,老庄节制闸,501
2026/4/19 2:14,老庄节制闸,501
2026/4/19 2:19,老庄节制闸,501
2026/4/19 2:24,老庄节制闸,501
2026/4/19 2:29,老庄节制闸,501
2026/4/19 2:35,老庄节制闸,501
2026/4/19 2:40,老庄节制闸,501
2026/4/19 2:46,老庄节制闸,501
2026/4/19 2:51,老庄节制闸,501
2026/4/19 2:57,老庄节制闸,501
2026/4/19 3:02,老庄节制闸,501
2026/4/19 3:07,老庄节制闸,501
2026/4/19 3:12,老庄节制闸,501
2026/4/19 3:18,老庄节制闸,501
2026/4/19 3:23,老庄节制闸,501
2026/4/19 3:29,老庄节制闸,301
2026/4/19 3:34,老庄节制闸,251
2026/4/19 3:39,老庄节制闸,201
2026/4/19 3:44,老庄节制闸,201
2026/4/19 3:50,老庄节制闸,181
2026/4/19 3:55,老庄节制闸,181
2026/4/19 4:00,老庄节制闸,181
2026/4/19 4:06,老庄节制闸,201
2026/4/19 4:11,老庄节制闸,201
2026/4/19 4:17,老庄节制闸,201
2026/4/19 4:22,老庄节制闸,221
2026/4/19 4:27,老庄节制闸,221
2026/4/19 4:33,老庄节制闸,251
2026/4/19 4:38,老庄节制闸,301
2026/4/19 4:43,老庄节制闸,301
2026/4/19 4:48,老庄节制闸,351
2026/4/19 4:53,老庄节制闸,351
2026/4/19 4:59,老庄节制闸,351
2026/4/19 5:04,老庄节制闸,351
2026/4/19 5:10,老庄节制闸,351
2026/4/19 5:15,老庄节制闸,351
2026/4/19 5:21,老庄节制闸,351
2026/4/19 5:26,老庄节制闸,351
2026/4/19 5:32,老庄节制闸,351
2026/4/19 5:37,老庄节制闸,301
2026/4/19 5:42,老庄节制闸,301
2026/4/19 5:48,老庄节制闸,301
2026/4/19 5:53,老庄节制闸,251
2026/4/19 5:58,老庄节制闸,251
2026/4/19 6:03,老庄节制闸,251
2026/4/19 6:08,老庄节制闸,251
2026/4/19 6:14,老庄节制闸,251
2026/4/19 6:19,老庄节制闸,251
2026/4/19 6:25,老庄节制闸,251
2026/4/19 6:30,老庄节制闸,251
2026/4/19 6:35,老庄节制闸,251
2026/4/19 6:40,老庄节制闸,251
2026/4/19 6:45,老庄节制闸,251
2026/4/19 6:50,老庄节制闸,251
2026/4/19 6:56,老庄节制闸,251
2026/4/19 7:01,老庄节制闸,251
2026/4/19 7:06,老庄节制闸,251
2026/4/19 7:11,老庄节制闸,251
2026/4/19 7:17,老庄节制闸,251
2026/4/19 7:22,老庄节制闸,251
2026/4/19 7:27,老庄节制闸,251
2026/4/19 7:32,老庄节制闸,251
2026/4/19 7:38,老庄节制闸,251
2026/4/19 7:43,老庄节制闸,251
2026/4/19 7:49,老庄节制闸,251
2026/4/19 7:54,老庄节制闸,251
2026/4/19 8:00,老庄节制闸,251
2026/4/19 8:05,老庄节制闸,251
2026/4/19 8:10,老庄节制闸,251
2026/4/19 8:15,老庄节制闸,251
2026/4/19 8:21,老庄节制闸,251
2026/4/19 8:26,老庄节制闸,251
2026/4/19 8:31,老庄节制闸,251
2026/4/19 8:37,老庄节制闸,251
2026/4/19 8:42,老庄节制闸,251
2026/4/19 8:47,老庄节制闸,251
2026/4/19 8:53,老庄节制闸,351
2026/4/19 8:58,老庄节制闸,668
2026/4/19 9:03,老庄节制闸,1001
2026/4/19 9:08,老庄节制闸,1001
2026/4/19 9:13,老庄节制闸,1001
2026/4/19 9:18,老庄节制闸,1001
2026/4/19 9:24,老庄节制闸,1001
2026/4/19 9:29,老庄节制闸,1001
2026/4/19 9:34,老庄节制闸,1001
2026/4/19 9:39,老庄节制闸,1001
2026/4/19 9:45,老庄节制闸,1001
2026/4/19 9:50,老庄节制闸,1001
2026/4/19 9:55,老庄节制闸,1001
2026/4/19 10:01,老庄节制闸,1001
2026/4/19 10:06,老庄节制闸,1001
2026/4/19 10:11,老庄节制闸,1001
2026/4/19 10:16,老庄节制闸,1001
2026/4/19 10:22,老庄节制闸,1001
2026/4/19 10:27,老庄节制闸,1001
2026/4/19 10:32,老庄节制闸,1001
2026/4/19 10:38,老庄节制闸,1001
2026/4/19 10:43,老庄节制闸,1001
2026/4/19 10:48,老庄节制闸,1001
2026/4/19 10:53,老庄节制闸,1001
2026/4/19 10:58,老庄节制闸,1001
2026/4/19 11:04,老庄节制闸,1001
2026/4/19 11:09,老庄节制闸,1001
2026/4/19 11:14,老庄节制闸,1001
2026/4/19 11:19,老庄节制闸,1001
2026/4/19 11:25,老庄节制闸,1001
2026/4/19 11:30,老庄节制闸,1001
2026/4/19 11:35,老庄节制闸,1001
2026/4/19 11:40,老庄节制闸,1001
2026/4/19 11:46,老庄节制闸,1001
2026/4/19 11:51,老庄节制闸,1001
2026/4/19 11:57,老庄节制闸,1001
2026/4/19 12:02,老庄节制闸,1001
2026/4/19 12:07,老庄节制闸,1001
2026/4/19 12:12,老庄节制闸,1050
2026/4/19 12:17,老庄节制闸,1100
2026/4/19 12:22,老庄节制闸,1100
2026/4/19 12:28,老庄节制闸,1100
2026/4/19 12:33,老庄节制闸,1100
2026/4/19 12:38,老庄节制闸,2000
2026/4/19 12:44,老庄节制闸,2500
2026/4/19 12:49,老庄节制闸,2500
2026/4/19 12:54,老庄节制闸,2500
2026/4/19 13:00,老庄节制闸,2500
2026/4/19 13:05,老庄节制闸,2500
2026/4/19 13:10,老庄节制闸,2500
2026/4/19 13:16,老庄节制闸,2500
2026/4/19 13:21,老庄节制闸,2500
2026/4/19 13:27,老庄节制闸,2500
2026/4/19 13:32,老庄节制闸,2500
2026/4/19 13:37,老庄节制闸,2500
2026/4/19 13:43,老庄节制闸,2500
2026/4/19 13:48,老庄节制闸,2500
2026/4/19 13:53,老庄节制闸,2500
2026/4/19 13:59,老庄节制闸,2500
2026/4/19 14:04,老庄节制闸,2500
2026/4/19 14:10,老庄节制闸,2500
2026/4/19 14:15,老庄节制闸,2500
2026/4/19 14:20,老庄节制闸,2500
2026/4/19 14:26,老庄节制闸,2500
2026/4/19 14:31,老庄节制闸,2500
2026/4/19 14:36,老庄节制闸,2500
2026/4/19 14:42,老庄节制闸,2500
2026/4/19 14:47,老庄节制闸,2500
2026/4/19 14:52,老庄节制闸,2500
2026/4/19 14:58,老庄节制闸,2500
2026/4/19 15:03,老庄节制闸,2500
2026/4/19 15:08,老庄节制闸,2500
2026/4/19 15:14,老庄节制闸,2500
2026/4/19 15:19,老庄节制闸,2500
2026/4/19 15:25,老庄节制闸,2500
2026/4/19 15:30,老庄节制闸,2500
2026/4/19 15:35,老庄节制闸,2500
2026/4/19 15:41,老庄节制闸,2500
2026/4/19 15:46,老庄节制闸,2500
2026/4/19 15:51,老庄节制闸,2500
2026/4/19 15:57,老庄节制闸,2500
2026/4/19 16:02,老庄节制闸,2500
2026/4/19 16:07,老庄节制闸,2500
2026/4/19 16:13,老庄节制闸,2500
2026/4/19 16:18,老庄节制闸,2500
2026/4/19 16:24,老庄节制闸,2500
2026/4/19 16:29,老庄节制闸,2500
2026/4/19 16:34,老庄节制闸,2500
2026/4/19 16:40,老庄节制闸,2500
2026/4/19 16:45,老庄节制闸,2500
2026/4/19 16:50,老庄节制闸,2500
2026/4/19 16:56,老庄节制闸,2500
2026/4/19 17:01,老庄节制闸,2500
2026/4/19 17:06,老庄节制闸,2500
2026/4/19 17:12,老庄节制闸,2500
2026/4/19 17:17,老庄节制闸,2500
2026/4/19 17:22,老庄节制闸,2500
2026/4/19 17:28,老庄节制闸,2500
2026/4/19 17:33,老庄节制闸,2500
2026/4/19 17:39,老庄节制闸,2500
2026/4/19 17:44,老庄节制闸,2500
2026/4/19 17:49,老庄节制闸,2500
2026/4/19 17:55,老庄节制闸,2500
2026/4/19 18:00,老庄节制闸,2500
2026/4/19 18:05,老庄节制闸,2500
2026/4/19 18:11,老庄节制闸,2500
2026/4/19 18:16,老庄节制闸,2500
2026/4/19 18:21,老庄节制闸,2500
2026/4/19 18:27,老庄节制闸,2500
2026/4/19 18:32,老庄节制闸,1001
2026/4/19 18:38,老庄节制闸,1001
2026/4/19 18:43,老庄节制闸,601
2026/4/19 18:48,老庄节制闸,601
2026/4/19 18:54,老庄节制闸,601
2026/4/19 18:59,老庄节制闸,601
2026/4/19 19:04,老庄节制闸,601
2026/4/19 19:10,老庄节制闸,601
2026/4/19 19:15,老庄节制闸,601
2026/4/19 19:20,老庄节制闸,451
2026/4/19 19:26,老庄节制闸,601
2026/4/19 19:31,老庄节制闸,601
2026/4/19 19:36,老庄节制闸,601
2026/4/19 19:42,老庄节制闸,601
2026/4/19 19:47,老庄节制闸,601
2026/4/19 19:52,老庄节制闸,601
2026/4/19 19:58,老庄节制闸,601
2026/4/19 20:03,老庄节制闸,601
2026/4/19 20:08,老庄节制闸,601
2026/4/19 20:14,老庄节制闸,601
2026/4/19 20:19,老庄节制闸,601
2026/4/19 20:24,老庄节制闸,601
2026/4/19 20:29,老庄节制闸,601
2026/4/19 20:34,老庄节制闸,601
2026/4/19 20:40,老庄节制闸,601
2026/4/19 20:45,老庄节制闸,601
2026/4/19 20:50,老庄节制闸,601
2026/4/19 20:56,老庄节制闸,601
2026/4/19 21:01,老庄节制闸,601
2026/4/19 21:06,老庄节制闸,601
2026/4/19 21:11,老庄节制闸,601
2026/4/19 21:17,老庄节制闸,601
2026/4/19 21:22,老庄节制闸,601
2026/4/19 21:27,老庄节制闸,601
2026/4/19 21:33,老庄节制闸,401
2026/4/19 21:38,老庄节制闸,401
2026/4/19 21:43,老庄节制闸,401
2026/4/19 21:48,老庄节制闸,401
2026/4/19 21:53,老庄节制闸,401
2026/4/19 21:59,老庄节制闸,401
2026/4/19 22:04,老庄节制闸,401
2026/4/19 22:09,老庄节制闸,401
2026/4/19 22:15,老庄节制闸,401
2026/4/19 22:20,老庄节制闸,401
2026/4/19 22:25,老庄节制闸,401
2026/4/19 22:31,老庄节制闸,401
2026/4/19 22:36,老庄节制闸,401
2026/4/19 22:41,老庄节制闸,401
2026/4/19 22:46,老庄节制闸,401
2026/4/19 22:52,老庄节制闸,401
2026/4/19 22:57,老庄节制闸,401
2026/4/19 23:01,老庄节制闸,401
2026/4/19 23:08,老庄节制闸,401
2026/4/19 23:14,老庄节制闸,401
2026/4/19 23:19,老庄节制闸,401
2026/4/19 23:24,老庄节制闸,401
2026/4/19 23:30,老庄节制闸,401
2026/4/19 23:35,老庄节制闸,401
2026/4/19 23:40,老庄节制闸,401
2026/4/19 23:45,老庄节制闸,401
2026/4/19 23:50,老庄节制闸,401
2026/4/19 23:56,老庄节制闸,381
2026/4/20 0:01,老庄节制闸,381
2026/4/20 0:06,老庄节制闸,381
2026/4/20 0:12,老庄节制闸,381
2026/4/20 0:17,老庄节制闸,381
2026/4/20 0:23,老庄节制闸,381
2026/4/20 0:28,老庄节制闸,381
2026/4/20 0:33,老庄节制闸,381
2026/4/20 0:38,老庄节制闸,381
2026/4/20 0:43,老庄节制闸,381
2026/4/20 0:48,老庄节制闸,381
2026/4/20 0:53,老庄节制闸,381
2026/4/20 0:59,老庄节制闸,381
2026/4/20 1:04,老庄节制闸,381
2026/4/20 1:09,老庄节制闸,381
2026/4/20 1:15,老庄节制闸,381
2026/4/20 1:20,老庄节制闸,351
2026/4/20 1:25,老庄节制闸,351
2026/4/20 1:30,老庄节制闸,351
2026/4/20 1:36,老庄节制闸,351
2026/4/20 1:41,老庄节制闸,351
2026/4/20 1:46,老庄节制闸,351
2026/4/20 1:51,老庄节制闸,351
2026/4/20 1:56,老庄节制闸,351
2026/4/20 2:01,老庄节制闸,351
2026/4/20 2:07,老庄节制闸,351
2026/4/20 2:12,老庄节制闸,351
2026/4/20 2:17,老庄节制闸,351
2026/4/20 2:22,老庄节制闸,351
2026/4/20 2:27,老庄节制闸,351
2026/4/20 2:32,老庄节制闸,351
2026/4/20 2:38,老庄节制闸,351
2026/4/20 2:43,老庄节制闸,351
2026/4/20 2:48,老庄节制闸,351
2026/4/20 2:54,老庄节制闸,351
2026/4/20 2:59,老庄节制闸,351
2026/4/20 3:04,老庄节制闸,351
2026/4/20 3:09,老庄节制闸,351
2026/4/20 3:14,老庄节制闸,351
2026/4/20 3:20,老庄节制闸,351
2026/4/20 3:25,老庄节制闸,351
2026/4/20 3:30,老庄节制闸,351
2026/4/20 3:35,老庄节制闸,351
2026/4/20 3:40,老庄节制闸,351
2026/4/20 3:45,老庄节制闸,351
2026/4/20 3:51,老庄节制闸,351
2026/4/20 3:56,老庄节制闸,351
2026/4/20 4:01,老庄节制闸,351
2026/4/20 4:07,老庄节制闸,351
2026/4/20 4:12,老庄节制闸,351
2026/4/20 4:17,老庄节制闸,351
2026/4/20 4:23,老庄节制闸,351
2026/4/20 4:28,老庄节制闸,351
2026/4/20 4:34,老庄节制闸,351
2026/4/20 4:39,老庄节制闸,351
2026/4/20 4:44,老庄节制闸,351
2026/4/20 4:50,老庄节制闸,351
2026/4/20 4:55,老庄节制闸,351
2026/4/20 5:00,老庄节制闸,351
2026/4/20 5:06,老庄节制闸,351
2026/4/20 5:11,老庄节制闸,351
2026/4/20 5:17,老庄节制闸,351
2026/4/20 5:22,老庄节制闸,351
2026/4/20 5:27,老庄节制闸,351
2026/4/20 5:32,老庄节制闸,351
2026/4/20 5:38,老庄节制闸,351
2026/4/20 5:43,老庄节制闸,351
2026/4/20 5:48,老庄节制闸,331
2026/4/20 5:54,老庄节制闸,331
2026/4/20 5:59,老庄节制闸,331
2026/4/20 6:05,老庄节制闸,331
2026/4/20 6:10,老庄节制闸,331
2026/4/20 6:15,老庄节制闸,331
2026/4/20 6:21,老庄节制闸,331
2026/4/20 6:26,老庄节制闸,331
2026/4/20 6:32,老庄节制闸,331
2026/4/20 6:37,老庄节制闸,331
2026/4/20 6:42,老庄节制闸,331
2026/4/20 6:48,老庄节制闸,331
2026/4/20 6:53,老庄节制闸,331
2026/4/20 6:58,老庄节制闸,331
2026/4/20 7:04,老庄节制闸,331
2026/4/20 7:09,老庄节制闸,331
2026/4/20 7:14,老庄节制闸,331
2026/4/20 7:20,老庄节制闸,301
2026/4/20 7:25,老庄节制闸,301
2026/4/20 7:30,老庄节制闸,301
2026/4/20 7:36,老庄节制闸,301
2026/4/20 7:41,老庄节制闸,301
2026/4/20 7:46,老庄节制闸,301
2026/4/20 7:52,老庄节制闸,301
2026/4/20 7:57,老庄节制闸,301
2026/4/20 8:02,老庄节制闸,301
2026/4/20 8:08,老庄节制闸,301
2026/4/20 8:13,老庄节制闸,301
2026/4/20 8:18,老庄节制闸,301
2026/4/20 8:24,老庄节制闸,301
2026/4/20 8:29,老庄节制闸,301
2026/4/20 8:35,老庄节制闸,301
2026/4/20 8:40,老庄节制闸,301
2026/4/20 8:45,老庄节制闸,301
2026/4/20 8:51,老庄节制闸,301
2026/4/20 8:56,老庄节制闸,301
2026/4/20 9:01,老庄节制闸,301
2026/4/20 9:07,老庄节制闸,301
2026/4/20 9:12,老庄节制闸,401
2026/4/20 9:17,老庄节制闸,401
2026/4/20 9:23,老庄节制闸,401
2026/4/20 9:28,老庄节制闸,401
2026/4/20 9:34,老庄节制闸,401
2026/4/20 9:39,老庄节制闸,401
2026/4/20 9:44,老庄节制闸,401
2026/4/20 9:50,老庄节制闸,401
2026/4/20 9:55,老庄节制闸,401
2026/4/20 10:00,老庄节制闸,401
2026/4/20 10:06,老庄节制闸,401
2026/4/20 10:11,老庄节制闸,401
2026/4/20 10:17,老庄节制闸,401
2026/4/20 10:22,老庄节制闸,401
2026/4/20 10:27,老庄节制闸,401
2026/4/20 10:33,老庄节制闸,401
2026/4/20 10:38,老庄节制闸,401
2026/4/20 10:43,老庄节制闸,401
2026/4/20 10:49,老庄节制闸,401
2026/4/20 10:54,老庄节制闸,401
2026/4/20 10:59,老庄节制闸,401
2026/4/20 11:04,老庄节制闸,401
2026/4/20 11:10,老庄节制闸,401
2026/4/20 11:15,老庄节制闸,401
2026/4/20 11:20,老庄节制闸,401
2026/4/20 11:26,老庄节制闸,401
2026/4/20 11:31,老庄节制闸,401
2026/4/20 11:36,老庄节制闸,401
2026/4/20 11:42,老庄节制闸,401
2026/4/20 11:47,老庄节制闸,401
2026/4/20 11:52,老庄节制闸,401
2026/4/20 11:57,老庄节制闸,401
2026/4/20 12:02,老庄节制闸,501
2026/4/20 12:07,老庄节制闸,501
2026/4/20 12:13,老庄节制闸,501
2026/4/20 12:18,老庄节制闸,501
2026/4/20 12:24,老庄节制闸,501
2026/4/20 12:29,老庄节制闸,501
2026/4/20 12:34,老庄节制闸,501
2026/4/20 12:39,老庄节制闸,501
2026/4/20 12:45,老庄节制闸,501
2026/4/20 12:50,老庄节制闸,501
2026/4/20 12:55,老庄节制闸,501
2026/4/20 13:00,老庄节制闸,501
2026/4/20 13:05,老庄节制闸,501
2026/4/20 13:11,老庄节制闸,501
2026/4/20 13:16,老庄节制闸,501
2026/4/20 13:21,老庄节制闸,701
2026/4/20 13:26,老庄节制闸,701
2026/4/20 13:32,老庄节制闸,701
2026/4/20 13:37,老庄节制闸,701
2026/4/20 13:43,老庄节制闸,701
2026/4/20 13:48,老庄节制闸,701
2026/4/20 13:53,老庄节制闸,701
2026/4/20 13:59,老庄节制闸,701
2026/4/20 14:04,老庄节制闸,701
2026/4/20 14:10,老庄节制闸,701
2026/4/20 14:15,老庄节制闸,701
2026/4/20 14:20,老庄节制闸,701
2026/4/20 14:25,老庄节制闸,701
2026/4/20 14:30,老庄节制闸,701
2026/4/20 14:36,老庄节制闸,701
2026/4/20 14:41,老庄节制闸,701
2026/4/20 14:46,老庄节制闸,701
2026/4/20 14:51,老庄节制闸,701
2026/4/20 14:57,老庄节制闸,701
2026/4/20 15:02,老庄节制闸,701
2026/4/20 15:08,老庄节制闸,1001
2026/4/20 15:13,老庄节制闸,1001
2026/4/20 15:19,老庄节制闸,1001
2026/4/20 15:24,老庄节制闸,1001
2026/4/20 15:29,老庄节制闸,1001
2026/4/20 15:35,老庄节制闸,1001
2026/4/20 15:40,老庄节制闸,1001
2026/4/20 15:46,老庄节制闸,1001
2026/4/20 15:51,老庄节制闸,1001
2026/4/20 15:56,老庄节制闸,1001
2026/4/20 16:01,老庄节制闸,1001
2026/4/20 16:06,老庄节制闸,1001
2026/4/20 16:12,老庄节制闸,1001
2026/4/20 16:17,老庄节制闸,1001
2026/4/20 16:22,老庄节制闸,1001
2026/4/20 16:27,老庄节制闸,1001
2026/4/20 16:32,老庄节制闸,1001
2026/4/20 16:38,老庄节制闸,1001
2026/4/20 16:43,老庄节制闸,1001
2026/4/20 16:49,老庄节制闸,1001
2026/4/20 16:54,老庄节制闸,1001
2026/4/20 17:00,老庄节制闸,1001
2026/4/20 17:05,老庄节制闸,1001
2026/4/20 17:10,老庄节制闸,1001
2026/4/20 17:15,老庄节制闸,1001
2026/4/20 17:20,老庄节制闸,1001
2026/4/20 17:25,老庄节制闸,1001
2026/4/20 17:31,老庄节制闸,1001
2026/4/20 17:36,老庄节制闸,1001
2026/4/20 17:41,老庄节制闸,1001
2026/4/20 17:47,老庄节制闸,1001
2026/4/20 17:52,老庄节制闸,1001
2026/4/20 17:57,老庄节制闸,1001
2026/4/20 18:03,老庄节制闸,1001
2026/4/20 18:08,老庄节制闸,1001
2026/4/20 18:14,老庄节制闸,1001
2026/4/20 18:19,老庄节制闸,1001
2026/4/20 18:25,老庄节制闸,1001
2026/4/20 18:30,老庄节制闸,1001
2026/4/20 18:35,老庄节制闸,1001
2026/4/20 18:40,老庄节制闸,1001
2026/4/20 18:46,老庄节制闸,1050
2026/4/20 18:51,老庄节制闸,1050
2026/4/20 18:56,老庄节制闸,1050
2026/4/20 19:02,老庄节制闸,1050
2026/4/20 19:07,老庄节制闸,1050
2026/4/20 19:13,老庄节制闸,1050
2026/4/20 19:18,老庄节制闸,1050
2026/4/20 19:23,老庄节制闸,1050
2026/4/20 19:29,老庄节制闸,1050
2026/4/20 19:34,老庄节制闸,1050
2026/4/20 19:39,老庄节制闸,1050
2026/4/20 19:45,老庄节制闸,1050
2026/4/20 19:50,老庄节制闸,1050
2026/4/20 19:55,老庄节制闸,1050
2026/4/20 20:01,老庄节制闸,1050
2026/4/20 20:06,老庄节制闸,1050
2026/4/20 20:12,老庄节制闸,1050
2026/4/20 20:17,老庄节制闸,1050
2026/4/20 20:22,老庄节制闸,1050
2026/4/20 20:28,老庄节制闸,1050
2026/4/20 20:33,老庄节制闸,1050
2026/4/20 20:38,老庄节制闸,1050
2026/4/20 20:44,老庄节制闸,1050
2026/4/20 20:49,老庄节制闸,1050
2026/4/20 20:54,老庄节制闸,1050
2026/4/20 21:00,老庄节制闸,1050
2026/4/20 21:05,老庄节制闸,1050
2026/4/20 21:11,老庄节制闸,1050
2026/4/20 21:16,老庄节制闸,1050
2026/4/20 21:21,老庄节制闸,1050
2026/4/20 21:26,老庄节制闸,1050
2026/4/20 21:32,老庄节制闸,1050
2026/4/20 21:37,老庄节制闸,1050
2026/4/20 21:42,老庄节制闸,1050
2026/4/20 21:48,老庄节制闸,1050
2026/4/20 21:53,老庄节制闸,1050
2026/4/20 21:59,老庄节制闸,1050
2026/4/20 22:04,老庄节制闸,1050
2026/4/20 22:09,老庄节制闸,1050
2026/4/20 22:15,老庄节制闸,1050
2026/4/20 22:20,老庄节制闸,1050
2026/4/20 22:25,老庄节制闸,1050
2026/4/20 22:30,老庄节制闸,1050
2026/4/20 22:36,老庄节制闸,1050
2026/4/20 22:41,老庄节制闸,1050
2026/4/20 22:46,老庄节制闸,1050
2026/4/20 22:52,老庄节制闸,1050
2026/4/20 22:57,老庄节制闸,1050
2026/4/20 23:02,老庄节制闸,1050
2026/4/20 23:08,老庄节制闸,1050
2026/4/20 23:14,老庄节制闸,1050
2026/4/20 23:19,老庄节制闸,1050
2026/4/20 23:25,老庄节制闸,1050
2026/4/20 23:30,老庄节制闸,1050
2026/4/20 23:35,老庄节制闸,1050
2026/4/20 23:41,老庄节制闸,1050
2026/4/20 23:46,老庄节制闸,1050
2026/4/20 23:51,老庄节制闸,1050
2026/4/20 23:56,老庄节制闸,1050
2026/4/21 0:02,老庄节制闸,1050
2026/4/21 0:07,老庄节制闸,1050
2026/4/21 0:12,老庄节制闸,1050
2026/4/21 0:18,老庄节制闸,1050
2026/4/21 0:23,老庄节制闸,1050
2026/4/21 0:29,老庄节制闸,1050
2026/4/21 0:34,老庄节制闸,1050
2026/4/21 0:39,老庄节制闸,1050
2026/4/21 0:45,老庄节制闸,1050
2026/4/21 0:50,老庄节制闸,1050
2026/4/21 0:55,老庄节制闸,1050
2026/4/21 1:00,老庄节制闸,1050
2026/4/21 1:06,老庄节制闸,1050
2026/4/21 1:11,老庄节制闸,1050
2026/4/21 1:16,老庄节制闸,1050
2026/4/21 1:21,老庄节制闸,1050
2026/4/21 1:26,老庄节制闸,1050
2026/4/21 1:32,老庄节制闸,1050
2026/4/21 1:37,老庄节制闸,1050
2026/4/21 1:43,老庄节制闸,1050
2026/4/21 1:48,老庄节制闸,1050
2026/4/21 1:54,老庄节制闸,1050
2026/4/21 1:59,老庄节制闸,1050
2026/4/21 2:04,老庄节制闸,1050
2026/4/21 2:10,老庄节制闸,1050
2026/4/21 2:15,老庄节制闸,1050
2026/4/21 2:20,老庄节制闸,1050
2026/4/21 2:26,老庄节制闸,1050
2026/4/21 2:31,老庄节制闸,1050
2026/4/21 2:36,老庄节制闸,1050
2026/4/21 2:42,老庄节制闸,1050
2026/4/21 2:47,老庄节制闸,1050
2026/4/21 2:53,老庄节制闸,1050
2026/4/21 2:58,老庄节制闸,1050
2026/4/21 3:04,老庄节制闸,1050
2026/4/21 3:09,老庄节制闸,1050
2026/4/21 3:15,老庄节制闸,1050
2026/4/21 3:20,老庄节制闸,1050
2026/4/21 3:26,老庄节制闸,1050
2026/4/21 3:31,老庄节制闸,1050
2026/4/21 3:36,老庄节制闸,1050
2026/4/21 3:41,老庄节制闸,1050
2026/4/21 3:47,老庄节制闸,1050
2026/4/21 3:52,老庄节制闸,1050
2026/4/21 3:58,老庄节制闸,1050
2026/4/21 4:03,老庄节制闸,1200
2026/4/21 4:08,老庄节制闸,1200
2026/4/21 4:14,老庄节制闸,1200
2026/4/21 4:19,老庄节制闸,1200
2026/4/21 4:24,老庄节制闸,1200
2026/4/21 4:30,老庄节制闸,1200
2026/4/21 4:35,老庄节制闸,1200
2026/4/21 4:41,老庄节制闸,1200
2026/4/21 4:46,老庄节制闸,1200
2026/4/21 4:51,老庄节制闸,1200
2026/4/21 4:57,老庄节制闸,1200
2026/4/21 5:02,老庄节制闸,1200
2026/4/21 5:07,老庄节制闸,1200
2026/4/21 5:13,老庄节制闸,1200
2026/4/21 5:18,老庄节制闸,1200
2026/4/21 5:24,老庄节制闸,1200
2026/4/21 5:29,老庄节制闸,1200
2026/4/21 5:34,老庄节制闸,1200
2026/4/21 5:40,老庄节制闸,1200
2026/4/21 5:45,老庄节制闸,1200
2026/4/21 5:50,老庄节制闸,1200
2026/4/21 5:56,老庄节制闸,1200
2026/4/21 6:01,老庄节制闸,1200
2026/4/21 6:06,老庄节制闸,1200
2026/4/21 6:12,老庄节制闸,1200
2026/4/21 6:17,老庄节制闸,1200
2026/4/21 6:22,老庄节制闸,1200
2026/4/21 6:28,老庄节制闸,1200
2026/4/21 6:33,老庄节制闸,1200
2026/4/21 6:38,老庄节制闸,1200
2026/4/21 6:44,老庄节制闸,1200
2026/4/21 6:49,老庄节制闸,1200
2026/4/21 6:55,老庄节制闸,1200
2026/4/21 7:00,老庄节制闸,1200
2026/4/21 7:05,老庄节制闸,1200
2026/4/21 7:11,老庄节制闸,1200
2026/4/21 7:16,老庄节制闸,1200
2026/4/21 7:21,老庄节制闸,1200
2026/4/21 7:26,老庄节制闸,1200
2026/4/21 7:32,老庄节制闸,1200
2026/4/21 7:37,老庄节制闸,1001
2026/4/21 7:42,老庄节制闸,1001
2026/4/21 7:47,老庄节制闸,1001
2026/4/21 7:53,老庄节制闸,1001
2026/4/21 7:58,老庄节制闸,1001
2026/4/21 8:03,老庄节制闸,1001
2026/4/21 8:09,老庄节制闸,1001
2026/4/21 8:14,老庄节制闸,2000
2026/4/21 8:19,老庄节制闸,2000
2026/4/21 8:25,老庄节制闸,2000
2026/4/21 8:30,老庄节制闸,2000
2026/4/21 8:35,老庄节制闸,2000
2026/4/21 8:40,老庄节制闸,2000
2026/4/21 8:45,老庄节制闸,2000
2026/4/21 8:50,老庄节制闸,2000
2026/4/21 8:55,老庄节制闸,2000
2026/4/21 9:01,老庄节制闸,2000
2026/4/21 9:06,老庄节制闸,2000
2026/4/21 9:11,老庄节制闸,2000
2026/4/21 9:17,老庄节制闸,2000
2026/4/21 9:22,老庄节制闸,2000
2026/4/21 9:27,老庄节制闸,2000
2026/4/21 9:32,老庄节制闸,2000
2026/4/21 9:38,老庄节制闸,2000
2026/4/21 9:43,老庄节制闸,2000
2026/4/21 9:48,老庄节制闸,2000
2026/4/21 9:53,老庄节制闸,2000
2026/4/21 9:59,老庄节制闸,2000
2026/4/21 10:04,老庄节制闸,2000
2026/4/21 10:10,老庄节制闸,2000
2026/4/21 10:15,老庄节制闸,2000
2026/4/21 10:20,老庄节制闸,2000
2026/4/21 10:25,老庄节制闸,2000
2026/4/21 10:31,老庄节制闸,2000
2026/4/21 10:36,老庄节制闸,2000
2026/4/21 10:42,老庄节制闸,2000
2026/4/21 10:47,老庄节制闸,2000
2026/4/21 10:53,老庄节制闸,2000
2026/4/21 10:58,老庄节制闸,2000
2026/4/21 11:03,老庄节制闸,2000
2026/4/21 11:08,老庄节制闸,2000
2026/4/21 11:14,老庄节制闸,2000
2026/4/21 11:19,老庄节制闸,2000
2026/4/21 11:24,老庄节制闸,2000
2026/4/21 11:29,老庄节制闸,2000
2026/4/21 11:35,老庄节制闸,2000
2026/4/21 11:40,老庄节制闸,2000
2026/4/21 11:45,老庄节制闸,2000
2026/4/21 11:50,老庄节制闸,2000
2026/4/21 11:55,老庄节制闸,2000
2026/4/21 12:00,老庄节制闸,2000
2026/4/21 12:06,老庄节制闸,2000
2026/4/21 12:11,老庄节制闸,2000
2026/4/21 12:16,老庄节制闸,1721
2026/4/21 12:21,老庄节制闸,2
2026/4/21 12:27,老庄节制闸,2
2026/4/21 12:32,老庄节制闸,2
2026/4/21 12:38,老庄节制闸,2
2026/4/21 12:43,老庄节制闸,2
2026/4/21 12:49,老庄节制闸,2
2026/4/21 12:54,老庄节制闸,2
2026/4/21 12:59,老庄节制闸,2
2026/4/21 13:04,老庄节制闸,2
2026/4/21 13:10,老庄节制闸,2
2026/4/21 13:15,老庄节制闸,2
2026/4/21 13:21,老庄节制闸,2
2026/4/21 13:26,老庄节制闸,2
2026/4/21 13:31,老庄节制闸,2
2026/4/21 13:37,老庄节制闸,2
2026/4/21 13:42,老庄节制闸,2
2026/4/21 13:47,老庄节制闸,2
2026/4/21 13:53,老庄节制闸,2
2026/4/21 13:58,老庄节制闸,2
2026/4/21 14:03,老庄节制闸,2
2026/4/21 14:09,老庄节制闸,2
2026/4/21 14:14,老庄节制闸,2
2026/4/21 14:19,老庄节制闸,2
2026/4/21 14:25,老庄节制闸,2
2026/4/21 14:30,老庄节制闸,2
2026/4/21 14:36,老庄节制闸,2
2026/4/21 14:41,老庄节制闸,2
2026/4/21 14:47,老庄节制闸,2
2026/4/21 14:52,老庄节制闸,2
2026/4/21 14:57,老庄节制闸,2
2026/4/21 15:02,老庄节制闸,2
2026/4/21 15:08,老庄节制闸,2
2026/4/21 15:13,老庄节制闸,2
2026/4/21 15:18,老庄节制闸,2
2026/4/21 15:24,老庄节制闸,2
2026/4/21 15:29,老庄节制闸,2
2026/4/21 15:35,老庄节制闸,2
2026/4/21 15:40,老庄节制闸,2
2026/4/21 15:45,老庄节制闸,2
2026/4/21 15:51,老庄节制闸,2
2026/4/21 15:56,老庄节制闸,2
2026/4/21 16:01,老庄节制闸,2
2026/4/21 16:06,老庄节制闸,2
2026/4/21 16:11,老庄节制闸,2
2026/4/21 16:16,老庄节制闸,2
2026/4/21 16:22,老庄节制闸,2
2026/4/21 16:27,老庄节制闸,2
2026/4/21 16:32,老庄节制闸,2
2026/4/21 16:37,老庄节制闸,2
2026/4/21 16:42,老庄节制闸,2
2026/4/21 16:48,老庄节制闸,2
2026/4/21 16:53,老庄节制闸,2
2026/4/21 16:58,老庄节制闸,2
2026/4/21 17:03,老庄节制闸,2
2026/4/21 17:09,老庄节制闸,2
2026/4/21 17:14,老庄节制闸,2
2026/4/21 17:19,老庄节制闸,892
2026/4/21 17:25,老庄节制闸,1001
2026/4/14 0:04,阳院节制闸,15
2026/4/14 0:10,阳院节制闸,15
2026/4/14 0:15,阳院节制闸,15
2026/4/14 0:20,阳院节制闸,15
2026/4/14 0:25,阳院节制闸,15
2026/4/14 0:31,阳院节制闸,15
2026/4/14 0:36,阳院节制闸,15
2026/4/14 0:42,阳院节制闸,15
2026/4/14 0:47,阳院节制闸,15
2026/4/14 0:52,阳院节制闸,15
2026/4/14 0:57,阳院节制闸,15
2026/4/14 1:03,阳院节制闸,15
2026/4/14 1:08,阳院节制闸,15
2026/4/14 1:13,阳院节制闸,15
2026/4/14 1:18,阳院节制闸,15
2026/4/14 1:24,阳院节制闸,15
2026/4/14 1:29,阳院节制闸,15
2026/4/14 1:35,阳院节制闸,15
2026/4/14 1:40,阳院节制闸,15
2026/4/14 1:46,阳院节制闸,15
2026/4/14 1:51,阳院节制闸,15
2026/4/14 1:57,阳院节制闸,15
2026/4/14 2:02,阳院节制闸,20
2026/4/14 2:07,阳院节制闸,20
2026/4/14 2:12,阳院节制闸,20
2026/4/14 2:18,阳院节制闸,20
2026/4/14 2:23,阳院节制闸,20
2026/4/14 2:29,阳院节制闸,20
2026/4/14 2:34,阳院节制闸,20
2026/4/14 2:39,阳院节制闸,20
2026/4/14 2:44,阳院节制闸,20
2026/4/14 2:50,阳院节制闸,20
2026/4/14 2:55,阳院节制闸,20
2026/4/14 3:01,阳院节制闸,20
2026/4/14 3:06,阳院节制闸,20
2026/4/14 3:11,阳院节制闸,20
2026/4/14 3:17,阳院节制闸,20
2026/4/14 3:22,阳院节制闸,20
2026/4/14 3:27,阳院节制闸,20
2026/4/14 3:32,阳院节制闸,20
2026/4/14 3:37,阳院节制闸,20
2026/4/14 3:42,阳院节制闸,20
2026/4/14 3:48,阳院节制闸,20
2026/4/14 3:53,阳院节制闸,20
2026/4/14 3:59,阳院节制闸,20
2026/4/14 4:04,阳院节制闸,20
2026/4/14 4:09,阳院节制闸,20
2026/4/14 4:14,阳院节制闸,20
2026/4/14 4:19,阳院节制闸,20
2026/4/14 4:25,阳院节制闸,20
2026/4/14 4:30,阳院节制闸,20
2026/4/14 4:35,阳院节制闸,20
2026/4/14 4:41,阳院节制闸,20
2026/4/14 4:46,阳院节制闸,20
2026/4/14 4:51,阳院节制闸,20
2026/4/14 4:57,阳院节制闸,20
2026/4/14 5:02,阳院节制闸,20
2026/4/14 5:07,阳院节制闸,20
2026/4/14 5:13,阳院节制闸,20
2026/4/14 5:18,阳院节制闸,20
2026/4/14 5:23,阳院节制闸,25
2026/4/14 5:29,阳院节制闸,25
2026/4/14 5:34,阳院节制闸,25
2026/4/14 5:40,阳院节制闸,25
2026/4/14 5:45,阳院节制闸,30
2026/4/14 5:51,阳院节制闸,30
2026/4/14 5:56,阳院节制闸,30
2026/4/14 6:02,阳院节制闸,30
2026/4/14 6:07,阳院节制闸,30
2026/4/14 6:13,阳院节制闸,30
2026/4/14 6:18,阳院节制闸,30
2026/4/14 6:24,阳院节制闸,30
2026/4/14 6:29,阳院节制闸,30
2026/4/14 6:34,阳院节制闸,30
2026/4/14 6:40,阳院节制闸,30
2026/4/14 6:45,阳院节制闸,30
2026/4/14 6:50,阳院节制闸,30
2026/4/14 6:56,阳院节制闸,30
2026/4/14 7:01,阳院节制闸,30
2026/4/14 7:06,阳院节制闸,30
2026/4/14 7:12,阳院节制闸,35
2026/4/14 7:17,阳院节制闸,35
2026/4/14 7:22,阳院节制闸,30
2026/4/14 7:28,阳院节制闸,30
2026/4/14 7:33,阳院节制闸,30
2026/4/14 7:38,阳院节制闸,30
2026/4/14 7:44,阳院节制闸,30
2026/4/14 7:49,阳院节制闸,30
2026/4/14 7:54,阳院节制闸,30
2026/4/14 7:59,阳院节制闸,30
2026/4/14 8:05,阳院节制闸,30
2026/4/14 8:10,阳院节制闸,30
2026/4/14 8:15,阳院节制闸,30
2026/4/14 8:20,阳院节制闸,30
2026/4/14 8:26,阳院节制闸,30
2026/4/14 8:31,阳院节制闸,30
2026/4/14 8:37,阳院节制闸,30
2026/4/14 8:42,阳院节制闸,30
2026/4/14 8:48,阳院节制闸,30
2026/4/14 8:53,阳院节制闸,30
2026/4/14 8:59,阳院节制闸,30
2026/4/14 9:04,阳院节制闸,30
2026/4/14 9:09,阳院节制闸,30
2026/4/14 9:14,阳院节制闸,30
2026/4/14 9:20,阳院节制闸,30
2026/4/14 9:25,阳院节制闸,30
2026/4/14 9:31,阳院节制闸,30
2026/4/14 9:36,阳院节制闸,30
2026/4/14 9:41,阳院节制闸,30
2026/4/14 9:47,阳院节制闸,30
2026/4/14 9:52,阳院节制闸,30
2026/4/14 9:58,阳院节制闸,30
2026/4/14 10:03,阳院节制闸,30
2026/4/14 10:08,阳院节制闸,30
2026/4/14 10:14,阳院节制闸,25
2026/4/14 10:19,阳院节制闸,25
2026/4/14 10:24,阳院节制闸,25
2026/4/14 10:30,阳院节制闸,25
2026/4/14 10:35,阳院节制闸,50
2026/4/14 10:41,阳院节制闸,25
2026/4/14 10:46,阳院节制闸,25
2026/4/14 10:52,阳院节制闸,25
2026/4/14 10:57,阳院节制闸,25
2026/4/14 11:02,阳院节制闸,25
2026/4/14 11:07,阳院节制闸,25
2026/4/14 11:12,阳院节制闸,25
2026/4/14 11:18,阳院节制闸,25
2026/4/14 11:23,阳院节制闸,25
2026/4/14 11:28,阳院节制闸,25
2026/4/14 11:34,阳院节制闸,25
2026/4/14 11:39,阳院节制闸,25
2026/4/14 11:44,阳院节制闸,25
2026/4/14 11:49,阳院节制闸,25
2026/4/14 11:54,阳院节制闸,25
2026/4/14 11:59,阳院节制闸,25
2026/4/14 12:05,阳院节制闸,25
2026/4/14 12:10,阳院节制闸,25
2026/4/14 12:15,阳院节制闸,25
2026/4/14 12:21,阳院节制闸,25
2026/4/14 12:26,阳院节制闸,25
2026/4/14 12:32,阳院节制闸,25
2026/4/14 12:37,阳院节制闸,25
2026/4/14 12:42,阳院节制闸,25
2026/4/14 12:47,阳院节制闸,25
2026/4/14 12:53,阳院节制闸,25
2026/4/14 12:58,阳院节制闸,25
2026/4/14 13:04,阳院节制闸,1
2026/4/14 13:09,阳院节制闸,-9
2026/4/14 13:14,阳院节制闸,-9
2026/4/14 13:19,阳院节制闸,-9
2026/4/14 13:25,阳院节制闸,-9
2026/4/14 13:30,阳院节制闸,-9
2026/4/14 13:35,阳院节制闸,-9
2026/4/14 13:40,阳院节制闸,-9
2026/4/14 13:45,阳院节制闸,-9
2026/4/14 13:51,阳院节制闸,-9
2026/4/14 13:56,阳院节制闸,-9
2026/4/14 14:01,阳院节制闸,-9
2026/4/14 14:07,阳院节制闸,-9
2026/4/14 14:12,阳院节制闸,-9
2026/4/14 14:18,阳院节制闸,-9
2026/4/14 14:23,阳院节制闸,-9
2026/4/14 14:28,阳院节制闸,-9
2026/4/14 14:34,阳院节制闸,-9
2026/4/14 14:39,阳院节制闸,-9
2026/4/14 14:45,阳院节制闸,-9
2026/4/14 14:50,阳院节制闸,-9
2026/4/14 14:55,阳院节制闸,-9
2026/4/14 15:00,阳院节制闸,-9
2026/4/14 15:05,阳院节制闸,-9
2026/4/14 15:11,阳院节制闸,-9
2026/4/14 15:16,阳院节制闸,-9
2026/4/14 15:22,阳院节制闸,-9
2026/4/14 15:27,阳院节制闸,-9
2026/4/14 15:32,阳院节制闸,-9
2026/4/14 15:37,阳院节制闸,-9
2026/4/14 15:42,阳院节制闸,-9
2026/4/14 15:48,阳院节制闸,-9
2026/4/14 15:53,阳院节制闸,-9
2026/4/14 15:58,阳院节制闸,-9
2026/4/14 16:04,阳院节制闸,-9
2026/4/14 16:09,阳院节制闸,-9
2026/4/14 16:15,阳院节制闸,-9
2026/4/14 16:20,阳院节制闸,-9
2026/4/14 16:25,阳院节制闸,-9
2026/4/14 16:31,阳院节制闸,-9
2026/4/14 16:54,阳院节制闸,-9
2026/4/14 16:59,阳院节制闸,-9
2026/4/14 17:05,阳院节制闸,-9
2026/4/14 17:10,阳院节制闸,-9
2026/4/14 17:15,阳院节制闸,-9
2026/4/14 17:21,阳院节制闸,-9
2026/4/14 17:26,阳院节制闸,-9
2026/4/14 17:31,阳院节制闸,-9
2026/4/14 17:37,阳院节制闸,-9
2026/4/14 17:42,阳院节制闸,-9
2026/4/14 17:47,阳院节制闸,-9
2026/4/14 17:52,阳院节制闸,-9
2026/4/14 17:58,阳院节制闸,-9
2026/4/14 18:03,阳院节制闸,-9
2026/4/14 18:09,阳院节制闸,-9
2026/4/14 18:14,阳院节制闸,-9
2026/4/14 18:19,阳院节制闸,-9
2026/4/14 18:25,阳院节制闸,-9
2026/4/14 18:30,阳院节制闸,-9
2026/4/14 18:36,阳院节制闸,-9
2026/4/14 18:41,阳院节制闸,-9
2026/4/14 18:47,阳院节制闸,-9
2026/4/14 18:52,阳院节制闸,-9
2026/4/14 18:58,阳院节制闸,-9
2026/4/14 19:03,阳院节制闸,-9
2026/4/14 19:08,阳院节制闸,-9
2026/4/14 19:14,阳院节制闸,-9
2026/4/14 19:19,阳院节制闸,-9
2026/4/14 19:24,阳院节制闸,-9
2026/4/14 19:29,阳院节制闸,-9
2026/4/14 19:34,阳院节制闸,-9
2026/4/14 19:40,阳院节制闸,-9
2026/4/14 19:45,阳院节制闸,-9
2026/4/14 19:50,阳院节制闸,-9
2026/4/14 19:55,阳院节制闸,-9
2026/4/14 20:00,阳院节制闸,-9
2026/4/14 20:06,阳院节制闸,-9
2026/4/14 20:11,阳院节制闸,-9
2026/4/14 20:16,阳院节制闸,-9
2026/4/14 20:21,阳院节制闸,-9
2026/4/14 20:27,阳院节制闸,-9
2026/4/14 20:32,阳院节制闸,-9
2026/4/14 20:37,阳院节制闸,-9
2026/4/14 20:42,阳院节制闸,-9
2026/4/14 20:47,阳院节制闸,-9
2026/4/14 20:53,阳院节制闸,-9
2026/4/14 20:58,阳院节制闸,-9
2026/4/14 21:03,阳院节制闸,-9
2026/4/14 21:08,阳院节制闸,-9
2026/4/14 21:13,阳院节制闸,-9
2026/4/14 21:19,阳院节制闸,-9
2026/4/14 21:24,阳院节制闸,-9
2026/4/14 21:30,阳院节制闸,-9
2026/4/14 21:35,阳院节制闸,-9
2026/4/14 21:41,阳院节制闸,-9
2026/4/14 21:46,阳院节制闸,-9
2026/4/14 21:52,阳院节制闸,-9
2026/4/14 21:57,阳院节制闸,-9
2026/4/14 22:02,阳院节制闸,-9
2026/4/14 22:07,阳院节制闸,-9
2026/4/14 22:13,阳院节制闸,-9
2026/4/14 22:18,阳院节制闸,-9
2026/4/14 22:24,阳院节制闸,-9
2026/4/14 22:29,阳院节制闸,-9
2026/4/14 22:34,阳院节制闸,-9
2026/4/14 22:40,阳院节制闸,-9
2026/4/14 22:45,阳院节制闸,-9
2026/4/14 22:50,阳院节制闸,-9
2026/4/14 22:55,阳院节制闸,-9
2026/4/14 23:00,阳院节制闸,-9
2026/4/14 23:04,阳院节制闸,-9
2026/4/14 23:11,阳院节制闸,-9
2026/4/14 23:16,阳院节制闸,-9
2026/4/14 23:22,阳院节制闸,-9
2026/4/14 23:27,阳院节制闸,-9
2026/4/14 23:32,阳院节制闸,-9
2026/4/14 23:38,阳院节制闸,-9
2026/4/14 23:43,阳院节制闸,-9
2026/4/14 23:48,阳院节制闸,-9
2026/4/14 23:54,阳院节制闸,-9
2026/4/14 23:59,阳院节制闸,-9
2026/4/15 0:04,阳院节制闸,-9
2026/4/15 0:09,阳院节制闸,-9
2026/4/15 0:14,阳院节制闸,-9
2026/4/15 0:19,阳院节制闸,-9
2026/4/15 0:25,阳院节制闸,-9
2026/4/15 0:30,阳院节制闸,-9
2026/4/15 0:35,阳院节制闸,-9
2026/4/15 0:41,阳院节制闸,-9
2026/4/15 0:46,阳院节制闸,-9
2026/4/15 0:51,阳院节制闸,-9
2026/4/15 0:57,阳院节制闸,-9
2026/4/15 1:02,阳院节制闸,-9
2026/4/15 1:07,阳院节制闸,-9
2026/4/15 1:13,阳院节制闸,-9
2026/4/15 1:18,阳院节制闸,-9
2026/4/15 1:23,阳院节制闸,-9
2026/4/15 1:29,阳院节制闸,-9
2026/4/15 1:34,阳院节制闸,-9
2026/4/15 1:40,阳院节制闸,-9
2026/4/15 1:45,阳院节制闸,-9
2026/4/15 1:50,阳院节制闸,-9
2026/4/15 1:55,阳院节制闸,-9
2026/4/15 2:01,阳院节制闸,-9
2026/4/15 2:06,阳院节制闸,-9
2026/4/15 2:12,阳院节制闸,-9
2026/4/15 2:17,阳院节制闸,-9
2026/4/15 2:22,阳院节制闸,-9
2026/4/15 2:27,阳院节制闸,-9
2026/4/15 2:33,阳院节制闸,-9
2026/4/15 2:38,阳院节制闸,-9
2026/4/15 2:44,阳院节制闸,-9
2026/4/15 2:49,阳院节制闸,-9
2026/4/15 2:54,阳院节制闸,-9
2026/4/15 2:59,阳院节制闸,-9
2026/4/15 3:05,阳院节制闸,-9
2026/4/15 3:10,阳院节制闸,-9
2026/4/15 3:15,阳院节制闸,-9
2026/4/15 3:20,阳院节制闸,-9
2026/4/15 3:25,阳院节制闸,-9
2026/4/15 3:31,阳院节制闸,-9
2026/4/15 3:36,阳院节制闸,-9
2026/4/15 3:42,阳院节制闸,-9
2026/4/15 3:47,阳院节制闸,-9
2026/4/15 3:52,阳院节制闸,-9
2026/4/15 3:58,阳院节制闸,-9
2026/4/15 4:03,阳院节制闸,-9
2026/4/15 4:08,阳院节制闸,-9
2026/4/15 4:14,阳院节制闸,-9
2026/4/15 4:19,阳院节制闸,-9
2026/4/15 4:24,阳院节制闸,-9
2026/4/15 4:30,阳院节制闸,-9
2026/4/15 4:35,阳院节制闸,-9
2026/4/15 4:40,阳院节制闸,-9
2026/4/15 4:46,阳院节制闸,-9
2026/4/15 4:51,阳院节制闸,-9
2026/4/15 4:57,阳院节制闸,-9
2026/4/15 5:02,阳院节制闸,-9
2026/4/15 5:08,阳院节制闸,-9
2026/4/15 5:13,阳院节制闸,-9
2026/4/15 5:19,阳院节制闸,-9
2026/4/15 5:24,阳院节制闸,-9
2026/4/15 5:30,阳院节制闸,-9
2026/4/15 5:35,阳院节制闸,-9
2026/4/15 5:40,阳院节制闸,-9
2026/4/15 5:46,阳院节制闸,-9
2026/4/15 5:51,阳院节制闸,-9
2026/4/15 5:56,阳院节制闸,-9
2026/4/15 6:02,阳院节制闸,-9
2026/4/15 6:07,阳院节制闸,-9
2026/4/15 6:13,阳院节制闸,-9
2026/4/15 6:18,阳院节制闸,-9
2026/4/15 6:23,阳院节制闸,-9
2026/4/15 6:29,阳院节制闸,-9
2026/4/15 6:34,阳院节制闸,-9
2026/4/15 6:39,阳院节制闸,-9
2026/4/15 6:45,阳院节制闸,-9
2026/4/15 6:50,阳院节制闸,-9
2026/4/15 6:56,阳院节制闸,-9
2026/4/15 7:01,阳院节制闸,-9
2026/4/15 7:06,阳院节制闸,-9
2026/4/15 7:12,阳院节制闸,-9
2026/4/15 7:17,阳院节制闸,-9
2026/4/15 7:23,阳院节制闸,-9
2026/4/15 7:28,阳院节制闸,-9
2026/4/15 7:34,阳院节制闸,-9
2026/4/15 7:39,阳院节制闸,-9
2026/4/15 7:44,阳院节制闸,-9
2026/4/15 7:50,阳院节制闸,-9
2026/4/15 7:55,阳院节制闸,-9
2026/4/15 8:00,阳院节制闸,-9
2026/4/15 8:06,阳院节制闸,-9
2026/4/15 8:11,阳院节制闸,-9
2026/4/15 8:17,阳院节制闸,-9
2026/4/15 8:22,阳院节制闸,-9
2026/4/15 8:27,阳院节制闸,-9
2026/4/15 8:32,阳院节制闸,-9
2026/4/15 8:37,阳院节制闸,-9
2026/4/15 8:43,阳院节制闸,-9
2026/4/15 8:48,阳院节制闸,-9
2026/4/15 8:54,阳院节制闸,-9
2026/4/15 8:59,阳院节制闸,-9
2026/4/15 9:04,阳院节制闸,-9
2026/4/15 9:10,阳院节制闸,-9
2026/4/15 9:15,阳院节制闸,-9
2026/4/15 9:20,阳院节制闸,-9
2026/4/15 9:26,阳院节制闸,-9
2026/4/15 9:31,阳院节制闸,-9
2026/4/15 9:36,阳院节制闸,-9
2026/4/15 9:42,阳院节制闸,-9
2026/4/15 9:47,阳院节制闸,-9
2026/4/15 9:52,阳院节制闸,-9
2026/4/15 9:57,阳院节制闸,-9
2026/4/15 10:03,阳院节制闸,-9
2026/4/15 10:08,阳院节制闸,-9
2026/4/15 10:14,阳院节制闸,-9
2026/4/15 10:19,阳院节制闸,-9
2026/4/15 10:24,阳院节制闸,-9
2026/4/15 10:29,阳院节制闸,-9
2026/4/15 10:34,阳院节制闸,-9
2026/4/15 10:40,阳院节制闸,-9
2026/4/15 10:45,阳院节制闸,-9
2026/4/15 10:50,阳院节制闸,-9
2026/4/15 10:56,阳院节制闸,-9
2026/4/15 11:01,阳院节制闸,-9
2026/4/15 11:06,阳院节制闸,-9
2026/4/15 11:11,阳院节制闸,-9
2026/4/15 11:17,阳院节制闸,-9
2026/4/15 11:22,阳院节制闸,-9
2026/4/15 11:27,阳院节制闸,-9
2026/4/15 11:33,阳院节制闸,-9
2026/4/15 11:38,阳院节制闸,-9
2026/4/15 11:43,阳院节制闸,-9
2026/4/15 11:48,阳院节制闸,-9
2026/4/15 11:54,阳院节制闸,-9
2026/4/15 11:59,阳院节制闸,-9
2026/4/15 12:04,阳院节制闸,-9
2026/4/15 12:10,阳院节制闸,-9
2026/4/15 12:15,阳院节制闸,-9
2026/4/15 12:20,阳院节制闸,-9
2026/4/15 12:26,阳院节制闸,-9
2026/4/15 12:31,阳院节制闸,-9
2026/4/15 12:37,阳院节制闸,-9
2026/4/15 12:42,阳院节制闸,-9
2026/4/15 12:47,阳院节制闸,-9
2026/4/15 12:52,阳院节制闸,-9
2026/4/15 12:58,阳院节制闸,-9
2026/4/15 13:03,阳院节制闸,-9
2026/4/15 13:09,阳院节制闸,-9
2026/4/15 13:14,阳院节制闸,-9
2026/4/15 13:19,阳院节制闸,-9
2026/4/15 13:25,阳院节制闸,-9
2026/4/15 13:30,阳院节制闸,-9
2026/4/15 13:35,阳院节制闸,-9
2026/4/15 13:40,阳院节制闸,-9
2026/4/15 13:45,阳院节制闸,-9
2026/4/15 13:51,阳院节制闸,-9
2026/4/15 13:56,阳院节制闸,-9
2026/4/15 14:02,阳院节制闸,-9
2026/4/15 14:07,阳院节制闸,-9
2026/4/15 14:13,阳院节制闸,-9
2026/4/15 14:18,阳院节制闸,-9
2026/4/15 14:23,阳院节制闸,-9
2026/4/15 14:29,阳院节制闸,-9
2026/4/15 14:34,阳院节制闸,-9
2026/4/15 14:39,阳院节制闸,-9
2026/4/15 14:45,阳院节制闸,-9
2026/4/15 14:50,阳院节制闸,-9
2026/4/15 14:56,阳院节制闸,-9
2026/4/15 15:01,阳院节制闸,-9
2026/4/15 15:06,阳院节制闸,-9
2026/4/15 15:12,阳院节制闸,-9
2026/4/15 15:17,阳院节制闸,-9
2026/4/15 15:23,阳院节制闸,-9
2026/4/15 15:28,阳院节制闸,-9
2026/4/15 15:34,阳院节制闸,-9
2026/4/15 15:39,阳院节制闸,-9
2026/4/15 15:45,阳院节制闸,-9
2026/4/15 15:50,阳院节制闸,-9
2026/4/15 15:55,阳院节制闸,-9
2026/4/15 16:00,阳院节制闸,-9
2026/4/15 16:05,阳院节制闸,-9
2026/4/15 16:10,阳院节制闸,-9
2026/4/15 16:16,阳院节制闸,-9
2026/4/15 16:21,阳院节制闸,-9
2026/4/15 16:27,阳院节制闸,-9
2026/4/15 16:32,阳院节制闸,-9
2026/4/15 16:37,阳院节制闸,-9
2026/4/15 16:43,阳院节制闸,-9
2026/4/15 16:48,阳院节制闸,-9
2026/4/15 16:54,阳院节制闸,-9
2026/4/15 16:59,阳院节制闸,-9
2026/4/15 17:04,阳院节制闸,-9
2026/4/15 17:10,阳院节制闸,-9
2026/4/15 17:15,阳院节制闸,-9
2026/4/15 17:21,阳院节制闸,-9
2026/4/15 17:26,阳院节制闸,-9
2026/4/15 17:31,阳院节制闸,-9
2026/4/15 17:37,阳院节制闸,-9
2026/4/15 17:42,阳院节制闸,-9
2026/4/15 17:47,阳院节制闸,-9
2026/4/15 17:52,阳院节制闸,-9
2026/4/15 17:58,阳院节制闸,-9
2026/4/15 18:03,阳院节制闸,-9
2026/4/15 18:08,阳院节制闸,-9
2026/4/15 18:14,阳院节制闸,-9
2026/4/15 18:19,阳院节制闸,-9
2026/4/15 18:25,阳院节制闸,-9
2026/4/15 18:30,阳院节制闸,-9
2026/4/15 18:35,阳院节制闸,-9
2026/4/15 18:41,阳院节制闸,-9
2026/4/15 18:46,阳院节制闸,-9
2026/4/15 18:51,阳院节制闸,-9
2026/4/15 18:56,阳院节制闸,-9
2026/4/15 19:02,阳院节制闸,-9
2026/4/15 19:07,阳院节制闸,-9
2026/4/15 19:13,阳院节制闸,-9
2026/4/15 19:18,阳院节制闸,-9
2026/4/15 19:24,阳院节制闸,-9
2026/4/15 19:29,阳院节制闸,-9
2026/4/15 19:34,阳院节制闸,-9
2026/4/15 19:40,阳院节制闸,-9
2026/4/15 19:45,阳院节制闸,-9
2026/4/15 19:50,阳院节制闸,-9
2026/4/15 19:56,阳院节制闸,-9
2026/4/15 20:01,阳院节制闸,-9
2026/4/15 20:06,阳院节制闸,-9
2026/4/15 20:12,阳院节制闸,-9
2026/4/15 20:17,阳院节制闸,-9
2026/4/15 20:23,阳院节制闸,-9
2026/4/15 20:28,阳院节制闸,-9
2026/4/15 20:33,阳院节制闸,-9
2026/4/15 20:39,阳院节制闸,-9
2026/4/15 20:44,阳院节制闸,-9
2026/4/15 20:50,阳院节制闸,-9
2026/4/15 20:55,阳院节制闸,-9
2026/4/15 21:00,阳院节制闸,-9
2026/4/15 21:05,阳院节制闸,-9
2026/4/15 21:11,阳院节制闸,-9
2026/4/15 21:16,阳院节制闸,-9
2026/4/15 21:22,阳院节制闸,-9
2026/4/15 21:27,阳院节制闸,-9
2026/4/15 21:32,阳院节制闸,-9
2026/4/15 21:38,阳院节制闸,-9
2026/4/15 21:43,阳院节制闸,-9
2026/4/15 21:48,阳院节制闸,-9
2026/4/15 21:54,阳院节制闸,-9
2026/4/15 21:59,阳院节制闸,-9
2026/4/15 22:04,阳院节制闸,-9
2026/4/15 22:10,阳院节制闸,-9
2026/4/15 22:15,阳院节制闸,-9
2026/4/15 22:21,阳院节制闸,-9
2026/4/15 22:26,阳院节制闸,-9
2026/4/15 22:31,阳院节制闸,-9
2026/4/15 22:36,阳院节制闸,-9
2026/4/15 22:42,阳院节制闸,-9
2026/4/15 22:47,阳院节制闸,-9
2026/4/15 22:53,阳院节制闸,-9
2026/4/15 22:58,阳院节制闸,-9
2026/4/15 23:03,阳院节制闸,-9
2026/4/15 23:09,阳院节制闸,-9
2026/4/15 23:15,阳院节制闸,-9
2026/4/15 23:20,阳院节制闸,-9
2026/4/15 23:25,阳院节制闸,-9
2026/4/15 23:30,阳院节制闸,-9
2026/4/15 23:36,阳院节制闸,-9
2026/4/15 23:41,阳院节制闸,-9
2026/4/15 23:46,阳院节制闸,-9
2026/4/15 23:52,阳院节制闸,-9
2026/4/15 23:57,阳院节制闸,-9
2026/4/16 0:02,阳院节制闸,-9
2026/4/16 0:08,阳院节制闸,-9
2026/4/16 0:13,阳院节制闸,-9
2026/4/16 0:18,阳院节制闸,-9
2026/4/16 0:24,阳院节制闸,-9
2026/4/16 0:29,阳院节制闸,-9
2026/4/16 0:34,阳院节制闸,-9
2026/4/16 0:39,阳院节制闸,-9
2026/4/16 0:44,阳院节制闸,-9
2026/4/16 0:49,阳院节制闸,-9
2026/4/16 0:55,阳院节制闸,-9
2026/4/16 1:00,阳院节制闸,-9
2026/4/16 1:05,阳院节制闸,-9
2026/4/16 1:10,阳院节制闸,-9
2026/4/16 1:15,阳院节制闸,-9
2026/4/16 1:21,阳院节制闸,-9
2026/4/16 1:26,阳院节制闸,-9
2026/4/16 1:31,阳院节制闸,-9
2026/4/16 1:36,阳院节制闸,-9
2026/4/16 1:42,阳院节制闸,-9
2026/4/16 1:47,阳院节制闸,-9
2026/4/16 1:52,阳院节制闸,-9
2026/4/16 1:57,阳院节制闸,-9
2026/4/16 2:03,阳院节制闸,-9
2026/4/16 2:08,阳院节制闸,-9
2026/4/16 2:13,阳院节制闸,-9
2026/4/16 2:18,阳院节制闸,-9
2026/4/16 2:23,阳院节制闸,-9
2026/4/16 2:29,阳院节制闸,-9
2026/4/16 2:34,阳院节制闸,-9
2026/4/16 2:40,阳院节制闸,-9
2026/4/16 2:45,阳院节制闸,-9
2026/4/16 2:50,阳院节制闸,-9
2026/4/16 2:55,阳院节制闸,-9
2026/4/16 3:01,阳院节制闸,-9
2026/4/16 3:06,阳院节制闸,-9
2026/4/16 3:11,阳院节制闸,-9
2026/4/16 3:17,阳院节制闸,-9
2026/4/16 3:22,阳院节制闸,-9
2026/4/16 3:27,阳院节制闸,-9
2026/4/16 3:32,阳院节制闸,-9
2026/4/16 3:37,阳院节制闸,-9
2026/4/16 3:42,阳院节制闸,-9
2026/4/16 3:47,阳院节制闸,-9
2026/4/16 3:53,阳院节制闸,-9
2026/4/16 3:58,阳院节制闸,-9
2026/4/16 4:03,阳院节制闸,-9
2026/4/16 4:08,阳院节制闸,-9
2026/4/16 4:13,阳院节制闸,-9
2026/4/16 4:19,阳院节制闸,-9
2026/4/16 4:24,阳院节制闸,-9
2026/4/16 4:30,阳院节制闸,-9
2026/4/16 4:35,阳院节制闸,-9
2026/4/16 4:40,阳院节制闸,-9
2026/4/16 4:45,阳院节制闸,-9
2026/4/16 4:51,阳院节制闸,-9
2026/4/16 4:56,阳院节制闸,-9
2026/4/16 5:01,阳院节制闸,-9
2026/4/16 5:07,阳院节制闸,-9
2026/4/16 5:12,阳院节制闸,-9
2026/4/16 5:17,阳院节制闸,-9
2026/4/16 5:22,阳院节制闸,-9
2026/4/16 5:28,阳院节制闸,-9
2026/4/16 5:33,阳院节制闸,-9
2026/4/16 5:39,阳院节制闸,-9
2026/4/16 5:44,阳院节制闸,-9
2026/4/16 5:50,阳院节制闸,-9
2026/4/16 5:55,阳院节制闸,-9
2026/4/16 6:00,阳院节制闸,-9
2026/4/16 6:06,阳院节制闸,-9
2026/4/16 6:11,阳院节制闸,-9
2026/4/16 6:16,阳院节制闸,-9
2026/4/16 6:21,阳院节制闸,-9
2026/4/16 6:26,阳院节制闸,-9
2026/4/16 6:32,阳院节制闸,-9
2026/4/16 6:37,阳院节制闸,116
2026/4/16 6:43,阳院节制闸,-2
2026/4/16 6:48,阳院节制闸,-2
2026/4/16 6:54,阳院节制闸,-2
2026/4/16 6:59,阳院节制闸,-2
2026/4/16 7:04,阳院节制闸,-2
2026/4/16 7:10,阳院节制闸,30
2026/4/16 7:15,阳院节制闸,79
2026/4/16 7:20,阳院节制闸,43
2026/4/16 7:26,阳院节制闸,43
2026/4/16 7:31,阳院节制闸,43
2026/4/16 7:36,阳院节制闸,43
2026/4/16 7:42,阳院节制闸,43
2026/4/16 7:47,阳院节制闸,43
2026/4/16 7:53,阳院节制闸,43
2026/4/16 7:58,阳院节制闸,43
2026/4/16 8:03,阳院节制闸,43
2026/4/16 8:08,阳院节制闸,43
2026/4/16 8:13,阳院节制闸,43
2026/4/16 8:19,阳院节制闸,43
2026/4/16 8:24,阳院节制闸,43
2026/4/16 8:29,阳院节制闸,43
2026/4/16 8:34,阳院节制闸,43
2026/4/16 8:40,阳院节制闸,43
2026/4/16 8:45,阳院节制闸,43
2026/4/16 8:50,阳院节制闸,43
2026/4/16 8:56,阳院节制闸,43
2026/4/16 9:01,阳院节制闸,43
2026/4/16 9:06,阳院节制闸,43
2026/4/16 9:12,阳院节制闸,43
2026/4/16 9:17,阳院节制闸,43
2026/4/16 9:22,阳院节制闸,43
2026/4/16 9:27,阳院节制闸,43
2026/4/16 9:32,阳院节制闸,43
2026/4/16 9:37,阳院节制闸,43
2026/4/16 9:43,阳院节制闸,500
2026/4/16 9:48,阳院节制闸,40
2026/4/16 9:54,阳院节制闸,40
2026/4/16 9:59,阳院节制闸,40
2026/4/16 10:04,阳院节制闸,40
2026/4/16 10:10,阳院节制闸,40
2026/4/16 10:15,阳院节制闸,40
2026/4/16 10:20,阳院节制闸,40
2026/4/16 10:25,阳院节制闸,40
2026/4/16 10:31,阳院节制闸,40
2026/4/16 10:36,阳院节制闸,40
2026/4/16 10:41,阳院节制闸,40
2026/4/16 10:46,阳院节制闸,40
2026/4/16 10:51,阳院节制闸,40
2026/4/16 10:56,阳院节制闸,40
2026/4/16 11:02,阳院节制闸,40
2026/4/16 11:07,阳院节制闸,40
2026/4/16 11:13,阳院节制闸,40
2026/4/16 11:18,阳院节制闸,40
2026/4/16 11:23,阳院节制闸,40
2026/4/16 11:29,阳院节制闸,40
2026/4/16 11:34,阳院节制闸,40
2026/4/16 11:40,阳院节制闸,40
2026/4/16 11:45,阳院节制闸,40
2026/4/16 11:51,阳院节制闸,40
2026/4/16 11:56,阳院节制闸,40
2026/4/16 12:01,阳院节制闸,40
2026/4/16 12:06,阳院节制闸,40
2026/4/16 12:12,阳院节制闸,40
2026/4/16 12:17,阳院节制闸,40
2026/4/16 12:22,阳院节制闸,40
2026/4/16 12:28,阳院节制闸,40
2026/4/16 12:33,阳院节制闸,40
2026/4/16 12:38,阳院节制闸,40
2026/4/16 12:43,阳院节制闸,40
2026/4/16 12:48,阳院节制闸,40
2026/4/16 12:53,阳院节制闸,40
2026/4/16 12:59,阳院节制闸,40
2026/4/16 13:04,阳院节制闸,40
2026/4/16 13:09,阳院节制闸,40
2026/4/16 13:15,阳院节制闸,40
2026/4/16 13:20,阳院节制闸,40
2026/4/16 13:25,阳院节制闸,40
2026/4/16 13:31,阳院节制闸,40
2026/4/16 13:36,阳院节制闸,40
2026/4/16 13:41,阳院节制闸,40
2026/4/16 13:46,阳院节制闸,40
2026/4/16 13:52,阳院节制闸,40
2026/4/16 13:57,阳院节制闸,40
2026/4/16 14:02,阳院节制闸,40
2026/4/16 14:07,阳院节制闸,40
2026/4/16 14:13,阳院节制闸,40
2026/4/16 14:18,阳院节制闸,40
2026/4/16 14:24,阳院节制闸,40
2026/4/16 14:29,阳院节制闸,40
2026/4/16 14:35,阳院节制闸,40
2026/4/16 14:40,阳院节制闸,40
2026/4/16 14:45,阳院节制闸,40
2026/4/16 14:50,阳院节制闸,40
2026/4/16 14:55,阳院节制闸,40
2026/4/16 15:00,阳院节制闸,40
2026/4/16 15:05,阳院节制闸,40
2026/4/16 15:11,阳院节制闸,40
2026/4/16 15:16,阳院节制闸,40
2026/4/16 15:21,阳院节制闸,40
2026/4/16 15:26,阳院节制闸,40
2026/4/16 15:32,阳院节制闸,40
2026/4/16 15:37,阳院节制闸,40
2026/4/16 15:42,阳院节制闸,40
2026/4/16 15:47,阳院节制闸,40
2026/4/16 15:52,阳院节制闸,40
2026/4/16 15:57,阳院节制闸,40
2026/4/16 16:02,阳院节制闸,40
2026/4/16 16:08,阳院节制闸,40
2026/4/16 16:13,阳院节制闸,40
2026/4/16 16:18,阳院节制闸,40
2026/4/16 16:24,阳院节制闸,40
2026/4/16 20:54,阳院节制闸,40
2026/4/16 20:59,阳院节制闸,40
2026/4/16 21:05,阳院节制闸,40
2026/4/16 21:10,阳院节制闸,40
2026/4/16 21:15,阳院节制闸,1
2026/4/16 21:20,阳院节制闸,1
2026/4/16 21:25,阳院节制闸,1
2026/4/16 21:30,阳院节制闸,1
2026/4/16 21:35,阳院节制闸,1
2026/4/16 21:41,阳院节制闸,1
2026/4/16 21:46,阳院节制闸,1
2026/4/16 21:51,阳院节制闸,1
2026/4/16 22:09,阳院节制闸,1
2026/4/16 22:15,阳院节制闸,1
2026/4/16 22:20,阳院节制闸,1
2026/4/16 22:25,阳院节制闸,1
2026/4/16 22:31,阳院节制闸,1
2026/4/16 22:36,阳院节制闸,1
2026/4/16 22:41,阳院节制闸,1
2026/4/16 22:47,阳院节制闸,1
2026/4/16 22:52,阳院节制闸,1
2026/4/16 22:57,阳院节制闸,1
2026/4/16 23:02,阳院节制闸,1
2026/4/16 23:08,阳院节制闸,1
2026/4/16 23:13,阳院节制闸,1
2026/4/16 23:19,阳院节制闸,1
2026/4/16 23:24,阳院节制闸,1
2026/4/16 23:30,阳院节制闸,1
2026/4/16 23:35,阳院节制闸,1
2026/4/16 23:40,阳院节制闸,1
2026/4/16 23:46,阳院节制闸,1
2026/4/16 23:51,阳院节制闸,1
2026/4/16 23:57,阳院节制闸,1
2026/4/17 0:02,阳院节制闸,1
2026/4/17 0:07,阳院节制闸,1
2026/4/17 0:12,阳院节制闸,1
2026/4/17 0:18,阳院节制闸,1
2026/4/17 0:23,阳院节制闸,1
2026/4/17 0:28,阳院节制闸,1
2026/4/17 0:33,阳院节制闸,1
2026/4/17 0:38,阳院节制闸,1
2026/4/17 0:44,阳院节制闸,1
2026/4/17 0:49,阳院节制闸,1
2026/4/17 0:55,阳院节制闸,1
2026/4/17 1:00,阳院节制闸,1
2026/4/17 1:05,阳院节制闸,1
2026/4/17 1:11,阳院节制闸,1
2026/4/17 1:16,阳院节制闸,1
2026/4/17 1:21,阳院节制闸,1
2026/4/17 1:26,阳院节制闸,1
2026/4/17 1:32,阳院节制闸,1
2026/4/17 1:37,阳院节制闸,1
2026/4/17 1:42,阳院节制闸,1
2026/4/17 1:47,阳院节制闸,1
2026/4/17 1:52,阳院节制闸,1
2026/4/17 1:58,阳院节制闸,1
2026/4/17 2:03,阳院节制闸,1
2026/4/17 2:08,阳院节制闸,1
2026/4/17 2:13,阳院节制闸,1
2026/4/17 2:19,阳院节制闸,1
2026/4/17 2:24,阳院节制闸,1
2026/4/17 2:29,阳院节制闸,1
2026/4/17 2:35,阳院节制闸,1
2026/4/17 2:40,阳院节制闸,1
2026/4/17 2:46,阳院节制闸,1
2026/4/17 2:51,阳院节制闸,1
2026/4/17 2:56,阳院节制闸,1
2026/4/17 3:02,阳院节制闸,1
2026/4/17 3:07,阳院节制闸,1
2026/4/17 3:12,阳院节制闸,1
2026/4/17 3:18,阳院节制闸,1
2026/4/17 3:23,阳院节制闸,1
2026/4/17 3:29,阳院节制闸,1
2026/4/17 3:34,阳院节制闸,1
2026/4/17 3:39,阳院节制闸,1
2026/4/17 3:45,阳院节制闸,1
2026/4/17 3:50,阳院节制闸,1
2026/4/17 3:55,阳院节制闸,1
2026/4/17 4:01,阳院节制闸,1
2026/4/17 4:06,阳院节制闸,1
2026/4/17 4:11,阳院节制闸,1
2026/4/17 4:17,阳院节制闸,1
2026/4/17 4:22,阳院节制闸,1
2026/4/17 4:28,阳院节制闸,1
2026/4/17 4:33,阳院节制闸,120
2026/4/17 4:38,阳院节制闸,1
2026/4/17 4:44,阳院节制闸,1
2026/4/17 4:49,阳院节制闸,1
2026/4/17 4:54,阳院节制闸,110
2026/4/17 5:00,阳院节制闸,10
2026/4/17 5:05,阳院节制闸,10
2026/4/17 5:10,阳院节制闸,10
2026/4/17 5:16,阳院节制闸,10
2026/4/17 5:21,阳院节制闸,10
2026/4/17 5:26,阳院节制闸,90
2026/4/17 5:32,阳院节制闸,10
2026/4/17 5:37,阳院节制闸,10
2026/4/17 5:43,阳院节制闸,10
2026/4/17 5:48,阳院节制闸,10
2026/4/17 5:53,阳院节制闸,10
2026/4/17 5:59,阳院节制闸,80
2026/4/17 6:04,阳院节制闸,80
2026/4/17 6:09,阳院节制闸,80
2026/4/17 6:15,阳院节制闸,80
2026/4/17 6:20,阳院节制闸,80
2026/4/17 6:26,阳院节制闸,80
2026/4/17 6:31,阳院节制闸,80
2026/4/17 6:36,阳院节制闸,80
2026/4/17 6:41,阳院节制闸,80
2026/4/17 6:47,阳院节制闸,80
2026/4/17 6:52,阳院节制闸,80
2026/4/17 6:57,阳院节制闸,70
2026/4/17 7:03,阳院节制闸,70
2026/4/17 7:08,阳院节制闸,70
2026/4/17 7:13,阳院节制闸,70
2026/4/17 7:19,阳院节制闸,70
2026/4/17 7:24,阳院节制闸,70
2026/4/17 7:29,阳院节制闸,70
2026/4/17 7:35,阳院节制闸,60
2026/4/17 7:40,阳院节制闸,60
2026/4/17 7:46,阳院节制闸,60
2026/4/17 7:51,阳院节制闸,60
2026/4/17 7:57,阳院节制闸,60
2026/4/17 8:02,阳院节制闸,60
2026/4/17 8:07,阳院节制闸,60
2026/4/17 8:13,阳院节制闸,60
2026/4/17 8:18,阳院节制闸,60
2026/4/17 8:23,阳院节制闸,60
2026/4/17 8:29,阳院节制闸,60
2026/4/17 8:34,阳院节制闸,60
2026/4/17 8:39,阳院节制闸,60
2026/4/17 8:44,阳院节制闸,60
2026/4/17 8:50,阳院节制闸,60
2026/4/17 8:55,阳院节制闸,60
2026/4/17 9:01,阳院节制闸,60
2026/4/17 9:06,阳院节制闸,60
2026/4/17 9:11,阳院节制闸,65
2026/4/17 9:17,阳院节制闸,65
2026/4/17 9:22,阳院节制闸,65
2026/4/17 9:27,阳院节制闸,65
2026/4/17 9:33,阳院节制闸,65
2026/4/17 9:38,阳院节制闸,65
2026/4/17 9:43,阳院节制闸,65
2026/4/17 9:48,阳院节制闸,65
2026/4/17 9:53,阳院节制闸,65
2026/4/17 9:58,阳院节制闸,65
2026/4/17 10:04,阳院节制闸,65
2026/4/17 10:09,阳院节制闸,65
2026/4/17 10:14,阳院节制闸,65
2026/4/17 10:19,阳院节制闸,65
2026/4/17 10:25,阳院节制闸,65
2026/4/17 10:30,阳院节制闸,65
2026/4/17 10:35,阳院节制闸,80
2026/4/17 10:40,阳院节制闸,80
2026/4/17 10:45,阳院节制闸,80
2026/4/17 10:51,阳院节制闸,80
2026/4/17 10:56,阳院节制闸,80
2026/4/17 11:01,阳院节制闸,80
2026/4/17 11:06,阳院节制闸,80
2026/4/17 11:12,阳院节制闸,80
2026/4/17 11:17,阳院节制闸,80
2026/4/17 11:22,阳院节制闸,80
2026/4/17 11:28,阳院节制闸,80
2026/4/17 11:33,阳院节制闸,80
2026/4/17 11:38,阳院节制闸,80
2026/4/17 11:44,阳院节制闸,80
2026/4/17 11:49,阳院节制闸,80
2026/4/17 11:55,阳院节制闸,75
2026/4/17 12:00,阳院节制闸,75
2026/4/17 12:05,阳院节制闸,75
2026/4/17 12:10,阳院节制闸,75
2026/4/17 12:16,阳院节制闸,75
2026/4/17 12:21,阳院节制闸,75
2026/4/17 12:26,阳院节制闸,75
2026/4/17 12:32,阳院节制闸,75
2026/4/17 12:37,阳院节制闸,68
2026/4/17 12:42,阳院节制闸,68
2026/4/17 12:48,阳院节制闸,68
2026/4/17 12:53,阳院节制闸,68
2026/4/17 12:59,阳院节制闸,68
2026/4/17 13:04,阳院节制闸,68
2026/4/17 13:10,阳院节制闸,68
2026/4/17 13:15,阳院节制闸,68
2026/4/17 13:20,阳院节制闸,68
2026/4/17 13:26,阳院节制闸,68
2026/4/17 13:31,阳院节制闸,68
2026/4/17 13:36,阳院节制闸,68
2026/4/17 13:42,阳院节制闸,68
2026/4/17 13:47,阳院节制闸,68
2026/4/17 13:52,阳院节制闸,68
2026/4/17 13:57,阳院节制闸,68
2026/4/17 14:03,阳院节制闸,68
2026/4/17 14:08,阳院节制闸,68
2026/4/17 14:13,阳院节制闸,68
2026/4/17 14:18,阳院节制闸,68
2026/4/17 14:23,阳院节制闸,68
2026/4/17 14:28,阳院节制闸,68
2026/4/17 14:33,阳院节制闸,68
2026/4/17 14:39,阳院节制闸,68
2026/4/17 14:44,阳院节制闸,68
2026/4/17 14:50,阳院节制闸,68
2026/4/17 14:55,阳院节制闸,68
2026/4/17 15:00,阳院节制闸,68
2026/4/17 15:12,阳院节制闸,100
2026/4/17 15:18,阳院节制闸,62
2026/4/17 15:23,阳院节制闸,62
2026/4/17 15:28,阳院节制闸,62
2026/4/17 15:33,阳院节制闸,62
2026/4/17 15:39,阳院节制闸,62
2026/4/17 15:44,阳院节制闸,62
2026/4/17 15:49,阳院节制闸,62
2026/4/17 15:54,阳院节制闸,62
2026/4/17 15:59,阳院节制闸,62
2026/4/17 16:05,阳院节制闸,62
2026/4/17 16:10,阳院节制闸,62
2026/4/17 16:16,阳院节制闸,62
2026/4/17 16:21,阳院节制闸,62
2026/4/17 16:26,阳院节制闸,62
2026/4/17 16:32,阳院节制闸,62
2026/4/17 16:37,阳院节制闸,62
2026/4/17 16:43,阳院节制闸,62
2026/4/17 16:48,阳院节制闸,62
2026/4/17 16:53,阳院节制闸,62
2026/4/17 16:59,阳院节制闸,62
2026/4/17 17:04,阳院节制闸,62
2026/4/17 17:09,阳院节制闸,62
2026/4/17 17:14,阳院节制闸,62
2026/4/17 17:20,阳院节制闸,62
2026/4/17 17:25,阳院节制闸,62
2026/4/17 17:31,阳院节制闸,62
2026/4/17 17:36,阳院节制闸,62
2026/4/17 17:41,阳院节制闸,62
2026/4/17 17:46,阳院节制闸,62
2026/4/17 17:51,阳院节制闸,62
2026/4/17 17:57,阳院节制闸,62
2026/4/17 18:02,阳院节制闸,68
2026/4/17 18:08,阳院节制闸,68
2026/4/17 18:13,阳院节制闸,75
2026/4/17 18:18,阳院节制闸,75
2026/4/17 18:24,阳院节制闸,75
2026/4/17 18:29,阳院节制闸,75
2026/4/17 18:34,阳院节制闸,75
2026/4/17 18:39,阳院节制闸,85
2026/4/17 18:45,阳院节制闸,85
2026/4/17 18:50,阳院节制闸,85
2026/4/17 18:55,阳院节制闸,85
2026/4/17 19:00,阳院节制闸,85
2026/4/17 19:05,阳院节制闸,85
2026/4/17 19:11,阳院节制闸,85
2026/4/17 19:16,阳院节制闸,85
2026/4/17 19:21,阳院节制闸,85
2026/4/17 19:27,阳院节制闸,85
2026/4/17 19:32,阳院节制闸,85
2026/4/17 19:38,阳院节制闸,85
2026/4/17 19:43,阳院节制闸,85
2026/4/17 19:48,阳院节制闸,85
2026/4/17 19:53,阳院节制闸,85
2026/4/17 19:59,阳院节制闸,85
2026/4/17 20:04,阳院节制闸,85
2026/4/17 20:10,阳院节制闸,85
2026/4/17 20:15,阳院节制闸,85
2026/4/17 20:20,阳院节制闸,85
2026/4/17 20:26,阳院节制闸,85
2026/4/17 20:31,阳院节制闸,80
2026/4/17 20:37,阳院节制闸,80
2026/4/17 20:42,阳院节制闸,80
2026/4/17 20:48,阳院节制闸,80
2026/4/17 20:53,阳院节制闸,80
2026/4/17 20:59,阳院节制闸,80
2026/4/17 21:04,阳院节制闸,80
2026/4/17 21:09,阳院节制闸,80
2026/4/17 21:15,阳院节制闸,80
2026/4/17 21:20,阳院节制闸,80
2026/4/17 21:25,阳院节制闸,80
2026/4/17 21:31,阳院节制闸,75
2026/4/17 21:36,阳院节制闸,75
2026/4/17 21:41,阳院节制闸,75
2026/4/17 21:47,阳院节制闸,75
2026/4/17 21:52,阳院节制闸,75
2026/4/17 21:57,阳院节制闸,75
2026/4/17 22:03,阳院节制闸,75
2026/4/17 22:08,阳院节制闸,75
2026/4/17 22:13,阳院节制闸,75
2026/4/17 22:18,阳院节制闸,75
2026/4/17 22:24,阳院节制闸,75
2026/4/17 22:29,阳院节制闸,75
2026/4/17 22:34,阳院节制闸,75
2026/4/17 22:39,阳院节制闸,75
2026/4/17 22:44,阳院节制闸,75
2026/4/17 22:49,阳院节制闸,75
2026/4/17 22:55,阳院节制闸,75
2026/4/17 23:00,阳院节制闸,75
2026/4/17 23:03,阳院节制闸,75
2026/4/17 23:10,阳院节制闸,75
2026/4/17 23:16,阳院节制闸,75
2026/4/17 23:21,阳院节制闸,75
2026/4/17 23:26,阳院节制闸,75
2026/4/17 23:32,阳院节制闸,75
2026/4/17 23:37,阳院节制闸,70
2026/4/17 23:43,阳院节制闸,70
2026/4/17 23:48,阳院节制闸,70
2026/4/17 23:53,阳院节制闸,70
2026/4/17 23:59,阳院节制闸,70
2026/4/18 0:04,阳院节制闸,65
2026/4/18 0:09,阳院节制闸,65
2026/4/18 0:15,阳院节制闸,65
2026/4/18 0:20,阳院节制闸,65
2026/4/18 0:25,阳院节制闸,65
2026/4/18 0:31,阳院节制闸,65
2026/4/18 0:36,阳院节制闸,65
2026/4/18 0:41,阳院节制闸,65
2026/4/18 0:46,阳院节制闸,65
2026/4/18 0:52,阳院节制闸,65
2026/4/18 0:57,阳院节制闸,65
2026/4/18 1:01,阳院节制闸,65
2026/4/18 1:09,阳院节制闸,65
2026/4/18 1:15,阳院节制闸,65
2026/4/18 1:20,阳院节制闸,65
2026/4/18 1:25,阳院节制闸,65
2026/4/18 1:31,阳院节制闸,65
2026/4/18 1:36,阳院节制闸,65
2026/4/18 1:41,阳院节制闸,65
2026/4/18 1:47,阳院节制闸,65
2026/4/18 1:52,阳院节制闸,65
2026/4/18 1:57,阳院节制闸,65
2026/4/18 2:03,阳院节制闸,65
2026/4/18 2:08,阳院节制闸,65
2026/4/18 2:13,阳院节制闸,65
2026/4/18 2:19,阳院节制闸,65
2026/4/18 2:24,阳院节制闸,65
2026/4/18 2:30,阳院节制闸,65
2026/4/18 2:35,阳院节制闸,65
2026/4/18 2:40,阳院节制闸,65
2026/4/18 2:46,阳院节制闸,65
2026/4/18 2:51,阳院节制闸,65
2026/4/18 2:56,阳院节制闸,65
2026/4/18 3:01,阳院节制闸,65
2026/4/18 3:06,阳院节制闸,65
2026/4/18 3:12,阳院节制闸,65
2026/4/18 3:17,阳院节制闸,65
2026/4/18 3:22,阳院节制闸,65
2026/4/18 3:27,阳院节制闸,65
2026/4/18 3:33,阳院节制闸,65
2026/4/18 3:38,阳院节制闸,65
2026/4/18 3:43,阳院节制闸,65
2026/4/18 3:48,阳院节制闸,65
2026/4/18 3:54,阳院节制闸,65
2026/4/18 3:59,阳院节制闸,65
2026/4/18 4:05,阳院节制闸,65
2026/4/18 4:10,阳院节制闸,65
2026/4/18 4:15,阳院节制闸,65
2026/4/18 4:21,阳院节制闸,65
2026/4/18 4:26,阳院节制闸,65
2026/4/18 4:32,阳院节制闸,65
2026/4/18 4:37,阳院节制闸,65
2026/4/18 4:42,阳院节制闸,65
2026/4/18 4:47,阳院节制闸,65
2026/4/18 4:52,阳院节制闸,65
2026/4/18 4:57,阳院节制闸,65
2026/4/18 5:03,阳院节制闸,65
2026/4/18 5:08,阳院节制闸,65
2026/4/18 5:14,阳院节制闸,65
2026/4/18 5:19,阳院节制闸,65
2026/4/18 5:24,阳院节制闸,65
2026/4/18 5:29,阳院节制闸,65
2026/4/18 5:35,阳院节制闸,65
2026/4/18 5:40,阳院节制闸,65
2026/4/18 5:45,阳院节制闸,65
2026/4/18 5:50,阳院节制闸,65
2026/4/18 5:56,阳院节制闸,65
2026/4/18 6:01,阳院节制闸,65
2026/4/18 6:06,阳院节制闸,65
2026/4/18 6:12,阳院节制闸,65
2026/4/18 6:17,阳院节制闸,65
2026/4/18 6:23,阳院节制闸,65
2026/4/18 6:28,阳院节制闸,65
2026/4/18 6:33,阳院节制闸,65
2026/4/18 6:38,阳院节制闸,65
2026/4/18 6:44,阳院节制闸,65
2026/4/18 6:49,阳院节制闸,65
2026/4/18 6:55,阳院节制闸,65
2026/4/18 7:00,阳院节制闸,65
2026/4/18 7:06,阳院节制闸,65
2026/4/18 7:11,阳院节制闸,65
2026/4/18 7:16,阳院节制闸,65
2026/4/18 7:21,阳院节制闸,65
2026/4/18 7:26,阳院节制闸,65
2026/4/18 7:31,阳院节制闸,65
2026/4/18 7:37,阳院节制闸,65
2026/4/18 7:42,阳院节制闸,65
2026/4/18 7:48,阳院节制闸,65
2026/4/18 7:53,阳院节制闸,65
2026/4/18 7:58,阳院节制闸,65
2026/4/18 8:04,阳院节制闸,65
2026/4/18 8:09,阳院节制闸,65
2026/4/18 8:14,阳院节制闸,65
2026/4/18 8:20,阳院节制闸,65
2026/4/18 8:25,阳院节制闸,65
2026/4/18 8:31,阳院节制闸,65
2026/4/18 8:36,阳院节制闸,65
2026/4/18 8:41,阳院节制闸,65
2026/4/18 8:46,阳院节制闸,65
2026/4/18 8:52,阳院节制闸,65
2026/4/18 8:57,阳院节制闸,65
2026/4/18 9:03,阳院节制闸,65
2026/4/18 9:08,阳院节制闸,65
2026/4/18 9:14,阳院节制闸,65
2026/4/18 9:19,阳院节制闸,65
2026/4/18 9:24,阳院节制闸,65
2026/4/18 9:29,阳院节制闸,65
2026/4/18 9:34,阳院节制闸,65
2026/4/18 9:40,阳院节制闸,65
2026/4/18 9:45,阳院节制闸,65
2026/4/18 9:50,阳院节制闸,65
2026/4/18 9:56,阳院节制闸,65
2026/4/18 10:01,阳院节制闸,65
2026/4/18 10:06,阳院节制闸,65
2026/4/18 10:11,阳院节制闸,65
2026/4/18 10:16,阳院节制闸,65
2026/4/18 10:21,阳院节制闸,65
2026/4/18 10:27,阳院节制闸,65
2026/4/18 10:32,阳院节制闸,65
2026/4/18 10:37,阳院节制闸,65
2026/4/18 10:43,阳院节制闸,65
2026/4/18 10:48,阳院节制闸,90
2026/4/18 10:54,阳院节制闸,90
2026/4/18 10:59,阳院节制闸,110
2026/4/18 11:04,阳院节制闸,110
2026/4/18 11:10,阳院节制闸,110
2026/4/18 11:15,阳院节制闸,110
2026/4/18 11:20,阳院节制闸,110
2026/4/18 11:26,阳院节制闸,110
2026/4/18 11:31,阳院节制闸,110
2026/4/18 11:36,阳院节制闸,65
2026/4/18 11:42,阳院节制闸,65
2026/4/18 11:47,阳院节制闸,65
2026/4/18 11:53,阳院节制闸,90
2026/4/18 11:58,阳院节制闸,80
2026/4/18 12:03,阳院节制闸,80
2026/4/18 12:08,阳院节制闸,80
2026/4/18 12:14,阳院节制闸,65
2026/4/18 12:19,阳院节制闸,65
2026/4/18 12:25,阳院节制闸,65
2026/4/18 12:30,阳院节制闸,65
2026/4/18 12:35,阳院节制闸,65
2026/4/18 12:41,阳院节制闸,65
2026/4/18 12:46,阳院节制闸,65
2026/4/18 12:51,阳院节制闸,65
2026/4/18 12:57,阳院节制闸,65
2026/4/18 13:02,阳院节制闸,65
2026/4/18 13:08,阳院节制闸,65
2026/4/18 13:13,阳院节制闸,65
2026/4/18 13:18,阳院节制闸,65
2026/4/18 13:24,阳院节制闸,65
2026/4/18 13:29,阳院节制闸,65
2026/4/18 13:34,阳院节制闸,65
2026/4/18 13:40,阳院节制闸,65
2026/4/18 13:45,阳院节制闸,65
2026/4/18 13:50,阳院节制闸,65
2026/4/18 13:56,阳院节制闸,65
2026/4/18 14:01,阳院节制闸,65
2026/4/18 14:07,阳院节制闸,65
2026/4/18 14:12,阳院节制闸,65
2026/4/18 14:17,阳院节制闸,65
2026/4/18 14:23,阳院节制闸,65
2026/4/18 14:28,阳院节制闸,65
2026/4/18 14:33,阳院节制闸,65
2026/4/18 14:39,阳院节制闸,65
2026/4/18 14:44,阳院节制闸,65
2026/4/18 14:50,阳院节制闸,65
2026/4/18 14:55,阳院节制闸,60
2026/4/18 15:00,阳院节制闸,60
2026/4/18 15:05,阳院节制闸,60
2026/4/18 15:11,阳院节制闸,60
2026/4/18 15:16,阳院节制闸,60
2026/4/18 15:22,阳院节制闸,60
2026/4/18 15:27,阳院节制闸,60
2026/4/18 15:32,阳院节制闸,60
2026/4/18 15:37,阳院节制闸,65
2026/4/18 15:43,阳院节制闸,65
2026/4/18 15:48,阳院节制闸,65
2026/4/18 15:54,阳院节制闸,65
2026/4/18 15:59,阳院节制闸,65
2026/4/18 16:04,阳院节制闸,65
2026/4/18 16:10,阳院节制闸,65
2026/4/18 16:15,阳院节制闸,65
2026/4/18 16:21,阳院节制闸,65
2026/4/18 16:26,阳院节制闸,65
2026/4/18 16:31,阳院节制闸,65
2026/4/18 16:37,阳院节制闸,65
2026/4/18 16:42,阳院节制闸,65
2026/4/18 16:47,阳院节制闸,65
2026/4/18 16:53,阳院节制闸,70
2026/4/18 16:58,阳院节制闸,70
2026/4/18 17:03,阳院节制闸,70
2026/4/18 17:08,阳院节制闸,70
2026/4/18 17:14,阳院节制闸,70
2026/4/18 17:19,阳院节制闸,70
2026/4/18 17:24,阳院节制闸,70
2026/4/18 17:30,阳院节制闸,70
2026/4/18 17:35,阳院节制闸,70
2026/4/18 17:40,阳院节制闸,70
2026/4/18 17:46,阳院节制闸,70
2026/4/18 17:51,阳院节制闸,70
2026/4/18 17:56,阳院节制闸,70
2026/4/18 18:02,阳院节制闸,70
2026/4/18 18:07,阳院节制闸,70
2026/4/18 18:13,阳院节制闸,70
2026/4/18 18:18,阳院节制闸,70
2026/4/18 18:23,阳院节制闸,70
2026/4/18 18:29,阳院节制闸,70
2026/4/18 18:34,阳院节制闸,70
2026/4/18 18:40,阳院节制闸,70
2026/4/18 18:45,阳院节制闸,80
2026/4/18 18:51,阳院节制闸,80
2026/4/18 18:56,阳院节制闸,80
2026/4/18 19:01,阳院节制闸,80
2026/4/18 19:07,阳院节制闸,80
2026/4/18 19:12,阳院节制闸,80
2026/4/18 19:17,阳院节制闸,80
2026/4/18 19:23,阳院节制闸,80
2026/4/18 19:28,阳院节制闸,80
2026/4/18 19:34,阳院节制闸,80
2026/4/18 19:39,阳院节制闸,80
2026/4/18 19:44,阳院节制闸,90
2026/4/18 19:50,阳院节制闸,90
2026/4/18 19:55,阳院节制闸,90
2026/4/18 20:00,阳院节制闸,90
2026/4/18 20:06,阳院节制闸,90
2026/4/18 20:11,阳院节制闸,90
2026/4/18 20:16,阳院节制闸,90
2026/4/18 20:22,阳院节制闸,90
2026/4/18 20:27,阳院节制闸,90
2026/4/18 20:33,阳院节制闸,90
2026/4/18 20:38,阳院节制闸,90
2026/4/18 20:43,阳院节制闸,90
2026/4/18 20:49,阳院节制闸,90
2026/4/18 20:54,阳院节制闸,90
2026/4/18 20:59,阳院节制闸,80
2026/4/18 21:05,阳院节制闸,80
2026/4/18 21:10,阳院节制闸,80
2026/4/18 21:15,阳院节制闸,80
2026/4/18 21:21,阳院节制闸,80
2026/4/18 21:26,阳院节制闸,80
2026/4/18 21:32,阳院节制闸,80
2026/4/18 21:37,阳院节制闸,80
2026/4/18 21:42,阳院节制闸,80
2026/4/18 21:47,阳院节制闸,80
2026/4/18 21:52,阳院节制闸,80
2026/4/18 21:58,阳院节制闸,80
2026/4/18 22:03,阳院节制闸,80
2026/4/18 22:08,阳院节制闸,80
2026/4/18 22:14,阳院节制闸,80
2026/4/18 22:19,阳院节制闸,80
2026/4/18 22:25,阳院节制闸,80
2026/4/18 22:30,阳院节制闸,80
2026/4/18 22:36,阳院节制闸,80
2026/4/18 22:41,阳院节制闸,80
2026/4/18 22:47,阳院节制闸,80
2026/4/18 22:52,阳院节制闸,80
2026/4/18 22:57,阳院节制闸,80
2026/4/18 23:03,阳院节制闸,80
2026/4/18 23:08,阳院节制闸,80
2026/4/18 23:13,阳院节制闸,80
2026/4/18 23:19,阳院节制闸,80
2026/4/18 23:24,阳院节制闸,80
2026/4/18 23:30,阳院节制闸,80
2026/4/18 23:35,阳院节制闸,80
2026/4/18 23:40,阳院节制闸,80
2026/4/18 23:46,阳院节制闸,80
2026/4/18 23:51,阳院节制闸,80
2026/4/18 23:56,阳院节制闸,80
2026/4/19 0:01,阳院节制闸,80
2026/4/19 0:07,阳院节制闸,80
2026/4/19 0:12,阳院节制闸,80
2026/4/19 0:18,阳院节制闸,80
2026/4/19 0:23,阳院节制闸,80
2026/4/19 0:28,阳院节制闸,80
2026/4/19 0:33,阳院节制闸,80
2026/4/19 0:39,阳院节制闸,80
2026/4/19 0:44,阳院节制闸,80
2026/4/19 0:50,阳院节制闸,80
2026/4/19 0:55,阳院节制闸,80
2026/4/19 1:00,阳院节制闸,80
2026/4/19 1:05,阳院节制闸,80
2026/4/19 1:11,阳院节制闸,80
2026/4/19 1:16,阳院节制闸,80
2026/4/19 1:21,阳院节制闸,80
2026/4/19 1:26,阳院节制闸,80
2026/4/19 1:31,阳院节制闸,80
2026/4/19 1:37,阳院节制闸,70
2026/4/19 1:42,阳院节制闸,70
2026/4/19 1:47,阳院节制闸,70
2026/4/19 1:52,阳院节制闸,70
2026/4/19 1:58,阳院节制闸,70
2026/4/19 2:03,阳院节制闸,70
2026/4/19 2:09,阳院节制闸,70
2026/4/19 2:14,阳院节制闸,70
2026/4/19 2:19,阳院节制闸,70
2026/4/19 2:25,阳院节制闸,70
2026/4/19 2:30,阳院节制闸,70
2026/4/19 2:36,阳院节制闸,70
2026/4/19 2:41,阳院节制闸,70
2026/4/19 2:46,阳院节制闸,70
2026/4/19 2:51,阳院节制闸,70
2026/4/19 2:56,阳院节制闸,70
2026/4/19 3:02,阳院节制闸,70
2026/4/19 3:07,阳院节制闸,70
2026/4/19 3:12,阳院节制闸,70
2026/4/19 3:18,阳院节制闸,70
2026/4/19 3:23,阳院节制闸,70
2026/4/19 3:28,阳院节制闸,70
2026/4/19 3:33,阳院节制闸,70
2026/4/19 3:38,阳院节制闸,70
2026/4/19 3:43,阳院节制闸,70
2026/4/19 3:49,阳院节制闸,70
2026/4/19 3:54,阳院节制闸,70
2026/4/19 3:59,阳院节制闸,70
2026/4/19 4:05,阳院节制闸,70
2026/4/19 4:10,阳院节制闸,70
2026/4/19 4:15,阳院节制闸,70
2026/4/19 4:20,阳院节制闸,70
2026/4/19 4:26,阳院节制闸,70
2026/4/19 4:31,阳院节制闸,70
2026/4/19 4:36,阳院节制闸,70
2026/4/19 4:41,阳院节制闸,70
2026/4/19 4:47,阳院节制闸,70
2026/4/19 4:52,阳院节制闸,70
2026/4/19 4:58,阳院节制闸,70
2026/4/19 5:03,阳院节制闸,70
2026/4/19 5:08,阳院节制闸,70
2026/4/19 5:13,阳院节制闸,70
2026/4/19 5:18,阳院节制闸,70
2026/4/19 5:24,阳院节制闸,70
2026/4/19 5:29,阳院节制闸,70
2026/4/19 5:35,阳院节制闸,70
2026/4/19 5:40,阳院节制闸,70
2026/4/19 5:45,阳院节制闸,70
2026/4/19 5:50,阳院节制闸,70
2026/4/19 5:56,阳院节制闸,70
2026/4/19 6:01,阳院节制闸,70
2026/4/19 6:06,阳院节制闸,70
2026/4/19 6:12,阳院节制闸,70
2026/4/19 6:17,阳院节制闸,70
2026/4/19 6:22,阳院节制闸,70
2026/4/19 6:28,阳院节制闸,70
2026/4/19 6:33,阳院节制闸,70
2026/4/19 6:38,阳院节制闸,80
2026/4/19 6:44,阳院节制闸,80
2026/4/19 6:49,阳院节制闸,80
2026/4/19 6:55,阳院节制闸,80
2026/4/19 7:00,阳院节制闸,80
2026/4/19 7:05,阳院节制闸,80
2026/4/19 7:11,阳院节制闸,80
2026/4/19 7:16,阳院节制闸,80
2026/4/19 7:21,阳院节制闸,80
2026/4/19 7:27,阳院节制闸,80
2026/4/19 7:32,阳院节制闸,80
2026/4/19 7:38,阳院节制闸,80
2026/4/19 7:43,阳院节制闸,80
2026/4/19 7:49,阳院节制闸,90
2026/4/19 7:54,阳院节制闸,90
2026/4/19 8:00,阳院节制闸,90
2026/4/19 8:05,阳院节制闸,90
2026/4/19 8:10,阳院节制闸,90
2026/4/19 8:16,阳院节制闸,90
2026/4/19 8:21,阳院节制闸,90
2026/4/19 8:26,阳院节制闸,90
2026/4/19 8:32,阳院节制闸,90
2026/4/19 8:37,阳院节制闸,90
2026/4/19 8:42,阳院节制闸,90
2026/4/19 8:48,阳院节制闸,90
2026/4/19 8:53,阳院节制闸,90
2026/4/19 8:58,阳院节制闸,90
2026/4/19 9:04,阳院节制闸,90
2026/4/19 9:09,阳院节制闸,90
2026/4/19 9:14,阳院节制闸,90
2026/4/19 9:20,阳院节制闸,90
2026/4/19 9:25,阳院节制闸,90
2026/4/19 9:30,阳院节制闸,90
2026/4/19 9:36,阳院节制闸,90
2026/4/19 9:41,阳院节制闸,90
2026/4/19 9:46,阳院节制闸,90
2026/4/19 9:52,阳院节制闸,90
2026/4/19 9:57,阳院节制闸,90
2026/4/19 10:02,阳院节制闸,90
2026/4/19 10:07,阳院节制闸,90
2026/4/19 10:13,阳院节制闸,90
2026/4/19 10:18,阳院节制闸,90
2026/4/19 10:24,阳院节制闸,90
2026/4/19 10:29,阳院节制闸,90
2026/4/19 10:34,阳院节制闸,90
2026/4/19 10:40,阳院节制闸,90
2026/4/19 10:45,阳院节制闸,95
2026/4/19 10:51,阳院节制闸,95
2026/4/19 10:56,阳院节制闸,95
2026/4/19 11:01,阳院节制闸,95
2026/4/19 11:07,阳院节制闸,95
2026/4/19 11:12,阳院节制闸,95
2026/4/19 11:17,阳院节制闸,95
2026/4/19 11:22,阳院节制闸,95
2026/4/19 11:27,阳院节制闸,120
2026/4/19 11:33,阳院节制闸,120
2026/4/19 11:38,阳院节制闸,120
2026/4/19 11:43,阳院节制闸,120
2026/4/19 11:48,阳院节制闸,95
2026/4/19 11:53,阳院节制闸,95
2026/4/19 11:59,阳院节制闸,95
2026/4/19 12:04,阳院节制闸,110
2026/4/19 12:09,阳院节制闸,130
2026/4/19 12:14,阳院节制闸,130
2026/4/19 12:20,阳院节制闸,130
2026/4/19 12:25,阳院节制闸,130
2026/4/19 12:31,阳院节制闸,110
2026/4/19 12:36,阳院节制闸,110
2026/4/19 12:41,阳院节制闸,110
2026/4/19 12:46,阳院节制闸,130
2026/4/19 12:51,阳院节制闸,130
2026/4/19 12:57,阳院节制闸,130
2026/4/19 13:02,阳院节制闸,130
2026/4/19 13:07,阳院节制闸,130
2026/4/19 13:12,阳院节制闸,120
2026/4/19 13:18,阳院节制闸,120
2026/4/19 13:23,阳院节制闸,120
2026/4/19 13:28,阳院节制闸,120
2026/4/19 13:33,阳院节制闸,120
2026/4/19 13:38,阳院节制闸,110
2026/4/19 13:43,阳院节制闸,110
2026/4/19 13:49,阳院节制闸,110
2026/4/19 13:54,阳院节制闸,110
2026/4/19 13:59,阳院节制闸,110
2026/4/19 14:04,阳院节制闸,110
2026/4/19 14:10,阳院节制闸,110
2026/4/19 14:15,阳院节制闸,95
2026/4/19 14:20,阳院节制闸,95
2026/4/19 14:26,阳院节制闸,95
2026/4/19 14:31,阳院节制闸,95
2026/4/19 14:36,阳院节制闸,95
2026/4/19 14:41,阳院节制闸,95
2026/4/19 14:47,阳院节制闸,85
2026/4/19 14:52,阳院节制闸,85
2026/4/19 14:57,阳院节制闸,85
2026/4/19 15:02,阳院节制闸,85
2026/4/19 15:08,阳院节制闸,85
2026/4/19 15:13,阳院节制闸,85
2026/4/19 15:18,阳院节制闸,85
2026/4/19 15:24,阳院节制闸,85
2026/4/19 15:29,阳院节制闸,85
2026/4/19 15:34,阳院节制闸,85
2026/4/19 15:39,阳院节制闸,85
2026/4/19 15:45,阳院节制闸,85
2026/4/19 15:50,阳院节制闸,85
2026/4/19 15:56,阳院节制闸,85
2026/4/19 16:01,阳院节制闸,85
2026/4/19 16:06,阳院节制闸,85
2026/4/19 16:11,阳院节制闸,85
2026/4/19 16:17,阳院节制闸,85
2026/4/19 16:22,阳院节制闸,85
2026/4/19 16:27,阳院节制闸,85
2026/4/19 16:33,阳院节制闸,85
2026/4/19 16:38,阳院节制闸,85
2026/4/19 16:43,阳院节制闸,85
2026/4/19 16:48,阳院节制闸,85
2026/4/19 16:53,阳院节制闸,85
2026/4/19 16:58,阳院节制闸,85
2026/4/19 17:04,阳院节制闸,85
2026/4/19 17:09,阳院节制闸,85
2026/4/19 17:14,阳院节制闸,90
2026/4/19 17:19,阳院节制闸,90
2026/4/19 17:25,阳院节制闸,90
2026/4/19 17:30,阳院节制闸,90
2026/4/19 17:35,阳院节制闸,90
2026/4/19 17:40,阳院节制闸,90
2026/4/19 17:46,阳院节制闸,90
2026/4/19 17:51,阳院节制闸,90
2026/4/19 17:56,阳院节制闸,90
2026/4/19 18:02,阳院节制闸,90
2026/4/19 18:07,阳院节制闸,90
2026/4/19 18:12,阳院节制闸,90
2026/4/19 18:18,阳院节制闸,90
2026/4/19 18:23,阳院节制闸,90
2026/4/19 18:28,阳院节制闸,90
2026/4/19 18:33,阳院节制闸,90
2026/4/19 18:39,阳院节制闸,90
2026/4/19 18:44,阳院节制闸,90
2026/4/19 18:49,阳院节制闸,90
2026/4/19 18:54,阳院节制闸,90
2026/4/19 18:59,阳院节制闸,90
2026/4/19 19:04,阳院节制闸,90
2026/4/19 19:10,阳院节制闸,90
2026/4/19 19:15,阳院节制闸,90
2026/4/19 19:20,阳院节制闸,90
2026/4/19 19:26,阳院节制闸,90
2026/4/19 19:31,阳院节制闸,90
2026/4/19 19:36,阳院节制闸,90
2026/4/19 19:42,阳院节制闸,90
2026/4/19 19:47,阳院节制闸,90
2026/4/19 19:52,阳院节制闸,90
2026/4/19 19:58,阳院节制闸,90
2026/4/19 20:03,阳院节制闸,90
2026/4/19 20:08,阳院节制闸,100
2026/4/19 20:14,阳院节制闸,100
2026/4/19 20:19,阳院节制闸,100
2026/4/19 20:25,阳院节制闸,100
2026/4/19 20:30,阳院节制闸,100
2026/4/19 20:36,阳院节制闸,100
2026/4/19 20:41,阳院节制闸,100
2026/4/19 20:46,阳院节制闸,100
2026/4/19 20:52,阳院节制闸,100
2026/4/19 20:57,阳院节制闸,100
2026/4/19 21:02,阳院节制闸,100
2026/4/19 21:08,阳院节制闸,100
2026/4/19 21:13,阳院节制闸,100
2026/4/19 21:18,阳院节制闸,100
2026/4/19 21:24,阳院节制闸,100
2026/4/19 21:29,阳院节制闸,100
2026/4/19 21:34,阳院节制闸,100
2026/4/19 21:40,阳院节制闸,95
2026/4/19 21:45,阳院节制闸,95
2026/4/19 21:51,阳院节制闸,95
2026/4/19 21:56,阳院节制闸,95
2026/4/19 22:01,阳院节制闸,95
2026/4/19 22:06,阳院节制闸,95
2026/4/19 22:12,阳院节制闸,95
2026/4/19 22:17,阳院节制闸,95
2026/4/19 22:23,阳院节制闸,95
2026/4/19 22:28,阳院节制闸,95
2026/4/19 22:33,阳院节制闸,95
2026/4/19 22:39,阳院节制闸,95
2026/4/19 22:44,阳院节制闸,95
2026/4/19 22:50,阳院节制闸,95
2026/4/19 22:55,阳院节制闸,95
2026/4/19 23:00,阳院节制闸,95
2026/4/19 23:03,阳院节制闸,95
2026/4/19 23:11,阳院节制闸,85
2026/4/19 23:16,阳院节制闸,85
2026/4/19 23:22,阳院节制闸,85
2026/4/19 23:27,阳院节制闸,85
2026/4/19 23:32,阳院节制闸,85
2026/4/19 23:38,阳院节制闸,85
2026/4/19 23:43,阳院节制闸,85
2026/4/19 23:49,阳院节制闸,85
2026/4/19 23:54,阳院节制闸,85
2026/4/19 23:59,阳院节制闸,85
2026/4/20 0:05,阳院节制闸,85
2026/4/20 0:10,阳院节制闸,85
2026/4/20 0:15,阳院节制闸,85
2026/4/20 0:21,阳院节制闸,85
2026/4/20 0:26,阳院节制闸,85
2026/4/20 0:31,阳院节制闸,85
2026/4/20 0:36,阳院节制闸,85
2026/4/20 0:42,阳院节制闸,85
2026/4/20 0:47,阳院节制闸,85
2026/4/20 0:52,阳院节制闸,85
2026/4/20 0:58,阳院节制闸,85
2026/4/20 1:03,阳院节制闸,85
2026/4/20 1:08,阳院节制闸,85
2026/4/20 1:13,阳院节制闸,85
2026/4/20 1:18,阳院节制闸,85
2026/4/20 1:24,阳院节制闸,85
2026/4/20 1:29,阳院节制闸,80
2026/4/20 1:35,阳院节制闸,80
2026/4/20 1:40,阳院节制闸,80
2026/4/20 1:45,阳院节制闸,80
2026/4/20 1:51,阳院节制闸,80
2026/4/20 1:56,阳院节制闸,80
2026/4/20 2:01,阳院节制闸,80
2026/4/20 2:06,阳院节制闸,80
2026/4/20 2:11,阳院节制闸,80
2026/4/20 2:17,阳院节制闸,80
2026/4/20 2:22,阳院节制闸,80
2026/4/20 2:27,阳院节制闸,80
2026/4/20 2:33,阳院节制闸,80
2026/4/20 2:38,阳院节制闸,80
2026/4/20 2:43,阳院节制闸,80
2026/4/20 2:48,阳院节制闸,80
2026/4/20 2:53,阳院节制闸,80
2026/4/20 2:58,阳院节制闸,80
2026/4/20 3:04,阳院节制闸,80
2026/4/20 3:09,阳院节制闸,80
2026/4/20 3:14,阳院节制闸,80
2026/4/20 3:20,阳院节制闸,80
2026/4/20 3:25,阳院节制闸,80
2026/4/20 3:30,阳院节制闸,80
2026/4/20 3:35,阳院节制闸,80
2026/4/20 3:40,阳院节制闸,80
2026/4/20 3:45,阳院节制闸,80
2026/4/20 3:51,阳院节制闸,80
2026/4/20 3:56,阳院节制闸,80
2026/4/20 4:01,阳院节制闸,80
2026/4/20 4:07,阳院节制闸,80
2026/4/20 4:12,阳院节制闸,80
2026/4/20 4:17,阳院节制闸,80
2026/4/20 4:23,阳院节制闸,80
2026/4/20 4:28,阳院节制闸,80
2026/4/20 4:34,阳院节制闸,80
2026/4/20 4:39,阳院节制闸,80
2026/4/20 4:44,阳院节制闸,80
2026/4/20 4:50,阳院节制闸,80
2026/4/20 4:55,阳院节制闸,80
2026/4/20 5:00,阳院节制闸,80
2026/4/20 5:06,阳院节制闸,80
2026/4/20 5:11,阳院节制闸,80
2026/4/20 5:16,阳院节制闸,80
2026/4/20 5:22,阳院节制闸,80
2026/4/20 5:27,阳院节制闸,80
2026/4/20 5:32,阳院节制闸,80
2026/4/20 5:38,阳院节制闸,80
2026/4/20 5:43,阳院节制闸,80
2026/4/20 5:48,阳院节制闸,80
2026/4/20 5:54,阳院节制闸,80
2026/4/20 5:59,阳院节制闸,80
2026/4/20 6:05,阳院节制闸,80
2026/4/20 6:10,阳院节制闸,80
2026/4/20 6:15,阳院节制闸,80
2026/4/20 6:21,阳院节制闸,80
2026/4/20 6:26,阳院节制闸,80
2026/4/20 6:32,阳院节制闸,80
2026/4/20 6:37,阳院节制闸,80
2026/4/20 6:42,阳院节制闸,80
2026/4/20 6:48,阳院节制闸,80
2026/4/20 6:53,阳院节制闸,80
2026/4/20 6:58,阳院节制闸,80
2026/4/20 7:04,阳院节制闸,80
2026/4/20 7:09,阳院节制闸,80
2026/4/20 7:14,阳院节制闸,80
2026/4/20 7:20,阳院节制闸,80
2026/4/20 7:25,阳院节制闸,80
2026/4/20 7:30,阳院节制闸,80
2026/4/20 7:36,阳院节制闸,80
2026/4/20 7:41,阳院节制闸,80
2026/4/20 7:46,阳院节制闸,85
2026/4/20 7:52,阳院节制闸,85
2026/4/20 7:57,阳院节制闸,85
2026/4/20 8:02,阳院节制闸,85
2026/4/20 8:08,阳院节制闸,85
2026/4/20 8:13,阳院节制闸,85
2026/4/20 8:19,阳院节制闸,85
2026/4/20 8:24,阳院节制闸,85
2026/4/20 8:29,阳院节制闸,85
2026/4/20 8:35,阳院节制闸,85
2026/4/20 8:40,阳院节制闸,85
2026/4/20 8:45,阳院节制闸,85
2026/4/20 8:51,阳院节制闸,85
2026/4/20 8:56,阳院节制闸,85
2026/4/20 9:01,阳院节制闸,85
2026/4/20 9:07,阳院节制闸,85
2026/4/20 9:12,阳院节制闸,85
2026/4/20 9:17,阳院节制闸,85
2026/4/20 9:23,阳院节制闸,85
2026/4/20 9:28,阳院节制闸,85
2026/4/20 9:34,阳院节制闸,85
2026/4/20 9:39,阳院节制闸,85
2026/4/20 9:44,阳院节制闸,85
2026/4/20 9:50,阳院节制闸,85
2026/4/20 9:55,阳院节制闸,85
2026/4/20 10:00,阳院节制闸,85
2026/4/20 10:06,阳院节制闸,85
2026/4/20 10:11,阳院节制闸,85
2026/4/20 10:16,阳院节制闸,85
2026/4/20 10:22,阳院节制闸,85
2026/4/20 10:27,阳院节制闸,85
2026/4/20 10:33,阳院节制闸,85
2026/4/20 10:38,阳院节制闸,85
2026/4/20 10:43,阳院节制闸,85
2026/4/20 10:48,阳院节制闸,85
2026/4/20 10:54,阳院节制闸,85
2026/4/20 10:59,阳院节制闸,85
2026/4/20 11:05,阳院节制闸,85
2026/4/20 11:10,阳院节制闸,85
2026/4/20 11:15,阳院节制闸,85
2026/4/20 11:21,阳院节制闸,85
2026/4/20 11:26,阳院节制闸,78
2026/4/20 11:31,阳院节制闸,75
2026/4/20 11:37,阳院节制闸,75
2026/4/20 11:42,阳院节制闸,75
2026/4/20 11:48,阳院节制闸,75
2026/4/20 11:53,阳院节制闸,75
2026/4/20 11:59,阳院节制闸,75
2026/4/20 12:04,阳院节制闸,75
2026/4/20 12:09,阳院节制闸,75
2026/4/20 12:14,阳院节制闸,75
2026/4/20 12:20,阳院节制闸,75
2026/4/20 12:25,阳院节制闸,75
2026/4/20 12:31,阳院节制闸,75
2026/4/20 12:36,阳院节制闸,75
2026/4/20 12:41,阳院节制闸,80
2026/4/20 12:47,阳院节制闸,80
2026/4/20 12:52,阳院节制闸,80
2026/4/20 12:58,阳院节制闸,80
2026/4/20 13:03,阳院节制闸,80
2026/4/20 13:08,阳院节制闸,80
2026/4/20 13:13,阳院节制闸,80
2026/4/20 13:19,阳院节制闸,80
2026/4/20 13:24,阳院节制闸,80
2026/4/20 13:30,阳院节制闸,80
2026/4/20 13:35,阳院节制闸,80
2026/4/20 13:40,阳院节制闸,80
2026/4/20 13:46,阳院节制闸,85
2026/4/20 13:51,阳院节制闸,85
2026/4/20 13:56,阳院节制闸,85
2026/4/20 14:02,阳院节制闸,85
2026/4/20 14:07,阳院节制闸,85
2026/4/20 14:12,阳院节制闸,85
2026/4/20 14:18,阳院节制闸,85
2026/4/20 14:23,阳院节制闸,85
2026/4/20 14:29,阳院节制闸,85
2026/4/20 14:34,阳院节制闸,85
2026/4/20 14:39,阳院节制闸,85
2026/4/20 14:44,阳院节制闸,85
2026/4/20 14:50,阳院节制闸,85
2026/4/20 14:55,阳院节制闸,85
2026/4/20 15:01,阳院节制闸,85
2026/4/20 15:06,阳院节制闸,85
2026/4/20 15:12,阳院节制闸,85
2026/4/20 15:17,阳院节制闸,85
2026/4/20 15:22,阳院节制闸,85
2026/4/20 15:27,阳院节制闸,85
2026/4/20 15:33,阳院节制闸,85
2026/4/20 15:38,阳院节制闸,85
2026/4/20 15:44,阳院节制闸,85
2026/4/20 15:49,阳院节制闸,85
2026/4/20 15:54,阳院节制闸,85
2026/4/20 16:00,阳院节制闸,85
2026/4/20 16:05,阳院节制闸,85
2026/4/20 16:10,阳院节制闸,85
2026/4/20 16:16,阳院节制闸,85
2026/4/20 16:21,阳院节制闸,85
2026/4/20 16:26,阳院节制闸,85
2026/4/20 16:32,阳院节制闸,85
2026/4/20 16:37,阳院节制闸,85
2026/4/20 16:43,阳院节制闸,85
2026/4/20 16:48,阳院节制闸,85
2026/4/20 16:53,阳院节制闸,80
2026/4/20 16:58,阳院节制闸,80
2026/4/20 17:03,阳院节制闸,80
2026/4/20 17:09,阳院节制闸,80
2026/4/20 17:14,阳院节制闸,80
2026/4/20 17:19,阳院节制闸,80
2026/4/20 17:25,阳院节制闸,80
2026/4/20 17:30,阳院节制闸,75
2026/4/20 17:35,阳院节制闸,75
2026/4/20 17:40,阳院节制闸,75
2026/4/20 17:46,阳院节制闸,75
2026/4/20 17:51,阳院节制闸,75
2026/4/20 17:57,阳院节制闸,75
2026/4/20 18:02,阳院节制闸,75
2026/4/20 18:07,阳院节制闸,75
2026/4/20 18:13,阳院节制闸,75
2026/4/20 18:18,阳院节制闸,75
2026/4/20 18:24,阳院节制闸,75
2026/4/20 18:29,阳院节制闸,75
2026/4/20 18:34,阳院节制闸,75
2026/4/20 18:39,阳院节制闸,75
2026/4/20 18:44,阳院节制闸,75
2026/4/20 18:50,阳院节制闸,75
2026/4/20 18:55,阳院节制闸,75
2026/4/20 19:00,阳院节制闸,75
2026/4/20 19:06,阳院节制闸,75
2026/4/20 19:11,阳院节制闸,75
2026/4/20 19:16,阳院节制闸,75
2026/4/20 19:22,阳院节制闸,75
2026/4/20 19:27,阳院节制闸,75
2026/4/20 19:32,阳院节制闸,75
2026/4/20 19:37,阳院节制闸,75
2026/4/20 19:42,阳院节制闸,75
2026/4/20 19:48,阳院节制闸,75
2026/4/20 19:53,阳院节制闸,75
2026/4/20 19:58,阳院节制闸,75
2026/4/20 20:04,阳院节制闸,75
2026/4/20 20:09,阳院节制闸,75
2026/4/20 20:14,阳院节制闸,75
2026/4/20 20:19,阳院节制闸,75
2026/4/20 20:24,阳院节制闸,75
2026/4/20 20:30,阳院节制闸,75
2026/4/20 20:35,阳院节制闸,75
2026/4/20 20:40,阳院节制闸,75
2026/4/20 20:46,阳院节制闸,75
2026/4/20 20:51,阳院节制闸,75
2026/4/20 20:57,阳院节制闸,75
2026/4/20 21:02,阳院节制闸,75
2026/4/20 21:07,阳院节制闸,75
2026/4/20 21:12,阳院节制闸,70
2026/4/20 21:17,阳院节制闸,70
2026/4/20 21:23,阳院节制闸,70
2026/4/20 21:28,阳院节制闸,70
2026/4/20 21:33,阳院节制闸,70
2026/4/20 21:39,阳院节制闸,70
2026/4/20 21:44,阳院节制闸,70
2026/4/20 21:49,阳院节制闸,70
2026/4/20 21:55,阳院节制闸,70
2026/4/20 22:00,阳院节制闸,70
2026/4/20 22:06,阳院节制闸,65
2026/4/20 22:11,阳院节制闸,65
2026/4/20 22:17,阳院节制闸,65
2026/4/20 22:22,阳院节制闸,65
2026/4/20 22:27,阳院节制闸,65
2026/4/20 22:32,阳院节制闸,65
2026/4/20 22:38,阳院节制闸,65
2026/4/20 22:43,阳院节制闸,65
2026/4/20 22:48,阳院节制闸,65
2026/4/20 22:54,阳院节制闸,65
2026/4/20 22:59,阳院节制闸,65
2026/4/20 23:02,阳院节制闸,65
2026/4/20 23:10,阳院节制闸,65
2026/4/20 23:15,阳院节制闸,65
2026/4/20 23:20,阳院节制闸,65
2026/4/20 23:25,阳院节制闸,65
2026/4/20 23:30,阳院节制闸,65
2026/4/20 23:35,阳院节制闸,65
2026/4/20 23:41,阳院节制闸,65
2026/4/20 23:46,阳院节制闸,65
2026/4/20 23:51,阳院节制闸,65
2026/4/20 23:57,阳院节制闸,70
2026/4/21 0:02,阳院节制闸,70
2026/4/21 0:07,阳院节制闸,70
2026/4/21 0:13,阳院节制闸,70
2026/4/21 0:18,阳院节制闸,70
2026/4/21 0:23,阳院节制闸,70
2026/4/21 0:29,阳院节制闸,70
2026/4/21 0:34,阳院节制闸,70
2026/4/21 0:39,阳院节制闸,70
2026/4/21 0:45,阳院节制闸,70
2026/4/21 0:50,阳院节制闸,90
2026/4/21 0:56,阳院节制闸,90
2026/4/21 1:01,阳院节制闸,100
2026/4/21 1:06,阳院节制闸,100
2026/4/21 1:11,阳院节制闸,100
2026/4/21 1:17,阳院节制闸,100
2026/4/21 1:22,阳院节制闸,100
2026/4/21 1:28,阳院节制闸,100
2026/4/21 1:33,阳院节制闸,100
2026/4/21 1:38,阳院节制闸,100
2026/4/21 1:44,阳院节制闸,100
2026/4/21 1:49,阳院节制闸,100
2026/4/21 1:55,阳院节制闸,100
2026/4/21 2:00,阳院节制闸,100
2026/4/21 2:05,阳院节制闸,100
2026/4/21 2:10,阳院节制闸,100
2026/4/21 2:16,阳院节制闸,75
2026/4/21 2:21,阳院节制闸,75
2026/4/21 2:27,阳院节制闸,75
2026/4/21 2:32,阳院节制闸,75
2026/4/21 2:37,阳院节制闸,75
2026/4/21 2:43,阳院节制闸,75
2026/4/21 2:48,阳院节制闸,75
2026/4/21 2:53,阳院节制闸,75
2026/4/21 2:59,阳院节制闸,75
2026/4/21 3:04,阳院节制闸,75
2026/4/21 3:09,阳院节制闸,75
2026/4/21 3:15,阳院节制闸,75
2026/4/21 3:20,阳院节制闸,75
2026/4/21 3:26,阳院节制闸,75
2026/4/21 3:31,阳院节制闸,85
2026/4/21 3:36,阳院节制闸,85
2026/4/21 3:41,阳院节制闸,85
2026/4/21 3:47,阳院节制闸,85
2026/4/21 3:52,阳院节制闸,85
2026/4/21 3:58,阳院节制闸,85
2026/4/21 4:03,阳院节制闸,85
2026/4/21 4:08,阳院节制闸,85
2026/4/21 4:14,阳院节制闸,100
2026/4/21 4:19,阳院节制闸,100
2026/4/21 4:24,阳院节制闸,100
2026/4/21 4:30,阳院节制闸,100
2026/4/21 4:35,阳院节制闸,100
2026/4/21 4:41,阳院节制闸,100
2026/4/21 4:46,阳院节制闸,100
2026/4/21 4:51,阳院节制闸,100
2026/4/21 4:57,阳院节制闸,100
2026/4/21 5:02,阳院节制闸,100
2026/4/21 5:07,阳院节制闸,100
2026/4/21 5:13,阳院节制闸,100
2026/4/21 5:18,阳院节制闸,100
2026/4/21 5:23,阳院节制闸,100
2026/4/21 5:29,阳院节制闸,100
2026/4/21 5:34,阳院节制闸,100
2026/4/21 5:39,阳院节制闸,100
2026/4/21 5:44,阳院节制闸,100
2026/4/21 5:50,阳院节制闸,100
2026/4/21 5:55,阳院节制闸,100
2026/4/21 6:00,阳院节制闸,100
2026/4/21 6:05,阳院节制闸,100
2026/4/21 6:11,阳院节制闸,100
2026/4/21 6:16,阳院节制闸,100
2026/4/21 6:21,阳院节制闸,100
2026/4/21 6:26,阳院节制闸,100
2026/4/21 6:32,阳院节制闸,100
2026/4/21 6:37,阳院节制闸,100
2026/4/21 6:43,阳院节制闸,100
2026/4/21 6:48,阳院节制闸,100
2026/4/21 6:54,阳院节制闸,100
2026/4/21 6:59,阳院节制闸,100
2026/4/21 7:04,阳院节制闸,100
2026/4/21 7:10,阳院节制闸,100
2026/4/21 7:15,阳院节制闸,100
2026/4/21 7:20,阳院节制闸,100
2026/4/21 7:26,阳院节制闸,100
2026/4/21 7:31,阳院节制闸,100
2026/4/21 7:36,阳院节制闸,100
2026/4/21 7:42,阳院节制闸,100
2026/4/21 7:47,阳院节制闸,100
2026/4/21 7:53,阳院节制闸,100
2026/4/21 7:58,阳院节制闸,80
2026/4/21 8:04,阳院节制闸,75
2026/4/21 8:09,阳院节制闸,75
2026/4/21 8:14,阳院节制闸,75
2026/4/21 8:20,阳院节制闸,70
2026/4/21 8:25,阳院节制闸,70
2026/4/21 8:30,阳院节制闸,70
2026/4/21 8:36,阳院节制闸,50
2026/4/21 8:41,阳院节制闸,50
2026/4/21 8:46,阳院节制闸,50
2026/4/21 8:52,阳院节制闸,50
2026/4/21 8:57,阳院节制闸,50
2026/4/21 9:02,阳院节制闸,50
2026/4/21 9:08,阳院节制闸,50
2026/4/21 9:13,阳院节制闸,50
2026/4/21 9:19,阳院节制闸,50
2026/4/21 9:24,阳院节制闸,50
2026/4/21 9:29,阳院节制闸,50
2026/4/21 9:34,阳院节制闸,50
2026/4/21 9:40,阳院节制闸,50
2026/4/21 9:45,阳院节制闸,50
2026/4/21 9:50,阳院节制闸,50
2026/4/21 9:56,阳院节制闸,50
2026/4/21 10:01,阳院节制闸,50
2026/4/21 10:07,阳院节制闸,50
2026/4/21 10:12,阳院节制闸,50
2026/4/21 10:17,阳院节制闸,50
2026/4/21 10:22,阳院节制闸,50
2026/4/21 10:28,阳院节制闸,50
2026/4/21 10:33,阳院节制闸,50
2026/4/21 10:38,阳院节制闸,50
2026/4/21 10:44,阳院节制闸,50
2026/4/21 10:49,阳院节制闸,50
2026/4/21 10:54,阳院节制闸,50
2026/4/21 10:59,阳院节制闸,50
2026/4/21 11:05,阳院节制闸,50
2026/4/21 11:10,阳院节制闸,50
2026/4/21 11:15,阳院节制闸,50
2026/4/21 11:20,阳院节制闸,50
2026/4/21 11:26,阳院节制闸,50
2026/4/21 11:31,阳院节制闸,50
2026/4/21 11:36,阳院节制闸,50
2026/4/21 11:41,阳院节制闸,50
2026/4/21 11:46,阳院节制闸,50
2026/4/21 11:52,阳院节制闸,50
2026/4/21 11:57,阳院节制闸,50
2026/4/21 12:02,阳院节制闸,50
2026/4/21 12:07,阳院节制闸,50
2026/4/21 12:12,阳院节制闸,50
2026/4/21 12:18,阳院节制闸,50
2026/4/21 12:23,阳院节制闸,50
2026/4/21 12:29,阳院节制闸,50
2026/4/21 12:34,阳院节制闸,50
2026/4/21 12:39,阳院节制闸,50
2026/4/21 12:45,阳院节制闸,50
2026/4/21 12:50,阳院节制闸,50
2026/4/21 12:55,阳院节制闸,50
2026/4/21 13:01,阳院节制闸,50
2026/4/21 13:06,阳院节制闸,50
2026/4/21 13:11,阳院节制闸,50
2026/4/21 13:16,阳院节制闸,50
2026/4/21 13:21,阳院节制闸,60
2026/4/21 13:26,阳院节制闸,60
2026/4/21 13:32,阳院节制闸,60
2026/4/21 13:37,阳院节制闸,60
2026/4/21 13:42,阳院节制闸,70
2026/4/21 13:47,阳院节制闸,70
2026/4/21 13:53,阳院节制闸,70
2026/4/21 13:58,阳院节制闸,70
2026/4/21 14:03,阳院节制闸,70
2026/4/21 14:09,阳院节制闸,70
2026/4/21 14:14,阳院节制闸,70
2026/4/21 14:19,阳院节制闸,70
2026/4/21 14:25,阳院节制闸,70
2026/4/21 14:30,阳院节制闸,70
2026/4/21 14:36,阳院节制闸,70
2026/4/21 14:41,阳院节制闸,70
2026/4/21 14:46,阳院节制闸,70
2026/4/21 14:52,阳院节制闸,70
2026/4/21 14:57,阳院节制闸,70
2026/4/21 15:02,阳院节制闸,70
2026/4/21 15:08,阳院节制闸,70
2026/4/21 15:13,阳院节制闸,65
2026/4/21 15:18,阳院节制闸,65
2026/4/21 15:24,阳院节制闸,65
2026/4/21 15:29,阳院节制闸,65
2026/4/21 15:35,阳院节制闸,65
2026/4/21 15:40,阳院节制闸,65
2026/4/21 15:45,阳院节制闸,55
2026/4/21 15:51,阳院节制闸,50
2026/4/21 15:56,阳院节制闸,50
2026/4/21 16:01,阳院节制闸,50
2026/4/21 16:06,阳院节制闸,50
2026/4/21 16:11,阳院节制闸,50
2026/4/21 16:16,阳院节制闸,50
2026/4/21 16:22,阳院节制闸,50
2026/4/21 16:27,阳院节制闸,50
2026/4/21 16:32,阳院节制闸,50
2026/4/21 16:37,阳院节制闸,50
2026/4/21 16:42,阳院节制闸,50
2026/4/21 16:48,阳院节制闸,50
2026/4/21 16:53,阳院节制闸,50
2026/4/21 16:58,阳院节制闸,50
2026/4/21 17:03,阳院节制闸,50
2026/4/21 17:09,阳院节制闸,50
2026/4/21 17:14,阳院节制闸,50
2026/4/21 17:19,阳院节制闸,50
2026/4/21 17:25,阳院节制闸,50
