obj,tm,value
15号桥节制闸,2026-04-21 17:30:03,0.47
15号桥节制闸,2026-04-21 17:25:03,0.52
15号桥节制闸,2026-04-21 17:20:03,0.4
15号桥节制闸,2026-04-21 17:14:03,0.29
15号桥节制闸,2026-04-21 17:09:03,0.29
15号桥节制闸,2026-04-21 17:04:03,0.29
15号桥节制闸,2026-04-21 16:59:03,0.29
15号桥节制闸,2026-04-21 16:54:03,0.35
15号桥节制闸,2026-04-21 16:48:03,0.39
15号桥节制闸,2026-04-21 16:43:03,0.29
15号桥节制闸,2026-04-21 16:38:03,0.29
15号桥节制闸,2026-04-21 16:32:03,0.29
15号桥节制闸,2026-04-21 16:27:03,0.29
15号桥节制闸,2026-04-21 16:22:03,0.29
15号桥节制闸,2026-04-21 16:17:03,0.3
15号桥节制闸,2026-04-21 16:12:03,0.3
15号桥节制闸,2026-04-21 16:07:03,0.3
15号桥节制闸,2026-04-21 16:02:03,0.3
15号桥节制闸,2026-04-21 15:56:03,0.3
15号桥节制闸,2026-04-21 15:51:03,0.31
15号桥节制闸,2026-04-21 15:46:03,0.31
15号桥节制闸,2026-04-21 15:41:03,0.31
15号桥节制闸,2026-04-21 15:36:03,0.31
15号桥节制闸,2026-04-21 15:30:03,0.32
15号桥节制闸,2026-04-21 15:24:03,0.33
15号桥节制闸,2026-04-21 15:18:03,0.35
15号桥节制闸,2026-04-21 15:12:03,0.37
15号桥节制闸,2026-04-21 15:07:03,0.39
15号桥节制闸,2026-04-21 15:02:03,0.42
15号桥节制闸,2026-04-21 14:57:03,0.45
15号桥节制闸,2026-04-21 14:51:03,0.51
15号桥节制闸,2026-04-21 14:45:03,0.59
15号桥节制闸,2026-04-21 14:39:03,0.72
15号桥节制闸,2026-04-21 14:34:03,0.81
15号桥节制闸,2026-04-21 14:29:03,1.08
15号桥节制闸,2026-04-21 14:24:03,0.75
15号桥节制闸,2026-04-21 14:18:03,1.07
15号桥节制闸,2026-04-21 14:13:03,1.86
15号桥节制闸,2026-04-21 14:07:03,0.73
15号桥节制闸,2026-04-21 14:02:03,0.56
15号桥节制闸,2026-04-21 13:56:03,0.29
15号桥节制闸,2026-04-21 13:51:03,0.29
15号桥节制闸,2026-04-21 13:46:03,0.29
15号桥节制闸,2026-04-21 13:41:03,0.29
15号桥节制闸,2026-04-21 13:36:03,0.29
15号桥节制闸,2026-04-21 13:31:03,0.29
15号桥节制闸,2026-04-21 13:25:03,0.29
15号桥节制闸,2026-04-21 13:19:03,0.3
15号桥节制闸,2026-04-21 13:14:03,0.32
15号桥节制闸,2026-04-21 13:09:03,0.35
15号桥节制闸,2026-04-21 13:03:03,0.38
15号桥节制闸,2026-04-21 12:57:03,0.41
15号桥节制闸,2026-04-21 12:52:03,0.43
15号桥节制闸,2026-04-21 12:46:03,0.47
15号桥节制闸,2026-04-21 12:40:03,0.51
15号桥节制闸,2026-04-21 12:35:03,0.55
15号桥节制闸,2026-04-21 12:29:03,0.62
15号桥节制闸,2026-04-21 12:24:03,0.7
15号桥节制闸,2026-04-21 12:19:03,0.77
15号桥节制闸,2026-04-21 12:13:03,0.95
15号桥节制闸,2026-04-21 12:07:03,0.95
15号桥节制闸,2026-04-21 12:01:03,0.95
15号桥节制闸,2026-04-21 11:56:03,0.97
15号桥节制闸,2026-04-21 11:51:03,1.0
15号桥节制闸,2026-04-21 11:45:03,1.07
15号桥节制闸,2026-04-21 11:40:03,1.06
15号桥节制闸,2026-04-21 11:35:03,1.06
15号桥节制闸,2026-04-21 11:29:03,1.07
15号桥节制闸,2026-04-21 11:23:03,1.06
15号桥节制闸,2026-04-21 11:17:03,1.08
15号桥节制闸,2026-04-21 11:11:03,1.03
15号桥节制闸,2026-04-21 11:05:03,1.06
15号桥节制闸,2026-04-21 10:59:03,1.05
15号桥节制闸,2026-04-21 10:54:03,1.06
15号桥节制闸,2026-04-21 10:48:03,1.03
15号桥节制闸,2026-04-21 10:43:03,1.04
15号桥节制闸,2026-04-21 10:38:03,1.05
15号桥节制闸,2026-04-21 10:32:03,1.03
15号桥节制闸,2026-04-21 10:26:03,1.05
15号桥节制闸,2026-04-21 10:20:03,1.04
15号桥节制闸,2026-04-21 10:14:03,1.01
15号桥节制闸,2026-04-21 10:08:03,1.01
15号桥节制闸,2026-04-21 10:03:03,1.01
15号桥节制闸,2026-04-21 09:58:03,1.0
15号桥节制闸,2026-04-21 09:52:03,1.01
15号桥节制闸,2026-04-21 09:46:03,1.01
15号桥节制闸,2026-04-21 09:41:03,1.04
15号桥节制闸,2026-04-21 09:36:03,1.01
15号桥节制闸,2026-04-21 09:30:03,1.01
15号桥节制闸,2026-04-21 09:25:03,1.02
15号桥节制闸,2026-04-21 09:19:03,1.0
15号桥节制闸,2026-04-21 09:14:03,1.0
15号桥节制闸,2026-04-21 09:08:03,1.0
15号桥节制闸,2026-04-21 09:03:03,0.99
15号桥节制闸,2026-04-21 08:58:03,0.99
15号桥节制闸,2026-04-21 08:53:03,0.98
15号桥节制闸,2026-04-21 08:48:03,0.98
15号桥节制闸,2026-04-21 08:42:03,0.93
15号桥节制闸,2026-04-21 08:37:03,1.11
15号桥节制闸,2026-04-21 08:32:03,0.93
15号桥节制闸,2026-04-21 08:27:03,0.97
15号桥节制闸,2026-04-21 08:21:03,0.97
15号桥节制闸,2026-04-21 08:16:03,0.97
15号桥节制闸,2026-04-21 08:10:03,0.99
15号桥节制闸,2026-04-21 08:05:03,1.04
15号桥节制闸,2026-04-21 08:00:03,1.0
15号桥节制闸,2026-04-21 07:54:03,1.08
15号桥节制闸,2026-04-21 07:48:03,1.04
15号桥节制闸,2026-04-21 07:43:03,1.08
15号桥节制闸,2026-04-21 07:38:03,1.06
15号桥节制闸,2026-04-21 07:33:03,1.06
15号桥节制闸,2026-04-21 07:27:03,1.05
15号桥节制闸,2026-04-21 07:22:03,1.06
15号桥节制闸,2026-04-21 07:17:03,1.05
15号桥节制闸,2026-04-21 07:11:03,1.06
15号桥节制闸,2026-04-21 07:06:03,1.11
15号桥节制闸,2026-04-21 07:00:03,1.15
15号桥节制闸,2026-04-21 06:54:03,1.16
15号桥节制闸,2026-04-21 06:48:03,1.16
15号桥节制闸,2026-04-21 06:43:03,1.17
15号桥节制闸,2026-04-21 06:38:03,1.17
15号桥节制闸,2026-04-21 06:33:03,1.16
15号桥节制闸,2026-04-21 06:28:03,1.17
15号桥节制闸,2026-04-21 06:22:03,1.17
15号桥节制闸,2026-04-21 06:17:03,1.17
15号桥节制闸,2026-04-21 06:12:03,1.16
15号桥节制闸,2026-04-21 06:06:03,1.16
15号桥节制闸,2026-04-21 06:01:02,1.16
15号桥节制闸,2026-04-21 05:56:02,1.17
15号桥节制闸,2026-04-21 05:50:02,1.16
15号桥节制闸,2026-04-21 05:44:02,1.16
15号桥节制闸,2026-04-21 05:38:02,1.16
15号桥节制闸,2026-04-21 05:33:02,1.16
15号桥节制闸,2026-04-21 05:28:02,1.16
15号桥节制闸,2026-04-21 05:23:02,1.16
15号桥节制闸,2026-04-21 05:17:02,1.16
15号桥节制闸,2026-04-21 05:12:02,1.16
15号桥节制闸,2026-04-21 05:06:02,1.16
15号桥节制闸,2026-04-21 05:01:02,1.16
15号桥节制闸,2026-04-21 04:55:02,1.16
15号桥节制闸,2026-04-21 04:50:02,1.16
15号桥节制闸,2026-04-21 04:44:02,1.16
15号桥节制闸,2026-04-21 04:39:02,1.16
15号桥节制闸,2026-04-21 04:34:02,1.22
15号桥节制闸,2026-04-21 04:29:02,1.16
15号桥节制闸,2026-04-21 04:24:02,1.15
15号桥节制闸,2026-04-21 04:18:02,1.16
15号桥节制闸,2026-04-21 04:13:02,1.16
15号桥节制闸,2026-04-21 04:08:02,1.15
15号桥节制闸,2026-04-21 04:02:02,1.15
15号桥节制闸,2026-04-21 03:56:02,1.13
15号桥节制闸,2026-04-21 03:51:02,1.13
15号桥节制闸,2026-04-21 03:46:02,1.11
15号桥节制闸,2026-04-21 03:41:02,1.12
15号桥节制闸,2026-04-21 03:36:02,1.13
15号桥节制闸,2026-04-21 03:31:02,1.13
15号桥节制闸,2026-04-21 03:26:02,1.12
15号桥节制闸,2026-04-21 03:20:02,1.12
15号桥节制闸,2026-04-21 03:14:02,1.13
15号桥节制闸,2026-04-21 03:08:02,1.12
15号桥节制闸,2026-04-21 03:02:02,1.11
15号桥节制闸,2026-04-21 02:57:02,1.12
15号桥节制闸,2026-04-21 02:52:02,1.12
15号桥节制闸,2026-04-21 02:46:02,1.13
15号桥节制闸,2026-04-21 02:41:02,1.13
15号桥节制闸,2026-04-21 02:36:02,1.1
15号桥节制闸,2026-04-21 02:30:02,1.13
15号桥节制闸,2026-04-21 02:25:02,1.13
15号桥节制闸,2026-04-21 02:20:02,1.1
15号桥节制闸,2026-04-21 02:14:02,1.13
15号桥节制闸,2026-04-21 02:09:02,1.14
15号桥节制闸,2026-04-21 02:03:02,1.13
15号桥节制闸,2026-04-21 01:58:02,1.12
15号桥节制闸,2026-04-21 01:52:02,1.14
15号桥节制闸,2026-04-21 01:47:02,1.14
15号桥节制闸,2026-04-21 01:42:02,1.14
15号桥节制闸,2026-04-21 01:37:02,1.12
15号桥节制闸,2026-04-21 01:32:02,1.14
15号桥节制闸,2026-04-21 01:27:02,1.14
15号桥节制闸,2026-04-21 01:21:02,1.14
15号桥节制闸,2026-04-21 01:15:02,1.13
15号桥节制闸,2026-04-21 01:09:02,1.15
15号桥节制闸,2026-04-21 01:04:02,1.15
15号桥节制闸,2026-04-21 00:59:02,1.15
15号桥节制闸,2026-04-21 00:53:02,1.13
15号桥节制闸,2026-04-21 00:47:02,1.04
15号桥节制闸,2026-04-21 00:41:02,1.0
15号桥节制闸,2026-04-21 00:35:02,1.02
15号桥节制闸,2026-04-21 00:30:02,1.02
15号桥节制闸,2026-04-21 00:25:02,1.03
15号桥节制闸,2026-04-21 00:19:02,1.04
15号桥节制闸,2026-04-21 00:13:02,1.02
15号桥节制闸,2026-04-21 00:07:02,1.02
15号桥节制闸,2026-04-21 00:02:02,1.03
15号桥节制闸,2026-04-20 23:57:02,0.99
15号桥节制闸,2026-04-20 23:52:02,0.99
15号桥节制闸,2026-04-20 23:47:02,1.01
15号桥节制闸,2026-04-20 23:42:02,0.99
15号桥节制闸,2026-04-20 23:36:02,0.97
15号桥节制闸,2026-04-20 23:30:02,0.96
15号桥节制闸,2026-04-20 23:25:02,0.96
15号桥节制闸,2026-04-20 23:19:02,0.97
15号桥节制闸,2026-04-20 23:14:02,0.96
15号桥节制闸,2026-04-20 23:09:02,1.01
15号桥节制闸,2026-04-20 23:02:02,0.96
15号桥节制闸,2026-04-20 22:58:02,0.99
15号桥节制闸,2026-04-20 22:52:02,0.97
15号桥节制闸,2026-04-20 22:47:02,1.0
15号桥节制闸,2026-04-20 22:42:02,0.99
15号桥节制闸,2026-04-20 22:36:02,0.93
15号桥节制闸,2026-04-20 22:31:02,1.0
15号桥节制闸,2026-04-20 22:25:02,0.97
15号桥节制闸,2026-04-20 22:20:02,0.98
15号桥节制闸,2026-04-20 22:14:02,0.99
15号桥节制闸,2026-04-20 22:08:02,0.93
15号桥节制闸,2026-04-20 22:03:02,0.98
15号桥节制闸,2026-04-20 21:57:02,0.99
15号桥节制闸,2026-04-20 21:52:02,0.98
15号桥节制闸,2026-04-20 21:46:02,1.0
15号桥节制闸,2026-04-20 21:41:02,1.06
15号桥节制闸,2026-04-20 21:36:02,1.02
15号桥节制闸,2026-04-20 21:31:02,1.03
15号桥节制闸,2026-04-20 21:26:02,0.99
15号桥节制闸,2026-04-20 21:20:02,0.98
15号桥节制闸,2026-04-20 21:15:02,0.98
15号桥节制闸,2026-04-20 21:10:02,1.01
15号桥节制闸,2026-04-20 21:05:02,1.06
15号桥节制闸,2026-04-20 21:00:02,1.04
15号桥节制闸,2026-04-20 20:55:02,1.23
15号桥节制闸,2026-04-20 20:49:02,1.25
15号桥节制闸,2026-04-20 20:44:02,1.25
15号桥节制闸,2026-04-20 20:39:02,1.21
15号桥节制闸,2026-04-20 20:34:02,1.18
15号桥节制闸,2026-04-20 20:29:02,1.0
15号桥节制闸,2026-04-20 20:24:02,1.03
15号桥节制闸,2026-04-20 20:19:02,1.0
15号桥节制闸,2026-04-20 20:14:02,1.01
15号桥节制闸,2026-04-20 20:09:02,1.01
15号桥节制闸,2026-04-20 20:04:02,1.01
15号桥节制闸,2026-04-20 19:59:02,1.0
15号桥节制闸,2026-04-20 19:53:02,1.01
15号桥节制闸,2026-04-20 19:48:02,1.0
15号桥节制闸,2026-04-20 19:43:02,1.0
15号桥节制闸,2026-04-20 19:37:02,1.0
15号桥节制闸,2026-04-20 19:31:02,1.02
15号桥节制闸,2026-04-20 19:26:02,1.01
15号桥节制闸,2026-04-20 19:20:02,1.02
15号桥节制闸,2026-04-20 19:14:02,1.03
15号桥节制闸,2026-04-20 19:08:02,1.01
15号桥节制闸,2026-04-20 19:03:02,0.99
15号桥节制闸,2026-04-20 18:57:02,1.02
15号桥节制闸,2026-04-20 18:52:02,1.02
15号桥节制闸,2026-04-20 18:47:02,1.02
15号桥节制闸,2026-04-20 18:42:02,1.02
15号桥节制闸,2026-04-20 18:37:02,1.02
15号桥节制闸,2026-04-20 18:31:02,1.01
15号桥节制闸,2026-04-20 18:25:02,1.0
15号桥节制闸,2026-04-20 18:20:02,1.02
15号桥节制闸,2026-04-20 18:15:02,1.03
15号桥节制闸,2026-04-20 18:10:02,0.95
15号桥节制闸,2026-04-20 18:05:02,0.94
15号桥节制闸,2026-04-20 17:59:02,0.99
15号桥节制闸,2026-04-20 17:53:02,1.0
15号桥节制闸,2026-04-20 17:47:02,0.99
15号桥节制闸,2026-04-20 17:42:02,1.05
15号桥节制闸,2026-04-20 17:37:02,1.03
15号桥节制闸,2026-04-20 17:31:02,1.07
15号桥节制闸,2026-04-20 17:26:02,1.05
15号桥节制闸,2026-04-20 17:20:02,1.02
15号桥节制闸,2026-04-20 17:15:02,0.99
15号桥节制闸,2026-04-20 17:09:02,1.02
15号桥节制闸,2026-04-20 17:04:02,1.02
15号桥节制闸,2026-04-20 16:59:02,1.06
15号桥节制闸,2026-04-20 16:53:02,1.02
15号桥节制闸,2026-04-20 16:47:02,1.03
15号桥节制闸,2026-04-20 16:42:02,1.03
15号桥节制闸,2026-04-20 16:36:02,1.03
15号桥节制闸,2026-04-20 16:31:02,1.03
15号桥节制闸,2026-04-20 16:26:02,1.02
15号桥节制闸,2026-04-20 16:21:02,1.04
15号桥节制闸,2026-04-20 16:16:02,1.04
15号桥节制闸,2026-04-20 16:10:02,1.02
15号桥节制闸,2026-04-20 16:05:02,1.03
15号桥节制闸,2026-04-20 16:00:02,1.04
15号桥节制闸,2026-04-20 15:54:02,1.06
15号桥节制闸,2026-04-20 15:48:02,1.08
15号桥节制闸,2026-04-20 15:43:02,1.08
15号桥节制闸,2026-04-20 15:38:02,1.1
15号桥节制闸,2026-04-20 15:33:02,1.04
15号桥节制闸,2026-04-20 15:27:02,1.05
15号桥节制闸,2026-04-20 15:21:02,1.02
15号桥节制闸,2026-04-20 15:15:02,1.11
15号桥节制闸,2026-04-20 15:10:02,1.01
15号桥节制闸,2026-04-20 15:05:02,1.08
15号桥节制闸,2026-04-20 14:59:02,1.07
15号桥节制闸,2026-04-20 14:53:02,1.04
15号桥节制闸,2026-04-20 14:48:02,1.11
15号桥节制闸,2026-04-20 14:42:02,1.08
15号桥节制闸,2026-04-20 14:37:02,1.09
15号桥节制闸,2026-04-20 14:31:02,1.07
15号桥节制闸,2026-04-20 14:26:02,1.09
15号桥节制闸,2026-04-20 14:20:02,1.06
15号桥节制闸,2026-04-20 14:15:02,1.08
15号桥节制闸,2026-04-20 14:10:02,1.06
15号桥节制闸,2026-04-20 14:05:02,1.01
15号桥节制闸,2026-04-20 14:00:02,1.06
15号桥节制闸,2026-04-20 13:54:02,1.03
15号桥节制闸,2026-04-20 13:49:02,1.05
15号桥节制闸,2026-04-20 13:43:02,1.08
15号桥节制闸,2026-04-20 13:38:02,1.03
15号桥节制闸,2026-04-20 13:32:02,1.1
15号桥节制闸,2026-04-20 13:27:02,1.08
15号桥节制闸,2026-04-20 13:21:02,1.07
15号桥节制闸,2026-04-20 13:15:02,1.05
15号桥节制闸,2026-04-20 13:10:02,0.99
15号桥节制闸,2026-04-20 13:04:02,1.02
15号桥节制闸,2026-04-20 12:58:02,1.07
15号桥节制闸,2026-04-20 12:52:02,1.06
15号桥节制闸,2026-04-20 12:47:02,1.05
15号桥节制闸,2026-04-20 12:42:02,1.02
15号桥节制闸,2026-04-20 12:36:02,0.98
15号桥节制闸,2026-04-20 12:31:02,1.07
15号桥节制闸,2026-04-20 12:25:02,1.09
15号桥节制闸,2026-04-20 12:20:02,1.09
15号桥节制闸,2026-04-20 12:14:02,1.11
15号桥节制闸,2026-04-20 12:08:02,1.0
15号桥节制闸,2026-04-20 12:02:02,1.08
15号桥节制闸,2026-04-20 11:57:02,1.08
15号桥节制闸,2026-04-20 11:51:02,1.05
15号桥节制闸,2026-04-20 11:46:02,1.08
15号桥节制闸,2026-04-20 11:40:02,1.05
15号桥节制闸,2026-04-20 11:34:02,1.07
15号桥节制闸,2026-04-20 11:29:02,1.06
15号桥节制闸,2026-04-20 11:23:02,1.04
15号桥节制闸,2026-04-20 11:17:02,1.12
15号桥节制闸,2026-04-20 11:12:02,1.04
15号桥节制闸,2026-04-20 11:06:02,1.09
15号桥节制闸,2026-04-20 11:01:02,1.01
15号桥节制闸,2026-04-20 10:56:02,1.08
15号桥节制闸,2026-04-20 10:50:02,1.04
15号桥节制闸,2026-04-20 10:44:02,1.06
15号桥节制闸,2026-04-20 10:38:02,1.02
15号桥节制闸,2026-04-20 10:33:02,1.07
15号桥节制闸,2026-04-20 10:28:02,1.11
15号桥节制闸,2026-04-20 10:23:02,1.08
15号桥节制闸,2026-04-20 10:17:02,1.08
15号桥节制闸,2026-04-20 10:12:02,1.0
15号桥节制闸,2026-04-20 10:06:02,1.04
15号桥节制闸,2026-04-20 10:01:02,1.04
15号桥节制闸,2026-04-20 09:56:02,1.06
15号桥节制闸,2026-04-20 09:51:02,1.1
15号桥节制闸,2026-04-20 09:45:02,1.03
15号桥节制闸,2026-04-20 09:40:02,1.08
15号桥节制闸,2026-04-20 09:35:02,1.03
15号桥节制闸,2026-04-20 09:30:02,1.09
15号桥节制闸,2026-04-20 09:24:02,1.07
15号桥节制闸,2026-04-20 09:19:02,1.08
15号桥节制闸,2026-04-20 09:13:02,1.06
15号桥节制闸,2026-04-20 09:07:02,1.08
15号桥节制闸,2026-04-20 09:01:02,1.07
15号桥节制闸,2026-04-20 08:56:02,1.08
15号桥节制闸,2026-04-20 08:50:02,1.13
15号桥节制闸,2026-04-20 08:45:02,1.09
15号桥节制闸,2026-04-20 08:40:02,1.08
15号桥节制闸,2026-04-20 08:34:02,1.09
15号桥节制闸,2026-04-20 08:29:02,1.08
15号桥节制闸,2026-04-20 08:24:02,1.03
15号桥节制闸,2026-04-20 08:19:02,1.05
15号桥节制闸,2026-04-20 08:14:02,1.01
15号桥节制闸,2026-04-20 08:09:02,1.04
15号桥节制闸,2026-04-20 08:04:02,1.08
15号桥节制闸,2026-04-20 07:59:02,1.08
15号桥节制闸,2026-04-20 07:54:02,1.04
15号桥节制闸,2026-04-20 07:48:02,1.06
15号桥节制闸,2026-04-20 07:43:02,1.12
15号桥节制闸,2026-04-20 07:38:02,1.1
15号桥节制闸,2026-04-20 07:33:02,1.08
15号桥节制闸,2026-04-20 07:28:02,1.14
15号桥节制闸,2026-04-20 07:23:02,1.05
15号桥节制闸,2026-04-20 07:18:02,1.06
15号桥节制闸,2026-04-20 07:13:02,1.08
15号桥节制闸,2026-04-20 07:07:02,1.05
15号桥节制闸,2026-04-20 07:02:02,1.09
15号桥节制闸,2026-04-20 06:56:02,1.13
15号桥节制闸,2026-04-20 06:51:02,1.07
15号桥节制闸,2026-04-20 06:45:02,1.12
15号桥节制闸,2026-04-20 06:40:02,1.06
15号桥节制闸,2026-04-20 06:35:02,1.12
15号桥节制闸,2026-04-20 06:29:02,1.06
15号桥节制闸,2026-04-20 06:24:02,1.07
15号桥节制闸,2026-04-20 06:19:02,1.09
15号桥节制闸,2026-04-20 06:13:02,1.08
15号桥节制闸,2026-04-20 06:08:02,1.11
15号桥节制闸,2026-04-20 06:03:02,1.11
15号桥节制闸,2026-04-20 05:58:02,1.06
15号桥节制闸,2026-04-20 05:52:02,1.09
15号桥节制闸,2026-04-20 05:47:02,1.09
15号桥节制闸,2026-04-20 05:42:02,1.05
15号桥节制闸,2026-04-20 05:36:02,1.08
15号桥节制闸,2026-04-20 05:31:02,1.11
15号桥节制闸,2026-04-20 05:26:02,1.06
15号桥节制闸,2026-04-20 05:20:02,1.11
15号桥节制闸,2026-04-20 05:15:02,1.09
15号桥节制闸,2026-04-20 05:09:02,1.1
15号桥节制闸,2026-04-20 05:03:02,1.11
15号桥节制闸,2026-04-20 04:58:02,1.13
15号桥节制闸,2026-04-20 04:52:02,1.12
15号桥节制闸,2026-04-20 04:47:02,1.14
15号桥节制闸,2026-04-20 04:41:02,1.05
15号桥节制闸,2026-04-20 04:35:02,1.13
15号桥节制闸,2026-04-20 04:30:02,1.15
15号桥节制闸,2026-04-20 04:25:02,1.1
15号桥节制闸,2026-04-20 04:20:02,1.15
15号桥节制闸,2026-04-20 04:15:02,1.13
15号桥节制闸,2026-04-20 04:10:02,1.21
15号桥节制闸,2026-04-20 04:05:02,1.13
15号桥节制闸,2026-04-20 04:00:02,1.03
15号桥节制闸,2026-04-20 03:54:02,1.13
15号桥节制闸,2026-04-20 03:49:02,1.2
15号桥节制闸,2026-04-20 03:43:02,1.06
15号桥节制闸,2026-04-20 03:37:02,1.1
15号桥节制闸,2026-04-20 03:32:02,1.16
15号桥节制闸,2026-04-20 03:26:02,1.07
15号桥节制闸,2026-04-20 03:21:02,1.16
15号桥节制闸,2026-04-20 03:15:02,1.1
15号桥节制闸,2026-04-20 03:10:02,1.09
15号桥节制闸,2026-04-20 03:05:02,1.02
15号桥节制闸,2026-04-20 02:59:02,1.12
15号桥节制闸,2026-04-20 02:53:02,1.1
15号桥节制闸,2026-04-20 02:48:02,1.09
15号桥节制闸,2026-04-20 02:43:01,1.19
15号桥节制闸,2026-04-20 02:38:01,1.04
15号桥节制闸,2026-04-20 02:32:01,1.13
15号桥节制闸,2026-04-20 02:27:01,1.06
15号桥节制闸,2026-04-20 02:22:01,1.07
15号桥节制闸,2026-04-20 02:17:01,1.09
15号桥节制闸,2026-04-20 02:12:01,1.03
15号桥节制闸,2026-04-20 02:07:01,1.02
15号桥节制闸,2026-04-20 02:01:01,1.05
15号桥节制闸,2026-04-20 01:55:01,1.06
15号桥节制闸,2026-04-20 01:50:01,1.04
15号桥节制闸,2026-04-20 01:44:01,1.08
15号桥节制闸,2026-04-20 01:39:01,1.08
15号桥节制闸,2026-04-20 01:33:01,1.0
15号桥节制闸,2026-04-20 01:27:01,1.06
15号桥节制闸,2026-04-20 01:22:01,1.07
15号桥节制闸,2026-04-20 01:16:01,1.08
15号桥节制闸,2026-04-20 01:10:01,1.08
15号桥节制闸,2026-04-20 01:05:01,1.04
15号桥节制闸,2026-04-20 01:00:01,1.02
15号桥节制闸,2026-04-20 00:55:01,1.1
15号桥节制闸,2026-04-20 00:49:01,1.06
15号桥节制闸,2026-04-20 00:44:01,1.05
15号桥节制闸,2026-04-20 00:38:01,1.06
15号桥节制闸,2026-04-20 00:33:01,1.04
15号桥节制闸,2026-04-20 00:27:01,1.08
15号桥节制闸,2026-04-20 00:22:01,1.05
15号桥节制闸,2026-04-20 00:16:01,1.09
15号桥节制闸,2026-04-20 00:11:01,1.1
15号桥节制闸,2026-04-20 00:06:01,1.05
15号桥节制闸,2026-04-20 00:00:01,1.04
15号桥节制闸,2026-04-19 23:54:01,1.06
15号桥节制闸,2026-04-19 23:49:01,1.08
15号桥节制闸,2026-04-19 23:44:01,1.09
15号桥节制闸,2026-04-19 23:39:01,1.15
15号桥节制闸,2026-04-19 23:33:01,1.12
15号桥节制闸,2026-04-19 23:28:01,1.14
15号桥节制闸,2026-04-19 23:23:01,1.09
15号桥节制闸,2026-04-19 23:17:01,1.16
15号桥节制闸,2026-04-19 23:12:01,1.16
15号桥节制闸,2026-04-19 23:04:01,1.15
15号桥节制闸,2026-04-19 23:01:01,1.09
15号桥节制闸,2026-04-19 22:55:01,1.13
15号桥节制闸,2026-04-19 22:49:01,1.08
15号桥节制闸,2026-04-19 22:44:01,1.15
15号桥节制闸,2026-04-19 22:38:01,1.15
15号桥节制闸,2026-04-19 22:33:01,1.18
15号桥节制闸,2026-04-19 22:28:01,1.11
15号桥节制闸,2026-04-19 22:23:01,1.16
15号桥节制闸,2026-04-19 22:17:01,1.15
15号桥节制闸,2026-04-19 22:12:01,1.21
15号桥节制闸,2026-04-19 22:06:01,1.18
15号桥节制闸,2026-04-19 22:01:01,1.11
15号桥节制闸,2026-04-19 21:56:01,1.1
15号桥节制闸,2026-04-19 21:51:01,1.16
15号桥节制闸,2026-04-19 21:46:01,1.16
15号桥节制闸,2026-04-19 21:40:01,1.13
15号桥节制闸,2026-04-19 21:34:01,1.06
15号桥节制闸,2026-04-19 21:29:01,1.11
15号桥节制闸,2026-04-19 21:24:01,1.16
15号桥节制闸,2026-04-19 21:19:01,1.1
15号桥节制闸,2026-04-19 21:14:01,1.13
15号桥节制闸,2026-04-19 21:08:01,1.11
15号桥节制闸,2026-04-19 21:03:01,1.13
15号桥节制闸,2026-04-19 20:58:01,1.1
15号桥节制闸,2026-04-19 20:52:01,1.12
15号桥节制闸,2026-04-19 20:46:01,1.11
15号桥节制闸,2026-04-19 20:41:01,1.11
15号桥节制闸,2026-04-19 20:35:01,1.07
15号桥节制闸,2026-04-19 20:30:01,1.08
15号桥节制闸,2026-04-19 20:25:01,1.04
15号桥节制闸,2026-04-19 20:20:01,1.08
15号桥节制闸,2026-04-19 20:15:01,1.04
15号桥节制闸,2026-04-19 20:09:01,1.03
15号桥节制闸,2026-04-19 20:03:01,1.07
15号桥节制闸,2026-04-19 19:58:01,1.05
15号桥节制闸,2026-04-19 19:53:01,1.05
15号桥节制闸,2026-04-19 19:47:01,1.05
15号桥节制闸,2026-04-19 19:42:01,1.01
15号桥节制闸,2026-04-19 19:37:01,1.04
15号桥节制闸,2026-04-19 19:31:01,1.03
15号桥节制闸,2026-04-19 19:26:01,1.05
15号桥节制闸,2026-04-19 19:21:01,1.05
15号桥节制闸,2026-04-19 19:16:01,1.05
15号桥节制闸,2026-04-19 19:11:01,1.08
15号桥节制闸,2026-04-19 19:06:01,1.62
15号桥节制闸,2026-04-19 19:01:01,1.06
15号桥节制闸,2026-04-19 18:55:01,1.07
15号桥节制闸,2026-04-19 18:50:01,1.09
15号桥节制闸,2026-04-19 18:45:01,1.06
15号桥节制闸,2026-04-19 18:39:01,1.11
15号桥节制闸,2026-04-19 18:33:01,1.19
15号桥节制闸,2026-04-19 18:27:01,1.19
15号桥节制闸,2026-04-19 18:22:01,1.19
15号桥节制闸,2026-04-19 18:17:01,1.19
15号桥节制闸,2026-04-19 18:11:01,1.19
15号桥节制闸,2026-04-19 18:06:01,1.18
15号桥节制闸,2026-04-19 18:01:01,1.17
15号桥节制闸,2026-04-19 17:56:01,1.18
15号桥节制闸,2026-04-19 17:51:01,1.18
15号桥节制闸,2026-04-19 17:46:01,1.18
15号桥节制闸,2026-04-19 17:40:01,1.19
15号桥节制闸,2026-04-19 17:35:01,1.19
15号桥节制闸,2026-04-19 17:30:01,1.19
15号桥节制闸,2026-04-19 17:25:01,1.19
15号桥节制闸,2026-04-19 17:20:01,1.18
15号桥节制闸,2026-04-19 17:15:01,1.2
15号桥节制闸,2026-04-19 17:10:01,1.19
15号桥节制闸,2026-04-19 17:04:01,1.19
15号桥节制闸,2026-04-19 16:58:01,1.2
15号桥节制闸,2026-04-19 16:52:01,1.2
15号桥节制闸,2026-04-19 16:47:01,1.2
15号桥节制闸,2026-04-19 16:42:01,1.19
15号桥节制闸,2026-04-19 16:37:01,1.19
15号桥节制闸,2026-04-19 16:32:01,1.2
15号桥节制闸,2026-04-19 16:26:01,1.2
15号桥节制闸,2026-04-19 16:20:01,1.2
15号桥节制闸,2026-04-19 16:15:01,1.2
15号桥节制闸,2026-04-19 16:09:01,1.2
15号桥节制闸,2026-04-19 16:04:01,1.21
15号桥节制闸,2026-04-19 15:58:01,1.21
15号桥节制闸,2026-04-19 15:52:01,1.21
15号桥节制闸,2026-04-19 15:47:01,1.21
15号桥节制闸,2026-04-19 15:42:01,1.21
15号桥节制闸,2026-04-19 15:36:01,1.22
15号桥节制闸,2026-04-19 15:30:01,1.22
15号桥节制闸,2026-04-19 15:25:01,1.21
15号桥节制闸,2026-04-19 15:20:01,1.22
15号桥节制闸,2026-04-19 15:14:01,1.22
15号桥节制闸,2026-04-19 15:09:01,1.23
15号桥节制闸,2026-04-19 15:03:01,1.23
15号桥节制闸,2026-04-19 14:58:01,1.23
15号桥节制闸,2026-04-19 14:53:01,1.23
15号桥节制闸,2026-04-19 14:47:01,1.23
15号桥节制闸,2026-04-19 14:42:01,1.23
15号桥节制闸,2026-04-19 14:36:01,1.24
15号桥节制闸,2026-04-19 14:30:03,1.23
15号桥节制闸,2026-04-19 14:25:01,1.24
15号桥节制闸,2026-04-19 14:20:01,1.24
15号桥节制闸,2026-04-19 14:14:01,1.24
15号桥节制闸,2026-04-19 14:08:01,1.25
15号桥节制闸,2026-04-19 14:03:01,1.25
15号桥节制闸,2026-04-19 13:57:01,1.25
15号桥节制闸,2026-04-19 13:51:01,1.26
15号桥节制闸,2026-04-19 13:45:01,1.26
15号桥节制闸,2026-04-19 13:40:01,1.25
15号桥节制闸,2026-04-19 13:35:01,1.26
15号桥节制闸,2026-04-19 13:30:01,1.25
15号桥节制闸,2026-04-19 13:25:01,1.25
15号桥节制闸,2026-04-19 13:19:01,1.26
15号桥节制闸,2026-04-19 13:14:01,1.26
15号桥节制闸,2026-04-19 13:09:01,1.26
15号桥节制闸,2026-04-19 13:03:01,1.27
15号桥节制闸,2026-04-19 12:58:01,1.28
15号桥节制闸,2026-04-19 12:53:01,1.29
15号桥节制闸,2026-04-19 12:48:01,1.27
15号桥节制闸,2026-04-19 12:43:01,1.23
15号桥节制闸,2026-04-19 12:38:01,1.15
15号桥节制闸,2026-04-19 12:32:01,1.16
15号桥节制闸,2026-04-19 12:27:01,1.17
15号桥节制闸,2026-04-19 12:22:01,1.14
15号桥节制闸,2026-04-19 12:17:01,1.1
15号桥节制闸,2026-04-19 12:11:01,1.11
15号桥节制闸,2026-04-19 12:06:01,1.15
15号桥节制闸,2026-04-19 12:01:01,1.15
15号桥节制闸,2026-04-19 11:55:01,1.17
15号桥节制闸,2026-04-19 11:50:01,1.16
15号桥节制闸,2026-04-19 11:45:01,1.17
15号桥节制闸,2026-04-19 11:40:01,1.14
15号桥节制闸,2026-04-19 11:35:01,1.2
15号桥节制闸,2026-04-19 11:29:01,1.19
15号桥节制闸,2026-04-19 11:24:01,1.12
15号桥节制闸,2026-04-19 11:19:01,1.2
15号桥节制闸,2026-04-19 11:13:01,1.17
15号桥节制闸,2026-04-19 11:08:01,1.25
15号桥节制闸,2026-04-19 11:03:01,1.13
15号桥节制闸,2026-04-19 10:58:01,1.19
15号桥节制闸,2026-04-19 10:53:01,1.15
15号桥节制闸,2026-04-19 10:47:01,1.17
15号桥节制闸,2026-04-19 10:41:01,1.23
15号桥节制闸,2026-04-19 10:35:01,1.16
15号桥节制闸,2026-04-19 10:30:01,1.27
15号桥节制闸,2026-04-19 10:24:02,1.21
15号桥节制闸,2026-04-19 10:19:01,1.27
15号桥节制闸,2026-04-19 10:13:01,1.25
15号桥节制闸,2026-04-19 10:08:01,1.25
15号桥节制闸,2026-04-19 10:03:01,1.27
15号桥节制闸,2026-04-19 09:57:01,1.23
15号桥节制闸,2026-04-19 09:51:01,1.27
15号桥节制闸,2026-04-19 09:46:01,1.12
15号桥节制闸,2026-04-19 09:41:01,1.17
15号桥节制闸,2026-04-19 09:35:01,1.19
15号桥节制闸,2026-04-19 09:30:01,1.14
15号桥节制闸,2026-04-19 09:24:01,1.21
15号桥节制闸,2026-04-19 09:19:01,1.19
15号桥节制闸,2026-04-19 09:13:01,1.21
15号桥节制闸,2026-04-19 09:08:01,1.17
15号桥节制闸,2026-04-19 09:03:01,1.1
15号桥节制闸,2026-04-19 08:57:01,1.2
15号桥节制闸,2026-04-19 08:52:01,1.14
15号桥节制闸,2026-04-19 08:46:01,1.07
15号桥节制闸,2026-04-19 08:41:01,1.12
15号桥节制闸,2026-04-19 08:35:01,1.1
15号桥节制闸,2026-04-19 08:30:01,1.13
15号桥节制闸,2026-04-19 08:24:01,1.11
15号桥节制闸,2026-04-19 08:18:01,1.16
15号桥节制闸,2026-04-19 08:13:01,1.19
15号桥节制闸,2026-04-19 08:08:01,1.18
15号桥节制闸,2026-04-19 08:03:01,1.14
15号桥节制闸,2026-04-19 07:57:01,1.1
15号桥节制闸,2026-04-19 07:52:01,1.13
15号桥节制闸,2026-04-19 07:47:01,1.15
15号桥节制闸,2026-04-19 07:41:01,1.11
15号桥节制闸,2026-04-19 07:36:01,1.1
15号桥节制闸,2026-04-19 07:31:01,1.08
15号桥节制闸,2026-04-19 07:26:01,1.13
15号桥节制闸,2026-04-19 07:20:01,1.03
15号桥节制闸,2026-04-19 07:15:01,1.09
15号桥节制闸,2026-04-19 07:10:01,1.17
15号桥节制闸,2026-04-19 07:05:01,1.09
15号桥节制闸,2026-04-19 07:00:01,1.1
15号桥节制闸,2026-04-19 06:55:01,1.22
15号桥节制闸,2026-04-19 06:50:01,1.1
15号桥节制闸,2026-04-19 06:44:01,1.14
15号桥节制闸,2026-04-19 06:39:01,1.21
15号桥节制闸,2026-04-19 06:33:01,1.18
15号桥节制闸,2026-04-19 06:28:01,1.06
15号桥节制闸,2026-04-19 06:23:01,1.04
15号桥节制闸,2026-04-19 06:17:01,1.11
15号桥节制闸,2026-04-19 06:12:01,1.02
15号桥节制闸,2026-04-19 06:07:01,1.07
15号桥节制闸,2026-04-19 06:02:01,1.05
15号桥节制闸,2026-04-19 05:56:01,1.09
15号桥节制闸,2026-04-19 05:51:01,1.12
15号桥节制闸,2026-04-19 05:46:01,1.07
15号桥节制闸,2026-04-19 05:41:01,1.09
15号桥节制闸,2026-04-19 05:36:01,1.0
15号桥节制闸,2026-04-19 05:30:01,1.06
15号桥节制闸,2026-04-19 05:24:01,1.01
15号桥节制闸,2026-04-19 05:19:01,0.98
15号桥节制闸,2026-04-19 05:13:01,0.97
15号桥节制闸,2026-04-19 05:08:01,0.99
15号桥节制闸,2026-04-19 05:03:01,0.98
15号桥节制闸,2026-04-19 04:57:01,1.01
15号桥节制闸,2026-04-19 04:52:01,0.99
15号桥节制闸,2026-04-19 04:47:01,1.04
15号桥节制闸,2026-04-19 04:41:01,1.04
15号桥节制闸,2026-04-19 04:36:01,1.11
15号桥节制闸,2026-04-19 04:30:01,1.06
15号桥节制闸,2026-04-19 04:25:01,1.1
15号桥节制闸,2026-04-19 04:19:01,1.05
15号桥节制闸,2026-04-19 04:13:01,1.08
15号桥节制闸,2026-04-19 04:08:01,1.15
15号桥节制闸,2026-04-19 04:03:01,1.18
15号桥节制闸,2026-04-19 03:58:01,1.17
15号桥节制闸,2026-04-19 03:52:01,1.16
15号桥节制闸,2026-04-19 03:46:01,1.2
15号桥节制闸,2026-04-19 03:40:01,1.18
15号桥节制闸,2026-04-19 03:35:01,1.26
15号桥节制闸,2026-04-19 03:30:01,1.18
15号桥节制闸,2026-04-19 03:24:01,1.11
15号桥节制闸,2026-04-19 03:19:01,1.13
15号桥节制闸,2026-04-19 03:14:01,1.15
15号桥节制闸,2026-04-19 03:08:01,1.22
15号桥节制闸,2026-04-19 03:03:01,1.18
15号桥节制闸,2026-04-19 02:57:01,1.21
15号桥节制闸,2026-04-19 02:52:01,1.14
15号桥节制闸,2026-04-19 02:47:01,1.09
15号桥节制闸,2026-04-19 02:42:01,1.18
15号桥节制闸,2026-04-19 02:37:01,1.19
15号桥节制闸,2026-04-19 02:31:01,1.14
15号桥节制闸,2026-04-19 02:26:01,1.19
15号桥节制闸,2026-04-19 02:21:01,1.24
15号桥节制闸,2026-04-19 02:15:01,1.14
15号桥节制闸,2026-04-19 02:10:01,1.23
15号桥节制闸,2026-04-19 02:04:01,1.14
15号桥节制闸,2026-04-19 01:59:01,1.1
15号桥节制闸,2026-04-19 01:53:01,1.13
15号桥节制闸,2026-04-19 01:47:01,1.12
15号桥节制闸,2026-04-19 01:41:01,1.14
15号桥节制闸,2026-04-19 01:35:01,1.2
15号桥节制闸,2026-04-19 01:30:01,1.24
15号桥节制闸,2026-04-19 01:24:01,1.15
15号桥节制闸,2026-04-19 01:19:00,1.14
15号桥节制闸,2026-04-19 01:14:00,1.18
15号桥节制闸,2026-04-19 01:09:00,1.17
15号桥节制闸,2026-04-19 01:04:00,1.14
15号桥节制闸,2026-04-19 00:58:00,1.1
15号桥节制闸,2026-04-19 00:52:00,1.13
15号桥节制闸,2026-04-19 00:47:00,1.05
15号桥节制闸,2026-04-19 00:42:00,1.11
15号桥节制闸,2026-04-19 00:37:00,1.18
15号桥节制闸,2026-04-19 00:32:00,1.16
15号桥节制闸,2026-04-19 00:26:00,1.2
15号桥节制闸,2026-04-19 00:21:00,1.18
15号桥节制闸,2026-04-19 00:16:00,1.2
15号桥节制闸,2026-04-19 00:11:00,1.14
15号桥节制闸,2026-04-19 00:05:00,1.17
15号桥节制闸,2026-04-18 23:59:00,1.22
15号桥节制闸,2026-04-18 23:53:00,1.12
15号桥节制闸,2026-04-18 23:47:00,1.22
15号桥节制闸,2026-04-18 23:41:00,1.21
15号桥节制闸,2026-04-18 23:36:00,1.14
15号桥节制闸,2026-04-18 23:31:00,1.14
15号桥节制闸,2026-04-18 23:26:00,1.07
15号桥节制闸,2026-04-18 23:20:00,1.18
15号桥节制闸,2026-04-18 23:14:02,1.21
15号桥节制闸,2026-04-18 23:09:00,1.14
15号桥节制闸,2026-04-18 23:03:00,1.13
15号桥节制闸,2026-04-18 22:57:00,1.19
15号桥节制闸,2026-04-18 22:52:00,1.13
15号桥节制闸,2026-04-18 22:47:00,1.16
15号桥节制闸,2026-04-18 22:41:00,1.2
15号桥节制闸,2026-04-18 22:36:00,1.09
15号桥节制闸,2026-04-18 22:31:00,1.14
15号桥节制闸,2026-04-18 22:26:00,1.22
15号桥节制闸,2026-04-18 22:21:00,1.13
15号桥节制闸,2026-04-18 22:16:00,1.12
15号桥节制闸,2026-04-18 22:11:00,1.16
15号桥节制闸,2026-04-18 22:05:00,1.14
15号桥节制闸,2026-04-18 22:00:00,1.16
15号桥节制闸,2026-04-18 21:54:00,1.04
15号桥节制闸,2026-04-18 21:49:00,1.19
15号桥节制闸,2026-04-18 21:44:00,1.06
15号桥节制闸,2026-04-18 21:38:00,1.17
15号桥节制闸,2026-04-18 21:33:00,1.1
15号桥节制闸,2026-04-18 21:27:00,1.09
15号桥节制闸,2026-04-18 21:22:00,1.1
15号桥节制闸,2026-04-18 21:16:00,1.16
15号桥节制闸,2026-04-18 21:11:00,1.11
15号桥节制闸,2026-04-18 21:06:00,1.19
15号桥节制闸,2026-04-18 21:01:00,1.13
15号桥节制闸,2026-04-18 20:56:00,1.13
15号桥节制闸,2026-04-18 20:51:00,1.1
15号桥节制闸,2026-04-18 20:46:00,1.14
15号桥节制闸,2026-04-18 20:40:00,1.07
15号桥节制闸,2026-04-18 20:34:00,1.13
15号桥节制闸,2026-04-18 20:29:00,1.18
15号桥节制闸,2026-04-18 20:24:00,1.08
15号桥节制闸,2026-04-18 20:18:00,1.12
15号桥节制闸,2026-04-18 20:13:00,1.12
15号桥节制闸,2026-04-18 20:07:00,1.12
15号桥节制闸,2026-04-18 20:01:00,1.13
15号桥节制闸,2026-04-18 19:56:00,1.05
15号桥节制闸,2026-04-18 19:50:00,1.14
15号桥节制闸,2026-04-18 19:44:00,1.13
15号桥节制闸,2026-04-18 19:39:00,1.18
15号桥节制闸,2026-04-18 19:34:00,1.14
15号桥节制闸,2026-04-18 19:28:00,1.14
15号桥节制闸,2026-04-18 19:22:00,1.17
15号桥节制闸,2026-04-18 19:17:00,1.15
15号桥节制闸,2026-04-18 19:12:00,1.06
15号桥节制闸,2026-04-18 19:07:00,1.1
15号桥节制闸,2026-04-18 19:01:00,1.17
15号桥节制闸,2026-04-18 18:55:00,1.13
15号桥节制闸,2026-04-18 18:49:00,1.11
15号桥节制闸,2026-04-18 18:44:00,1.15
15号桥节制闸,2026-04-18 18:39:00,1.13
15号桥节制闸,2026-04-18 18:33:00,1.12
15号桥节制闸,2026-04-18 18:28:00,1.16
15号桥节制闸,2026-04-18 18:22:00,1.1
15号桥节制闸,2026-04-18 18:17:00,1.13
15号桥节制闸,2026-04-18 18:11:00,1.13
15号桥节制闸,2026-04-18 18:06:00,1.13
15号桥节制闸,2026-04-18 18:00:00,1.15
15号桥节制闸,2026-04-18 17:55:00,1.14
15号桥节制闸,2026-04-18 17:49:00,1.07
15号桥节制闸,2026-04-18 17:44:00,1.11
15号桥节制闸,2026-04-18 17:38:00,1.07
15号桥节制闸,2026-04-18 17:32:00,1.1
15号桥节制闸,2026-04-18 17:27:00,1.09
15号桥节制闸,2026-04-18 17:22:00,1.12
15号桥节制闸,2026-04-18 17:16:00,1.12
15号桥节制闸,2026-04-18 17:10:00,1.13
15号桥节制闸,2026-04-18 17:05:00,1.1
15号桥节制闸,2026-04-18 17:00:00,1.06
15号桥节制闸,2026-04-18 16:54:00,1.08
15号桥节制闸,2026-04-18 16:49:00,1.11
15号桥节制闸,2026-04-18 16:44:00,1.12
15号桥节制闸,2026-04-18 16:39:00,1.11
15号桥节制闸,2026-04-18 16:34:00,1.13
15号桥节制闸,2026-04-18 16:29:00,1.1
15号桥节制闸,2026-04-18 16:23:00,1.13
15号桥节制闸,2026-04-18 16:18:00,1.03
15号桥节制闸,2026-04-18 16:13:00,1.09
15号桥节制闸,2026-04-18 16:07:00,1.08
15号桥节制闸,2026-04-18 16:02:00,1.07
15号桥节制闸,2026-04-18 15:57:00,1.13
15号桥节制闸,2026-04-18 15:51:00,1.07
15号桥节制闸,2026-04-18 15:46:00,1.11
15号桥节制闸,2026-04-18 15:41:00,1.09
15号桥节制闸,2026-04-18 15:35:00,1.11
15号桥节制闸,2026-04-18 15:29:00,1.03
15号桥节制闸,2026-04-18 15:24:00,1.08
15号桥节制闸,2026-04-18 15:19:00,1.07
15号桥节制闸,2026-04-18 15:14:00,1.06
15号桥节制闸,2026-04-18 15:09:00,1.06
15号桥节制闸,2026-04-18 15:04:00,1.07
15号桥节制闸,2026-04-18 14:58:00,1.07
15号桥节制闸,2026-04-18 14:53:00,1.03
15号桥节制闸,2026-04-18 14:47:00,1.04
15号桥节制闸,2026-04-18 14:42:00,1.08
15号桥节制闸,2026-04-18 14:37:00,1.04
15号桥节制闸,2026-04-18 14:32:00,1.03
15号桥节制闸,2026-04-18 14:27:00,1.04
15号桥节制闸,2026-04-18 14:21:00,1.01
15号桥节制闸,2026-04-18 14:16:00,1.03
15号桥节制闸,2026-04-18 14:10:00,1.04
15号桥节制闸,2026-04-18 14:05:00,1.05
15号桥节制闸,2026-04-18 14:00:00,1.03
15号桥节制闸,2026-04-18 13:55:00,1.01
15号桥节制闸,2026-04-18 13:50:00,1.04
15号桥节制闸,2026-04-18 13:45:00,0.99
15号桥节制闸,2026-04-18 13:40:00,1.03
15号桥节制闸,2026-04-18 13:35:00,1.07
15号桥节制闸,2026-04-18 13:30:00,1.04
15号桥节制闸,2026-04-18 13:24:00,1.02
15号桥节制闸,2026-04-18 13:19:00,1.08
15号桥节制闸,2026-04-18 13:14:00,1.05
15号桥节制闸,2026-04-18 13:08:00,1.08
15号桥节制闸,2026-04-18 13:03:00,1.05
15号桥节制闸,2026-04-18 12:57:00,1.07
15号桥节制闸,2026-04-18 12:52:00,1.08
15号桥节制闸,2026-04-18 12:46:00,1.07
15号桥节制闸,2026-04-18 12:41:00,1.1
15号桥节制闸,2026-04-18 12:36:00,1.09
15号桥节制闸,2026-04-18 12:31:00,1.05
15号桥节制闸,2026-04-18 12:25:00,1.1
15号桥节制闸,2026-04-18 12:20:00,1.09
15号桥节制闸,2026-04-18 12:14:00,1.1
15号桥节制闸,2026-04-18 12:08:00,1.09
15号桥节制闸,2026-04-18 12:03:00,1.13
15号桥节制闸,2026-04-18 11:57:00,1.12
15号桥节制闸,2026-04-18 11:52:00,1.09
15号桥节制闸,2026-04-18 11:47:00,1.1
15号桥节制闸,2026-04-18 11:42:00,1.13
15号桥节制闸,2026-04-18 11:37:00,1.08
15号桥节制闸,2026-04-18 11:32:00,1.08
15号桥节制闸,2026-04-18 11:26:00,1.07
15号桥节制闸,2026-04-18 11:20:00,1.11
15号桥节制闸,2026-04-18 11:15:00,1.12
15号桥节制闸,2026-04-18 11:09:00,1.2
15号桥节制闸,2026-04-18 11:03:00,1.09
15号桥节制闸,2026-04-18 10:58:00,1.17
15号桥节制闸,2026-04-18 10:52:00,1.16
15号桥节制闸,2026-04-18 10:47:00,1.12
15号桥节制闸,2026-04-18 10:42:00,1.09
15号桥节制闸,2026-04-18 10:36:00,1.16
15号桥节制闸,2026-04-18 10:30:00,1.15
15号桥节制闸,2026-04-18 10:25:00,1.08
15号桥节制闸,2026-04-18 10:20:00,1.15
15号桥节制闸,2026-04-18 10:14:00,1.18
15号桥节制闸,2026-04-18 10:09:00,1.04
15号桥节制闸,2026-04-18 10:03:00,1.09
15号桥节制闸,2026-04-18 09:58:00,1.12
15号桥节制闸,2026-04-18 09:53:00,1.15
15号桥节制闸,2026-04-18 09:48:00,1.18
15号桥节制闸,2026-04-18 09:43:00,1.14
15号桥节制闸,2026-04-18 09:38:00,1.19
15号桥节制闸,2026-04-18 09:33:00,1.09
15号桥节制闸,2026-04-18 09:28:00,1.21
15号桥节制闸,2026-04-18 09:23:00,1.13
15号桥节制闸,2026-04-18 09:17:00,1.13
15号桥节制闸,2026-04-18 09:11:00,1.13
15号桥节制闸,2026-04-18 09:05:00,1.08
15号桥节制闸,2026-04-18 09:00:00,1.1
15号桥节制闸,2026-04-18 08:54:00,1.1
15号桥节制闸,2026-04-18 08:48:00,1.16
15号桥节制闸,2026-04-18 08:43:00,1.06
15号桥节制闸,2026-04-18 08:38:00,1.09
15号桥节制闸,2026-04-18 08:32:00,1.15
15号桥节制闸,2026-04-18 08:26:00,1.11
15号桥节制闸,2026-04-18 08:20:00,1.07
15号桥节制闸,2026-04-18 08:14:00,1.09
15号桥节制闸,2026-04-18 08:08:00,1.04
15号桥节制闸,2026-04-18 08:03:00,1.06
15号桥节制闸,2026-04-18 07:57:00,1.03
15号桥节制闸,2026-04-18 07:52:00,1.03
15号桥节制闸,2026-04-18 07:46:00,1.06
15号桥节制闸,2026-04-18 07:40:00,1.07
15号桥节制闸,2026-04-18 07:35:00,1.06
15号桥节制闸,2026-04-18 07:30:00,1.07
15号桥节制闸,2026-04-18 07:24:00,1.06
15号桥节制闸,2026-04-18 07:19:00,1.04
15号桥节制闸,2026-04-18 07:14:00,1.07
15号桥节制闸,2026-04-18 07:08:00,1.09
15号桥节制闸,2026-04-18 07:03:00,1.09
15号桥节制闸,2026-04-18 06:57:00,1.11
15号桥节制闸,2026-04-18 06:52:00,1.07
15号桥节制闸,2026-04-18 06:47:00,1.0
15号桥节制闸,2026-04-18 06:41:00,1.15
15号桥节制闸,2026-04-18 06:36:00,1.12
15号桥节制闸,2026-04-18 06:30:00,1.08
15号桥节制闸,2026-04-18 06:25:00,1.07
15号桥节制闸,2026-04-18 06:19:00,1.1
15号桥节制闸,2026-04-18 06:14:00,1.07
15号桥节制闸,2026-04-18 06:09:00,1.07
15号桥节制闸,2026-04-18 06:03:00,1.06
15号桥节制闸,2026-04-18 05:58:00,1.04
15号桥节制闸,2026-04-18 05:53:00,1.1
15号桥节制闸,2026-04-18 05:47:00,1.11
15号桥节制闸,2026-04-18 05:41:00,1.15
15号桥节制闸,2026-04-18 05:35:00,1.15
15号桥节制闸,2026-04-18 05:30:00,1.11
15号桥节制闸,2026-04-18 05:24:00,1.07
15号桥节制闸,2026-04-18 05:19:00,1.14
15号桥节制闸,2026-04-18 05:13:00,1.2
15号桥节制闸,2026-04-18 05:08:00,1.17
15号桥节制闸,2026-04-18 05:03:00,1.14
15号桥节制闸,2026-04-18 04:57:00,1.07
15号桥节制闸,2026-04-18 04:52:00,1.13
15号桥节制闸,2026-04-18 04:47:00,1.1
15号桥节制闸,2026-04-18 04:42:00,1.13
15号桥节制闸,2026-04-18 04:36:00,1.12
15号桥节制闸,2026-04-18 04:30:00,1.1
15号桥节制闸,2026-04-18 04:24:00,1.23
15号桥节制闸,2026-04-18 04:19:00,1.12
15号桥节制闸,2026-04-18 04:13:00,1.07
15号桥节制闸,2026-04-18 04:07:00,1.07
15号桥节制闸,2026-04-18 04:02:00,1.12
15号桥节制闸,2026-04-18 03:56:00,1.13
15号桥节制闸,2026-04-18 03:51:00,1.03
15号桥节制闸,2026-04-18 03:45:00,1.18
15号桥节制闸,2026-04-18 03:40:00,1.07
15号桥节制闸,2026-04-18 03:35:00,1.12
15号桥节制闸,2026-04-18 03:29:00,1.12
15号桥节制闸,2026-04-18 03:24:00,1.12
15号桥节制闸,2026-04-18 03:18:00,1.16
15号桥节制闸,2026-04-18 03:13:00,1.09
15号桥节制闸,2026-04-18 03:08:00,1.06
15号桥节制闸,2026-04-18 03:02:00,1.17
15号桥节制闸,2026-04-18 02:57:00,1.08
15号桥节制闸,2026-04-18 02:51:00,1.08
15号桥节制闸,2026-04-18 02:45:00,1.09
15号桥节制闸,2026-04-18 02:40:00,1.14
15号桥节制闸,2026-04-18 02:34:00,1.13
15号桥节制闸,2026-04-18 02:28:00,1.07
15号桥节制闸,2026-04-18 02:23:00,1.1
15号桥节制闸,2026-04-18 02:18:00,1.1
15号桥节制闸,2026-04-18 02:12:00,1.12
15号桥节制闸,2026-04-18 02:06:00,1.05
15号桥节制闸,2026-04-18 02:00:00,1.12
15号桥节制闸,2026-04-18 01:55:00,1.08
15号桥节制闸,2026-04-18 01:49:00,1.1
15号桥节制闸,2026-04-18 01:44:00,1.11
15号桥节制闸,2026-04-18 01:38:00,1.13
15号桥节制闸,2026-04-18 01:33:00,1.02
15号桥节制闸,2026-04-18 01:28:00,1.09
15号桥节制闸,2026-04-18 01:22:00,1.16
15号桥节制闸,2026-04-18 01:16:00,1.11
15号桥节制闸,2026-04-18 01:11:00,1.11
15号桥节制闸,2026-04-18 01:02:00,1.14
15号桥节制闸,2026-04-18 00:58:00,1.13
15号桥节制闸,2026-04-18 00:53:00,1.13
15号桥节制闸,2026-04-18 00:48:00,1.09
15号桥节制闸,2026-04-18 00:42:59,1.06
15号桥节制闸,2026-04-18 00:37:59,1.16
15号桥节制闸,2026-04-18 00:32:59,1.13
15号桥节制闸,2026-04-18 00:26:59,1.08
15号桥节制闸,2026-04-18 00:20:59,1.13
15号桥节制闸,2026-04-18 00:15:59,1.11
15号桥节制闸,2026-04-18 00:10:59,1.01
15号桥节制闸,2026-04-18 00:04:59,1.1
15号桥节制闸,2026-04-17 23:58:59,1.1
15号桥节制闸,2026-04-17 23:52:59,1.14
15号桥节制闸,2026-04-17 23:46:59,1.09
15号桥节制闸,2026-04-17 23:41:59,1.1
15号桥节制闸,2026-04-17 23:36:59,1.08
15号桥节制闸,2026-04-17 23:30:59,1.05
15号桥节制闸,2026-04-17 23:24:59,1.13
15号桥节制闸,2026-04-17 23:19:59,1.07
15号桥节制闸,2026-04-17 23:14:59,1.13
15号桥节制闸,2026-04-17 23:09:59,1.1
15号桥节制闸,2026-04-17 23:02:59,1.13
15号桥节制闸,2026-04-17 22:57:59,1.11
15号桥节制闸,2026-04-17 22:51:59,1.1
15号桥节制闸,2026-04-17 22:45:59,1.05
15号桥节制闸,2026-04-17 22:39:59,1.08
15号桥节制闸,2026-04-17 22:34:59,1.15
15号桥节制闸,2026-04-17 22:28:59,1.05
15号桥节制闸,2026-04-17 22:23:59,1.13
15号桥节制闸,2026-04-17 22:18:59,1.13
15号桥节制闸,2026-04-17 22:13:59,1.13
15号桥节制闸,2026-04-17 22:08:59,1.13
15号桥节制闸,2026-04-17 22:02:59,1.08
15号桥节制闸,2026-04-17 21:57:59,1.07
15号桥节制闸,2026-04-17 21:52:59,1.14
15号桥节制闸,2026-04-17 21:47:59,1.14
15号桥节制闸,2026-04-17 21:42:59,1.02
15号桥节制闸,2026-04-17 21:37:59,1.07
15号桥节制闸,2026-04-17 21:31:59,1.03
15号桥节制闸,2026-04-17 21:26:59,1.0
15号桥节制闸,2026-04-17 21:20:59,1.09
15号桥节制闸,2026-04-17 21:15:59,1.11
15号桥节制闸,2026-04-17 21:09:59,1.08
15号桥节制闸,2026-04-17 21:04:59,1.06
15号桥节制闸,2026-04-17 20:59:59,1.14
15号桥节制闸,2026-04-17 20:54:59,1.06
15号桥节制闸,2026-04-17 20:48:59,1.07
15号桥节制闸,2026-04-17 20:42:59,1.12
15号桥节制闸,2026-04-17 20:37:59,1.13
15号桥节制闸,2026-04-17 20:32:59,1.05
15号桥节制闸,2026-04-17 20:26:59,1.01
15号桥节制闸,2026-04-17 20:21:59,1.11
15号桥节制闸,2026-04-17 20:15:59,1.04
15号桥节制闸,2026-04-17 20:10:59,1.09
15号桥节制闸,2026-04-17 20:04:59,1.0
15号桥节制闸,2026-04-17 19:59:59,1.1
15号桥节制闸,2026-04-17 19:54:59,1.09
15号桥节制闸,2026-04-17 19:49:59,1.12
15号桥节制闸,2026-04-17 19:44:59,1.08
15号桥节制闸,2026-04-17 19:39:59,1.09
15号桥节制闸,2026-04-17 19:34:59,1.01
15号桥节制闸,2026-04-17 19:29:59,1.11
15号桥节制闸,2026-04-17 19:23:59,1.08
15号桥节制闸,2026-04-17 19:18:59,1.07
15号桥节制闸,2026-04-17 19:12:59,1.06
15号桥节制闸,2026-04-17 19:07:59,1.12
15号桥节制闸,2026-04-17 19:01:59,1.09
15号桥节制闸,2026-04-17 18:56:59,1.08
15号桥节制闸,2026-04-17 18:50:59,1.06
15号桥节制闸,2026-04-17 18:45:59,1.04
15号桥节制闸,2026-04-17 18:39:59,1.06
15号桥节制闸,2026-04-17 18:34:59,1.09
15号桥节制闸,2026-04-17 18:29:59,1.08
15号桥节制闸,2026-04-17 18:24:59,1.08
15号桥节制闸,2026-04-17 18:18:59,1.11
15号桥节制闸,2026-04-17 18:12:59,1.15
15号桥节制闸,2026-04-17 18:07:59,1.08
15号桥节制闸,2026-04-17 18:02:59,1.06
15号桥节制闸,2026-04-17 17:56:59,1.06
15号桥节制闸,2026-04-17 17:51:59,1.09
15号桥节制闸,2026-04-17 17:46:59,1.07
15号桥节制闸,2026-04-17 17:41:59,1.08
15号桥节制闸,2026-04-17 17:36:59,1.12
15号桥节制闸,2026-04-17 17:31:59,1.05
15号桥节制闸,2026-04-17 17:26:59,1.09
15号桥节制闸,2026-04-17 17:21:59,1.0
15号桥节制闸,2026-04-17 17:16:59,1.12
15号桥节制闸,2026-04-17 17:10:59,1.12
15号桥节制闸,2026-04-17 17:04:59,1.12
15号桥节制闸,2026-04-17 16:59:59,1.16
15号桥节制闸,2026-04-17 16:54:59,1.1
15号桥节制闸,2026-04-17 16:49:59,1.01
15号桥节制闸,2026-04-17 16:43:59,1.12
15号桥节制闸,2026-04-17 16:38:59,1.1
15号桥节制闸,2026-04-17 16:33:59,1.13
15号桥节制闸,2026-04-17 16:27:59,1.13
15号桥节制闸,2026-04-17 16:21:59,1.02
15号桥节制闸,2026-04-17 16:15:59,1.04
15号桥节制闸,2026-04-17 16:10:59,1.08
15号桥节制闸,2026-04-17 16:05:59,1.13
15号桥节制闸,2026-04-17 16:00:59,1.11
15号桥节制闸,2026-04-17 15:55:59,1.1
15号桥节制闸,2026-04-17 15:50:59,1.05
15号桥节制闸,2026-04-17 15:45:59,1.02
15号桥节制闸,2026-04-17 15:40:59,1.13
15号桥节制闸,2026-04-17 15:35:59,1.07
15号桥节制闸,2026-04-17 15:30:59,1.14
15号桥节制闸,2026-04-17 15:25:59,1.11
15号桥节制闸,2026-04-17 15:20:59,1.12
15号桥节制闸,2026-04-17 15:15:59,1.06
15号桥节制闸,2026-04-17 15:09:59,1.09
15号桥节制闸,2026-04-17 15:04:59,1.07
15号桥节制闸,2026-04-17 14:58:59,1.05
15号桥节制闸,2026-04-17 14:53:59,1.08
15号桥节制闸,2026-04-17 14:48:59,1.08
15号桥节制闸,2026-04-17 14:43:59,0.99
15号桥节制闸,2026-04-17 14:38:59,1.1
15号桥节制闸,2026-04-17 14:33:59,1.12
15号桥节制闸,2026-04-17 14:27:59,1.07
15号桥节制闸,2026-04-17 14:22:59,1.14
15号桥节制闸,2026-04-17 14:17:59,1.05
15号桥节制闸,2026-04-17 14:12:59,1.12
15号桥节制闸,2026-04-17 14:07:59,1.08
15号桥节制闸,2026-04-17 14:02:59,1.06
15号桥节制闸,2026-04-17 13:56:59,1.12
15号桥节制闸,2026-04-17 13:51:59,1.12
15号桥节制闸,2026-04-17 13:46:59,1.15
15号桥节制闸,2026-04-17 13:41:59,1.08
15号桥节制闸,2026-04-17 13:35:59,1.17
15号桥节制闸,2026-04-17 13:30:59,1.08
15号桥节制闸,2026-04-17 13:25:59,1.16
15号桥节制闸,2026-04-17 13:20:59,1.14
15号桥节制闸,2026-04-17 13:14:59,1.1
15号桥节制闸,2026-04-17 13:09:59,1.11
15号桥节制闸,2026-04-17 13:04:59,1.07
15号桥节制闸,2026-04-17 12:59:59,1.13
15号桥节制闸,2026-04-17 12:54:59,1.17
15号桥节制闸,2026-04-17 12:49:59,1.16
15号桥节制闸,2026-04-17 12:43:59,1.1
15号桥节制闸,2026-04-17 12:38:59,1.04
15号桥节制闸,2026-04-17 12:33:59,1.11
15号桥节制闸,2026-04-17 12:28:59,1.07
15号桥节制闸,2026-04-17 12:22:59,1.07
15号桥节制闸,2026-04-17 12:17:59,1.08
15号桥节制闸,2026-04-17 12:11:59,1.16
15号桥节制闸,2026-04-17 12:06:59,1.1
15号桥节制闸,2026-04-17 12:01:59,1.11
15号桥节制闸,2026-04-17 11:56:59,1.13
15号桥节制闸,2026-04-17 11:51:59,1.07
15号桥节制闸,2026-04-17 11:45:59,1.04
15号桥节制闸,2026-04-17 11:39:59,1.07
15号桥节制闸,2026-04-17 11:34:59,1.12
15号桥节制闸,2026-04-17 11:29:59,1.01
15号桥节制闸,2026-04-17 11:23:59,1.1
15号桥节制闸,2026-04-17 11:18:59,1.1
15号桥节制闸,2026-04-17 11:12:59,1.06
15号桥节制闸,2026-04-17 11:07:59,1.07
15号桥节制闸,2026-04-17 11:02:59,1.13
15号桥节制闸,2026-04-17 10:57:59,1.02
15号桥节制闸,2026-04-17 10:51:59,1.13
15号桥节制闸,2026-04-17 10:46:59,1.05
15号桥节制闸,2026-04-17 10:41:59,1.06
15号桥节制闸,2026-04-17 10:36:59,1.02
15号桥节制闸,2026-04-17 10:30:59,1.12
15号桥节制闸,2026-04-17 10:25:59,1.09
15号桥节制闸,2026-04-17 10:19:59,1.09
15号桥节制闸,2026-04-17 10:13:59,1.06
15号桥节制闸,2026-04-17 10:08:59,1.0
15号桥节制闸,2026-04-17 10:02:59,1.07
15号桥节制闸,2026-04-17 09:57:59,1.03
15号桥节制闸,2026-04-17 09:52:59,1.07
15号桥节制闸,2026-04-17 09:47:59,1.08
15号桥节制闸,2026-04-17 09:41:59,1.03
15号桥节制闸,2026-04-17 09:36:59,1.02
15号桥节制闸,2026-04-17 09:30:59,1.04
15号桥节制闸,2026-04-17 09:25:59,1.11
15号桥节制闸,2026-04-17 09:20:59,1.1
15号桥节制闸,2026-04-17 09:15:59,1.05
15号桥节制闸,2026-04-17 09:10:59,1.1
15号桥节制闸,2026-04-17 09:04:59,1.09
15号桥节制闸,2026-04-17 08:59:59,1.11
15号桥节制闸,2026-04-17 08:54:59,1.04
15号桥节制闸,2026-04-17 08:49:59,1.08
15号桥节制闸,2026-04-17 08:44:59,1.1
15号桥节制闸,2026-04-17 08:38:59,1.07
15号桥节制闸,2026-04-17 08:32:59,1.08
15号桥节制闸,2026-04-17 08:27:59,1.1
15号桥节制闸,2026-04-17 08:22:59,1.12
15号桥节制闸,2026-04-17 08:17:59,1.11
15号桥节制闸,2026-04-17 08:12:59,1.11
15号桥节制闸,2026-04-17 08:06:59,1.14
15号桥节制闸,2026-04-17 08:00:59,1.1
15号桥节制闸,2026-04-17 07:55:59,1.08
15号桥节制闸,2026-04-17 07:50:59,1.08
15号桥节制闸,2026-04-17 07:44:59,1.03
15号桥节制闸,2026-04-17 07:39:59,1.14
15号桥节制闸,2026-04-17 07:34:59,1.13
15号桥节制闸,2026-04-17 07:29:59,1.12
15号桥节制闸,2026-04-17 07:23:59,1.1
15号桥节制闸,2026-04-17 07:18:59,1.1
15号桥节制闸,2026-04-17 07:12:59,1.11
15号桥节制闸,2026-04-17 07:06:59,1.1
15号桥节制闸,2026-04-17 07:01:59,1.05
15号桥节制闸,2026-04-17 06:56:59,1.05
15号桥节制闸,2026-04-17 06:51:59,1.08
15号桥节制闸,2026-04-17 06:46:59,1.07
15号桥节制闸,2026-04-17 06:40:59,1.08
15号桥节制闸,2026-04-17 06:35:59,1.02
15号桥节制闸,2026-04-17 06:29:59,1.03
15号桥节制闸,2026-04-17 06:24:59,1.01
15号桥节制闸,2026-04-17 06:18:59,1.07
15号桥节制闸,2026-04-17 06:12:59,1.03
15号桥节制闸,2026-04-17 06:07:59,1.04
15号桥节制闸,2026-04-17 06:02:59,1.05
15号桥节制闸,2026-04-17 05:57:59,1.04
15号桥节制闸,2026-04-17 05:51:59,1.05
15号桥节制闸,2026-04-17 05:45:59,1.05
15号桥节制闸,2026-04-17 05:40:59,1.03
15号桥节制闸,2026-04-17 05:35:59,1.04
15号桥节制闸,2026-04-17 05:29:59,1.02
15号桥节制闸,2026-04-17 05:24:59,1.0
15号桥节制闸,2026-04-17 05:18:59,1.01
15号桥节制闸,2026-04-17 05:13:59,1.0
15号桥节制闸,2026-04-17 05:07:59,1.03
15号桥节制闸,2026-04-17 05:02:59,0.96
15号桥节制闸,2026-04-17 04:57:59,1.03
15号桥节制闸,2026-04-17 04:52:59,1.01
15号桥节制闸,2026-04-17 04:47:59,1.01
15号桥节制闸,2026-04-17 04:41:59,1.0
15号桥节制闸,2026-04-17 04:36:59,1.03
15号桥节制闸,2026-04-17 04:30:59,1.01
15号桥节制闸,2026-04-17 04:25:59,1.02
15号桥节制闸,2026-04-17 04:20:59,0.99
15号桥节制闸,2026-04-17 04:15:59,0.96
15号桥节制闸,2026-04-17 04:09:59,1.0
15号桥节制闸,2026-04-17 04:03:59,1.01
15号桥节制闸,2026-04-17 03:58:59,1.0
15号桥节制闸,2026-04-17 03:52:59,0.95
15号桥节制闸,2026-04-17 03:47:59,0.97
15号桥节制闸,2026-04-17 03:42:59,1.01
15号桥节制闸,2026-04-17 03:36:59,1.0
15号桥节制闸,2026-04-17 03:31:59,0.95
15号桥节制闸,2026-04-17 03:25:59,0.97
15号桥节制闸,2026-04-17 03:20:59,1.01
15号桥节制闸,2026-04-17 03:14:59,1.01
15号桥节制闸,2026-04-17 03:08:59,0.97
15号桥节制闸,2026-04-17 03:02:59,1.01
15号桥节制闸,2026-04-17 02:57:59,1.0
15号桥节制闸,2026-04-17 02:51:59,1.01
15号桥节制闸,2026-04-17 02:46:59,1.01
15号桥节制闸,2026-04-17 02:41:59,0.98
15号桥节制闸,2026-04-17 02:35:59,1.02
15号桥节制闸,2026-04-17 02:30:59,0.99
15号桥节制闸,2026-04-17 02:24:59,0.89
15号桥节制闸,2026-04-17 02:19:59,0.87
15号桥节制闸,2026-04-17 02:14:59,0.88
15号桥节制闸,2026-04-17 02:09:59,0.89
15号桥节制闸,2026-04-17 02:04:59,0.89
15号桥节制闸,2026-04-17 01:58:59,0.89
15号桥节制闸,2026-04-17 01:53:59,0.9
15号桥节制闸,2026-04-17 01:48:59,0.89
15号桥节制闸,2026-04-17 01:43:59,0.89
15号桥节制闸,2026-04-17 01:38:59,0.9
15号桥节制闸,2026-04-17 01:33:59,0.9
15号桥节制闸,2026-04-17 01:28:59,0.91
15号桥节制闸,2026-04-17 01:23:59,0.91
15号桥节制闸,2026-04-17 01:17:59,0.92
15号桥节制闸,2026-04-17 01:11:59,0.92
15号桥节制闸,2026-04-17 01:05:59,0.94
15号桥节制闸,2026-04-17 01:00:59,0.98
15号桥节制闸,2026-04-17 00:55:59,0.98
15号桥节制闸,2026-04-17 00:50:59,0.99
15号桥节制闸,2026-04-17 00:44:59,0.98
15号桥节制闸,2026-04-17 00:39:59,1.0
15号桥节制闸,2026-04-17 00:34:59,0.98
15号桥节制闸,2026-04-17 00:29:59,0.99
15号桥节制闸,2026-04-17 00:23:59,1.0
15号桥节制闸,2026-04-17 00:18:59,0.98
15号桥节制闸,2026-04-17 00:13:59,1.0
15号桥节制闸,2026-04-17 00:07:59,1.0
15号桥节制闸,2026-04-17 00:02:59,1.0
15号桥节制闸,2026-04-16 23:57:59,1.01
15号桥节制闸,2026-04-16 23:51:59,1.01
15号桥节制闸,2026-04-16 23:46:59,1.01
15号桥节制闸,2026-04-16 23:41:59,1.03
15号桥节制闸,2026-04-16 23:36:59,1.03
15号桥节制闸,2026-04-16 23:31:59,1.02
15号桥节制闸,2026-04-16 23:25:59,1.01
15号桥节制闸,2026-04-16 23:19:59,1.03
15号桥节制闸,2026-04-16 23:14:59,1.03
15号桥节制闸,2026-04-16 23:09:59,1.02
15号桥节制闸,2026-04-16 23:02:59,1.03
15号桥节制闸,2026-04-16 22:57:59,1.02
15号桥节制闸,2026-04-16 22:52:59,1.04
15号桥节制闸,2026-04-16 22:46:59,1.05
15号桥节制闸,2026-04-16 22:40:59,1.03
15号桥节制闸,2026-04-16 22:34:59,1.02
15号桥节制闸,2026-04-16 22:29:58,1.0
15号桥节制闸,2026-04-16 22:24:58,0.99
15号桥节制闸,2026-04-16 22:19:58,0.98
15号桥节制闸,2026-04-16 22:14:58,0.98
15号桥节制闸,2026-04-16 22:08:58,0.96
15号桥节制闸,2026-04-16 22:03:58,0.97
15号桥节制闸,2026-04-16 21:58:58,0.94
15号桥节制闸,2026-04-16 21:53:58,0.93
15号桥节制闸,2026-04-16 21:47:58,0.93
15号桥节制闸,2026-04-16 21:42:58,0.92
15号桥节制闸,2026-04-16 21:36:58,0.91
15号桥节制闸,2026-04-16 21:31:58,0.91
15号桥节制闸,2026-04-16 21:26:58,0.91
15号桥节制闸,2026-04-16 21:21:58,0.91
15号桥节制闸,2026-04-16 21:15:58,0.9
15号桥节制闸,2026-04-16 21:10:58,0.9
15号桥节制闸,2026-04-16 21:04:58,0.87
15号桥节制闸,2026-04-16 20:59:58,0.84
15号桥节制闸,2026-04-16 20:54:58,0.8
15号桥节制闸,2026-04-16 20:49:58,0.61
15号桥节制闸,2026-04-16 20:44:58,0.6
15号桥节制闸,2026-04-16 20:38:58,0.59
15号桥节制闸,2026-04-16 20:32:58,0.6
15号桥节制闸,2026-04-16 20:27:58,0.59
15号桥节制闸,2026-04-16 20:22:58,0.59
15号桥节制闸,2026-04-16 20:17:58,0.59
15号桥节制闸,2026-04-16 20:12:58,0.59
15号桥节制闸,2026-04-16 20:07:58,0.59
15号桥节制闸,2026-04-16 20:02:58,0.59
15号桥节制闸,2026-04-16 19:57:58,0.6
15号桥节制闸,2026-04-16 19:51:58,0.59
15号桥节制闸,2026-04-16 19:46:58,0.58
15号桥节制闸,2026-04-16 19:41:58,0.59
15号桥节制闸,2026-04-16 19:35:58,0.57
15号桥节制闸,2026-04-16 19:30:58,0.56
15号桥节制闸,2026-04-16 19:25:58,0.55
15号桥节制闸,2026-04-16 19:20:58,0.54
15号桥节制闸,2026-04-16 19:14:58,0.53
15号桥节制闸,2026-04-16 19:09:58,0.54
15号桥节制闸,2026-04-16 19:03:58,0.54
15号桥节制闸,2026-04-16 18:58:58,0.53
15号桥节制闸,2026-04-16 18:53:58,0.54
15号桥节制闸,2026-04-16 18:48:58,0.55
15号桥节制闸,2026-04-16 18:43:58,0.55
15号桥节制闸,2026-04-16 18:38:58,0.57
15号桥节制闸,2026-04-16 18:32:58,0.55
15号桥节制闸,2026-04-16 18:26:58,0.54
15号桥节制闸,2026-04-16 18:21:58,0.53
15号桥节制闸,2026-04-16 18:16:58,0.53
15号桥节制闸,2026-04-16 18:10:58,0.53
15号桥节制闸,2026-04-16 18:04:58,0.53
15号桥节制闸,2026-04-16 17:59:58,0.53
15号桥节制闸,2026-04-16 17:54:58,0.54
15号桥节制闸,2026-04-16 17:48:58,0.54
15号桥节制闸,2026-04-16 17:43:58,0.53
15号桥节制闸,2026-04-16 17:37:58,0.53
15号桥节制闸,2026-04-16 17:32:58,0.59
15号桥节制闸,2026-04-16 17:27:58,0.54
15号桥节制闸,2026-04-16 17:21:58,0.54
15号桥节制闸,2026-04-16 17:15:58,0.54
15号桥节制闸,2026-04-16 17:10:58,0.54
15号桥节制闸,2026-04-16 17:05:58,0.55
15号桥节制闸,2026-04-16 17:00:58,0.55
15号桥节制闸,2026-04-16 16:55:58,0.55
15号桥节制闸,2026-04-16 16:50:58,0.55
15号桥节制闸,2026-04-16 16:45:58,0.55
15号桥节制闸,2026-04-16 16:40:58,0.55
15号桥节制闸,2026-04-16 16:35:58,0.55
15号桥节制闸,2026-04-16 16:30:58,0.55
15号桥节制闸,2026-04-16 16:24:58,0.56
15号桥节制闸,2026-04-16 16:18:58,0.56
15号桥节制闸,2026-04-16 16:13:58,0.57
15号桥节制闸,2026-04-16 16:08:58,0.57
15号桥节制闸,2026-04-16 16:03:58,0.57
15号桥节制闸,2026-04-16 15:58:58,0.56
15号桥节制闸,2026-04-16 15:53:58,0.56
15号桥节制闸,2026-04-16 15:47:58,0.57
15号桥节制闸,2026-04-16 15:42:58,0.57
15号桥节制闸,2026-04-16 15:37:58,0.57
15号桥节制闸,2026-04-16 15:32:58,0.57
15号桥节制闸,2026-04-16 15:27:58,0.57
15号桥节制闸,2026-04-16 15:22:58,0.57
15号桥节制闸,2026-04-16 15:16:58,0.58
15号桥节制闸,2026-04-16 15:10:58,0.58
15号桥节制闸,2026-04-16 15:05:58,0.58
15号桥节制闸,2026-04-16 15:00:58,0.58
15号桥节制闸,2026-04-16 14:55:58,0.58
15号桥节制闸,2026-04-16 14:49:58,0.58
15号桥节制闸,2026-04-16 14:43:58,0.59
15号桥节制闸,2026-04-16 14:37:58,0.59
15号桥节制闸,2026-04-16 14:31:58,0.58
15号桥节制闸,2026-04-16 14:25:58,0.58
15号桥节制闸,2026-04-16 14:20:58,0.58
15号桥节制闸,2026-04-16 14:14:58,0.58
15号桥节制闸,2026-04-16 14:08:58,0.58
15号桥节制闸,2026-04-16 14:03:58,0.59
15号桥节制闸,2026-04-16 13:58:58,0.62
15号桥节制闸,2026-04-16 13:53:58,0.62
15号桥节制闸,2026-04-16 13:48:58,0.62
15号桥节制闸,2026-04-16 13:42:58,0.62
15号桥节制闸,2026-04-16 13:36:58,0.63
15号桥节制闸,2026-04-16 13:31:58,0.62
15号桥节制闸,2026-04-16 13:26:58,0.62
15号桥节制闸,2026-04-16 13:21:58,0.62
15号桥节制闸,2026-04-16 13:16:58,0.62
15号桥节制闸,2026-04-16 13:10:58,0.63
15号桥节制闸,2026-04-16 13:05:58,0.61
15号桥节制闸,2026-04-16 13:00:58,0.62
15号桥节制闸,2026-04-16 12:55:58,0.61
15号桥节制闸,2026-04-16 12:49:58,0.62
15号桥节制闸,2026-04-16 12:44:58,0.61
15号桥节制闸,2026-04-16 12:39:58,0.61
15号桥节制闸,2026-04-16 12:34:58,0.61
15号桥节制闸,2026-04-16 12:28:58,0.63
15号桥节制闸,2026-04-16 12:23:58,0.62
15号桥节制闸,2026-04-16 12:17:58,0.62
15号桥节制闸,2026-04-16 12:11:58,0.61
15号桥节制闸,2026-04-16 12:06:58,0.63
15号桥节制闸,2026-04-16 12:00:58,0.61
15号桥节制闸,2026-04-16 11:55:58,0.62
15号桥节制闸,2026-04-16 11:50:58,0.61
15号桥节制闸,2026-04-16 11:44:58,0.61
15号桥节制闸,2026-04-16 11:39:58,0.61
15号桥节制闸,2026-04-16 11:33:58,0.6
15号桥节制闸,2026-04-16 11:27:58,0.6
15号桥节制闸,2026-04-16 11:21:58,0.61
15号桥节制闸,2026-04-16 11:16:58,0.61
15号桥节制闸,2026-04-16 11:10:58,0.6
15号桥节制闸,2026-04-16 11:05:58,0.61
15号桥节制闸,2026-04-16 11:00:58,0.6
15号桥节制闸,2026-04-16 10:55:58,0.6
15号桥节制闸,2026-04-16 10:49:58,0.57
15号桥节制闸,2026-04-16 10:44:58,0.58
15号桥节制闸,2026-04-16 10:38:58,0.56
15号桥节制闸,2026-04-16 10:33:58,0.58
15号桥节制闸,2026-04-16 10:28:58,0.56
15号桥节制闸,2026-04-16 10:23:58,0.57
15号桥节制闸,2026-04-16 10:17:58,0.57
15号桥节制闸,2026-04-16 10:12:58,0.56
15号桥节制闸,2026-04-16 10:07:58,0.58
15号桥节制闸,2026-04-16 10:01:58,0.55
15号桥节制闸,2026-04-16 09:56:58,0.56
15号桥节制闸,2026-04-16 09:51:58,0.57
15号桥节制闸,2026-04-16 09:46:58,0.56
15号桥节制闸,2026-04-16 09:40:58,0.58
15号桥节制闸,2026-04-16 09:35:58,0.56
15号桥节制闸,2026-04-16 09:30:58,0.54
15号桥节制闸,2026-04-16 09:25:58,0.55
15号桥节制闸,2026-04-16 09:20:58,0.53
15号桥节制闸,2026-04-16 09:15:58,0.54
15号桥节制闸,2026-04-16 09:10:58,0.52
15号桥节制闸,2026-04-16 09:05:58,0.52
15号桥节制闸,2026-04-16 09:00:58,0.51
15号桥节制闸,2026-04-16 08:55:58,0.51
15号桥节制闸,2026-04-16 08:50:58,0.52
15号桥节制闸,2026-04-16 08:44:58,0.51
15号桥节制闸,2026-04-16 08:39:58,0.51
15号桥节制闸,2026-04-16 08:34:58,0.51
15号桥节制闸,2026-04-16 08:29:58,0.51
15号桥节制闸,2026-04-16 08:23:58,0.51
15号桥节制闸,2026-04-16 08:17:58,0.54
15号桥节制闸,2026-04-16 08:12:58,0.51
15号桥节制闸,2026-04-16 08:07:58,0.51
15号桥节制闸,2026-04-16 08:01:58,0.5
15号桥节制闸,2026-04-16 07:56:58,0.5
15号桥节制闸,2026-04-16 07:51:58,0.49
15号桥节制闸,2026-04-16 07:46:58,0.48
15号桥节制闸,2026-04-16 07:41:58,0.49
15号桥节制闸,2026-04-16 07:36:58,0.49
15号桥节制闸,2026-04-16 07:31:58,0.49
15号桥节制闸,2026-04-16 07:25:58,0.48
15号桥节制闸,2026-04-16 07:19:58,0.48
15号桥节制闸,2026-04-16 07:14:58,0.54
15号桥节制闸,2026-04-16 07:09:58,0.49
15号桥节制闸,2026-04-16 07:04:58,0.48
15号桥节制闸,2026-04-16 06:59:58,0.48
15号桥节制闸,2026-04-16 06:54:58,0.47
15号桥节制闸,2026-04-16 06:48:58,0.48
15号桥节制闸,2026-04-16 06:43:58,0.48
15号桥节制闸,2026-04-16 06:38:58,0.47
15号桥节制闸,2026-04-16 06:33:58,0.48
15号桥节制闸,2026-04-16 06:27:58,0.48
15号桥节制闸,2026-04-16 06:21:58,0.48
15号桥节制闸,2026-04-16 06:15:58,0.47
15号桥节制闸,2026-04-16 06:09:58,0.48
15号桥节制闸,2026-04-16 06:03:58,0.48
15号桥节制闸,2026-04-16 05:57:58,0.47
15号桥节制闸,2026-04-16 05:52:58,0.48
15号桥节制闸,2026-04-16 05:46:58,0.48
15号桥节制闸,2026-04-16 05:41:58,0.58
15号桥节制闸,2026-04-16 05:35:58,0.47
15号桥节制闸,2026-04-16 05:29:58,0.47
15号桥节制闸,2026-04-16 05:24:58,0.48
15号桥节制闸,2026-04-16 05:18:58,0.47
15号桥节制闸,2026-04-16 05:13:58,0.48
15号桥节制闸,2026-04-16 05:08:58,0.47
15号桥节制闸,2026-04-16 05:02:58,0.48
15号桥节制闸,2026-04-16 04:56:58,0.47
15号桥节制闸,2026-04-16 04:51:58,0.47
15号桥节制闸,2026-04-16 04:45:58,0.47
15号桥节制闸,2026-04-16 04:40:58,0.48
15号桥节制闸,2026-04-16 04:35:58,0.47
15号桥节制闸,2026-04-16 04:30:58,0.48
15号桥节制闸,2026-04-16 04:25:58,0.47
15号桥节制闸,2026-04-16 04:19:58,0.48
15号桥节制闸,2026-04-16 04:14:58,0.48
15号桥节制闸,2026-04-16 04:09:58,0.47
15号桥节制闸,2026-04-16 04:04:58,0.47
15号桥节制闸,2026-04-16 03:58:58,0.47
15号桥节制闸,2026-04-16 03:53:58,0.48
15号桥节制闸,2026-04-16 03:47:58,0.47
15号桥节制闸,2026-04-16 03:42:58,0.48
15号桥节制闸,2026-04-16 03:37:58,0.49
15号桥节制闸,2026-04-16 03:32:58,0.49
15号桥节制闸,2026-04-16 03:27:58,0.49
15号桥节制闸,2026-04-16 03:22:58,0.5
15号桥节制闸,2026-04-16 03:16:58,0.51
15号桥节制闸,2026-04-16 03:10:58,0.54
15号桥节制闸,2026-04-16 03:05:58,0.55
15号桥节制闸,2026-04-16 03:00:58,0.56
15号桥节制闸,2026-04-16 02:55:58,0.71
15号桥节制闸,2026-04-16 02:49:58,0.58
15号桥节制闸,2026-04-16 02:44:58,0.64
15号桥节制闸,2026-04-16 02:38:58,0.64
15号桥节制闸,2026-04-16 02:33:58,0.64
15号桥节制闸,2026-04-16 02:28:58,0.63
15号桥节制闸,2026-04-16 02:23:58,0.63
15号桥节制闸,2026-04-16 02:18:58,0.63
15号桥节制闸,2026-04-16 02:12:58,0.64
15号桥节制闸,2026-04-16 02:07:58,0.63
15号桥节制闸,2026-04-16 02:02:58,0.63
15号桥节制闸,2026-04-16 01:56:58,0.63
15号桥节制闸,2026-04-16 01:51:58,0.64
15号桥节制闸,2026-04-16 01:45:58,0.64
15号桥节制闸,2026-04-16 01:39:58,0.64
15号桥节制闸,2026-04-16 01:34:58,0.64
15号桥节制闸,2026-04-16 01:29:58,0.64
15号桥节制闸,2026-04-16 01:24:58,0.64
15号桥节制闸,2026-04-16 01:18:58,0.64
15号桥节制闸,2026-04-16 01:13:58,0.64
15号桥节制闸,2026-04-16 01:08:58,0.63
15号桥节制闸,2026-04-16 01:03:58,0.64
15号桥节制闸,2026-04-16 00:57:58,0.65
15号桥节制闸,2026-04-16 00:52:58,0.64
15号桥节制闸,2026-04-16 00:46:58,0.64
15号桥节制闸,2026-04-16 00:41:58,0.63
15号桥节制闸,2026-04-16 00:35:58,0.65
15号桥节制闸,2026-04-16 00:30:58,0.64
15号桥节制闸,2026-04-16 00:25:58,0.64
15号桥节制闸,2026-04-16 00:19:58,0.64
15号桥节制闸,2026-04-16 00:13:58,0.65
15号桥节制闸,2026-04-16 00:07:58,0.65
15号桥节制闸,2026-04-16 00:02:58,0.64
15号桥节制闸,2026-04-15 23:56:58,0.65
15号桥节制闸,2026-04-15 23:51:58,0.64
15号桥节制闸,2026-04-15 23:45:58,0.64
15号桥节制闸,2026-04-15 23:39:58,0.67
15号桥节制闸,2026-04-15 23:33:58,0.64
15号桥节制闸,2026-04-15 23:27:58,0.63
15号桥节制闸,2026-04-15 23:21:58,0.64
15号桥节制闸,2026-04-15 23:15:58,0.66
15号桥节制闸,2026-04-15 23:10:58,0.67
15号桥节制闸,2026-04-15 23:03:58,0.65
15号桥节制闸,2026-04-15 22:59:58,0.64
15号桥节制闸,2026-04-15 22:53:58,0.65
15号桥节制闸,2026-04-15 22:47:58,0.85
15号桥节制闸,2026-04-15 22:41:58,0.65
15号桥节制闸,2026-04-15 22:36:58,0.64
15号桥节制闸,2026-04-15 22:31:58,0.65
15号桥节制闸,2026-04-15 22:26:58,0.65
15号桥节制闸,2026-04-15 22:20:58,0.65
15号桥节制闸,2026-04-15 22:15:58,0.65
15号桥节制闸,2026-04-15 22:09:58,0.65
15号桥节制闸,2026-04-15 22:03:58,0.65
15号桥节制闸,2026-04-15 21:57:58,0.65
15号桥节制闸,2026-04-15 21:52:58,0.64
15号桥节制闸,2026-04-15 21:47:58,0.65
15号桥节制闸,2026-04-15 21:42:58,0.65
15号桥节制闸,2026-04-15 21:36:58,0.65
15号桥节制闸,2026-04-15 21:30:58,0.66
15号桥节制闸,2026-04-15 21:24:58,0.66
15号桥节制闸,2026-04-15 21:19:58,0.66
15号桥节制闸,2026-04-15 21:13:58,0.65
15号桥节制闸,2026-04-15 21:08:58,0.64
15号桥节制闸,2026-04-15 21:03:58,0.65
15号桥节制闸,2026-04-15 20:58:58,0.85
15号桥节制闸,2026-04-15 20:53:58,0.66
15号桥节制闸,2026-04-15 20:47:58,0.65
15号桥节制闸,2026-04-15 20:42:58,0.66
15号桥节制闸,2026-04-15 20:36:58,0.64
15号桥节制闸,2026-04-15 20:31:57,0.65
15号桥节制闸,2026-04-15 20:26:57,0.64
15号桥节制闸,2026-04-15 20:21:57,0.65
15号桥节制闸,2026-04-15 20:16:57,0.65
15号桥节制闸,2026-04-15 20:11:57,0.66
15号桥节制闸,2026-04-15 20:05:57,0.65
15号桥节制闸,2026-04-15 20:00:57,0.65
15号桥节制闸,2026-04-15 19:54:57,0.65
15号桥节制闸,2026-04-15 19:49:57,0.65
15号桥节制闸,2026-04-15 19:43:57,0.65
15号桥节制闸,2026-04-15 19:37:57,0.65
15号桥节制闸,2026-04-15 19:31:57,0.66
15号桥节制闸,2026-04-15 19:26:57,0.8
15号桥节制闸,2026-04-15 19:21:57,0.66
15号桥节制闸,2026-04-15 19:16:57,0.67
15号桥节制闸,2026-04-15 19:11:57,0.66
15号桥节制闸,2026-04-15 19:06:57,0.67
15号桥节制闸,2026-04-15 19:00:57,0.68
15号桥节制闸,2026-04-15 18:54:57,0.68
15号桥节制闸,2026-04-15 18:48:57,0.68
15号桥节制闸,2026-04-15 18:43:57,0.67
15号桥节制闸,2026-04-15 18:38:57,0.67
15号桥节制闸,2026-04-15 18:32:57,0.66
15号桥节制闸,2026-04-15 18:27:57,0.66
15号桥节制闸,2026-04-15 18:21:57,0.67
15号桥节制闸,2026-04-15 18:15:57,0.66
15号桥节制闸,2026-04-15 18:10:57,0.66
15号桥节制闸,2026-04-15 18:05:57,0.66
15号桥节制闸,2026-04-15 18:00:57,0.67
15号桥节制闸,2026-04-15 17:54:57,0.67
15号桥节制闸,2026-04-15 17:49:57,0.67
15号桥节制闸,2026-04-15 17:44:57,0.67
15号桥节制闸,2026-04-15 17:38:57,0.69
15号桥节制闸,2026-04-15 17:32:57,0.67
15号桥节制闸,2026-04-15 17:27:57,0.67
15号桥节制闸,2026-04-15 17:22:57,0.66
15号桥节制闸,2026-04-15 17:16:57,0.66
15号桥节制闸,2026-04-15 17:11:57,0.67
15号桥节制闸,2026-04-15 17:06:57,0.67
15号桥节制闸,2026-04-15 17:01:57,0.67
15号桥节制闸,2026-04-15 16:56:57,0.66
15号桥节制闸,2026-04-15 16:51:57,0.66
15号桥节制闸,2026-04-15 16:45:57,0.65
15号桥节制闸,2026-04-15 16:40:57,0.66
15号桥节制闸,2026-04-15 16:35:57,0.66
15号桥节制闸,2026-04-15 16:30:57,0.66
15号桥节制闸,2026-04-15 16:24:57,0.67
15号桥节制闸,2026-04-15 16:19:57,0.66
15号桥节制闸,2026-04-15 16:14:57,0.66
15号桥节制闸,2026-04-15 16:08:57,0.66
15号桥节制闸,2026-04-15 16:02:57,0.67
15号桥节制闸,2026-04-15 15:57:57,0.66
15号桥节制闸,2026-04-15 15:51:57,0.65
15号桥节制闸,2026-04-15 15:45:57,0.68
15号桥节制闸,2026-04-15 15:40:57,0.66
15号桥节制闸,2026-04-15 15:34:57,0.65
15号桥节制闸,2026-04-15 15:29:57,0.66
15号桥节制闸,2026-04-15 15:24:57,0.66
15号桥节制闸,2026-04-15 15:18:57,0.66
15号桥节制闸,2026-04-15 15:13:57,0.67
15号桥节制闸,2026-04-15 15:08:57,0.67
15号桥节制闸,2026-04-15 15:02:57,0.66
15号桥节制闸,2026-04-15 14:56:57,0.65
15号桥节制闸,2026-04-15 14:51:57,0.66
15号桥节制闸,2026-04-15 14:46:57,0.65
15号桥节制闸,2026-04-15 14:40:57,0.74
15号桥节制闸,2026-04-15 14:35:57,0.65
15号桥节制闸,2026-04-15 14:30:57,0.65
15号桥节制闸,2026-04-15 14:24:57,0.65
15号桥节制闸,2026-04-15 14:19:57,0.67
15号桥节制闸,2026-04-15 14:14:57,0.77
15号桥节制闸,2026-04-15 14:08:57,0.67
15号桥节制闸,2026-04-15 14:03:57,0.67
15号桥节制闸,2026-04-15 13:58:57,0.65
15号桥节制闸,2026-04-15 13:53:57,0.64
15号桥节制闸,2026-04-15 13:48:57,0.66
15号桥节制闸,2026-04-15 13:42:57,0.66
15号桥节制闸,2026-04-15 13:37:57,0.65
15号桥节制闸,2026-04-15 13:32:57,0.65
15号桥节制闸,2026-04-15 13:27:57,0.67
15号桥节制闸,2026-04-15 13:21:57,0.66
15号桥节制闸,2026-04-15 13:15:57,0.67
15号桥节制闸,2026-04-15 13:10:57,0.66
15号桥节制闸,2026-04-15 13:05:57,0.66
15号桥节制闸,2026-04-15 13:00:57,0.66
15号桥节制闸,2026-04-15 12:55:57,0.66
15号桥节制闸,2026-04-15 12:50:57,0.65
15号桥节制闸,2026-04-15 12:45:57,0.67
15号桥节制闸,2026-04-15 12:40:57,0.66
15号桥节制闸,2026-04-15 12:34:57,0.65
15号桥节制闸,2026-04-15 12:29:57,0.66
15号桥节制闸,2026-04-15 12:24:57,0.65
15号桥节制闸,2026-04-15 12:19:57,0.66
15号桥节制闸,2026-04-15 12:13:57,0.65
15号桥节制闸,2026-04-15 12:08:57,0.65
15号桥节制闸,2026-04-15 12:02:57,0.65
15号桥节制闸,2026-04-15 11:57:57,0.65
15号桥节制闸,2026-04-15 11:52:57,0.65
15号桥节制闸,2026-04-15 11:47:57,0.64
15号桥节制闸,2026-04-15 11:42:57,0.64
15号桥节制闸,2026-04-15 11:37:57,0.64
15号桥节制闸,2026-04-15 11:32:57,0.63
15号桥节制闸,2026-04-15 11:27:57,0.64
15号桥节制闸,2026-04-15 11:22:57,0.65
15号桥节制闸,2026-04-15 11:16:57,0.64
15号桥节制闸,2026-04-15 11:11:57,0.64
15号桥节制闸,2026-04-15 11:06:57,0.63
15号桥节制闸,2026-04-15 11:01:57,0.65
15号桥节制闸,2026-04-15 10:56:57,0.65
15号桥节制闸,2026-04-15 10:51:57,0.65
15号桥节制闸,2026-04-15 10:46:57,0.65
15号桥节制闸,2026-04-15 10:40:57,0.64
15号桥节制闸,2026-04-15 10:35:57,0.64
15号桥节制闸,2026-04-15 10:29:57,0.64
15号桥节制闸,2026-04-15 10:24:57,0.64
15号桥节制闸,2026-04-15 10:19:57,0.64
15号桥节制闸,2026-04-15 10:14:57,0.64
15号桥节制闸,2026-04-15 10:09:57,0.64
15号桥节制闸,2026-04-15 10:04:57,0.65
15号桥节制闸,2026-04-15 09:58:57,0.64
15号桥节制闸,2026-04-15 09:53:57,0.64
15号桥节制闸,2026-04-15 09:48:57,0.65
15号桥节制闸,2026-04-15 09:43:57,0.64
15号桥节制闸,2026-04-15 09:38:57,0.65
15号桥节制闸,2026-04-15 09:33:57,0.65
15号桥节制闸,2026-04-15 09:28:57,0.65
15号桥节制闸,2026-04-15 09:22:57,0.64
15号桥节制闸,2026-04-15 09:17:57,0.65
15号桥节制闸,2026-04-15 09:12:57,0.64
15号桥节制闸,2026-04-15 09:07:57,0.65
15号桥节制闸,2026-04-15 09:01:57,0.64
15号桥节制闸,2026-04-15 08:55:57,0.65
15号桥节制闸,2026-04-15 08:49:57,0.66
15号桥节制闸,2026-04-15 08:44:57,0.75
15号桥节制闸,2026-04-15 08:38:57,0.66
15号桥节制闸,2026-04-15 08:33:57,0.65
15号桥节制闸,2026-04-15 08:28:57,0.64
15号桥节制闸,2026-04-15 08:22:57,0.66
15号桥节制闸,2026-04-15 08:17:57,0.65
15号桥节制闸,2026-04-15 08:12:57,0.66
15号桥节制闸,2026-04-15 08:07:57,0.66
15号桥节制闸,2026-04-15 08:02:57,0.66
15号桥节制闸,2026-04-15 07:57:57,0.66
15号桥节制闸,2026-04-15 07:52:57,0.66
15号桥节制闸,2026-04-15 07:47:57,0.66
15号桥节制闸,2026-04-15 07:41:57,0.66
15号桥节制闸,2026-04-15 07:36:57,0.68
15号桥节制闸,2026-04-15 07:31:57,0.65
15号桥节制闸,2026-04-15 07:25:57,0.66
15号桥节制闸,2026-04-15 07:19:57,0.7
15号桥节制闸,2026-04-15 07:14:57,0.66
15号桥节制闸,2026-04-15 07:09:57,0.67
15号桥节制闸,2026-04-15 07:03:57,0.66
15号桥节制闸,2026-04-15 06:58:57,0.67
15号桥节制闸,2026-04-15 06:53:57,0.67
15号桥节制闸,2026-04-15 06:47:57,0.81
15号桥节制闸,2026-04-15 06:41:57,0.66
15号桥节制闸,2026-04-15 06:35:57,0.67
15号桥节制闸,2026-04-15 06:30:57,0.67
15号桥节制闸,2026-04-15 06:24:57,0.66
15号桥节制闸,2026-04-15 06:19:57,0.66
15号桥节制闸,2026-04-15 06:14:57,0.67
15号桥节制闸,2026-04-15 06:09:57,0.66
15号桥节制闸,2026-04-15 06:04:57,0.65
15号桥节制闸,2026-04-15 05:58:57,0.66
15号桥节制闸,2026-04-15 05:53:57,0.66
15号桥节制闸,2026-04-15 05:47:57,0.67
15号桥节制闸,2026-04-15 05:41:57,0.67
15号桥节制闸,2026-04-15 05:36:57,0.66
15号桥节制闸,2026-04-15 05:31:57,0.67
15号桥节制闸,2026-04-15 05:26:57,0.67
15号桥节制闸,2026-04-15 05:21:57,0.67
15号桥节制闸,2026-04-15 05:16:57,0.67
15号桥节制闸,2026-04-15 05:11:57,0.67
15号桥节制闸,2026-04-15 05:05:57,0.67
15号桥节制闸,2026-04-15 04:59:57,0.66
15号桥节制闸,2026-04-15 04:54:57,0.66
15号桥节制闸,2026-04-15 04:49:57,0.67
15号桥节制闸,2026-04-15 04:44:57,0.67
15号桥节制闸,2026-04-15 04:39:57,0.66
15号桥节制闸,2026-04-15 04:34:57,0.68
15号桥节制闸,2026-04-15 04:28:57,0.67
15号桥节制闸,2026-04-15 04:23:57,0.67
15号桥节制闸,2026-04-15 04:18:57,0.68
15号桥节制闸,2026-04-15 04:13:57,0.66
15号桥节制闸,2026-04-15 04:08:57,0.66
15号桥节制闸,2026-04-15 04:03:57,0.67
15号桥节制闸,2026-04-15 03:57:57,0.66
15号桥节制闸,2026-04-15 03:52:57,0.66
15号桥节制闸,2026-04-15 03:47:57,0.66
15号桥节制闸,2026-04-15 03:41:57,0.66
15号桥节制闸,2026-04-15 03:36:57,0.67
15号桥节制闸,2026-04-15 03:30:57,0.66
15号桥节制闸,2026-04-15 03:24:57,0.66
15号桥节制闸,2026-04-15 03:19:57,0.67
15号桥节制闸,2026-04-15 03:14:57,0.67
15号桥节制闸,2026-04-15 03:09:57,0.66
15号桥节制闸,2026-04-15 03:04:57,0.66
15号桥节制闸,2026-04-15 02:59:57,0.78
15号桥节制闸,2026-04-15 02:53:57,0.66
15号桥节制闸,2026-04-15 02:48:57,0.67
15号桥节制闸,2026-04-15 02:42:57,0.67
15号桥节制闸,2026-04-15 02:37:57,0.68
15号桥节制闸,2026-04-15 02:32:57,0.69
15号桥节制闸,2026-04-15 02:27:57,0.69
15号桥节制闸,2026-04-15 02:22:57,0.67
15号桥节制闸,2026-04-15 02:16:57,0.68
15号桥节制闸,2026-04-15 02:11:57,0.68
15号桥节制闸,2026-04-15 02:06:57,0.68
15号桥节制闸,2026-04-15 02:00:57,0.69
15号桥节制闸,2026-04-15 01:55:57,0.68
15号桥节制闸,2026-04-15 01:50:57,0.68
15号桥节制闸,2026-04-15 01:45:57,0.67
15号桥节制闸,2026-04-15 01:40:57,0.68
15号桥节制闸,2026-04-15 01:34:57,0.69
15号桥节制闸,2026-04-15 01:29:57,0.67
15号桥节制闸,2026-04-15 01:24:57,0.67
15号桥节制闸,2026-04-15 01:18:57,0.67
15号桥节制闸,2026-04-15 01:12:57,0.67
15号桥节制闸,2026-04-15 01:07:57,0.68
15号桥节制闸,2026-04-15 01:02:57,0.74
15号桥节制闸,2026-04-15 00:57:57,0.68
15号桥节制闸,2026-04-15 00:51:57,0.69
15号桥节制闸,2026-04-15 00:46:57,0.68
15号桥节制闸,2026-04-15 00:41:57,0.67
15号桥节制闸,2026-04-15 00:35:57,0.67
15号桥节制闸,2026-04-15 00:30:57,0.66
15号桥节制闸,2026-04-15 00:25:57,0.68
15号桥节制闸,2026-04-15 00:19:57,0.68
15号桥节制闸,2026-04-15 00:13:57,0.67
15号桥节制闸,2026-04-15 00:08:57,0.67
15号桥节制闸,2026-04-15 00:03:57,0.67
15号桥节制闸,2026-04-14 23:58:57,0.66
15号桥节制闸,2026-04-14 23:52:57,0.67
15号桥节制闸,2026-04-14 23:47:57,0.68
15号桥节制闸,2026-04-14 23:42:57,0.66
15号桥节制闸,2026-04-14 23:36:57,0.68
15号桥节制闸,2026-04-14 23:31:57,0.65
15号桥节制闸,2026-04-14 23:25:57,0.66
15号桥节制闸,2026-04-14 23:20:57,0.67
15号桥节制闸,2026-04-14 23:14:57,0.66
15号桥节制闸,2026-04-14 23:09:57,0.66
15号桥节制闸,2026-04-14 23:02:57,0.66
15号桥节制闸,2026-04-14 22:58:57,0.66
15号桥节制闸,2026-04-14 22:53:57,0.66
15号桥节制闸,2026-04-14 22:48:57,0.67
15号桥节制闸,2026-04-14 22:43:57,0.67
15号桥节制闸,2026-04-14 22:38:57,0.67
15号桥节制闸,2026-04-14 22:33:57,0.66
15号桥节制闸,2026-04-14 22:28:57,0.65
15号桥节制闸,2026-04-14 22:22:57,0.72
15号桥节制闸,2026-04-14 22:17:57,0.67
15号桥节制闸,2026-04-14 22:11:57,0.66
15号桥节制闸,2026-04-14 22:05:57,0.66
15号桥节制闸,2026-04-14 22:00:57,0.67
15号桥节制闸,2026-04-14 21:55:57,0.66
15号桥节制闸,2026-04-14 21:49:57,0.66
15号桥节制闸,2026-04-14 21:44:57,0.67
15号桥节制闸,2026-04-14 21:39:57,0.66
15号桥节制闸,2026-04-14 21:34:57,0.65
15号桥节制闸,2026-04-14 21:29:57,0.65
15号桥节制闸,2026-04-14 21:24:57,0.66
15号桥节制闸,2026-04-14 21:18:57,0.65
15号桥节制闸,2026-04-14 21:13:57,0.65
15号桥节制闸,2026-04-14 21:08:57,0.64
15号桥节制闸,2026-04-14 21:03:57,0.65
15号桥节制闸,2026-04-14 20:58:57,0.65
15号桥节制闸,2026-04-14 20:52:57,0.63
15号桥节制闸,2026-04-14 20:47:57,0.63
15号桥节制闸,2026-04-14 20:41:57,0.63
15号桥节制闸,2026-04-14 20:36:57,0.63
15号桥节制闸,2026-04-14 20:31:57,0.64
15号桥节制闸,2026-04-14 20:26:57,0.65
15号桥节制闸,2026-04-14 20:21:57,0.63
15号桥节制闸,2026-04-14 20:16:57,0.63
15号桥节制闸,2026-04-14 20:11:57,0.63
15号桥节制闸,2026-04-14 20:06:57,1.48
15号桥节制闸,2026-04-14 20:00:57,0.63
15号桥节制闸,2026-04-14 19:55:57,0.63
15号桥节制闸,2026-04-14 19:50:57,0.63
15号桥节制闸,2026-04-14 19:45:57,0.63
15号桥节制闸,2026-04-14 19:39:57,0.64
15号桥节制闸,2026-04-14 19:33:57,0.63
15号桥节制闸,2026-04-14 19:28:57,0.63
15号桥节制闸,2026-04-14 19:23:57,0.63
15号桥节制闸,2026-04-14 19:17:57,0.63
15号桥节制闸,2026-04-14 19:12:57,0.64
15号桥节制闸,2026-04-14 19:06:57,0.64
15号桥节制闸,2026-04-14 19:01:57,0.62
15号桥节制闸,2026-04-14 18:56:57,0.64
15号桥节制闸,2026-04-14 18:50:56,0.62
15号桥节制闸,2026-04-14 18:45:56,0.63
15号桥节制闸,2026-04-14 18:40:56,0.62
15号桥节制闸,2026-04-14 18:35:56,0.64
15号桥节制闸,2026-04-14 18:30:56,0.63
15号桥节制闸,2026-04-14 18:25:56,0.63
15号桥节制闸,2026-04-14 18:20:56,0.63
15号桥节制闸,2026-04-14 18:14:56,0.64
15号桥节制闸,2026-04-14 18:09:56,0.63
15号桥节制闸,2026-04-14 18:04:56,0.64
15号桥节制闸,2026-04-14 17:59:56,0.64
15号桥节制闸,2026-04-14 17:53:56,0.63
15号桥节制闸,2026-04-14 17:48:56,0.63
15号桥节制闸,2026-04-14 17:42:56,0.64
15号桥节制闸,2026-04-14 17:37:56,0.64
15号桥节制闸,2026-04-14 17:31:56,0.63
15号桥节制闸,2026-04-14 17:26:56,0.64
15号桥节制闸,2026-04-14 17:21:56,0.64
15号桥节制闸,2026-04-14 17:15:56,0.64
15号桥节制闸,2026-04-14 17:10:56,0.64
15号桥节制闸,2026-04-14 17:05:56,0.63
15号桥节制闸,2026-04-14 16:59:56,0.63
15号桥节制闸,2026-04-14 16:54:56,0.64
15号桥节制闸,2026-04-14 16:48:56,0.65
15号桥节制闸,2026-04-14 16:43:56,0.66
15号桥节制闸,2026-04-14 16:38:56,0.65
15号桥节制闸,2026-04-14 16:33:56,0.66
15号桥节制闸,2026-04-14 16:28:56,0.64
15号桥节制闸,2026-04-14 16:23:56,0.65
15号桥节制闸,2026-04-14 16:17:56,0.66
15号桥节制闸,2026-04-14 16:12:56,0.65
15号桥节制闸,2026-04-14 16:07:56,0.65
15号桥节制闸,2026-04-14 16:01:56,0.67
15号桥节制闸,2026-04-14 15:56:56,0.67
15号桥节制闸,2026-04-14 15:51:56,0.7
15号桥节制闸,2026-04-14 15:45:56,0.72
15号桥节制闸,2026-04-14 15:40:56,0.73
15号桥节制闸,2026-04-14 15:34:56,0.72
15号桥节制闸,2026-04-14 15:29:56,0.72
一级路南节制闸,2026-04-21 17:30:11,202610003.0
一级路南节制闸,2026-04-21 17:24:11,202610003.0
一级路南节制闸,2026-04-21 17:18:11,202610003.0
一级路南节制闸,2026-04-21 17:12:11,202610003.0
一级路南节制闸,2026-04-21 17:06:11,202610003.0
一级路南节制闸,2026-04-21 17:00:11,202610003.0
一级路南节制闸,2026-04-21 16:55:11,202610003.0
一级路南节制闸,2026-04-21 16:49:11,202610003.0
一级路南节制闸,2026-04-21 16:43:11,202610003.0
一级路南节制闸,2026-04-21 16:37:11,202610003.0
一级路南节制闸,2026-04-21 16:32:11,202610003.0
一级路南节制闸,2026-04-21 16:27:11,202610003.0
一级路南节制闸,2026-04-21 16:21:11,202610003.0
一级路南节制闸,2026-04-21 16:15:11,202610003.0
一级路南节制闸,2026-04-21 16:09:11,202610003.0
一级路南节制闸,2026-04-21 16:03:11,202610003.0
一级路南节制闸,2026-04-21 15:58:11,202610003.0
一级路南节制闸,2026-04-21 15:52:11,202610003.0
一级路南节制闸,2026-04-21 15:46:11,202610003.0
一级路南节制闸,2026-04-21 15:41:11,202610003.0
一级路南节制闸,2026-04-21 15:35:11,202610003.0
一级路南节制闸,2026-04-21 15:29:11,202610003.0
一级路南节制闸,2026-04-21 15:23:11,202610003.0
一级路南节制闸,2026-04-21 15:17:11,202610003.0
一级路南节制闸,2026-04-21 15:11:11,202610003.0
一级路南节制闸,2026-04-21 15:05:11,202610003.0
一级路南节制闸,2026-04-21 15:00:11,202610003.0
一级路南节制闸,2026-04-21 14:55:11,202610003.0
一级路南节制闸,2026-04-21 14:49:11,202610003.0
一级路南节制闸,2026-04-21 14:43:11,202610003.0
一级路南节制闸,2026-04-21 14:37:11,202610003.0
一级路南节制闸,2026-04-21 14:31:11,202610003.0
一级路南节制闸,2026-04-21 14:26:11,202610003.0
一级路南节制闸,2026-04-21 14:20:11,202610003.0
一级路南节制闸,2026-04-21 14:15:11,202610003.0
一级路南节制闸,2026-04-21 14:09:11,202610003.0
一级路南节制闸,2026-04-21 14:03:11,202610003.0
一级路南节制闸,2026-04-21 13:58:11,202610003.0
一级路南节制闸,2026-04-21 13:53:11,202610003.0
一级路南节制闸,2026-04-21 13:47:11,202610003.0
一级路南节制闸,2026-04-21 13:42:11,202610003.0
一级路南节制闸,2026-04-21 13:36:11,202610003.0
一级路南节制闸,2026-04-21 13:31:11,202610003.0
一级路南节制闸,2026-04-21 13:26:11,202610003.0
一级路南节制闸,2026-04-21 13:20:11,202610003.0
一级路南节制闸,2026-04-21 13:14:11,202610003.0
一级路南节制闸,2026-04-21 13:09:11,202610003.0
一级路南节制闸,2026-04-21 13:03:11,202610003.0
一级路南节制闸,2026-04-21 12:57:11,202610003.0
一级路南节制闸,2026-04-21 12:51:11,202610003.0
一级路南节制闸,2026-04-21 12:46:11,202610003.0
一级路南节制闸,2026-04-21 12:41:11,202610003.0
一级路南节制闸,2026-04-21 12:35:11,202610003.0
一级路南节制闸,2026-04-21 12:29:12,202610003.0
一级路南节制闸,2026-04-21 12:23:11,202610003.0
一级路南节制闸,2026-04-21 12:17:11,202610003.0
一级路南节制闸,2026-04-21 12:12:11,202610003.0
一级路南节制闸,2026-04-21 12:06:11,202610003.0
一级路南节制闸,2026-04-21 12:01:11,202610003.0
一级路南节制闸,2026-04-21 11:55:11,202610003.0
一级路南节制闸,2026-04-21 11:49:11,202610003.0
一级路南节制闸,2026-04-21 11:43:11,202610003.0
一级路南节制闸,2026-04-21 11:38:11,202610003.0
一级路南节制闸,2026-04-21 11:32:11,202610003.0
一级路南节制闸,2026-04-21 11:26:11,202610003.0
一级路南节制闸,2026-04-21 11:21:11,202610003.0
一级路南节制闸,2026-04-21 11:16:11,202610003.0
一级路南节制闸,2026-04-21 11:10:11,202610003.0
一级路南节制闸,2026-04-21 11:05:11,202610003.0
一级路南节制闸,2026-04-21 10:59:11,202610003.0
一级路南节制闸,2026-04-21 10:53:11,202610003.0
一级路南节制闸,2026-04-21 10:47:11,202610003.0
一级路南节制闸,2026-04-21 10:41:11,202610003.0
一级路南节制闸,2026-04-21 10:35:11,202610003.0
一级路南节制闸,2026-04-21 10:30:11,202610003.0
一级路南节制闸,2026-04-21 10:24:11,202610003.0
一级路南节制闸,2026-04-21 10:18:11,202610003.0
一级路南节制闸,2026-04-21 10:13:11,202610003.0
一级路南节制闸,2026-04-21 10:07:11,202610003.0
一级路南节制闸,2026-04-21 10:01:11,202610003.0
一级路南节制闸,2026-04-21 09:55:11,202610003.0
一级路南节制闸,2026-04-21 09:49:11,202610003.0
一级路南节制闸,2026-04-21 09:44:11,202610003.0
一级路南节制闸,2026-04-21 09:38:11,202610003.0
一级路南节制闸,2026-04-21 09:32:11,202610003.0
一级路南节制闸,2026-04-21 09:26:11,202610003.0
一级路南节制闸,2026-04-21 09:21:11,202610003.0
一级路南节制闸,2026-04-21 09:15:11,202610003.0
一级路南节制闸,2026-04-21 09:10:11,202610003.0
一级路南节制闸,2026-04-21 09:05:11,202610003.0
一级路南节制闸,2026-04-21 08:59:11,202610003.0
一级路南节制闸,2026-04-21 08:53:11,202610003.0
一级路南节制闸,2026-04-21 08:47:11,202610003.0
一级路南节制闸,2026-04-21 08:41:11,202610003.0
一级路南节制闸,2026-04-21 08:36:11,202610003.0
一级路南节制闸,2026-04-21 08:30:11,202610003.0
一级路南节制闸,2026-04-21 08:24:11,202610003.0
一级路南节制闸,2026-04-21 08:18:11,202610003.0
一级路南节制闸,2026-04-21 08:12:11,202610003.0
一级路南节制闸,2026-04-21 08:06:11,202610003.0
一级路南节制闸,2026-04-21 08:01:11,202610003.0
一级路南节制闸,2026-04-21 07:55:11,202610003.0
一级路南节制闸,2026-04-21 07:50:11,202610003.0
一级路南节制闸,2026-04-21 07:44:11,202610003.0
一级路南节制闸,2026-04-21 07:39:11,202610003.0
一级路南节制闸,2026-04-21 07:33:11,202610003.0
一级路南节制闸,2026-04-21 07:27:11,202610003.0
一级路南节制闸,2026-04-21 07:22:11,202610003.0
一级路南节制闸,2026-04-21 07:16:11,202610003.0
一级路南节制闸,2026-04-21 07:10:11,202610003.0
一级路南节制闸,2026-04-21 07:05:11,202610003.0
一级路南节制闸,2026-04-21 06:59:11,202610003.0
一级路南节制闸,2026-04-21 06:54:11,202610003.0
一级路南节制闸,2026-04-21 06:48:11,202610003.0
一级路南节制闸,2026-04-21 06:43:11,202610003.0
一级路南节制闸,2026-04-21 06:38:11,202610003.0
一级路南节制闸,2026-04-21 06:33:11,202610003.0
一级路南节制闸,2026-04-21 06:28:11,202610003.0
一级路南节制闸,2026-04-21 06:22:11,202610003.0
一级路南节制闸,2026-04-21 06:16:11,202610003.0
一级路南节制闸,2026-04-21 06:10:11,202610003.0
一级路南节制闸,2026-04-21 06:04:11,202610003.0
一级路南节制闸,2026-04-21 05:58:11,202610003.0
一级路南节制闸,2026-04-21 05:52:11,202610003.0
一级路南节制闸,2026-04-21 05:46:11,202610003.0
一级路南节制闸,2026-04-21 05:41:11,202610003.0
一级路南节制闸,2026-04-21 05:35:11,202610003.0
一级路南节制闸,2026-04-21 05:30:11,202610003.0
一级路南节制闸,2026-04-21 05:24:11,202610003.0
一级路南节制闸,2026-04-21 05:19:11,202610003.0
一级路南节制闸,2026-04-21 05:13:11,202610003.0
一级路南节制闸,2026-04-21 05:08:11,202610003.0
一级路南节制闸,2026-04-21 05:02:11,202610003.0
一级路南节制闸,2026-04-21 04:56:11,202610003.0
一级路南节制闸,2026-04-21 04:50:11,202610003.0
一级路南节制闸,2026-04-21 04:44:11,202610003.0
一级路南节制闸,2026-04-21 04:39:11,202610003.0
一级路南节制闸,2026-04-21 04:34:11,202610003.0
一级路南节制闸,2026-04-21 04:28:11,202610003.0
一级路南节制闸,2026-04-21 04:22:11,202610003.0
一级路南节制闸,2026-04-21 04:17:11,202610003.0
一级路南节制闸,2026-04-21 04:11:11,202610003.0
一级路南节制闸,2026-04-21 04:05:11,202610003.0
一级路南节制闸,2026-04-21 03:59:11,202610003.0
一级路南节制闸,2026-04-21 03:53:11,202610003.0
一级路南节制闸,2026-04-21 03:47:11,202610003.0
一级路南节制闸,2026-04-21 03:41:11,202610003.0
一级路南节制闸,2026-04-21 03:35:11,202610003.0
一级路南节制闸,2026-04-21 03:29:11,202610003.0
一级路南节制闸,2026-04-21 03:23:11,202610003.0
一级路南节制闸,2026-04-21 03:17:11,202610003.0
一级路南节制闸,2026-04-21 03:11:11,202610003.0
一级路南节制闸,2026-04-21 03:05:11,202610003.0
一级路南节制闸,2026-04-21 03:00:11,202610003.0
一级路南节制闸,2026-04-21 02:54:11,202610003.0
一级路南节制闸,2026-04-21 02:48:11,202610003.0
一级路南节制闸,2026-04-21 02:42:11,202610003.0
一级路南节制闸,2026-04-21 02:37:11,202610003.0
一级路南节制闸,2026-04-21 02:32:11,202610003.0
一级路南节制闸,2026-04-21 02:26:11,202610003.0
一级路南节制闸,2026-04-21 02:20:11,202610003.0
一级路南节制闸,2026-04-21 02:14:11,202610003.0
一级路南节制闸,2026-04-21 02:08:11,202610003.0
一级路南节制闸,2026-04-21 02:02:11,202610003.0
一级路南节制闸,2026-04-21 01:57:11,202610003.0
一级路南节制闸,2026-04-21 01:51:11,202610003.0
一级路南节制闸,2026-04-21 01:46:11,202610003.0
一级路南节制闸,2026-04-21 01:41:11,202610003.0
一级路南节制闸,2026-04-21 01:35:11,202610003.0
一级路南节制闸,2026-04-21 01:29:11,202610003.0
一级路南节制闸,2026-04-21 01:24:11,202610003.0
一级路南节制闸,2026-04-21 01:18:11,202610003.0
一级路南节制闸,2026-04-21 01:12:11,202610003.0
一级路南节制闸,2026-04-21 01:06:11,202610003.0
一级路南节制闸,2026-04-21 01:00:11,202610003.0
一级路南节制闸,2026-04-21 00:55:11,202610003.0
一级路南节制闸,2026-04-21 00:49:11,202610003.0
一级路南节制闸,2026-04-21 00:43:11,202610003.0
一级路南节制闸,2026-04-21 00:38:11,202610003.0
一级路南节制闸,2026-04-21 00:32:11,202610003.0
一级路南节制闸,2026-04-21 00:26:11,202610003.0
一级路南节制闸,2026-04-21 00:20:11,202610003.0
一级路南节制闸,2026-04-21 00:14:11,202610003.0
一级路南节制闸,2026-04-21 00:08:11,202610003.0
一级路南节制闸,2026-04-21 00:02:11,202610003.0
一级路南节制闸,2026-04-20 23:56:11,202610003.0
一级路南节制闸,2026-04-20 23:50:11,202610003.0
一级路南节制闸,2026-04-20 23:45:11,202610003.0
一级路南节制闸,2026-04-20 23:39:11,202610003.0
一级路南节制闸,2026-04-20 23:33:11,202610003.0
一级路南节制闸,2026-04-20 23:27:11,202610003.0
一级路南节制闸,2026-04-20 23:21:11,202610003.0
一级路南节制闸,2026-04-20 23:15:11,202610003.0
一级路南节制闸,2026-04-20 23:09:11,202610003.0
一级路南节制闸,2026-04-20 23:02:11,202610003.0
一级路南节制闸,2026-04-20 22:58:11,202610003.0
一级路南节制闸,2026-04-20 22:53:11,202610003.0
一级路南节制闸,2026-04-20 22:47:11,202610003.0
一级路南节制闸,2026-04-20 22:41:11,202610003.0
一级路南节制闸,2026-04-20 22:36:11,202610003.0
一级路南节制闸,2026-04-20 22:31:11,202610003.0
一级路南节制闸,2026-04-20 22:26:11,202610003.0
一级路南节制闸,2026-04-20 22:21:11,202610003.0
一级路南节制闸,2026-04-20 22:15:11,202610003.0
一级路南节制闸,2026-04-20 22:10:11,202610003.0
一级路南节制闸,2026-04-20 22:05:11,202610003.0
一级路南节制闸,2026-04-20 21:59:11,202610003.0
一级路南节制闸,2026-04-20 21:54:11,202610003.0
一级路南节制闸,2026-04-20 21:49:10,202610003.0
一级路南节制闸,2026-04-20 21:43:11,202610003.0
一级路南节制闸,2026-04-20 21:38:11,202610003.0
一级路南节制闸,2026-04-20 21:32:11,202610003.0
一级路南节制闸,2026-04-20 21:27:11,202610003.0
一级路南节制闸,2026-04-20 21:21:11,202610003.0
一级路南节制闸,2026-04-20 21:15:11,202610003.0
一级路南节制闸,2026-04-20 21:09:11,202610003.0
一级路南节制闸,2026-04-20 21:03:11,202610003.0
一级路南节制闸,2026-04-20 20:58:11,202610003.0
一级路南节制闸,2026-04-20 20:52:11,202610003.0
一级路南节制闸,2026-04-20 20:47:11,202610003.0
一级路南节制闸,2026-04-20 20:41:11,202610003.0
一级路南节制闸,2026-04-20 20:35:11,202610003.0
一级路南节制闸,2026-04-20 20:29:11,202610003.0
一级路南节制闸,2026-04-20 20:23:11,202610003.0
一级路南节制闸,2026-04-20 20:17:11,202610003.0
一级路南节制闸,2026-04-20 20:11:11,202610003.0
一级路南节制闸,2026-04-20 20:06:10,202610003.0
一级路南节制闸,2026-04-20 20:00:11,202610003.0
一级路南节制闸,2026-04-20 19:55:11,202610003.0
一级路南节制闸,2026-04-20 19:49:11,202610003.0
一级路南节制闸,2026-04-20 19:44:11,202610003.0
一级路南节制闸,2026-04-20 19:38:11,202610003.0
一级路南节制闸,2026-04-20 19:32:11,202610003.0
一级路南节制闸,2026-04-20 19:26:11,202610003.0
一级路南节制闸,2026-04-20 19:20:10,202610003.0
一级路南节制闸,2026-04-20 19:14:11,202610003.0
一级路南节制闸,2026-04-20 19:08:11,202610003.0
一级路南节制闸,2026-04-20 19:02:11,202610003.0
一级路南节制闸,2026-04-20 18:56:11,202610003.0
一级路南节制闸,2026-04-20 18:50:11,202610003.0
一级路南节制闸,2026-04-20 18:44:11,202610003.0
一级路南节制闸,2026-04-20 18:38:10,202610003.0
一级路南节制闸,2026-04-20 18:33:10,202610003.0
一级路南节制闸,2026-04-20 18:27:11,202610003.0
一级路南节制闸,2026-04-20 18:21:10,202610003.0
一级路南节制闸,2026-04-20 18:15:11,202610003.0
一级路南节制闸,2026-04-20 18:09:11,202610003.0
一级路南节制闸,2026-04-20 18:03:11,202610003.0
一级路南节制闸,2026-04-20 17:57:11,202610003.0
一级路南节制闸,2026-04-20 17:51:11,202610003.0
一级路南节制闸,2026-04-20 17:46:11,202610003.0
一级路南节制闸,2026-04-20 17:40:11,202610003.0
一级路南节制闸,2026-04-20 17:34:10,202610003.0
一级路南节制闸,2026-04-20 17:28:10,202610003.0
一级路南节制闸,2026-04-20 17:22:11,202610003.0
一级路南节制闸,2026-04-20 17:17:10,202610003.0
一级路南节制闸,2026-04-20 17:11:11,202610003.0
一级路南节制闸,2026-04-20 17:05:10,202610003.0
一级路南节制闸,2026-04-20 17:00:10,202610003.0
一级路南节制闸,2026-04-20 16:55:10,202610003.0
一级路南节制闸,2026-04-20 16:49:11,202610003.0
一级路南节制闸,2026-04-20 16:44:10,202610003.0
一级路南节制闸,2026-04-20 16:39:10,202610003.0
一级路南节制闸,2026-04-20 16:33:11,202610003.0
一级路南节制闸,2026-04-20 16:28:10,202610003.0
一级路南节制闸,2026-04-20 16:22:10,202610003.0
一级路南节制闸,2026-04-20 16:17:10,202610003.0
一级路南节制闸,2026-04-20 16:11:10,202610003.0
一级路南节制闸,2026-04-20 16:06:10,202610003.0
一级路南节制闸,2026-04-20 16:00:10,202610003.0
一级路南节制闸,2026-04-20 15:54:10,202610003.0
一级路南节制闸,2026-04-20 15:49:10,202610003.0
一级路南节制闸,2026-04-20 15:43:10,202610003.0
一级路南节制闸,2026-04-20 15:38:10,202610003.0
一级路南节制闸,2026-04-20 15:32:10,202610003.0
一级路南节制闸,2026-04-20 15:27:10,202610003.0
一级路南节制闸,2026-04-20 15:21:10,202610003.0
一级路南节制闸,2026-04-20 15:16:10,202610003.0
一级路南节制闸,2026-04-20 15:10:10,202610003.0
一级路南节制闸,2026-04-20 15:04:10,202610003.0
一级路南节制闸,2026-04-20 14:58:10,202610003.0
一级路南节制闸,2026-04-20 14:52:10,202610003.0
一级路南节制闸,2026-04-20 14:47:10,202610003.0
一级路南节制闸,2026-04-20 14:41:10,202610003.0
一级路南节制闸,2026-04-20 14:36:10,202610003.0
一级路南节制闸,2026-04-20 14:30:10,202610003.0
一级路南节制闸,2026-04-20 14:24:10,202610003.0
一级路南节制闸,2026-04-20 14:19:10,202610003.0
一级路南节制闸,2026-04-20 14:13:10,202610003.0
一级路南节制闸,2026-04-20 14:08:10,202610003.0
一级路南节制闸,2026-04-20 14:03:10,202610003.0
一级路南节制闸,2026-04-20 13:57:10,202610003.0
一级路南节制闸,2026-04-20 13:51:10,202610003.0
一级路南节制闸,2026-04-20 13:46:10,202610003.0
一级路南节制闸,2026-04-20 13:40:10,202610003.0
一级路南节制闸,2026-04-20 13:34:10,202610003.0
一级路南节制闸,2026-04-20 13:28:10,202610003.0
一级路南节制闸,2026-04-20 13:22:10,202610003.0
一级路南节制闸,2026-04-20 13:16:10,202610003.0
一级路南节制闸,2026-04-20 13:11:10,202610003.0
一级路南节制闸,2026-04-20 13:05:10,202610003.0
一级路南节制闸,2026-04-20 12:59:10,202610003.0
一级路南节制闸,2026-04-20 12:54:10,202610003.0
一级路南节制闸,2026-04-20 12:49:10,202610003.0
一级路南节制闸,2026-04-20 12:44:10,202610003.0
一级路南节制闸,2026-04-20 12:38:10,202610003.0
一级路南节制闸,2026-04-20 12:32:10,202610003.0
一级路南节制闸,2026-04-20 12:27:10,202610003.0
一级路南节制闸,2026-04-20 12:21:10,202610003.0
一级路南节制闸,2026-04-20 12:15:10,202610003.0
一级路南节制闸,2026-04-20 12:09:10,202610003.0
一级路南节制闸,2026-04-20 12:04:10,202610003.0
一级路南节制闸,2026-04-20 11:59:10,202610003.0
一级路南节制闸,2026-04-20 11:53:10,202610003.0
一级路南节制闸,2026-04-20 11:48:10,202610003.0
一级路南节制闸,2026-04-20 11:42:10,202610003.0
一级路南节制闸,2026-04-20 11:36:10,202610003.0
一级路南节制闸,2026-04-20 11:30:10,202610003.0
一级路南节制闸,2026-04-20 11:24:10,202610003.0
一级路南节制闸,2026-04-20 11:19:10,202610003.0
一级路南节制闸,2026-04-20 11:13:10,202610003.0
一级路南节制闸,2026-04-20 11:08:10,202610003.0
一级路南节制闸,2026-04-20 11:02:11,202610003.0
一级路南节制闸,2026-04-20 10:56:10,202610003.0
一级路南节制闸,2026-04-20 10:50:10,202610003.0
一级路南节制闸,2026-04-20 10:44:10,202610003.0
一级路南节制闸,2026-04-20 10:38:10,202610003.0
一级路南节制闸,2026-04-20 10:33:10,202610003.0
一级路南节制闸,2026-04-20 10:27:10,202610003.0
一级路南节制闸,2026-04-20 10:22:10,202610003.0
一级路南节制闸,2026-04-20 10:17:10,202610003.0
一级路南节制闸,2026-04-20 10:12:10,202610003.0
一级路南节制闸,2026-04-20 10:06:10,202610003.0
一级路南节制闸,2026-04-20 10:00:10,202610003.0
一级路南节制闸,2026-04-20 09:55:10,202610003.0
一级路南节制闸,2026-04-20 09:49:10,202610003.0
一级路南节制闸,2026-04-20 09:44:10,202610003.0
一级路南节制闸,2026-04-20 09:38:10,202610003.0
一级路南节制闸,2026-04-20 09:32:10,202610003.0
一级路南节制闸,2026-04-20 09:27:10,202610003.0
一级路南节制闸,2026-04-20 09:22:10,202610003.0
一级路南节制闸,2026-04-20 09:16:10,202610003.0
一级路南节制闸,2026-04-20 09:10:10,202610003.0
一级路南节制闸,2026-04-20 09:05:10,202610003.0
一级路南节制闸,2026-04-20 09:00:10,202610003.0
一级路南节制闸,2026-04-20 08:54:10,202610003.0
一级路南节制闸,2026-04-20 08:49:10,202610003.0
一级路南节制闸,2026-04-20 08:43:10,202610003.0
一级路南节制闸,2026-04-20 08:38:10,202610003.0
一级路南节制闸,2026-04-20 08:32:10,202610003.0
一级路南节制闸,2026-04-20 08:26:10,202610003.0
一级路南节制闸,2026-04-20 08:20:10,202610003.0
一级路南节制闸,2026-04-20 08:15:10,202610003.0
一级路南节制闸,2026-04-20 08:10:10,202610003.0
一级路南节制闸,2026-04-20 08:04:10,202610003.0
一级路南节制闸,2026-04-20 07:59:10,202610003.0
一级路南节制闸,2026-04-20 07:53:10,202610003.0
一级路南节制闸,2026-04-20 07:47:10,202610003.0
一级路南节制闸,2026-04-20 07:42:10,202610003.0
一级路南节制闸,2026-04-20 07:36:10,202610003.0
一级路南节制闸,2026-04-20 07:30:10,202610003.0
一级路南节制闸,2026-04-20 07:24:10,202610003.0
一级路南节制闸,2026-04-20 07:19:10,202610003.0
一级路南节制闸,2026-04-20 07:13:10,202610003.0
一级路南节制闸,2026-04-20 07:07:10,202610003.0
一级路南节制闸,2026-04-20 07:01:10,202610003.0
一级路南节制闸,2026-04-20 06:56:10,202610003.0
一级路南节制闸,2026-04-20 06:50:10,202610003.0
一级路南节制闸,2026-04-20 06:44:10,202610003.0
一级路南节制闸,2026-04-20 06:39:10,202610003.0
一级路南节制闸,2026-04-20 06:34:10,202610003.0
一级路南节制闸,2026-04-20 06:28:10,202610003.0
一级路南节制闸,2026-04-20 06:22:10,202610003.0
一级路南节制闸,2026-04-20 06:17:10,202610003.0
一级路南节制闸,2026-04-20 06:11:10,202610003.0
一级路南节制闸,2026-04-20 06:06:10,202610003.0
一级路南节制闸,2026-04-20 06:00:10,202610003.0
一级路南节制闸,2026-04-20 05:55:10,202610003.0
一级路南节制闸,2026-04-20 05:49:10,202610003.0
一级路南节制闸,2026-04-20 05:43:10,202610003.0
一级路南节制闸,2026-04-20 05:37:10,202610003.0
一级路南节制闸,2026-04-20 05:31:10,202610003.0
一级路南节制闸,2026-04-20 05:25:10,202610003.0
一级路南节制闸,2026-04-20 05:19:10,202610003.0
一级路南节制闸,2026-04-20 05:14:10,202610003.0
一级路南节制闸,2026-04-20 05:09:10,202610003.0
一级路南节制闸,2026-04-20 05:03:10,202610003.0
一级路南节制闸,2026-04-20 04:58:10,202610003.0
一级路南节制闸,2026-04-20 04:52:10,202610003.0
一级路南节制闸,2026-04-20 04:46:10,202610003.0
一级路南节制闸,2026-04-20 04:40:10,202610003.0
一级路南节制闸,2026-04-20 04:34:10,202610003.0
一级路南节制闸,2026-04-20 04:28:10,202610003.0
一级路南节制闸,2026-04-20 04:22:12,202610003.0
一级路南节制闸,2026-04-20 04:16:10,202610003.0
一级路南节制闸,2026-04-20 04:11:10,202610003.0
一级路南节制闸,2026-04-20 04:05:10,202610003.0
一级路南节制闸,2026-04-20 03:59:10,202610003.0
一级路南节制闸,2026-04-20 03:54:10,202610003.0
一级路南节制闸,2026-04-20 03:48:10,202610003.0
一级路南节制闸,2026-04-20 03:42:10,202610003.0
一级路南节制闸,2026-04-20 03:36:10,202610003.0
一级路南节制闸,2026-04-20 03:30:10,202610003.0
一级路南节制闸,2026-04-20 03:25:10,202610003.0
一级路南节制闸,2026-04-20 03:19:10,202610003.0
一级路南节制闸,2026-04-20 03:14:10,202610003.0
一级路南节制闸,2026-04-20 03:08:10,202610003.0
一级路南节制闸,2026-04-20 03:03:10,202610003.0
一级路南节制闸,2026-04-20 02:57:10,202610003.0
一级路南节制闸,2026-04-20 02:51:10,202610003.0
一级路南节制闸,2026-04-20 02:46:10,202610003.0
一级路南节制闸,2026-04-20 02:40:10,202610003.0
一级路南节制闸,2026-04-20 02:34:10,202610003.0
一级路南节制闸,2026-04-20 02:28:10,202610003.0
一级路南节制闸,2026-04-20 02:22:10,202610003.0
一级路南节制闸,2026-04-20 02:16:10,202610003.0
一级路南节制闸,2026-04-20 02:10:10,202610003.0
一级路南节制闸,2026-04-20 02:04:10,202610003.0
一级路南节制闸,2026-04-20 01:59:10,202610003.0
一级路南节制闸,2026-04-20 01:53:10,202610003.0
一级路南节制闸,2026-04-20 01:48:10,202610003.0
一级路南节制闸,2026-04-20 01:43:10,202610003.0
一级路南节制闸,2026-04-20 01:37:10,202610003.0
一级路南节制闸,2026-04-20 01:31:10,202610003.0
一级路南节制闸,2026-04-20 01:25:10,202610003.0
一级路南节制闸,2026-04-20 01:20:10,202610003.0
一级路南节制闸,2026-04-20 01:14:10,202610003.0
一级路南节制闸,2026-04-20 01:08:10,202610003.0
一级路南节制闸,2026-04-20 01:03:10,202610003.0
一级路南节制闸,2026-04-20 00:58:10,202610003.0
一级路南节制闸,2026-04-20 00:53:10,202610003.0
一级路南节制闸,2026-04-20 00:47:10,202610003.0
一级路南节制闸,2026-04-20 00:42:10,202610003.0
一级路南节制闸,2026-04-20 00:37:10,202610003.0
一级路南节制闸,2026-04-20 00:31:10,202610003.0
一级路南节制闸,2026-04-20 00:25:10,202610003.0
一级路南节制闸,2026-04-20 00:19:10,202610003.0
一级路南节制闸,2026-04-20 00:13:10,202610003.0
一级路南节制闸,2026-04-20 00:07:10,202610003.0
一级路南节制闸,2026-04-20 00:02:10,202610003.0
一级路南节制闸,2026-04-19 23:57:10,202610003.0
一级路南节制闸,2026-04-19 23:51:10,202610003.0
一级路南节制闸,2026-04-19 23:46:10,202610003.0
一级路南节制闸,2026-04-19 23:40:10,202610003.0
一级路南节制闸,2026-04-19 23:34:10,202610003.0
一级路南节制闸,2026-04-19 23:29:10,202610003.0
一级路南节制闸,2026-04-19 23:23:10,202610003.0
一级路南节制闸,2026-04-19 23:18:10,202610003.0
一级路南节制闸,2026-04-19 23:12:10,202610003.0
一级路南节制闸,2026-04-19 23:03:10,202610003.0
一级路南节制闸,2026-04-19 23:00:10,202610003.0
一级路南节制闸,2026-04-19 22:54:10,202610003.0
一级路南节制闸,2026-04-19 22:48:10,202610003.0
一级路南节制闸,2026-04-19 22:42:10,202610003.0
一级路南节制闸,2026-04-19 22:36:10,202610003.0
一级路南节制闸,2026-04-19 22:30:10,202610003.0
一级路南节制闸,2026-04-19 22:25:10,202610003.0
一级路南节制闸,2026-04-19 22:20:10,202610003.0
一级路南节制闸,2026-04-19 22:14:10,202610003.0
一级路南节制闸,2026-04-19 22:09:10,202610003.0
一级路南节制闸,2026-04-19 22:04:10,202610003.0
一级路南节制闸,2026-04-19 21:58:10,202610003.0
一级路南节制闸,2026-04-19 21:52:10,202610003.0
一级路南节制闸,2026-04-19 21:46:10,202610003.0
一级路南节制闸,2026-04-19 21:40:10,202610003.0
一级路南节制闸,2026-04-19 21:34:10,202610003.0
一级路南节制闸,2026-04-19 21:29:10,202610003.0
一级路南节制闸,2026-04-19 21:23:10,202610003.0
一级路南节制闸,2026-04-19 21:17:10,202610003.0
一级路南节制闸,2026-04-19 21:12:10,202610003.0
一级路南节制闸,2026-04-19 21:06:10,202610003.0
一级路南节制闸,2026-04-19 21:00:10,202610003.0
一级路南节制闸,2026-04-19 20:54:10,202610003.0
一级路南节制闸,2026-04-19 20:49:10,202610003.0
一级路南节制闸,2026-04-19 20:43:10,202610003.0
一级路南节制闸,2026-04-19 20:37:10,202610003.0
一级路南节制闸,2026-04-19 20:32:10,202610003.0
一级路南节制闸,2026-04-19 20:27:10,202610003.0
一级路南节制闸,2026-04-19 20:21:10,202610003.0
一级路南节制闸,2026-04-19 20:15:10,202610003.0
一级路南节制闸,2026-04-19 20:09:10,202610003.0
一级路南节制闸,2026-04-19 20:04:10,202610003.0
一级路南节制闸,2026-04-19 19:58:10,202610003.0
一级路南节制闸,2026-04-19 19:52:10,202610003.0
一级路南节制闸,2026-04-19 19:46:10,202610003.0
一级路南节制闸,2026-04-19 19:40:10,202610003.0
一级路南节制闸,2026-04-19 19:35:10,202610003.0
一级路南节制闸,2026-04-19 19:29:10,202610003.0
一级路南节制闸,2026-04-19 19:23:10,202610003.0
一级路南节制闸,2026-04-19 19:18:10,202610003.0
一级路南节制闸,2026-04-19 19:13:10,202610003.0
一级路南节制闸,2026-04-19 19:07:10,202610003.0
一级路南节制闸,2026-04-19 19:01:10,202610003.0
一级路南节制闸,2026-04-19 18:55:10,202610003.0
一级路南节制闸,2026-04-19 18:50:10,202610003.0
一级路南节制闸,2026-04-19 18:44:10,202610003.0
一级路南节制闸,2026-04-19 18:39:10,202610003.0
一级路南节制闸,2026-04-19 18:33:10,202610003.0
一级路南节制闸,2026-04-19 18:27:10,202610003.0
一级路南节制闸,2026-04-19 18:21:10,202610003.0
一级路南节制闸,2026-04-19 18:15:10,202610003.0
一级路南节制闸,2026-04-19 18:09:10,202610003.0
一级路南节制闸,2026-04-19 18:04:10,202610003.0
一级路南节制闸,2026-04-19 17:58:10,202610003.0
一级路南节制闸,2026-04-19 17:52:10,202610003.0
一级路南节制闸,2026-04-19 17:46:10,202610003.0
一级路南节制闸,2026-04-19 17:41:10,202610003.0
一级路南节制闸,2026-04-19 17:36:10,202610003.0
一级路南节制闸,2026-04-19 17:30:10,202610003.0
一级路南节制闸,2026-04-19 17:24:10,202610003.0
一级路南节制闸,2026-04-19 17:19:10,202610003.0
一级路南节制闸,2026-04-19 17:13:10,202610003.0
一级路南节制闸,2026-04-19 17:07:10,202610003.0
一级路南节制闸,2026-04-19 17:02:10,202610003.0
一级路南节制闸,2026-04-19 16:56:10,202610003.0
一级路南节制闸,2026-04-19 16:51:10,202610003.0
一级路南节制闸,2026-04-19 16:45:10,202610003.0
一级路南节制闸,2026-04-19 16:40:10,202610003.0
一级路南节制闸,2026-04-19 16:35:10,202610003.0
一级路南节制闸,2026-04-19 16:30:10,202610003.0
一级路南节制闸,2026-04-19 16:24:10,202610003.0
一级路南节制闸,2026-04-19 16:18:10,202610003.0
一级路南节制闸,2026-04-19 16:13:10,202610003.0
一级路南节制闸,2026-04-19 16:08:10,202610003.0
一级路南节制闸,2026-04-19 16:02:10,202610003.0
一级路南节制闸,2026-04-19 15:57:10,202610003.0
一级路南节制闸,2026-04-19 15:51:10,202610003.0
一级路南节制闸,2026-04-19 15:45:10,202610003.0
一级路南节制闸,2026-04-19 15:40:10,202610003.0
一级路南节制闸,2026-04-19 15:35:10,202610003.0
一级路南节制闸,2026-04-19 15:30:10,202610003.0
一级路南节制闸,2026-04-19 15:25:10,202610003.0
一级路南节制闸,2026-04-19 15:19:10,202610003.0
一级路南节制闸,2026-04-19 15:13:10,202610003.0
一级路南节制闸,2026-04-19 15:08:10,202610003.0
一级路南节制闸,2026-04-19 15:02:10,202610003.0
一级路南节制闸,2026-04-19 14:56:10,202610003.0
一级路南节制闸,2026-04-19 14:50:10,202610003.0
一级路南节制闸,2026-04-19 14:44:10,202610003.0
一级路南节制闸,2026-04-19 14:38:10,202610003.0
一级路南节制闸,2026-04-19 14:32:10,202610003.0
一级路南节制闸,2026-04-19 14:27:10,202610003.0
一级路南节制闸,2026-04-19 14:22:10,202610003.0
一级路南节制闸,2026-04-19 14:16:10,202610003.0
一级路南节制闸,2026-04-19 14:11:10,202610003.0
一级路南节制闸,2026-04-19 14:05:10,202610003.0
一级路南节制闸,2026-04-19 13:59:10,202610003.0
一级路南节制闸,2026-04-19 13:54:10,202610003.0
一级路南节制闸,2026-04-19 13:48:10,202610003.0
一级路南节制闸,2026-04-19 13:42:10,202610003.0
一级路南节制闸,2026-04-19 13:36:10,202610003.0
一级路南节制闸,2026-04-19 13:31:10,202610003.0
一级路南节制闸,2026-04-19 13:25:10,202610003.0
一级路南节制闸,2026-04-19 13:19:10,202610003.0
一级路南节制闸,2026-04-19 13:13:10,202610003.0
一级路南节制闸,2026-04-19 13:08:10,202610003.0
一级路南节制闸,2026-04-19 13:02:10,202610003.0
一级路南节制闸,2026-04-19 12:56:10,202610003.0
一级路南节制闸,2026-04-19 12:50:10,202610003.0
一级路南节制闸,2026-04-19 12:45:10,202610003.0
一级路南节制闸,2026-04-19 12:39:10,202610003.0
一级路南节制闸,2026-04-19 12:34:10,202610003.0
一级路南节制闸,2026-04-19 12:28:10,202610003.0
一级路南节制闸,2026-04-19 12:22:10,202610003.0
一级路南节制闸,2026-04-19 12:16:10,202610003.0
一级路南节制闸,2026-04-19 12:11:10,202610003.0
一级路南节制闸,2026-04-19 12:05:10,202610003.0
一级路南节制闸,2026-04-19 11:59:10,202610003.0
一级路南节制闸,2026-04-19 11:54:10,202610003.0
一级路南节制闸,2026-04-19 11:49:10,202610003.0
一级路南节制闸,2026-04-19 11:43:10,202610003.0
一级路南节制闸,2026-04-19 11:38:10,202610003.0
一级路南节制闸,2026-04-19 11:32:10,202610003.0
一级路南节制闸,2026-04-19 11:26:10,202610003.0
一级路南节制闸,2026-04-19 11:20:10,202610003.0
一级路南节制闸,2026-04-19 11:15:10,202610003.0
一级路南节制闸,2026-04-19 11:09:10,202610003.0
一级路南节制闸,2026-04-19 11:03:10,202610003.0
一级路南节制闸,2026-04-19 10:57:10,202610003.0
一级路南节制闸,2026-04-19 10:52:10,202610003.0
一级路南节制闸,2026-04-19 10:46:10,202610003.0
一级路南节制闸,2026-04-19 10:41:10,202610003.0
一级路南节制闸,2026-04-19 10:35:10,202610003.0
一级路南节制闸,2026-04-19 10:29:10,202610003.0
一级路南节制闸,2026-04-19 10:24:10,202610003.0
一级路南节制闸,2026-04-19 10:18:10,202610003.0
一级路南节制闸,2026-04-19 10:12:10,202610003.0
一级路南节制闸,2026-04-19 10:06:10,202610003.0
一级路南节制闸,2026-04-19 10:00:10,202610003.0
一级路南节制闸,2026-04-19 09:54:10,202610003.0
一级路南节制闸,2026-04-19 09:48:10,202610003.0
一级路南节制闸,2026-04-19 09:43:10,202610003.0
一级路南节制闸,2026-04-19 09:38:10,202610003.0
一级路南节制闸,2026-04-19 09:32:10,202610003.0
一级路南节制闸,2026-04-19 09:27:10,202610003.0
一级路南节制闸,2026-04-19 09:21:10,202610003.0
一级路南节制闸,2026-04-19 09:16:10,202610003.0
一级路南节制闸,2026-04-19 09:10:10,202610003.0
一级路南节制闸,2026-04-19 09:04:10,202610003.0
一级路南节制闸,2026-04-19 08:58:10,202610003.0
一级路南节制闸,2026-04-19 08:52:10,202610003.0
一级路南节制闸,2026-04-19 08:46:10,202610003.0
一级路南节制闸,2026-04-19 08:40:10,202610003.0
一级路南节制闸,2026-04-19 08:35:10,202610003.0
一级路南节制闸,2026-04-19 08:30:10,202610003.0
一级路南节制闸,2026-04-19 08:25:10,202610003.0
一级路南节制闸,2026-04-19 08:19:10,202610003.0
一级路南节制闸,2026-04-19 08:13:10,202610003.0
一级路南节制闸,2026-04-19 08:07:10,202610003.0
一级路南节制闸,2026-04-19 08:01:10,202610003.0
一级路南节制闸,2026-04-19 07:55:10,202610003.0
一级路南节制闸,2026-04-19 07:49:10,202610003.0
一级路南节制闸,2026-04-19 07:43:10,202610003.0
一级路南节制闸,2026-04-19 07:37:11,202610003.0
一级路南节制闸,2026-04-19 07:31:10,202610003.0
一级路南节制闸,2026-04-19 07:25:10,202610003.0
一级路南节制闸,2026-04-19 07:20:10,202610003.0
一级路南节制闸,2026-04-19 07:14:10,202610003.0
一级路南节制闸,2026-04-19 07:08:10,202610003.0
一级路南节制闸,2026-04-19 07:02:10,202610003.0
一级路南节制闸,2026-04-19 06:56:10,202610003.0
一级路南节制闸,2026-04-19 06:50:10,202610003.0
一级路南节制闸,2026-04-19 06:44:10,202610003.0
一级路南节制闸,2026-04-19 06:39:10,202610003.0
一级路南节制闸,2026-04-19 06:34:10,202610003.0
一级路南节制闸,2026-04-19 06:28:10,202610003.0
一级路南节制闸,2026-04-19 06:22:10,202610003.0
一级路南节制闸,2026-04-19 06:16:10,202610003.0
一级路南节制闸,2026-04-19 06:10:10,202610003.0
一级路南节制闸,2026-04-19 06:04:10,202610003.0
一级路南节制闸,2026-04-19 05:58:10,202610003.0
一级路南节制闸,2026-04-19 05:52:10,202610003.0
一级路南节制闸,2026-04-19 05:46:10,202610003.0
一级路南节制闸,2026-04-19 05:40:10,202610003.0
一级路南节制闸,2026-04-19 05:34:10,202610003.0
一级路南节制闸,2026-04-19 05:28:10,202610003.0
一级路南节制闸,2026-04-19 05:22:10,202610003.0
一级路南节制闸,2026-04-19 05:16:10,202610003.0
一级路南节制闸,2026-04-19 05:10:10,202610003.0
一级路南节制闸,2026-04-19 05:04:10,202610003.0
一级路南节制闸,2026-04-19 04:58:10,202610003.0
一级路南节制闸,2026-04-19 04:52:10,202610003.0
一级路南节制闸,2026-04-19 04:46:10,202610003.0
一级路南节制闸,2026-04-19 04:40:10,202610003.0
一级路南节制闸,2026-04-19 04:35:10,202610003.0
一级路南节制闸,2026-04-19 04:29:10,202610003.0
一级路南节制闸,2026-04-19 04:23:10,202610003.0
一级路南节制闸,2026-04-19 04:18:10,202610003.0
一级路南节制闸,2026-04-19 04:12:10,202610003.0
一级路南节制闸,2026-04-19 04:06:10,202610003.0
一级路南节制闸,2026-04-19 04:01:10,202610003.0
一级路南节制闸,2026-04-19 03:56:10,202610003.0
一级路南节制闸,2026-04-19 03:50:10,202610003.0
一级路南节制闸,2026-04-19 03:45:10,202610003.0
一级路南节制闸,2026-04-19 03:39:10,202610003.0
一级路南节制闸,2026-04-19 03:33:10,202610003.0
一级路南节制闸,2026-04-19 03:28:10,202610003.0
一级路南节制闸,2026-04-19 03:22:10,202610003.0
一级路南节制闸,2026-04-19 03:17:10,202610003.0
一级路南节制闸,2026-04-19 03:11:10,202610003.0
一级路南节制闸,2026-04-19 03:06:10,202610003.0
一级路南节制闸,2026-04-19 03:01:10,202610003.0
一级路南节制闸,2026-04-19 02:55:10,202610003.0
一级路南节制闸,2026-04-19 02:49:10,202610003.0
一级路南节制闸,2026-04-19 02:43:10,202610003.0
一级路南节制闸,2026-04-19 02:38:10,202610003.0
一级路南节制闸,2026-04-19 02:32:10,202610003.0
一级路南节制闸,2026-04-19 02:26:10,202610003.0
一级路南节制闸,2026-04-19 02:21:10,202610003.0
一级路南节制闸,2026-04-19 02:16:10,202610003.0
一级路南节制闸,2026-04-19 02:10:10,202610003.0
一级路南节制闸,2026-04-19 02:04:10,202610003.0
一级路南节制闸,2026-04-19 01:59:10,202610003.0
一级路南节制闸,2026-04-19 01:54:10,202610003.0
一级路南节制闸,2026-04-19 01:49:10,202610003.0
一级路南节制闸,2026-04-19 01:43:10,202610003.0
一级路南节制闸,2026-04-19 01:37:10,202610003.0
一级路南节制闸,2026-04-19 01:31:10,202610003.0
一级路南节制闸,2026-04-19 01:25:10,202610003.0
一级路南节制闸,2026-04-19 01:20:10,202610003.0
一级路南节制闸,2026-04-19 01:14:10,202610003.0
一级路南节制闸,2026-04-19 01:09:10,202610003.0
一级路南节制闸,2026-04-19 01:03:10,202610003.0
一级路南节制闸,2026-04-19 00:58:10,202610003.0
一级路南节制闸,2026-04-19 00:53:10,202610003.0
一级路南节制闸,2026-04-19 00:47:10,202610003.0
一级路南节制闸,2026-04-19 00:42:10,202610003.0
一级路南节制闸,2026-04-19 00:36:10,202610003.0
一级路南节制闸,2026-04-19 00:30:10,202610003.0
一级路南节制闸,2026-04-19 00:25:10,202610003.0
一级路南节制闸,2026-04-19 00:19:10,202610003.0
一级路南节制闸,2026-04-19 00:13:10,202610003.0
一级路南节制闸,2026-04-19 00:08:10,202610003.0
一级路南节制闸,2026-04-19 00:02:10,202610003.0
一级路南节制闸,2026-04-18 23:56:10,202610003.0
一级路南节制闸,2026-04-18 23:51:10,202610003.0
一级路南节制闸,2026-04-18 23:46:10,202610003.0
一级路南节制闸,2026-04-18 23:40:10,202610003.0
一级路南节制闸,2026-04-18 23:35:10,202610003.0
一级路南节制闸,2026-04-18 23:29:10,202610003.0
一级路南节制闸,2026-04-18 23:23:10,202610003.0
一级路南节制闸,2026-04-18 23:17:10,202610003.0
一级路南节制闸,2026-04-18 23:11:10,202610003.0
一级路南节制闸,2026-04-18 23:06:10,202610003.0
一级路南节制闸,2026-04-18 23:00:10,202610003.0
一级路南节制闸,2026-04-18 22:54:10,202610003.0
一级路南节制闸,2026-04-18 22:49:10,202610003.0
一级路南节制闸,2026-04-18 22:44:10,202610003.0
一级路南节制闸,2026-04-18 22:38:10,202610003.0
一级路南节制闸,2026-04-18 22:32:10,202610003.0
一级路南节制闸,2026-04-18 22:27:10,202610003.0
一级路南节制闸,2026-04-18 22:21:10,202610003.0
一级路南节制闸,2026-04-18 22:15:10,202610003.0
一级路南节制闸,2026-04-18 22:09:10,202610003.0
一级路南节制闸,2026-04-18 22:03:10,202610003.0
一级路南节制闸,2026-04-18 21:58:10,202610003.0
一级路南节制闸,2026-04-18 21:52:10,202610003.0
一级路南节制闸,2026-04-18 21:46:10,202610003.0
一级路南节制闸,2026-04-18 21:40:10,202610003.0
一级路南节制闸,2026-04-18 21:34:10,202610003.0
一级路南节制闸,2026-04-18 21:29:10,202610003.0
一级路南节制闸,2026-04-18 21:24:10,202610003.0
一级路南节制闸,2026-04-18 21:18:10,202610003.0
一级路南节制闸,2026-04-18 21:13:10,202610003.0
一级路南节制闸,2026-04-18 21:07:10,202610003.0
一级路南节制闸,2026-04-18 21:01:10,202610003.0
一级路南节制闸,2026-04-18 20:55:10,202610003.0
一级路南节制闸,2026-04-18 20:49:10,202610003.0
一级路南节制闸,2026-04-18 20:44:10,202610003.0
一级路南节制闸,2026-04-18 20:38:10,202610003.0
一级路南节制闸,2026-04-18 20:32:10,202610003.0
一级路南节制闸,2026-04-18 20:27:10,202610003.0
一级路南节制闸,2026-04-18 20:21:10,202610003.0
一级路南节制闸,2026-04-18 20:15:10,202610003.0
一级路南节制闸,2026-04-18 20:10:10,202610003.0
一级路南节制闸,2026-04-18 20:05:10,202610003.0
一级路南节制闸,2026-04-18 20:00:10,202610003.0
一级路南节制闸,2026-04-18 19:54:10,202610003.0
一级路南节制闸,2026-04-18 19:49:10,202610003.0
一级路南节制闸,2026-04-18 19:43:10,202610003.0
一级路南节制闸,2026-04-18 19:38:10,202610003.0
一级路南节制闸,2026-04-18 19:32:10,202610003.0
一级路南节制闸,2026-04-18 19:26:10,202610003.0
一级路南节制闸,2026-04-18 19:21:10,202610003.0
一级路南节制闸,2026-04-18 19:15:10,202610003.0
一级路南节制闸,2026-04-18 19:10:10,202610003.0
一级路南节制闸,2026-04-18 19:05:10,202610003.0
一级路南节制闸,2026-04-18 18:59:10,202610003.0
一级路南节制闸,2026-04-18 18:54:10,202610003.0
一级路南节制闸,2026-04-18 18:49:10,202610003.0
一级路南节制闸,2026-04-18 18:43:10,202610003.0
一级路南节制闸,2026-04-18 18:37:10,202610003.0
一级路南节制闸,2026-04-18 18:31:10,202610003.0
一级路南节制闸,2026-04-18 18:26:10,202610003.0
一级路南节制闸,2026-04-18 18:20:10,202610003.0
一级路南节制闸,2026-04-18 18:15:10,202610003.0
一级路南节制闸,2026-04-18 18:09:10,202610003.0
一级路南节制闸,2026-04-18 18:03:10,202610003.0
一级路南节制闸,2026-04-18 17:58:10,202610003.0
一级路南节制闸,2026-04-18 17:52:10,202610003.0
一级路南节制闸,2026-04-18 17:47:10,202610003.0
一级路南节制闸,2026-04-18 17:42:10,202610003.0
一级路南节制闸,2026-04-18 17:36:10,202610003.0
一级路南节制闸,2026-04-18 17:31:10,202610003.0
一级路南节制闸,2026-04-18 17:25:10,202610003.0
一级路南节制闸,2026-04-18 17:19:10,202610003.0
一级路南节制闸,2026-04-18 17:14:10,202610003.0
一级路南节制闸,2026-04-18 17:08:10,202610003.0
一级路南节制闸,2026-04-18 17:02:10,202610003.0
一级路南节制闸,2026-04-18 16:57:10,202610003.0
一级路南节制闸,2026-04-18 16:52:10,202610003.0
一级路南节制闸,2026-04-18 16:46:10,202610003.0
一级路南节制闸,2026-04-18 16:40:10,202610003.0
一级路南节制闸,2026-04-18 16:35:09,202610003.0
一级路南节制闸,2026-04-18 16:29:10,202610003.0
一级路南节制闸,2026-04-18 16:23:10,202610003.0
一级路南节制闸,2026-04-18 16:18:10,202610003.0
一级路南节制闸,2026-04-18 16:12:10,202610003.0
一级路南节制闸,2026-04-18 16:07:10,202610003.0
一级路南节制闸,2026-04-18 16:01:10,202610003.0
一级路南节制闸,2026-04-18 15:56:09,202610003.0
一级路南节制闸,2026-04-18 15:50:10,202610003.0
一级路南节制闸,2026-04-18 15:45:10,202610003.0
一级路南节制闸,2026-04-18 15:40:09,202610003.0
一级路南节制闸,2026-04-18 15:35:09,202610003.0
一级路南节制闸,2026-04-18 15:29:10,202610003.0
一级路南节制闸,2026-04-18 15:23:10,202610003.0
一级路南节制闸,2026-04-18 15:17:10,202610003.0
一级路南节制闸,2026-04-18 15:12:10,202610003.0
一级路南节制闸,2026-04-18 15:06:10,202610003.0
一级路南节制闸,2026-04-18 15:01:09,202610003.0
一级路南节制闸,2026-04-18 14:55:10,202610003.0
一级路南节制闸,2026-04-18 14:49:10,202610003.0
一级路南节制闸,2026-04-18 14:44:09,202610003.0
一级路南节制闸,2026-04-18 14:38:10,202610003.0
一级路南节制闸,2026-04-18 14:32:10,202610003.0
一级路南节制闸,2026-04-18 14:27:09,202610003.0
一级路南节制闸,2026-04-18 14:21:09,202610003.0
一级路南节制闸,2026-04-18 14:16:09,202610003.0
一级路南节制闸,2026-04-18 14:10:10,202610003.0
一级路南节制闸,2026-04-18 14:05:09,202610003.0
一级路南节制闸,2026-04-18 13:59:09,202610003.0
一级路南节制闸,2026-04-18 13:54:09,202610003.0
一级路南节制闸,2026-04-18 13:48:09,202610003.0
一级路南节制闸,2026-04-18 13:42:09,202610003.0
一级路南节制闸,2026-04-18 13:36:09,202610003.0
一级路南节制闸,2026-04-18 13:30:09,202610003.0
一级路南节制闸,2026-04-18 13:24:10,202610003.0
一级路南节制闸,2026-04-18 13:19:09,202610003.0
一级路南节制闸,2026-04-18 13:13:09,202610003.0
一级路南节制闸,2026-04-18 13:07:10,202610003.0
一级路南节制闸,2026-04-18 13:02:09,202610003.0
一级路南节制闸,2026-04-18 12:56:09,202610003.0
一级路南节制闸,2026-04-18 12:50:09,202610003.0
一级路南节制闸,2026-04-18 12:45:09,202610003.0
一级路南节制闸,2026-04-18 12:39:09,202610003.0
一级路南节制闸,2026-04-18 12:34:09,202610003.0
一级路南节制闸,2026-04-18 12:28:09,202610003.0
一级路南节制闸,2026-04-18 12:22:09,202610003.0
一级路南节制闸,2026-04-18 12:16:09,202610003.0
一级路南节制闸,2026-04-18 12:10:09,202610003.0
一级路南节制闸,2026-04-18 12:05:09,202610003.0
一级路南节制闸,2026-04-18 11:59:09,202610003.0
一级路南节制闸,2026-04-18 11:53:09,202610003.0
一级路南节制闸,2026-04-18 11:48:09,202610003.0
一级路南节制闸,2026-04-18 11:42:09,202610003.0
一级路南节制闸,2026-04-18 11:36:09,202610003.0
一级路南节制闸,2026-04-18 11:30:09,202610003.0
一级路南节制闸,2026-04-18 11:24:09,202610003.0
一级路南节制闸,2026-04-18 11:18:09,202610003.0
一级路南节制闸,2026-04-18 11:12:09,202610003.0
一级路南节制闸,2026-04-18 11:06:09,202610003.0
一级路南节制闸,2026-04-18 11:00:09,202610003.0
一级路南节制闸,2026-04-18 10:54:09,202610003.0
一级路南节制闸,2026-04-18 10:48:09,202610003.0
一级路南节制闸,2026-04-18 10:42:09,202610003.0
一级路南节制闸,2026-04-18 10:36:09,202610003.0
一级路南节制闸,2026-04-18 10:31:09,202610003.0
一级路南节制闸,2026-04-18 10:25:09,202610003.0
一级路南节制闸,2026-04-18 10:19:09,202610003.0
一级路南节制闸,2026-04-18 10:14:09,202610003.0
一级路南节制闸,2026-04-18 10:08:09,202610003.0
一级路南节制闸,2026-04-18 10:03:09,202610003.0
一级路南节制闸,2026-04-18 09:57:09,202610003.0
一级路南节制闸,2026-04-18 09:51:09,202610003.0
一级路南节制闸,2026-04-18 09:46:09,202610003.0
一级路南节制闸,2026-04-18 09:41:09,202610003.0
一级路南节制闸,2026-04-18 09:36:09,202610003.0
一级路南节制闸,2026-04-18 09:31:09,202610003.0
一级路南节制闸,2026-04-18 09:25:09,202610003.0
一级路南节制闸,2026-04-18 09:19:09,202610003.0
一级路南节制闸,2026-04-18 09:13:09,202610003.0
一级路南节制闸,2026-04-18 09:07:09,202610003.0
一级路南节制闸,2026-04-18 09:02:09,202610003.0
一级路南节制闸,2026-04-18 08:57:09,202610003.0
一级路南节制闸,2026-04-18 08:51:09,202610003.0
一级路南节制闸,2026-04-18 08:45:09,202610003.0
一级路南节制闸,2026-04-18 08:40:09,202610003.0
一级路南节制闸,2026-04-18 08:34:09,202610003.0
一级路南节制闸,2026-04-18 08:29:09,202610003.0
一级路南节制闸,2026-04-18 08:23:09,202610003.0
一级路南节制闸,2026-04-18 08:18:09,202610003.0
一级路南节制闸,2026-04-18 08:12:09,202610003.0
一级路南节制闸,2026-04-18 08:07:09,202610003.0
一级路南节制闸,2026-04-18 08:02:09,202610003.0
一级路南节制闸,2026-04-18 07:56:09,202610003.0
一级路南节制闸,2026-04-18 07:50:09,202610003.0
一级路南节制闸,2026-04-18 07:45:09,202610003.0
一级路南节制闸,2026-04-18 07:39:09,202610003.0
一级路南节制闸,2026-04-18 07:33:09,202610003.0
一级路南节制闸,2026-04-18 07:27:09,202610003.0
一级路南节制闸,2026-04-18 07:22:09,202610003.0
一级路南节制闸,2026-04-18 07:16:09,202610003.0
一级路南节制闸,2026-04-18 07:10:09,202610003.0
一级路南节制闸,2026-04-18 07:05:09,202610003.0
一级路南节制闸,2026-04-18 06:59:09,202610003.0
一级路南节制闸,2026-04-18 06:53:09,202610003.0
一级路南节制闸,2026-04-18 06:47:09,202610003.0
一级路南节制闸,2026-04-18 06:41:09,202610003.0
一级路南节制闸,2026-04-18 06:35:09,202610003.0
一级路南节制闸,2026-04-18 06:29:09,202610003.0
一级路南节制闸,2026-04-18 06:23:09,202610003.0
一级路南节制闸,2026-04-18 06:17:09,202610003.0
一级路南节制闸,2026-04-18 06:12:09,202610003.0
一级路南节制闸,2026-04-18 06:06:09,202610003.0
一级路南节制闸,2026-04-18 06:01:09,202610003.0
一级路南节制闸,2026-04-18 05:55:09,202610003.0
一级路南节制闸,2026-04-18 05:50:09,202610003.0
一级路南节制闸,2026-04-18 05:44:09,202610003.0
一级路南节制闸,2026-04-18 05:39:09,202610003.0
一级路南节制闸,2026-04-18 05:33:09,202610003.0
一级路南节制闸,2026-04-18 05:27:09,202610003.0
一级路南节制闸,2026-04-18 05:21:09,202610003.0
一级路南节制闸,2026-04-18 05:16:09,202610003.0
一级路南节制闸,2026-04-18 05:10:09,202610003.0
一级路南节制闸,2026-04-18 05:04:09,202610003.0
一级路南节制闸,2026-04-18 04:59:09,202610003.0
一级路南节制闸,2026-04-18 04:53:09,202610003.0
一级路南节制闸,2026-04-18 04:48:09,202610003.0
一级路南节制闸,2026-04-18 04:42:09,202610003.0
一级路南节制闸,2026-04-18 04:36:09,202610003.0
一级路南节制闸,2026-04-18 04:30:09,202610003.0
一级路南节制闸,2026-04-18 04:25:09,202610003.0
一级路南节制闸,2026-04-18 04:20:09,202610003.0
一级路南节制闸,2026-04-18 04:14:09,202610003.0
一级路南节制闸,2026-04-18 04:08:09,202610003.0
一级路南节制闸,2026-04-18 04:03:09,202610003.0
一级路南节制闸,2026-04-18 03:58:09,202610003.0
一级路南节制闸,2026-04-18 03:52:09,202610003.0
一级路南节制闸,2026-04-18 03:47:09,202610003.0
一级路南节制闸,2026-04-18 03:41:09,202610003.0
一级路南节制闸,2026-04-18 03:35:09,202610003.0
一级路南节制闸,2026-04-18 03:30:09,202610003.0
一级路南节制闸,2026-04-18 03:24:09,202610003.0
一级路南节制闸,2026-04-18 03:18:09,202610003.0
一级路南节制闸,2026-04-18 03:12:09,202610003.0
一级路南节制闸,2026-04-18 03:06:09,202610003.0
一级路南节制闸,2026-04-18 03:00:09,202610003.0
一级路南节制闸,2026-04-18 02:54:09,202610003.0
一级路南节制闸,2026-04-18 02:49:09,202610003.0
一级路南节制闸,2026-04-18 02:44:09,202610003.0
一级路南节制闸,2026-04-18 02:39:09,202610003.0
一级路南节制闸,2026-04-18 02:33:09,202610003.0
一级路南节制闸,2026-04-18 02:28:09,202610003.0
一级路南节制闸,2026-04-18 02:22:09,202610003.0
一级路南节制闸,2026-04-18 02:16:09,202610003.0
一级路南节制闸,2026-04-18 02:10:09,202610003.0
一级路南节制闸,2026-04-18 02:05:09,202610003.0
一级路南节制闸,2026-04-18 01:59:09,202610003.0
一级路南节制闸,2026-04-18 01:53:09,202610003.0
一级路南节制闸,2026-04-18 01:47:09,202610003.0
一级路南节制闸,2026-04-18 01:41:09,202610003.0
一级路南节制闸,2026-04-18 01:35:09,202610003.0
一级路南节制闸,2026-04-18 01:29:09,202610003.0
一级路南节制闸,2026-04-18 01:24:09,202610003.0
一级路南节制闸,2026-04-18 01:18:09,202610003.0
一级路南节制闸,2026-04-18 01:12:09,202610003.0
一级路南节制闸,2026-04-18 01:02:09,202610003.0
一级路南节制闸,2026-04-18 00:58:09,202610003.0
一级路南节制闸,2026-04-18 00:53:09,202610003.0
一级路南节制闸,2026-04-18 00:47:09,202610003.0
一级路南节制闸,2026-04-18 00:41:09,202610003.0
一级路南节制闸,2026-04-18 00:35:09,202610003.0
一级路南节制闸,2026-04-18 00:29:09,202610003.0
一级路南节制闸,2026-04-18 00:23:09,202610003.0
一级路南节制闸,2026-04-18 00:17:09,202610003.0
一级路南节制闸,2026-04-18 00:12:09,202610003.0
一级路南节制闸,2026-04-18 00:06:09,202610003.0
一级路南节制闸,2026-04-18 00:01:09,202610003.0
一级路南节制闸,2026-04-17 23:56:09,202610003.0
一级路南节制闸,2026-04-17 23:50:09,202610003.0
一级路南节制闸,2026-04-17 23:44:09,202610003.0
一级路南节制闸,2026-04-17 23:38:09,202610003.0
一级路南节制闸,2026-04-17 23:33:09,202610003.0
一级路南节制闸,2026-04-17 23:28:09,202610003.0
一级路南节制闸,2026-04-17 23:22:09,202610003.0
一级路南节制闸,2026-04-17 23:16:09,202610003.0
一级路南节制闸,2026-04-17 23:10:09,202610003.0
一级路南节制闸,2026-04-17 23:03:09,202610003.0
一级路南节制闸,2026-04-17 22:59:09,202610003.0
一级路南节制闸,2026-04-17 22:53:09,202610003.0
一级路南节制闸,2026-04-17 22:48:09,202610003.0
一级路南节制闸,2026-04-17 22:43:09,202610003.0
一级路南节制闸,2026-04-17 22:37:09,202610003.0
一级路南节制闸,2026-04-17 22:31:09,202610003.0
一级路南节制闸,2026-04-17 22:25:09,202610003.0
一级路南节制闸,2026-04-17 22:19:09,202610003.0
一级路南节制闸,2026-04-17 22:13:09,202610003.0
一级路南节制闸,2026-04-17 22:07:09,202610003.0
一级路南节制闸,2026-04-17 22:01:09,202610003.0
一级路南节制闸,2026-04-17 21:55:09,202610003.0
一级路南节制闸,2026-04-17 21:49:09,202610003.0
一级路南节制闸,2026-04-17 21:44:09,202610003.0
一级路南节制闸,2026-04-17 21:38:09,202610003.0
一级路南节制闸,2026-04-17 21:32:09,202610003.0
一级路南节制闸,2026-04-17 21:27:09,202610003.0
一级路南节制闸,2026-04-17 21:22:09,202610003.0
一级路南节制闸,2026-04-17 21:16:09,202610003.0
一级路南节制闸,2026-04-17 21:10:09,202610003.0
一级路南节制闸,2026-04-17 21:05:09,202610003.0
一级路南节制闸,2026-04-17 21:00:09,202610003.0
一级路南节制闸,2026-04-17 20:54:09,202610003.0
一级路南节制闸,2026-04-17 20:48:09,202610003.0
一级路南节制闸,2026-04-17 20:43:09,202610003.0
一级路南节制闸,2026-04-17 20:37:09,202610003.0
一级路南节制闸,2026-04-17 20:32:09,202610003.0
一级路南节制闸,2026-04-17 20:27:09,202610003.0
一级路南节制闸,2026-04-17 20:22:09,202610003.0
一级路南节制闸,2026-04-17 20:16:09,202610003.0
一级路南节制闸,2026-04-17 20:10:09,202610003.0
一级路南节制闸,2026-04-17 20:05:09,202610003.0
一级路南节制闸,2026-04-17 19:59:09,202610003.0
一级路南节制闸,2026-04-17 19:54:09,202610003.0
一级路南节制闸,2026-04-17 19:48:09,202610003.0
一级路南节制闸,2026-04-17 19:42:09,202610003.0
一级路南节制闸,2026-04-17 19:36:09,202610003.0
一级路南节制闸,2026-04-17 19:30:09,202610003.0
一级路南节制闸,2026-04-17 19:24:09,202610003.0
一级路南节制闸,2026-04-17 19:19:09,202610003.0
一级路南节制闸,2026-04-17 19:13:09,202610003.0
一级路南节制闸,2026-04-17 19:08:09,202610003.0
一级路南节制闸,2026-04-17 19:03:09,202610003.0
一级路南节制闸,2026-04-17 18:58:09,202610003.0
一级路南节制闸,2026-04-17 18:52:09,202610003.0
一级路南节制闸,2026-04-17 18:46:09,202610003.0
一级路南节制闸,2026-04-17 18:40:09,202610003.0
一级路南节制闸,2026-04-17 18:34:09,202610003.0
一级路南节制闸,2026-04-17 18:29:09,202610003.0
一级路南节制闸,2026-04-17 18:24:09,202610003.0
一级路南节制闸,2026-04-17 18:18:09,202610003.0
一级路南节制闸,2026-04-17 18:13:09,202610003.0
一级路南节制闸,2026-04-17 18:08:09,202610003.0
一级路南节制闸,2026-04-17 18:02:09,202610003.0
一级路南节制闸,2026-04-17 17:57:09,202610003.0
一级路南节制闸,2026-04-17 17:51:09,202610003.0
一级路南节制闸,2026-04-17 17:46:09,202610003.0
一级路南节制闸,2026-04-17 17:41:09,202610003.0
一级路南节制闸,2026-04-17 17:35:09,202610003.0
一级路南节制闸,2026-04-17 17:30:09,202610003.0
一级路南节制闸,2026-04-17 17:24:09,202610003.0
一级路南节制闸,2026-04-17 17:19:09,202610003.0
一级路南节制闸,2026-04-17 17:14:09,202610003.0
一级路南节制闸,2026-04-17 17:08:09,202610003.0
一级路南节制闸,2026-04-17 17:03:09,202610003.0
一级路南节制闸,2026-04-17 16:58:09,202610003.0
一级路南节制闸,2026-04-17 16:53:09,202610003.0
一级路南节制闸,2026-04-17 16:47:09,202610003.0
一级路南节制闸,2026-04-17 16:42:09,202610003.0
一级路南节制闸,2026-04-17 16:36:09,202610003.0
一级路南节制闸,2026-04-17 16:31:09,202610003.0
一级路南节制闸,2026-04-17 16:25:09,202610003.0
一级路南节制闸,2026-04-17 16:19:09,202610003.0
一级路南节制闸,2026-04-17 16:13:09,202610003.0
一级路南节制闸,2026-04-17 16:07:09,202610003.0
一级路南节制闸,2026-04-17 16:01:09,202610003.0
一级路南节制闸,2026-04-17 15:55:09,202610003.0
一级路南节制闸,2026-04-17 15:49:09,202610003.0
一级路南节制闸,2026-04-17 15:44:09,202610003.0
一级路南节制闸,2026-04-17 15:38:09,202610003.0
一级路南节制闸,2026-04-17 15:33:09,202610003.0
一级路南节制闸,2026-04-17 15:28:09,202610003.0
一级路南节制闸,2026-04-17 15:23:09,202610003.0
一级路南节制闸,2026-04-17 15:17:09,202610003.0
一级路南节制闸,2026-04-17 15:11:09,202610003.0
一级路南节制闸,2026-04-17 15:05:09,202610003.0
一级路南节制闸,2026-04-17 15:00:09,202610003.0
一级路南节制闸,2026-04-17 14:54:09,202610003.0
一级路南节制闸,2026-04-17 14:49:09,202610003.0
一级路南节制闸,2026-04-17 14:44:09,202610003.0
一级路南节制闸,2026-04-17 14:38:09,202610003.0
一级路南节制闸,2026-04-17 14:33:09,202610003.0
一级路南节制闸,2026-04-17 14:27:09,202610003.0
一级路南节制闸,2026-04-17 14:22:09,202610003.0
一级路南节制闸,2026-04-17 14:17:09,202610003.0
一级路南节制闸,2026-04-17 14:12:09,202610003.0
一级路南节制闸,2026-04-17 14:06:09,202610003.0
一级路南节制闸,2026-04-17 14:00:09,202610003.0
一级路南节制闸,2026-04-17 13:54:09,202610003.0
一级路南节制闸,2026-04-17 13:48:09,202610003.0
一级路南节制闸,2026-04-17 13:42:09,202610003.0
一级路南节制闸,2026-04-17 13:36:09,202610003.0
一级路南节制闸,2026-04-17 13:31:09,202610003.0
一级路南节制闸,2026-04-17 13:25:09,202610003.0
一级路南节制闸,2026-04-17 13:20:09,202610003.0
一级路南节制闸,2026-04-17 13:14:09,202610003.0
一级路南节制闸,2026-04-17 13:08:09,202610003.0
一级路南节制闸,2026-04-17 13:02:09,202610003.0
一级路南节制闸,2026-04-17 12:57:09,202610003.0
一级路南节制闸,2026-04-17 12:51:09,202610003.0
一级路南节制闸,2026-04-17 12:46:09,202610003.0
一级路南节制闸,2026-04-17 12:40:09,202610003.0
一级路南节制闸,2026-04-17 12:34:09,202610003.0
一级路南节制闸,2026-04-17 12:29:09,202610003.0
一级路南节制闸,2026-04-17 12:23:09,202610003.0
一级路南节制闸,2026-04-17 12:17:09,202610003.0
一级路南节制闸,2026-04-17 12:12:09,202610003.0
一级路南节制闸,2026-04-17 12:06:09,202610003.0
一级路南节制闸,2026-04-17 12:00:09,202610003.0
一级路南节制闸,2026-04-17 11:54:09,202610003.0
一级路南节制闸,2026-04-17 11:48:09,202610003.0
一级路南节制闸,2026-04-17 11:42:09,202610003.0
一级路南节制闸,2026-04-17 11:36:09,202610003.0
一级路南节制闸,2026-04-17 11:30:09,202610003.0
一级路南节制闸,2026-04-17 11:24:09,202610003.0
一级路南节制闸,2026-04-17 11:18:09,202610003.0
一级路南节制闸,2026-04-17 11:13:09,202610003.0
一级路南节制闸,2026-04-17 11:07:09,202610003.0
一级路南节制闸,2026-04-17 11:02:09,202610003.0
一级路南节制闸,2026-04-17 10:56:09,202610003.0
一级路南节制闸,2026-04-17 10:51:09,202610003.0
一级路南节制闸,2026-04-17 10:45:09,202610003.0
一级路南节制闸,2026-04-17 10:39:09,202610003.0
一级路南节制闸,2026-04-17 10:34:09,202610003.0
一级路南节制闸,2026-04-17 10:29:09,202610003.0
一级路南节制闸,2026-04-17 10:23:09,202610003.0
一级路南节制闸,2026-04-17 10:17:09,202610003.0
一级路南节制闸,2026-04-17 10:11:09,202610003.0
一级路南节制闸,2026-04-17 10:05:09,202610003.0
一级路南节制闸,2026-04-17 09:59:09,202610003.0
一级路南节制闸,2026-04-17 09:54:09,202610003.0
一级路南节制闸,2026-04-17 09:48:09,202610003.0
一级路南节制闸,2026-04-17 09:42:09,202610003.0
一级路南节制闸,2026-04-17 09:37:09,202610003.0
一级路南节制闸,2026-04-17 09:31:09,202610003.0
一级路南节制闸,2026-04-17 09:26:09,202610003.0
一级路南节制闸,2026-04-17 09:21:09,202610003.0
一级路南节制闸,2026-04-17 09:15:09,202610003.0
一级路南节制闸,2026-04-17 09:10:09,202610003.0
一级路南节制闸,2026-04-17 09:05:09,202610003.0
一级路南节制闸,2026-04-17 09:00:09,202610003.0
一级路南节制闸,2026-04-17 08:54:09,202610003.0
一级路南节制闸,2026-04-17 08:48:09,202610003.0
一级路南节制闸,2026-04-17 08:42:09,202610003.0
一级路南节制闸,2026-04-17 08:37:09,202610003.0
一级路南节制闸,2026-04-17 08:31:09,202610003.0
一级路南节制闸,2026-04-17 08:25:09,202610003.0
一级路南节制闸,2026-04-17 08:19:09,202610003.0
一级路南节制闸,2026-04-17 08:13:09,202610003.0
一级路南节制闸,2026-04-17 08:07:09,202610003.0
一级路南节制闸,2026-04-17 08:02:09,202610003.0
一级路南节制闸,2026-04-17 07:56:09,202610003.0
一级路南节制闸,2026-04-17 07:50:09,202610003.0
一级路南节制闸,2026-04-17 07:45:09,202610003.0
一级路南节制闸,2026-04-17 07:39:09,202610003.0
一级路南节制闸,2026-04-17 07:33:09,202610003.0
一级路南节制闸,2026-04-17 07:28:09,202610003.0
一级路南节制闸,2026-04-17 07:22:09,202610003.0
一级路南节制闸,2026-04-17 07:16:09,202610003.0
一级路南节制闸,2026-04-17 07:11:09,202610003.0
一级路南节制闸,2026-04-17 07:05:09,202610003.0
一级路南节制闸,2026-04-17 07:00:09,202610003.0
一级路南节制闸,2026-04-17 06:54:09,202610003.0
一级路南节制闸,2026-04-17 06:48:09,202610003.0
一级路南节制闸,2026-04-17 06:42:09,202610003.0
一级路南节制闸,2026-04-17 06:36:09,202610003.0
一级路南节制闸,2026-04-17 06:30:09,202610003.0
一级路南节制闸,2026-04-17 06:25:09,202610003.0
一级路南节制闸,2026-04-17 06:20:09,202610003.0
一级路南节制闸,2026-04-17 06:15:09,202610003.0
一级路南节制闸,2026-04-17 06:10:09,202610003.0
一级路南节制闸,2026-04-17 06:05:09,202610003.0
一级路南节制闸,2026-04-17 05:59:09,202610003.0
一级路南节制闸,2026-04-17 05:53:09,202610003.0
一级路南节制闸,2026-04-17 05:47:09,202610003.0
一级路南节制闸,2026-04-17 05:41:09,202610003.0
一级路南节制闸,2026-04-17 05:35:09,202610003.0
一级路南节制闸,2026-04-17 05:30:09,202610003.0
一级路南节制闸,2026-04-17 05:25:09,202610003.0
一级路南节制闸,2026-04-17 05:19:09,202610003.0
一级路南节制闸,2026-04-17 05:13:09,202610003.0
一级路南节制闸,2026-04-17 05:08:09,202610003.0
一级路南节制闸,2026-04-17 05:02:09,202610003.0
一级路南节制闸,2026-04-17 04:57:09,202610003.0
一级路南节制闸,2026-04-17 04:51:09,202610003.0
一级路南节制闸,2026-04-17 04:45:09,202610003.0
一级路南节制闸,2026-04-17 04:40:09,202610003.0
一级路南节制闸,2026-04-17 04:35:09,202610003.0
一级路南节制闸,2026-04-17 04:29:09,202610003.0
一级路南节制闸,2026-04-17 04:23:09,202610003.0
一级路南节制闸,2026-04-17 04:17:09,202610003.0
一级路南节制闸,2026-04-17 04:11:09,202610003.0
一级路南节制闸,2026-04-17 04:06:09,202610003.0
一级路南节制闸,2026-04-17 04:00:09,202610003.0
一级路南节制闸,2026-04-17 03:54:09,202610003.0
一级路南节制闸,2026-04-17 03:49:09,202610003.0
一级路南节制闸,2026-04-17 03:44:09,202610003.0
一级路南节制闸,2026-04-17 03:39:09,202610003.0
一级路南节制闸,2026-04-17 03:33:09,202610003.0
一级路南节制闸,2026-04-17 03:28:09,202610003.0
一级路南节制闸,2026-04-17 03:23:09,202610003.0
一级路南节制闸,2026-04-17 03:17:09,202610003.0
一级路南节制闸,2026-04-17 03:11:09,202610003.0
一级路南节制闸,2026-04-17 03:05:09,202610003.0
一级路南节制闸,2026-04-17 02:59:09,202610003.0
一级路南节制闸,2026-04-17 02:54:09,202610003.0
一级路南节制闸,2026-04-17 02:49:09,202610003.0
一级路南节制闸,2026-04-17 02:44:09,202610003.0
一级路南节制闸,2026-04-17 02:38:09,202610003.0
一级路南节制闸,2026-04-17 02:33:09,202610003.0
一级路南节制闸,2026-04-17 02:28:09,202610003.0
一级路南节制闸,2026-04-17 02:22:09,202610003.0
一级路南节制闸,2026-04-17 02:17:09,202610003.0
一级路南节制闸,2026-04-17 02:12:09,202610003.0
一级路南节制闸,2026-04-17 02:06:09,202610003.0
一级路南节制闸,2026-04-17 02:00:09,202610003.0
一级路南节制闸,2026-04-17 01:54:09,202610003.0
一级路南节制闸,2026-04-17 01:49:09,202610003.0
一级路南节制闸,2026-04-17 01:44:09,202610003.0
一级路南节制闸,2026-04-17 01:38:09,202610003.0
一级路南节制闸,2026-04-17 01:32:09,202610003.0
一级路南节制闸,2026-04-17 01:26:09,202610003.0
一级路南节制闸,2026-04-17 01:20:09,202610003.0
一级路南节制闸,2026-04-17 01:15:09,202610003.0
一级路南节制闸,2026-04-17 01:09:09,202610003.0
一级路南节制闸,2026-04-17 01:03:09,202610003.0
一级路南节制闸,2026-04-17 00:57:09,202610003.0
一级路南节制闸,2026-04-17 00:52:09,202610003.0
一级路南节制闸,2026-04-17 00:47:09,202610003.0
一级路南节制闸,2026-04-17 00:41:09,202610003.0
一级路南节制闸,2026-04-17 00:36:09,202610003.0
一级路南节制闸,2026-04-17 00:30:09,202610003.0
一级路南节制闸,2026-04-17 00:24:09,202610003.0
一级路南节制闸,2026-04-17 00:19:09,202610003.0
一级路南节制闸,2026-04-17 00:13:09,202610003.0
一级路南节制闸,2026-04-17 00:07:09,202610003.0
一级路南节制闸,2026-04-17 00:01:09,202610003.0
一级路南节制闸,2026-04-16 23:55:09,202610003.0
一级路南节制闸,2026-04-16 23:49:09,202610003.0
一级路南节制闸,2026-04-16 23:43:09,202610003.0
一级路南节制闸,2026-04-16 23:37:09,202610003.0
一级路南节制闸,2026-04-16 23:32:09,202610003.0
一级路南节制闸,2026-04-16 23:26:09,202610003.0
一级路南节制闸,2026-04-16 23:20:09,202610003.0
一级路南节制闸,2026-04-16 23:15:09,202610003.0
一级路南节制闸,2026-04-16 23:09:09,202610003.0
一级路南节制闸,2026-04-16 23:02:09,202610003.0
一级路南节制闸,2026-04-16 22:57:09,202610003.0
一级路南节制闸,2026-04-16 22:51:09,202610003.0
一级路南节制闸,2026-04-16 22:46:09,202610003.0
一级路南节制闸,2026-04-16 22:41:09,202610003.0
一级路南节制闸,2026-04-16 22:36:09,202610003.0
一级路南节制闸,2026-04-16 22:31:09,202610003.0
一级路南节制闸,2026-04-16 22:26:09,202610003.0
一级路南节制闸,2026-04-16 22:20:09,202610003.0
一级路南节制闸,2026-04-16 22:14:09,202610003.0
一级路南节制闸,2026-04-16 22:09:09,202610003.0
一级路南节制闸,2026-04-16 22:03:09,202610003.0
一级路南节制闸,2026-04-16 21:58:09,202610003.0
一级路南节制闸,2026-04-16 21:52:09,202610003.0
一级路南节制闸,2026-04-16 21:46:09,202610003.0
一级路南节制闸,2026-04-16 21:41:09,202610003.0
一级路南节制闸,2026-04-16 21:35:09,202610003.0
一级路南节制闸,2026-04-16 21:29:09,202610003.0
一级路南节制闸,2026-04-16 21:23:09,202610003.0
一级路南节制闸,2026-04-16 21:18:09,202610003.0
一级路南节制闸,2026-04-16 21:12:09,202610003.0
一级路南节制闸,2026-04-16 21:07:09,202610003.0
一级路南节制闸,2026-04-16 21:02:09,202610003.0
一级路南节制闸,2026-04-16 20:57:09,202610003.0
一级路南节制闸,2026-04-16 20:52:09,202610003.0
一级路南节制闸,2026-04-16 20:47:09,202610003.0
一级路南节制闸,2026-04-16 20:41:09,202610003.0
一级路南节制闸,2026-04-16 20:35:09,202610003.0
一级路南节制闸,2026-04-16 20:29:09,202610003.0
一级路南节制闸,2026-04-16 20:23:09,202610003.0
一级路南节制闸,2026-04-16 20:18:09,202610003.0
一级路南节制闸,2026-04-16 20:12:09,202610003.0
一级路南节制闸,2026-04-16 20:06:09,202610003.0
一级路南节制闸,2026-04-16 20:01:09,202610003.0
一级路南节制闸,2026-04-16 19:55:09,202610003.0
一级路南节制闸,2026-04-16 19:49:09,202610003.0
一级路南节制闸,2026-04-16 19:44:09,202610003.0
一级路南节制闸,2026-04-16 19:38:09,202610003.0
一级路南节制闸,2026-04-16 19:33:09,202610003.0
一级路南节制闸,2026-04-16 19:27:09,202610003.0
一级路南节制闸,2026-04-16 19:22:09,202610003.0
一级路南节制闸,2026-04-16 19:17:09,202610003.0
一级路南节制闸,2026-04-16 19:11:09,202610003.0
一级路南节制闸,2026-04-16 19:05:09,202610003.0
一级路南节制闸,2026-04-16 19:00:09,202610003.0
一级路南节制闸,2026-04-16 18:55:09,202610003.0
一级路南节制闸,2026-04-16 18:49:09,202610003.0
一级路南节制闸,2026-04-16 18:44:09,202610003.0
一级路南节制闸,2026-04-16 18:38:09,202610003.0
一级路南节制闸,2026-04-16 18:32:09,202610003.0
一级路南节制闸,2026-04-16 18:27:09,202610003.0
一级路南节制闸,2026-04-16 18:22:09,202610003.0
一级路南节制闸,2026-04-16 18:16:09,202610003.0
一级路南节制闸,2026-04-16 18:10:09,202610003.0
一级路南节制闸,2026-04-16 18:05:09,202610003.0
一级路南节制闸,2026-04-16 18:00:09,202610003.0
一级路南节制闸,2026-04-16 17:54:09,202610003.0
一级路南节制闸,2026-04-16 17:49:09,202610003.0
一级路南节制闸,2026-04-16 17:43:09,202610003.0
一级路南节制闸,2026-04-16 17:37:09,202610003.0
一级路南节制闸,2026-04-16 17:32:09,202610003.0
一级路南节制闸,2026-04-16 17:26:09,202610003.0
一级路南节制闸,2026-04-16 17:21:09,202610003.0
一级路南节制闸,2026-04-16 17:15:09,202610003.0
一级路南节制闸,2026-04-16 17:10:09,202610003.0
一级路南节制闸,2026-04-16 17:05:09,202610003.0
一级路南节制闸,2026-04-16 17:00:09,202610003.0
一级路南节制闸,2026-04-16 16:55:09,202610003.0
一级路南节制闸,2026-04-16 16:49:09,202610003.0
一级路南节制闸,2026-04-16 16:44:09,202610003.0
一级路南节制闸,2026-04-16 16:39:09,202610003.0
一级路南节制闸,2026-04-16 16:33:09,202610003.0
一级路南节制闸,2026-04-16 16:27:09,202610003.0
一级路南节制闸,2026-04-16 16:21:09,202610003.0
一级路南节制闸,2026-04-16 16:16:09,202610003.0
一级路南节制闸,2026-04-16 16:10:09,202610003.0
一级路南节制闸,2026-04-16 16:04:09,202610003.0
一级路南节制闸,2026-04-16 15:59:09,202610003.0
一级路南节制闸,2026-04-16 15:54:09,202610003.0
一级路南节制闸,2026-04-16 15:48:09,202610003.0
一级路南节制闸,2026-04-16 15:43:09,202610003.0
一级路南节制闸,2026-04-16 15:37:09,202610003.0
一级路南节制闸,2026-04-16 15:31:09,202610003.0
一级路南节制闸,2026-04-16 15:25:09,202610003.0
一级路南节制闸,2026-04-16 15:19:09,202610003.0
一级路南节制闸,2026-04-16 15:13:09,202610003.0
一级路南节制闸,2026-04-16 15:07:09,202610003.0
一级路南节制闸,2026-04-16 15:02:09,202610003.0
一级路南节制闸,2026-04-16 14:56:09,202610003.0
一级路南节制闸,2026-04-16 14:51:09,202610003.0
一级路南节制闸,2026-04-16 14:45:09,202610003.0
一级路南节制闸,2026-04-16 14:40:09,202610003.0
一级路南节制闸,2026-04-16 14:34:09,202610003.0
一级路南节制闸,2026-04-16 14:28:09,202610003.0
一级路南节制闸,2026-04-16 14:22:09,202610003.0
一级路南节制闸,2026-04-16 14:16:09,202610003.0
一级路南节制闸,2026-04-16 14:10:09,202610003.0
一级路南节制闸,2026-04-16 14:04:09,202610003.0
一级路南节制闸,2026-04-16 13:59:09,202610003.0
一级路南节制闸,2026-04-16 13:53:09,202610003.0
一级路南节制闸,2026-04-16 13:47:09,202610003.0
一级路南节制闸,2026-04-16 13:41:09,202610003.0
一级路南节制闸,2026-04-16 13:35:09,202610003.0
一级路南节制闸,2026-04-16 13:30:09,202610003.0
一级路南节制闸,2026-04-16 13:24:09,202610003.0
一级路南节制闸,2026-04-16 13:19:09,202610003.0
一级路南节制闸,2026-04-16 13:13:09,202610003.0
一级路南节制闸,2026-04-16 13:08:09,202610003.0
一级路南节制闸,2026-04-16 13:02:09,202610003.0
一级路南节制闸,2026-04-16 12:56:09,202610003.0
一级路南节制闸,2026-04-16 12:50:09,202610003.0
一级路南节制闸,2026-04-16 12:45:09,202610003.0
一级路南节制闸,2026-04-16 12:39:09,202610003.0
一级路南节制闸,2026-04-16 12:33:09,202610003.0
一级路南节制闸,2026-04-16 12:28:09,202610003.0
一级路南节制闸,2026-04-16 12:22:09,202610003.0
一级路南节制闸,2026-04-16 12:17:09,202610003.0
一级路南节制闸,2026-04-16 12:12:09,202610003.0
一级路南节制闸,2026-04-16 12:06:09,202610003.0
一级路南节制闸,2026-04-16 12:00:09,202610003.0
一级路南节制闸,2026-04-16 11:55:09,202610003.0
一级路南节制闸,2026-04-16 11:49:09,202610003.0
一级路南节制闸,2026-04-16 11:43:09,202610003.0
一级路南节制闸,2026-04-16 11:38:09,202610003.0
一级路南节制闸,2026-04-16 11:32:09,202610003.0
一级路南节制闸,2026-04-16 11:26:09,202610003.0
一级路南节制闸,2026-04-16 11:20:09,202610003.0
一级路南节制闸,2026-04-16 11:14:09,202610003.0
一级路南节制闸,2026-04-16 11:08:09,202610003.0
一级路南节制闸,2026-04-16 11:03:09,202610003.0
一级路南节制闸,2026-04-16 10:58:09,202610003.0
一级路南节制闸,2026-04-16 10:52:09,202610003.0
一级路南节制闸,2026-04-16 10:47:09,202610003.0
一级路南节制闸,2026-04-16 10:42:09,202610003.0
一级路南节制闸,2026-04-16 10:37:08,202610003.0
一级路南节制闸,2026-04-16 10:31:09,202610003.0
一级路南节制闸,2026-04-16 10:25:09,202610003.0
一级路南节制闸,2026-04-16 10:20:09,202610003.0
一级路南节制闸,2026-04-16 10:14:09,202610003.0
一级路南节制闸,2026-04-16 10:08:09,202610003.0
一级路南节制闸,2026-04-16 10:03:09,202610003.0
一级路南节制闸,2026-04-16 09:58:08,202610003.0
一级路南节制闸,2026-04-16 09:52:09,202610003.0
一级路南节制闸,2026-04-16 09:47:09,202610003.0
一级路南节制闸,2026-04-16 09:41:09,202610003.0
一级路南节制闸,2026-04-16 09:35:09,202610003.0
一级路南节制闸,2026-04-16 09:29:09,202610003.0
一级路南节制闸,2026-04-16 09:23:09,202610003.0
一级路南节制闸,2026-04-16 09:17:09,202610003.0
一级路南节制闸,2026-04-16 09:12:09,202610003.0
一级路南节制闸,2026-04-16 09:06:09,202610003.0
一级路南节制闸,2026-04-16 09:00:09,202610003.0
一级路南节制闸,2026-04-16 08:54:09,202610003.0
一级路南节制闸,2026-04-16 08:48:08,202610003.0
一级路南节制闸,2026-04-16 08:42:08,202610003.0
一级路南节制闸,2026-04-16 08:36:09,202610003.0
一级路南节制闸,2026-04-16 08:30:09,202610003.0
一级路南节制闸,2026-04-16 08:25:08,202610003.0
一级路南节制闸,2026-04-16 08:19:09,202610003.0
一级路南节制闸,2026-04-16 08:14:09,202610003.0
一级路南节制闸,2026-04-16 08:08:09,202610003.0
一级路南节制闸,2026-04-16 08:02:09,202610003.0
一级路南节制闸,2026-04-16 07:56:09,202610003.0
一级路南节制闸,2026-04-16 07:50:09,202610003.0
一级路南节制闸,2026-04-16 07:45:09,202610003.0
一级路南节制闸,2026-04-16 07:40:09,202610003.0
一级路南节制闸,2026-04-16 07:34:08,202610003.0
一级路南节制闸,2026-04-16 07:28:12,202610003.0
一级路南节制闸,2026-04-16 07:22:09,202610003.0
一级路南节制闸,2026-04-16 07:17:09,202610003.0
一级路南节制闸,2026-04-16 07:12:08,202610003.0
一级路南节制闸,2026-04-16 07:06:09,202610003.0
一级路南节制闸,2026-04-16 07:00:09,202610003.0
一级路南节制闸,2026-04-16 06:55:08,202610003.0
一级路南节制闸,2026-04-16 06:49:14,202610003.0
一级路南节制闸,2026-04-16 06:44:09,202610003.0
一级路南节制闸,2026-04-16 06:39:08,202610003.0
一级路南节制闸,2026-04-16 06:33:08,202610003.0
一级路南节制闸,2026-04-16 06:28:08,202610003.0
一级路南节制闸,2026-04-16 06:22:08,202610003.0
一级路南节制闸,2026-04-16 06:17:08,202610003.0
一级路南节制闸,2026-04-16 06:11:09,202610003.0
一级路南节制闸,2026-04-16 06:06:08,202610003.0
一级路南节制闸,2026-04-16 06:00:09,202610003.0
一级路南节制闸,2026-04-16 05:54:08,202610003.0
一级路南节制闸,2026-04-16 05:48:09,202610003.0
一级路南节制闸,2026-04-16 05:42:09,202610003.0
一级路南节制闸,2026-04-16 05:36:08,202610003.0
一级路南节制闸,2026-04-16 05:30:09,202610003.0
一级路南节制闸,2026-04-16 05:25:08,202610003.0
一级路南节制闸,2026-04-16 05:20:08,202610003.0
一级路南节制闸,2026-04-16 05:14:08,202610003.0
一级路南节制闸,2026-04-16 05:08:09,202610003.0
一级路南节制闸,2026-04-16 05:03:08,202610003.0
一级路南节制闸,2026-04-16 04:57:08,202610003.0
一级路南节制闸,2026-04-16 04:51:08,202610003.0
一级路南节制闸,2026-04-16 04:45:08,202610003.0
一级路南节制闸,2026-04-16 04:40:08,202610003.0
一级路南节制闸,2026-04-16 04:34:08,202610003.0
一级路南节制闸,2026-04-16 04:29:08,202610003.0
一级路南节制闸,2026-04-16 04:24:08,202610003.0
一级路南节制闸,2026-04-16 04:18:08,202610003.0
一级路南节制闸,2026-04-16 04:13:08,202610003.0
一级路南节制闸,2026-04-16 04:08:08,202610003.0
一级路南节制闸,2026-04-16 04:02:08,202610003.0
一级路南节制闸,2026-04-16 03:57:08,202610003.0
一级路南节制闸,2026-04-16 03:51:08,202610003.0
一级路南节制闸,2026-04-16 03:46:08,202610003.0
一级路南节制闸,2026-04-16 03:41:08,202610003.0
一级路南节制闸,2026-04-16 03:35:08,202610003.0
一级路南节制闸,2026-04-16 03:30:08,202610003.0
一级路南节制闸,2026-04-16 03:24:08,202610003.0
一级路南节制闸,2026-04-16 03:18:08,202610003.0
一级路南节制闸,2026-04-16 03:12:08,202610003.0
一级路南节制闸,2026-04-16 03:06:08,202610003.0
一级路南节制闸,2026-04-16 03:00:08,202610003.0
一级路南节制闸,2026-04-16 02:55:08,202610003.0
一级路南节制闸,2026-04-16 02:49:08,202610003.0
一级路南节制闸,2026-04-16 02:43:08,202610003.0
一级路南节制闸,2026-04-16 02:38:08,202610003.0
一级路南节制闸,2026-04-16 02:33:08,202610003.0
一级路南节制闸,2026-04-16 02:27:08,202610003.0
一级路南节制闸,2026-04-16 02:21:08,202610003.0
一级路南节制闸,2026-04-16 02:15:08,202610003.0
一级路南节制闸,2026-04-16 02:09:08,202610003.0
一级路南节制闸,2026-04-16 02:03:08,202610003.0
一级路南节制闸,2026-04-16 01:57:08,202610003.0
一级路南节制闸,2026-04-16 01:51:08,202610003.0
一级路南节制闸,2026-04-16 01:46:08,202610003.0
一级路南节制闸,2026-04-16 01:41:08,202610003.0
一级路南节制闸,2026-04-16 01:36:08,202610003.0
一级路南节制闸,2026-04-16 01:30:08,202610003.0
一级路南节制闸,2026-04-16 01:25:08,202610003.0
一级路南节制闸,2026-04-16 01:19:08,202610003.0
一级路南节制闸,2026-04-16 01:13:08,202610003.0
一级路南节制闸,2026-04-16 01:08:08,202610003.0
一级路南节制闸,2026-04-16 01:02:08,202610003.0
一级路南节制闸,2026-04-16 00:56:08,202610003.0
一级路南节制闸,2026-04-16 00:50:08,202610003.0
一级路南节制闸,2026-04-16 00:45:08,202610003.0
一级路南节制闸,2026-04-16 00:39:08,202610003.0
一级路南节制闸,2026-04-16 00:34:08,202610003.0
一级路南节制闸,2026-04-16 00:28:08,202610003.0
一级路南节制闸,2026-04-16 00:23:08,202610003.0
一级路南节制闸,2026-04-16 00:17:08,202610003.0
一级路南节制闸,2026-04-16 00:12:08,202610003.0
一级路南节制闸,2026-04-16 00:07:08,202610003.0
一级路南节制闸,2026-04-16 00:02:08,202610003.0
一级路南节制闸,2026-04-15 23:56:08,202610003.0
一级路南节制闸,2026-04-15 23:50:08,202610003.0
一级路南节制闸,2026-04-15 23:45:08,202610003.0
一级路南节制闸,2026-04-15 23:39:08,202610003.0
一级路南节制闸,2026-04-15 23:33:08,202610003.0
一级路南节制闸,2026-04-15 23:27:08,202610003.0
一级路南节制闸,2026-04-15 23:22:08,202610003.0
一级路南节制闸,2026-04-15 23:17:08,202610003.0
一级路南节制闸,2026-04-15 23:12:08,202610003.0
一级路南节制闸,2026-04-15 23:05:08,202610003.0
一级路南节制闸,2026-04-15 23:01:08,202610003.0
一级路南节制闸,2026-04-15 22:55:08,202610003.0
一级路南节制闸,2026-04-15 22:50:08,202610003.0
一级路南节制闸,2026-04-15 22:44:08,202610003.0
一级路南节制闸,2026-04-15 22:38:08,202610003.0
一级路南节制闸,2026-04-15 22:33:08,202610003.0
一级路南节制闸,2026-04-15 22:27:08,202610003.0
一级路南节制闸,2026-04-15 22:21:08,202610003.0
一级路南节制闸,2026-04-15 22:15:08,202610003.0
一级路南节制闸,2026-04-15 22:10:08,202610003.0
一级路南节制闸,2026-04-15 22:04:08,202610003.0
一级路南节制闸,2026-04-15 21:58:08,202610003.0
一级路南节制闸,2026-04-15 21:53:08,202610003.0
一级路南节制闸,2026-04-15 21:48:08,202610003.0
一级路南节制闸,2026-04-15 21:42:08,202610003.0
一级路南节制闸,2026-04-15 21:36:08,202610003.0
一级路南节制闸,2026-04-15 21:30:08,202610003.0
一级路南节制闸,2026-04-15 21:24:08,202610003.0
一级路南节制闸,2026-04-15 21:19:08,202610003.0
一级路南节制闸,2026-04-15 21:13:08,202610003.0
一级路南节制闸,2026-04-15 21:07:08,202610003.0
一级路南节制闸,2026-04-15 21:01:08,202610003.0
一级路南节制闸,2026-04-15 20:56:08,202610003.0
一级路南节制闸,2026-04-15 20:50:08,202610003.0
一级路南节制闸,2026-04-15 20:45:08,202610003.0
一级路南节制闸,2026-04-15 20:39:08,202610003.0
一级路南节制闸,2026-04-15 20:34:08,202610003.0
一级路南节制闸,2026-04-15 20:28:08,202610003.0
一级路南节制闸,2026-04-15 20:23:08,202610003.0
一级路南节制闸,2026-04-15 20:17:08,202610003.0
一级路南节制闸,2026-04-15 20:12:08,202610003.0
一级路南节制闸,2026-04-15 20:06:08,202610003.0
一级路南节制闸,2026-04-15 20:01:08,202610003.0
一级路南节制闸,2026-04-15 19:55:08,202610003.0
一级路南节制闸,2026-04-15 19:50:08,202610003.0
一级路南节制闸,2026-04-15 19:45:08,202610003.0
一级路南节制闸,2026-04-15 19:39:08,202610003.0
一级路南节制闸,2026-04-15 19:33:08,202610003.0
一级路南节制闸,2026-04-15 19:27:08,202610003.0
一级路南节制闸,2026-04-15 19:22:08,202610003.0
一级路南节制闸,2026-04-15 19:16:08,202610003.0
一级路南节制闸,2026-04-15 19:11:08,202610003.0
一级路南节制闸,2026-04-15 19:06:08,202610003.0
一级路南节制闸,2026-04-15 19:00:08,202610003.0
一级路南节制闸,2026-04-15 18:54:08,202610003.0
一级路南节制闸,2026-04-15 18:49:08,202610003.0
一级路南节制闸,2026-04-15 18:44:08,202610003.0
一级路南节制闸,2026-04-15 18:38:08,202610003.0
一级路南节制闸,2026-04-15 18:33:08,202610003.0
一级路南节制闸,2026-04-15 18:27:08,202610003.0
一级路南节制闸,2026-04-15 18:22:08,202610003.0
一级路南节制闸,2026-04-15 18:16:08,202610003.0
一级路南节制闸,2026-04-15 18:11:08,202610003.0
一级路南节制闸,2026-04-15 18:05:08,202610003.0
一级路南节制闸,2026-04-15 17:59:08,202610003.0
一级路南节制闸,2026-04-15 17:53:08,202610003.0
一级路南节制闸,2026-04-15 17:48:08,202610003.0
一级路南节制闸,2026-04-15 17:42:08,202610003.0
一级路南节制闸,2026-04-15 17:37:08,202610003.0
一级路南节制闸,2026-04-15 17:31:08,202610003.0
一级路南节制闸,2026-04-15 17:25:08,202610003.0
一级路南节制闸,2026-04-15 17:19:08,202610003.0
一级路南节制闸,2026-04-15 17:14:08,202610003.0
一级路南节制闸,2026-04-15 17:09:08,202610003.0
一级路南节制闸,2026-04-15 17:04:08,202610003.0
一级路南节制闸,2026-04-15 16:58:08,202610003.0
一级路南节制闸,2026-04-15 16:52:08,202610003.0
一级路南节制闸,2026-04-15 16:46:08,202610003.0
一级路南节制闸,2026-04-15 16:40:08,202610003.0
一级路南节制闸,2026-04-15 16:34:08,202610003.0
一级路南节制闸,2026-04-15 16:29:08,202610003.0
一级路南节制闸,2026-04-15 16:24:08,202610003.0
一级路南节制闸,2026-04-15 16:18:08,202610003.0
一级路南节制闸,2026-04-15 16:12:08,202610003.0
一级路南节制闸,2026-04-15 16:07:08,202610003.0
一级路南节制闸,2026-04-15 16:02:08,202610003.0
一级路南节制闸,2026-04-15 15:57:08,202610003.0
一级路南节制闸,2026-04-15 15:51:08,202610003.0
一级路南节制闸,2026-04-15 15:45:08,202610003.0
一级路南节制闸,2026-04-15 15:39:08,202610003.0
一级路南节制闸,2026-04-15 15:33:08,202610003.0
一级路南节制闸,2026-04-15 15:27:08,202610003.0
一级路南节制闸,2026-04-15 15:21:08,202610003.0
一级路南节制闸,2026-04-15 15:15:08,202610003.0
一级路南节制闸,2026-04-15 15:10:08,202610003.0
一级路南节制闸,2026-04-15 15:04:08,202610003.0
一级路南节制闸,2026-04-15 14:58:08,202610003.0
一级路南节制闸,2026-04-15 14:53:08,202610003.0
一级路南节制闸,2026-04-15 14:48:08,202610003.0
一级路南节制闸,2026-04-15 14:42:08,202610003.0
一级路南节制闸,2026-04-15 14:37:08,202610003.0
一级路南节制闸,2026-04-15 14:32:08,202610003.0
一级路南节制闸,2026-04-15 14:26:08,202610003.0
一级路南节制闸,2026-04-15 14:20:08,202610003.0
一级路南节制闸,2026-04-15 14:15:08,202610003.0
一级路南节制闸,2026-04-15 14:09:10,202610003.0
一级路南节制闸,2026-04-15 14:04:08,202610003.0
一级路南节制闸,2026-04-15 13:59:08,202610003.0
一级路南节制闸,2026-04-15 13:53:08,202610003.0
一级路南节制闸,2026-04-15 13:47:08,202610003.0
一级路南节制闸,2026-04-15 13:42:08,202610003.0
一级路南节制闸,2026-04-15 13:37:08,202610003.0
一级路南节制闸,2026-04-15 13:31:08,202610003.0
一级路南节制闸,2026-04-15 13:25:08,202610003.0
一级路南节制闸,2026-04-15 13:19:08,202610003.0
一级路南节制闸,2026-04-15 13:14:08,202610003.0
一级路南节制闸,2026-04-15 13:09:08,202610003.0
一级路南节制闸,2026-04-15 13:03:08,202610003.0
一级路南节制闸,2026-04-15 12:58:08,202610003.0
一级路南节制闸,2026-04-15 12:52:08,202610003.0
一级路南节制闸,2026-04-15 12:46:08,202610003.0
一级路南节制闸,2026-04-15 12:40:08,202610003.0
一级路南节制闸,2026-04-15 12:35:08,202610003.0
一级路南节制闸,2026-04-15 12:29:08,202610003.0
一级路南节制闸,2026-04-15 12:24:08,202610003.0
一级路南节制闸,2026-04-15 12:18:08,202610003.0
一级路南节制闸,2026-04-15 12:12:08,202610003.0
一级路南节制闸,2026-04-15 12:06:08,202610003.0
一级路南节制闸,2026-04-15 11:05:41,202610003.0
一级路南节制闸,2026-04-15 10:59:41,202610003.0
一级路南节制闸,2026-04-15 10:53:41,202610003.0
一级路南节制闸,2026-04-15 10:48:41,202610003.0
一级路南节制闸,2026-04-15 10:42:41,202610003.0
一级路南节制闸,2026-04-15 10:37:41,202610003.0
一级路南节制闸,2026-04-15 10:31:41,202610003.0
一级路南节制闸,2026-04-15 10:26:41,202610003.0
一级路南节制闸,2026-04-15 10:20:41,202610003.0
一级路南节制闸,2026-04-15 10:14:41,202610003.0
一级路南节制闸,2026-04-15 10:09:41,202610003.0
一级路南节制闸,2026-04-15 10:03:41,202610003.0
一级路南节制闸,2026-04-15 09:58:41,202610003.0
一级路南节制闸,2026-04-15 09:52:41,202610003.0
一级路南节制闸,2026-04-15 09:46:41,202610003.0
一级路南节制闸,2026-04-15 09:40:41,202610003.0
一级路南节制闸,2026-04-15 09:35:41,202610003.0
一级路南节制闸,2026-04-15 09:29:41,202610003.0
一级路南节制闸,2026-04-15 09:24:41,202610003.0
一级路南节制闸,2026-04-15 09:18:41,202610003.0
一级路南节制闸,2026-04-15 09:13:41,202610003.0
一级路南节制闸,2026-04-15 09:07:41,202610003.0
一级路南节制闸,2026-04-15 09:01:41,202610003.0
一级路南节制闸,2026-04-15 08:55:41,202610003.0
一级路南节制闸,2026-04-15 08:49:41,202610003.0
一级路南节制闸,2026-04-15 08:43:41,202610003.0
一级路南节制闸,2026-04-15 08:38:41,202610003.0
一级路南节制闸,2026-04-15 08:32:41,202610003.0
一级路南节制闸,2026-04-15 08:27:41,202610003.0
一级路南节制闸,2026-04-15 08:22:41,202610003.0
一级路南节制闸,2026-04-15 08:16:42,202610003.0
一级路南节制闸,2026-04-15 08:10:41,202610003.0
一级路南节制闸,2026-04-15 08:04:41,202610003.0
一级路南节制闸,2026-04-15 07:58:41,202610003.0
一级路南节制闸,2026-04-15 07:52:41,202610003.0
一级路南节制闸,2026-04-15 07:47:41,202610003.0
一级路南节制闸,2026-04-15 07:41:41,202610003.0
一级路南节制闸,2026-04-15 07:36:41,202610003.0
一级路南节制闸,2026-04-15 07:30:41,202610003.0
一级路南节制闸,2026-04-15 07:24:41,202610003.0
一级路南节制闸,2026-04-15 07:19:41,202610003.0
一级路南节制闸,2026-04-15 07:13:41,202610003.0
一级路南节制闸,2026-04-15 07:08:41,202610003.0
一级路南节制闸,2026-04-15 07:02:41,202610003.0
一级路南节制闸,2026-04-15 06:56:41,202610003.0
一级路南节制闸,2026-04-15 06:51:41,202610003.0
一级路南节制闸,2026-04-15 06:45:41,202610003.0
一级路南节制闸,2026-04-15 06:40:41,202610003.0
一级路南节制闸,2026-04-15 06:34:41,202610003.0
一级路南节制闸,2026-04-15 06:28:41,202610003.0
一级路南节制闸,2026-04-15 06:22:41,202610003.0
一级路南节制闸,2026-04-15 06:17:41,202610003.0
一级路南节制闸,2026-04-15 06:11:41,202610003.0
一级路南节制闸,2026-04-15 06:05:41,202610003.0
一级路南节制闸,2026-04-15 06:00:41,202610003.0
一级路南节制闸,2026-04-15 05:54:41,202610003.0
一级路南节制闸,2026-04-15 05:48:41,202610003.0
一级路南节制闸,2026-04-15 05:42:41,202610003.0
一级路南节制闸,2026-04-15 05:37:41,202610003.0
一级路南节制闸,2026-04-15 05:31:41,202610003.0
一级路南节制闸,2026-04-15 05:26:41,202610003.0
一级路南节制闸,2026-04-15 05:20:41,202610003.0
一级路南节制闸,2026-04-15 05:15:41,202610003.0
一级路南节制闸,2026-04-15 05:09:41,202610003.0
一级路南节制闸,2026-04-15 05:04:41,202610003.0
一级路南节制闸,2026-04-15 04:58:41,202610003.0
一级路南节制闸,2026-04-15 04:52:41,202610003.0
一级路南节制闸,2026-04-15 04:47:41,202610003.0
一级路南节制闸,2026-04-15 04:41:41,202610003.0
一级路南节制闸,2026-04-15 04:36:41,202610003.0
一级路南节制闸,2026-04-15 04:30:41,202610003.0
一级路南节制闸,2026-04-15 04:25:41,202610003.0
一级路南节制闸,2026-04-15 04:19:41,202610003.0
一级路南节制闸,2026-04-15 04:13:41,202610003.0
一级路南节制闸,2026-04-15 04:07:41,202610003.0
一级路南节制闸,2026-04-15 04:01:41,202610003.0
一级路南节制闸,2026-04-15 03:55:41,202610003.0
一级路南节制闸,2026-04-15 03:50:41,202610003.0
一级路南节制闸,2026-04-15 03:44:41,202610003.0
一级路南节制闸,2026-04-15 03:39:41,202610003.0
一级路南节制闸,2026-04-15 03:33:41,202610003.0
一级路南节制闸,2026-04-15 03:27:41,202610003.0
一级路南节制闸,2026-04-15 03:21:41,202610003.0
一级路南节制闸,2026-04-15 03:16:41,202610003.0
一级路南节制闸,2026-04-15 03:10:41,202610003.0
一级路南节制闸,2026-04-15 03:05:41,202610003.0
一级路南节制闸,2026-04-15 03:00:41,202610003.0
一级路南节制闸,2026-04-15 02:54:41,202610003.0
一级路南节制闸,2026-04-15 02:48:41,202610003.0
一级路南节制闸,2026-04-15 02:43:41,202610003.0
一级路南节制闸,2026-04-15 02:37:41,202610003.0
一级路南节制闸,2026-04-15 02:31:41,202610003.0
一级路南节制闸,2026-04-15 02:25:41,202610003.0
一级路南节制闸,2026-04-15 02:20:41,202610003.0
一级路南节制闸,2026-04-15 02:14:41,202610003.0
一级路南节制闸,2026-04-15 02:08:41,202610003.0
一级路南节制闸,2026-04-15 02:02:41,202610003.0
一级路南节制闸,2026-04-15 01:56:41,202610003.0
一级路南节制闸,2026-04-15 01:50:41,202610003.0
一级路南节制闸,2026-04-15 01:44:41,202610003.0
一级路南节制闸,2026-04-15 01:39:41,202610003.0
一级路南节制闸,2026-04-15 01:33:41,202610003.0
一级路南节制闸,2026-04-15 01:28:41,202610003.0
一级路南节制闸,2026-04-15 01:22:41,202610003.0
一级路南节制闸,2026-04-15 01:17:41,202610003.0
一级路南节制闸,2026-04-15 01:11:41,202610003.0
一级路南节制闸,2026-04-15 01:05:41,202610003.0
一级路南节制闸,2026-04-15 01:00:41,202610003.0
一级路南节制闸,2026-04-15 00:54:41,202610003.0
一级路南节制闸,2026-04-15 00:48:41,202610003.0
一级路南节制闸,2026-04-15 00:42:41,202610003.0
一级路南节制闸,2026-04-15 00:36:41,202610003.0
一级路南节制闸,2026-04-15 00:30:41,202610003.0
一级路南节制闸,2026-04-15 00:24:41,202610003.0
一级路南节制闸,2026-04-15 00:19:41,202610003.0
一级路南节制闸,2026-04-15 00:13:41,202610003.0
一级路南节制闸,2026-04-15 00:07:41,202610003.0
一级路南节制闸,2026-04-15 00:02:41,202610003.0
一级路南节制闸,2026-04-14 23:56:41,202610003.0
一级路南节制闸,2026-04-14 23:51:41,202610003.0
一级路南节制闸,2026-04-14 23:46:41,202610003.0
一级路南节制闸,2026-04-14 23:41:41,202610003.0
一级路南节制闸,2026-04-14 23:35:41,202610003.0
一级路南节制闸,2026-04-14 23:30:41,202610003.0
一级路南节制闸,2026-04-14 23:24:41,202610003.0
一级路南节制闸,2026-04-14 23:19:41,202610003.0
一级路南节制闸,2026-04-14 23:13:41,202610003.0
一级路南节制闸,2026-04-14 23:07:41,202610003.0
一级路南节制闸,2026-04-14 23:01:41,202610003.0
一级路南节制闸,2026-04-14 22:56:41,202610003.0
一级路南节制闸,2026-04-14 22:50:41,202610003.0
一级路南节制闸,2026-04-14 22:45:41,202610003.0
一级路南节制闸,2026-04-14 22:39:41,202610003.0
一级路南节制闸,2026-04-14 22:34:41,202610003.0
一级路南节制闸,2026-04-14 22:29:41,202610003.0
一级路南节制闸,2026-04-14 22:23:41,202610003.0
一级路南节制闸,2026-04-14 22:17:41,202610003.0
一级路南节制闸,2026-04-14 22:12:41,202610003.0
一级路南节制闸,2026-04-14 22:06:41,202610003.0
一级路南节制闸,2026-04-14 22:00:41,202610003.0
一级路南节制闸,2026-04-14 21:55:41,202610003.0
一级路南节制闸,2026-04-14 21:49:41,202610003.0
一级路南节制闸,2026-04-14 21:43:41,202610003.0
一级路南节制闸,2026-04-14 21:38:41,202610003.0
一级路南节制闸,2026-04-14 21:32:41,202610003.0
一级路南节制闸,2026-04-14 21:27:41,202610003.0
一级路南节制闸,2026-04-14 21:21:41,202610003.0
一级路南节制闸,2026-04-14 21:16:41,202610003.0
一级路南节制闸,2026-04-14 21:10:41,202610003.0
一级路南节制闸,2026-04-14 21:05:41,202610003.0
一级路南节制闸,2026-04-14 20:59:41,202610003.0
一级路南节制闸,2026-04-14 20:54:41,202610003.0
一级路南节制闸,2026-04-14 20:48:41,202610003.0
一级路南节制闸,2026-04-14 20:42:41,202610003.0
一级路南节制闸,2026-04-14 20:36:41,202610003.0
一级路南节制闸,2026-04-14 20:31:41,202610003.0
一级路南节制闸,2026-04-14 20:25:41,202610003.0
一级路南节制闸,2026-04-14 20:19:41,202610003.0
一级路南节制闸,2026-04-14 20:13:41,202610003.0
一级路南节制闸,2026-04-14 20:08:41,202610003.0
一级路南节制闸,2026-04-14 20:02:41,202610003.0
一级路南节制闸,2026-04-14 19:56:41,202610003.0
一级路南节制闸,2026-04-14 19:51:41,202610003.0
一级路南节制闸,2026-04-14 19:45:41,202610003.0
一级路南节制闸,2026-04-14 19:40:41,202610003.0
一级路南节制闸,2026-04-14 19:34:41,202610003.0
一级路南节制闸,2026-04-14 19:29:41,202610003.0
一级路南节制闸,2026-04-14 19:23:41,202610003.0
一级路南节制闸,2026-04-14 19:17:41,202610003.0
一级路南节制闸,2026-04-14 19:11:41,202610003.0
一级路南节制闸,2026-04-14 19:06:41,202610003.0
一级路南节制闸,2026-04-14 19:00:41,202610003.0
一级路南节制闸,2026-04-14 18:54:41,202610003.0
一级路南节制闸,2026-04-14 18:48:41,202610003.0
一级路南节制闸,2026-04-14 18:42:41,202610003.0
一级路南节制闸,2026-04-14 18:36:41,202610003.0
一级路南节制闸,2026-04-14 18:30:41,202610003.0
一级路南节制闸,2026-04-14 18:25:41,202610003.0
一级路南节制闸,2026-04-14 18:19:41,202610003.0
一级路南节制闸,2026-04-14 18:14:41,202610003.0
一级路南节制闸,2026-04-14 18:08:41,202610003.0
一级路南节制闸,2026-04-14 18:02:41,202610003.0
一级路南节制闸,2026-04-14 17:56:40,202610003.0
一级路南节制闸,2026-04-14 17:50:41,202610003.0
一级路南节制闸,2026-04-14 17:45:41,202610003.0
一级路南节制闸,2026-04-14 17:39:41,202610003.0
一级路南节制闸,2026-04-14 17:34:41,202610003.0
一级路南节制闸,2026-04-14 17:29:41,202610003.0
一级路南节制闸,2026-04-14 17:24:40,202610003.0
一级路南节制闸,2026-04-14 17:18:41,202610003.0
一级路南节制闸,2026-04-14 17:12:40,202610003.0
一级路南节制闸,2026-04-14 17:06:41,202610003.0
一级路南节制闸,2026-04-14 17:00:40,202610003.0
一级路南节制闸,2026-04-14 16:54:41,202610003.0
一级路南节制闸,2026-04-14 16:48:41,202610003.0
一级路南节制闸,2026-04-14 16:42:41,202610003.0
一级路南节制闸,2026-04-14 16:36:41,202610003.0
一级路南节制闸,2026-04-14 16:30:41,202610003.0
一级路南节制闸,2026-04-14 16:25:41,202610003.0
一级路南节制闸,2026-04-14 16:20:40,202610003.0
一级路南节制闸,2026-04-14 16:14:41,202610003.0
一级路南节制闸,2026-04-14 16:08:40,202610003.0
一级路南节制闸,2026-04-14 16:02:41,202610003.0
一级路南节制闸,2026-04-14 15:57:40,202610003.0
一级路南节制闸,2026-04-14 15:51:41,202610003.0
一级路南节制闸,2026-04-14 15:46:40,202610003.0
一级路南节制闸,2026-04-14 15:40:40,202610003.0
一级路南节制闸,2026-04-14 15:35:41,202610003.0
一级路南节制闸,2026-04-14 15:29:41,202610003.0
刘原节制闸,2026-04-21 17:28:05,0.77
刘原节制闸,2026-04-21 17:22:05,0.77
刘原节制闸,2026-04-21 17:17:05,0.78
刘原节制闸,2026-04-21 17:12:05,0.79
刘原节制闸,2026-04-21 17:06:05,0.8
刘原节制闸,2026-04-21 17:00:05,0.8
刘原节制闸,2026-04-21 16:54:05,0.8
刘原节制闸,2026-04-21 16:49:05,0.82
刘原节制闸,2026-04-21 16:43:05,0.82
刘原节制闸,2026-04-21 16:38:05,0.83
刘原节制闸,2026-04-21 16:33:05,0.84
刘原节制闸,2026-04-21 16:27:05,0.85
刘原节制闸,2026-04-21 16:21:05,0.86
刘原节制闸,2026-04-21 16:15:05,0.86
刘原节制闸,2026-04-21 16:09:05,0.86
刘原节制闸,2026-04-21 16:04:05,0.87
刘原节制闸,2026-04-21 15:59:05,0.87
刘原节制闸,2026-04-21 15:53:05,0.88
刘原节制闸,2026-04-21 15:48:05,0.9
刘原节制闸,2026-04-21 15:42:05,0.91
刘原节制闸,2026-04-21 15:37:05,0.92
刘原节制闸,2026-04-21 15:31:05,0.92
刘原节制闸,2026-04-21 15:25:05,0.93
刘原节制闸,2026-04-21 15:19:05,0.96
刘原节制闸,2026-04-21 15:14:05,0.96
刘原节制闸,2026-04-21 15:08:05,0.96
刘原节制闸,2026-04-21 15:02:05,0.97
刘原节制闸,2026-04-21 14:57:05,0.96
刘原节制闸,2026-04-21 14:51:05,0.97
刘原节制闸,2026-04-21 14:46:05,0.98
刘原节制闸,2026-04-21 14:40:05,0.98
刘原节制闸,2026-04-21 14:35:05,0.98
刘原节制闸,2026-04-21 14:29:05,0.98
刘原节制闸,2026-04-21 14:23:05,0.98
刘原节制闸,2026-04-21 14:18:05,0.98
刘原节制闸,2026-04-21 14:12:05,0.99
刘原节制闸,2026-04-21 14:07:05,0.99
刘原节制闸,2026-04-21 14:01:05,1.0
刘原节制闸,2026-04-21 13:55:05,0.99
刘原节制闸,2026-04-21 13:50:05,1.0
刘原节制闸,2026-04-21 13:44:05,0.99
刘原节制闸,2026-04-21 13:38:05,1.0
刘原节制闸,2026-04-21 13:32:05,0.99
刘原节制闸,2026-04-21 13:27:05,1.0
刘原节制闸,2026-04-21 13:22:05,0.99
刘原节制闸,2026-04-21 13:16:05,1.0
刘原节制闸,2026-04-21 13:10:05,0.99
刘原节制闸,2026-04-21 13:04:05,0.99
刘原节制闸,2026-04-21 12:58:05,0.98
刘原节制闸,2026-04-21 12:53:05,0.98
刘原节制闸,2026-04-21 12:47:05,0.98
刘原节制闸,2026-04-21 12:41:05,0.98
刘原节制闸,2026-04-21 12:35:05,0.98
刘原节制闸,2026-04-21 12:30:05,0.98
刘原节制闸,2026-04-21 12:24:05,0.98
刘原节制闸,2026-04-21 12:18:05,0.97
刘原节制闸,2026-04-21 12:12:05,0.97
刘原节制闸,2026-04-21 12:07:05,0.97
刘原节制闸,2026-04-21 12:01:05,0.96
刘原节制闸,2026-04-21 11:55:05,0.96
刘原节制闸,2026-04-21 11:50:05,0.96
刘原节制闸,2026-04-21 11:45:05,0.95
刘原节制闸,2026-04-21 11:39:05,0.95
刘原节制闸,2026-04-21 11:34:05,0.95
刘原节制闸,2026-04-21 11:29:05,0.95
刘原节制闸,2026-04-21 11:23:05,0.95
刘原节制闸,2026-04-21 11:18:05,0.95
刘原节制闸,2026-04-21 11:12:05,0.94
刘原节制闸,2026-04-21 11:06:05,0.94
刘原节制闸,2026-04-21 11:01:05,0.94
刘原节制闸,2026-04-21 10:55:05,0.94
刘原节制闸,2026-04-21 10:50:05,0.94
刘原节制闸,2026-04-21 10:44:05,0.94
刘原节制闸,2026-04-21 10:39:05,0.94
刘原节制闸,2026-04-21 10:34:05,0.94
刘原节制闸,2026-04-21 10:28:05,0.94
刘原节制闸,2026-04-21 10:23:05,0.93
刘原节制闸,2026-04-21 10:17:05,0.94
刘原节制闸,2026-04-21 10:11:05,0.94
刘原节制闸,2026-04-21 10:05:05,0.93
刘原节制闸,2026-04-21 09:59:05,0.93
刘原节制闸,2026-04-21 09:54:05,0.93
刘原节制闸,2026-04-21 09:48:05,0.91
刘原节制闸,2026-04-21 09:42:05,0.91
刘原节制闸,2026-04-21 09:37:05,0.92
刘原节制闸,2026-04-21 09:31:05,0.91
刘原节制闸,2026-04-21 09:26:05,0.91
刘原节制闸,2026-04-21 09:21:05,0.9
刘原节制闸,2026-04-21 09:15:05,0.89
刘原节制闸,2026-04-21 09:10:05,0.88
刘原节制闸,2026-04-21 09:05:05,0.87
刘原节制闸,2026-04-21 08:59:05,0.87
刘原节制闸,2026-04-21 08:53:05,0.86
刘原节制闸,2026-04-21 08:48:05,0.85
刘原节制闸,2026-04-21 08:42:05,0.84
刘原节制闸,2026-04-21 08:37:05,0.84
刘原节制闸,2026-04-21 08:32:05,0.84
刘原节制闸,2026-04-21 08:26:05,0.83
刘原节制闸,2026-04-21 08:20:05,0.82
刘原节制闸,2026-04-21 08:15:05,0.82
刘原节制闸,2026-04-21 08:10:05,0.82
刘原节制闸,2026-04-21 08:04:05,0.82
刘原节制闸,2026-04-21 07:58:05,0.83
刘原节制闸,2026-04-21 07:53:05,0.81
刘原节制闸,2026-04-21 07:48:05,0.83
刘原节制闸,2026-04-21 07:42:05,0.81
刘原节制闸,2026-04-21 07:36:05,0.81
刘原节制闸,2026-04-21 07:30:05,0.79
刘原节制闸,2026-04-21 07:24:05,0.81
刘原节制闸,2026-04-21 07:18:05,0.8
刘原节制闸,2026-04-21 07:13:05,0.81
刘原节制闸,2026-04-21 07:07:05,0.8
刘原节制闸,2026-04-21 07:01:05,0.79
刘原节制闸,2026-04-21 06:55:05,0.8
刘原节制闸,2026-04-21 06:50:05,0.8
刘原节制闸,2026-04-21 06:45:05,0.79
刘原节制闸,2026-04-21 06:39:05,0.78
刘原节制闸,2026-04-21 06:34:05,0.79
刘原节制闸,2026-04-21 06:28:05,0.78
刘原节制闸,2026-04-21 06:22:05,0.78
刘原节制闸,2026-04-21 06:17:05,0.76
刘原节制闸,2026-04-21 06:11:05,0.77
刘原节制闸,2026-04-21 06:06:05,0.77
刘原节制闸,2026-04-21 06:01:05,0.78
刘原节制闸,2026-04-21 05:56:05,0.77
刘原节制闸,2026-04-21 05:50:05,0.76
刘原节制闸,2026-04-21 05:45:05,0.76
刘原节制闸,2026-04-21 05:39:05,0.76
刘原节制闸,2026-04-21 05:33:05,0.73
刘原节制闸,2026-04-21 05:28:05,0.72
刘原节制闸,2026-04-21 05:23:05,0.73
刘原节制闸,2026-04-21 05:17:05,0.73
刘原节制闸,2026-04-21 05:11:05,0.74
刘原节制闸,2026-04-21 05:06:05,0.74
刘原节制闸,2026-04-21 05:00:05,0.74
刘原节制闸,2026-04-21 04:55:05,0.73
刘原节制闸,2026-04-21 04:49:06,0.74
刘原节制闸,2026-04-21 04:44:05,0.73
刘原节制闸,2026-04-21 04:38:05,0.76
刘原节制闸,2026-04-21 04:33:05,0.74
刘原节制闸,2026-04-21 04:27:05,0.72
刘原节制闸,2026-04-21 04:21:05,0.75
刘原节制闸,2026-04-21 04:16:05,0.73
刘原节制闸,2026-04-21 04:10:05,0.75
刘原节制闸,2026-04-21 04:05:05,0.74
刘原节制闸,2026-04-21 04:00:05,0.73
刘原节制闸,2026-04-21 03:54:05,0.73
刘原节制闸,2026-04-21 03:49:05,0.73
刘原节制闸,2026-04-21 03:43:05,0.73
刘原节制闸,2026-04-21 03:37:05,0.73
刘原节制闸,2026-04-21 03:31:05,0.74
刘原节制闸,2026-04-21 03:25:05,0.74
刘原节制闸,2026-04-21 03:20:05,0.73
刘原节制闸,2026-04-21 03:14:05,0.74
刘原节制闸,2026-04-21 03:08:05,0.72
刘原节制闸,2026-04-21 03:03:05,0.74
刘原节制闸,2026-04-21 02:58:05,0.73
刘原节制闸,2026-04-21 02:52:05,0.72
刘原节制闸,2026-04-21 02:46:05,0.73
刘原节制闸,2026-04-21 02:41:05,0.74
刘原节制闸,2026-04-21 02:36:05,0.73
刘原节制闸,2026-04-21 02:30:05,0.73
刘原节制闸,2026-04-21 02:24:05,0.74
刘原节制闸,2026-04-21 02:18:05,0.73
刘原节制闸,2026-04-21 02:12:05,0.75
刘原节制闸,2026-04-21 02:07:05,0.76
刘原节制闸,2026-04-21 02:01:05,0.75
刘原节制闸,2026-04-21 01:55:05,0.76
刘原节制闸,2026-04-21 01:50:05,0.77
刘原节制闸,2026-04-21 01:45:05,0.78
刘原节制闸,2026-04-21 01:39:05,0.78
刘原节制闸,2026-04-21 01:33:05,0.79
刘原节制闸,2026-04-21 01:28:05,0.79
刘原节制闸,2026-04-21 01:22:05,0.81
刘原节制闸,2026-04-21 01:16:05,0.82
刘原节制闸,2026-04-21 01:10:05,0.83
刘原节制闸,2026-04-21 01:04:05,0.84
刘原节制闸,2026-04-21 00:59:05,0.83
刘原节制闸,2026-04-21 00:53:05,0.84
刘原节制闸,2026-04-21 00:48:05,0.85
刘原节制闸,2026-04-21 00:42:05,0.86
刘原节制闸,2026-04-21 00:37:05,0.85
刘原节制闸,2026-04-21 00:31:05,0.85
刘原节制闸,2026-04-21 00:26:05,0.85
刘原节制闸,2026-04-21 00:20:05,0.86
刘原节制闸,2026-04-21 00:15:05,0.86
刘原节制闸,2026-04-21 00:09:05,0.86
刘原节制闸,2026-04-21 00:04:05,0.86
刘原节制闸,2026-04-20 23:58:05,0.87
刘原节制闸,2026-04-20 23:53:05,0.86
刘原节制闸,2026-04-20 23:47:05,0.87
刘原节制闸,2026-04-20 23:41:05,0.87
刘原节制闸,2026-04-20 23:36:05,0.87
刘原节制闸,2026-04-20 23:30:05,0.87
刘原节制闸,2026-04-20 23:24:05,0.86
刘原节制闸,2026-04-20 23:19:05,0.87
刘原节制闸,2026-04-20 23:14:05,0.87
刘原节制闸,2026-04-20 23:09:05,0.86
刘原节制闸,2026-04-20 23:02:05,0.87
刘原节制闸,2026-04-20 22:57:05,0.86
刘原节制闸,2026-04-20 22:52:05,0.87
刘原节制闸,2026-04-20 22:46:05,0.86
刘原节制闸,2026-04-20 22:40:05,0.87
刘原节制闸,2026-04-20 22:35:05,0.87
刘原节制闸,2026-04-20 22:30:05,0.87
刘原节制闸,2026-04-20 22:24:05,0.86
刘原节制闸,2026-04-20 22:19:05,0.87
刘原节制闸,2026-04-20 22:14:05,0.87
刘原节制闸,2026-04-20 22:08:05,0.87
刘原节制闸,2026-04-20 22:02:05,0.87
刘原节制闸,2026-04-20 21:57:05,0.87
刘原节制闸,2026-04-20 21:52:05,0.87
刘原节制闸,2026-04-20 21:47:05,0.88
刘原节制闸,2026-04-20 21:41:05,0.87
刘原节制闸,2026-04-20 21:35:05,0.87
刘原节制闸,2026-04-20 21:29:05,0.88
刘原节制闸,2026-04-20 21:23:05,0.87
刘原节制闸,2026-04-20 21:18:05,0.88
刘原节制闸,2026-04-20 21:12:05,0.88
刘原节制闸,2026-04-20 21:07:05,0.88
刘原节制闸,2026-04-20 21:01:05,0.88
刘原节制闸,2026-04-20 20:56:05,0.89
刘原节制闸,2026-04-20 20:51:05,0.89
刘原节制闸,2026-04-20 20:46:05,0.89
刘原节制闸,2026-04-20 20:40:05,0.89
刘原节制闸,2026-04-20 20:35:05,0.9
刘原节制闸,2026-04-20 20:29:05,0.9
刘原节制闸,2026-04-20 20:23:05,0.91
刘原节制闸,2026-04-20 20:17:05,0.91
刘原节制闸,2026-04-20 20:11:05,0.91
刘原节制闸,2026-04-20 20:06:05,0.92
刘原节制闸,2026-04-20 20:01:05,0.92
刘原节制闸,2026-04-20 19:56:05,0.92
刘原节制闸,2026-04-20 19:50:05,0.93
刘原节制闸,2026-04-20 19:44:05,0.93
刘原节制闸,2026-04-20 19:38:05,0.93
刘原节制闸,2026-04-20 19:33:05,0.93
刘原节制闸,2026-04-20 19:28:05,0.94
刘原节制闸,2026-04-20 19:23:05,0.94
刘原节制闸,2026-04-20 19:17:05,0.94
刘原节制闸,2026-04-20 19:11:05,0.94
刘原节制闸,2026-04-20 19:06:05,0.94
刘原节制闸,2026-04-20 19:00:05,0.94
刘原节制闸,2026-04-20 18:55:05,0.94
刘原节制闸,2026-04-20 18:49:05,0.95
刘原节制闸,2026-04-20 18:44:05,0.95
刘原节制闸,2026-04-20 18:38:05,0.95
刘原节制闸,2026-04-20 18:32:05,0.95
刘原节制闸,2026-04-20 18:27:05,0.95
刘原节制闸,2026-04-20 18:22:05,0.95
刘原节制闸,2026-04-20 18:17:05,0.95
刘原节制闸,2026-04-20 18:11:05,0.95
刘原节制闸,2026-04-20 18:05:05,0.95
刘原节制闸,2026-04-20 18:00:05,0.96
刘原节制闸,2026-04-20 17:54:05,0.96
刘原节制闸,2026-04-20 17:48:05,0.96
刘原节制闸,2026-04-20 17:43:05,0.96
刘原节制闸,2026-04-20 17:38:05,0.96
刘原节制闸,2026-04-20 17:32:05,0.96
刘原节制闸,2026-04-20 17:26:05,0.97
刘原节制闸,2026-04-20 17:20:05,0.96
刘原节制闸,2026-04-20 17:15:05,0.96
刘原节制闸,2026-04-20 17:10:05,0.96
刘原节制闸,2026-04-20 17:04:05,0.97
刘原节制闸,2026-04-20 16:59:05,0.98
刘原节制闸,2026-04-20 16:53:05,0.98
刘原节制闸,2026-04-20 16:48:05,0.98
刘原节制闸,2026-04-20 16:43:05,0.98
刘原节制闸,2026-04-20 16:37:05,0.99
刘原节制闸,2026-04-20 16:32:05,0.99
刘原节制闸,2026-04-20 16:27:05,0.99
刘原节制闸,2026-04-20 16:22:05,0.99
刘原节制闸,2026-04-20 16:16:04,0.99
刘原节制闸,2026-04-20 16:10:05,1.0
刘原节制闸,2026-04-20 16:05:05,1.0
刘原节制闸,2026-04-20 15:59:05,1.0
刘原节制闸,2026-04-20 15:54:05,1.0
刘原节制闸,2026-04-20 15:48:05,1.01
刘原节制闸,2026-04-20 15:43:05,1.01
刘原节制闸,2026-04-20 15:38:05,1.01
刘原节制闸,2026-04-20 15:33:04,1.01
刘原节制闸,2026-04-20 15:27:05,1.02
刘原节制闸,2026-04-20 15:22:05,1.01
刘原节制闸,2026-04-20 15:16:05,1.01
刘原节制闸,2026-04-20 15:11:05,1.02
刘原节制闸,2026-04-20 15:06:05,1.02
刘原节制闸,2026-04-20 15:00:05,1.02
刘原节制闸,2026-04-20 14:55:05,1.02
刘原节制闸,2026-04-20 14:49:04,1.02
刘原节制闸,2026-04-20 14:44:04,1.03
刘原节制闸,2026-04-20 14:38:04,1.03
刘原节制闸,2026-04-20 14:33:04,1.03
刘原节制闸,2026-04-20 14:27:04,1.03
刘原节制闸,2026-04-20 14:21:05,1.04
刘原节制闸,2026-04-20 14:16:04,1.04
刘原节制闸,2026-04-20 14:10:04,1.04
刘原节制闸,2026-04-20 14:04:05,1.05
刘原节制闸,2026-04-20 13:58:04,1.05
刘原节制闸,2026-04-20 13:52:05,1.05
刘原节制闸,2026-04-20 13:47:04,1.06
刘原节制闸,2026-04-20 13:42:04,1.06
刘原节制闸,2026-04-20 13:36:04,1.06
刘原节制闸,2026-04-20 13:30:04,1.06
刘原节制闸,2026-04-20 13:24:04,1.06
刘原节制闸,2026-04-20 13:18:04,1.07
刘原节制闸,2026-04-20 13:12:04,1.08
刘原节制闸,2026-04-20 13:07:04,1.08
刘原节制闸,2026-04-20 13:01:04,1.08
刘原节制闸,2026-04-20 12:56:04,1.08
刘原节制闸,2026-04-20 12:50:04,1.08
刘原节制闸,2026-04-20 12:45:04,1.08
刘原节制闸,2026-04-20 12:39:04,1.08
刘原节制闸,2026-04-20 12:34:04,1.08
刘原节制闸,2026-04-20 12:29:04,1.08
刘原节制闸,2026-04-20 12:23:04,1.08
刘原节制闸,2026-04-20 12:17:04,1.07
刘原节制闸,2026-04-20 12:12:04,1.08
刘原节制闸,2026-04-20 12:06:04,1.08
刘原节制闸,2026-04-20 12:01:04,1.08
刘原节制闸,2026-04-20 11:55:04,1.08
刘原节制闸,2026-04-20 11:50:04,1.08
刘原节制闸,2026-04-20 11:44:04,1.08
刘原节制闸,2026-04-20 11:38:04,1.07
刘原节制闸,2026-04-20 11:33:04,1.07
刘原节制闸,2026-04-20 11:27:04,1.07
刘原节制闸,2026-04-20 11:21:04,1.08
刘原节制闸,2026-04-20 11:15:04,1.07
刘原节制闸,2026-04-20 11:09:04,1.07
刘原节制闸,2026-04-20 11:03:04,1.07
刘原节制闸,2026-04-20 10:57:04,1.07
刘原节制闸,2026-04-20 10:51:04,1.07
刘原节制闸,2026-04-20 10:46:04,1.07
刘原节制闸,2026-04-20 10:41:04,1.07
刘原节制闸,2026-04-20 10:35:04,1.06
刘原节制闸,2026-04-20 10:30:04,1.06
刘原节制闸,2026-04-20 10:24:04,1.06
刘原节制闸,2026-04-20 10:18:04,1.06
刘原节制闸,2026-04-20 10:12:04,1.06
刘原节制闸,2026-04-20 10:07:04,1.05
刘原节制闸,2026-04-20 10:01:04,1.05
刘原节制闸,2026-04-20 09:56:04,1.05
刘原节制闸,2026-04-20 09:50:04,1.05
刘原节制闸,2026-04-20 09:45:04,1.05
刘原节制闸,2026-04-20 09:39:04,1.04
刘原节制闸,2026-04-20 09:33:04,1.04
刘原节制闸,2026-04-20 09:27:04,1.02
刘原节制闸,2026-04-20 09:22:04,1.02
刘原节制闸,2026-04-20 09:17:04,1.01
刘原节制闸,2026-04-20 09:11:04,1.01
刘原节制闸,2026-04-20 09:05:04,0.98
刘原节制闸,2026-04-20 08:59:04,0.99
刘原节制闸,2026-04-20 08:53:04,0.99
刘原节制闸,2026-04-20 08:47:04,0.98
刘原节制闸,2026-04-20 08:41:04,0.99
刘原节制闸,2026-04-20 08:35:04,0.97
刘原节制闸,2026-04-20 08:30:04,0.98
刘原节制闸,2026-04-20 08:25:04,0.97
刘原节制闸,2026-04-20 08:19:04,0.98
刘原节制闸,2026-04-20 08:14:04,0.97
刘原节制闸,2026-04-20 08:08:04,0.97
刘原节制闸,2026-04-20 08:02:04,0.97
刘原节制闸,2026-04-20 07:56:04,0.98
刘原节制闸,2026-04-20 07:51:04,0.97
刘原节制闸,2026-04-20 07:45:04,0.97
刘原节制闸,2026-04-20 07:40:04,0.98
刘原节制闸,2026-04-20 07:35:04,0.97
刘原节制闸,2026-04-20 07:29:04,0.96
刘原节制闸,2026-04-20 07:24:04,0.96
刘原节制闸,2026-04-20 07:19:04,0.93
刘原节制闸,2026-04-20 07:13:04,0.95
刘原节制闸,2026-04-20 07:07:04,0.95
刘原节制闸,2026-04-20 07:01:04,0.95
刘原节制闸,2026-04-20 06:56:04,0.96
刘原节制闸,2026-04-20 06:51:04,0.96
刘原节制闸,2026-04-20 06:46:04,0.96
刘原节制闸,2026-04-20 06:41:04,0.96
刘原节制闸,2026-04-20 06:35:04,0.97
刘原节制闸,2026-04-20 06:30:04,0.97
刘原节制闸,2026-04-20 06:24:04,0.97
刘原节制闸,2026-04-20 06:18:04,0.96
刘原节制闸,2026-04-20 06:12:04,0.97
刘原节制闸,2026-04-20 06:07:04,0.97
刘原节制闸,2026-04-20 06:01:04,0.97
刘原节制闸,2026-04-20 05:56:04,0.97
刘原节制闸,2026-04-20 05:50:04,0.98
刘原节制闸,2026-04-20 05:45:04,0.99
刘原节制闸,2026-04-20 05:40:04,0.99
刘原节制闸,2026-04-20 05:35:04,0.99
刘原节制闸,2026-04-20 05:29:04,0.99
刘原节制闸,2026-04-20 05:23:04,0.99
刘原节制闸,2026-04-20 05:18:04,0.99
刘原节制闸,2026-04-20 05:12:04,0.99
刘原节制闸,2026-04-20 05:06:04,0.99
刘原节制闸,2026-04-20 05:00:06,0.99
刘原节制闸,2026-04-20 04:55:04,0.99
刘原节制闸,2026-04-20 04:49:04,0.99
刘原节制闸,2026-04-20 04:43:04,0.99
刘原节制闸,2026-04-20 04:38:04,0.99
刘原节制闸,2026-04-20 04:32:04,0.99
刘原节制闸,2026-04-20 04:27:04,1.0
刘原节制闸,2026-04-20 04:22:04,1.0
刘原节制闸,2026-04-20 04:16:04,1.0
刘原节制闸,2026-04-20 04:11:04,0.99
刘原节制闸,2026-04-20 04:05:04,0.99
刘原节制闸,2026-04-20 04:00:04,0.99
刘原节制闸,2026-04-20 03:54:04,1.0
刘原节制闸,2026-04-20 03:49:04,0.99
刘原节制闸,2026-04-20 03:44:04,0.99
刘原节制闸,2026-04-20 03:38:04,1.01
刘原节制闸,2026-04-20 03:32:04,1.01
刘原节制闸,2026-04-20 03:27:04,1.0
刘原节制闸,2026-04-20 03:22:04,1.01
刘原节制闸,2026-04-20 03:16:04,1.01
刘原节制闸,2026-04-20 03:11:04,1.0
刘原节制闸,2026-04-20 03:05:04,1.0
刘原节制闸,2026-04-20 03:00:04,1.0
刘原节制闸,2026-04-20 02:54:04,0.99
刘原节制闸,2026-04-20 02:49:04,0.99
刘原节制闸,2026-04-20 02:44:04,0.99
刘原节制闸,2026-04-20 02:38:04,0.98
刘原节制闸,2026-04-20 02:33:04,0.99
刘原节制闸,2026-04-20 02:27:04,0.98
刘原节制闸,2026-04-20 02:22:04,0.99
刘原节制闸,2026-04-20 02:16:04,0.98
刘原节制闸,2026-04-20 02:11:04,0.98
刘原节制闸,2026-04-20 02:06:04,0.98
刘原节制闸,2026-04-20 02:01:04,0.98
刘原节制闸,2026-04-20 01:56:04,0.97
刘原节制闸,2026-04-20 01:50:04,0.97
刘原节制闸,2026-04-20 01:45:04,0.97
刘原节制闸,2026-04-20 01:39:04,0.97
刘原节制闸,2026-04-20 01:34:04,0.97
刘原节制闸,2026-04-20 01:28:04,0.96
刘原节制闸,2026-04-20 01:22:04,0.96
刘原节制闸,2026-04-20 01:17:04,0.96
刘原节制闸,2026-04-20 01:11:04,0.95
刘原节制闸,2026-04-20 01:05:04,0.96
刘原节制闸,2026-04-20 01:00:04,0.95
刘原节制闸,2026-04-20 00:55:04,0.94
刘原节制闸,2026-04-20 00:50:04,0.95
刘原节制闸,2026-04-20 00:44:04,0.95
刘原节制闸,2026-04-20 00:39:04,0.94
刘原节制闸,2026-04-20 00:34:04,0.94
刘原节制闸,2026-04-20 00:29:04,0.94
刘原节制闸,2026-04-20 00:23:04,0.93
刘原节制闸,2026-04-20 00:17:04,0.93
刘原节制闸,2026-04-20 00:12:04,0.93
刘原节制闸,2026-04-20 00:06:04,0.93
刘原节制闸,2026-04-20 00:01:04,0.93
刘原节制闸,2026-04-19 23:55:04,0.93
刘原节制闸,2026-04-19 23:49:04,0.93
刘原节制闸,2026-04-19 23:44:04,0.93
刘原节制闸,2026-04-19 23:39:04,0.92
刘原节制闸,2026-04-19 23:34:04,0.92
刘原节制闸,2026-04-19 23:28:04,0.92
刘原节制闸,2026-04-19 23:22:04,0.92
刘原节制闸,2026-04-19 23:17:04,0.92
刘原节制闸,2026-04-19 23:12:04,0.92
刘原节制闸,2026-04-19 23:03:04,0.92
刘原节制闸,2026-04-19 23:00:04,0.93
刘原节制闸,2026-04-19 22:55:04,0.93
刘原节制闸,2026-04-19 22:50:04,0.93
刘原节制闸,2026-04-19 22:44:04,0.93
刘原节制闸,2026-04-19 22:39:04,0.93
刘原节制闸,2026-04-19 22:33:04,0.92
刘原节制闸,2026-04-19 22:28:04,0.93
刘原节制闸,2026-04-19 22:22:04,0.93
刘原节制闸,2026-04-19 22:16:04,0.93
刘原节制闸,2026-04-19 22:11:04,0.93
刘原节制闸,2026-04-19 22:05:04,0.94
刘原节制闸,2026-04-19 21:59:04,0.95
刘原节制闸,2026-04-19 21:54:04,0.95
刘原节制闸,2026-04-19 21:48:04,0.95
刘原节制闸,2026-04-19 21:42:04,0.94
刘原节制闸,2026-04-19 21:36:04,0.93
刘原节制闸,2026-04-19 21:30:04,0.94
刘原节制闸,2026-04-19 21:25:04,0.93
刘原节制闸,2026-04-19 21:19:04,0.93
刘原节制闸,2026-04-19 21:14:04,0.93
刘原节制闸,2026-04-19 21:08:04,0.92
刘原节制闸,2026-04-19 21:03:04,0.92
刘原节制闸,2026-04-19 20:57:04,0.92
刘原节制闸,2026-04-19 20:51:04,0.92
刘原节制闸,2026-04-19 20:46:04,0.92
刘原节制闸,2026-04-19 20:40:04,0.92
刘原节制闸,2026-04-19 20:35:04,0.92
刘原节制闸,2026-04-19 20:30:04,0.92
刘原节制闸,2026-04-19 20:24:04,0.92
刘原节制闸,2026-04-19 20:18:04,0.92
刘原节制闸,2026-04-19 20:13:04,0.92
刘原节制闸,2026-04-19 20:07:04,0.92
刘原节制闸,2026-04-19 20:01:04,0.92
刘原节制闸,2026-04-19 19:56:04,0.92
刘原节制闸,2026-04-19 19:50:04,0.92
刘原节制闸,2026-04-19 19:44:04,0.92
刘原节制闸,2026-04-19 19:38:04,0.93
刘原节制闸,2026-04-19 19:33:04,0.93
刘原节制闸,2026-04-19 19:27:04,0.93
刘原节制闸,2026-04-19 19:21:04,0.94
刘原节制闸,2026-04-19 19:16:04,0.94
刘原节制闸,2026-04-19 19:10:04,0.94
刘原节制闸,2026-04-19 19:04:04,0.94
刘原节制闸,2026-04-19 18:58:04,0.95
刘原节制闸,2026-04-19 18:53:04,0.94
刘原节制闸,2026-04-19 18:47:04,0.95
刘原节制闸,2026-04-19 18:41:04,0.95
刘原节制闸,2026-04-19 18:36:04,0.95
刘原节制闸,2026-04-19 18:30:04,0.96
刘原节制闸,2026-04-19 18:24:04,0.96
刘原节制闸,2026-04-19 18:19:04,0.96
刘原节制闸,2026-04-19 18:13:04,0.96
刘原节制闸,2026-04-19 18:08:04,0.96
刘原节制闸,2026-04-19 18:03:04,0.96
刘原节制闸,2026-04-19 17:57:04,0.97
刘原节制闸,2026-04-19 17:52:04,0.97
刘原节制闸,2026-04-19 17:47:04,0.98
刘原节制闸,2026-04-19 17:41:04,0.98
刘原节制闸,2026-04-19 17:36:04,0.98
刘原节制闸,2026-04-19 17:30:04,0.98
刘原节制闸,2026-04-19 17:25:04,0.98
刘原节制闸,2026-04-19 17:19:04,0.98
刘原节制闸,2026-04-19 17:13:04,0.99
刘原节制闸,2026-04-19 17:08:04,1.01
刘原节制闸,2026-04-19 17:02:04,1.01
刘原节制闸,2026-04-19 16:57:04,1.01
刘原节制闸,2026-04-19 16:51:04,1.0
刘原节制闸,2026-04-19 16:46:04,1.0
刘原节制闸,2026-04-19 16:40:04,1.0
刘原节制闸,2026-04-19 16:35:04,1.0
刘原节制闸,2026-04-19 16:30:04,1.0
刘原节制闸,2026-04-19 16:25:04,1.0
刘原节制闸,2026-04-19 16:20:04,1.0
刘原节制闸,2026-04-19 16:14:04,0.99
刘原节制闸,2026-04-19 16:08:04,1.0
刘原节制闸,2026-04-19 16:02:04,0.99
刘原节制闸,2026-04-19 15:56:04,0.99
刘原节制闸,2026-04-19 15:50:04,0.98
刘原节制闸,2026-04-19 15:44:04,0.98
刘原节制闸,2026-04-19 15:39:04,0.98
刘原节制闸,2026-04-19 15:33:04,0.97
刘原节制闸,2026-04-19 15:28:04,0.98
刘原节制闸,2026-04-19 15:22:04,0.97
刘原节制闸,2026-04-19 15:16:04,0.96
刘原节制闸,2026-04-19 15:11:04,0.97
刘原节制闸,2026-04-19 15:05:04,0.96
刘原节制闸,2026-04-19 15:00:04,0.97
刘原节制闸,2026-04-19 14:54:04,0.96
刘原节制闸,2026-04-19 14:49:04,0.96
刘原节制闸,2026-04-19 14:43:04,0.96
刘原节制闸,2026-04-19 14:37:04,0.95
刘原节制闸,2026-04-19 14:32:04,0.97
刘原节制闸,2026-04-19 14:27:04,0.96
刘原节制闸,2026-04-19 14:22:04,0.96
刘原节制闸,2026-04-19 14:16:04,0.96
刘原节制闸,2026-04-19 14:11:04,0.97
刘原节制闸,2026-04-19 14:05:04,0.96
刘原节制闸,2026-04-19 14:00:04,0.96
刘原节制闸,2026-04-19 13:54:04,0.97
刘原节制闸,2026-04-19 13:49:04,0.97
刘原节制闸,2026-04-19 13:43:04,0.97
刘原节制闸,2026-04-19 13:38:04,0.98
刘原节制闸,2026-04-19 13:32:04,0.98
刘原节制闸,2026-04-19 13:27:04,0.98
刘原节制闸,2026-04-19 13:21:04,0.98
刘原节制闸,2026-04-19 13:15:04,0.99
刘原节制闸,2026-04-19 13:10:04,0.99
刘原节制闸,2026-04-19 13:05:04,0.98
刘原节制闸,2026-04-19 12:59:04,0.99
刘原节制闸,2026-04-19 12:54:04,1.0
刘原节制闸,2026-04-19 12:48:04,1.0
刘原节制闸,2026-04-19 12:42:04,1.0
刘原节制闸,2026-04-19 12:37:04,1.0
刘原节制闸,2026-04-19 12:31:04,1.0
刘原节制闸,2026-04-19 12:26:04,1.0
刘原节制闸,2026-04-19 12:20:04,1.0
刘原节制闸,2026-04-19 12:15:04,0.98
刘原节制闸,2026-04-19 12:09:04,0.97
刘原节制闸,2026-04-19 12:03:04,0.96
刘原节制闸,2026-04-19 11:57:04,0.97
刘原节制闸,2026-04-19 11:52:04,0.96
刘原节制闸,2026-04-19 11:46:04,0.97
刘原节制闸,2026-04-19 11:41:04,0.97
刘原节制闸,2026-04-19 11:35:04,0.96
刘原节制闸,2026-04-19 11:30:04,0.96
刘原节制闸,2026-04-19 11:24:04,0.95
刘原节制闸,2026-04-19 11:18:04,0.96
刘原节制闸,2026-04-19 11:12:04,0.96
刘原节制闸,2026-04-19 11:06:04,0.96
刘原节制闸,2026-04-19 11:01:04,0.95
刘原节制闸,2026-04-19 10:55:04,0.96
刘原节制闸,2026-04-19 10:50:04,0.96
刘原节制闸,2026-04-19 10:45:04,0.95
刘原节制闸,2026-04-19 10:39:04,0.96
刘原节制闸,2026-04-19 10:33:04,0.95
刘原节制闸,2026-04-19 10:27:04,0.95
刘原节制闸,2026-04-19 10:21:04,0.96
刘原节制闸,2026-04-19 10:16:04,0.96
刘原节制闸,2026-04-19 10:11:04,0.97
刘原节制闸,2026-04-19 10:05:04,0.97
刘原节制闸,2026-04-19 09:59:04,0.97
刘原节制闸,2026-04-19 09:54:04,0.98
刘原节制闸,2026-04-19 09:48:04,0.98
刘原节制闸,2026-04-19 09:42:04,0.99
刘原节制闸,2026-04-19 09:36:04,0.99
刘原节制闸,2026-04-19 09:30:04,0.99
刘原节制闸,2026-04-19 09:24:04,1.0
刘原节制闸,2026-04-19 09:18:04,1.01
刘原节制闸,2026-04-19 09:12:04,1.02
刘原节制闸,2026-04-19 09:06:04,1.02
刘原节制闸,2026-04-19 09:01:04,1.02
刘原节制闸,2026-04-19 08:55:04,1.03
刘原节制闸,2026-04-19 08:50:04,1.03
刘原节制闸,2026-04-19 08:45:04,1.04
刘原节制闸,2026-04-19 08:40:04,1.05
刘原节制闸,2026-04-19 08:35:04,1.06
刘原节制闸,2026-04-19 08:29:04,1.06
刘原节制闸,2026-04-19 08:23:04,1.06
刘原节制闸,2026-04-19 08:18:04,1.07
刘原节制闸,2026-04-19 08:12:04,1.07
刘原节制闸,2026-04-19 08:06:04,1.09
刘原节制闸,2026-04-19 08:00:04,1.09
刘原节制闸,2026-04-19 07:54:04,1.09
刘原节制闸,2026-04-19 07:48:04,1.09
刘原节制闸,2026-04-19 07:42:04,1.1
刘原节制闸,2026-04-19 07:36:04,1.1
刘原节制闸,2026-04-19 07:30:04,1.1
刘原节制闸,2026-04-19 07:25:04,1.1
刘原节制闸,2026-04-19 07:19:04,1.11
刘原节制闸,2026-04-19 07:14:04,1.11
刘原节制闸,2026-04-19 07:08:04,1.12
刘原节制闸,2026-04-19 07:02:04,1.11
刘原节制闸,2026-04-19 06:56:04,1.11
刘原节制闸,2026-04-19 06:51:04,1.11
刘原节制闸,2026-04-19 06:46:04,1.12
刘原节制闸,2026-04-19 06:40:04,1.11
刘原节制闸,2026-04-19 06:34:04,1.11
刘原节制闸,2026-04-19 06:28:04,1.1
刘原节制闸,2026-04-19 06:23:04,1.1
刘原节制闸,2026-04-19 06:18:04,1.1
刘原节制闸,2026-04-19 06:12:04,1.09
刘原节制闸,2026-04-19 06:06:04,1.09
刘原节制闸,2026-04-19 06:01:04,1.09
刘原节制闸,2026-04-19 05:56:04,1.09
刘原节制闸,2026-04-19 05:50:04,1.08
刘原节制闸,2026-04-19 05:45:04,1.08
刘原节制闸,2026-04-19 05:40:04,1.07
刘原节制闸,2026-04-19 05:34:04,1.07
刘原节制闸,2026-04-19 05:28:04,1.07
刘原节制闸,2026-04-19 05:22:04,1.06
刘原节制闸,2026-04-19 05:17:04,1.06
刘原节制闸,2026-04-19 05:11:04,1.05
刘原节制闸,2026-04-19 05:05:04,1.04
刘原节制闸,2026-04-19 04:59:04,1.05
刘原节制闸,2026-04-19 04:54:03,1.04
刘原节制闸,2026-04-19 04:48:04,1.04
刘原节制闸,2026-04-19 04:42:04,1.03
刘原节制闸,2026-04-19 04:37:03,1.03
刘原节制闸,2026-04-19 04:32:03,1.03
刘原节制闸,2026-04-19 04:26:04,1.02
刘原节制闸,2026-04-19 04:21:03,1.02
刘原节制闸,2026-04-19 04:16:03,1.02
刘原节制闸,2026-04-19 04:10:04,1.01
刘原节制闸,2026-04-19 04:05:03,1.01
刘原节制闸,2026-04-19 04:00:03,1.0
刘原节制闸,2026-04-19 03:54:04,1.0
刘原节制闸,2026-04-19 03:49:03,0.99
刘原节制闸,2026-04-19 03:44:03,0.99
刘原节制闸,2026-04-19 03:38:03,0.99
刘原节制闸,2026-04-19 03:32:03,0.98
刘原节制闸,2026-04-19 03:27:03,0.98
刘原节制闸,2026-04-19 03:22:03,0.98
刘原节制闸,2026-04-19 03:16:04,0.97
刘原节制闸,2026-04-19 03:11:03,0.97
刘原节制闸,2026-04-19 03:05:04,0.96
刘原节制闸,2026-04-19 02:59:03,0.97
刘原节制闸,2026-04-19 02:54:03,0.96
刘原节制闸,2026-04-19 02:48:03,0.96
刘原节制闸,2026-04-19 02:43:03,0.95
刘原节制闸,2026-04-19 02:38:03,0.94
刘原节制闸,2026-04-19 02:32:03,0.94
刘原节制闸,2026-04-19 02:26:03,0.94
刘原节制闸,2026-04-19 02:21:03,0.94
刘原节制闸,2026-04-19 02:15:03,0.94
刘原节制闸,2026-04-19 02:10:03,0.93
刘原节制闸,2026-04-19 02:04:03,0.92
刘原节制闸,2026-04-19 01:59:03,0.92
刘原节制闸,2026-04-19 01:53:03,0.91
刘原节制闸,2026-04-19 01:47:03,0.91
刘原节制闸,2026-04-19 01:42:03,0.91
刘原节制闸,2026-04-19 01:36:03,0.91
刘原节制闸,2026-04-19 01:30:03,0.91
刘原节制闸,2026-04-19 01:24:03,0.91
刘原节制闸,2026-04-19 01:19:03,0.9
刘原节制闸,2026-04-19 01:13:03,0.9
刘原节制闸,2026-04-19 01:08:03,0.9
刘原节制闸,2026-04-19 01:03:03,0.9
刘原节制闸,2026-04-19 00:57:03,0.9
刘原节制闸,2026-04-19 00:51:03,0.9
刘原节制闸,2026-04-19 00:46:03,0.9
刘原节制闸,2026-04-19 00:41:03,0.9
刘原节制闸,2026-04-19 00:35:03,0.89
刘原节制闸,2026-04-19 00:29:03,0.9
刘原节制闸,2026-04-19 00:23:03,0.89
刘原节制闸,2026-04-19 00:17:03,0.89
刘原节制闸,2026-04-19 00:12:03,0.89
刘原节制闸,2026-04-19 00:06:03,0.89
刘原节制闸,2026-04-19 00:01:03,0.88
刘原节制闸,2026-04-18 23:55:03,0.88
刘原节制闸,2026-04-18 23:49:03,0.88
刘原节制闸,2026-04-18 23:43:03,0.88
刘原节制闸,2026-04-18 23:38:03,0.87
刘原节制闸,2026-04-18 23:32:03,0.87
刘原节制闸,2026-04-18 23:27:03,0.87
刘原节制闸,2026-04-18 23:21:03,0.87
刘原节制闸,2026-04-18 23:15:03,0.87
刘原节制闸,2026-04-18 23:10:03,0.86
刘原节制闸,2026-04-18 23:04:03,0.85
刘原节制闸,2026-04-18 22:58:03,0.86
刘原节制闸,2026-04-18 22:53:03,0.86
刘原节制闸,2026-04-18 22:47:03,0.85
刘原节制闸,2026-04-18 22:41:03,0.85
刘原节制闸,2026-04-18 22:36:03,0.85
刘原节制闸,2026-04-18 22:31:03,0.84
刘原节制闸,2026-04-18 22:25:03,0.84
刘原节制闸,2026-04-18 22:19:03,0.84
刘原节制闸,2026-04-18 22:14:03,0.84
刘原节制闸,2026-04-18 22:08:03,0.83
刘原节制闸,2026-04-18 22:03:03,0.83
刘原节制闸,2026-04-18 21:57:03,0.83
刘原节制闸,2026-04-18 21:51:03,0.83
刘原节制闸,2026-04-18 21:46:03,0.83
刘原节制闸,2026-04-18 21:40:03,0.83
刘原节制闸,2026-04-18 21:35:03,0.83
刘原节制闸,2026-04-18 21:29:03,0.82
刘原节制闸,2026-04-18 21:23:03,0.83
刘原节制闸,2026-04-18 21:17:03,0.83
刘原节制闸,2026-04-18 21:12:03,0.83
刘原节制闸,2026-04-18 21:06:03,0.82
刘原节制闸,2026-04-18 21:00:03,0.82
刘原节制闸,2026-04-18 20:55:03,0.82
刘原节制闸,2026-04-18 20:49:03,0.83
刘原节制闸,2026-04-18 20:44:03,0.82
刘原节制闸,2026-04-18 20:39:03,0.83
刘原节制闸,2026-04-18 20:33:03,0.83
刘原节制闸,2026-04-18 20:28:03,0.83
刘原节制闸,2026-04-18 20:23:03,0.83
刘原节制闸,2026-04-18 20:18:03,0.83
刘原节制闸,2026-04-18 20:13:03,0.84
刘原节制闸,2026-04-18 20:07:03,0.84
刘原节制闸,2026-04-18 20:01:03,0.84
刘原节制闸,2026-04-18 19:56:03,0.84
刘原节制闸,2026-04-18 19:50:03,0.84
刘原节制闸,2026-04-18 19:44:03,0.84
刘原节制闸,2026-04-18 19:38:03,0.84
刘原节制闸,2026-04-18 19:33:03,0.84
刘原节制闸,2026-04-18 19:28:03,0.85
刘原节制闸,2026-04-18 19:22:03,0.85
刘原节制闸,2026-04-18 19:16:03,0.85
刘原节制闸,2026-04-18 19:10:03,0.85
刘原节制闸,2026-04-18 19:05:03,0.85
刘原节制闸,2026-04-18 18:59:03,0.86
刘原节制闸,2026-04-18 18:53:03,0.85
刘原节制闸,2026-04-18 18:47:03,0.85
刘原节制闸,2026-04-18 18:42:03,0.86
刘原节制闸,2026-04-18 18:37:03,0.86
刘原节制闸,2026-04-18 18:32:03,0.85
刘原节制闸,2026-04-18 18:27:03,0.86
刘原节制闸,2026-04-18 18:21:03,0.86
刘原节制闸,2026-04-18 18:16:03,0.86
刘原节制闸,2026-04-18 18:11:03,0.86
刘原节制闸,2026-04-18 18:05:03,0.86
刘原节制闸,2026-04-18 17:59:03,0.87
刘原节制闸,2026-04-18 17:54:03,0.87
刘原节制闸,2026-04-18 17:48:03,0.87
刘原节制闸,2026-04-18 17:43:03,0.87
刘原节制闸,2026-04-18 17:37:03,0.88
刘原节制闸,2026-04-18 17:32:03,0.88
刘原节制闸,2026-04-18 17:27:03,0.88
刘原节制闸,2026-04-18 17:21:03,0.88
刘原节制闸,2026-04-18 17:16:03,0.89
刘原节制闸,2026-04-18 17:10:03,0.89
刘原节制闸,2026-04-18 17:04:03,0.89
刘原节制闸,2026-04-18 16:59:03,0.89
刘原节制闸,2026-04-18 16:54:03,0.89
刘原节制闸,2026-04-18 16:48:03,0.9
刘原节制闸,2026-04-18 16:42:03,0.9
刘原节制闸,2026-04-18 16:36:03,0.9
刘原节制闸,2026-04-18 16:31:03,0.9
刘原节制闸,2026-04-18 16:26:03,0.9
刘原节制闸,2026-04-18 16:20:03,0.9
刘原节制闸,2026-04-18 16:15:03,0.91
刘原节制闸,2026-04-18 16:10:03,0.91
刘原节制闸,2026-04-18 16:04:03,0.91
刘原节制闸,2026-04-18 15:58:03,0.91
刘原节制闸,2026-04-18 15:53:03,0.92
刘原节制闸,2026-04-18 15:47:03,0.91
刘原节制闸,2026-04-18 15:41:03,0.92
刘原节制闸,2026-04-18 15:36:03,0.91
刘原节制闸,2026-04-18 15:31:03,0.92
刘原节制闸,2026-04-18 15:26:03,0.92
刘原节制闸,2026-04-18 15:20:03,0.92
刘原节制闸,2026-04-18 15:15:03,0.92
刘原节制闸,2026-04-18 15:09:03,0.92
刘原节制闸,2026-04-18 15:03:03,0.92
刘原节制闸,2026-04-18 14:57:03,0.92
刘原节制闸,2026-04-18 14:51:03,0.92
刘原节制闸,2026-04-18 14:45:03,0.93
刘原节制闸,2026-04-18 14:39:03,0.93
刘原节制闸,2026-04-18 14:33:03,0.92
刘原节制闸,2026-04-18 14:28:03,0.93
刘原节制闸,2026-04-18 14:22:03,0.92
刘原节制闸,2026-04-18 14:17:03,0.93
刘原节制闸,2026-04-18 14:11:03,0.92
刘原节制闸,2026-04-18 14:06:03,0.93
刘原节制闸,2026-04-18 14:00:03,0.93
刘原节制闸,2026-04-18 13:54:03,0.92
刘原节制闸,2026-04-18 13:48:03,0.93
刘原节制闸,2026-04-18 13:42:03,0.93
刘原节制闸,2026-04-18 13:37:03,0.93
刘原节制闸,2026-04-18 13:31:03,0.93
刘原节制闸,2026-04-18 13:25:03,0.93
刘原节制闸,2026-04-18 13:19:03,0.93
刘原节制闸,2026-04-18 13:13:03,0.92
刘原节制闸,2026-04-18 13:07:03,0.93
刘原节制闸,2026-04-18 13:01:03,0.93
刘原节制闸,2026-04-18 12:55:03,0.93
刘原节制闸,2026-04-18 12:49:03,0.93
刘原节制闸,2026-04-18 12:44:03,0.92
刘原节制闸,2026-04-18 12:38:03,0.92
刘原节制闸,2026-04-18 12:33:03,0.93
刘原节制闸,2026-04-18 12:27:03,0.93
刘原节制闸,2026-04-18 12:21:03,0.93
刘原节制闸,2026-04-18 12:16:03,0.93
刘原节制闸,2026-04-18 12:10:03,0.94
刘原节制闸,2026-04-18 12:05:03,0.93
刘原节制闸,2026-04-18 11:59:03,0.92
刘原节制闸,2026-04-18 11:53:03,0.92
刘原节制闸,2026-04-18 11:48:03,0.93
刘原节制闸,2026-04-18 11:42:03,0.93
刘原节制闸,2026-04-18 11:37:03,0.92
刘原节制闸,2026-04-18 11:31:03,0.94
刘原节制闸,2026-04-18 11:26:03,0.94
刘原节制闸,2026-04-18 11:21:03,0.96
刘原节制闸,2026-04-18 11:15:03,0.97
刘原节制闸,2026-04-18 11:10:03,0.97
刘原节制闸,2026-04-18 11:04:03,0.98
刘原节制闸,2026-04-18 10:59:03,0.99
刘原节制闸,2026-04-18 10:54:03,0.98
刘原节制闸,2026-04-18 10:48:03,0.99
刘原节制闸,2026-04-18 10:42:03,0.98
刘原节制闸,2026-04-18 10:37:03,0.98
刘原节制闸,2026-04-18 10:31:03,0.98
刘原节制闸,2026-04-18 10:25:03,0.98
刘原节制闸,2026-04-18 10:20:03,0.97
刘原节制闸,2026-04-18 10:15:03,0.98
刘原节制闸,2026-04-18 10:09:03,0.97
刘原节制闸,2026-04-18 10:04:03,0.97
刘原节制闸,2026-04-18 09:58:03,0.97
刘原节制闸,2026-04-18 09:52:03,0.97
刘原节制闸,2026-04-18 09:46:03,0.98
刘原节制闸,2026-04-18 09:41:03,0.97
刘原节制闸,2026-04-18 09:35:03,0.97
刘原节制闸,2026-04-18 09:30:03,0.95
刘原节制闸,2026-04-18 09:24:03,0.95
刘原节制闸,2026-04-18 09:19:03,0.95
刘原节制闸,2026-04-18 09:13:03,0.96
刘原节制闸,2026-04-18 09:07:03,0.96
刘原节制闸,2026-04-18 09:01:03,0.95
刘原节制闸,2026-04-18 08:55:03,0.96
刘原节制闸,2026-04-18 08:50:03,0.96
刘原节制闸,2026-04-18 08:45:03,0.96
刘原节制闸,2026-04-18 08:39:03,0.96
刘原节制闸,2026-04-18 08:34:03,0.96
刘原节制闸,2026-04-18 08:28:03,0.96
刘原节制闸,2026-04-18 08:23:03,0.97
刘原节制闸,2026-04-18 08:17:03,0.97
刘原节制闸,2026-04-18 08:12:03,0.97
刘原节制闸,2026-04-18 08:06:03,0.97
刘原节制闸,2026-04-18 08:01:03,0.98
刘原节制闸,2026-04-18 07:55:03,0.97
刘原节制闸,2026-04-18 07:50:03,0.98
刘原节制闸,2026-04-18 07:44:03,0.98
刘原节制闸,2026-04-18 07:39:03,0.99
刘原节制闸,2026-04-18 07:33:03,0.99
刘原节制闸,2026-04-18 07:27:03,0.99
刘原节制闸,2026-04-18 07:21:03,0.99
刘原节制闸,2026-04-18 07:15:03,1.0
刘原节制闸,2026-04-18 07:10:03,1.0
刘原节制闸,2026-04-18 07:04:03,1.0
刘原节制闸,2026-04-18 06:58:03,1.0
刘原节制闸,2026-04-18 06:53:03,1.0
刘原节制闸,2026-04-18 06:47:03,1.0
刘原节制闸,2026-04-18 06:42:03,1.0
刘原节制闸,2026-04-18 06:36:03,1.01
刘原节制闸,2026-04-18 06:30:03,1.0
刘原节制闸,2026-04-18 06:25:03,1.01
刘原节制闸,2026-04-18 06:19:03,1.0
刘原节制闸,2026-04-18 06:14:03,1.0
刘原节制闸,2026-04-18 06:09:03,1.0
刘原节制闸,2026-04-18 06:03:03,1.0
刘原节制闸,2026-04-18 05:58:03,1.0
刘原节制闸,2026-04-18 05:52:03,1.0
刘原节制闸,2026-04-18 05:47:03,1.0
刘原节制闸,2026-04-18 05:41:03,1.0
刘原节制闸,2026-04-18 05:36:03,1.0
刘原节制闸,2026-04-18 05:30:03,0.99
刘原节制闸,2026-04-18 05:25:03,0.99
刘原节制闸,2026-04-18 05:19:03,0.99
刘原节制闸,2026-04-18 05:14:03,0.99
刘原节制闸,2026-04-18 05:08:03,1.0
刘原节制闸,2026-04-18 05:03:03,0.99
刘原节制闸,2026-04-18 04:57:03,0.99
刘原节制闸,2026-04-18 04:52:03,0.99
刘原节制闸,2026-04-18 04:46:03,0.99
刘原节制闸,2026-04-18 04:40:03,0.99
刘原节制闸,2026-04-18 04:35:03,0.98
刘原节制闸,2026-04-18 04:30:03,0.98
刘原节制闸,2026-04-18 04:25:03,0.98
刘原节制闸,2026-04-18 04:19:03,0.98
刘原节制闸,2026-04-18 04:13:03,0.98
刘原节制闸,2026-04-18 04:07:03,0.98
刘原节制闸,2026-04-18 04:01:03,0.97
刘原节制闸,2026-04-18 03:56:03,0.97
刘原节制闸,2026-04-18 03:50:03,0.97
刘原节制闸,2026-04-18 03:44:03,0.97
刘原节制闸,2026-04-18 03:39:03,0.97
刘原节制闸,2026-04-18 03:34:03,0.96
刘原节制闸,2026-04-18 03:29:03,0.96
刘原节制闸,2026-04-18 03:23:03,0.96
刘原节制闸,2026-04-18 03:18:03,0.96
刘原节制闸,2026-04-18 03:12:03,0.96
刘原节制闸,2026-04-18 03:06:03,0.95
刘原节制闸,2026-04-18 03:00:03,0.95
刘原节制闸,2026-04-18 02:55:03,0.96
刘原节制闸,2026-04-18 02:50:03,0.95
刘原节制闸,2026-04-18 02:44:03,0.95
刘原节制闸,2026-04-18 02:39:03,0.95
刘原节制闸,2026-04-18 02:34:03,0.95
刘原节制闸,2026-04-18 02:29:03,0.95
刘原节制闸,2026-04-18 02:23:03,0.95
刘原节制闸,2026-04-18 02:17:03,0.95
刘原节制闸,2026-04-18 02:11:03,0.95
刘原节制闸,2026-04-18 02:06:03,0.94
刘原节制闸,2026-04-18 02:00:03,0.95
刘原节制闸,2026-04-18 01:55:03,0.94
刘原节制闸,2026-04-18 01:50:03,0.93
刘原节制闸,2026-04-18 01:45:03,0.94
刘原节制闸,2026-04-18 01:39:03,0.93
刘原节制闸,2026-04-18 01:34:03,0.93
刘原节制闸,2026-04-18 01:28:03,0.93
刘原节制闸,2026-04-18 01:23:03,0.93
刘原节制闸,2026-04-18 01:17:03,0.93
刘原节制闸,2026-04-18 01:12:03,0.92
刘原节制闸,2026-04-18 01:03:03,0.91
刘原节制闸,2026-04-18 01:01:03,0.92
刘原节制闸,2026-04-18 00:55:03,0.91
刘原节制闸,2026-04-18 00:50:03,0.91
刘原节制闸,2026-04-18 00:44:03,0.91
刘原节制闸,2026-04-18 00:38:03,0.9
刘原节制闸,2026-04-18 00:33:03,0.9
刘原节制闸,2026-04-18 00:27:03,0.9
刘原节制闸,2026-04-18 00:21:03,0.9
刘原节制闸,2026-04-18 00:15:03,0.9
刘原节制闸,2026-04-18 00:10:03,0.89
刘原节制闸,2026-04-18 00:04:03,0.89
刘原节制闸,2026-04-17 23:58:03,0.89
刘原节制闸,2026-04-17 23:53:03,0.88
刘原节制闸,2026-04-17 23:48:03,0.89
刘原节制闸,2026-04-17 23:42:03,0.89
刘原节制闸,2026-04-17 23:36:03,0.89
刘原节制闸,2026-04-17 23:31:03,0.89
刘原节制闸,2026-04-17 23:26:03,0.89
刘原节制闸,2026-04-17 23:21:03,0.88
刘原节制闸,2026-04-17 23:15:03,0.88
刘原节制闸,2026-04-17 23:09:03,0.89
刘原节制闸,2026-04-17 23:02:03,0.88
刘原节制闸,2026-04-17 22:58:03,0.88
刘原节制闸,2026-04-17 22:53:03,0.88
刘原节制闸,2026-04-17 22:48:03,0.89
刘原节制闸,2026-04-17 22:42:03,0.88
刘原节制闸,2026-04-17 22:36:03,0.88
刘原节制闸,2026-04-17 22:30:03,0.88
刘原节制闸,2026-04-17 22:25:02,0.88
刘原节制闸,2026-04-17 22:20:02,0.88
刘原节制闸,2026-04-17 22:15:02,0.88
刘原节制闸,2026-04-17 22:09:02,0.88
刘原节制闸,2026-04-17 22:03:03,0.88
刘原节制闸,2026-04-17 21:58:02,0.89
刘原节制闸,2026-04-17 21:52:03,0.87
刘原节制闸,2026-04-17 21:47:02,0.88
刘原节制闸,2026-04-17 21:42:02,0.88
刘原节制闸,2026-04-17 21:36:03,0.88
刘原节制闸,2026-04-17 21:31:02,0.88
刘原节制闸,2026-04-17 21:25:02,0.88
刘原节制闸,2026-04-17 21:20:02,0.88
刘原节制闸,2026-04-17 21:15:02,0.88
刘原节制闸,2026-04-17 21:09:02,0.89
刘原节制闸,2026-04-17 21:03:03,0.88
刘原节制闸,2026-04-17 20:58:02,0.89
刘原节制闸,2026-04-17 20:52:02,0.88
刘原节制闸,2026-04-17 20:46:02,0.89
刘原节制闸,2026-04-17 20:41:02,0.89
刘原节制闸,2026-04-17 20:35:02,0.89
刘原节制闸,2026-04-17 20:29:02,0.89
刘原节制闸,2026-04-17 20:23:02,0.89
刘原节制闸,2026-04-17 20:18:02,0.89
刘原节制闸,2026-04-17 20:12:02,0.89
刘原节制闸,2026-04-17 20:06:02,0.89
刘原节制闸,2026-04-17 20:00:02,0.9
刘原节制闸,2026-04-17 19:55:02,0.9
刘原节制闸,2026-04-17 19:50:02,0.9
刘原节制闸,2026-04-17 19:44:02,0.9
刘原节制闸,2026-04-17 19:38:02,0.91
刘原节制闸,2026-04-17 19:32:02,0.9
刘原节制闸,2026-04-17 19:27:02,0.91
刘原节制闸,2026-04-17 19:22:02,0.91
刘原节制闸,2026-04-17 19:16:02,0.91
刘原节制闸,2026-04-17 19:10:02,0.91
刘原节制闸,2026-04-17 19:05:02,0.92
刘原节制闸,2026-04-17 18:59:02,0.92
刘原节制闸,2026-04-17 18:54:02,0.92
刘原节制闸,2026-04-17 18:48:02,0.91
刘原节制闸,2026-04-17 18:43:02,0.92
刘原节制闸,2026-04-17 18:37:02,0.91
刘原节制闸,2026-04-17 18:31:02,0.93
刘原节制闸,2026-04-17 18:26:02,0.92
刘原节制闸,2026-04-17 18:21:02,0.92
刘原节制闸,2026-04-17 18:16:02,0.92
刘原节制闸,2026-04-17 18:11:02,0.92
刘原节制闸,2026-04-17 18:06:02,0.91
刘原节制闸,2026-04-17 18:01:02,0.91
刘原节制闸,2026-04-17 17:55:02,0.91
刘原节制闸,2026-04-17 17:49:02,0.91
刘原节制闸,2026-04-17 17:43:02,0.91
刘原节制闸,2026-04-17 17:38:02,0.91
刘原节制闸,2026-04-17 17:32:02,0.91
刘原节制闸,2026-04-17 17:26:02,0.91
刘原节制闸,2026-04-17 17:20:02,0.9
刘原节制闸,2026-04-17 17:14:02,0.89
刘原节制闸,2026-04-17 17:08:02,0.9
刘原节制闸,2026-04-17 17:03:02,0.9
刘原节制闸,2026-04-17 16:58:02,0.9
刘原节制闸,2026-04-17 16:52:02,0.89
刘原节制闸,2026-04-17 16:46:02,0.89
刘原节制闸,2026-04-17 16:41:02,0.88
刘原节制闸,2026-04-17 16:35:02,0.88
刘原节制闸,2026-04-17 16:30:02,0.88
刘原节制闸,2026-04-17 16:25:02,0.88
刘原节制闸,2026-04-17 16:20:02,0.9
刘原节制闸,2026-04-17 16:14:02,0.9
刘原节制闸,2026-04-17 16:09:02,0.89
刘原节制闸,2026-04-17 16:04:02,0.88
刘原节制闸,2026-04-17 15:58:02,0.89
刘原节制闸,2026-04-17 15:53:02,0.89
刘原节制闸,2026-04-17 15:47:02,0.88
刘原节制闸,2026-04-17 15:41:02,0.89
刘原节制闸,2026-04-17 15:35:02,0.86
刘原节制闸,2026-04-17 15:29:02,0.87
刘原节制闸,2026-04-17 15:24:02,0.88
刘原节制闸,2026-04-17 15:18:02,0.87
刘原节制闸,2026-04-17 15:12:02,0.87
刘原节制闸,2026-04-17 15:06:02,0.89
刘原节制闸,2026-04-17 15:01:02,0.88
刘原节制闸,2026-04-17 14:55:02,0.89
刘原节制闸,2026-04-17 14:49:02,0.88
刘原节制闸,2026-04-17 14:44:02,0.89
刘原节制闸,2026-04-17 14:38:02,0.89
刘原节制闸,2026-04-17 14:32:02,0.88
刘原节制闸,2026-04-17 14:27:02,0.89
刘原节制闸,2026-04-17 14:22:02,0.88
刘原节制闸,2026-04-17 14:16:02,0.89
刘原节制闸,2026-04-17 14:10:02,0.88
刘原节制闸,2026-04-17 14:04:02,0.88
刘原节制闸,2026-04-17 13:58:02,0.88
刘原节制闸,2026-04-17 13:53:02,0.89
刘原节制闸,2026-04-17 13:48:02,0.88
刘原节制闸,2026-04-17 13:43:02,0.88
刘原节制闸,2026-04-17 13:37:02,0.88
刘原节制闸,2026-04-17 13:31:02,0.88
刘原节制闸,2026-04-17 13:26:02,0.88
刘原节制闸,2026-04-17 13:20:02,0.87
刘原节制闸,2026-04-17 13:15:02,0.88
刘原节制闸,2026-04-17 13:09:02,0.88
刘原节制闸,2026-04-17 13:03:02,0.88
刘原节制闸,2026-04-17 12:58:02,0.87
刘原节制闸,2026-04-17 12:52:02,0.86
刘原节制闸,2026-04-17 12:46:02,0.87
刘原节制闸,2026-04-17 12:41:02,0.87
刘原节制闸,2026-04-17 12:35:02,0.87
刘原节制闸,2026-04-17 12:29:02,0.88
刘原节制闸,2026-04-17 12:24:02,0.87
刘原节制闸,2026-04-17 12:18:02,0.88
刘原节制闸,2026-04-17 12:12:02,0.88
刘原节制闸,2026-04-17 12:07:02,0.88
刘原节制闸,2026-04-17 12:01:02,0.88
刘原节制闸,2026-04-17 11:56:02,0.88
刘原节制闸,2026-04-17 11:50:02,0.88
刘原节制闸,2026-04-17 11:45:02,0.88
刘原节制闸,2026-04-17 11:40:02,0.88
刘原节制闸,2026-04-17 11:35:02,0.88
刘原节制闸,2026-04-17 11:29:02,0.89
刘原节制闸,2026-04-17 11:24:02,0.89
刘原节制闸,2026-04-17 11:18:02,0.88
刘原节制闸,2026-04-17 11:12:02,0.89
刘原节制闸,2026-04-17 11:07:02,0.9
刘原节制闸,2026-04-17 11:01:02,0.89
刘原节制闸,2026-04-17 10:56:02,0.9
刘原节制闸,2026-04-17 10:50:02,0.9
刘原节制闸,2026-04-17 10:44:02,0.9
刘原节制闸,2026-04-17 10:39:02,0.9
刘原节制闸,2026-04-17 10:33:02,0.89
刘原节制闸,2026-04-17 10:28:02,0.9
刘原节制闸,2026-04-17 10:22:02,0.89
刘原节制闸,2026-04-17 10:17:02,0.9
刘原节制闸,2026-04-17 10:11:02,0.9
刘原节制闸,2026-04-17 10:05:02,0.9
刘原节制闸,2026-04-17 10:00:02,0.89
刘原节制闸,2026-04-17 09:54:02,0.9
刘原节制闸,2026-04-17 09:48:02,0.89
刘原节制闸,2026-04-17 09:43:02,0.89
刘原节制闸,2026-04-17 09:37:02,0.89
刘原节制闸,2026-04-17 09:31:02,0.89
刘原节制闸,2026-04-17 09:26:02,0.89
刘原节制闸,2026-04-17 09:21:02,0.89
刘原节制闸,2026-04-17 09:15:02,0.89
刘原节制闸,2026-04-17 09:09:02,0.89
刘原节制闸,2026-04-17 09:04:02,0.89
刘原节制闸,2026-04-17 08:58:04,0.89
刘原节制闸,2026-04-17 08:52:02,0.89
刘原节制闸,2026-04-17 08:47:02,0.89
刘原节制闸,2026-04-17 08:42:02,0.89
刘原节制闸,2026-04-17 08:36:02,0.89
刘原节制闸,2026-04-17 08:30:02,0.89
刘原节制闸,2026-04-17 08:25:02,0.89
刘原节制闸,2026-04-17 08:19:02,0.9
刘原节制闸,2026-04-17 08:13:02,0.9
刘原节制闸,2026-04-17 08:08:02,0.9
刘原节制闸,2026-04-17 08:03:02,0.9
刘原节制闸,2026-04-17 07:57:02,0.9
刘原节制闸,2026-04-17 07:51:02,0.9
刘原节制闸,2026-04-17 07:45:02,0.9
刘原节制闸,2026-04-17 07:40:02,0.9
刘原节制闸,2026-04-17 07:34:02,0.9
刘原节制闸,2026-04-17 07:29:02,0.9
刘原节制闸,2026-04-17 07:24:02,0.91
刘原节制闸,2026-04-17 07:19:02,0.9
刘原节制闸,2026-04-17 07:14:02,0.91
刘原节制闸,2026-04-17 07:08:02,0.91
刘原节制闸,2026-04-17 07:02:02,0.9
刘原节制闸,2026-04-17 06:56:02,0.91
刘原节制闸,2026-04-17 06:50:02,0.91
刘原节制闸,2026-04-17 06:45:02,0.92
刘原节制闸,2026-04-17 06:40:02,0.93
刘原节制闸,2026-04-17 06:34:02,0.93
刘原节制闸,2026-04-17 06:28:02,0.93
刘原节制闸,2026-04-17 06:23:02,0.91
刘原节制闸,2026-04-17 06:18:02,0.95
刘原节制闸,2026-04-17 06:13:02,1.01
刘原节制闸,2026-04-17 06:08:02,0.97
刘原节制闸,2026-04-17 06:02:02,0.95
刘原节制闸,2026-04-17 05:56:02,0.98
刘原节制闸,2026-04-17 05:50:02,0.92
刘原节制闸,2026-04-17 05:44:02,0.97
刘原节制闸,2026-04-17 05:39:02,1.0
刘原节制闸,2026-04-17 05:34:02,1.0
刘原节制闸,2026-04-17 05:28:02,0.97
刘原节制闸,2026-04-17 05:22:02,0.93
刘原节制闸,2026-04-17 05:17:02,0.9
刘原节制闸,2026-04-17 05:11:02,0.94
刘原节制闸,2026-04-17 05:06:02,0.93
刘原节制闸,2026-04-17 05:01:02,0.87
刘原节制闸,2026-04-17 04:55:02,0.93
刘原节制闸,2026-04-17 04:49:02,0.96
刘原节制闸,2026-04-17 04:44:02,0.95
刘原节制闸,2026-04-17 04:38:02,0.93
刘原节制闸,2026-04-17 04:33:02,0.92
刘原节制闸,2026-04-17 04:27:02,0.9
刘原节制闸,2026-04-17 04:22:02,0.88
刘原节制闸,2026-04-17 04:16:02,0.86
刘原节制闸,2026-04-17 04:11:02,0.84
刘原节制闸,2026-04-17 04:05:02,0.83
刘原节制闸,2026-04-17 03:59:02,0.82
刘原节制闸,2026-04-17 03:54:02,0.81
刘原节制闸,2026-04-17 03:49:02,0.79
刘原节制闸,2026-04-17 03:43:02,0.78
刘原节制闸,2026-04-17 03:38:02,0.77
刘原节制闸,2026-04-17 03:32:02,0.76
刘原节制闸,2026-04-17 03:27:02,0.75
刘原节制闸,2026-04-17 03:21:02,0.74
刘原节制闸,2026-04-17 03:16:02,0.74
刘原节制闸,2026-04-17 03:11:02,0.73
刘原节制闸,2026-04-17 03:05:02,0.73
刘原节制闸,2026-04-17 02:59:02,0.72
刘原节制闸,2026-04-17 02:54:02,0.72
刘原节制闸,2026-04-17 02:48:02,0.71
刘原节制闸,2026-04-17 02:42:02,0.71
刘原节制闸,2026-04-17 02:36:02,0.71
刘原节制闸,2026-04-17 02:31:02,0.7
刘原节制闸,2026-04-17 02:26:02,0.67
刘原节制闸,2026-04-17 02:20:02,0.67
刘原节制闸,2026-04-17 02:14:02,0.66
刘原节制闸,2026-04-17 02:09:02,0.65
刘原节制闸,2026-04-17 02:03:02,0.66
刘原节制闸,2026-04-17 01:58:02,0.65
刘原节制闸,2026-04-17 01:53:02,0.66
刘原节制闸,2026-04-17 01:48:02,0.65
刘原节制闸,2026-04-17 01:42:02,0.64
刘原节制闸,2026-04-17 01:36:02,0.64
刘原节制闸,2026-04-17 01:31:02,0.63
刘原节制闸,2026-04-17 01:25:02,0.62
刘原节制闸,2026-04-17 01:20:02,0.6
刘原节制闸,2026-04-17 01:15:02,0.58
刘原节制闸,2026-04-17 01:09:02,0.55
刘原节制闸,2026-04-17 01:04:02,0.43
刘原节制闸,2026-04-17 00:58:02,0.32
刘原节制闸,2026-04-17 00:53:02,0.32
刘原节制闸,2026-04-17 00:48:02,0.32
刘原节制闸,2026-04-17 00:42:02,0.32
刘原节制闸,2026-04-17 00:37:02,0.32
刘原节制闸,2026-04-17 00:31:02,0.32
刘原节制闸,2026-04-17 00:25:02,0.32
刘原节制闸,2026-04-17 00:20:02,0.32
刘原节制闸,2026-04-17 00:15:02,0.32
刘原节制闸,2026-04-17 00:10:02,0.32
刘原节制闸,2026-04-17 00:05:02,0.32
刘原节制闸,2026-04-16 23:59:02,0.32
刘原节制闸,2026-04-16 23:54:02,0.32
刘原节制闸,2026-04-16 23:48:02,0.32
刘原节制闸,2026-04-16 23:43:02,0.32
刘原节制闸,2026-04-16 23:38:02,0.32
刘原节制闸,2026-04-16 23:32:02,0.32
刘原节制闸,2026-04-16 23:26:02,0.32
刘原节制闸,2026-04-16 23:20:02,0.32
刘原节制闸,2026-04-16 23:15:02,0.32
刘原节制闸,2026-04-16 23:10:02,0.32
刘原节制闸,2026-04-16 23:03:02,0.32
刘原节制闸,2026-04-16 22:59:02,0.32
刘原节制闸,2026-04-16 22:54:02,0.32
刘原节制闸,2026-04-16 22:48:02,0.32
刘原节制闸,2026-04-16 22:43:02,0.32
刘原节制闸,2026-04-16 22:38:02,0.32
刘原节制闸,2026-04-16 22:32:02,0.32
刘原节制闸,2026-04-16 22:26:02,0.32
刘原节制闸,2026-04-16 22:21:02,0.32
刘原节制闸,2026-04-16 22:16:02,0.32
刘原节制闸,2026-04-16 22:10:02,0.32
刘原节制闸,2026-04-16 22:04:02,0.32
刘原节制闸,2026-04-16 21:59:02,0.32
刘原节制闸,2026-04-16 21:53:37,0.32
刘原节制闸,2026-04-16 20:50:40,0.32
刘原节制闸,2026-04-16 16:22:02,0.32
刘原节制闸,2026-04-16 16:16:02,0.32
刘原节制闸,2026-04-16 16:10:02,0.32
刘原节制闸,2026-04-16 16:05:02,0.32
刘原节制闸,2026-04-16 15:59:02,0.32
刘原节制闸,2026-04-16 15:54:02,0.32
刘原节制闸,2026-04-16 15:48:02,0.32
刘原节制闸,2026-04-16 15:43:02,0.32
刘原节制闸,2026-04-16 15:38:02,0.32
刘原节制闸,2026-04-16 15:32:02,0.32
刘原节制闸,2026-04-16 15:27:02,0.32
刘原节制闸,2026-04-16 15:21:02,0.32
刘原节制闸,2026-04-16 15:16:02,0.32
刘原节制闸,2026-04-16 15:10:02,0.32
刘原节制闸,2026-04-16 15:04:02,0.32
刘原节制闸,2026-04-16 14:58:02,0.32
刘原节制闸,2026-04-16 14:52:02,0.32
刘原节制闸,2026-04-16 14:46:01,0.32
刘原节制闸,2026-04-16 14:40:02,0.32
刘原节制闸,2026-04-16 14:35:02,0.32
刘原节制闸,2026-04-16 14:30:02,0.32
刘原节制闸,2026-04-16 14:24:02,0.32
刘原节制闸,2026-04-16 14:19:01,0.32
刘原节制闸,2026-04-16 14:13:02,0.32
刘原节制闸,2026-04-16 14:08:01,0.32
刘原节制闸,2026-04-16 14:02:02,0.32
刘原节制闸,2026-04-16 13:57:02,0.32
刘原节制闸,2026-04-16 13:51:02,0.32
刘原节制闸,2026-04-16 13:46:01,0.32
刘原节制闸,2026-04-16 13:40:02,0.32
刘原节制闸,2026-04-16 13:35:01,0.32
刘原节制闸,2026-04-16 13:30:01,0.32
刘原节制闸,2026-04-16 13:24:01,0.32
刘原节制闸,2026-04-16 13:18:01,0.32
刘原节制闸,2026-04-16 13:13:01,0.32
刘原节制闸,2026-04-16 13:07:01,0.32
刘原节制闸,2026-04-16 13:02:01,0.32
刘原节制闸,2026-04-16 12:56:01,0.32
刘原节制闸,2026-04-16 12:50:02,0.32
刘原节制闸,2026-04-16 12:45:01,0.32
刘原节制闸,2026-04-16 12:40:01,0.32
刘原节制闸,2026-04-16 12:35:01,0.32
刘原节制闸,2026-04-16 12:30:01,0.32
刘原节制闸,2026-04-16 12:24:01,0.32
刘原节制闸,2026-04-16 12:19:01,0.32
刘原节制闸,2026-04-16 12:13:01,0.32
刘原节制闸,2026-04-16 12:07:01,0.32
刘原节制闸,2026-04-16 12:01:01,0.32
刘原节制闸,2026-04-16 11:56:01,0.32
刘原节制闸,2026-04-16 11:51:01,0.32
刘原节制闸,2026-04-16 11:46:01,0.32
刘原节制闸,2026-04-16 11:41:01,0.32
刘原节制闸,2026-04-16 11:35:01,0.32
刘原节制闸,2026-04-16 11:30:01,0.32
刘原节制闸,2026-04-16 11:24:01,0.32
刘原节制闸,2026-04-16 11:18:01,0.32
刘原节制闸,2026-04-16 11:13:01,0.32
刘原节制闸,2026-04-16 11:08:01,0.32
刘原节制闸,2026-04-16 11:02:01,0.32
刘原节制闸,2026-04-16 10:57:01,0.32
刘原节制闸,2026-04-16 10:51:01,0.32
刘原节制闸,2026-04-16 10:45:01,0.32
刘原节制闸,2026-04-16 10:39:01,0.32
刘原节制闸,2026-04-16 10:33:01,0.32
刘原节制闸,2026-04-16 10:27:01,0.32
刘原节制闸,2026-04-16 10:22:01,0.32
刘原节制闸,2026-04-16 10:16:01,0.32
刘原节制闸,2026-04-16 10:10:01,0.32
刘原节制闸,2026-04-16 10:05:01,0.32
刘原节制闸,2026-04-16 10:00:01,0.32
刘原节制闸,2026-04-16 09:54:01,0.32
刘原节制闸,2026-04-16 09:48:01,0.32
刘原节制闸,2026-04-16 09:43:01,0.32
刘原节制闸,2026-04-16 09:37:01,0.32
刘原节制闸,2026-04-16 09:32:01,0.32
刘原节制闸,2026-04-16 09:26:01,0.32
刘原节制闸,2026-04-16 09:20:01,0.32
刘原节制闸,2026-04-16 09:14:01,0.32
刘原节制闸,2026-04-16 09:09:01,0.32
刘原节制闸,2026-04-16 09:03:01,0.32
刘原节制闸,2026-04-16 08:58:01,0.32
刘原节制闸,2026-04-16 08:53:01,0.32
刘原节制闸,2026-04-16 08:47:01,0.32
刘原节制闸,2026-04-16 08:42:01,0.33
刘原节制闸,2026-04-16 08:36:01,0.34
刘原节制闸,2026-04-16 08:31:01,0.35
刘原节制闸,2026-04-16 08:26:01,0.35
刘原节制闸,2026-04-16 08:21:01,0.36
刘原节制闸,2026-04-16 08:16:01,0.37
刘原节制闸,2026-04-16 08:10:01,0.38
刘原节制闸,2026-04-16 08:04:01,0.39
刘原节制闸,2026-04-16 07:58:01,0.41
刘原节制闸,2026-04-16 07:52:01,0.42
刘原节制闸,2026-04-16 07:47:01,0.42
刘原节制闸,2026-04-16 07:42:01,0.47
刘原节制闸,2026-04-16 07:37:01,0.48
刘原节制闸,2026-04-16 07:31:03,0.51
刘原节制闸,2026-04-16 07:25:01,0.52
刘原节制闸,2026-04-16 07:19:01,0.51
刘原节制闸,2026-04-16 07:14:01,0.5
刘原节制闸,2026-04-16 07:09:01,0.47
刘原节制闸,2026-04-16 07:04:01,0.5
刘原节制闸,2026-04-16 06:58:01,0.58
刘原节制闸,2026-04-16 06:52:40,0.58
刘原节制闸,2026-04-16 06:46:01,0.58
刘原节制闸,2026-04-16 06:41:01,0.59
刘原节制闸,2026-04-16 06:35:01,0.59
刘原节制闸,2026-04-16 06:29:01,0.59
刘原节制闸,2026-04-16 06:24:01,0.59
刘原节制闸,2026-04-16 06:19:01,0.6
刘原节制闸,2026-04-16 06:13:01,0.6
刘原节制闸,2026-04-16 06:08:01,0.61
刘原节制闸,2026-04-16 06:03:01,0.61
刘原节制闸,2026-04-16 05:57:01,0.61
刘原节制闸,2026-04-16 05:52:01,0.61
刘原节制闸,2026-04-16 05:47:01,0.61
刘原节制闸,2026-04-16 05:41:01,0.61
刘原节制闸,2026-04-16 05:35:01,0.61
刘原节制闸,2026-04-16 05:30:01,0.62
刘原节制闸,2026-04-16 05:24:01,0.62
刘原节制闸,2026-04-16 05:19:01,0.62
刘原节制闸,2026-04-16 05:13:01,0.62
刘原节制闸,2026-04-16 05:08:01,0.62
刘原节制闸,2026-04-16 05:03:01,0.62
刘原节制闸,2026-04-16 04:57:01,0.62
刘原节制闸,2026-04-16 04:52:01,0.62
刘原节制闸,2026-04-16 04:46:01,0.62
刘原节制闸,2026-04-16 04:40:01,0.62
刘原节制闸,2026-04-16 04:34:01,0.61
刘原节制闸,2026-04-16 04:29:01,0.61
刘原节制闸,2026-04-16 04:23:01,0.61
刘原节制闸,2026-04-16 04:18:01,0.61
刘原节制闸,2026-04-16 04:12:01,0.61
刘原节制闸,2026-04-16 04:07:01,0.61
刘原节制闸,2026-04-16 04:02:01,0.61
刘原节制闸,2026-04-16 03:56:01,0.6
刘原节制闸,2026-04-16 03:50:01,0.6
刘原节制闸,2026-04-16 03:45:01,0.6
刘原节制闸,2026-04-16 03:40:01,0.6
刘原节制闸,2026-04-16 03:35:01,0.6
刘原节制闸,2026-04-16 03:30:01,0.6
刘原节制闸,2026-04-16 03:24:01,0.6
刘原节制闸,2026-04-16 03:18:01,0.6
刘原节制闸,2026-04-16 03:12:01,0.6
刘原节制闸,2026-04-16 03:06:01,0.59
刘原节制闸,2026-04-16 03:01:01,0.59
刘原节制闸,2026-04-16 02:56:01,0.59
刘原节制闸,2026-04-16 02:50:01,0.59
刘原节制闸,2026-04-16 02:44:01,0.59
刘原节制闸,2026-04-16 02:39:01,0.59
刘原节制闸,2026-04-16 02:34:01,0.59
刘原节制闸,2026-04-16 02:28:01,0.59
刘原节制闸,2026-04-16 02:23:01,0.59
刘原节制闸,2026-04-16 02:17:01,0.59
刘原节制闸,2026-04-16 02:11:01,0.59
刘原节制闸,2026-04-16 02:06:01,0.59
刘原节制闸,2026-04-16 02:00:01,0.59
刘原节制闸,2026-04-16 01:55:01,0.58
刘原节制闸,2026-04-16 01:49:01,0.58
刘原节制闸,2026-04-16 01:44:01,0.58
刘原节制闸,2026-04-16 01:38:01,0.58
刘原节制闸,2026-04-16 01:33:01,0.58
刘原节制闸,2026-04-16 01:27:01,0.58
刘原节制闸,2026-04-16 01:21:01,0.58
刘原节制闸,2026-04-16 01:15:01,0.58
刘原节制闸,2026-04-16 01:10:01,0.58
刘原节制闸,2026-04-16 01:05:01,0.58
刘原节制闸,2026-04-16 00:59:01,0.58
刘原节制闸,2026-04-16 00:53:01,0.58
刘原节制闸,2026-04-16 00:47:01,0.58
刘原节制闸,2026-04-16 00:41:01,0.58
刘原节制闸,2026-04-16 00:36:01,0.58
刘原节制闸,2026-04-16 00:30:01,0.58
刘原节制闸,2026-04-16 00:24:01,0.58
刘原节制闸,2026-04-16 00:18:01,0.58
刘原节制闸,2026-04-16 00:13:01,0.58
刘原节制闸,2026-04-16 00:08:01,0.58
刘原节制闸,2026-04-16 00:03:01,0.58
刘原节制闸,2026-04-15 23:57:01,0.58
刘原节制闸,2026-04-15 23:51:01,0.58
刘原节制闸,2026-04-15 23:45:01,0.58
刘原节制闸,2026-04-15 23:40:01,0.58
刘原节制闸,2026-04-15 23:34:01,0.58
刘原节制闸,2026-04-15 23:28:01,0.58
刘原节制闸,2026-04-15 23:23:01,0.58
刘原节制闸,2026-04-15 23:17:01,0.58
刘原节制闸,2026-04-15 23:12:01,0.58
刘原节制闸,2026-04-15 23:05:01,0.58
刘原节制闸,2026-04-15 23:01:01,0.58
刘原节制闸,2026-04-15 22:56:01,0.58
刘原节制闸,2026-04-15 22:51:01,0.58
刘原节制闸,2026-04-15 22:45:01,0.58
刘原节制闸,2026-04-15 22:40:01,0.58
刘原节制闸,2026-04-15 22:34:01,0.58
刘原节制闸,2026-04-15 22:28:01,0.58
刘原节制闸,2026-04-15 22:22:01,0.58
刘原节制闸,2026-04-15 22:17:01,0.58
刘原节制闸,2026-04-15 22:11:01,0.58
刘原节制闸,2026-04-15 22:05:01,0.58
刘原节制闸,2026-04-15 22:00:01,0.58
刘原节制闸,2026-04-15 21:54:01,0.58
刘原节制闸,2026-04-15 21:48:01,0.58
刘原节制闸,2026-04-15 21:42:01,0.57
刘原节制闸,2026-04-15 21:37:01,0.57
刘原节制闸,2026-04-15 21:31:01,0.57
刘原节制闸,2026-04-15 21:25:01,0.57
刘原节制闸,2026-04-15 21:20:01,0.57
刘原节制闸,2026-04-15 21:14:01,0.57
刘原节制闸,2026-04-15 21:08:01,0.57
刘原节制闸,2026-04-15 21:02:01,0.57
刘原节制闸,2026-04-15 20:57:01,0.57
刘原节制闸,2026-04-15 20:51:01,0.57
刘原节制闸,2026-04-15 20:46:01,0.57
刘原节制闸,2026-04-15 20:40:01,0.57
刘原节制闸,2026-04-15 20:35:01,0.57
刘原节制闸,2026-04-15 20:29:01,0.57
刘原节制闸,2026-04-15 20:23:01,0.57
刘原节制闸,2026-04-15 20:17:01,0.57
刘原节制闸,2026-04-15 20:12:01,0.57
刘原节制闸,2026-04-15 20:06:01,0.57
刘原节制闸,2026-04-15 20:01:01,0.57
刘原节制闸,2026-04-15 19:55:01,0.57
刘原节制闸,2026-04-15 19:50:01,0.58
刘原节制闸,2026-04-15 19:44:01,0.58
刘原节制闸,2026-04-15 19:38:01,0.58
刘原节制闸,2026-04-15 19:33:01,0.58
刘原节制闸,2026-04-15 19:27:01,0.56
刘原节制闸,2026-04-15 19:21:01,0.55
刘原节制闸,2026-04-15 19:16:01,0.55
刘原节制闸,2026-04-15 19:10:01,0.56
刘原节制闸,2026-04-15 19:05:01,0.56
刘原节制闸,2026-04-15 19:00:01,0.56
刘原节制闸,2026-04-15 18:54:01,0.56
刘原节制闸,2026-04-15 18:48:01,0.56
刘原节制闸,2026-04-15 18:42:01,0.56
刘原节制闸,2026-04-15 18:37:01,0.56
刘原节制闸,2026-04-15 18:31:01,0.57
刘原节制闸,2026-04-15 18:25:01,0.57
刘原节制闸,2026-04-15 18:19:01,0.57
刘原节制闸,2026-04-15 18:13:01,0.58
刘原节制闸,2026-04-15 18:08:01,0.58
刘原节制闸,2026-04-15 18:02:01,0.58
刘原节制闸,2026-04-15 17:56:01,0.58
刘原节制闸,2026-04-15 17:50:01,0.58
刘原节制闸,2026-04-15 17:45:01,0.59
刘原节制闸,2026-04-15 17:39:01,0.59
刘原节制闸,2026-04-15 17:34:01,0.59
刘原节制闸,2026-04-15 17:28:01,0.59
刘原节制闸,2026-04-15 17:22:01,0.59
刘原节制闸,2026-04-15 17:16:01,0.6
刘原节制闸,2026-04-15 17:10:01,0.6
刘原节制闸,2026-04-15 17:05:01,0.6
刘原节制闸,2026-04-15 16:59:01,0.6
刘原节制闸,2026-04-15 16:53:01,0.6
刘原节制闸,2026-04-15 16:47:01,0.6
刘原节制闸,2026-04-15 16:41:01,0.6
刘原节制闸,2026-04-15 16:35:01,0.61
刘原节制闸,2026-04-15 16:30:01,0.61
刘原节制闸,2026-04-15 16:24:01,0.61
刘原节制闸,2026-04-15 16:18:01,0.61
刘原节制闸,2026-04-15 16:12:01,0.61
刘原节制闸,2026-04-15 16:06:01,0.62
刘原节制闸,2026-04-15 16:00:01,0.62
刘原节制闸,2026-04-15 15:55:01,0.62
刘原节制闸,2026-04-15 15:49:01,0.62
刘原节制闸,2026-04-15 15:44:01,0.62
刘原节制闸,2026-04-15 15:38:01,0.62
刘原节制闸,2026-04-15 15:33:01,0.63
刘原节制闸,2026-04-15 15:27:01,0.63
刘原节制闸,2026-04-15 15:22:01,0.63
刘原节制闸,2026-04-15 15:17:01,0.63
刘原节制闸,2026-04-15 15:11:03,0.64
刘原节制闸,2026-04-15 15:06:01,0.64
刘原节制闸,2026-04-15 15:00:01,0.64
刘原节制闸,2026-04-15 14:55:01,0.64
刘原节制闸,2026-04-15 14:49:01,0.65
刘原节制闸,2026-04-15 14:44:01,0.65
刘原节制闸,2026-04-15 14:39:01,0.65
刘原节制闸,2026-04-15 14:33:01,0.65
刘原节制闸,2026-04-15 14:27:01,0.65
刘原节制闸,2026-04-15 14:22:01,0.66
刘原节制闸,2026-04-15 14:16:01,0.66
刘原节制闸,2026-04-15 14:11:01,0.67
刘原节制闸,2026-04-15 14:05:01,0.67
刘原节制闸,2026-04-15 14:00:01,0.67
刘原节制闸,2026-04-15 13:54:01,0.67
刘原节制闸,2026-04-15 13:48:01,0.68
刘原节制闸,2026-04-15 13:42:01,0.68
刘原节制闸,2026-04-15 13:36:01,0.68
刘原节制闸,2026-04-15 13:31:01,0.68
刘原节制闸,2026-04-15 13:26:01,0.68
刘原节制闸,2026-04-15 13:20:01,0.68
刘原节制闸,2026-04-15 13:15:01,0.69
刘原节制闸,2026-04-15 13:10:01,0.69
刘原节制闸,2026-04-15 13:04:01,0.69
刘原节制闸,2026-04-15 12:58:01,0.69
刘原节制闸,2026-04-15 12:53:01,0.69
刘原节制闸,2026-04-15 12:47:01,0.69
刘原节制闸,2026-04-15 12:41:01,0.7
刘原节制闸,2026-04-15 12:35:01,0.7
刘原节制闸,2026-04-15 12:30:01,0.7
刘原节制闸,2026-04-15 12:24:01,0.7
刘原节制闸,2026-04-15 12:18:01,0.7
刘原节制闸,2026-04-15 12:12:01,0.7
刘原节制闸,2026-04-15 12:06:01,0.71
刘原节制闸,2026-04-15 12:00:01,0.71
刘原节制闸,2026-04-15 11:54:01,0.71
刘原节制闸,2026-04-15 11:49:01,0.71
刘原节制闸,2026-04-15 11:43:01,0.71
刘原节制闸,2026-04-15 11:37:01,0.71
刘原节制闸,2026-04-15 11:31:01,0.71
刘原节制闸,2026-04-15 11:25:01,0.71
刘原节制闸,2026-04-15 11:20:01,0.72
刘原节制闸,2026-04-15 11:14:01,0.71
刘原节制闸,2026-04-15 11:08:01,0.72
刘原节制闸,2026-04-15 11:03:01,0.72
刘原节制闸,2026-04-15 10:58:01,0.72
刘原节制闸,2026-04-15 10:53:01,0.72
刘原节制闸,2026-04-15 10:47:01,0.72
刘原节制闸,2026-04-15 10:42:01,0.72
刘原节制闸,2026-04-15 10:36:01,0.73
刘原节制闸,2026-04-15 10:31:01,0.73
刘原节制闸,2026-04-15 10:26:01,0.72
刘原节制闸,2026-04-15 10:20:01,0.73
刘原节制闸,2026-04-15 10:14:01,0.73
刘原节制闸,2026-04-15 10:08:01,0.73
刘原节制闸,2026-04-15 10:03:01,0.73
刘原节制闸,2026-04-15 09:57:01,0.73
刘原节制闸,2026-04-15 09:51:01,0.73
刘原节制闸,2026-04-15 09:45:01,0.75
刘原节制闸,2026-04-15 09:40:01,0.72
刘原节制闸,2026-04-15 09:34:01,0.73
刘原节制闸,2026-04-15 09:28:01,0.73
刘原节制闸,2026-04-15 09:22:01,0.73
刘原节制闸,2026-04-15 09:16:01,0.73
刘原节制闸,2026-04-15 09:11:01,0.73
刘原节制闸,2026-04-15 09:05:01,0.74
刘原节制闸,2026-04-15 09:00:01,0.75
刘原节制闸,2026-04-15 08:54:01,0.73
刘原节制闸,2026-04-15 08:49:01,0.73
刘原节制闸,2026-04-15 08:44:01,0.73
刘原节制闸,2026-04-15 08:39:01,0.73
刘原节制闸,2026-04-15 08:33:01,0.74
刘原节制闸,2026-04-15 08:27:01,0.74
刘原节制闸,2026-04-15 08:22:01,0.74
刘原节制闸,2026-04-15 08:16:01,0.74
刘原节制闸,2026-04-15 08:10:01,0.75
刘原节制闸,2026-04-15 08:04:01,0.75
刘原节制闸,2026-04-15 07:58:01,0.75
刘原节制闸,2026-04-15 07:52:01,0.75
刘原节制闸,2026-04-15 07:46:01,0.75
刘原节制闸,2026-04-15 07:41:01,0.76
刘原节制闸,2026-04-15 07:36:01,0.76
刘原节制闸,2026-04-15 07:30:01,0.76
刘原节制闸,2026-04-15 07:24:01,0.76
刘原节制闸,2026-04-15 07:19:01,0.77
刘原节制闸,2026-04-15 07:13:01,0.77
刘原节制闸,2026-04-15 07:08:01,0.77
刘原节制闸,2026-04-15 07:02:01,0.77
刘原节制闸,2026-04-15 06:57:01,0.77
刘原节制闸,2026-04-15 06:51:01,0.78
刘原节制闸,2026-04-15 06:45:01,0.78
刘原节制闸,2026-04-15 06:40:01,0.78
刘原节制闸,2026-04-15 06:34:01,0.79
刘原节制闸,2026-04-15 06:28:01,0.79
刘原节制闸,2026-04-15 06:22:01,0.79
刘原节制闸,2026-04-15 06:17:01,0.79
刘原节制闸,2026-04-15 06:11:01,0.79
刘原节制闸,2026-04-15 06:06:01,0.79
刘原节制闸,2026-04-15 06:01:01,0.79
刘原节制闸,2026-04-15 05:56:00,0.79
刘原节制闸,2026-04-15 05:50:10,0.79
刘原节制闸,2026-04-15 05:45:01,0.79
刘原节制闸,2026-04-15 05:40:01,0.79
刘原节制闸,2026-04-15 05:34:01,0.79
刘原节制闸,2026-04-15 05:29:01,0.79
刘原节制闸,2026-04-15 05:24:01,0.8
刘原节制闸,2026-04-15 05:18:01,0.8
刘原节制闸,2026-04-15 05:12:01,0.8
刘原节制闸,2026-04-15 05:07:01,0.79
刘原节制闸,2026-04-15 05:01:01,0.8
刘原节制闸,2026-04-15 04:56:00,0.8
刘原节制闸,2026-04-15 04:50:01,0.8
刘原节制闸,2026-04-15 04:44:01,0.8
刘原节制闸,2026-04-15 04:39:01,0.8
刘原节制闸,2026-04-15 04:33:01,0.8
刘原节制闸,2026-04-15 04:27:01,0.8
刘原节制闸,2026-04-15 04:22:01,0.8
刘原节制闸,2026-04-15 04:16:01,0.8
刘原节制闸,2026-04-15 04:11:01,0.8
刘原节制闸,2026-04-15 04:05:00,0.8
刘原节制闸,2026-04-15 04:00:00,0.8
刘原节制闸,2026-04-15 03:54:01,0.8
刘原节制闸,2026-04-15 03:48:01,0.8
刘原节制闸,2026-04-15 03:42:01,0.8
刘原节制闸,2026-04-15 03:37:01,0.8
刘原节制闸,2026-04-15 03:31:01,0.8
刘原节制闸,2026-04-15 03:26:00,0.8
刘原节制闸,2026-04-15 03:20:00,0.8
刘原节制闸,2026-04-15 03:14:00,0.81
刘原节制闸,2026-04-15 03:09:00,0.81
刘原节制闸,2026-04-15 03:03:01,0.81
刘原节制闸,2026-04-15 02:57:01,0.81
刘原节制闸,2026-04-15 02:51:00,0.81
刘原节制闸,2026-04-15 02:46:00,0.81
刘原节制闸,2026-04-15 02:40:00,0.81
刘原节制闸,2026-04-15 02:34:01,0.81
刘原节制闸,2026-04-15 02:28:00,0.81
刘原节制闸,2026-04-15 02:23:00,0.81
刘原节制闸,2026-04-15 02:18:00,0.81
刘原节制闸,2026-04-15 02:12:00,0.81
刘原节制闸,2026-04-15 02:06:00,0.81
刘原节制闸,2026-04-15 02:01:00,0.81
刘原节制闸,2026-04-15 01:56:00,0.81
刘原节制闸,2026-04-15 01:50:00,0.81
刘原节制闸,2026-04-15 01:44:00,0.81
刘原节制闸,2026-04-15 01:39:00,0.81
刘原节制闸,2026-04-15 01:33:00,0.81
刘原节制闸,2026-04-15 01:28:00,0.81
刘原节制闸,2026-04-15 01:23:00,0.81
刘原节制闸,2026-04-15 01:18:00,0.81
刘原节制闸,2026-04-15 01:13:00,0.81
刘原节制闸,2026-04-15 01:07:00,0.82
刘原节制闸,2026-04-15 01:01:00,0.82
刘原节制闸,2026-04-15 00:56:00,0.81
刘原节制闸,2026-04-15 00:50:00,0.82
刘原节制闸,2026-04-15 00:45:00,0.82
刘原节制闸,2026-04-15 00:40:00,0.82
刘原节制闸,2026-04-15 00:34:00,0.82
刘原节制闸,2026-04-15 00:28:00,0.82
刘原节制闸,2026-04-15 00:22:00,0.82
刘原节制闸,2026-04-15 00:16:00,0.82
刘原节制闸,2026-04-15 00:11:00,0.82
刘原节制闸,2026-04-15 00:05:00,0.82
刘原节制闸,2026-04-14 23:59:00,0.82
刘原节制闸,2026-04-14 23:54:00,0.82
刘原节制闸,2026-04-14 23:49:00,0.82
刘原节制闸,2026-04-14 23:43:00,0.82
刘原节制闸,2026-04-14 23:37:00,0.82
刘原节制闸,2026-04-14 23:32:00,0.82
刘原节制闸,2026-04-14 23:27:00,0.82
刘原节制闸,2026-04-14 23:22:00,0.83
刘原节制闸,2026-04-14 23:16:00,0.83
刘原节制闸,2026-04-14 23:10:00,0.83
刘原节制闸,2026-04-14 23:03:00,0.83
刘原节制闸,2026-04-14 22:58:00,0.83
刘原节制闸,2026-04-14 22:53:00,0.83
刘原节制闸,2026-04-14 22:47:00,0.83
刘原节制闸,2026-04-14 22:42:00,0.83
刘原节制闸,2026-04-14 22:36:00,0.83
刘原节制闸,2026-04-14 22:30:00,0.83
刘原节制闸,2026-04-14 22:25:00,0.83
刘原节制闸,2026-04-14 22:19:00,0.83
刘原节制闸,2026-04-14 22:13:00,0.83
刘原节制闸,2026-04-14 22:08:00,0.83
刘原节制闸,2026-04-14 22:02:00,0.84
刘原节制闸,2026-04-14 21:57:00,0.84
刘原节制闸,2026-04-14 21:51:00,0.84
刘原节制闸,2026-04-14 21:46:00,0.84
刘原节制闸,2026-04-14 21:40:00,0.84
刘原节制闸,2026-04-14 21:35:00,0.84
刘原节制闸,2026-04-14 21:29:00,0.84
刘原节制闸,2026-04-14 21:24:00,0.84
刘原节制闸,2026-04-14 21:18:00,0.84
刘原节制闸,2026-04-14 21:12:00,0.85
刘原节制闸,2026-04-14 21:06:00,0.85
刘原节制闸,2026-04-14 21:01:00,0.85
刘原节制闸,2026-04-14 20:55:00,0.85
刘原节制闸,2026-04-14 20:50:00,0.85
刘原节制闸,2026-04-14 20:45:00,0.85
刘原节制闸,2026-04-14 20:39:00,0.85
刘原节制闸,2026-04-14 20:34:00,0.85
刘原节制闸,2026-04-14 20:28:00,0.85
刘原节制闸,2026-04-14 20:22:00,0.85
刘原节制闸,2026-04-14 20:16:00,0.85
刘原节制闸,2026-04-14 20:11:00,0.85
刘原节制闸,2026-04-14 20:06:00,0.85
刘原节制闸,2026-04-14 20:01:00,0.85
刘原节制闸,2026-04-14 19:56:00,0.85
刘原节制闸,2026-04-14 19:51:00,0.85
刘原节制闸,2026-04-14 19:45:00,0.85
刘原节制闸,2026-04-14 19:40:00,0.85
刘原节制闸,2026-04-14 19:34:00,0.85
刘原节制闸,2026-04-14 19:29:00,0.85
刘原节制闸,2026-04-14 19:23:00,0.85
刘原节制闸,2026-04-14 19:17:00,0.85
刘原节制闸,2026-04-14 19:12:00,0.85
刘原节制闸,2026-04-14 19:06:00,0.85
刘原节制闸,2026-04-14 19:01:00,0.85
刘原节制闸,2026-04-14 18:55:00,0.85
刘原节制闸,2026-04-14 18:50:00,0.85
刘原节制闸,2026-04-14 18:44:00,0.85
刘原节制闸,2026-04-14 18:39:00,0.85
刘原节制闸,2026-04-14 18:34:00,0.85
刘原节制闸,2026-04-14 18:28:00,0.85
刘原节制闸,2026-04-14 18:23:00,0.85
刘原节制闸,2026-04-14 18:17:00,0.85
刘原节制闸,2026-04-14 18:12:00,0.85
刘原节制闸,2026-04-14 18:06:00,0.85
刘原节制闸,2026-04-14 18:00:00,0.85
刘原节制闸,2026-04-14 17:55:00,0.85
刘原节制闸,2026-04-14 17:49:00,0.85
刘原节制闸,2026-04-14 17:43:00,0.85
刘原节制闸,2026-04-14 17:38:00,0.85
刘原节制闸,2026-04-14 17:32:00,0.85
刘原节制闸,2026-04-14 17:26:00,0.85
刘原节制闸,2026-04-14 17:20:00,0.85
刘原节制闸,2026-04-14 17:15:00,0.85
刘原节制闸,2026-04-14 17:09:00,0.85
刘原节制闸,2026-04-14 17:03:00,0.84
刘原节制闸,2026-04-14 16:58:00,0.85
刘原节制闸,2026-04-14 16:53:00,0.85
刘原节制闸,2026-04-14 16:47:00,0.85
刘原节制闸,2026-04-14 16:41:00,0.85
刘原节制闸,2026-04-14 16:36:00,0.84
刘原节制闸,2026-04-14 16:31:00,0.84
刘原节制闸,2026-04-14 16:25:00,0.84
刘原节制闸,2026-04-14 16:20:00,0.84
刘原节制闸,2026-04-14 16:14:00,0.84
刘原节制闸,2026-04-14 16:09:00,0.84
刘原节制闸,2026-04-14 16:03:00,0.84
刘原节制闸,2026-04-14 15:57:00,0.84
刘原节制闸,2026-04-14 15:52:00,0.84
刘原节制闸,2026-04-14 15:46:00,0.84
刘原节制闸,2026-04-14 15:41:00,0.83
刘原节制闸,2026-04-14 15:35:00,0.84
刘原节制闸,2026-04-14 15:29:00,0.83
圪塔节制闸,2026-04-21 17:28:24,0.74
圪塔节制闸,2026-04-21 17:23:24,0.74
圪塔节制闸,2026-04-21 17:18:24,0.74
圪塔节制闸,2026-04-21 17:12:24,0.74
圪塔节制闸,2026-04-21 17:06:24,0.74
圪塔节制闸,2026-04-21 17:01:24,0.74
圪塔节制闸,2026-04-21 16:55:24,0.74
圪塔节制闸,2026-04-21 16:49:24,0.74
圪塔节制闸,2026-04-21 16:43:24,0.74
圪塔节制闸,2026-04-21 16:38:24,0.74
圪塔节制闸,2026-04-21 16:32:24,0.74
圪塔节制闸,2026-04-21 16:26:24,0.74
圪塔节制闸,2026-04-21 16:21:24,0.74
圪塔节制闸,2026-04-21 16:15:24,0.74
圪塔节制闸,2026-04-21 16:10:24,0.74
圪塔节制闸,2026-04-21 16:04:24,0.74
圪塔节制闸,2026-04-21 15:58:24,0.74
圪塔节制闸,2026-04-21 15:53:24,0.74
圪塔节制闸,2026-04-21 15:47:24,0.74
圪塔节制闸,2026-04-21 15:41:24,0.74
圪塔节制闸,2026-04-21 15:35:24,0.74
圪塔节制闸,2026-04-21 15:29:24,0.74
圪塔节制闸,2026-04-21 15:24:24,0.74
圪塔节制闸,2026-04-21 15:18:24,0.74
圪塔节制闸,2026-04-21 15:12:24,0.74
圪塔节制闸,2026-04-21 15:06:24,0.74
圪塔节制闸,2026-04-21 15:00:24,0.74
圪塔节制闸,2026-04-21 14:54:24,0.74
圪塔节制闸,2026-04-21 14:48:24,0.74
圪塔节制闸,2026-04-21 14:42:24,0.74
圪塔节制闸,2026-04-21 14:37:24,0.74
圪塔节制闸,2026-04-21 14:31:24,0.74
圪塔节制闸,2026-04-21 14:26:24,0.74
圪塔节制闸,2026-04-21 14:20:24,0.74
圪塔节制闸,2026-04-21 14:14:24,0.74
圪塔节制闸,2026-04-21 14:09:24,0.74
圪塔节制闸,2026-04-21 14:03:24,0.74
圪塔节制闸,2026-04-21 13:57:24,0.74
圪塔节制闸,2026-04-21 13:51:24,0.74
圪塔节制闸,2026-04-21 13:46:24,0.74
圪塔节制闸,2026-04-21 13:41:24,0.74
圪塔节制闸,2026-04-21 13:35:24,0.74
圪塔节制闸,2026-04-21 13:30:24,0.74
圪塔节制闸,2026-04-21 13:25:24,0.74
圪塔节制闸,2026-04-21 13:20:24,0.74
圪塔节制闸,2026-04-21 13:14:24,0.74
圪塔节制闸,2026-04-21 13:09:24,0.74
圪塔节制闸,2026-04-21 13:03:24,0.74
圪塔节制闸,2026-04-21 12:58:24,0.74
圪塔节制闸,2026-04-21 12:52:24,0.74
圪塔节制闸,2026-04-21 12:46:24,0.74
圪塔节制闸,2026-04-21 12:41:24,0.74
圪塔节制闸,2026-04-21 12:35:24,0.74
圪塔节制闸,2026-04-21 12:29:24,0.74
圪塔节制闸,2026-04-21 12:23:24,0.74
圪塔节制闸,2026-04-21 12:17:24,0.74
圪塔节制闸,2026-04-21 12:12:24,0.74
圪塔节制闸,2026-04-21 12:06:24,0.74
圪塔节制闸,2026-04-21 12:00:24,0.74
圪塔节制闸,2026-04-21 11:55:24,0.74
圪塔节制闸,2026-04-21 11:49:24,0.74
圪塔节制闸,2026-04-21 11:43:24,0.74
圪塔节制闸,2026-04-21 11:37:24,0.74
圪塔节制闸,2026-04-21 11:31:24,0.74
圪塔节制闸,2026-04-21 11:26:24,0.74
圪塔节制闸,2026-04-21 11:20:24,0.74
圪塔节制闸,2026-04-21 11:15:24,0.74
圪塔节制闸,2026-04-21 11:09:24,0.74
圪塔节制闸,2026-04-21 11:04:24,0.74
圪塔节制闸,2026-04-21 10:58:24,0.74
圪塔节制闸,2026-04-21 10:53:24,0.74
圪塔节制闸,2026-04-21 10:47:24,0.74
圪塔节制闸,2026-04-21 10:41:24,0.74
圪塔节制闸,2026-04-21 10:36:24,0.74
圪塔节制闸,2026-04-21 10:30:24,0.74
圪塔节制闸,2026-04-21 10:25:24,0.74
圪塔节制闸,2026-04-21 10:19:24,0.74
圪塔节制闸,2026-04-21 10:13:24,0.74
圪塔节制闸,2026-04-21 10:08:24,0.74
圪塔节制闸,2026-04-21 10:02:24,0.74
圪塔节制闸,2026-04-21 09:56:24,0.74
圪塔节制闸,2026-04-21 09:51:24,0.74
圪塔节制闸,2026-04-21 09:46:24,0.74
圪塔节制闸,2026-04-21 09:40:24,0.74
圪塔节制闸,2026-04-21 09:35:24,0.74
圪塔节制闸,2026-04-21 09:30:24,0.74
圪塔节制闸,2026-04-21 09:24:24,0.74
圪塔节制闸,2026-04-21 09:18:24,0.74
圪塔节制闸,2026-04-21 09:13:24,0.74
圪塔节制闸,2026-04-21 09:08:24,0.74
圪塔节制闸,2026-04-21 09:02:24,0.74
圪塔节制闸,2026-04-21 08:56:24,0.74
圪塔节制闸,2026-04-21 08:51:24,0.74
圪塔节制闸,2026-04-21 08:45:24,0.74
圪塔节制闸,2026-04-21 08:39:24,0.74
圪塔节制闸,2026-04-21 08:34:24,0.74
圪塔节制闸,2026-04-21 08:28:24,0.74
圪塔节制闸,2026-04-21 08:22:24,0.74
圪塔节制闸,2026-04-21 08:17:24,0.74
圪塔节制闸,2026-04-21 08:12:24,0.74
圪塔节制闸,2026-04-21 08:06:24,0.74
圪塔节制闸,2026-04-21 08:01:24,0.74
圪塔节制闸,2026-04-21 07:55:24,0.74
圪塔节制闸,2026-04-21 07:49:24,0.74
圪塔节制闸,2026-04-21 07:43:24,0.74
圪塔节制闸,2026-04-21 07:38:24,0.74
圪塔节制闸,2026-04-21 07:33:24,0.74
圪塔节制闸,2026-04-21 07:27:24,0.74
圪塔节制闸,2026-04-21 07:22:24,0.74
圪塔节制闸,2026-04-21 07:17:24,0.74
圪塔节制闸,2026-04-21 07:11:24,0.74
圪塔节制闸,2026-04-21 07:05:24,0.74
圪塔节制闸,2026-04-21 06:59:24,0.74
圪塔节制闸,2026-04-21 06:54:24,0.74
圪塔节制闸,2026-04-21 06:48:24,0.74
圪塔节制闸,2026-04-21 06:42:24,0.74
圪塔节制闸,2026-04-21 06:37:24,0.74
圪塔节制闸,2026-04-21 06:31:24,0.74
圪塔节制闸,2026-04-21 06:25:24,0.74
圪塔节制闸,2026-04-21 06:19:24,0.74
圪塔节制闸,2026-04-21 06:14:24,0.74
圪塔节制闸,2026-04-21 06:09:24,0.74
圪塔节制闸,2026-04-21 06:03:24,0.74
圪塔节制闸,2026-04-21 05:57:24,0.74
圪塔节制闸,2026-04-21 05:52:24,0.74
圪塔节制闸,2026-04-21 05:47:24,0.74
圪塔节制闸,2026-04-21 05:42:24,0.74
圪塔节制闸,2026-04-21 05:36:24,0.74
圪塔节制闸,2026-04-21 05:31:24,0.74
圪塔节制闸,2026-04-21 05:25:24,0.74
圪塔节制闸,2026-04-21 05:19:24,0.74
圪塔节制闸,2026-04-21 05:13:24,0.74
圪塔节制闸,2026-04-21 05:08:24,0.74
圪塔节制闸,2026-04-21 05:03:24,0.74
圪塔节制闸,2026-04-21 04:57:24,0.74
圪塔节制闸,2026-04-21 04:52:24,0.74
圪塔节制闸,2026-04-21 04:46:24,0.74
圪塔节制闸,2026-04-21 04:40:24,0.74
圪塔节制闸,2026-04-21 04:34:24,0.74
圪塔节制闸,2026-04-21 04:29:24,0.74
圪塔节制闸,2026-04-21 04:23:24,0.74
圪塔节制闸,2026-04-21 04:17:24,0.74
圪塔节制闸,2026-04-21 04:12:24,0.74
圪塔节制闸,2026-04-21 04:07:24,0.74
圪塔节制闸,2026-04-21 04:01:24,0.74
圪塔节制闸,2026-04-21 03:55:24,0.74
圪塔节制闸,2026-04-21 03:49:24,0.74
圪塔节制闸,2026-04-21 03:44:24,0.74
圪塔节制闸,2026-04-21 03:38:24,0.74
圪塔节制闸,2026-04-21 03:33:24,0.74
圪塔节制闸,2026-04-21 03:27:24,0.74
圪塔节制闸,2026-04-21 03:21:24,0.74
圪塔节制闸,2026-04-21 03:15:24,0.74
圪塔节制闸,2026-04-21 03:10:24,0.74
圪塔节制闸,2026-04-21 03:04:24,0.74
圪塔节制闸,2026-04-21 02:59:24,0.74
圪塔节制闸,2026-04-21 02:54:24,0.74
圪塔节制闸,2026-04-21 02:48:24,0.74
圪塔节制闸,2026-04-21 02:43:24,0.74
圪塔节制闸,2026-04-21 02:37:24,0.74
圪塔节制闸,2026-04-21 02:32:24,0.74
圪塔节制闸,2026-04-21 02:26:24,0.74
圪塔节制闸,2026-04-21 02:20:24,0.74
圪塔节制闸,2026-04-21 02:14:24,0.74
圪塔节制闸,2026-04-21 02:08:24,0.74
圪塔节制闸,2026-04-21 02:03:24,0.74
圪塔节制闸,2026-04-21 01:57:24,0.74
圪塔节制闸,2026-04-21 01:51:24,0.74
圪塔节制闸,2026-04-21 01:45:24,0.74
圪塔节制闸,2026-04-21 01:39:24,0.74
圪塔节制闸,2026-04-21 01:33:24,0.74
圪塔节制闸,2026-04-21 01:28:24,0.74
圪塔节制闸,2026-04-21 01:22:24,0.74
圪塔节制闸,2026-04-21 01:17:24,0.74
圪塔节制闸,2026-04-21 01:12:24,0.74
圪塔节制闸,2026-04-21 01:07:24,0.74
圪塔节制闸,2026-04-21 01:01:24,0.74
圪塔节制闸,2026-04-21 00:56:24,0.74
圪塔节制闸,2026-04-21 00:50:24,0.74
圪塔节制闸,2026-04-21 00:44:24,0.74
圪塔节制闸,2026-04-21 00:38:24,0.74
圪塔节制闸,2026-04-21 00:32:24,0.74
圪塔节制闸,2026-04-21 00:27:24,0.74
圪塔节制闸,2026-04-21 00:21:24,0.74
圪塔节制闸,2026-04-21 00:15:24,0.74
圪塔节制闸,2026-04-21 00:09:24,0.74
圪塔节制闸,2026-04-21 00:03:24,0.74
圪塔节制闸,2026-04-20 23:57:24,0.74
圪塔节制闸,2026-04-20 23:51:24,0.74
圪塔节制闸,2026-04-20 23:46:24,0.74
圪塔节制闸,2026-04-20 23:40:24,0.74
圪塔节制闸,2026-04-20 23:34:24,0.74
圪塔节制闸,2026-04-20 23:28:24,0.74
圪塔节制闸,2026-04-20 23:22:24,0.74
圪塔节制闸,2026-04-20 23:16:24,0.74
圪塔节制闸,2026-04-20 23:11:24,0.74
圪塔节制闸,2026-04-20 23:03:24,0.74
圪塔节制闸,2026-04-20 23:00:24,0.74
圪塔节制闸,2026-04-20 22:55:24,0.74
圪塔节制闸,2026-04-20 22:49:24,0.74
圪塔节制闸,2026-04-20 22:44:24,0.74
圪塔节制闸,2026-04-20 22:38:24,0.74
圪塔节制闸,2026-04-20 22:32:24,0.74
圪塔节制闸,2026-04-20 22:27:24,0.74
圪塔节制闸,2026-04-20 22:21:24,0.74
圪塔节制闸,2026-04-20 22:15:24,0.74
圪塔节制闸,2026-04-20 22:09:24,0.74
圪塔节制闸,2026-04-20 22:04:24,0.74
圪塔节制闸,2026-04-20 21:59:24,0.74
圪塔节制闸,2026-04-20 21:53:24,0.74
圪塔节制闸,2026-04-20 21:47:24,0.74
圪塔节制闸,2026-04-20 21:42:24,0.74
圪塔节制闸,2026-04-20 21:36:24,0.74
圪塔节制闸,2026-04-20 21:31:24,0.74
圪塔节制闸,2026-04-20 21:26:24,0.74
圪塔节制闸,2026-04-20 21:20:24,0.74
圪塔节制闸,2026-04-20 21:14:24,0.74
圪塔节制闸,2026-04-20 21:09:24,0.74
圪塔节制闸,2026-04-20 21:03:24,0.74
圪塔节制闸,2026-04-20 20:58:24,0.74
圪塔节制闸,2026-04-20 20:52:24,0.74
圪塔节制闸,2026-04-20 20:47:24,0.74
圪塔节制闸,2026-04-20 20:42:24,0.74
圪塔节制闸,2026-04-20 20:36:24,0.74
圪塔节制闸,2026-04-20 20:31:24,0.74
圪塔节制闸,2026-04-20 20:25:24,0.74
圪塔节制闸,2026-04-20 20:20:24,0.74
圪塔节制闸,2026-04-20 20:14:24,0.74
圪塔节制闸,2026-04-20 20:08:24,0.74
圪塔节制闸,2026-04-20 20:03:24,0.74
圪塔节制闸,2026-04-20 19:57:24,0.74
圪塔节制闸,2026-04-20 19:51:24,0.74
圪塔节制闸,2026-04-20 19:45:24,0.74
圪塔节制闸,2026-04-20 19:40:24,0.74
圪塔节制闸,2026-04-20 19:34:24,0.74
圪塔节制闸,2026-04-20 19:28:24,0.74
圪塔节制闸,2026-04-20 19:22:24,0.74
圪塔节制闸,2026-04-20 19:16:24,0.74
圪塔节制闸,2026-04-20 19:10:24,0.74
圪塔节制闸,2026-04-20 19:04:24,0.74
圪塔节制闸,2026-04-20 18:59:24,0.74
圪塔节制闸,2026-04-20 18:53:24,0.74
圪塔节制闸,2026-04-20 18:47:24,0.74
圪塔节制闸,2026-04-20 18:41:24,0.74
圪塔节制闸,2026-04-20 18:35:24,0.74
圪塔节制闸,2026-04-20 18:30:24,0.74
圪塔节制闸,2026-04-20 18:24:24,0.74
圪塔节制闸,2026-04-20 18:19:24,0.74
圪塔节制闸,2026-04-20 18:14:24,0.74
圪塔节制闸,2026-04-20 18:08:24,0.74
圪塔节制闸,2026-04-20 18:02:24,0.74
圪塔节制闸,2026-04-20 17:56:24,0.74
圪塔节制闸,2026-04-20 17:50:24,0.74
圪塔节制闸,2026-04-20 17:44:24,0.74
圪塔节制闸,2026-04-20 17:38:24,0.74
圪塔节制闸,2026-04-20 17:33:24,0.74
圪塔节制闸,2026-04-20 17:27:24,0.74
圪塔节制闸,2026-04-20 17:21:24,0.74
圪塔节制闸,2026-04-20 17:16:24,0.74
圪塔节制闸,2026-04-20 17:10:24,0.74
圪塔节制闸,2026-04-20 17:05:24,0.74
圪塔节制闸,2026-04-20 16:59:24,0.74
圪塔节制闸,2026-04-20 16:54:24,0.74
圪塔节制闸,2026-04-20 16:49:24,0.74
圪塔节制闸,2026-04-20 16:43:24,0.74
圪塔节制闸,2026-04-20 16:37:24,0.74
圪塔节制闸,2026-04-20 16:31:24,0.74
圪塔节制闸,2026-04-20 16:25:24,0.74
圪塔节制闸,2026-04-20 16:20:24,0.74
圪塔节制闸,2026-04-20 16:14:24,0.74
圪塔节制闸,2026-04-20 16:08:24,0.74
圪塔节制闸,2026-04-20 16:03:24,0.74
圪塔节制闸,2026-04-20 15:57:24,0.74
圪塔节制闸,2026-04-20 15:51:24,0.74
圪塔节制闸,2026-04-20 15:46:24,0.74
圪塔节制闸,2026-04-20 15:40:24,0.74
圪塔节制闸,2026-04-20 15:35:24,0.74
圪塔节制闸,2026-04-20 15:29:24,0.74
圪塔节制闸,2026-04-20 15:24:24,0.74
圪塔节制闸,2026-04-20 15:18:24,0.74
圪塔节制闸,2026-04-20 15:12:24,0.74
圪塔节制闸,2026-04-20 15:06:24,0.74
圪塔节制闸,2026-04-20 15:00:24,0.74
圪塔节制闸,2026-04-20 14:54:24,0.74
圪塔节制闸,2026-04-20 14:48:24,0.74
圪塔节制闸,2026-04-20 14:42:24,0.74
圪塔节制闸,2026-04-20 14:37:24,0.74
圪塔节制闸,2026-04-20 14:31:24,0.74
圪塔节制闸,2026-04-20 14:25:24,0.74
圪塔节制闸,2026-04-20 14:20:24,0.74
圪塔节制闸,2026-04-20 14:14:24,0.74
圪塔节制闸,2026-04-20 14:08:24,0.74
圪塔节制闸,2026-04-20 14:02:24,0.74
圪塔节制闸,2026-04-20 13:57:24,0.74
圪塔节制闸,2026-04-20 13:51:24,0.74
圪塔节制闸,2026-04-20 13:45:24,0.74
圪塔节制闸,2026-04-20 13:39:24,0.74
圪塔节制闸,2026-04-20 13:33:24,0.74
圪塔节制闸,2026-04-20 13:27:24,0.74
圪塔节制闸,2026-04-20 13:21:24,0.74
圪塔节制闸,2026-04-20 13:16:24,0.74
圪塔节制闸,2026-04-20 13:10:24,0.74
圪塔节制闸,2026-04-20 13:04:24,0.74
圪塔节制闸,2026-04-20 12:59:24,0.74
圪塔节制闸,2026-04-20 12:54:24,0.74
圪塔节制闸,2026-04-20 12:48:24,0.74
圪塔节制闸,2026-04-20 12:43:24,0.74
圪塔节制闸,2026-04-20 12:37:24,0.74
圪塔节制闸,2026-04-20 12:31:24,0.74
圪塔节制闸,2026-04-20 12:26:24,0.74
圪塔节制闸,2026-04-20 12:20:24,0.74
圪塔节制闸,2026-04-20 12:14:24,0.74
圪塔节制闸,2026-04-20 12:08:24,0.74
圪塔节制闸,2026-04-20 12:03:24,0.74
圪塔节制闸,2026-04-20 11:57:24,0.74
圪塔节制闸,2026-04-20 11:51:24,0.74
圪塔节制闸,2026-04-20 11:46:24,0.74
圪塔节制闸,2026-04-20 11:40:24,0.74
圪塔节制闸,2026-04-20 11:34:24,0.74
圪塔节制闸,2026-04-20 11:29:24,0.74
圪塔节制闸,2026-04-20 11:24:24,0.74
圪塔节制闸,2026-04-20 11:18:24,0.74
圪塔节制闸,2026-04-20 11:13:24,0.74
圪塔节制闸,2026-04-20 11:08:23,0.74
圪塔节制闸,2026-04-20 11:02:24,0.74
圪塔节制闸,2026-04-20 10:56:24,0.74
圪塔节制闸,2026-04-20 10:51:24,0.74
圪塔节制闸,2026-04-20 10:46:24,0.74
圪塔节制闸,2026-04-20 10:40:24,0.74
圪塔节制闸,2026-04-20 10:34:24,0.74
圪塔节制闸,2026-04-20 10:29:24,0.74
圪塔节制闸,2026-04-20 10:24:24,0.74
圪塔节制闸,2026-04-20 10:19:24,0.74
圪塔节制闸,2026-04-20 10:13:24,0.74
圪塔节制闸,2026-04-20 10:08:24,0.74
圪塔节制闸,2026-04-20 10:03:24,0.74
圪塔节制闸,2026-04-20 09:57:24,0.74
圪塔节制闸,2026-04-20 09:52:23,0.74
圪塔节制闸,2026-04-20 09:46:24,0.74
圪塔节制闸,2026-04-20 09:40:24,0.74
圪塔节制闸,2026-04-20 09:34:24,0.74
圪塔节制闸,2026-04-20 09:29:23,0.74
圪塔节制闸,2026-04-20 09:23:24,0.74
圪塔节制闸,2026-04-20 09:17:24,0.74
圪塔节制闸,2026-04-20 09:11:24,0.74
圪塔节制闸,2026-04-20 09:06:23,0.74
圪塔节制闸,2026-04-20 09:00:24,0.74
圪塔节制闸,2026-04-20 08:54:24,0.74
圪塔节制闸,2026-04-20 08:48:24,0.74
圪塔节制闸,2026-04-20 08:42:24,0.74
圪塔节制闸,2026-04-20 08:37:24,0.74
圪塔节制闸,2026-04-20 08:32:24,0.74
圪塔节制闸,2026-04-20 08:27:23,0.74
圪塔节制闸,2026-04-20 08:22:23,0.74
圪塔节制闸,2026-04-20 08:16:24,0.74
圪塔节制闸,2026-04-20 08:11:23,0.74
圪塔节制闸,2026-04-20 08:05:23,0.74
圪塔节制闸,2026-04-20 08:00:23,0.74
圪塔节制闸,2026-04-20 07:54:24,0.74
圪塔节制闸,2026-04-20 07:48:24,0.74
圪塔节制闸,2026-04-20 07:43:24,0.74
圪塔节制闸,2026-04-20 07:38:23,0.74
圪塔节制闸,2026-04-20 07:32:23,0.74
圪塔节制闸,2026-04-20 07:26:24,0.74
圪塔节制闸,2026-04-20 07:20:24,0.74
圪塔节制闸,2026-04-20 07:15:24,0.74
圪塔节制闸,2026-04-20 07:10:23,0.74
圪塔节制闸,2026-04-20 07:04:24,0.74
圪塔节制闸,2026-04-20 06:59:23,0.74
圪塔节制闸,2026-04-20 06:53:24,0.74
圪塔节制闸,2026-04-20 06:47:24,0.74
圪塔节制闸,2026-04-20 06:42:23,0.74
圪塔节制闸,2026-04-20 06:36:23,0.74
圪塔节制闸,2026-04-20 06:30:23,0.74
圪塔节制闸,2026-04-20 06:24:24,0.74
圪塔节制闸,2026-04-20 06:19:23,0.74
圪塔节制闸,2026-04-20 06:13:23,0.74
圪塔节制闸,2026-04-20 06:08:23,0.74
圪塔节制闸,2026-04-20 06:02:23,0.74
圪塔节制闸,2026-04-20 05:56:23,0.74
圪塔节制闸,2026-04-20 05:50:23,0.74
圪塔节制闸,2026-04-20 05:44:23,0.74
圪塔节制闸,2026-04-20 05:39:23,0.74
圪塔节制闸,2026-04-20 05:34:23,0.74
圪塔节制闸,2026-04-20 05:29:23,0.74
圪塔节制闸,2026-04-20 05:23:23,0.74
圪塔节制闸,2026-04-20 05:18:23,0.74
圪塔节制闸,2026-04-20 05:12:23,0.74
圪塔节制闸,2026-04-20 05:07:23,0.74
圪塔节制闸,2026-04-20 05:01:23,0.74
圪塔节制闸,2026-04-20 04:56:23,0.74
圪塔节制闸,2026-04-20 04:50:23,0.74
圪塔节制闸,2026-04-20 04:45:23,0.74
圪塔节制闸,2026-04-20 04:39:23,0.74
圪塔节制闸,2026-04-20 04:34:23,0.74
圪塔节制闸,2026-04-20 04:28:23,0.74
圪塔节制闸,2026-04-20 04:22:23,0.74
圪塔节制闸,2026-04-20 04:17:23,0.74
圪塔节制闸,2026-04-20 04:11:23,0.74
圪塔节制闸,2026-04-20 04:05:23,0.74
圪塔节制闸,2026-04-20 04:00:23,0.74
圪塔节制闸,2026-04-20 03:54:23,0.74
圪塔节制闸,2026-04-20 03:48:23,0.74
圪塔节制闸,2026-04-20 03:42:23,0.74
圪塔节制闸,2026-04-20 03:36:23,0.74
圪塔节制闸,2026-04-20 03:30:23,0.74
圪塔节制闸,2026-04-20 03:24:23,0.74
圪塔节制闸,2026-04-20 03:18:23,0.74
圪塔节制闸,2026-04-20 03:12:23,0.74
圪塔节制闸,2026-04-20 03:07:23,0.74
圪塔节制闸,2026-04-20 03:01:23,0.74
圪塔节制闸,2026-04-20 02:55:23,0.74
圪塔节制闸,2026-04-20 02:49:23,0.74
圪塔节制闸,2026-04-20 02:43:23,0.74
圪塔节制闸,2026-04-20 02:38:23,0.74
圪塔节制闸,2026-04-20 02:32:23,0.74
圪塔节制闸,2026-04-20 02:27:23,0.74
圪塔节制闸,2026-04-20 02:21:23,0.74
圪塔节制闸,2026-04-20 02:15:23,0.74
圪塔节制闸,2026-04-20 02:09:24,0.74
圪塔节制闸,2026-04-20 02:04:23,0.74
圪塔节制闸,2026-04-20 01:58:23,0.74
圪塔节制闸,2026-04-20 01:53:23,0.74
圪塔节制闸,2026-04-20 01:47:23,0.74
圪塔节制闸,2026-04-20 01:41:23,0.74
圪塔节制闸,2026-04-20 01:35:23,0.74
圪塔节制闸,2026-04-20 01:30:23,0.74
圪塔节制闸,2026-04-20 01:25:23,0.74
圪塔节制闸,2026-04-20 01:19:23,0.74
圪塔节制闸,2026-04-20 01:14:23,0.74
圪塔节制闸,2026-04-20 01:09:23,0.74
圪塔节制闸,2026-04-20 01:03:23,0.74
圪塔节制闸,2026-04-20 00:57:23,0.74
圪塔节制闸,2026-04-20 00:52:23,0.74
圪塔节制闸,2026-04-20 00:47:23,0.74
圪塔节制闸,2026-04-20 00:41:23,0.74
圪塔节制闸,2026-04-20 00:36:23,0.74
圪塔节制闸,2026-04-20 00:30:23,0.74
圪塔节制闸,2026-04-20 00:24:23,0.74
圪塔节制闸,2026-04-20 00:18:23,0.74
圪塔节制闸,2026-04-20 00:12:23,0.74
圪塔节制闸,2026-04-20 00:07:23,0.74
圪塔节制闸,2026-04-20 00:01:23,0.74
圪塔节制闸,2026-04-19 23:56:23,0.73
圪塔节制闸,2026-04-19 23:50:23,0.73
圪塔节制闸,2026-04-19 23:45:23,0.73
圪塔节制闸,2026-04-19 23:39:23,0.73
圪塔节制闸,2026-04-19 23:33:23,0.73
圪塔节制闸,2026-04-19 23:28:23,0.73
圪塔节制闸,2026-04-19 23:22:23,0.73
圪塔节制闸,2026-04-19 23:16:23,0.73
圪塔节制闸,2026-04-19 23:10:23,0.73
圪塔节制闸,2026-04-19 23:02:23,0.73
圪塔节制闸,2026-04-19 22:57:23,0.73
圪塔节制闸,2026-04-19 22:51:23,0.73
圪塔节制闸,2026-04-19 22:46:23,0.73
圪塔节制闸,2026-04-19 22:40:23,0.73
圪塔节制闸,2026-04-19 22:34:23,0.73
圪塔节制闸,2026-04-19 22:28:23,0.73
圪塔节制闸,2026-04-19 22:22:23,0.73
圪塔节制闸,2026-04-19 22:16:23,0.73
圪塔节制闸,2026-04-19 22:10:23,0.73
圪塔节制闸,2026-04-19 22:04:23,0.73
圪塔节制闸,2026-04-19 21:58:23,0.73
圪塔节制闸,2026-04-19 21:53:23,0.73
圪塔节制闸,2026-04-19 21:48:23,0.73
圪塔节制闸,2026-04-19 21:42:23,0.73
圪塔节制闸,2026-04-19 21:37:23,0.73
圪塔节制闸,2026-04-19 21:31:23,0.73
圪塔节制闸,2026-04-19 21:26:23,0.73
圪塔节制闸,2026-04-19 21:20:23,0.73
圪塔节制闸,2026-04-19 21:14:23,0.73
圪塔节制闸,2026-04-19 21:09:23,0.73
圪塔节制闸,2026-04-19 21:03:23,0.73
圪塔节制闸,2026-04-19 20:57:23,0.73
圪塔节制闸,2026-04-19 20:52:23,0.73
圪塔节制闸,2026-04-19 20:47:23,0.73
圪塔节制闸,2026-04-19 20:41:23,0.73
圪塔节制闸,2026-04-19 20:36:23,0.73
圪塔节制闸,2026-04-19 20:30:23,0.73
圪塔节制闸,2026-04-19 20:25:23,0.73
圪塔节制闸,2026-04-19 20:19:23,0.73
圪塔节制闸,2026-04-19 20:13:23,0.73
圪塔节制闸,2026-04-19 20:08:23,0.73
圪塔节制闸,2026-04-19 20:02:23,0.73
圪塔节制闸,2026-04-19 19:56:23,0.73
圪塔节制闸,2026-04-19 19:51:23,0.73
圪塔节制闸,2026-04-19 19:45:23,0.73
圪塔节制闸,2026-04-19 19:39:23,0.73
圪塔节制闸,2026-04-19 19:33:23,0.73
圪塔节制闸,2026-04-19 19:27:23,0.73
圪塔节制闸,2026-04-19 19:21:23,0.73
圪塔节制闸,2026-04-19 19:16:23,0.73
圪塔节制闸,2026-04-19 19:10:23,0.73
圪塔节制闸,2026-04-19 19:04:23,0.73
圪塔节制闸,2026-04-19 18:58:23,0.73
圪塔节制闸,2026-04-19 18:53:23,0.73
圪塔节制闸,2026-04-19 18:47:23,0.73
圪塔节制闸,2026-04-19 18:42:23,0.73
圪塔节制闸,2026-04-19 18:37:23,0.73
圪塔节制闸,2026-04-19 18:31:23,0.73
圪塔节制闸,2026-04-19 18:26:23,0.73
圪塔节制闸,2026-04-19 18:21:23,0.73
圪塔节制闸,2026-04-19 18:15:23,0.73
圪塔节制闸,2026-04-19 18:09:23,0.73
圪塔节制闸,2026-04-19 18:03:23,0.73
圪塔节制闸,2026-04-19 17:57:23,0.73
圪塔节制闸,2026-04-19 17:52:23,0.73
圪塔节制闸,2026-04-19 17:46:23,0.73
圪塔节制闸,2026-04-19 17:41:23,0.73
圪塔节制闸,2026-04-19 17:36:23,0.73
圪塔节制闸,2026-04-19 17:30:23,0.73
圪塔节制闸,2026-04-19 17:25:23,0.73
圪塔节制闸,2026-04-19 17:19:23,0.73
圪塔节制闸,2026-04-19 17:14:23,0.73
圪塔节制闸,2026-04-19 17:09:23,0.73
圪塔节制闸,2026-04-19 17:03:23,0.73
圪塔节制闸,2026-04-19 16:57:23,0.73
圪塔节制闸,2026-04-19 16:52:23,0.73
圪塔节制闸,2026-04-19 16:46:23,0.73
圪塔节制闸,2026-04-19 16:41:23,0.73
圪塔节制闸,2026-04-19 16:35:23,0.73
圪塔节制闸,2026-04-19 16:30:23,0.73
圪塔节制闸,2026-04-19 16:24:23,0.73
圪塔节制闸,2026-04-19 16:18:23,0.73
圪塔节制闸,2026-04-19 16:12:23,0.73
圪塔节制闸,2026-04-19 16:06:23,0.73
圪塔节制闸,2026-04-19 16:00:23,0.73
圪塔节制闸,2026-04-19 15:54:23,0.73
圪塔节制闸,2026-04-19 15:48:23,0.73
圪塔节制闸,2026-04-19 15:43:23,0.73
圪塔节制闸,2026-04-19 15:38:23,0.73
圪塔节制闸,2026-04-19 15:32:23,0.73
圪塔节制闸,2026-04-19 15:26:23,0.73
圪塔节制闸,2026-04-19 15:21:23,0.73
圪塔节制闸,2026-04-19 15:16:23,0.73
圪塔节制闸,2026-04-19 15:10:23,0.73
圪塔节制闸,2026-04-19 15:04:23,0.73
圪塔节制闸,2026-04-19 14:59:23,0.73
圪塔节制闸,2026-04-19 14:54:23,0.73
圪塔节制闸,2026-04-19 14:48:23,0.73
圪塔节制闸,2026-04-19 14:42:23,0.73
圪塔节制闸,2026-04-19 14:37:23,0.73
圪塔节制闸,2026-04-19 14:31:23,0.73
圪塔节制闸,2026-04-19 14:25:23,0.73
圪塔节制闸,2026-04-19 14:19:23,0.73
圪塔节制闸,2026-04-19 14:14:23,0.73
圪塔节制闸,2026-04-19 14:08:23,0.73
圪塔节制闸,2026-04-19 14:02:23,0.73
圪塔节制闸,2026-04-19 13:57:23,0.73
圪塔节制闸,2026-04-19 13:52:23,0.73
圪塔节制闸,2026-04-19 13:46:23,0.73
圪塔节制闸,2026-04-19 13:40:23,0.73
圪塔节制闸,2026-04-19 13:35:23,0.73
圪塔节制闸,2026-04-19 13:30:23,0.73
圪塔节制闸,2026-04-19 13:24:23,0.73
圪塔节制闸,2026-04-19 13:18:23,0.73
圪塔节制闸,2026-04-19 13:12:23,0.73
圪塔节制闸,2026-04-19 13:06:23,0.73
圪塔节制闸,2026-04-19 13:01:23,0.73
圪塔节制闸,2026-04-19 12:55:23,0.73
圪塔节制闸,2026-04-19 12:50:23,0.73
圪塔节制闸,2026-04-19 12:45:23,0.73
圪塔节制闸,2026-04-19 12:39:23,0.73
圪塔节制闸,2026-04-19 12:33:23,0.73
圪塔节制闸,2026-04-19 12:28:23,0.73
圪塔节制闸,2026-04-19 12:22:23,0.73
圪塔节制闸,2026-04-19 12:16:23,0.73
圪塔节制闸,2026-04-19 12:10:23,0.73
圪塔节制闸,2026-04-19 12:05:23,0.73
圪塔节制闸,2026-04-19 11:59:23,0.73
圪塔节制闸,2026-04-19 11:53:23,0.73
圪塔节制闸,2026-04-19 11:48:23,0.73
圪塔节制闸,2026-04-19 11:42:23,0.73
圪塔节制闸,2026-04-19 11:37:23,0.73
圪塔节制闸,2026-04-19 11:32:23,0.73
圪塔节制闸,2026-04-19 11:26:24,0.73
圪塔节制闸,2026-04-19 11:21:23,0.73
圪塔节制闸,2026-04-19 11:15:23,0.73
圪塔节制闸,2026-04-19 11:09:23,0.73
圪塔节制闸,2026-04-19 11:03:23,0.73
圪塔节制闸,2026-04-19 10:57:23,0.73
圪塔节制闸,2026-04-19 10:52:23,0.73
圪塔节制闸,2026-04-19 10:46:23,0.73
圪塔节制闸,2026-04-19 10:40:23,0.73
圪塔节制闸,2026-04-19 10:34:23,0.73
圪塔节制闸,2026-04-19 10:28:23,0.73
圪塔节制闸,2026-04-19 10:23:23,0.73
圪塔节制闸,2026-04-19 10:17:23,0.73
圪塔节制闸,2026-04-19 10:11:23,0.73
圪塔节制闸,2026-04-19 10:06:23,0.73
圪塔节制闸,2026-04-19 10:00:23,0.73
圪塔节制闸,2026-04-19 09:54:23,0.73
圪塔节制闸,2026-04-19 09:48:23,0.73
圪塔节制闸,2026-04-19 09:42:23,0.73
圪塔节制闸,2026-04-19 09:37:23,0.73
圪塔节制闸,2026-04-19 09:31:23,0.73
圪塔节制闸,2026-04-19 09:25:23,0.73
圪塔节制闸,2026-04-19 09:20:23,0.73
圪塔节制闸,2026-04-19 09:14:23,0.73
圪塔节制闸,2026-04-19 09:08:23,0.73
圪塔节制闸,2026-04-19 09:02:23,0.73
圪塔节制闸,2026-04-19 08:57:23,0.73
圪塔节制闸,2026-04-19 08:52:23,0.73
圪塔节制闸,2026-04-19 08:46:23,0.73
圪塔节制闸,2026-04-19 08:41:23,0.73
圪塔节制闸,2026-04-19 08:35:23,0.73
圪塔节制闸,2026-04-19 08:29:23,0.73
圪塔节制闸,2026-04-19 08:24:23,0.73
圪塔节制闸,2026-04-19 08:19:23,0.73
圪塔节制闸,2026-04-19 08:14:23,0.73
圪塔节制闸,2026-04-19 08:08:23,0.73
圪塔节制闸,2026-04-19 08:02:23,0.73
圪塔节制闸,2026-04-19 07:56:23,0.73
圪塔节制闸,2026-04-19 07:51:23,0.73
圪塔节制闸,2026-04-19 07:45:23,0.73
圪塔节制闸,2026-04-19 07:39:23,0.73
圪塔节制闸,2026-04-19 07:34:23,0.73
圪塔节制闸,2026-04-19 07:28:23,0.73
圪塔节制闸,2026-04-19 07:23:23,0.73
圪塔节制闸,2026-04-19 07:17:23,0.73
圪塔节制闸,2026-04-19 07:11:23,0.73
圪塔节制闸,2026-04-19 07:05:23,0.73
圪塔节制闸,2026-04-19 07:00:23,0.73
圪塔节制闸,2026-04-19 06:54:23,0.73
圪塔节制闸,2026-04-19 06:49:23,0.73
圪塔节制闸,2026-04-19 06:44:23,0.73
圪塔节制闸,2026-04-19 06:38:23,0.73
圪塔节制闸,2026-04-19 06:33:23,0.73
圪塔节制闸,2026-04-19 06:27:23,0.73
圪塔节制闸,2026-04-19 06:21:23,0.73
圪塔节制闸,2026-04-19 06:16:23,0.73
圪塔节制闸,2026-04-19 06:10:23,0.73
圪塔节制闸,2026-04-19 06:04:23,0.73
圪塔节制闸,2026-04-19 05:59:23,0.73
圪塔节制闸,2026-04-19 05:54:23,0.73
圪塔节制闸,2026-04-19 05:48:23,0.73
圪塔节制闸,2026-04-19 05:42:23,0.73
圪塔节制闸,2026-04-19 05:37:23,0.73
圪塔节制闸,2026-04-19 05:31:23,0.73
圪塔节制闸,2026-04-19 05:25:23,0.73
圪塔节制闸,2026-04-19 05:19:23,0.73
圪塔节制闸,2026-04-19 05:14:23,0.73
圪塔节制闸,2026-04-19 05:08:23,0.73
圪塔节制闸,2026-04-19 05:02:23,0.73
圪塔节制闸,2026-04-19 04:56:23,0.73
圪塔节制闸,2026-04-19 04:51:23,0.73
圪塔节制闸,2026-04-19 04:46:23,0.73
圪塔节制闸,2026-04-19 04:40:23,0.77
圪塔节制闸,2026-04-19 04:35:23,0.76
圪塔节制闸,2026-04-19 04:30:23,0.77
圪塔节制闸,2026-04-19 04:24:23,0.79
圪塔节制闸,2026-04-19 04:18:23,0.79
圪塔节制闸,2026-04-19 04:13:23,0.88
圪塔节制闸,2026-04-19 04:07:23,0.82
圪塔节制闸,2026-04-19 04:02:23,0.84
圪塔节制闸,2026-04-19 03:56:23,0.95
圪塔节制闸,2026-04-19 03:50:23,0.94
圪塔节制闸,2026-04-19 03:44:23,0.83
圪塔节制闸,2026-04-19 03:38:23,0.92
圪塔节制闸,2026-04-19 03:33:23,0.99
圪塔节制闸,2026-04-19 03:28:23,0.91
圪塔节制闸,2026-04-19 03:22:23,0.93
圪塔节制闸,2026-04-19 03:17:23,0.94
圪塔节制闸,2026-04-19 03:11:23,0.96
圪塔节制闸,2026-04-19 03:06:23,1.0
圪塔节制闸,2026-04-19 03:00:23,1.05
圪塔节制闸,2026-04-19 02:55:23,1.01
圪塔节制闸,2026-04-19 02:50:23,0.99
圪塔节制闸,2026-04-19 02:44:23,0.98
圪塔节制闸,2026-04-19 02:38:23,0.99
圪塔节制闸,2026-04-19 02:33:23,1.0
圪塔节制闸,2026-04-19 02:27:23,1.01
圪塔节制闸,2026-04-19 02:21:23,0.99
圪塔节制闸,2026-04-19 02:16:23,1.01
圪塔节制闸,2026-04-19 02:10:23,1.0
圪塔节制闸,2026-04-19 02:04:23,0.96
圪塔节制闸,2026-04-19 01:59:23,1.01
圪塔节制闸,2026-04-19 01:54:23,0.96
圪塔节制闸,2026-04-19 01:48:23,1.02
圪塔节制闸,2026-04-19 01:42:23,1.0
圪塔节制闸,2026-04-19 01:36:23,1.0
圪塔节制闸,2026-04-19 01:31:23,1.0
圪塔节制闸,2026-04-19 01:25:23,0.96
圪塔节制闸,2026-04-19 01:19:23,0.97
圪塔节制闸,2026-04-19 01:13:23,1.0
圪塔节制闸,2026-04-19 01:08:23,1.0
圪塔节制闸,2026-04-19 01:02:23,0.98
圪塔节制闸,2026-04-19 00:56:23,0.99
圪塔节制闸,2026-04-19 00:51:23,1.0
圪塔节制闸,2026-04-19 00:46:23,0.96
圪塔节制闸,2026-04-19 00:40:23,0.98
圪塔节制闸,2026-04-19 00:35:23,0.98
圪塔节制闸,2026-04-19 00:29:23,1.01
圪塔节制闸,2026-04-19 00:23:23,1.05
圪塔节制闸,2026-04-19 00:17:23,1.05
圪塔节制闸,2026-04-19 00:12:23,0.96
圪塔节制闸,2026-04-19 00:07:23,0.96
圪塔节制闸,2026-04-19 00:01:23,0.96
圪塔节制闸,2026-04-18 23:56:23,0.96
圪塔节制闸,2026-04-18 23:51:23,0.96
圪塔节制闸,2026-04-18 23:45:23,0.96
圪塔节制闸,2026-04-18 23:39:23,0.96
圪塔节制闸,2026-04-18 23:34:23,0.96
圪塔节制闸,2026-04-18 23:28:23,0.96
圪塔节制闸,2026-04-18 23:23:23,0.96
圪塔节制闸,2026-04-18 23:18:23,0.96
圪塔节制闸,2026-04-18 23:12:23,0.96
圪塔节制闸,2026-04-18 23:07:23,0.97
圪塔节制闸,2026-04-18 23:01:23,0.97
圪塔节制闸,2026-04-18 22:56:23,0.97
圪塔节制闸,2026-04-18 22:51:23,0.97
圪塔节制闸,2026-04-18 22:45:23,0.97
圪塔节制闸,2026-04-18 22:39:23,0.97
圪塔节制闸,2026-04-18 22:34:23,0.97
圪塔节制闸,2026-04-18 22:29:23,0.97
圪塔节制闸,2026-04-18 22:23:23,0.97
圪塔节制闸,2026-04-18 22:17:23,0.97
圪塔节制闸,2026-04-18 22:12:23,0.97
圪塔节制闸,2026-04-18 22:06:23,0.97
圪塔节制闸,2026-04-18 22:00:23,0.97
圪塔节制闸,2026-04-18 21:54:23,0.97
圪塔节制闸,2026-04-18 21:49:23,0.97
圪塔节制闸,2026-04-18 21:43:23,0.97
圪塔节制闸,2026-04-18 21:37:23,0.97
圪塔节制闸,2026-04-18 21:32:23,0.97
圪塔节制闸,2026-04-18 21:26:23,0.97
圪塔节制闸,2026-04-18 21:20:23,0.97
圪塔节制闸,2026-04-18 21:14:23,0.97
圪塔节制闸,2026-04-18 21:09:23,0.97
圪塔节制闸,2026-04-18 21:04:23,0.97
圪塔节制闸,2026-04-18 20:58:23,0.97
圪塔节制闸,2026-04-18 20:53:23,0.97
圪塔节制闸,2026-04-18 20:48:23,0.97
圪塔节制闸,2026-04-18 20:42:23,1.01
圪塔节制闸,2026-04-18 20:37:23,0.97
圪塔节制闸,2026-04-18 20:31:23,0.99
圪塔节制闸,2026-04-18 20:25:23,1.02
圪塔节制闸,2026-04-18 20:19:23,1.0
圪塔节制闸,2026-04-18 20:13:23,0.97
圪塔节制闸,2026-04-18 20:07:23,0.99
圪塔节制闸,2026-04-18 20:02:23,0.94
圪塔节制闸,2026-04-18 19:56:23,0.98
圪塔节制闸,2026-04-18 19:51:23,0.99
圪塔节制闸,2026-04-18 19:45:23,0.99
圪塔节制闸,2026-04-18 19:40:23,1.0
圪塔节制闸,2026-04-18 19:34:23,1.05
圪塔节制闸,2026-04-18 19:28:23,1.05
圪塔节制闸,2026-04-18 19:22:23,1.05
圪塔节制闸,2026-04-18 19:16:23,1.05
圪塔节制闸,2026-04-18 19:10:23,1.05
圪塔节制闸,2026-04-18 19:04:23,1.05
圪塔节制闸,2026-04-18 18:59:23,1.05
圪塔节制闸,2026-04-18 18:53:23,1.05
圪塔节制闸,2026-04-18 18:47:23,1.05
圪塔节制闸,2026-04-18 18:41:23,1.05
圪塔节制闸,2026-04-18 18:35:23,1.05
圪塔节制闸,2026-04-18 18:29:23,1.05
圪塔节制闸,2026-04-18 18:23:23,1.05
圪塔节制闸,2026-04-18 18:18:23,1.05
圪塔节制闸,2026-04-18 18:12:23,1.05
圪塔节制闸,2026-04-18 18:06:23,1.06
圪塔节制闸,2026-04-18 18:00:23,1.05
圪塔节制闸,2026-04-18 17:55:22,1.07
圪塔节制闸,2026-04-18 17:49:23,1.07
圪塔节制闸,2026-04-18 17:44:22,1.05
圪塔节制闸,2026-04-18 17:39:22,1.08
圪塔节制闸,2026-04-18 17:33:22,1.03
圪塔节制闸,2026-04-18 17:27:23,1.03
圪塔节制闸,2026-04-18 17:22:23,1.03
圪塔节制闸,2026-04-18 17:16:23,1.03
圪塔节制闸,2026-04-18 17:10:22,1.03
圪塔节制闸,2026-04-18 17:04:23,1.03
圪塔节制闸,2026-04-18 16:59:22,1.03
圪塔节制闸,2026-04-18 16:53:23,1.03
圪塔节制闸,2026-04-18 16:48:22,1.03
圪塔节制闸,2026-04-18 16:42:23,1.03
圪塔节制闸,2026-04-18 16:37:23,1.03
圪塔节制闸,2026-04-18 16:31:23,1.03
圪塔节制闸,2026-04-18 16:26:22,1.02
圪塔节制闸,2026-04-18 16:20:23,1.02
圪塔节制闸,2026-04-18 16:15:22,1.02
圪塔节制闸,2026-04-18 16:10:22,1.02
圪塔节制闸,2026-04-18 16:04:22,1.02
圪塔节制闸,2026-04-18 15:58:23,1.02
圪塔节制闸,2026-04-18 15:52:23,1.02
圪塔节制闸,2026-04-18 15:47:22,1.02
圪塔节制闸,2026-04-18 15:41:22,1.03
圪塔节制闸,2026-04-18 15:35:22,1.04
圪塔节制闸,2026-04-18 15:29:23,1.05
圪塔节制闸,2026-04-18 15:23:22,1.05
圪塔节制闸,2026-04-18 15:17:22,1.05
圪塔节制闸,2026-04-18 15:11:22,1.15
圪塔节制闸,2026-04-18 15:05:22,1.14
圪塔节制闸,2026-04-18 14:59:22,1.14
圪塔节制闸,2026-04-18 14:54:22,1.14
圪塔节制闸,2026-04-18 14:48:22,1.14
圪塔节制闸,2026-04-18 14:42:22,1.13
圪塔节制闸,2026-04-18 14:36:22,1.14
圪塔节制闸,2026-04-18 14:31:22,1.13
圪塔节制闸,2026-04-18 14:25:22,1.13
圪塔节制闸,2026-04-18 14:20:22,1.13
圪塔节制闸,2026-04-18 14:14:22,1.11
圪塔节制闸,2026-04-18 14:08:22,1.12
圪塔节制闸,2026-04-18 14:02:22,1.01
圪塔节制闸,2026-04-18 13:56:22,1.01
圪塔节制闸,2026-04-18 13:51:22,1.01
圪塔节制闸,2026-04-18 13:45:22,1.0
圪塔节制闸,2026-04-18 13:39:22,0.99
圪塔节制闸,2026-04-18 13:34:22,0.99
圪塔节制闸,2026-04-18 13:29:22,0.98
圪塔节制闸,2026-04-18 13:23:22,0.97
圪塔节制闸,2026-04-18 13:18:22,0.97
圪塔节制闸,2026-04-18 13:12:22,0.97
圪塔节制闸,2026-04-18 13:06:22,0.95
圪塔节制闸,2026-04-18 13:00:22,0.95
圪塔节制闸,2026-04-18 12:55:22,0.95
圪塔节制闸,2026-04-18 12:49:22,0.93
圪塔节制闸,2026-04-18 12:43:22,0.93
圪塔节制闸,2026-04-18 12:37:22,0.93
圪塔节制闸,2026-04-18 12:32:22,0.92
圪塔节制闸,2026-04-18 12:27:22,0.92
圪塔节制闸,2026-04-18 12:21:22,0.92
圪塔节制闸,2026-04-18 12:15:22,0.92
圪塔节制闸,2026-04-18 12:09:22,0.92
圪塔节制闸,2026-04-18 12:04:22,0.93
圪塔节制闸,2026-04-18 11:58:22,0.94
圪塔节制闸,2026-04-18 11:52:22,0.94
圪塔节制闸,2026-04-18 11:46:22,0.95
圪塔节制闸,2026-04-18 11:40:22,0.96
圪塔节制闸,2026-04-18 11:34:22,0.97
圪塔节制闸,2026-04-18 11:28:22,0.98
圪塔节制闸,2026-04-18 11:22:22,0.98
圪塔节制闸,2026-04-18 11:16:22,0.99
圪塔节制闸,2026-04-18 11:11:22,1.01
圪塔节制闸,2026-04-18 11:05:22,1.01
圪塔节制闸,2026-04-18 10:59:22,1.02
圪塔节制闸,2026-04-18 10:54:22,1.03
圪塔节制闸,2026-04-18 10:48:22,1.03
圪塔节制闸,2026-04-18 10:42:22,0.99
圪塔节制闸,2026-04-18 10:37:22,1.02
圪塔节制闸,2026-04-18 10:32:22,1.0
圪塔节制闸,2026-04-18 10:26:22,0.99
圪塔节制闸,2026-04-18 10:21:22,1.03
圪塔节制闸,2026-04-18 10:16:22,1.02
圪塔节制闸,2026-04-18 10:11:22,1.02
圪塔节制闸,2026-04-18 10:05:22,1.02
圪塔节制闸,2026-04-18 10:00:22,1.02
圪塔节制闸,2026-04-18 09:54:22,1.03
圪塔节制闸,2026-04-18 09:48:22,1.04
圪塔节制闸,2026-04-18 09:43:22,1.01
圪塔节制闸,2026-04-18 09:37:22,1.01
圪塔节制闸,2026-04-18 09:32:22,0.96
圪塔节制闸,2026-04-18 09:27:22,0.98
圪塔节制闸,2026-04-18 09:22:22,0.96
圪塔节制闸,2026-04-18 09:16:22,0.95
圪塔节制闸,2026-04-18 09:11:22,0.96
圪塔节制闸,2026-04-18 09:06:22,0.98
圪塔节制闸,2026-04-18 09:00:22,0.95
圪塔节制闸,2026-04-18 08:55:22,0.98
圪塔节制闸,2026-04-18 08:49:22,0.99
圪塔节制闸,2026-04-18 08:43:22,0.98
圪塔节制闸,2026-04-18 08:37:22,0.95
圪塔节制闸,2026-04-18 08:31:22,0.99
圪塔节制闸,2026-04-18 08:25:22,0.92
圪塔节制闸,2026-04-18 08:19:22,0.91
圪塔节制闸,2026-04-18 08:14:22,0.86
圪塔节制闸,2026-04-18 08:08:22,0.85
圪塔节制闸,2026-04-18 08:03:22,0.93
圪塔节制闸,2026-04-18 07:57:22,0.89
圪塔节制闸,2026-04-18 07:52:22,0.9
圪塔节制闸,2026-04-18 07:47:22,0.88
圪塔节制闸,2026-04-18 07:41:22,0.86
圪塔节制闸,2026-04-18 07:36:22,0.89
圪塔节制闸,2026-04-18 07:31:22,0.86
圪塔节制闸,2026-04-18 07:25:22,0.88
圪塔节制闸,2026-04-18 07:19:22,0.94
圪塔节制闸,2026-04-18 07:13:22,0.94
圪塔节制闸,2026-04-18 07:08:22,0.95
圪塔节制闸,2026-04-18 07:02:22,0.95
圪塔节制闸,2026-04-18 06:56:22,0.95
圪塔节制闸,2026-04-18 06:51:22,0.84
圪塔节制闸,2026-04-18 06:46:22,0.88
圪塔节制闸,2026-04-18 06:40:22,0.84
圪塔节制闸,2026-04-18 06:34:22,0.82
圪塔节制闸,2026-04-18 06:28:22,0.84
圪塔节制闸,2026-04-18 06:22:22,0.83
圪塔节制闸,2026-04-18 06:16:22,0.88
圪塔节制闸,2026-04-18 06:10:22,0.78
圪塔节制闸,2026-04-18 06:05:22,0.88
圪塔节制闸,2026-04-18 06:00:22,0.95
圪塔节制闸,2026-04-18 05:54:22,0.95
圪塔节制闸,2026-04-18 05:48:22,0.93
圪塔节制闸,2026-04-18 05:43:22,0.91
圪塔节制闸,2026-04-18 05:37:22,0.88
圪塔节制闸,2026-04-18 05:31:22,0.98
圪塔节制闸,2026-04-18 05:26:22,0.98
圪塔节制闸,2026-04-18 05:21:22,0.97
圪塔节制闸,2026-04-18 05:15:22,0.97
圪塔节制闸,2026-04-18 05:10:22,0.99
圪塔节制闸,2026-04-18 05:04:22,0.92
圪塔节制闸,2026-04-18 04:58:22,0.92
圪塔节制闸,2026-04-18 04:53:22,0.94
圪塔节制闸,2026-04-18 04:47:22,0.94
圪塔节制闸,2026-04-18 04:41:22,0.93
圪塔节制闸,2026-04-18 04:35:22,0.95
圪塔节制闸,2026-04-18 04:29:22,0.97
圪塔节制闸,2026-04-18 04:24:22,0.92
圪塔节制闸,2026-04-18 04:18:22,0.94
圪塔节制闸,2026-04-18 04:13:22,0.96
圪塔节制闸,2026-04-18 04:08:22,0.95
圪塔节制闸,2026-04-18 04:02:22,0.91
圪塔节制闸,2026-04-18 03:56:22,0.97
圪塔节制闸,2026-04-18 03:50:22,0.95
圪塔节制闸,2026-04-18 03:45:22,0.98
圪塔节制闸,2026-04-18 03:39:22,1.0
圪塔节制闸,2026-04-18 03:33:22,0.97
圪塔节制闸,2026-04-18 03:27:22,0.87
圪塔节制闸,2026-04-18 03:21:22,0.97
圪塔节制闸,2026-04-18 03:15:22,0.94
圪塔节制闸,2026-04-18 03:10:22,0.9
圪塔节制闸,2026-04-18 03:05:22,0.94
圪塔节制闸,2026-04-18 02:59:22,0.95
圪塔节制闸,2026-04-18 02:54:22,0.95
圪塔节制闸,2026-04-18 02:48:22,0.98
圪塔节制闸,2026-04-18 02:42:22,0.93
圪塔节制闸,2026-04-18 02:37:22,0.91
圪塔节制闸,2026-04-18 02:31:22,0.86
圪塔节制闸,2026-04-18 02:26:22,0.89
圪塔节制闸,2026-04-18 02:20:22,0.9
圪塔节制闸,2026-04-18 02:14:22,0.88
圪塔节制闸,2026-04-18 02:09:22,0.91
圪塔节制闸,2026-04-18 02:03:22,0.89
圪塔节制闸,2026-04-18 01:58:22,0.91
圪塔节制闸,2026-04-18 01:52:22,0.86
圪塔节制闸,2026-04-18 01:46:22,0.91
圪塔节制闸,2026-04-18 01:41:22,0.91
圪塔节制闸,2026-04-18 01:36:22,0.91
圪塔节制闸,2026-04-18 01:30:22,0.83
圪塔节制闸,2026-04-18 01:24:22,0.87
圪塔节制闸,2026-04-18 01:19:22,0.9
圪塔节制闸,2026-04-18 01:13:22,0.88
圪塔节制闸,2026-04-18 01:08:22,0.87
圪塔节制闸,2026-04-18 01:01:22,0.91
圪塔节制闸,2026-04-18 00:57:22,0.91
圪塔节制闸,2026-04-18 00:52:22,0.85
圪塔节制闸,2026-04-18 00:46:22,0.88
圪塔节制闸,2026-04-18 00:40:22,0.89
圪塔节制闸,2026-04-18 00:34:22,0.92
圪塔节制闸,2026-04-18 00:28:22,0.94
圪塔节制闸,2026-04-18 00:22:22,0.87
圪塔节制闸,2026-04-18 00:17:22,0.84
圪塔节制闸,2026-04-18 00:11:22,0.89
圪塔节制闸,2026-04-18 00:05:22,0.91
圪塔节制闸,2026-04-17 23:59:22,0.89
圪塔节制闸,2026-04-17 23:54:22,0.88
圪塔节制闸,2026-04-17 23:48:22,0.89
圪塔节制闸,2026-04-17 23:42:22,0.88
圪塔节制闸,2026-04-17 23:37:22,0.83
圪塔节制闸,2026-04-17 23:31:22,0.94
圪塔节制闸,2026-04-17 23:25:22,0.89
圪塔节制闸,2026-04-17 23:20:22,0.91
圪塔节制闸,2026-04-17 23:14:22,0.89
圪塔节制闸,2026-04-17 23:09:22,0.89
圪塔节制闸,2026-04-17 23:02:22,0.88
圪塔节制闸,2026-04-17 22:58:22,0.84
圪塔节制闸,2026-04-17 22:53:22,0.86
圪塔节制闸,2026-04-17 22:48:22,0.85
圪塔节制闸,2026-04-17 22:42:22,0.88
圪塔节制闸,2026-04-17 22:37:22,0.85
圪塔节制闸,2026-04-17 22:31:22,0.8
圪塔节制闸,2026-04-17 22:26:22,0.82
圪塔节制闸,2026-04-17 22:20:22,0.87
圪塔节制闸,2026-04-17 22:14:22,0.86
圪塔节制闸,2026-04-17 22:08:22,0.88
圪塔节制闸,2026-04-17 22:02:22,0.84
圪塔节制闸,2026-04-17 21:57:22,0.93
圪塔节制闸,2026-04-17 21:51:22,0.87
圪塔节制闸,2026-04-17 21:46:22,0.87
圪塔节制闸,2026-04-17 21:40:22,0.85
圪塔节制闸,2026-04-17 21:34:22,0.87
圪塔节制闸,2026-04-17 21:28:22,0.84
圪塔节制闸,2026-04-17 21:23:22,0.86
圪塔节制闸,2026-04-17 21:17:22,0.85
圪塔节制闸,2026-04-17 21:12:22,0.86
圪塔节制闸,2026-04-17 21:06:22,0.88
圪塔节制闸,2026-04-17 21:01:22,0.89
圪塔节制闸,2026-04-17 20:55:22,0.88
圪塔节制闸,2026-04-17 20:49:22,0.91
圪塔节制闸,2026-04-17 20:44:22,0.91
圪塔节制闸,2026-04-17 20:38:22,0.9
圪塔节制闸,2026-04-17 20:32:22,0.83
圪塔节制闸,2026-04-17 20:26:22,0.88
圪塔节制闸,2026-04-17 20:20:22,0.9
圪塔节制闸,2026-04-17 20:15:22,0.88
圪塔节制闸,2026-04-17 20:09:22,0.88
圪塔节制闸,2026-04-17 20:03:22,0.92
圪塔节制闸,2026-04-17 19:57:22,0.85
圪塔节制闸,2026-04-17 19:52:22,0.83
圪塔节制闸,2026-04-17 19:47:22,0.9
圪塔节制闸,2026-04-17 19:41:22,0.84
圪塔节制闸,2026-04-17 19:35:22,0.85
圪塔节制闸,2026-04-17 19:29:22,0.88
圪塔节制闸,2026-04-17 19:24:22,0.84
圪塔节制闸,2026-04-17 19:18:22,0.91
圪塔节制闸,2026-04-17 19:12:22,0.87
圪塔节制闸,2026-04-17 19:06:22,0.86
圪塔节制闸,2026-04-17 19:01:22,0.92
圪塔节制闸,2026-04-17 18:55:22,0.88
圪塔节制闸,2026-04-17 18:50:22,0.89
圪塔节制闸,2026-04-17 18:45:22,0.9
圪塔节制闸,2026-04-17 18:39:22,0.86
圪塔节制闸,2026-04-17 18:33:22,0.9
圪塔节制闸,2026-04-17 18:27:22,0.84
圪塔节制闸,2026-04-17 18:22:22,0.88
圪塔节制闸,2026-04-17 18:16:22,0.86
圪塔节制闸,2026-04-17 18:10:22,0.9
圪塔节制闸,2026-04-17 18:05:22,0.87
圪塔节制闸,2026-04-17 17:59:22,0.89
圪塔节制闸,2026-04-17 17:54:22,0.99
圪塔节制闸,2026-04-17 17:48:22,0.96
圪塔节制闸,2026-04-17 17:43:22,0.93
圪塔节制闸,2026-04-17 17:37:22,0.97
圪塔节制闸,2026-04-17 17:31:22,0.92
圪塔节制闸,2026-04-17 17:25:22,0.94
圪塔节制闸,2026-04-17 17:20:22,0.94
圪塔节制闸,2026-04-17 17:14:22,0.96
圪塔节制闸,2026-04-17 17:08:22,0.94
圪塔节制闸,2026-04-17 17:03:22,0.95
圪塔节制闸,2026-04-17 16:57:22,0.95
圪塔节制闸,2026-04-17 16:52:22,0.97
圪塔节制闸,2026-04-17 16:46:22,0.92
圪塔节制闸,2026-04-17 16:40:22,0.94
圪塔节制闸,2026-04-17 16:35:22,0.95
圪塔节制闸,2026-04-17 16:29:22,0.94
圪塔节制闸,2026-04-17 16:23:22,0.95
圪塔节制闸,2026-04-17 16:18:22,0.96
圪塔节制闸,2026-04-17 16:12:22,0.97
圪塔节制闸,2026-04-17 16:06:22,0.96
圪塔节制闸,2026-04-17 16:00:22,0.95
圪塔节制闸,2026-04-17 15:54:22,0.97
圪塔节制闸,2026-04-17 15:49:22,0.94
圪塔节制闸,2026-04-17 15:43:22,0.98
圪塔节制闸,2026-04-17 15:38:22,0.95
圪塔节制闸,2026-04-17 15:32:22,0.95
圪塔节制闸,2026-04-17 15:27:22,0.92
圪塔节制闸,2026-04-17 15:21:22,0.97
圪塔节制闸,2026-04-17 15:15:22,0.96
圪塔节制闸,2026-04-17 15:10:22,0.96
圪塔节制闸,2026-04-17 15:04:22,0.97
圪塔节制闸,2026-04-17 14:58:22,0.93
圪塔节制闸,2026-04-17 14:52:22,0.95
圪塔节制闸,2026-04-17 14:47:22,0.91
圪塔节制闸,2026-04-17 14:41:22,0.93
圪塔节制闸,2026-04-17 14:36:22,0.98
圪塔节制闸,2026-04-17 14:30:22,0.94
圪塔节制闸,2026-04-17 14:24:22,0.98
圪塔节制闸,2026-04-17 14:19:22,0.92
圪塔节制闸,2026-04-17 14:13:22,0.93
圪塔节制闸,2026-04-17 14:07:22,0.93
圪塔节制闸,2026-04-17 14:01:22,0.95
圪塔节制闸,2026-04-17 13:55:22,0.96
圪塔节制闸,2026-04-17 13:49:22,0.97
圪塔节制闸,2026-04-17 13:43:22,0.99
圪塔节制闸,2026-04-17 13:38:22,1.0
圪塔节制闸,2026-04-17 13:33:22,0.98
圪塔节制闸,2026-04-17 13:27:22,0.99
圪塔节制闸,2026-04-17 13:22:22,0.98
圪塔节制闸,2026-04-17 13:16:22,0.98
圪塔节制闸,2026-04-17 13:11:22,0.96
圪塔节制闸,2026-04-17 13:05:22,0.99
圪塔节制闸,2026-04-17 12:59:22,1.01
圪塔节制闸,2026-04-17 12:53:22,0.99
圪塔节制闸,2026-04-17 12:47:22,0.98
圪塔节制闸,2026-04-17 12:42:22,0.99
圪塔节制闸,2026-04-17 12:36:22,0.97
圪塔节制闸,2026-04-17 12:30:22,0.98
圪塔节制闸,2026-04-17 12:25:22,0.99
圪塔节制闸,2026-04-17 12:19:22,0.99
圪塔节制闸,2026-04-17 12:13:22,0.96
圪塔节制闸,2026-04-17 12:08:22,0.99
圪塔节制闸,2026-04-17 12:02:22,1.01
圪塔节制闸,2026-04-17 11:56:22,0.98
圪塔节制闸,2026-04-17 11:51:22,0.96
圪塔节制闸,2026-04-17 11:45:22,0.98
圪塔节制闸,2026-04-17 11:40:22,1.01
圪塔节制闸,2026-04-17 11:35:22,0.98
圪塔节制闸,2026-04-17 11:29:22,0.97
圪塔节制闸,2026-04-17 11:24:22,0.99
圪塔节制闸,2026-04-17 11:18:22,1.01
圪塔节制闸,2026-04-17 11:12:22,0.99
圪塔节制闸,2026-04-17 11:06:22,0.98
圪塔节制闸,2026-04-17 11:00:22,0.95
圪塔节制闸,2026-04-17 10:54:22,0.99
圪塔节制闸,2026-04-17 10:49:22,0.96
圪塔节制闸,2026-04-17 10:43:22,0.99
圪塔节制闸,2026-04-17 10:37:22,0.97
圪塔节制闸,2026-04-17 10:32:22,0.95
圪塔节制闸,2026-04-17 10:27:22,0.99
圪塔节制闸,2026-04-17 10:21:22,0.98
圪塔节制闸,2026-04-17 10:15:22,0.97
圪塔节制闸,2026-04-17 10:09:22,0.99
圪塔节制闸,2026-04-17 10:04:22,0.98
圪塔节制闸,2026-04-17 09:59:22,0.99
圪塔节制闸,2026-04-17 09:53:22,1.02
圪塔节制闸,2026-04-17 09:47:22,1.01
圪塔节制闸,2026-04-17 09:42:22,1.02
圪塔节制闸,2026-04-17 09:37:22,1.03
圪塔节制闸,2026-04-17 09:31:22,1.01
圪塔节制闸,2026-04-17 09:25:22,1.02
圪塔节制闸,2026-04-17 09:20:22,1.04
圪塔节制闸,2026-04-17 09:14:22,1.02
圪塔节制闸,2026-04-17 09:08:22,1.02
圪塔节制闸,2026-04-17 09:03:22,1.02
圪塔节制闸,2026-04-17 08:58:22,1.02
圪塔节制闸,2026-04-17 08:52:22,1.02
圪塔节制闸,2026-04-17 08:46:22,1.01
圪塔节制闸,2026-04-17 08:41:22,1.0
圪塔节制闸,2026-04-17 08:36:22,1.01
圪塔节制闸,2026-04-17 08:30:22,1.03
圪塔节制闸,2026-04-17 08:24:22,1.02
圪塔节制闸,2026-04-17 08:18:22,1.01
圪塔节制闸,2026-04-17 08:13:22,1.05
圪塔节制闸,2026-04-17 08:08:22,1.01
圪塔节制闸,2026-04-17 08:02:22,1.0
圪塔节制闸,2026-04-17 07:56:22,1.01
圪塔节制闸,2026-04-17 07:50:22,1.02
圪塔节制闸,2026-04-17 07:45:22,1.02
圪塔节制闸,2026-04-17 07:40:22,0.99
圪塔节制闸,2026-04-17 07:34:22,1.03
圪塔节制闸,2026-04-17 07:28:22,1.01
圪塔节制闸,2026-04-17 07:22:22,0.99
圪塔节制闸,2026-04-17 07:16:22,1.0
圪塔节制闸,2026-04-17 07:10:22,1.0
圪塔节制闸,2026-04-17 07:04:22,1.0
圪塔节制闸,2026-04-17 06:59:22,0.93
圪塔节制闸,2026-04-17 06:53:22,0.94
圪塔节制闸,2026-04-17 06:48:22,0.93
圪塔节制闸,2026-04-17 06:43:22,0.94
圪塔节制闸,2026-04-17 06:37:22,0.93
圪塔节制闸,2026-04-17 06:32:22,0.92
圪塔节制闸,2026-04-17 06:26:22,0.93
圪塔节制闸,2026-04-17 06:21:22,0.91
圪塔节制闸,2026-04-17 06:15:22,0.89
圪塔节制闸,2026-04-17 06:10:22,0.9
圪塔节制闸,2026-04-17 06:05:22,0.9
圪塔节制闸,2026-04-17 05:59:22,0.91
圪塔节制闸,2026-04-17 05:53:22,0.9
圪塔节制闸,2026-04-17 05:47:22,0.9
圪塔节制闸,2026-04-17 05:41:22,0.89
圪塔节制闸,2026-04-17 05:35:22,0.89
圪塔节制闸,2026-04-17 05:29:22,0.86
圪塔节制闸,2026-04-17 05:23:22,0.85
圪塔节制闸,2026-04-17 05:17:22,0.84
圪塔节制闸,2026-04-17 05:11:22,0.89
圪塔节制闸,2026-04-17 05:05:22,0.93
圪塔节制闸,2026-04-17 04:59:22,1.07
圪塔节制闸,2026-04-17 04:53:22,1.05
圪塔节制闸,2026-04-17 04:47:22,1.04
圪塔节制闸,2026-04-17 04:42:22,1.04
圪塔节制闸,2026-04-17 04:37:22,1.04
圪塔节制闸,2026-04-17 04:31:22,1.04
圪塔节制闸,2026-04-17 04:25:22,1.02
圪塔节制闸,2026-04-17 04:19:22,1.01
圪塔节制闸,2026-04-17 04:13:22,1.0
圪塔节制闸,2026-04-17 04:08:22,1.01
圪塔节制闸,2026-04-17 04:03:22,0.98
圪塔节制闸,2026-04-17 03:57:22,0.98
圪塔节制闸,2026-04-17 03:51:22,0.97
圪塔节制闸,2026-04-17 03:45:22,0.96
圪塔节制闸,2026-04-17 03:39:22,0.96
圪塔节制闸,2026-04-17 03:33:22,0.95
圪塔节制闸,2026-04-17 03:28:22,0.95
圪塔节制闸,2026-04-17 03:22:22,0.96
圪塔节制闸,2026-04-17 03:17:22,0.96
圪塔节制闸,2026-04-17 03:11:22,0.96
圪塔节制闸,2026-04-17 03:06:22,0.96
圪塔节制闸,2026-04-17 03:00:22,0.95
圪塔节制闸,2026-04-17 02:55:22,0.94
圪塔节制闸,2026-04-17 02:50:22,0.95
圪塔节制闸,2026-04-17 02:44:22,0.96
圪塔节制闸,2026-04-17 02:39:22,0.96
圪塔节制闸,2026-04-17 02:33:22,0.95
圪塔节制闸,2026-04-17 02:27:22,0.86
圪塔节制闸,2026-04-17 02:21:22,0.85
圪塔节制闸,2026-04-17 02:16:22,0.86
圪塔节制闸,2026-04-17 02:10:22,0.85
圪塔节制闸,2026-04-17 02:05:21,0.86
圪塔节制闸,2026-04-17 01:59:22,0.86
圪塔节制闸,2026-04-17 01:54:22,0.86
圪塔节制闸,2026-04-17 01:49:22,0.85
圪塔节制闸,2026-04-17 01:43:22,0.85
圪塔节制闸,2026-04-17 01:38:22,0.85
圪塔节制闸,2026-04-17 01:32:22,0.85
圪塔节制闸,2026-04-17 01:27:22,0.87
圪塔节制闸,2026-04-17 01:22:22,0.85
圪塔节制闸,2026-04-17 01:16:21,0.86
圪塔节制闸,2026-04-17 01:10:22,0.85
圪塔节制闸,2026-04-17 01:04:22,0.86
圪塔节制闸,2026-04-17 00:59:21,0.85
圪塔节制闸,2026-04-17 00:53:22,0.85
圪塔节制闸,2026-04-17 00:47:22,0.87
圪塔节制闸,2026-04-17 00:41:22,0.87
圪塔节制闸,2026-04-17 00:36:21,0.86
圪塔节制闸,2026-04-17 00:30:22,0.86
圪塔节制闸,2026-04-17 00:25:22,0.86
圪塔节制闸,2026-04-17 00:20:21,0.86
圪塔节制闸,2026-04-17 00:14:21,0.86
圪塔节制闸,2026-04-17 00:09:21,0.86
圪塔节制闸,2026-04-17 00:04:21,0.86
圪塔节制闸,2026-04-16 23:58:22,0.86
圪塔节制闸,2026-04-16 23:52:22,0.86
圪塔节制闸,2026-04-16 23:47:22,0.86
圪塔节制闸,2026-04-16 23:42:21,0.86
圪塔节制闸,2026-04-16 23:36:22,0.86
圪塔节制闸,2026-04-16 23:31:21,0.86
圪塔节制闸,2026-04-16 23:25:22,0.86
圪塔节制闸,2026-04-16 23:20:21,0.86
圪塔节制闸,2026-04-16 23:14:21,0.86
圪塔节制闸,2026-04-16 23:09:21,0.86
圪塔节制闸,2026-04-16 23:02:21,0.86
圪塔节制闸,2026-04-16 22:57:22,0.86
圪塔节制闸,2026-04-16 22:51:21,0.86
圪塔节制闸,2026-04-16 22:46:21,0.85
圪塔节制闸,2026-04-16 22:40:21,0.87
圪塔节制闸,2026-04-16 22:34:21,0.86
圪塔节制闸,2026-04-16 22:28:22,0.87
圪塔节制闸,2026-04-16 22:23:21,0.86
圪塔节制闸,2026-04-16 22:17:21,0.88
圪塔节制闸,2026-04-16 22:11:21,0.87
圪塔节制闸,2026-04-16 22:05:21,0.88
圪塔节制闸,2026-04-16 22:00:21,0.87
圪塔节制闸,2026-04-16 21:54:21,0.87
圪塔节制闸,2026-04-16 21:48:21,0.88
圪塔节制闸,2026-04-16 21:42:21,0.87
圪塔节制闸,2026-04-16 21:37:21,0.87
圪塔节制闸,2026-04-16 21:31:21,0.87
圪塔节制闸,2026-04-16 21:26:21,0.88
圪塔节制闸,2026-04-16 21:20:21,0.89
圪塔节制闸,2026-04-16 21:15:21,0.89
圪塔节制闸,2026-04-16 21:10:21,0.88
圪塔节制闸,2026-04-16 21:05:21,0.88
圪塔节制闸,2026-04-16 20:59:21,0.89
圪塔节制闸,2026-04-16 20:54:21,0.88
圪塔节制闸,2026-04-16 20:48:21,0.86
圪塔节制闸,2026-04-16 20:43:21,0.83
圪塔节制闸,2026-04-16 20:38:21,0.82
圪塔节制闸,2026-04-16 20:33:21,0.81
圪塔节制闸,2026-04-16 20:27:21,0.7
圪塔节制闸,2026-04-16 20:21:21,0.71
圪塔节制闸,2026-04-16 20:16:21,0.71
圪塔节制闸,2026-04-16 20:11:21,0.7
圪塔节制闸,2026-04-16 20:06:21,0.71
圪塔节制闸,2026-04-16 20:00:21,0.71
圪塔节制闸,2026-04-16 19:54:21,0.7
圪塔节制闸,2026-04-16 19:48:21,0.72
圪塔节制闸,2026-04-16 19:43:21,0.71
圪塔节制闸,2026-04-16 19:37:21,0.72
圪塔节制闸,2026-04-16 19:31:21,0.71
圪塔节制闸,2026-04-16 19:26:21,0.71
圪塔节制闸,2026-04-16 19:20:21,0.72
圪塔节制闸,2026-04-16 19:15:21,0.72
圪塔节制闸,2026-04-16 19:09:21,0.73
圪塔节制闸,2026-04-16 19:04:21,0.73
圪塔节制闸,2026-04-16 18:58:21,0.73
圪塔节制闸,2026-04-16 18:52:21,0.74
圪塔节制闸,2026-04-16 18:46:21,0.74
圪塔节制闸,2026-04-16 18:40:21,0.74
圪塔节制闸,2026-04-16 18:34:21,0.74
圪塔节制闸,2026-04-16 18:29:21,0.74
圪塔节制闸,2026-04-16 18:23:21,0.76
圪塔节制闸,2026-04-16 18:17:21,0.76
圪塔节制闸,2026-04-16 18:11:21,0.77
圪塔节制闸,2026-04-16 18:05:21,0.78
圪塔节制闸,2026-04-16 17:59:21,0.82
圪塔节制闸,2026-04-16 17:54:21,0.82
圪塔节制闸,2026-04-16 17:48:21,0.84
圪塔节制闸,2026-04-16 17:43:21,0.85
圪塔节制闸,2026-04-16 17:37:21,0.85
圪塔节制闸,2026-04-16 17:32:21,0.86
圪塔节制闸,2026-04-16 17:27:21,0.86
圪塔节制闸,2026-04-16 17:21:21,0.86
圪塔节制闸,2026-04-16 17:15:21,0.76
圪塔节制闸,2026-04-16 17:10:21,0.73
圪塔节制闸,2026-04-16 17:05:21,0.74
圪塔节制闸,2026-04-16 16:59:21,0.71
圪塔节制闸,2026-04-16 16:54:21,0.73
圪塔节制闸,2026-04-16 16:48:21,0.71
圪塔节制闸,2026-04-16 16:42:21,0.72
圪塔节制闸,2026-04-16 16:36:21,0.69
圪塔节制闸,2026-04-16 16:30:21,0.68
圪塔节制闸,2026-04-16 16:25:21,0.68
圪塔节制闸,2026-04-16 16:19:21,0.69
圪塔节制闸,2026-04-16 16:14:21,0.7
圪塔节制闸,2026-04-16 16:08:21,0.7
圪塔节制闸,2026-04-16 16:03:21,0.68
圪塔节制闸,2026-04-16 15:58:21,0.7
圪塔节制闸,2026-04-16 15:52:21,0.68
圪塔节制闸,2026-04-16 15:47:21,0.69
圪塔节制闸,2026-04-16 15:41:21,0.69
圪塔节制闸,2026-04-16 15:36:21,0.7
圪塔节制闸,2026-04-16 15:30:21,0.71
圪塔节制闸,2026-04-16 15:24:21,0.72
圪塔节制闸,2026-04-16 15:18:21,0.73
圪塔节制闸,2026-04-16 15:13:21,0.71
圪塔节制闸,2026-04-16 15:07:21,0.73
圪塔节制闸,2026-04-16 15:01:21,0.73
圪塔节制闸,2026-04-16 14:56:21,0.71
圪塔节制闸,2026-04-16 14:50:21,0.72
圪塔节制闸,2026-04-16 14:44:21,0.74
圪塔节制闸,2026-04-16 14:39:21,0.7
圪塔节制闸,2026-04-16 14:33:21,0.7
圪塔节制闸,2026-04-16 14:27:21,0.72
圪塔节制闸,2026-04-16 14:21:21,0.71
圪塔节制闸,2026-04-16 14:15:21,0.7
圪塔节制闸,2026-04-16 14:09:21,0.69
圪塔节制闸,2026-04-16 14:03:21,0.71
圪塔节制闸,2026-04-16 13:58:21,0.71
圪塔节制闸,2026-04-16 13:52:21,0.7
圪塔节制闸,2026-04-16 13:47:21,0.7
圪塔节制闸,2026-04-16 13:41:21,0.72
圪塔节制闸,2026-04-16 13:35:21,0.71
圪塔节制闸,2026-04-16 13:29:21,0.73
圪塔节制闸,2026-04-16 13:24:21,0.71
圪塔节制闸,2026-04-16 13:18:21,0.71
圪塔节制闸,2026-04-16 13:12:21,0.7
圪塔节制闸,2026-04-16 13:07:21,0.71
圪塔节制闸,2026-04-16 13:01:21,0.73
圪塔节制闸,2026-04-16 12:56:21,0.73
圪塔节制闸,2026-04-16 12:50:21,0.7
圪塔节制闸,2026-04-16 12:44:21,0.71
圪塔节制闸,2026-04-16 12:38:21,0.76
圪塔节制闸,2026-04-16 12:32:21,0.72
圪塔节制闸,2026-04-16 12:27:21,0.73
圪塔节制闸,2026-04-16 12:22:21,0.72
圪塔节制闸,2026-04-16 12:16:21,0.72
圪塔节制闸,2026-04-16 12:10:21,0.7
圪塔节制闸,2026-04-16 12:05:21,0.72
圪塔节制闸,2026-04-16 11:59:21,0.71
圪塔节制闸,2026-04-16 11:53:21,0.72
圪塔节制闸,2026-04-16 11:48:21,0.72
圪塔节制闸,2026-04-16 11:42:21,0.74
圪塔节制闸,2026-04-16 11:36:21,0.72
圪塔节制闸,2026-04-16 11:30:21,0.74
圪塔节制闸,2026-04-16 11:24:21,0.75
圪塔节制闸,2026-04-16 11:18:21,0.73
圪塔节制闸,2026-04-16 11:12:21,0.73
圪塔节制闸,2026-04-16 11:07:21,0.73
圪塔节制闸,2026-04-16 11:02:21,0.74
圪塔节制闸,2026-04-16 10:57:21,0.72
圪塔节制闸,2026-04-16 10:52:21,0.74
圪塔节制闸,2026-04-16 10:46:21,0.73
圪塔节制闸,2026-04-16 10:41:21,0.71
圪塔节制闸,2026-04-16 10:36:21,0.75
圪塔节制闸,2026-04-16 10:31:21,0.72
圪塔节制闸,2026-04-16 10:25:21,0.74
圪塔节制闸,2026-04-16 10:20:21,0.71
圪塔节制闸,2026-04-16 10:14:21,0.72
圪塔节制闸,2026-04-16 10:08:21,0.74
圪塔节制闸,2026-04-16 10:03:21,0.72
圪塔节制闸,2026-04-16 09:57:21,0.74
圪塔节制闸,2026-04-16 09:51:21,0.71
圪塔节制闸,2026-04-16 09:46:21,0.73
圪塔节制闸,2026-04-16 09:40:21,0.71
圪塔节制闸,2026-04-16 09:34:21,0.71
圪塔节制闸,2026-04-16 09:29:21,0.72
圪塔节制闸,2026-04-16 09:23:21,0.73
圪塔节制闸,2026-04-16 09:18:21,0.72
圪塔节制闸,2026-04-16 09:12:21,0.76
圪塔节制闸,2026-04-16 09:07:21,0.72
圪塔节制闸,2026-04-16 09:01:21,0.74
圪塔节制闸,2026-04-16 08:56:21,0.75
圪塔节制闸,2026-04-16 08:50:21,0.71
圪塔节制闸,2026-04-16 08:45:21,0.72
圪塔节制闸,2026-04-16 08:39:21,0.73
圪塔节制闸,2026-04-16 08:33:21,0.72
圪塔节制闸,2026-04-16 08:27:21,0.73
圪塔节制闸,2026-04-16 08:22:21,0.7
圪塔节制闸,2026-04-16 08:16:21,0.68
圪塔节制闸,2026-04-16 08:11:21,0.72
圪塔节制闸,2026-04-16 08:05:21,0.71
圪塔节制闸,2026-04-16 08:00:21,0.72
圪塔节制闸,2026-04-16 07:54:21,0.7
圪塔节制闸,2026-04-16 07:49:21,0.72
圪塔节制闸,2026-04-16 07:43:21,0.71
圪塔节制闸,2026-04-16 07:38:21,0.74
圪塔节制闸,2026-04-16 07:32:21,0.72
圪塔节制闸,2026-04-16 07:26:21,0.73
圪塔节制闸,2026-04-16 07:21:21,0.71
圪塔节制闸,2026-04-16 07:15:21,0.73
圪塔节制闸,2026-04-16 07:09:21,0.72
圪塔节制闸,2026-04-16 07:03:21,0.71
圪塔节制闸,2026-04-16 06:58:21,0.7
圪塔节制闸,2026-04-16 06:52:40,0.71
圪塔节制闸,2026-04-16 06:46:21,0.72
圪塔节制闸,2026-04-16 06:40:21,0.72
圪塔节制闸,2026-04-16 06:34:21,0.68
圪塔节制闸,2026-04-16 06:29:21,0.69
圪塔节制闸,2026-04-16 06:23:21,0.68
圪塔节制闸,2026-04-16 06:18:21,0.71
圪塔节制闸,2026-04-16 06:13:21,0.68
圪塔节制闸,2026-04-16 06:08:21,0.72
圪塔节制闸,2026-04-16 06:02:21,0.69
圪塔节制闸,2026-04-16 05:57:21,0.71
圪塔节制闸,2026-04-16 05:51:21,0.69
圪塔节制闸,2026-04-16 05:45:21,0.7
圪塔节制闸,2026-04-16 05:39:21,0.68
圪塔节制闸,2026-04-16 05:33:21,0.69
圪塔节制闸,2026-04-16 05:27:21,0.71
圪塔节制闸,2026-04-16 05:22:21,0.71
圪塔节制闸,2026-04-16 05:16:21,0.7
圪塔节制闸,2026-04-16 05:10:21,0.69
圪塔节制闸,2026-04-16 05:04:21,0.67
圪塔节制闸,2026-04-16 04:59:21,0.69
圪塔节制闸,2026-04-16 04:53:21,0.68
圪塔节制闸,2026-04-16 04:48:21,0.7
圪塔节制闸,2026-04-16 04:42:21,0.7
圪塔节制闸,2026-04-16 04:36:21,0.72
圪塔节制闸,2026-04-16 04:30:21,0.69
圪塔节制闸,2026-04-16 04:25:21,0.7
圪塔节制闸,2026-04-16 04:19:21,0.68
圪塔节制闸,2026-04-16 04:14:21,0.69
圪塔节制闸,2026-04-16 04:08:21,0.69
圪塔节制闸,2026-04-16 04:02:21,0.7
圪塔节制闸,2026-04-16 03:56:21,0.7
圪塔节制闸,2026-04-16 03:51:21,0.72
圪塔节制闸,2026-04-16 03:45:21,0.73
圪塔节制闸,2026-04-16 03:39:21,0.72
圪塔节制闸,2026-04-16 03:34:21,0.7
圪塔节制闸,2026-04-16 03:28:21,0.71
圪塔节制闸,2026-04-16 03:22:21,0.7
圪塔节制闸,2026-04-16 03:17:21,0.72
圪塔节制闸,2026-04-16 03:11:21,0.7
圪塔节制闸,2026-04-16 03:05:21,0.7
圪塔节制闸,2026-04-16 02:59:21,0.7
圪塔节制闸,2026-04-16 02:53:21,0.71
圪塔节制闸,2026-04-16 02:47:21,0.7
圪塔节制闸,2026-04-16 02:42:21,0.7
圪塔节制闸,2026-04-16 02:36:21,0.71
圪塔节制闸,2026-04-16 02:31:21,0.71
圪塔节制闸,2026-04-16 02:25:21,0.72
圪塔节制闸,2026-04-16 02:19:21,0.73
圪塔节制闸,2026-04-16 02:13:21,0.72
圪塔节制闸,2026-04-16 02:07:21,0.73
圪塔节制闸,2026-04-16 02:01:21,0.73
圪塔节制闸,2026-04-16 01:56:21,0.73
圪塔节制闸,2026-04-16 01:50:21,0.73
圪塔节制闸,2026-04-16 01:45:21,0.72
圪塔节制闸,2026-04-16 01:39:21,0.74
圪塔节制闸,2026-04-16 01:33:21,0.74
圪塔节制闸,2026-04-16 01:28:21,0.75
圪塔节制闸,2026-04-16 01:23:21,0.76
圪塔节制闸,2026-04-16 01:17:21,0.75
圪塔节制闸,2026-04-16 01:11:21,0.75
圪塔节制闸,2026-04-16 01:05:21,0.77
圪塔节制闸,2026-04-16 00:59:21,0.75
圪塔节制闸,2026-04-16 00:53:21,0.77
圪塔节制闸,2026-04-16 00:48:21,0.77
圪塔节制闸,2026-04-16 00:42:21,0.78
圪塔节制闸,2026-04-16 00:36:21,0.81
圪塔节制闸,2026-04-16 00:30:21,0.8
圪塔节制闸,2026-04-16 00:24:21,0.81
圪塔节制闸,2026-04-16 00:18:21,0.79
圪塔节制闸,2026-04-16 00:13:21,0.79
圪塔节制闸,2026-04-16 00:07:21,0.79
圪塔节制闸,2026-04-16 00:01:21,0.79
圪塔节制闸,2026-04-15 23:55:21,0.8
圪塔节制闸,2026-04-15 23:50:21,0.82
圪塔节制闸,2026-04-15 23:44:21,0.8
圪塔节制闸,2026-04-15 23:39:21,0.81
圪塔节制闸,2026-04-15 23:33:21,0.8
圪塔节制闸,2026-04-15 23:27:21,0.8
圪塔节制闸,2026-04-15 23:22:21,0.81
圪塔节制闸,2026-04-15 23:16:21,0.8
圪塔节制闸,2026-04-15 23:11:21,0.8
圪塔节制闸,2026-04-15 23:04:21,0.78
圪塔节制闸,2026-04-15 23:00:21,0.79
圪塔节制闸,2026-04-15 22:54:21,0.77
圪塔节制闸,2026-04-15 22:48:21,0.77
圪塔节制闸,2026-04-15 22:43:21,0.78
圪塔节制闸,2026-04-15 22:37:21,0.76
圪塔节制闸,2026-04-15 22:31:21,0.77
圪塔节制闸,2026-04-15 22:25:21,0.69
圪塔节制闸,2026-04-15 22:20:21,0.72
圪塔节制闸,2026-04-15 22:14:21,0.72
圪塔节制闸,2026-04-15 22:09:21,0.72
圪塔节制闸,2026-04-15 22:03:21,0.73
圪塔节制闸,2026-04-15 21:57:21,0.75
圪塔节制闸,2026-04-15 21:52:21,0.74
圪塔节制闸,2026-04-15 21:46:21,0.73
圪塔节制闸,2026-04-15 21:40:21,0.76
圪塔节制闸,2026-04-15 21:35:21,0.73
圪塔节制闸,2026-04-15 21:29:21,0.73
圪塔节制闸,2026-04-15 21:23:21,0.75
圪塔节制闸,2026-04-15 21:18:21,0.74
圪塔节制闸,2026-04-15 21:12:21,0.77
圪塔节制闸,2026-04-15 21:06:21,0.75
圪塔节制闸,2026-04-15 21:01:21,0.7
圪塔节制闸,2026-04-15 20:55:21,0.7
圪塔节制闸,2026-04-15 20:49:21,0.76
圪塔节制闸,2026-04-15 20:43:21,0.72
圪塔节制闸,2026-04-15 20:38:21,0.73
圪塔节制闸,2026-04-15 20:32:21,0.75
圪塔节制闸,2026-04-15 20:27:21,0.73
圪塔节制闸,2026-04-15 20:21:21,0.78
圪塔节制闸,2026-04-15 20:15:21,0.77
圪塔节制闸,2026-04-15 20:10:21,0.75
圪塔节制闸,2026-04-15 20:04:21,0.72
圪塔节制闸,2026-04-15 19:59:21,0.73
圪塔节制闸,2026-04-15 19:54:21,0.76
圪塔节制闸,2026-04-15 19:49:21,0.72
圪塔节制闸,2026-04-15 19:43:21,0.73
圪塔节制闸,2026-04-15 19:38:21,0.75
圪塔节制闸,2026-04-15 19:32:21,0.71
圪塔节制闸,2026-04-15 19:26:21,0.73
圪塔节制闸,2026-04-15 19:21:21,0.73
圪塔节制闸,2026-04-15 19:15:21,0.74
圪塔节制闸,2026-04-15 19:09:21,0.7
圪塔节制闸,2026-04-15 19:04:21,0.77
圪塔节制闸,2026-04-15 18:59:21,0.73
圪塔节制闸,2026-04-15 18:54:21,0.75
圪塔节制闸,2026-04-15 18:48:21,0.72
圪塔节制闸,2026-04-15 18:42:21,0.72
圪塔节制闸,2026-04-15 18:37:21,0.76
圪塔节制闸,2026-04-15 18:32:21,0.73
圪塔节制闸,2026-04-15 18:26:21,0.73
圪塔节制闸,2026-04-15 18:21:21,0.78
圪塔节制闸,2026-04-15 18:16:21,0.76
圪塔节制闸,2026-04-15 18:11:21,0.78
圪塔节制闸,2026-04-15 18:05:21,0.69
圪塔节制闸,2026-04-15 18:00:21,0.73
圪塔节制闸,2026-04-15 17:55:21,0.72
圪塔节制闸,2026-04-15 17:49:21,0.71
圪塔节制闸,2026-04-15 17:44:21,0.79
圪塔节制闸,2026-04-15 17:38:21,0.7
圪塔节制闸,2026-04-15 17:33:21,0.74
圪塔节制闸,2026-04-15 17:27:21,0.73
圪塔节制闸,2026-04-15 17:22:21,0.75
圪塔节制闸,2026-04-15 17:16:21,0.75
圪塔节制闸,2026-04-15 17:11:21,0.77
圪塔节制闸,2026-04-15 17:05:21,0.79
圪塔节制闸,2026-04-15 16:59:21,0.78
圪塔节制闸,2026-04-15 16:53:21,0.74
圪塔节制闸,2026-04-15 16:47:21,0.78
圪塔节制闸,2026-04-15 16:41:21,0.76
圪塔节制闸,2026-04-15 16:36:21,0.72
圪塔节制闸,2026-04-15 16:30:21,0.7
圪塔节制闸,2026-04-15 16:25:21,0.71
圪塔节制闸,2026-04-15 16:20:21,0.73
圪塔节制闸,2026-04-15 16:14:21,0.74
圪塔节制闸,2026-04-15 16:09:21,0.75
圪塔节制闸,2026-04-15 16:03:21,0.7
圪塔节制闸,2026-04-15 15:57:21,0.76
圪塔节制闸,2026-04-15 15:51:21,0.72
圪塔节制闸,2026-04-15 15:46:21,0.69
圪塔节制闸,2026-04-15 15:40:21,0.72
圪塔节制闸,2026-04-15 15:34:21,0.7
圪塔节制闸,2026-04-15 15:28:21,0.71
圪塔节制闸,2026-04-15 15:22:21,0.71
圪塔节制闸,2026-04-15 15:16:21,0.72
圪塔节制闸,2026-04-15 15:11:21,0.73
圪塔节制闸,2026-04-15 15:05:21,0.73
圪塔节制闸,2026-04-15 14:59:21,0.71
圪塔节制闸,2026-04-15 14:54:21,0.71
圪塔节制闸,2026-04-15 14:48:21,0.67
圪塔节制闸,2026-04-15 14:42:21,0.75
圪塔节制闸,2026-04-15 14:37:21,0.71
圪塔节制闸,2026-04-15 14:31:21,0.75
圪塔节制闸,2026-04-15 14:25:21,0.74
圪塔节制闸,2026-04-15 14:19:21,0.73
圪塔节制闸,2026-04-15 14:14:21,0.7
圪塔节制闸,2026-04-15 14:08:21,0.75
圪塔节制闸,2026-04-15 14:02:21,0.7
圪塔节制闸,2026-04-15 13:57:21,0.72
圪塔节制闸,2026-04-15 13:52:21,0.7
圪塔节制闸,2026-04-15 13:46:21,0.68
圪塔节制闸,2026-04-15 13:41:21,0.7
圪塔节制闸,2026-04-15 13:35:21,0.66
圪塔节制闸,2026-04-15 13:29:21,0.7
圪塔节制闸,2026-04-15 13:24:21,0.71
圪塔节制闸,2026-04-15 13:18:21,0.67
圪塔节制闸,2026-04-15 13:13:21,0.69
圪塔节制闸,2026-04-15 13:08:21,0.71
圪塔节制闸,2026-04-15 13:02:21,0.68
圪塔节制闸,2026-04-15 12:56:21,0.69
圪塔节制闸,2026-04-15 12:51:21,0.71
圪塔节制闸,2026-04-15 12:45:21,0.7
圪塔节制闸,2026-04-15 12:39:21,0.73
圪塔节制闸,2026-04-15 12:33:21,0.68
圪塔节制闸,2026-04-15 12:28:21,0.78
圪塔节制闸,2026-04-15 12:22:21,0.73
圪塔节制闸,2026-04-15 12:16:21,0.69
圪塔节制闸,2026-04-15 12:11:21,0.71
圪塔节制闸,2026-04-15 12:06:21,0.72
圪塔节制闸,2026-04-15 12:00:21,0.69
圪塔节制闸,2026-04-15 11:55:21,0.74
圪塔节制闸,2026-04-15 11:49:21,0.75
圪塔节制闸,2026-04-15 11:44:21,0.74
圪塔节制闸,2026-04-15 11:38:21,0.74
圪塔节制闸,2026-04-15 11:32:21,0.7
圪塔节制闸,2026-04-15 11:27:21,0.69
圪塔节制闸,2026-04-15 11:21:21,0.68
圪塔节制闸,2026-04-15 11:16:21,0.68
圪塔节制闸,2026-04-15 11:10:21,0.73
圪塔节制闸,2026-04-15 11:04:21,0.68
圪塔节制闸,2026-04-15 10:59:21,0.72
圪塔节制闸,2026-04-15 10:54:21,0.73
圪塔节制闸,2026-04-15 10:48:21,0.72
圪塔节制闸,2026-04-15 10:42:21,0.69
圪塔节制闸,2026-04-15 10:37:21,0.73
圪塔节制闸,2026-04-15 10:31:21,0.75
圪塔节制闸,2026-04-15 10:26:21,0.69
圪塔节制闸,2026-04-15 10:20:21,0.69
圪塔节制闸,2026-04-15 10:15:21,0.72
圪塔节制闸,2026-04-15 10:10:21,0.67
圪塔节制闸,2026-04-15 10:04:21,0.74
圪塔节制闸,2026-04-15 09:59:21,0.74
圪塔节制闸,2026-04-15 09:53:21,0.73
圪塔节制闸,2026-04-15 09:48:21,0.74
圪塔节制闸,2026-04-15 09:42:21,0.76
圪塔节制闸,2026-04-15 09:37:21,0.76
圪塔节制闸,2026-04-15 09:32:21,0.71
圪塔节制闸,2026-04-15 09:26:21,0.72
圪塔节制闸,2026-04-15 09:20:21,0.73
圪塔节制闸,2026-04-15 09:15:21,0.73
圪塔节制闸,2026-04-15 09:10:21,0.71
圪塔节制闸,2026-04-15 09:04:21,0.73
圪塔节制闸,2026-04-15 08:59:21,0.69
圪塔节制闸,2026-04-15 08:53:21,0.73
圪塔节制闸,2026-04-15 08:47:21,0.72
圪塔节制闸,2026-04-15 08:41:21,0.74
圪塔节制闸,2026-04-15 08:35:21,0.74
圪塔节制闸,2026-04-15 08:30:21,0.74
圪塔节制闸,2026-04-15 08:24:21,0.73
圪塔节制闸,2026-04-15 08:18:21,0.73
圪塔节制闸,2026-04-15 08:13:21,0.77
圪塔节制闸,2026-04-15 08:08:21,0.77
圪塔节制闸,2026-04-15 08:02:21,0.72
圪塔节制闸,2026-04-15 07:57:21,0.74
圪塔节制闸,2026-04-15 07:52:21,0.74
圪塔节制闸,2026-04-15 07:46:21,0.74
圪塔节制闸,2026-04-15 07:40:21,0.75
圪塔节制闸,2026-04-15 07:34:21,0.73
圪塔节制闸,2026-04-15 07:28:21,0.74
圪塔节制闸,2026-04-15 07:22:21,0.73
圪塔节制闸,2026-04-15 07:16:21,0.74
圪塔节制闸,2026-04-15 07:10:21,0.76
圪塔节制闸,2026-04-15 07:05:21,0.71
圪塔节制闸,2026-04-15 07:00:21,0.74
圪塔节制闸,2026-04-15 06:54:21,0.73
圪塔节制闸,2026-04-15 06:48:21,0.76
圪塔节制闸,2026-04-15 06:43:21,0.73
圪塔节制闸,2026-04-15 06:37:21,0.72
圪塔节制闸,2026-04-15 06:31:21,0.76
圪塔节制闸,2026-04-15 06:26:20,0.78
圪塔节制闸,2026-04-15 06:21:20,0.72
圪塔节制闸,2026-04-15 06:15:21,0.79
圪塔节制闸,2026-04-15 06:09:21,0.78
圪塔节制闸,2026-04-15 06:04:21,0.76
圪塔节制闸,2026-04-15 05:58:21,0.78
圪塔节制闸,2026-04-15 05:53:21,0.77
圪塔节制闸,2026-04-15 05:47:21,0.76
圪塔节制闸,2026-04-15 05:42:20,0.75
圪塔节制闸,2026-04-15 05:36:21,0.76
圪塔节制闸,2026-04-15 05:31:21,0.82
圪塔节制闸,2026-04-15 05:26:20,0.78
圪塔节制闸,2026-04-15 05:20:21,0.74
圪塔节制闸,2026-04-15 05:15:20,0.76
圪塔节制闸,2026-04-15 05:09:21,0.8
圪塔节制闸,2026-04-15 05:04:20,0.78
圪塔节制闸,2026-04-15 04:58:21,0.81
圪塔节制闸,2026-04-15 04:52:21,0.79
圪塔节制闸,2026-04-15 04:47:20,0.79
圪塔节制闸,2026-04-15 04:42:20,0.79
圪塔节制闸,2026-04-15 04:36:21,0.76
圪塔节制闸,2026-04-15 04:31:20,0.78
圪塔节制闸,2026-04-15 04:26:20,0.79
圪塔节制闸,2026-04-15 04:20:20,0.78
圪塔节制闸,2026-04-15 04:14:20,0.81
圪塔节制闸,2026-04-15 04:08:20,0.76
圪塔节制闸,2026-04-15 04:02:20,0.77
圪塔节制闸,2026-04-15 03:57:20,0.78
圪塔节制闸,2026-04-15 03:51:20,0.78
圪塔节制闸,2026-04-15 03:46:20,0.77
圪塔节制闸,2026-04-15 03:40:20,0.78
圪塔节制闸,2026-04-15 03:34:20,0.76
圪塔节制闸,2026-04-15 03:28:20,0.77
圪塔节制闸,2026-04-15 03:22:20,0.77
圪塔节制闸,2026-04-15 03:17:20,0.8
圪塔节制闸,2026-04-15 03:11:20,0.79
圪塔节制闸,2026-04-15 03:06:20,0.73
圪塔节制闸,2026-04-15 03:00:20,0.77
圪塔节制闸,2026-04-15 02:55:20,0.76
圪塔节制闸,2026-04-15 02:49:20,0.77
圪塔节制闸,2026-04-15 02:43:20,0.75
圪塔节制闸,2026-04-15 02:38:20,0.74
圪塔节制闸,2026-04-15 02:33:20,0.74
圪塔节制闸,2026-04-15 02:27:20,0.77
圪塔节制闸,2026-04-15 02:22:20,0.78
圪塔节制闸,2026-04-15 02:16:20,0.78
圪塔节制闸,2026-04-15 02:11:20,0.73
圪塔节制闸,2026-04-15 02:05:20,0.78
圪塔节制闸,2026-04-15 02:00:20,0.77
圪塔节制闸,2026-04-15 01:54:20,0.73
圪塔节制闸,2026-04-15 01:48:20,0.8
圪塔节制闸,2026-04-15 01:42:20,0.75
圪塔节制闸,2026-04-15 01:36:20,0.75
圪塔节制闸,2026-04-15 01:31:20,0.76
圪塔节制闸,2026-04-15 01:25:20,0.75
圪塔节制闸,2026-04-15 01:19:20,0.72
圪塔节制闸,2026-04-15 01:13:20,0.76
圪塔节制闸,2026-04-15 01:08:20,0.75
圪塔节制闸,2026-04-15 01:02:20,0.76
圪塔节制闸,2026-04-15 00:57:20,0.78
圪塔节制闸,2026-04-15 00:51:20,0.78
圪塔节制闸,2026-04-15 00:45:20,0.78
圪塔节制闸,2026-04-15 00:39:20,0.78
圪塔节制闸,2026-04-15 00:33:20,0.76
圪塔节制闸,2026-04-15 00:27:20,0.74
圪塔节制闸,2026-04-15 00:21:20,0.76
圪塔节制闸,2026-04-15 00:16:20,0.77
圪塔节制闸,2026-04-15 00:11:20,0.76
圪塔节制闸,2026-04-15 00:05:20,0.76
圪塔节制闸,2026-04-15 00:00:20,0.77
圪塔节制闸,2026-04-14 23:54:20,0.76
圪塔节制闸,2026-04-14 23:48:20,0.74
圪塔节制闸,2026-04-14 23:42:20,0.74
圪塔节制闸,2026-04-14 23:36:20,0.8
圪塔节制闸,2026-04-14 23:31:20,0.78
圪塔节制闸,2026-04-14 23:26:20,0.75
圪塔节制闸,2026-04-14 23:20:20,0.77
圪塔节制闸,2026-04-14 23:14:20,0.73
圪塔节制闸,2026-04-14 23:09:20,0.75
圪塔节制闸,2026-04-14 23:02:20,0.71
圪塔节制闸,2026-04-14 22:57:20,0.77
圪塔节制闸,2026-04-14 22:51:20,0.77
圪塔节制闸,2026-04-14 22:45:20,0.74
圪塔节制闸,2026-04-14 22:40:20,0.77
圪塔节制闸,2026-04-14 22:34:20,0.72
圪塔节制闸,2026-04-14 22:29:20,0.76
圪塔节制闸,2026-04-14 22:23:20,0.72
圪塔节制闸,2026-04-14 22:17:20,0.76
圪塔节制闸,2026-04-14 22:11:20,0.76
圪塔节制闸,2026-04-14 22:06:20,0.75
圪塔节制闸,2026-04-14 22:01:20,0.75
圪塔节制闸,2026-04-14 21:55:20,0.77
圪塔节制闸,2026-04-14 21:49:20,0.78
圪塔节制闸,2026-04-14 21:44:20,0.71
圪塔节制闸,2026-04-14 21:38:20,0.73
圪塔节制闸,2026-04-14 21:32:20,0.75
圪塔节制闸,2026-04-14 21:27:20,0.72
圪塔节制闸,2026-04-14 21:21:20,0.76
圪塔节制闸,2026-04-14 21:15:20,0.75
圪塔节制闸,2026-04-14 21:09:20,0.75
圪塔节制闸,2026-04-14 21:03:20,0.73
圪塔节制闸,2026-04-14 20:58:20,0.74
圪塔节制闸,2026-04-14 20:52:20,0.75
圪塔节制闸,2026-04-14 20:47:20,0.77
圪塔节制闸,2026-04-14 20:41:20,0.77
圪塔节制闸,2026-04-14 20:36:20,0.74
圪塔节制闸,2026-04-14 20:30:20,0.78
圪塔节制闸,2026-04-14 20:24:20,0.79
圪塔节制闸,2026-04-14 20:19:20,0.75
圪塔节制闸,2026-04-14 20:13:20,0.75
圪塔节制闸,2026-04-14 20:07:20,0.74
圪塔节制闸,2026-04-14 20:01:20,0.74
圪塔节制闸,2026-04-14 19:56:20,0.76
圪塔节制闸,2026-04-14 19:50:20,0.74
圪塔节制闸,2026-04-14 19:44:20,0.76
圪塔节制闸,2026-04-14 19:39:20,0.73
圪塔节制闸,2026-04-14 19:33:20,0.75
圪塔节制闸,2026-04-14 19:27:20,0.77
圪塔节制闸,2026-04-14 19:21:20,0.72
圪塔节制闸,2026-04-14 19:16:20,0.75
圪塔节制闸,2026-04-14 19:10:20,0.72
圪塔节制闸,2026-04-14 19:05:20,0.75
圪塔节制闸,2026-04-14 18:59:20,0.71
圪塔节制闸,2026-04-14 18:54:20,0.79
圪塔节制闸,2026-04-14 18:48:20,0.73
圪塔节制闸,2026-04-14 18:42:20,0.77
圪塔节制闸,2026-04-14 18:37:20,0.74
圪塔节制闸,2026-04-14 18:31:20,0.74
圪塔节制闸,2026-04-14 18:26:20,0.73
圪塔节制闸,2026-04-14 18:20:20,0.69
圪塔节制闸,2026-04-14 18:15:20,0.73
圪塔节制闸,2026-04-14 18:09:20,0.74
圪塔节制闸,2026-04-14 18:03:20,0.72
圪塔节制闸,2026-04-14 17:58:20,0.73
圪塔节制闸,2026-04-14 17:53:20,0.71
圪塔节制闸,2026-04-14 17:47:20,0.71
圪塔节制闸,2026-04-14 17:42:20,0.73
圪塔节制闸,2026-04-14 17:36:20,0.73
圪塔节制闸,2026-04-14 17:30:20,0.74
圪塔节制闸,2026-04-14 17:25:20,0.74
圪塔节制闸,2026-04-14 17:19:20,0.72
圪塔节制闸,2026-04-14 17:13:20,0.73
圪塔节制闸,2026-04-14 17:07:20,0.74
圪塔节制闸,2026-04-14 17:01:20,0.72
圪塔节制闸,2026-04-14 16:55:20,0.7
圪塔节制闸,2026-04-14 16:50:20,0.71
圪塔节制闸,2026-04-14 16:44:20,0.74
圪塔节制闸,2026-04-14 16:39:20,0.73
圪塔节制闸,2026-04-14 16:33:20,0.71
圪塔节制闸,2026-04-14 16:28:20,0.76
圪塔节制闸,2026-04-14 16:22:20,0.72
圪塔节制闸,2026-04-14 16:16:20,0.72
圪塔节制闸,2026-04-14 16:10:20,0.72
圪塔节制闸,2026-04-14 16:05:20,0.74
圪塔节制闸,2026-04-14 15:59:20,0.7
圪塔节制闸,2026-04-14 15:54:20,0.71
圪塔节制闸,2026-04-14 15:48:20,0.71
圪塔节制闸,2026-04-14 15:43:20,0.74
圪塔节制闸,2026-04-14 15:37:20,0.74
圪塔节制闸,2026-04-14 15:31:20,0.74
老庄节制闸,2026-04-21 17:27:56,0.66
老庄节制闸,2026-04-21 17:21:56,0.65
老庄节制闸,2026-04-21 17:15:56,0.4
老庄节制闸,2026-04-21 17:09:56,0.4
老庄节制闸,2026-04-21 17:04:56,0.4
老庄节制闸,2026-04-21 16:59:56,0.4
老庄节制闸,2026-04-21 16:53:56,0.41
老庄节制闸,2026-04-21 16:48:56,0.41
老庄节制闸,2026-04-21 16:42:56,0.41
老庄节制闸,2026-04-21 16:36:56,0.42
老庄节制闸,2026-04-21 16:31:56,0.42
老庄节制闸,2026-04-21 16:25:56,0.42
老庄节制闸,2026-04-21 16:20:56,0.42
老庄节制闸,2026-04-21 16:14:56,0.42
老庄节制闸,2026-04-21 16:08:56,0.42
老庄节制闸,2026-04-21 16:02:56,0.43
老庄节制闸,2026-04-21 15:56:56,0.43
老庄节制闸,2026-04-21 15:51:56,0.43
老庄节制闸,2026-04-21 15:45:56,0.44
老庄节制闸,2026-04-21 15:39:56,0.44
老庄节制闸,2026-04-21 15:34:56,0.44
老庄节制闸,2026-04-21 15:28:56,0.43
老庄节制闸,2026-04-21 15:23:56,0.43
老庄节制闸,2026-04-21 15:17:56,0.43
老庄节制闸,2026-04-21 15:11:56,0.44
老庄节制闸,2026-04-21 15:06:56,0.44
老庄节制闸,2026-04-21 15:00:56,0.45
老庄节制闸,2026-04-21 14:54:56,0.46
老庄节制闸,2026-04-21 14:48:57,0.46
老庄节制闸,2026-04-21 14:43:56,0.47
老庄节制闸,2026-04-21 14:37:56,0.45
老庄节制闸,2026-04-21 14:31:56,0.44
老庄节制闸,2026-04-21 14:25:56,0.45
老庄节制闸,2026-04-21 14:19:56,0.45
老庄节制闸,2026-04-21 14:13:56,0.46
老庄节制闸,2026-04-21 14:07:56,0.47
老庄节制闸,2026-04-21 14:01:57,0.48
老庄节制闸,2026-04-21 13:55:56,0.49
老庄节制闸,2026-04-21 13:49:56,0.49
老庄节制闸,2026-04-21 13:43:56,0.46
老庄节制闸,2026-04-21 13:38:56,0.44
老庄节制闸,2026-04-21 13:32:56,0.45
老庄节制闸,2026-04-21 13:27:56,0.46
老庄节制闸,2026-04-21 13:22:56,0.47
老庄节制闸,2026-04-21 13:16:56,0.48
老庄节制闸,2026-04-21 13:10:56,0.5
老庄节制闸,2026-04-21 13:05:56,0.52
老庄节制闸,2026-04-21 12:59:56,0.53
老庄节制闸,2026-04-21 12:53:56,0.49
老庄节制闸,2026-04-21 12:47:56,0.46
老庄节制闸,2026-04-21 12:42:56,0.39
老庄节制闸,2026-04-21 12:37:56,0.42
老庄节制闸,2026-04-21 12:31:56,0.47
老庄节制闸,2026-04-21 12:25:56,0.52
老庄节制闸,2026-04-21 12:19:56,0.58
老庄节制闸,2026-04-21 12:14:56,0.74
老庄节制闸,2026-04-21 12:09:56,0.75
老庄节制闸,2026-04-21 12:03:56,0.75
老庄节制闸,2026-04-21 11:58:56,0.75
老庄节制闸,2026-04-21 11:53:56,0.75
老庄节制闸,2026-04-21 11:47:56,0.76
老庄节制闸,2026-04-21 11:41:56,0.77
老庄节制闸,2026-04-21 11:35:56,0.78
老庄节制闸,2026-04-21 11:29:56,0.79
老庄节制闸,2026-04-21 11:24:56,0.8
老庄节制闸,2026-04-21 11:18:56,0.81
老庄节制闸,2026-04-21 11:12:56,0.82
老庄节制闸,2026-04-21 11:07:56,0.84
老庄节制闸,2026-04-21 11:02:56,0.85
老庄节制闸,2026-04-21 10:56:56,0.87
老庄节制闸,2026-04-21 10:51:56,0.88
老庄节制闸,2026-04-21 10:45:56,0.9
老庄节制闸,2026-04-21 10:39:56,0.92
老庄节制闸,2026-04-21 10:34:56,0.94
老庄节制闸,2026-04-21 10:28:56,0.96
老庄节制闸,2026-04-21 10:23:56,0.97
老庄节制闸,2026-04-21 10:18:56,0.97
老庄节制闸,2026-04-21 10:12:56,0.97
老庄节制闸,2026-04-21 10:07:56,0.97
老庄节制闸,2026-04-21 10:01:56,0.97
老庄节制闸,2026-04-21 09:55:56,0.97
老庄节制闸,2026-04-21 09:50:56,0.98
老庄节制闸,2026-04-21 09:45:56,0.98
老庄节制闸,2026-04-21 09:39:56,0.98
老庄节制闸,2026-04-21 09:34:56,0.98
老庄节制闸,2026-04-21 09:28:56,0.98
老庄节制闸,2026-04-21 09:22:56,0.98
老庄节制闸,2026-04-21 09:17:56,0.98
老庄节制闸,2026-04-21 09:11:56,0.98
老庄节制闸,2026-04-21 09:06:56,0.98
老庄节制闸,2026-04-21 09:00:56,0.98
老庄节制闸,2026-04-21 08:55:56,0.99
老庄节制闸,2026-04-21 08:49:56,0.99
老庄节制闸,2026-04-21 08:44:56,0.99
老庄节制闸,2026-04-21 08:39:56,0.99
老庄节制闸,2026-04-21 08:33:56,1.0
老庄节制闸,2026-04-21 08:27:56,1.0
老庄节制闸,2026-04-21 08:22:56,1.0
老庄节制闸,2026-04-21 08:16:56,1.01
老庄节制闸,2026-04-21 08:10:56,0.99
老庄节制闸,2026-04-21 08:05:56,0.91
老庄节制闸,2026-04-21 08:00:56,0.9
老庄节制闸,2026-04-21 07:54:56,0.9
老庄节制闸,2026-04-21 07:48:56,0.9
老庄节制闸,2026-04-21 07:42:56,0.89
老庄节制闸,2026-04-21 07:37:56,0.9
老庄节制闸,2026-04-21 07:32:56,0.94
老庄节制闸,2026-04-21 07:26:56,0.94
老庄节制闸,2026-04-21 07:20:56,0.93
老庄节制闸,2026-04-21 07:15:56,0.93
老庄节制闸,2026-04-21 07:10:56,0.93
老庄节制闸,2026-04-21 07:04:56,0.93
老庄节制闸,2026-04-21 06:58:56,0.93
老庄节制闸,2026-04-21 06:53:56,0.94
老庄节制闸,2026-04-21 06:47:56,0.93
老庄节制闸,2026-04-21 06:42:56,0.92
老庄节制闸,2026-04-21 06:37:56,0.93
老庄节制闸,2026-04-21 06:31:56,0.93
老庄节制闸,2026-04-21 06:26:56,0.93
老庄节制闸,2026-04-21 06:21:56,0.93
老庄节制闸,2026-04-21 06:15:56,0.93
老庄节制闸,2026-04-21 06:09:56,0.93
老庄节制闸,2026-04-21 06:03:56,0.92
老庄节制闸,2026-04-21 05:57:56,0.93
老庄节制闸,2026-04-21 05:51:56,0.93
老庄节制闸,2026-04-21 05:46:56,0.93
老庄节制闸,2026-04-21 05:40:56,0.92
老庄节制闸,2026-04-21 05:35:56,0.94
老庄节制闸,2026-04-21 05:29:56,0.91
老庄节制闸,2026-04-21 05:23:56,0.93
老庄节制闸,2026-04-21 05:18:56,0.93
老庄节制闸,2026-04-21 05:12:56,0.93
老庄节制闸,2026-04-21 05:06:56,0.93
老庄节制闸,2026-04-21 05:00:56,0.93
老庄节制闸,2026-04-21 04:54:56,0.94
老庄节制闸,2026-04-21 04:49:56,0.94
老庄节制闸,2026-04-21 04:43:56,0.93
老庄节制闸,2026-04-21 04:38:56,0.94
老庄节制闸,2026-04-21 04:33:56,0.93
老庄节制闸,2026-04-21 04:27:56,0.93
老庄节制闸,2026-04-21 04:21:56,0.93
老庄节制闸,2026-04-21 04:16:56,0.93
老庄节制闸,2026-04-21 04:10:56,0.94
老庄节制闸,2026-04-21 04:04:56,0.94
老庄节制闸,2026-04-21 03:59:56,0.91
老庄节制闸,2026-04-21 03:53:56,0.91
老庄节制闸,2026-04-21 03:47:56,0.91
老庄节制闸,2026-04-21 03:42:56,0.91
老庄节制闸,2026-04-21 03:37:56,0.91
老庄节制闸,2026-04-21 03:32:56,0.91
老庄节制闸,2026-04-21 03:26:56,0.92
老庄节制闸,2026-04-21 03:20:56,0.91
老庄节制闸,2026-04-21 03:15:56,0.91
老庄节制闸,2026-04-21 03:09:56,0.91
老庄节制闸,2026-04-21 03:03:56,0.91
老庄节制闸,2026-04-21 02:57:56,0.91
老庄节制闸,2026-04-21 02:52:56,0.91
老庄节制闸,2026-04-21 02:47:56,0.91
老庄节制闸,2026-04-21 02:41:56,0.91
老庄节制闸,2026-04-21 02:36:56,0.91
老庄节制闸,2026-04-21 02:30:56,0.92
老庄节制闸,2026-04-21 02:24:56,0.91
老庄节制闸,2026-04-21 02:19:56,0.91
老庄节制闸,2026-04-21 02:13:56,0.92
老庄节制闸,2026-04-21 02:08:56,0.91
老庄节制闸,2026-04-21 02:02:56,0.91
老庄节制闸,2026-04-21 01:57:56,0.92
老庄节制闸,2026-04-21 01:52:56,0.92
老庄节制闸,2026-04-21 01:46:56,0.91
老庄节制闸,2026-04-21 01:41:56,0.91
老庄节制闸,2026-04-21 01:35:56,0.91
老庄节制闸,2026-04-21 01:29:56,0.91
老庄节制闸,2026-04-21 01:24:56,0.91
老庄节制闸,2026-04-21 01:18:56,0.91
老庄节制闸,2026-04-21 01:12:56,0.91
老庄节制闸,2026-04-21 01:06:56,0.91
老庄节制闸,2026-04-21 01:00:56,0.9
老庄节制闸,2026-04-21 00:54:56,0.91
老庄节制闸,2026-04-21 00:48:56,0.91
老庄节制闸,2026-04-21 00:42:56,0.91
老庄节制闸,2026-04-21 00:37:56,0.9
老庄节制闸,2026-04-21 00:31:56,0.9
老庄节制闸,2026-04-21 00:26:56,0.91
老庄节制闸,2026-04-21 00:20:56,0.91
老庄节制闸,2026-04-21 00:14:56,0.9
老庄节制闸,2026-04-21 00:09:56,0.91
老庄节制闸,2026-04-21 00:03:56,0.91
老庄节制闸,2026-04-20 23:58:56,0.91
老庄节制闸,2026-04-20 23:53:56,0.9
老庄节制闸,2026-04-20 23:48:56,0.9
老庄节制闸,2026-04-20 23:42:56,0.89
老庄节制闸,2026-04-20 23:36:56,0.89
老庄节制闸,2026-04-20 23:31:56,0.9
老庄节制闸,2026-04-20 23:25:56,0.89
老庄节制闸,2026-04-20 23:19:56,0.9
老庄节制闸,2026-04-20 23:13:56,0.89
老庄节制闸,2026-04-20 23:07:56,0.9
老庄节制闸,2026-04-20 23:01:56,0.89
老庄节制闸,2026-04-20 22:56:56,0.89
老庄节制闸,2026-04-20 22:51:56,0.89
老庄节制闸,2026-04-20 22:46:56,0.89
老庄节制闸,2026-04-20 22:40:56,0.89
老庄节制闸,2026-04-20 22:34:56,0.89
老庄节制闸,2026-04-20 22:29:56,0.89
老庄节制闸,2026-04-20 22:23:56,0.89
老庄节制闸,2026-04-20 22:18:56,0.89
老庄节制闸,2026-04-20 22:12:56,0.89
老庄节制闸,2026-04-20 22:06:56,0.89
老庄节制闸,2026-04-20 22:01:56,0.89
老庄节制闸,2026-04-20 21:55:56,0.88
老庄节制闸,2026-04-20 21:49:56,0.89
老庄节制闸,2026-04-20 21:43:56,0.88
老庄节制闸,2026-04-20 21:37:56,0.89
老庄节制闸,2026-04-20 21:31:56,0.89
老庄节制闸,2026-04-20 21:25:56,0.89
老庄节制闸,2026-04-20 21:20:56,0.89
老庄节制闸,2026-04-20 21:14:56,0.88
老庄节制闸,2026-04-20 21:09:56,0.89
老庄节制闸,2026-04-20 21:03:56,0.89
老庄节制闸,2026-04-20 20:57:56,0.89
老庄节制闸,2026-04-20 20:51:56,0.88
老庄节制闸,2026-04-20 20:46:56,0.89
老庄节制闸,2026-04-20 20:41:56,0.89
老庄节制闸,2026-04-20 20:35:56,0.89
老庄节制闸,2026-04-20 20:30:56,0.89
老庄节制闸,2026-04-20 20:24:56,0.89
老庄节制闸,2026-04-20 20:18:56,0.88
老庄节制闸,2026-04-20 20:13:56,0.89
老庄节制闸,2026-04-20 20:08:56,0.89
老庄节制闸,2026-04-20 20:02:56,0.89
老庄节制闸,2026-04-20 19:57:55,0.89
老庄节制闸,2026-04-20 19:51:56,0.89
老庄节制闸,2026-04-20 19:46:56,0.89
老庄节制闸,2026-04-20 19:40:56,0.89
老庄节制闸,2026-04-20 19:35:56,0.89
老庄节制闸,2026-04-20 19:29:56,0.89
老庄节制闸,2026-04-20 19:23:56,0.89
老庄节制闸,2026-04-20 19:18:56,0.89
老庄节制闸,2026-04-20 19:13:55,0.89
老庄节制闸,2026-04-20 19:07:56,0.89
老庄节制闸,2026-04-20 19:02:55,0.88
老庄节制闸,2026-04-20 18:56:56,0.89
老庄节制闸,2026-04-20 18:51:56,0.89
老庄节制闸,2026-04-20 18:45:55,0.89
老庄节制闸,2026-04-20 18:39:56,0.88
老庄节制闸,2026-04-20 18:34:56,0.88
老庄节制闸,2026-04-20 18:28:56,0.88
老庄节制闸,2026-04-20 18:22:56,0.88
老庄节制闸,2026-04-20 18:16:56,0.88
老庄节制闸,2026-04-20 18:10:55,0.88
老庄节制闸,2026-04-20 18:04:56,0.88
老庄节制闸,2026-04-20 17:59:56,0.88
老庄节制闸,2026-04-20 17:54:55,0.88
老庄节制闸,2026-04-20 17:49:55,0.88
老庄节制闸,2026-04-20 17:43:56,0.88
老庄节制闸,2026-04-20 17:37:56,0.88
老庄节制闸,2026-04-20 17:32:56,0.88
老庄节制闸,2026-04-20 17:27:56,0.88
老庄节制闸,2026-04-20 17:21:56,0.88
老庄节制闸,2026-04-20 17:15:55,0.88
老庄节制闸,2026-04-20 17:09:56,0.88
老庄节制闸,2026-04-20 17:04:55,0.88
老庄节制闸,2026-04-20 16:58:55,0.88
老庄节制闸,2026-04-20 16:53:55,0.88
老庄节制闸,2026-04-20 16:48:55,0.88
老庄节制闸,2026-04-20 16:42:56,0.88
老庄节制闸,2026-04-20 16:37:56,0.88
老庄节制闸,2026-04-20 16:32:55,0.88
老庄节制闸,2026-04-20 16:26:56,0.88
老庄节制闸,2026-04-20 16:21:55,0.88
老庄节制闸,2026-04-20 16:15:56,0.88
老庄节制闸,2026-04-20 16:10:56,0.88
老庄节制闸,2026-04-20 16:05:55,0.88
老庄节制闸,2026-04-20 16:00:55,0.89
老庄节制闸,2026-04-20 15:54:56,0.89
老庄节制闸,2026-04-20 15:48:55,0.89
老庄节制闸,2026-04-20 15:42:56,0.89
老庄节制闸,2026-04-20 15:37:55,0.89
老庄节制闸,2026-04-20 15:32:55,0.9
老庄节制闸,2026-04-20 15:27:55,0.89
老庄节制闸,2026-04-20 15:21:55,0.9
老庄节制闸,2026-04-20 15:16:55,0.9
老庄节制闸,2026-04-20 15:11:55,0.9
老庄节制闸,2026-04-20 15:06:55,0.91
老庄节制闸,2026-04-20 15:01:55,0.9
老庄节制闸,2026-04-20 14:55:55,0.91
老庄节制闸,2026-04-20 14:49:55,0.9
老庄节制闸,2026-04-20 14:44:55,0.88
老庄节制闸,2026-04-20 14:39:55,0.89
老庄节制闸,2026-04-20 14:33:55,0.89
老庄节制闸,2026-04-20 14:27:55,0.89
老庄节制闸,2026-04-20 14:22:55,0.89
老庄节制闸,2026-04-20 14:16:55,0.9
老庄节制闸,2026-04-20 14:10:55,0.89
老庄节制闸,2026-04-20 14:05:55,0.9
老庄节制闸,2026-04-20 13:59:55,0.9
老庄节制闸,2026-04-20 13:54:55,0.9
老庄节制闸,2026-04-20 13:48:55,0.9
老庄节制闸,2026-04-20 13:42:55,0.91
老庄节制闸,2026-04-20 13:36:55,0.9
老庄节制闸,2026-04-20 13:30:55,0.91
老庄节制闸,2026-04-20 13:25:55,0.91
老庄节制闸,2026-04-20 13:19:55,0.91
老庄节制闸,2026-04-20 13:14:55,0.88
老庄节制闸,2026-04-20 13:08:55,0.89
老庄节制闸,2026-04-20 13:02:55,0.88
老庄节制闸,2026-04-20 12:56:55,0.88
老庄节制闸,2026-04-20 12:50:55,0.89
老庄节制闸,2026-04-20 12:45:55,0.89
老庄节制闸,2026-04-20 12:39:55,0.89
老庄节制闸,2026-04-20 12:34:55,0.9
老庄节制闸,2026-04-20 12:29:55,0.91
老庄节制闸,2026-04-20 12:24:55,0.92
老庄节制闸,2026-04-20 12:19:55,0.92
老庄节制闸,2026-04-20 12:13:55,0.91
老庄节制闸,2026-04-20 12:07:55,0.92
老庄节制闸,2026-04-20 12:01:55,0.9
老庄节制闸,2026-04-20 11:55:55,0.87
老庄节制闸,2026-04-20 11:49:55,0.88
老庄节制闸,2026-04-20 11:43:55,0.89
老庄节制闸,2026-04-20 11:37:55,0.88
老庄节制闸,2026-04-20 11:32:55,0.9
老庄节制闸,2026-04-20 11:26:55,0.89
老庄节制闸,2026-04-20 11:20:55,0.89
老庄节制闸,2026-04-20 11:14:55,0.9
老庄节制闸,2026-04-20 11:09:55,0.89
老庄节制闸,2026-04-20 11:04:55,0.9
老庄节制闸,2026-04-20 10:58:55,0.88
老庄节制闸,2026-04-20 10:53:55,0.89
老庄节制闸,2026-04-20 10:48:55,0.89
老庄节制闸,2026-04-20 10:43:55,0.91
老庄节制闸,2026-04-20 10:37:55,0.89
老庄节制闸,2026-04-20 10:32:55,0.89
老庄节制闸,2026-04-20 10:26:55,0.91
老庄节制闸,2026-04-20 10:20:55,0.9
老庄节制闸,2026-04-20 10:15:55,0.9
老庄节制闸,2026-04-20 10:09:55,0.9
老庄节制闸,2026-04-20 10:03:55,0.89
老庄节制闸,2026-04-20 09:57:55,0.88
老庄节制闸,2026-04-20 09:51:55,0.88
老庄节制闸,2026-04-20 09:46:55,0.93
老庄节制闸,2026-04-20 09:40:55,0.91
老庄节制闸,2026-04-20 09:35:55,0.92
老庄节制闸,2026-04-20 09:29:55,0.91
老庄节制闸,2026-04-20 09:23:55,0.92
老庄节制闸,2026-04-20 09:17:55,0.92
老庄节制闸,2026-04-20 09:11:55,0.9
老庄节制闸,2026-04-20 09:06:55,0.86
老庄节制闸,2026-04-20 09:00:55,0.85
老庄节制闸,2026-04-20 08:55:55,0.87
老庄节制闸,2026-04-20 08:49:55,0.86
老庄节制闸,2026-04-20 08:43:55,0.88
老庄节制闸,2026-04-20 08:38:55,0.85
老庄节制闸,2026-04-20 08:33:55,0.86
老庄节制闸,2026-04-20 08:27:55,0.85
老庄节制闸,2026-04-20 08:22:55,0.87
老庄节制闸,2026-04-20 08:16:55,0.85
老庄节制闸,2026-04-20 08:10:55,0.88
老庄节制闸,2026-04-20 08:04:55,0.87
老庄节制闸,2026-04-20 07:58:55,0.86
老庄节制闸,2026-04-20 07:52:55,0.87
老庄节制闸,2026-04-20 07:47:55,0.87
老庄节制闸,2026-04-20 07:41:55,0.86
老庄节制闸,2026-04-20 07:36:55,0.85
老庄节制闸,2026-04-20 07:30:55,0.88
老庄节制闸,2026-04-20 07:24:55,0.88
老庄节制闸,2026-04-20 07:19:55,0.85
老庄节制闸,2026-04-20 07:13:55,0.88
老庄节制闸,2026-04-20 07:08:55,0.9
老庄节制闸,2026-04-20 07:02:55,0.89
老庄节制闸,2026-04-20 06:56:55,0.89
老庄节制闸,2026-04-20 06:51:55,0.9
老庄节制闸,2026-04-20 06:45:55,0.9
老庄节制闸,2026-04-20 06:39:55,0.91
老庄节制闸,2026-04-20 06:33:55,0.91
老庄节制闸,2026-04-20 06:27:55,0.89
老庄节制闸,2026-04-20 06:21:55,0.93
老庄节制闸,2026-04-20 06:16:55,0.92
老庄节制闸,2026-04-20 06:11:55,0.89
老庄节制闸,2026-04-20 06:05:55,0.93
老庄节制闸,2026-04-20 05:59:55,0.94
老庄节制闸,2026-04-20 05:53:55,0.9
老庄节制闸,2026-04-20 05:48:55,0.9
老庄节制闸,2026-04-20 05:43:55,0.94
老庄节制闸,2026-04-20 05:38:55,0.95
老庄节制闸,2026-04-20 05:33:55,0.93
老庄节制闸,2026-04-20 05:27:55,0.94
老庄节制闸,2026-04-20 05:21:55,0.91
老庄节制闸,2026-04-20 05:16:55,0.91
老庄节制闸,2026-04-20 05:10:55,0.91
老庄节制闸,2026-04-20 05:04:55,0.91
老庄节制闸,2026-04-20 04:58:55,0.92
老庄节制闸,2026-04-20 04:53:55,0.92
老庄节制闸,2026-04-20 04:48:55,0.92
老庄节制闸,2026-04-20 04:43:55,0.92
老庄节制闸,2026-04-20 04:37:55,0.92
老庄节制闸,2026-04-20 04:32:55,0.92
老庄节制闸,2026-04-20 04:26:55,0.92
老庄节制闸,2026-04-20 04:20:55,0.92
老庄节制闸,2026-04-20 04:15:55,0.92
老庄节制闸,2026-04-20 04:09:55,0.92
老庄节制闸,2026-04-20 04:04:55,0.92
老庄节制闸,2026-04-20 03:58:55,0.92
老庄节制闸,2026-04-20 03:53:55,0.92
老庄节制闸,2026-04-20 03:47:55,0.92
老庄节制闸,2026-04-20 03:42:55,0.92
老庄节制闸,2026-04-20 03:37:55,0.92
老庄节制闸,2026-04-20 03:31:55,0.92
老庄节制闸,2026-04-20 03:25:55,0.92
老庄节制闸,2026-04-20 03:19:55,0.92
老庄节制闸,2026-04-20 03:13:55,0.92
老庄节制闸,2026-04-20 03:07:55,0.92
老庄节制闸,2026-04-20 03:01:55,0.92
老庄节制闸,2026-04-20 02:56:55,0.92
老庄节制闸,2026-04-20 02:50:55,0.92
老庄节制闸,2026-04-20 02:44:55,0.92
老庄节制闸,2026-04-20 02:39:55,0.92
老庄节制闸,2026-04-20 02:34:55,0.92
老庄节制闸,2026-04-20 02:28:55,0.92
老庄节制闸,2026-04-20 02:23:55,0.92
老庄节制闸,2026-04-20 02:17:55,0.92
老庄节制闸,2026-04-20 02:11:55,0.92
老庄节制闸,2026-04-20 02:06:55,0.92
老庄节制闸,2026-04-20 02:00:55,0.92
老庄节制闸,2026-04-20 01:55:55,0.92
老庄节制闸,2026-04-20 01:50:55,0.92
老庄节制闸,2026-04-20 01:44:55,0.92
老庄节制闸,2026-04-20 01:39:55,0.92
老庄节制闸,2026-04-20 01:33:55,0.92
老庄节制闸,2026-04-20 01:28:55,0.92
老庄节制闸,2026-04-20 01:22:55,0.92
老庄节制闸,2026-04-20 01:16:55,0.92
老庄节制闸,2026-04-20 01:10:55,0.92
老庄节制闸,2026-04-20 01:05:55,0.92
老庄节制闸,2026-04-20 00:59:55,0.92
老庄节制闸,2026-04-20 00:53:55,0.92
老庄节制闸,2026-04-20 00:48:55,0.92
老庄节制闸,2026-04-20 00:42:55,0.92
老庄节制闸,2026-04-20 00:36:55,0.92
老庄节制闸,2026-04-20 00:31:55,0.92
老庄节制闸,2026-04-20 00:26:55,0.92
老庄节制闸,2026-04-20 00:20:55,0.93
老庄节制闸,2026-04-20 00:15:55,0.95
老庄节制闸,2026-04-20 00:10:55,0.98
老庄节制闸,2026-04-20 00:04:55,0.95
老庄节制闸,2026-04-19 23:58:55,0.96
老庄节制闸,2026-04-19 23:52:55,0.97
老庄节制闸,2026-04-19 23:47:55,0.94
老庄节制闸,2026-04-19 23:42:55,0.96
老庄节制闸,2026-04-19 23:36:55,0.96
老庄节制闸,2026-04-19 23:31:55,0.95
老庄节制闸,2026-04-19 23:25:55,0.96
老庄节制闸,2026-04-19 23:20:55,0.93
老庄节制闸,2026-04-19 23:15:55,0.95
老庄节制闸,2026-04-19 23:10:55,0.97
老庄节制闸,2026-04-19 23:02:55,0.95
老庄节制闸,2026-04-19 22:58:55,0.94
老庄节制闸,2026-04-19 22:52:55,0.94
老庄节制闸,2026-04-19 22:46:55,0.95
老庄节制闸,2026-04-19 22:40:55,0.95
老庄节制闸,2026-04-19 22:35:55,0.92
老庄节制闸,2026-04-19 22:30:55,0.95
老庄节制闸,2026-04-19 22:24:55,0.93
老庄节制闸,2026-04-19 22:18:55,0.91
老庄节制闸,2026-04-19 22:12:55,0.94
老庄节制闸,2026-04-19 22:06:55,0.92
老庄节制闸,2026-04-19 22:01:55,0.93
老庄节制闸,2026-04-19 21:56:55,0.9
老庄节制闸,2026-04-19 21:51:55,0.94
老庄节制闸,2026-04-19 21:46:55,0.93
老庄节制闸,2026-04-19 21:40:55,0.94
老庄节制闸,2026-04-19 21:35:55,0.97
老庄节制闸,2026-04-19 21:30:55,0.98
老庄节制闸,2026-04-19 21:24:55,1.03
老庄节制闸,2026-04-19 21:18:55,1.04
老庄节制闸,2026-04-19 21:12:55,1.04
老庄节制闸,2026-04-19 21:07:55,1.03
老庄节制闸,2026-04-19 21:02:55,1.03
老庄节制闸,2026-04-19 20:56:55,1.02
老庄节制闸,2026-04-19 20:50:55,1.03
老庄节制闸,2026-04-19 20:44:55,1.03
老庄节制闸,2026-04-19 20:39:55,1.03
老庄节制闸,2026-04-19 20:33:55,1.02
老庄节制闸,2026-04-19 20:27:55,1.03
老庄节制闸,2026-04-19 20:21:55,1.0
老庄节制闸,2026-04-19 20:15:55,1.03
老庄节制闸,2026-04-19 20:09:55,1.04
老庄节制闸,2026-04-19 20:04:55,1.03
老庄节制闸,2026-04-19 19:58:55,1.03
老庄节制闸,2026-04-19 19:53:55,1.01
老庄节制闸,2026-04-19 19:47:55,1.0
老庄节制闸,2026-04-19 19:42:55,0.99
老庄节制闸,2026-04-19 19:37:55,0.99
老庄节制闸,2026-04-19 19:31:55,0.99
老庄节制闸,2026-04-19 19:26:55,0.98
老庄节制闸,2026-04-19 19:21:55,0.91
老庄节制闸,2026-04-19 19:15:55,0.94
老庄节制闸,2026-04-19 19:09:55,0.94
老庄节制闸,2026-04-19 19:03:55,0.93
老庄节制闸,2026-04-19 18:58:55,0.93
老庄节制闸,2026-04-19 18:52:55,0.92
老庄节制闸,2026-04-19 18:46:55,0.93
老庄节制闸,2026-04-19 18:41:55,0.93
老庄节制闸,2026-04-19 18:35:55,0.97
老庄节制闸,2026-04-19 18:29:55,1.08
老庄节制闸,2026-04-19 18:23:55,1.08
老庄节制闸,2026-04-19 18:17:55,1.08
老庄节制闸,2026-04-19 18:12:55,1.08
老庄节制闸,2026-04-19 18:07:55,1.08
老庄节制闸,2026-04-19 18:02:55,1.08
老庄节制闸,2026-04-19 17:56:55,1.08
老庄节制闸,2026-04-19 17:50:55,1.07
老庄节制闸,2026-04-19 17:45:55,1.07
老庄节制闸,2026-04-19 17:40:55,1.08
老庄节制闸,2026-04-19 17:35:55,1.08
老庄节制闸,2026-04-19 17:30:55,1.07
老庄节制闸,2026-04-19 17:24:55,1.07
老庄节制闸,2026-04-19 17:18:55,1.07
老庄节制闸,2026-04-19 17:13:55,1.08
老庄节制闸,2026-04-19 17:07:55,1.08
老庄节制闸,2026-04-19 17:01:55,1.07
老庄节制闸,2026-04-19 16:56:55,1.06
老庄节制闸,2026-04-19 16:50:55,1.06
老庄节制闸,2026-04-19 16:44:55,1.06
老庄节制闸,2026-04-19 16:38:55,1.06
老庄节制闸,2026-04-19 16:33:55,1.06
老庄节制闸,2026-04-19 16:28:55,1.06
老庄节制闸,2026-04-19 16:22:55,1.06
老庄节制闸,2026-04-19 16:16:55,1.06
老庄节制闸,2026-04-19 16:11:55,1.06
老庄节制闸,2026-04-19 16:05:55,1.06
老庄节制闸,2026-04-19 15:59:55,1.06
老庄节制闸,2026-04-19 15:53:55,1.06
老庄节制闸,2026-04-19 15:47:55,1.06
老庄节制闸,2026-04-19 15:41:55,1.06
老庄节制闸,2026-04-19 15:35:55,1.06
老庄节制闸,2026-04-19 15:29:55,1.06
老庄节制闸,2026-04-19 15:23:55,1.06
老庄节制闸,2026-04-19 15:17:55,1.06
老庄节制闸,2026-04-19 15:12:55,1.06
老庄节制闸,2026-04-19 15:07:55,1.06
老庄节制闸,2026-04-19 15:02:55,1.06
老庄节制闸,2026-04-19 14:56:55,1.06
老庄节制闸,2026-04-19 14:50:55,1.06
老庄节制闸,2026-04-19 14:45:55,1.06
老庄节制闸,2026-04-19 14:40:55,1.06
老庄节制闸,2026-04-19 14:34:55,1.06
老庄节制闸,2026-04-19 14:28:55,1.07
老庄节制闸,2026-04-19 14:23:55,1.07
老庄节制闸,2026-04-19 14:17:55,1.08
老庄节制闸,2026-04-19 14:11:55,1.07
老庄节制闸,2026-04-19 14:05:55,1.08
老庄节制闸,2026-04-19 13:59:55,1.08
老庄节制闸,2026-04-19 13:54:55,1.08
老庄节制闸,2026-04-19 13:48:55,1.09
老庄节制闸,2026-04-19 13:43:55,1.08
老庄节制闸,2026-04-19 13:38:55,1.09
老庄节制闸,2026-04-19 13:33:55,1.09
老庄节制闸,2026-04-19 13:27:55,1.1
老庄节制闸,2026-04-19 13:21:55,1.1
老庄节制闸,2026-04-19 13:15:55,1.11
老庄节制闸,2026-04-19 13:09:55,1.12
老庄节制闸,2026-04-19 13:04:55,1.12
老庄节制闸,2026-04-19 12:58:55,1.12
老庄节制闸,2026-04-19 12:53:55,1.13
老庄节制闸,2026-04-19 12:47:55,1.14
老庄节制闸,2026-04-19 12:42:55,1.15
老庄节制闸,2026-04-19 12:36:55,1.04
老庄节制闸,2026-04-19 12:30:55,1.04
老庄节制闸,2026-04-19 12:24:55,1.03
老庄节制闸,2026-04-19 12:19:55,1.04
老庄节制闸,2026-04-19 12:13:55,1.04
老庄节制闸,2026-04-19 12:07:55,1.04
老庄节制闸,2026-04-19 12:01:55,1.04
老庄节制闸,2026-04-19 11:55:55,1.04
老庄节制闸,2026-04-19 11:49:55,1.04
老庄节制闸,2026-04-19 11:43:55,1.04
老庄节制闸,2026-04-19 11:38:55,1.04
老庄节制闸,2026-04-19 11:32:55,1.04
老庄节制闸,2026-04-19 11:26:55,1.04
老庄节制闸,2026-04-19 11:20:55,1.04
老庄节制闸,2026-04-19 11:15:55,1.04
老庄节制闸,2026-04-19 11:10:55,1.04
老庄节制闸,2026-04-19 11:05:55,1.04
老庄节制闸,2026-04-19 10:59:55,1.04
老庄节制闸,2026-04-19 10:53:55,1.04
老庄节制闸,2026-04-19 10:47:55,1.04
老庄节制闸,2026-04-19 10:42:55,1.04
老庄节制闸,2026-04-19 10:37:55,1.04
老庄节制闸,2026-04-19 10:31:55,1.04
老庄节制闸,2026-04-19 10:25:55,1.04
老庄节制闸,2026-04-19 10:19:55,1.04
老庄节制闸,2026-04-19 10:14:55,1.04
老庄节制闸,2026-04-19 10:09:55,1.04
老庄节制闸,2026-04-19 10:03:55,1.04
老庄节制闸,2026-04-19 09:57:55,1.04
老庄节制闸,2026-04-19 09:52:55,1.04
老庄节制闸,2026-04-19 09:47:55,1.04
老庄节制闸,2026-04-19 09:41:55,1.04
老庄节制闸,2026-04-19 09:36:55,1.04
老庄节制闸,2026-04-19 09:30:55,1.04
老庄节制闸,2026-04-19 09:24:55,1.04
老庄节制闸,2026-04-19 09:18:55,1.04
老庄节制闸,2026-04-19 09:13:55,1.04
老庄节制闸,2026-04-19 09:07:55,1.04
老庄节制闸,2026-04-19 09:02:55,1.04
老庄节制闸,2026-04-19 08:57:55,1.04
老庄节制闸,2026-04-19 08:51:55,1.04
老庄节制闸,2026-04-19 08:46:55,1.04
老庄节制闸,2026-04-19 08:40:55,1.04
老庄节制闸,2026-04-19 08:34:55,1.04
老庄节制闸,2026-04-19 08:28:55,1.04
老庄节制闸,2026-04-19 08:22:55,1.04
老庄节制闸,2026-04-19 08:16:55,1.04
老庄节制闸,2026-04-19 08:10:55,1.04
老庄节制闸,2026-04-19 08:05:55,1.04
老庄节制闸,2026-04-19 07:59:55,1.04
老庄节制闸,2026-04-19 07:53:55,1.04
老庄节制闸,2026-04-19 07:47:55,1.04
老庄节制闸,2026-04-19 07:41:55,1.06
老庄节制闸,2026-04-19 07:35:55,1.06
老庄节制闸,2026-04-19 07:30:55,1.06
老庄节制闸,2026-04-19 07:24:55,1.06
老庄节制闸,2026-04-19 07:18:55,1.06
老庄节制闸,2026-04-19 07:12:55,1.06
老庄节制闸,2026-04-19 07:07:55,1.06
老庄节制闸,2026-04-19 07:01:55,1.06
老庄节制闸,2026-04-19 06:55:55,1.06
老庄节制闸,2026-04-19 06:50:55,1.06
老庄节制闸,2026-04-19 06:44:55,1.06
老庄节制闸,2026-04-19 06:38:56,1.06
老庄节制闸,2026-04-19 06:32:55,1.06
老庄节制闸,2026-04-19 06:27:55,1.06
老庄节制闸,2026-04-19 06:21:55,1.06
老庄节制闸,2026-04-19 06:16:55,1.06
老庄节制闸,2026-04-19 06:11:55,1.06
老庄节制闸,2026-04-19 06:05:55,1.06
老庄节制闸,2026-04-19 06:00:55,1.06
老庄节制闸,2026-04-19 05:55:55,1.06
老庄节制闸,2026-04-19 05:49:55,1.06
老庄节制闸,2026-04-19 05:44:55,1.06
老庄节制闸,2026-04-19 05:38:55,1.06
老庄节制闸,2026-04-19 05:32:55,1.06
老庄节制闸,2026-04-19 05:26:55,1.06
老庄节制闸,2026-04-19 05:21:55,1.06
老庄节制闸,2026-04-19 05:15:55,1.06
老庄节制闸,2026-04-19 05:09:55,1.06
老庄节制闸,2026-04-19 05:04:55,1.06
老庄节制闸,2026-04-19 04:59:55,1.06
老庄节制闸,2026-04-19 04:53:55,1.06
老庄节制闸,2026-04-19 04:48:55,1.06
老庄节制闸,2026-04-19 04:43:55,1.06
老庄节制闸,2026-04-19 04:37:55,1.06
老庄节制闸,2026-04-19 04:32:55,1.06
老庄节制闸,2026-04-19 04:27:55,1.06
老庄节制闸,2026-04-19 04:22:55,1.06
老庄节制闸,2026-04-19 04:16:55,1.06
老庄节制闸,2026-04-19 04:10:55,1.06
老庄节制闸,2026-04-19 04:05:55,1.06
老庄节制闸,2026-04-19 03:59:55,1.06
老庄节制闸,2026-04-19 03:54:55,1.06
老庄节制闸,2026-04-19 03:48:55,1.06
老庄节制闸,2026-04-19 03:42:55,1.06
老庄节制闸,2026-04-19 03:37:55,1.06
老庄节制闸,2026-04-19 03:31:55,1.06
老庄节制闸,2026-04-19 03:26:55,1.05
老庄节制闸,2026-04-19 03:20:55,1.05
老庄节制闸,2026-04-19 03:15:55,1.04
老庄节制闸,2026-04-19 03:09:55,1.05
老庄节制闸,2026-04-19 03:03:55,1.06
老庄节制闸,2026-04-19 02:58:55,1.06
老庄节制闸,2026-04-19 02:53:55,1.06
老庄节制闸,2026-04-19 02:48:55,1.04
老庄节制闸,2026-04-19 02:42:55,1.04
老庄节制闸,2026-04-19 02:36:55,1.05
老庄节制闸,2026-04-19 02:31:55,1.03
老庄节制闸,2026-04-19 02:26:55,1.05
老庄节制闸,2026-04-19 02:20:55,1.03
老庄节制闸,2026-04-19 02:15:55,1.02
老庄节制闸,2026-04-19 02:09:55,1.08
老庄节制闸,2026-04-19 02:03:55,1.02
老庄节制闸,2026-04-19 01:57:55,1.06
老庄节制闸,2026-04-19 01:52:55,1.03
老庄节制闸,2026-04-19 01:46:55,1.04
老庄节制闸,2026-04-19 01:41:55,1.04
老庄节制闸,2026-04-19 01:36:55,1.04
老庄节制闸,2026-04-19 01:30:55,1.04
老庄节制闸,2026-04-19 01:25:55,1.04
老庄节制闸,2026-04-19 01:20:55,1.02
老庄节制闸,2026-04-19 01:15:55,1.02
老庄节制闸,2026-04-19 01:09:55,1.05
老庄节制闸,2026-04-19 01:03:55,1.02
老庄节制闸,2026-04-19 00:58:55,1.02
老庄节制闸,2026-04-19 00:52:55,1.02
老庄节制闸,2026-04-19 00:46:55,1.01
老庄节制闸,2026-04-19 00:41:55,1.02
老庄节制闸,2026-04-19 00:35:55,0.99
老庄节制闸,2026-04-19 00:30:55,1.0
老庄节制闸,2026-04-19 00:24:55,1.01
老庄节制闸,2026-04-19 00:19:55,1.0
老庄节制闸,2026-04-19 00:13:55,1.01
老庄节制闸,2026-04-19 00:08:55,1.0
老庄节制闸,2026-04-19 00:03:55,1.02
老庄节制闸,2026-04-18 23:57:55,1.01
老庄节制闸,2026-04-18 23:51:55,1.01
老庄节制闸,2026-04-18 23:45:55,0.98
老庄节制闸,2026-04-18 23:39:55,1.02
老庄节制闸,2026-04-18 23:34:55,1.0
老庄节制闸,2026-04-18 23:28:55,1.01
老庄节制闸,2026-04-18 23:23:55,1.01
老庄节制闸,2026-04-18 23:18:55,1.0
老庄节制闸,2026-04-18 23:12:55,1.02
老庄节制闸,2026-04-18 23:07:55,1.07
老庄节制闸,2026-04-18 23:01:55,1.07
老庄节制闸,2026-04-18 22:55:55,1.06
老庄节制闸,2026-04-18 22:50:55,1.05
老庄节制闸,2026-04-18 22:44:55,1.06
老庄节制闸,2026-04-18 22:38:55,1.06
老庄节制闸,2026-04-18 22:32:55,1.06
老庄节制闸,2026-04-18 22:27:55,1.06
老庄节制闸,2026-04-18 22:21:55,1.07
老庄节制闸,2026-04-18 22:15:55,1.06
老庄节制闸,2026-04-18 22:10:55,1.06
老庄节制闸,2026-04-18 22:05:55,1.06
老庄节制闸,2026-04-18 22:00:55,1.06
老庄节制闸,2026-04-18 21:54:55,1.06
老庄节制闸,2026-04-18 21:49:55,1.07
老庄节制闸,2026-04-18 21:43:55,1.05
老庄节制闸,2026-04-18 21:37:55,1.05
老庄节制闸,2026-04-18 21:32:55,1.05
老庄节制闸,2026-04-18 21:26:55,1.05
老庄节制闸,2026-04-18 21:20:55,1.06
老庄节制闸,2026-04-18 21:14:55,1.05
老庄节制闸,2026-04-18 21:09:55,1.05
老庄节制闸,2026-04-18 21:03:55,1.05
老庄节制闸,2026-04-18 20:57:55,1.05
老庄节制闸,2026-04-18 20:51:55,1.05
老庄节制闸,2026-04-18 20:45:55,1.04
老庄节制闸,2026-04-18 20:39:55,1.03
老庄节制闸,2026-04-18 20:33:55,1.05
老庄节制闸,2026-04-18 20:27:55,1.04
老庄节制闸,2026-04-18 20:21:55,1.03
老庄节制闸,2026-04-18 20:15:55,1.03
老庄节制闸,2026-04-18 20:09:55,1.03
老庄节制闸,2026-04-18 20:03:55,1.03
老庄节制闸,2026-04-18 19:57:55,1.03
老庄节制闸,2026-04-18 19:51:55,1.03
老庄节制闸,2026-04-18 19:46:55,1.03
老庄节制闸,2026-04-18 19:40:55,1.03
老庄节制闸,2026-04-18 19:35:55,1.02
老庄节制闸,2026-04-18 19:30:55,1.02
老庄节制闸,2026-04-18 19:24:55,1.03
老庄节制闸,2026-04-18 19:19:55,1.02
老庄节制闸,2026-04-18 19:13:55,1.02
老庄节制闸,2026-04-18 19:07:55,1.02
老庄节制闸,2026-04-18 19:01:55,1.02
老庄节制闸,2026-04-18 18:56:55,1.01
老庄节制闸,2026-04-18 18:50:55,1.01
老庄节制闸,2026-04-18 18:44:55,1.01
老庄节制闸,2026-04-18 18:39:55,1.01
老庄节制闸,2026-04-18 18:34:55,1.01
老庄节制闸,2026-04-18 18:28:55,1.01
老庄节制闸,2026-04-18 18:23:55,1.01
老庄节制闸,2026-04-18 18:18:55,1.01
老庄节制闸,2026-04-18 18:12:55,1.0
老庄节制闸,2026-04-18 18:07:55,1.0
老庄节制闸,2026-04-18 18:02:55,1.01
老庄节制闸,2026-04-18 17:56:55,1.01
老庄节制闸,2026-04-18 17:50:55,1.0
老庄节制闸,2026-04-18 17:44:55,1.0
老庄节制闸,2026-04-18 17:38:55,1.0
老庄节制闸,2026-04-18 17:32:55,0.99
老庄节制闸,2026-04-18 17:26:55,1.0
老庄节制闸,2026-04-18 17:21:55,0.99
老庄节制闸,2026-04-18 17:15:55,0.99
老庄节制闸,2026-04-18 17:10:55,1.0
老庄节制闸,2026-04-18 17:04:55,0.99
老庄节制闸,2026-04-18 16:59:55,0.99
老庄节制闸,2026-04-18 16:53:55,0.98
老庄节制闸,2026-04-18 16:47:55,0.99
老庄节制闸,2026-04-18 16:41:55,1.0
老庄节制闸,2026-04-18 16:36:55,0.99
老庄节制闸,2026-04-18 16:31:55,1.0
老庄节制闸,2026-04-18 16:25:55,0.99
老庄节制闸,2026-04-18 16:20:55,0.99
老庄节制闸,2026-04-18 16:14:55,0.99
老庄节制闸,2026-04-18 16:09:55,0.98
老庄节制闸,2026-04-18 16:03:55,0.98
老庄节制闸,2026-04-18 15:58:55,0.97
老庄节制闸,2026-04-18 15:52:55,0.96
老庄节制闸,2026-04-18 15:46:55,0.96
老庄节制闸,2026-04-18 15:40:55,0.97
老庄节制闸,2026-04-18 15:35:55,0.96
老庄节制闸,2026-04-18 15:29:55,0.96
老庄节制闸,2026-04-18 15:24:55,0.96
老庄节制闸,2026-04-18 15:18:55,0.96
老庄节制闸,2026-04-18 15:13:54,1.01
老庄节制闸,2026-04-18 15:07:55,1.05
老庄节制闸,2026-04-18 15:02:55,1.05
老庄节制闸,2026-04-18 14:57:55,1.05
老庄节制闸,2026-04-18 14:51:55,1.05
老庄节制闸,2026-04-18 14:46:55,1.06
老庄节制闸,2026-04-18 14:41:54,1.05
老庄节制闸,2026-04-18 14:35:55,1.06
老庄节制闸,2026-04-18 14:30:55,1.06
老庄节制闸,2026-04-18 14:24:55,1.06
老庄节制闸,2026-04-18 14:19:55,1.06
老庄节制闸,2026-04-18 14:13:55,1.07
老庄节制闸,2026-04-18 14:08:55,1.08
老庄节制闸,2026-04-18 14:03:54,1.07
老庄节制闸,2026-04-18 13:57:55,0.97
老庄节制闸,2026-04-18 13:51:55,0.96
老庄节制闸,2026-04-18 13:45:55,0.98
老庄节制闸,2026-04-18 13:39:55,0.95
老庄节制闸,2026-04-18 13:33:55,0.96
老庄节制闸,2026-04-18 13:27:54,0.95
老庄节制闸,2026-04-18 13:22:54,0.94
老庄节制闸,2026-04-18 13:16:54,0.94
老庄节制闸,2026-04-18 13:11:55,0.92
老庄节制闸,2026-04-18 13:05:55,0.91
老庄节制闸,2026-04-18 13:00:55,0.91
老庄节制闸,2026-04-18 12:54:55,0.9
老庄节制闸,2026-04-18 12:48:55,0.9
老庄节制闸,2026-04-18 12:43:54,0.89
老庄节制闸,2026-04-18 12:37:54,0.89
老庄节制闸,2026-04-18 12:31:55,0.87
老庄节制闸,2026-04-18 12:26:54,0.86
老庄节制闸,2026-04-18 12:21:54,0.84
老庄节制闸,2026-04-18 12:15:55,0.83
老庄节制闸,2026-04-18 12:10:54,0.82
老庄节制闸,2026-04-18 12:05:54,0.82
老庄节制闸,2026-04-18 11:59:54,0.8
老庄节制闸,2026-04-18 11:53:55,0.79
老庄节制闸,2026-04-18 11:47:55,0.78
老庄节制闸,2026-04-18 11:42:54,0.79
老庄节制闸,2026-04-18 11:37:54,0.79
老庄节制闸,2026-04-18 11:31:54,0.8
老庄节制闸,2026-04-18 11:25:54,0.8
老庄节制闸,2026-04-18 11:19:54,0.8
老庄节制闸,2026-04-18 11:13:55,0.81
老庄节制闸,2026-04-18 11:07:54,0.81
老庄节制闸,2026-04-18 11:02:54,0.81
老庄节制闸,2026-04-18 10:56:54,0.81
老庄节制闸,2026-04-18 10:50:54,0.81
老庄节制闸,2026-04-18 10:44:54,0.82
老庄节制闸,2026-04-18 10:39:54,0.82
老庄节制闸,2026-04-18 10:33:54,0.83
老庄节制闸,2026-04-18 10:28:54,0.83
老庄节制闸,2026-04-18 10:23:54,0.84
老庄节制闸,2026-04-18 10:18:54,0.84
老庄节制闸,2026-04-18 10:12:54,0.84
老庄节制闸,2026-04-18 10:07:54,0.86
老庄节制闸,2026-04-18 10:02:54,0.86
老庄节制闸,2026-04-18 09:57:54,0.87
老庄节制闸,2026-04-18 09:51:54,0.88
老庄节制闸,2026-04-18 09:46:54,0.88
老庄节制闸,2026-04-18 09:40:54,0.89
老庄节制闸,2026-04-18 09:34:54,0.9
老庄节制闸,2026-04-18 09:28:54,0.89
老庄节制闸,2026-04-18 09:23:54,0.89
老庄节制闸,2026-04-18 09:17:54,0.9
老庄节制闸,2026-04-18 09:12:54,0.91
老庄节制闸,2026-04-18 09:06:54,0.91
老庄节制闸,2026-04-18 09:00:54,0.91
老庄节制闸,2026-04-18 08:55:54,0.94
老庄节制闸,2026-04-18 08:50:54,0.93
老庄节制闸,2026-04-18 08:45:54,0.96
老庄节制闸,2026-04-18 08:40:54,0.96
老庄节制闸,2026-04-18 08:34:54,0.95
老庄节制闸,2026-04-18 08:28:54,0.94
老庄节制闸,2026-04-18 08:22:54,0.93
老庄节制闸,2026-04-18 08:17:54,0.87
老庄节制闸,2026-04-18 08:12:54,0.86
老庄节制闸,2026-04-18 08:06:54,0.87
老庄节制闸,2026-04-18 08:00:54,0.89
老庄节制闸,2026-04-18 07:54:54,0.88
老庄节制闸,2026-04-18 07:49:54,0.89
老庄节制闸,2026-04-18 07:43:54,0.88
老庄节制闸,2026-04-18 07:38:54,0.9
老庄节制闸,2026-04-18 07:32:54,0.9
老庄节制闸,2026-04-18 07:27:54,0.89
老庄节制闸,2026-04-18 07:22:54,0.93
老庄节制闸,2026-04-18 07:16:54,0.94
老庄节制闸,2026-04-18 07:10:54,0.94
老庄节制闸,2026-04-18 07:04:54,0.96
老庄节制闸,2026-04-18 06:58:54,0.98
老庄节制闸,2026-04-18 06:52:54,0.97
老庄节制闸,2026-04-18 06:47:54,0.96
老庄节制闸,2026-04-18 06:42:54,0.93
老庄节制闸,2026-04-18 06:36:54,0.96
老庄节制闸,2026-04-18 06:30:54,0.95
老庄节制闸,2026-04-18 06:25:54,0.95
老庄节制闸,2026-04-18 06:19:54,0.96
老庄节制闸,2026-04-18 06:14:54,0.97
老庄节制闸,2026-04-18 06:09:54,0.94
老庄节制闸,2026-04-18 06:03:54,0.93
老庄节制闸,2026-04-18 05:58:54,0.95
老庄节制闸,2026-04-18 05:53:54,0.97
老庄节制闸,2026-04-18 05:48:54,0.96
老庄节制闸,2026-04-18 05:42:54,0.95
老庄节制闸,2026-04-18 05:36:54,0.96
老庄节制闸,2026-04-18 05:31:54,0.96
老庄节制闸,2026-04-18 05:25:54,0.94
老庄节制闸,2026-04-18 05:20:54,0.92
老庄节制闸,2026-04-18 05:14:54,0.97
老庄节制闸,2026-04-18 05:08:54,0.96
老庄节制闸,2026-04-18 05:03:54,0.95
老庄节制闸,2026-04-18 04:57:54,0.91
老庄节制闸,2026-04-18 04:51:54,0.95
老庄节制闸,2026-04-18 04:46:54,0.94
老庄节制闸,2026-04-18 04:40:54,0.96
老庄节制闸,2026-04-18 04:35:54,0.96
老庄节制闸,2026-04-18 04:29:54,0.95
老庄节制闸,2026-04-18 04:23:54,0.97
老庄节制闸,2026-04-18 04:17:54,0.91
老庄节制闸,2026-04-18 04:11:54,0.96
老庄节制闸,2026-04-18 04:06:54,0.96
老庄节制闸,2026-04-18 04:00:54,0.99
老庄节制闸,2026-04-18 03:55:54,0.94
老庄节制闸,2026-04-18 03:49:54,0.92
老庄节制闸,2026-04-18 03:44:54,0.96
老庄节制闸,2026-04-18 03:38:54,0.91
老庄节制闸,2026-04-18 03:33:54,0.98
老庄节制闸,2026-04-18 03:28:54,0.93
老庄节制闸,2026-04-18 03:23:54,0.94
老庄节制闸,2026-04-18 03:17:54,0.94
老庄节制闸,2026-04-18 03:11:54,0.94
老庄节制闸,2026-04-18 03:06:54,0.93
老庄节制闸,2026-04-18 03:00:54,0.94
老庄节制闸,2026-04-18 02:55:54,0.95
老庄节制闸,2026-04-18 02:49:54,0.95
老庄节制闸,2026-04-18 02:43:54,0.93
老庄节制闸,2026-04-18 02:38:54,0.96
老庄节制闸,2026-04-18 02:32:54,0.96
老庄节制闸,2026-04-18 02:27:54,0.98
老庄节制闸,2026-04-18 02:21:54,0.94
老庄节制闸,2026-04-18 02:16:54,0.94
老庄节制闸,2026-04-18 02:11:54,0.93
老庄节制闸,2026-04-18 02:05:54,0.94
老庄节制闸,2026-04-18 02:00:54,0.93
老庄节制闸,2026-04-18 01:55:54,0.93
老庄节制闸,2026-04-18 01:50:54,0.94
老庄节制闸,2026-04-18 01:44:54,0.97
老庄节制闸,2026-04-18 01:39:54,0.96
老庄节制闸,2026-04-18 01:33:54,0.96
老庄节制闸,2026-04-18 01:27:54,0.97
老庄节制闸,2026-04-18 01:21:54,0.95
老庄节制闸,2026-04-18 01:15:54,0.97
老庄节制闸,2026-04-18 01:10:54,0.95
老庄节制闸,2026-04-18 01:01:54,0.95
老庄节制闸,2026-04-18 00:58:54,0.95
老庄节制闸,2026-04-18 00:52:54,0.98
老庄节制闸,2026-04-18 00:46:54,0.96
老庄节制闸,2026-04-18 00:40:54,0.95
老庄节制闸,2026-04-18 00:35:54,0.95
老庄节制闸,2026-04-18 00:30:54,0.96
老庄节制闸,2026-04-18 00:24:54,0.95
老庄节制闸,2026-04-18 00:18:54,0.97
老庄节制闸,2026-04-18 00:12:54,0.94
老庄节制闸,2026-04-18 00:06:54,0.93
老庄节制闸,2026-04-18 00:01:54,0.95
老庄节制闸,2026-04-17 23:56:54,0.94
老庄节制闸,2026-04-17 23:51:54,0.93
老庄节制闸,2026-04-17 23:46:54,0.93
老庄节制闸,2026-04-17 23:40:54,0.94
老庄节制闸,2026-04-17 23:34:54,0.93
老庄节制闸,2026-04-17 23:28:54,0.94
老庄节制闸,2026-04-17 23:22:54,0.96
老庄节制闸,2026-04-17 23:16:54,0.98
老庄节制闸,2026-04-17 23:11:54,0.91
老庄节制闸,2026-04-17 23:03:54,0.96
老庄节制闸,2026-04-17 23:00:54,0.94
老庄节制闸,2026-04-17 22:55:54,0.93
老庄节制闸,2026-04-17 22:50:54,0.89
老庄节制闸,2026-04-17 22:44:54,0.91
老庄节制闸,2026-04-17 22:39:54,0.93
老庄节制闸,2026-04-17 22:34:54,0.94
老庄节制闸,2026-04-17 22:29:54,0.95
老庄节制闸,2026-04-17 22:23:54,0.92
老庄节制闸,2026-04-17 22:18:54,0.92
老庄节制闸,2026-04-17 22:13:54,0.93
老庄节制闸,2026-04-17 22:07:54,0.93
老庄节制闸,2026-04-17 22:02:54,0.94
老庄节制闸,2026-04-17 21:56:54,0.92
老庄节制闸,2026-04-17 21:51:54,0.94
老庄节制闸,2026-04-17 21:45:54,0.95
老庄节制闸,2026-04-17 21:39:54,0.95
老庄节制闸,2026-04-17 21:33:54,0.9
老庄节制闸,2026-04-17 21:28:54,0.93
老庄节制闸,2026-04-17 21:23:54,0.94
老庄节制闸,2026-04-17 21:17:54,0.96
老庄节制闸,2026-04-17 21:12:54,0.88
老庄节制闸,2026-04-17 21:07:54,0.88
老庄节制闸,2026-04-17 21:01:54,0.88
老庄节制闸,2026-04-17 20:56:54,0.88
老庄节制闸,2026-04-17 20:50:54,0.87
老庄节制闸,2026-04-17 20:45:54,0.86
老庄节制闸,2026-04-17 20:39:54,0.85
老庄节制闸,2026-04-17 20:33:54,0.85
老庄节制闸,2026-04-17 20:27:54,0.85
老庄节制闸,2026-04-17 20:21:54,0.85
老庄节制闸,2026-04-17 20:15:54,0.85
老庄节制闸,2026-04-17 20:10:54,0.85
老庄节制闸,2026-04-17 20:05:54,0.84
老庄节制闸,2026-04-17 19:59:54,0.84
老庄节制闸,2026-04-17 19:53:54,0.84
老庄节制闸,2026-04-17 19:48:54,0.84
老庄节制闸,2026-04-17 19:43:54,0.84
老庄节制闸,2026-04-17 19:37:54,0.84
老庄节制闸,2026-04-17 19:32:54,0.84
老庄节制闸,2026-04-17 19:27:54,0.84
老庄节制闸,2026-04-17 19:22:54,0.84
老庄节制闸,2026-04-17 19:17:54,0.84
老庄节制闸,2026-04-17 19:11:54,0.84
老庄节制闸,2026-04-17 19:06:54,0.84
老庄节制闸,2026-04-17 19:00:54,0.84
老庄节制闸,2026-04-17 18:55:54,0.84
老庄节制闸,2026-04-17 18:50:54,0.84
老庄节制闸,2026-04-17 18:45:54,0.84
老庄节制闸,2026-04-17 18:39:54,0.84
老庄节制闸,2026-04-17 18:33:54,0.83
老庄节制闸,2026-04-17 18:27:54,0.83
老庄节制闸,2026-04-17 18:22:54,0.83
老庄节制闸,2026-04-17 18:16:54,0.83
老庄节制闸,2026-04-17 18:11:54,0.83
老庄节制闸,2026-04-17 18:06:54,0.83
老庄节制闸,2026-04-17 18:01:54,0.83
老庄节制闸,2026-04-17 17:55:54,0.83
老庄节制闸,2026-04-17 17:49:54,0.83
老庄节制闸,2026-04-17 17:43:54,0.83
老庄节制闸,2026-04-17 17:37:54,0.83
老庄节制闸,2026-04-17 17:32:54,0.83
老庄节制闸,2026-04-17 17:26:54,0.83
老庄节制闸,2026-04-17 17:21:54,0.83
老庄节制闸,2026-04-17 17:15:54,0.82
老庄节制闸,2026-04-17 17:09:54,0.82
老庄节制闸,2026-04-17 17:03:54,0.82
老庄节制闸,2026-04-17 16:58:54,0.82
老庄节制闸,2026-04-17 16:53:54,0.82
老庄节制闸,2026-04-17 16:47:54,0.82
老庄节制闸,2026-04-17 16:42:54,0.82
老庄节制闸,2026-04-17 16:36:54,0.82
老庄节制闸,2026-04-17 16:31:54,0.82
老庄节制闸,2026-04-17 16:26:54,0.82
老庄节制闸,2026-04-17 16:20:54,0.82
老庄节制闸,2026-04-17 16:15:54,0.82
老庄节制闸,2026-04-17 16:09:54,0.82
老庄节制闸,2026-04-17 16:03:54,0.82
老庄节制闸,2026-04-17 15:58:54,0.82
老庄节制闸,2026-04-17 15:52:54,0.82
老庄节制闸,2026-04-17 15:46:54,0.82
老庄节制闸,2026-04-17 15:41:54,0.82
老庄节制闸,2026-04-17 15:35:54,0.82
老庄节制闸,2026-04-17 15:30:54,0.82
老庄节制闸,2026-04-17 15:24:54,0.82
老庄节制闸,2026-04-17 15:18:54,0.82
老庄节制闸,2026-04-17 15:13:54,0.82
老庄节制闸,2026-04-17 15:07:54,0.82
老庄节制闸,2026-04-17 15:02:54,0.82
老庄节制闸,2026-04-17 14:56:54,0.82
老庄节制闸,2026-04-17 14:51:54,0.82
老庄节制闸,2026-04-17 14:45:54,0.82
老庄节制闸,2026-04-17 14:40:54,0.82
老庄节制闸,2026-04-17 14:35:54,0.82
老庄节制闸,2026-04-17 14:29:54,0.82
老庄节制闸,2026-04-17 14:23:54,0.82
老庄节制闸,2026-04-17 14:18:54,0.82
老庄节制闸,2026-04-17 14:13:54,0.82
老庄节制闸,2026-04-17 14:08:54,0.82
老庄节制闸,2026-04-17 14:03:54,0.82
老庄节制闸,2026-04-17 13:58:54,0.82
老庄节制闸,2026-04-17 13:52:54,0.82
老庄节制闸,2026-04-17 13:47:54,0.82
老庄节制闸,2026-04-17 13:42:54,0.82
老庄节制闸,2026-04-17 13:36:54,0.82
老庄节制闸,2026-04-17 13:31:54,0.82
老庄节制闸,2026-04-17 13:25:54,0.82
老庄节制闸,2026-04-17 13:19:54,0.82
老庄节制闸,2026-04-17 13:13:54,0.82
老庄节制闸,2026-04-17 13:07:54,0.82
老庄节制闸,2026-04-17 13:01:54,0.82
老庄节制闸,2026-04-17 12:56:54,0.82
老庄节制闸,2026-04-17 12:51:54,0.82
老庄节制闸,2026-04-17 12:45:54,0.82
老庄节制闸,2026-04-17 12:40:54,0.82
老庄节制闸,2026-04-17 12:34:54,0.82
老庄节制闸,2026-04-17 12:29:54,0.82
老庄节制闸,2026-04-17 12:24:54,0.82
老庄节制闸,2026-04-17 12:18:54,0.82
老庄节制闸,2026-04-17 12:13:54,0.82
老庄节制闸,2026-04-17 12:07:54,0.82
老庄节制闸,2026-04-17 12:01:54,0.82
老庄节制闸,2026-04-17 11:56:54,0.82
老庄节制闸,2026-04-17 11:51:54,0.82
老庄节制闸,2026-04-17 11:46:54,0.82
老庄节制闸,2026-04-17 11:40:54,0.82
老庄节制闸,2026-04-17 11:35:54,0.82
老庄节制闸,2026-04-17 11:29:54,0.82
老庄节制闸,2026-04-17 11:23:54,0.82
老庄节制闸,2026-04-17 11:18:54,0.82
老庄节制闸,2026-04-17 11:12:54,0.82
老庄节制闸,2026-04-17 11:06:54,0.82
老庄节制闸,2026-04-17 11:01:54,0.82
老庄节制闸,2026-04-17 10:55:54,0.82
老庄节制闸,2026-04-17 10:50:54,0.82
老庄节制闸,2026-04-17 10:44:54,0.82
老庄节制闸,2026-04-17 10:39:54,0.82
老庄节制闸,2026-04-17 10:33:54,0.82
老庄节制闸,2026-04-17 10:28:54,0.82
老庄节制闸,2026-04-17 10:22:54,0.82
老庄节制闸,2026-04-17 10:16:54,0.82
老庄节制闸,2026-04-17 10:10:54,0.82
老庄节制闸,2026-04-17 10:05:54,0.82
老庄节制闸,2026-04-17 09:59:54,0.82
老庄节制闸,2026-04-17 09:54:54,0.82
老庄节制闸,2026-04-17 09:49:54,0.82
老庄节制闸,2026-04-17 09:43:54,0.82
老庄节制闸,2026-04-17 09:38:54,0.82
老庄节制闸,2026-04-17 09:32:54,0.82
老庄节制闸,2026-04-17 09:26:54,0.82
老庄节制闸,2026-04-17 09:21:54,0.82
老庄节制闸,2026-04-17 09:16:54,0.82
老庄节制闸,2026-04-17 09:11:54,0.82
老庄节制闸,2026-04-17 09:05:54,0.82
老庄节制闸,2026-04-17 09:00:54,0.82
老庄节制闸,2026-04-17 08:54:54,0.82
老庄节制闸,2026-04-17 08:48:54,0.82
老庄节制闸,2026-04-17 08:43:54,0.82
老庄节制闸,2026-04-17 08:37:54,0.82
老庄节制闸,2026-04-17 08:32:54,0.82
老庄节制闸,2026-04-17 08:26:54,0.82
老庄节制闸,2026-04-17 08:21:54,0.82
老庄节制闸,2026-04-17 08:15:54,0.82
老庄节制闸,2026-04-17 08:09:54,0.82
老庄节制闸,2026-04-17 08:04:54,0.82
老庄节制闸,2026-04-17 07:59:54,0.82
老庄节制闸,2026-04-17 07:53:54,0.82
老庄节制闸,2026-04-17 07:48:54,0.82
老庄节制闸,2026-04-17 07:43:54,0.82
老庄节制闸,2026-04-17 07:37:54,0.82
老庄节制闸,2026-04-17 07:32:54,0.82
老庄节制闸,2026-04-17 07:26:54,0.82
老庄节制闸,2026-04-17 07:20:54,0.82
老庄节制闸,2026-04-17 07:14:54,0.82
老庄节制闸,2026-04-17 07:08:54,0.82
老庄节制闸,2026-04-17 07:02:54,0.82
老庄节制闸,2026-04-17 06:56:54,0.82
老庄节制闸,2026-04-17 06:50:54,0.82
老庄节制闸,2026-04-17 06:45:54,0.81
老庄节制闸,2026-04-17 06:40:54,0.81
老庄节制闸,2026-04-17 06:34:54,0.81
老庄节制闸,2026-04-17 06:28:54,0.81
老庄节制闸,2026-04-17 06:22:54,0.81
老庄节制闸,2026-04-17 06:17:54,0.81
老庄节制闸,2026-04-17 06:11:54,0.81
老庄节制闸,2026-04-17 06:05:54,0.81
老庄节制闸,2026-04-17 06:00:54,0.81
老庄节制闸,2026-04-17 05:55:54,0.81
老庄节制闸,2026-04-17 05:49:54,0.81
老庄节制闸,2026-04-17 05:43:54,0.81
老庄节制闸,2026-04-17 05:37:54,0.81
老庄节制闸,2026-04-17 05:31:54,0.81
老庄节制闸,2026-04-17 05:25:54,0.81
老庄节制闸,2026-04-17 05:20:54,0.81
老庄节制闸,2026-04-17 05:14:54,0.81
老庄节制闸,2026-04-17 05:09:54,0.81
老庄节制闸,2026-04-17 05:03:54,0.81
老庄节制闸,2026-04-17 04:58:54,0.81
老庄节制闸,2026-04-17 04:53:54,0.81
老庄节制闸,2026-04-17 04:47:54,0.81
老庄节制闸,2026-04-17 04:41:54,0.81
老庄节制闸,2026-04-17 04:36:54,0.81
老庄节制闸,2026-04-17 04:30:54,0.81
老庄节制闸,2026-04-17 04:24:54,0.81
老庄节制闸,2026-04-17 04:18:54,0.81
老庄节制闸,2026-04-17 04:13:54,0.81
老庄节制闸,2026-04-17 04:07:54,0.81
老庄节制闸,2026-04-17 04:01:55,0.81
老庄节制闸,2026-04-17 03:56:54,0.81
老庄节制闸,2026-04-17 03:50:54,0.81
老庄节制闸,2026-04-17 03:45:54,0.81
老庄节制闸,2026-04-17 03:39:54,0.81
老庄节制闸,2026-04-17 03:33:54,0.81
老庄节制闸,2026-04-17 03:27:54,0.77
老庄节制闸,2026-04-17 03:21:54,0.77
老庄节制闸,2026-04-17 03:16:54,0.77
老庄节制闸,2026-04-17 03:11:54,0.77
老庄节制闸,2026-04-17 03:06:54,0.77
老庄节制闸,2026-04-17 03:00:54,0.77
老庄节制闸,2026-04-17 02:55:54,0.77
老庄节制闸,2026-04-17 02:50:54,0.77
老庄节制闸,2026-04-17 02:45:54,0.77
老庄节制闸,2026-04-17 02:39:54,0.77
老庄节制闸,2026-04-17 02:33:54,0.77
老庄节制闸,2026-04-17 02:27:54,0.77
老庄节制闸,2026-04-17 02:21:54,0.77
老庄节制闸,2026-04-17 02:16:54,0.77
老庄节制闸,2026-04-17 02:10:54,0.77
老庄节制闸,2026-04-17 02:04:54,0.77
老庄节制闸,2026-04-17 01:59:54,0.77
老庄节制闸,2026-04-17 01:54:54,0.77
老庄节制闸,2026-04-17 01:49:54,0.77
老庄节制闸,2026-04-17 01:44:54,0.77
老庄节制闸,2026-04-17 01:38:54,0.77
老庄节制闸,2026-04-17 01:33:54,0.77
老庄节制闸,2026-04-17 01:27:54,0.77
老庄节制闸,2026-04-17 01:22:54,0.77
老庄节制闸,2026-04-17 01:16:54,0.77
老庄节制闸,2026-04-17 01:11:54,0.77
老庄节制闸,2026-04-17 01:06:54,0.77
老庄节制闸,2026-04-17 01:00:54,0.77
老庄节制闸,2026-04-17 00:55:54,0.77
老庄节制闸,2026-04-17 00:49:54,0.77
老庄节制闸,2026-04-17 00:44:54,0.77
老庄节制闸,2026-04-17 00:38:54,0.77
老庄节制闸,2026-04-17 00:33:54,0.77
老庄节制闸,2026-04-17 00:27:54,0.77
老庄节制闸,2026-04-17 00:21:54,0.77
老庄节制闸,2026-04-17 00:16:54,0.77
老庄节制闸,2026-04-17 00:10:54,0.77
老庄节制闸,2026-04-17 00:05:54,0.78
老庄节制闸,2026-04-16 23:59:54,0.77
老庄节制闸,2026-04-16 23:54:54,0.78
老庄节制闸,2026-04-16 23:49:54,0.77
老庄节制闸,2026-04-16 23:44:54,0.78
老庄节制闸,2026-04-16 23:39:54,0.78
老庄节制闸,2026-04-16 23:33:54,0.79
老庄节制闸,2026-04-16 23:27:54,0.77
老庄节制闸,2026-04-16 23:22:54,0.78
老庄节制闸,2026-04-16 23:17:54,0.78
老庄节制闸,2026-04-16 23:11:54,0.78
老庄节制闸,2026-04-16 23:03:54,0.77
老庄节制闸,2026-04-16 23:00:54,0.78
老庄节制闸,2026-04-16 22:55:54,0.77
老庄节制闸,2026-04-16 22:50:54,0.77
老庄节制闸,2026-04-16 22:45:54,0.77
老庄节制闸,2026-04-16 22:39:54,0.77
老庄节制闸,2026-04-16 22:34:54,0.77
老庄节制闸,2026-04-16 22:29:54,0.77
老庄节制闸,2026-04-16 22:24:54,0.77
老庄节制闸,2026-04-16 22:18:54,0.77
老庄节制闸,2026-04-16 22:12:54,0.77
老庄节制闸,2026-04-16 22:06:54,0.77
老庄节制闸,2026-04-16 22:01:54,0.78
老庄节制闸,2026-04-16 21:55:54,0.76
老庄节制闸,2026-04-16 21:50:54,0.77
老庄节制闸,2026-04-16 21:44:54,0.78
老庄节制闸,2026-04-16 21:39:54,0.77
老庄节制闸,2026-04-16 21:33:54,0.77
老庄节制闸,2026-04-16 21:28:54,0.77
老庄节制闸,2026-04-16 21:23:54,0.77
老庄节制闸,2026-04-16 21:18:54,0.78
老庄节制闸,2026-04-16 21:12:54,0.77
老庄节制闸,2026-04-16 21:07:54,0.77
老庄节制闸,2026-04-16 21:01:54,0.77
老庄节制闸,2026-04-16 20:55:54,0.77
老庄节制闸,2026-04-16 20:49:54,0.78
老庄节制闸,2026-04-16 20:44:54,0.75
老庄节制闸,2026-04-16 20:39:54,0.74
老庄节制闸,2026-04-16 20:33:54,0.75
老庄节制闸,2026-04-16 20:27:54,0.75
老庄节制闸,2026-04-16 20:22:54,0.75
老庄节制闸,2026-04-16 20:16:54,0.75
老庄节制闸,2026-04-16 20:11:54,0.74
老庄节制闸,2026-04-16 20:06:54,0.73
老庄节制闸,2026-04-16 20:00:54,0.74
老庄节制闸,2026-04-16 19:55:54,0.73
老庄节制闸,2026-04-16 19:49:54,0.74
老庄节制闸,2026-04-16 19:43:54,0.73
老庄节制闸,2026-04-16 19:38:54,0.72
老庄节制闸,2026-04-16 19:33:54,0.72
老庄节制闸,2026-04-16 19:28:54,0.71
老庄节制闸,2026-04-16 19:22:54,0.72
老庄节制闸,2026-04-16 19:17:54,0.71
老庄节制闸,2026-04-16 19:11:54,0.7
老庄节制闸,2026-04-16 19:05:54,0.69
老庄节制闸,2026-04-16 18:59:54,0.66
老庄节制闸,2026-04-16 18:53:54,0.6
老庄节制闸,2026-04-16 18:47:54,0.6
老庄节制闸,2026-04-16 18:42:54,0.6
老庄节制闸,2026-04-16 18:36:54,0.58
老庄节制闸,2026-04-16 18:30:54,0.56
老庄节制闸,2026-04-16 18:25:54,0.55
老庄节制闸,2026-04-16 18:19:54,0.54
老庄节制闸,2026-04-16 18:13:54,0.51
老庄节制闸,2026-04-16 18:07:54,0.51
老庄节制闸,2026-04-16 18:01:54,0.45
老庄节制闸,2026-04-16 17:55:54,0.42
老庄节制闸,2026-04-16 17:49:54,0.43
老庄节制闸,2026-04-16 17:44:54,0.45
老庄节制闸,2026-04-16 17:38:54,0.53
老庄节制闸,2026-04-16 17:32:54,0.54
老庄节制闸,2026-04-16 17:27:54,0.55
老庄节制闸,2026-04-16 17:21:54,0.56
老庄节制闸,2026-04-16 17:15:54,0.56
老庄节制闸,2026-04-16 17:09:54,0.58
老庄节制闸,2026-04-16 17:03:54,0.59
老庄节制闸,2026-04-16 16:57:54,0.6
老庄节制闸,2026-04-16 16:52:54,0.65
老庄节制闸,2026-04-16 16:47:54,0.65
老庄节制闸,2026-04-16 16:41:54,0.65
老庄节制闸,2026-04-16 16:36:54,0.66
老庄节制闸,2026-04-16 16:31:54,0.66
老庄节制闸,2026-04-16 16:25:54,0.64
老庄节制闸,2026-04-16 16:20:54,0.65
老庄节制闸,2026-04-16 16:14:54,0.62
老庄节制闸,2026-04-16 16:08:54,0.62
老庄节制闸,2026-04-16 16:02:54,0.62
老庄节制闸,2026-04-16 15:57:54,0.62
老庄节制闸,2026-04-16 15:51:54,0.62
老庄节制闸,2026-04-16 15:46:54,0.62
老庄节制闸,2026-04-16 15:40:54,0.62
老庄节制闸,2026-04-16 15:35:54,0.62
老庄节制闸,2026-04-16 15:29:54,0.62
老庄节制闸,2026-04-16 15:23:54,0.62
老庄节制闸,2026-04-16 15:18:54,0.62
老庄节制闸,2026-04-16 15:13:54,0.62
老庄节制闸,2026-04-16 15:07:54,0.62
老庄节制闸,2026-04-16 15:01:54,0.62
老庄节制闸,2026-04-16 14:55:54,0.62
老庄节制闸,2026-04-16 14:50:54,0.62
老庄节制闸,2026-04-16 14:44:54,0.62
老庄节制闸,2026-04-16 14:39:54,0.62
老庄节制闸,2026-04-16 14:33:54,0.62
老庄节制闸,2026-04-16 14:27:54,0.62
老庄节制闸,2026-04-16 14:22:54,0.62
老庄节制闸,2026-04-16 14:17:54,0.62
老庄节制闸,2026-04-16 14:11:54,0.62
老庄节制闸,2026-04-16 14:05:54,0.62
老庄节制闸,2026-04-16 13:59:54,0.62
老庄节制闸,2026-04-16 13:53:54,0.62
老庄节制闸,2026-04-16 13:48:54,0.62
老庄节制闸,2026-04-16 13:42:54,0.62
老庄节制闸,2026-04-16 13:36:54,0.62
老庄节制闸,2026-04-16 13:30:54,0.62
老庄节制闸,2026-04-16 13:25:54,0.62
老庄节制闸,2026-04-16 13:19:54,0.62
老庄节制闸,2026-04-16 13:13:54,0.62
老庄节制闸,2026-04-16 13:07:54,0.63
老庄节制闸,2026-04-16 13:02:54,0.64
老庄节制闸,2026-04-16 12:56:54,0.65
老庄节制闸,2026-04-16 12:51:54,0.66
老庄节制闸,2026-04-16 12:45:54,0.66
老庄节制闸,2026-04-16 12:40:54,0.67
老庄节制闸,2026-04-16 12:34:54,0.68
老庄节制闸,2026-04-16 12:28:54,0.68
老庄节制闸,2026-04-16 12:22:54,0.68
老庄节制闸,2026-04-16 12:16:54,0.68
老庄节制闸,2026-04-16 12:11:54,0.69
老庄节制闸,2026-04-16 12:06:54,0.71
老庄节制闸,2026-04-16 12:01:54,0.71
老庄节制闸,2026-04-16 11:55:54,0.71
老庄节制闸,2026-04-16 11:50:54,0.73
老庄节制闸,2026-04-16 11:44:54,0.72
老庄节制闸,2026-04-16 11:39:54,0.72
老庄节制闸,2026-04-16 11:34:54,0.73
老庄节制闸,2026-04-16 11:28:54,0.73
老庄节制闸,2026-04-16 11:22:54,0.74
老庄节制闸,2026-04-16 11:16:54,0.75
老庄节制闸,2026-04-16 11:11:54,0.74
老庄节制闸,2026-04-16 11:05:54,0.76
老庄节制闸,2026-04-16 11:00:54,0.76
老庄节制闸,2026-04-16 10:54:54,0.76
老庄节制闸,2026-04-16 10:48:54,0.77
老庄节制闸,2026-04-16 10:43:54,0.78
老庄节制闸,2026-04-16 10:37:54,0.77
老庄节制闸,2026-04-16 10:31:54,0.78
老庄节制闸,2026-04-16 10:26:54,0.8
老庄节制闸,2026-04-16 10:20:54,0.8
老庄节制闸,2026-04-16 10:15:54,0.79
老庄节制闸,2026-04-16 10:09:54,0.81
老庄节制闸,2026-04-16 10:03:54,0.78
老庄节制闸,2026-04-16 09:57:54,0.79
老庄节制闸,2026-04-16 09:52:54,0.8
老庄节制闸,2026-04-16 09:46:54,0.81
老庄节制闸,2026-04-16 09:41:54,0.83
老庄节制闸,2026-04-16 09:36:54,0.8
老庄节制闸,2026-04-16 09:30:54,0.8
老庄节制闸,2026-04-16 09:25:54,0.81
老庄节制闸,2026-04-16 09:19:54,0.8
老庄节制闸,2026-04-16 09:13:54,0.79
老庄节制闸,2026-04-16 09:08:54,0.77
老庄节制闸,2026-04-16 09:02:54,0.79
老庄节制闸,2026-04-16 08:57:54,0.79
老庄节制闸,2026-04-16 08:51:54,0.79
老庄节制闸,2026-04-16 08:46:54,0.79
老庄节制闸,2026-04-16 08:40:54,0.79
老庄节制闸,2026-04-16 08:35:54,0.79
老庄节制闸,2026-04-16 08:29:54,0.78
老庄节制闸,2026-04-16 08:23:54,0.76
老庄节制闸,2026-04-16 08:18:54,0.79
老庄节制闸,2026-04-16 08:12:54,0.78
老庄节制闸,2026-04-16 08:06:54,0.76
老庄节制闸,2026-04-16 06:51:02,0.75
老庄节制闸,2026-04-16 06:45:02,0.76
老庄节制闸,2026-04-16 06:30:02,0.76
老庄节制闸,2026-04-16 06:24:02,0.75
老庄节制闸,2026-04-16 06:18:02,0.75
老庄节制闸,2026-04-16 06:12:02,0.77
老庄节制闸,2026-04-16 06:07:02,0.75
老庄节制闸,2026-04-16 06:01:02,0.75
老庄节制闸,2026-04-16 05:56:02,0.75
老庄节制闸,2026-04-16 05:51:02,0.75
老庄节制闸,2026-04-16 05:46:02,0.77
老庄节制闸,2026-04-16 05:40:02,0.75
老庄节制闸,2026-04-16 05:34:02,0.74
老庄节制闸,2026-04-16 05:28:02,0.74
老庄节制闸,2026-04-16 05:23:02,0.72
老庄节制闸,2026-04-16 05:17:02,0.72
老庄节制闸,2026-04-16 05:11:02,0.72
老庄节制闸,2026-04-16 05:06:02,0.74
老庄节制闸,2026-04-16 05:01:02,0.74
老庄节制闸,2026-04-16 04:55:02,0.73
老庄节制闸,2026-04-16 04:49:02,0.73
老庄节制闸,2026-04-16 04:44:02,0.72
老庄节制闸,2026-04-16 04:39:02,0.72
老庄节制闸,2026-04-16 04:33:02,0.71
老庄节制闸,2026-04-16 04:27:02,0.71
老庄节制闸,2026-04-16 04:22:02,0.71
老庄节制闸,2026-04-16 04:16:02,0.71
老庄节制闸,2026-04-16 04:11:02,0.7
老庄节制闸,2026-04-16 04:05:02,0.72
老庄节制闸,2026-04-16 03:59:02,0.71
老庄节制闸,2026-04-16 03:54:02,0.69
老庄节制闸,2026-04-16 03:48:02,0.7
老庄节制闸,2026-04-16 03:42:02,0.7
老庄节制闸,2026-04-16 03:36:02,0.69
老庄节制闸,2026-04-16 03:31:02,0.69
老庄节制闸,2026-04-16 03:25:02,0.68
老庄节制闸,2026-04-16 03:19:02,0.68
老庄节制闸,2026-04-16 03:13:02,0.68
老庄节制闸,2026-04-16 03:07:02,0.69
老庄节制闸,2026-04-16 03:01:02,0.67
老庄节制闸,2026-04-16 02:56:02,0.68
老庄节制闸,2026-04-16 02:50:02,0.69
老庄节制闸,2026-04-16 02:44:02,0.68
老庄节制闸,2026-04-16 02:39:02,0.66
老庄节制闸,2026-04-16 02:33:02,0.68
老庄节制闸,2026-04-16 02:28:02,0.67
老庄节制闸,2026-04-16 02:22:02,0.68
老庄节制闸,2026-04-16 02:17:02,0.66
老庄节制闸,2026-04-16 02:11:02,0.67
老庄节制闸,2026-04-16 02:05:02,0.66
老庄节制闸,2026-04-16 02:00:02,0.65
老庄节制闸,2026-04-16 01:54:02,0.65
老庄节制闸,2026-04-16 01:49:02,0.63
老庄节制闸,2026-04-16 01:43:02,0.62
老庄节制闸,2026-04-16 01:37:02,0.61
老庄节制闸,2026-04-16 01:31:02,0.61
老庄节制闸,2026-04-16 01:26:02,0.62
老庄节制闸,2026-04-16 01:21:02,0.59
老庄节制闸,2026-04-16 01:15:02,0.58
老庄节制闸,2026-04-16 01:09:02,0.58
老庄节制闸,2026-04-16 01:04:02,0.54
老庄节制闸,2026-04-16 00:58:02,0.55
老庄节制闸,2026-04-16 00:53:02,0.55
老庄节制闸,2026-04-16 00:47:02,0.55
老庄节制闸,2026-04-16 00:42:02,0.55
老庄节制闸,2026-04-16 00:36:02,0.57
老庄节制闸,2026-04-16 00:30:02,0.56
老庄节制闸,2026-04-16 00:25:02,0.57
老庄节制闸,2026-04-16 00:19:02,0.57
老庄节制闸,2026-04-16 00:13:02,0.57
老庄节制闸,2026-04-16 00:08:02,0.57
老庄节制闸,2026-04-16 00:02:02,0.59
老庄节制闸,2026-04-15 23:56:02,0.59
老庄节制闸,2026-04-15 23:50:02,0.6
老庄节制闸,2026-04-15 23:45:02,0.61
老庄节制闸,2026-04-15 23:40:02,0.59
老庄节制闸,2026-04-15 23:34:02,0.6
老庄节制闸,2026-04-15 23:28:02,0.61
老庄节制闸,2026-04-15 23:23:02,0.63
老庄节制闸,2026-04-15 23:17:02,0.63
老庄节制闸,2026-04-15 23:12:02,0.64
老庄节制闸,2026-04-15 23:05:02,0.64
老庄节制闸,2026-04-15 23:01:02,0.64
老庄节制闸,2026-04-15 22:56:02,0.65
老庄节制闸,2026-04-15 22:50:02,0.68
老庄节制闸,2026-04-15 22:44:02,0.69
老庄节制闸,2026-04-15 22:39:02,0.68
老庄节制闸,2026-04-15 22:33:02,0.68
老庄节制闸,2026-04-15 22:27:02,0.68
老庄节制闸,2026-04-15 22:22:02,0.7
老庄节制闸,2026-04-15 22:17:02,0.71
老庄节制闸,2026-04-15 22:11:02,0.72
老庄节制闸,2026-04-15 22:05:02,0.72
老庄节制闸,2026-04-15 21:59:02,0.72
老庄节制闸,2026-04-15 21:54:02,0.73
老庄节制闸,2026-04-15 21:48:02,0.72
老庄节制闸,2026-04-15 21:42:02,0.74
老庄节制闸,2026-04-15 21:37:02,0.74
老庄节制闸,2026-04-15 21:32:02,0.75
老庄节制闸,2026-04-15 21:26:02,0.75
老庄节制闸,2026-04-15 21:21:02,0.77
老庄节制闸,2026-04-15 21:15:02,0.76
老庄节制闸,2026-04-15 21:10:02,0.77
老庄节制闸,2026-04-15 21:04:02,0.78
老庄节制闸,2026-04-15 20:58:02,0.78
老庄节制闸,2026-04-15 20:52:02,0.77
老庄节制闸,2026-04-15 20:47:02,0.78
老庄节制闸,2026-04-15 20:41:02,0.79
老庄节制闸,2026-04-15 20:35:02,0.79
老庄节制闸,2026-04-15 20:29:02,0.82
老庄节制闸,2026-04-15 20:23:02,0.81
老庄节制闸,2026-04-15 20:18:02,0.81
老庄节制闸,2026-04-15 20:12:02,0.83
老庄节制闸,2026-04-15 20:07:02,0.83
老庄节制闸,2026-04-15 20:01:02,0.82
老庄节制闸,2026-04-15 19:56:02,0.83
老庄节制闸,2026-04-15 19:50:02,0.84
老庄节制闸,2026-04-15 19:44:02,0.84
老庄节制闸,2026-04-15 19:39:02,0.84
老庄节制闸,2026-04-15 19:33:02,0.86
老庄节制闸,2026-04-15 19:27:02,0.85
老庄节制闸,2026-04-15 19:21:02,0.85
老庄节制闸,2026-04-15 19:16:02,0.84
老庄节制闸,2026-04-15 19:10:02,0.85
老庄节制闸,2026-04-15 19:04:02,0.83
老庄节制闸,2026-04-15 18:59:02,0.86
老庄节制闸,2026-04-15 18:53:02,0.85
老庄节制闸,2026-04-15 18:48:02,0.88
老庄节制闸,2026-04-15 18:43:02,0.86
老庄节制闸,2026-04-15 18:37:02,0.86
老庄节制闸,2026-04-15 18:31:02,0.85
老庄节制闸,2026-04-15 18:25:02,0.85
老庄节制闸,2026-04-15 18:20:02,0.86
老庄节制闸,2026-04-15 18:14:02,0.86
老庄节制闸,2026-04-15 18:08:02,0.86
老庄节制闸,2026-04-15 18:03:02,0.86
老庄节制闸,2026-04-15 17:58:02,0.86
老庄节制闸,2026-04-15 17:52:02,0.86
老庄节制闸,2026-04-15 17:47:02,0.86
老庄节制闸,2026-04-15 17:42:02,0.86
老庄节制闸,2026-04-15 17:36:02,0.86
老庄节制闸,2026-04-15 17:30:02,0.86
老庄节制闸,2026-04-15 17:25:02,0.86
老庄节制闸,2026-04-15 17:19:02,0.86
老庄节制闸,2026-04-15 17:14:02,0.86
老庄节制闸,2026-04-15 17:09:02,0.86
老庄节制闸,2026-04-15 17:03:02,0.86
老庄节制闸,2026-04-15 16:57:02,0.86
老庄节制闸,2026-04-15 16:51:02,0.86
老庄节制闸,2026-04-15 16:46:02,0.86
老庄节制闸,2026-04-15 16:40:02,0.86
老庄节制闸,2026-04-15 16:35:02,0.86
老庄节制闸,2026-04-15 16:29:02,0.86
老庄节制闸,2026-04-15 16:24:02,0.86
老庄节制闸,2026-04-15 16:19:02,0.86
老庄节制闸,2026-04-15 16:13:02,0.86
老庄节制闸,2026-04-15 16:08:02,0.86
老庄节制闸,2026-04-15 16:03:02,0.86
老庄节制闸,2026-04-15 15:57:02,0.86
老庄节制闸,2026-04-15 15:51:02,0.87
老庄节制闸,2026-04-15 15:46:02,0.86
老庄节制闸,2026-04-15 15:40:02,0.86
老庄节制闸,2026-04-15 15:34:02,0.87
老庄节制闸,2026-04-15 15:29:02,0.87
老庄节制闸,2026-04-15 15:23:02,0.87
老庄节制闸,2026-04-15 15:17:02,0.87
老庄节制闸,2026-04-15 15:12:02,0.87
老庄节制闸,2026-04-15 15:06:02,0.86
老庄节制闸,2026-04-15 15:00:02,0.86
老庄节制闸,2026-04-15 14:54:02,0.86
老庄节制闸,2026-04-15 14:49:02,0.87
老庄节制闸,2026-04-15 14:44:02,0.85
老庄节制闸,2026-04-15 14:38:02,0.75
老庄节制闸,2026-04-15 14:32:02,0.75
老庄节制闸,2026-04-15 14:26:02,0.75
老庄节制闸,2026-04-15 14:20:02,0.75
老庄节制闸,2026-04-15 14:15:02,0.75
老庄节制闸,2026-04-15 14:09:10,0.75
老庄节制闸,2026-04-15 14:04:02,0.75
老庄节制闸,2026-04-15 13:58:02,0.75
老庄节制闸,2026-04-15 13:53:02,0.75
老庄节制闸,2026-04-15 13:47:02,0.75
老庄节制闸,2026-04-15 13:42:02,0.75
老庄节制闸,2026-04-15 13:36:02,0.75
老庄节制闸,2026-04-15 13:31:02,0.75
老庄节制闸,2026-04-15 13:25:02,0.75
老庄节制闸,2026-04-15 13:20:02,0.75
老庄节制闸,2026-04-15 13:14:02,0.74
老庄节制闸,2026-04-15 13:09:02,0.74
老庄节制闸,2026-04-15 13:03:02,0.74
老庄节制闸,2026-04-15 12:58:02,0.74
老庄节制闸,2026-04-15 12:52:02,0.74
老庄节制闸,2026-04-15 12:46:02,0.74
老庄节制闸,2026-04-15 12:40:02,0.74
老庄节制闸,2026-04-15 12:34:02,0.74
老庄节制闸,2026-04-15 12:29:02,0.74
老庄节制闸,2026-04-15 12:23:02,0.74
老庄节制闸,2026-04-15 12:17:02,0.74
老庄节制闸,2026-04-15 12:11:02,0.74
老庄节制闸,2026-04-15 12:05:02,0.74
老庄节制闸,2026-04-15 11:59:02,0.74
老庄节制闸,2026-04-15 11:53:02,0.8
老庄节制闸,2026-04-15 11:48:02,0.8
老庄节制闸,2026-04-15 11:42:02,0.79
老庄节制闸,2026-04-15 11:37:02,0.86
老庄节制闸,2026-04-15 11:32:02,0.82
老庄节制闸,2026-04-15 11:27:02,0.81
老庄节制闸,2026-04-15 11:22:02,0.8
老庄节制闸,2026-04-15 11:16:02,0.8
老庄节制闸,2026-04-15 11:10:02,0.77
老庄节制闸,2026-04-15 11:04:02,0.82
老庄节制闸,2026-04-15 10:58:02,0.82
老庄节制闸,2026-04-15 10:52:02,0.79
老庄节制闸,2026-04-15 10:47:02,0.8
老庄节制闸,2026-04-15 10:42:02,0.77
老庄节制闸,2026-04-15 10:36:02,0.81
老庄节制闸,2026-04-15 10:31:02,0.81
老庄节制闸,2026-04-15 10:25:02,0.81
老庄节制闸,2026-04-15 10:19:02,0.8
老庄节制闸,2026-04-15 10:14:02,0.83
老庄节制闸,2026-04-15 10:08:02,0.79
老庄节制闸,2026-04-15 10:03:02,0.81
老庄节制闸,2026-04-15 09:57:02,0.81
老庄节制闸,2026-04-15 09:52:02,0.81
老庄节制闸,2026-04-15 09:47:02,0.83
老庄节制闸,2026-04-15 09:42:02,0.78
老庄节制闸,2026-04-15 09:36:02,0.8
老庄节制闸,2026-04-15 09:30:02,0.82
老庄节制闸,2026-04-15 09:25:02,0.79
老庄节制闸,2026-04-15 09:20:02,0.77
老庄节制闸,2026-04-15 09:14:02,0.81
老庄节制闸,2026-04-15 09:09:02,0.79
老庄节制闸,2026-04-15 09:03:02,0.83
老庄节制闸,2026-04-15 08:58:02,0.82
老庄节制闸,2026-04-15 08:53:02,0.79
老庄节制闸,2026-04-15 08:47:02,0.81
老庄节制闸,2026-04-15 08:41:02,0.81
老庄节制闸,2026-04-15 08:36:02,0.81
老庄节制闸,2026-04-15 08:30:02,0.77
老庄节制闸,2026-04-15 08:25:02,0.78
老庄节制闸,2026-04-15 08:19:02,0.78
老庄节制闸,2026-04-15 08:14:02,0.79
老庄节制闸,2026-04-15 08:09:02,0.77
老庄节制闸,2026-04-15 08:03:02,0.76
老庄节制闸,2026-04-15 07:58:02,0.77
老庄节制闸,2026-04-15 07:52:02,0.74
老庄节制闸,2026-04-15 07:46:02,0.76
老庄节制闸,2026-04-15 07:41:02,0.72
老庄节制闸,2026-04-15 07:35:02,0.76
老庄节制闸,2026-04-15 07:30:02,0.75
老庄节制闸,2026-04-15 07:24:02,0.73
老庄节制闸,2026-04-15 07:19:02,0.76
老庄节制闸,2026-04-15 07:14:02,0.73
老庄节制闸,2026-04-15 07:08:02,0.75
老庄节制闸,2026-04-15 07:03:02,0.72
老庄节制闸,2026-04-15 06:57:02,0.74
老庄节制闸,2026-04-15 06:52:02,0.71
老庄节制闸,2026-04-15 06:47:02,0.71
老庄节制闸,2026-04-15 06:41:02,0.73
老庄节制闸,2026-04-15 06:35:02,0.72
老庄节制闸,2026-04-15 06:29:02,0.67
老庄节制闸,2026-04-15 06:23:02,0.73
老庄节制闸,2026-04-15 06:17:02,0.72
老庄节制闸,2026-04-15 06:12:02,0.67
老庄节制闸,2026-04-15 06:06:02,0.73
老庄节制闸,2026-04-15 06:01:02,0.71
老庄节制闸,2026-04-15 05:56:02,0.72
老庄节制闸,2026-04-15 05:50:10,0.71
老庄节制闸,2026-04-15 05:44:02,0.67
老庄节制闸,2026-04-15 05:38:02,0.7
老庄节制闸,2026-04-15 05:33:02,0.69
老庄节制闸,2026-04-15 05:27:02,0.7
老庄节制闸,2026-04-15 05:21:02,0.69
老庄节制闸,2026-04-15 05:15:02,0.73
老庄节制闸,2026-04-15 05:09:02,0.64
老庄节制闸,2026-04-15 05:03:02,0.71
老庄节制闸,2026-04-15 04:58:02,0.67
老庄节制闸,2026-04-15 04:53:02,0.7
老庄节制闸,2026-04-15 04:48:02,0.7
老庄节制闸,2026-04-15 04:42:02,0.69
老庄节制闸,2026-04-15 04:37:02,0.71
老庄节制闸,2026-04-15 04:31:02,0.71
老庄节制闸,2026-04-15 04:26:02,0.72
老庄节制闸,2026-04-15 04:20:02,0.71
老庄节制闸,2026-04-15 04:14:02,0.7
老庄节制闸,2026-04-15 04:09:02,0.72
老庄节制闸,2026-04-15 04:03:02,0.72
老庄节制闸,2026-04-15 03:58:02,0.73
老庄节制闸,2026-04-15 03:52:02,0.73
老庄节制闸,2026-04-15 03:46:02,0.72
老庄节制闸,2026-04-15 03:41:02,0.73
老庄节制闸,2026-04-15 03:36:02,0.69
老庄节制闸,2026-04-15 03:30:02,0.73
老庄节制闸,2026-04-15 03:24:02,0.73
老庄节制闸,2026-04-15 03:18:02,0.71
老庄节制闸,2026-04-15 03:12:02,0.74
老庄节制闸,2026-04-15 03:06:02,0.72
老庄节制闸,2026-04-15 03:00:02,0.73
老庄节制闸,2026-04-15 02:55:02,0.73
老庄节制闸,2026-04-15 02:49:02,0.75
老庄节制闸,2026-04-15 02:43:02,0.75
老庄节制闸,2026-04-15 02:38:02,0.76
老庄节制闸,2026-04-15 02:33:02,0.77
老庄节制闸,2026-04-15 02:28:02,0.78
老庄节制闸,2026-04-15 02:22:02,0.76
老庄节制闸,2026-04-15 02:17:02,0.77
老庄节制闸,2026-04-15 02:11:02,0.76
老庄节制闸,2026-04-15 02:05:02,0.79
老庄节制闸,2026-04-15 01:59:02,0.8
老庄节制闸,2026-04-15 01:54:02,0.77
老庄节制闸,2026-04-15 01:48:02,0.78
老庄节制闸,2026-04-15 01:43:02,0.77
老庄节制闸,2026-04-15 01:37:02,0.77
老庄节制闸,2026-04-15 01:32:02,0.8
老庄节制闸,2026-04-15 01:27:02,0.77
老庄节制闸,2026-04-15 01:21:02,0.77
老庄节制闸,2026-04-15 01:15:02,0.77
老庄节制闸,2026-04-15 01:09:02,0.75
老庄节制闸,2026-04-15 01:03:02,0.77
老庄节制闸,2026-04-15 00:58:02,0.77
老庄节制闸,2026-04-15 00:52:02,0.76
老庄节制闸,2026-04-15 00:46:02,0.75
老庄节制闸,2026-04-15 00:41:02,0.78
老庄节制闸,2026-04-15 00:36:02,0.75
老庄节制闸,2026-04-15 00:30:02,0.73
老庄节制闸,2026-04-15 00:24:02,0.76
老庄节制闸,2026-04-15 00:18:02,0.75
老庄节制闸,2026-04-15 00:12:02,0.78
老庄节制闸,2026-04-15 00:07:02,0.76
老庄节制闸,2026-04-15 00:02:02,0.75
老庄节制闸,2026-04-14 23:56:02,0.77
老庄节制闸,2026-04-14 23:50:02,0.77
老庄节制闸,2026-04-14 23:45:02,0.75
老庄节制闸,2026-04-14 23:39:02,0.76
老庄节制闸,2026-04-14 23:34:02,0.77
老庄节制闸,2026-04-14 23:28:02,0.76
老庄节制闸,2026-04-14 23:23:02,0.77
老庄节制闸,2026-04-14 23:17:02,0.74
老庄节制闸,2026-04-14 23:11:02,0.76
老庄节制闸,2026-04-14 23:04:02,0.75
老庄节制闸,2026-04-14 23:00:02,0.76
老庄节制闸,2026-04-14 22:55:02,0.74
老庄节制闸,2026-04-14 22:49:02,0.78
老庄节制闸,2026-04-14 22:43:02,0.74
老庄节制闸,2026-04-14 22:38:02,0.77
老庄节制闸,2026-04-14 22:33:02,0.76
老庄节制闸,2026-04-14 22:27:02,0.76
老庄节制闸,2026-04-14 22:22:02,0.72
老庄节制闸,2026-04-14 22:17:02,0.74
老庄节制闸,2026-04-14 22:11:02,0.74
老庄节制闸,2026-04-14 22:05:02,0.75
老庄节制闸,2026-04-14 22:00:02,0.75
老庄节制闸,2026-04-14 21:54:02,0.76
老庄节制闸,2026-04-14 21:48:02,0.73
老庄节制闸,2026-04-14 21:43:02,0.76
老庄节制闸,2026-04-14 21:37:02,0.72
老庄节制闸,2026-04-14 21:31:02,0.75
老庄节制闸,2026-04-14 21:26:02,0.77
老庄节制闸,2026-04-14 21:20:02,0.75
老庄节制闸,2026-04-14 21:14:02,0.75
老庄节制闸,2026-04-14 21:09:02,0.76
老庄节制闸,2026-04-14 21:04:02,0.76
老庄节制闸,2026-04-14 20:59:02,0.77
老庄节制闸,2026-04-14 20:53:02,0.73
老庄节制闸,2026-04-14 20:47:02,0.75
老庄节制闸,2026-04-14 20:41:02,0.77
老庄节制闸,2026-04-14 20:36:02,0.72
老庄节制闸,2026-04-14 20:31:02,0.73
老庄节制闸,2026-04-14 20:25:02,0.71
老庄节制闸,2026-04-14 20:19:02,0.75
老庄节制闸,2026-04-14 20:14:02,0.73
老庄节制闸,2026-04-14 20:09:01,0.73
老庄节制闸,2026-04-14 20:04:01,0.75
老庄节制闸,2026-04-14 19:58:02,0.74
老庄节制闸,2026-04-14 19:53:02,0.75
老庄节制闸,2026-04-14 19:47:01,0.74
老庄节制闸,2026-04-14 19:42:02,0.74
老庄节制闸,2026-04-14 19:36:02,0.74
老庄节制闸,2026-04-14 19:31:02,0.75
老庄节制闸,2026-04-14 19:25:02,0.74
老庄节制闸,2026-04-14 19:20:02,0.73
老庄节制闸,2026-04-14 19:15:01,0.72
老庄节制闸,2026-04-14 19:09:02,0.75
老庄节制闸,2026-04-14 19:04:01,0.73
老庄节制闸,2026-04-14 18:58:02,0.72
老庄节制闸,2026-04-14 18:53:01,0.76
老庄节制闸,2026-04-14 18:47:02,0.72
老庄节制闸,2026-04-14 18:41:02,0.72
老庄节制闸,2026-04-14 18:35:02,0.74
老庄节制闸,2026-04-14 18:29:02,0.72
老庄节制闸,2026-04-14 18:24:01,0.74
老庄节制闸,2026-04-14 18:18:01,0.73
老庄节制闸,2026-04-14 18:13:01,0.71
老庄节制闸,2026-04-14 18:08:01,0.72
老庄节制闸,2026-04-14 18:03:01,0.72
老庄节制闸,2026-04-14 17:57:01,0.73
老庄节制闸,2026-04-14 17:51:01,0.72
老庄节制闸,2026-04-14 17:45:01,0.72
老庄节制闸,2026-04-14 17:39:02,0.72
老庄节制闸,2026-04-14 17:34:01,0.72
老庄节制闸,2026-04-14 17:28:01,0.72
老庄节制闸,2026-04-14 17:22:01,0.72
老庄节制闸,2026-04-14 17:16:01,0.73
老庄节制闸,2026-04-14 17:11:01,0.72
老庄节制闸,2026-04-14 17:05:02,0.73
老庄节制闸,2026-04-14 17:00:01,0.71
老庄节制闸,2026-04-14 16:55:01,0.72
老庄节制闸,2026-04-14 16:49:01,0.72
老庄节制闸,2026-04-14 16:44:01,0.7
老庄节制闸,2026-04-14 16:38:01,0.71
老庄节制闸,2026-04-14 16:32:01,0.71
老庄节制闸,2026-04-14 16:26:01,0.72
老庄节制闸,2026-04-14 16:21:01,0.73
老庄节制闸,2026-04-14 16:16:01,0.71
老庄节制闸,2026-04-14 16:10:01,0.71
老庄节制闸,2026-04-14 16:05:01,0.73
老庄节制闸,2026-04-14 15:59:01,0.71
老庄节制闸,2026-04-14 15:54:01,0.73
老庄节制闸,2026-04-14 15:48:01,0.7
老庄节制闸,2026-04-14 15:43:01,0.71
老庄节制闸,2026-04-14 15:37:01,0.7
老庄节制闸,2026-04-14 15:32:01,0.73
阳院节制闸,2026-04-21 17:27:13,0.1
阳院节制闸,2026-04-21 17:21:13,0.1
阳院节制闸,2026-04-21 17:15:13,0.1
阳院节制闸,2026-04-21 17:09:13,0.1
阳院节制闸,2026-04-21 17:04:13,0.1
阳院节制闸,2026-04-21 16:59:13,0.1
阳院节制闸,2026-04-21 16:53:13,0.1
阳院节制闸,2026-04-21 16:47:13,0.1
阳院节制闸,2026-04-21 16:41:13,0.1
阳院节制闸,2026-04-21 16:36:13,0.1
阳院节制闸,2026-04-21 16:30:13,0.1
阳院节制闸,2026-04-21 16:25:13,0.1
阳院节制闸,2026-04-21 16:20:13,0.1
阳院节制闸,2026-04-21 16:15:13,0.1
阳院节制闸,2026-04-21 16:09:13,0.1
阳院节制闸,2026-04-21 16:03:13,0.1
阳院节制闸,2026-04-21 15:58:13,0.1
阳院节制闸,2026-04-21 15:53:13,0.12
阳院节制闸,2026-04-21 15:47:13,0.13
阳院节制闸,2026-04-21 15:41:13,0.1
阳院节制闸,2026-04-21 15:36:13,0.1
阳院节制闸,2026-04-21 15:30:13,0.1
阳院节制闸,2026-04-21 15:25:13,0.1
阳院节制闸,2026-04-21 15:19:13,0.1
阳院节制闸,2026-04-21 15:13:13,0.1
阳院节制闸,2026-04-21 15:07:13,0.1
阳院节制闸,2026-04-21 15:01:13,0.1
阳院节制闸,2026-04-21 14:55:13,0.1
阳院节制闸,2026-04-21 14:49:13,0.1
阳院节制闸,2026-04-21 14:43:13,0.1
阳院节制闸,2026-04-21 14:37:13,0.1
阳院节制闸,2026-04-21 14:31:13,0.1
阳院节制闸,2026-04-21 14:26:13,0.1
阳院节制闸,2026-04-21 14:21:13,0.1
阳院节制闸,2026-04-21 14:15:13,0.1
阳院节制闸,2026-04-21 14:09:13,0.1
阳院节制闸,2026-04-21 14:03:13,0.1
阳院节制闸,2026-04-21 13:57:13,0.1
阳院节制闸,2026-04-21 13:51:13,0.1
阳院节制闸,2026-04-21 13:46:13,0.1
阳院节制闸,2026-04-21 13:40:13,0.1
阳院节制闸,2026-04-21 13:35:13,0.1
阳院节制闸,2026-04-21 13:30:13,0.1
阳院节制闸,2026-04-21 13:24:13,0.1
阳院节制闸,2026-04-21 13:18:13,0.1
阳院节制闸,2026-04-21 13:13:13,0.1
阳院节制闸,2026-04-21 13:07:13,0.1
阳院节制闸,2026-04-21 13:01:13,0.1
阳院节制闸,2026-04-21 12:55:13,0.1
阳院节制闸,2026-04-21 12:49:13,0.1
阳院节制闸,2026-04-21 12:44:13,0.1
阳院节制闸,2026-04-21 12:38:13,0.1
阳院节制闸,2026-04-21 12:32:13,0.1
阳院节制闸,2026-04-21 12:27:13,0.1
阳院节制闸,2026-04-21 12:21:13,0.1
阳院节制闸,2026-04-21 12:15:13,0.1
阳院节制闸,2026-04-21 12:10:13,0.1
阳院节制闸,2026-04-21 12:05:13,0.1
阳院节制闸,2026-04-21 11:59:13,0.1
阳院节制闸,2026-04-21 11:54:13,0.1
阳院节制闸,2026-04-21 11:48:13,0.1
阳院节制闸,2026-04-21 11:43:13,0.1
阳院节制闸,2026-04-21 11:38:13,0.1
阳院节制闸,2026-04-21 11:33:13,0.1
阳院节制闸,2026-04-21 11:27:13,0.1
阳院节制闸,2026-04-21 11:22:13,0.1
阳院节制闸,2026-04-21 11:16:13,0.1
阳院节制闸,2026-04-21 11:11:13,0.1
阳院节制闸,2026-04-21 11:05:13,0.1
阳院节制闸,2026-04-21 11:00:13,0.1
阳院节制闸,2026-04-21 10:55:13,0.1
阳院节制闸,2026-04-21 10:49:13,0.1
阳院节制闸,2026-04-21 10:44:13,0.1
阳院节制闸,2026-04-21 10:38:13,0.1
阳院节制闸,2026-04-21 10:33:13,0.1
阳院节制闸,2026-04-21 10:28:13,0.1
阳院节制闸,2026-04-21 10:23:13,0.1
阳院节制闸,2026-04-21 10:18:13,0.1
阳院节制闸,2026-04-21 10:12:13,0.1
阳院节制闸,2026-04-21 10:07:13,0.1
阳院节制闸,2026-04-21 10:01:13,0.1
阳院节制闸,2026-04-21 09:56:13,0.1
阳院节制闸,2026-04-21 09:50:13,0.1
阳院节制闸,2026-04-21 09:44:13,0.1
阳院节制闸,2026-04-21 09:38:13,0.1
阳院节制闸,2026-04-21 09:32:13,0.1
阳院节制闸,2026-04-21 09:27:13,0.11
阳院节制闸,2026-04-21 09:21:13,0.1
阳院节制闸,2026-04-21 09:16:13,0.11
阳院节制闸,2026-04-21 09:10:13,0.1
阳院节制闸,2026-04-21 09:05:13,0.12
阳院节制闸,2026-04-21 09:00:13,0.11
阳院节制闸,2026-04-21 08:54:13,0.22
阳院节制闸,2026-04-21 08:48:13,0.23
阳院节制闸,2026-04-21 08:43:13,0.24
阳院节制闸,2026-04-21 08:37:13,0.26
阳院节制闸,2026-04-21 08:32:13,0.28
阳院节制闸,2026-04-21 08:26:13,0.3
阳院节制闸,2026-04-21 08:20:13,0.31
阳院节制闸,2026-04-21 08:15:13,0.32
阳院节制闸,2026-04-21 08:09:13,0.32
阳院节制闸,2026-04-21 08:03:13,0.33
阳院节制闸,2026-04-21 07:58:13,0.36
阳院节制闸,2026-04-21 07:53:13,0.38
阳院节制闸,2026-04-21 07:47:13,0.37
阳院节制闸,2026-04-21 07:41:13,0.38
阳院节制闸,2026-04-21 07:36:13,0.37
阳院节制闸,2026-04-21 07:30:13,0.37
阳院节制闸,2026-04-21 07:24:13,0.37
阳院节制闸,2026-04-21 07:18:13,0.37
阳院节制闸,2026-04-21 07:12:13,0.36
阳院节制闸,2026-04-21 07:07:13,0.38
阳院节制闸,2026-04-21 07:01:13,0.37
阳院节制闸,2026-04-21 06:56:13,0.37
阳院节制闸,2026-04-21 06:50:13,0.36
阳院节制闸,2026-04-21 06:45:13,0.36
阳院节制闸,2026-04-21 06:40:13,0.37
阳院节制闸,2026-04-21 06:34:13,0.37
阳院节制闸,2026-04-21 06:28:13,0.37
阳院节制闸,2026-04-21 06:22:13,0.36
阳院节制闸,2026-04-21 06:17:13,0.35
阳院节制闸,2026-04-21 06:11:13,0.35
阳院节制闸,2026-04-21 06:05:13,0.34
阳院节制闸,2026-04-21 06:00:13,0.34
阳院节制闸,2026-04-21 05:54:13,0.34
阳院节制闸,2026-04-21 05:49:13,0.35
阳院节制闸,2026-04-21 05:43:13,0.35
阳院节制闸,2026-04-21 05:38:13,0.36
阳院节制闸,2026-04-21 05:32:13,0.35
阳院节制闸,2026-04-21 05:26:13,0.36
阳院节制闸,2026-04-21 05:20:13,0.36
阳院节制闸,2026-04-21 05:15:13,0.37
阳院节制闸,2026-04-21 05:09:13,0.35
阳院节制闸,2026-04-21 05:04:13,0.37
阳院节制闸,2026-04-21 04:58:13,0.36
阳院节制闸,2026-04-21 04:52:13,0.36
阳院节制闸,2026-04-21 04:47:13,0.34
阳院节制闸,2026-04-21 04:41:13,0.35
阳院节制闸,2026-04-21 04:35:13,0.35
阳院节制闸,2026-04-21 04:30:13,0.36
阳院节制闸,2026-04-21 04:24:13,0.36
阳院节制闸,2026-04-21 04:18:13,0.33
阳院节制闸,2026-04-21 04:12:13,0.33
阳院节制闸,2026-04-21 04:07:13,0.31
阳院节制闸,2026-04-21 04:01:13,0.31
阳院节制闸,2026-04-21 03:55:13,0.31
阳院节制闸,2026-04-21 03:50:13,0.31
阳院节制闸,2026-04-21 03:45:13,0.31
阳院节制闸,2026-04-21 03:39:13,0.3
阳院节制闸,2026-04-21 03:33:13,0.31
阳院节制闸,2026-04-21 03:28:13,0.3
阳院节制闸,2026-04-21 03:23:13,0.29
阳院节制闸,2026-04-21 03:17:13,0.28
阳院节制闸,2026-04-21 03:12:13,0.29
阳院节制闸,2026-04-21 03:06:13,0.3
阳院节制闸,2026-04-21 03:01:13,0.29
阳院节制闸,2026-04-21 02:55:13,0.3
阳院节制闸,2026-04-21 02:49:13,0.29
阳院节制闸,2026-04-21 02:43:13,0.29
阳院节制闸,2026-04-21 02:37:13,0.3
阳院节制闸,2026-04-21 02:32:13,0.3
阳院节制闸,2026-04-21 02:27:13,0.31
阳院节制闸,2026-04-21 02:21:13,0.31
阳院节制闸,2026-04-21 02:15:13,0.34
阳院节制闸,2026-04-21 02:09:13,0.39
阳院节制闸,2026-04-21 02:03:13,0.38
阳院节制闸,2026-04-21 01:58:13,0.38
阳院节制闸,2026-04-21 01:52:13,0.38
阳院节制闸,2026-04-21 01:47:13,0.33
阳院节制闸,2026-04-21 01:41:13,0.27
阳院节制闸,2026-04-21 01:35:13,0.27
阳院节制闸,2026-04-21 01:29:13,0.29
阳院节制闸,2026-04-21 01:23:13,0.22
阳院节制闸,2026-04-21 01:18:13,0.1
阳院节制闸,2026-04-21 01:13:13,0.1
阳院节制闸,2026-04-21 01:07:13,0.1
阳院节制闸,2026-04-21 01:01:13,0.1
阳院节制闸,2026-04-21 00:56:13,0.1
阳院节制闸,2026-04-21 00:51:13,0.1
阳院节制闸,2026-04-21 00:45:13,0.1
阳院节制闸,2026-04-21 00:40:13,0.1
阳院节制闸,2026-04-21 00:35:13,0.1
阳院节制闸,2026-04-21 00:29:13,0.1
阳院节制闸,2026-04-21 00:23:13,0.1
阳院节制闸,2026-04-21 00:18:13,0.1
阳院节制闸,2026-04-21 00:13:13,0.1
阳院节制闸,2026-04-21 00:07:13,0.1
阳院节制闸,2026-04-21 00:01:13,0.1
阳院节制闸,2026-04-20 23:55:13,0.1
阳院节制闸,2026-04-20 23:50:13,0.1
阳院节制闸,2026-04-20 23:45:13,0.1
阳院节制闸,2026-04-20 23:39:13,0.13
阳院节制闸,2026-04-20 23:33:13,0.11
阳院节制闸,2026-04-20 23:27:13,0.11
阳院节制闸,2026-04-20 23:22:13,0.1
阳院节制闸,2026-04-20 23:17:13,0.14
阳院节制闸,2026-04-20 23:12:13,0.31
阳院节制闸,2026-04-20 23:04:13,0.28
阳院节制闸,2026-04-20 23:01:13,0.29
阳院节制闸,2026-04-20 22:56:13,0.29
阳院节制闸,2026-04-20 22:50:13,0.31
阳院节制闸,2026-04-20 22:44:13,0.3
阳院节制闸,2026-04-20 22:38:13,0.31
阳院节制闸,2026-04-20 22:33:13,0.3
阳院节制闸,2026-04-20 22:27:13,0.3
阳院节制闸,2026-04-20 22:22:13,0.3
阳院节制闸,2026-04-20 22:16:13,0.3
阳院节制闸,2026-04-20 22:10:13,0.32
阳院节制闸,2026-04-20 22:04:13,0.33
阳院节制闸,2026-04-20 21:58:13,0.33
阳院节制闸,2026-04-20 21:53:13,0.33
阳院节制闸,2026-04-20 21:48:13,0.32
阳院节制闸,2026-04-20 21:43:13,0.33
阳院节制闸,2026-04-20 21:37:13,0.35
阳院节制闸,2026-04-20 21:31:13,0.33
阳院节制闸,2026-04-20 21:26:13,0.33
阳院节制闸,2026-04-20 21:20:13,0.33
阳院节制闸,2026-04-20 21:15:13,0.35
阳院节制闸,2026-04-20 21:09:13,0.34
阳院节制闸,2026-04-20 21:03:13,0.35
阳院节制闸,2026-04-20 20:58:13,0.37
阳院节制闸,2026-04-20 20:52:13,0.35
阳院节制闸,2026-04-20 20:46:13,0.36
阳院节制闸,2026-04-20 20:41:13,0.35
阳院节制闸,2026-04-20 20:35:13,0.35
阳院节制闸,2026-04-20 20:30:13,0.35
阳院节制闸,2026-04-20 20:24:13,0.36
阳院节制闸,2026-04-20 20:18:13,0.35
阳院节制闸,2026-04-20 20:13:13,0.36
阳院节制闸,2026-04-20 20:07:13,0.36
阳院节制闸,2026-04-20 20:01:13,0.36
阳院节制闸,2026-04-20 19:56:13,0.37
阳院节制闸,2026-04-20 19:50:13,0.37
阳院节制闸,2026-04-20 19:44:13,0.35
阳院节制闸,2026-04-20 19:39:13,0.36
阳院节制闸,2026-04-20 19:33:13,0.36
阳院节制闸,2026-04-20 19:27:13,0.36
阳院节制闸,2026-04-20 19:21:13,0.37
阳院节制闸,2026-04-20 19:16:13,0.35
阳院节制闸,2026-04-20 19:10:13,0.36
阳院节制闸,2026-04-20 19:05:13,0.36
阳院节制闸,2026-04-20 19:00:13,0.36
阳院节制闸,2026-04-20 18:54:13,0.36
阳院节制闸,2026-04-20 18:49:13,0.36
阳院节制闸,2026-04-20 18:43:13,0.35
阳院节制闸,2026-04-20 18:37:13,0.35
阳院节制闸,2026-04-20 18:31:13,0.36
阳院节制闸,2026-04-20 18:26:13,0.35
阳院节制闸,2026-04-20 18:20:13,0.36
阳院节制闸,2026-04-20 18:14:13,0.36
阳院节制闸,2026-04-20 18:09:13,0.37
阳院节制闸,2026-04-20 18:03:13,0.35
阳院节制闸,2026-04-20 17:57:13,0.35
阳院节制闸,2026-04-20 17:51:13,0.37
阳院节制闸,2026-04-20 17:46:13,0.37
阳院节制闸,2026-04-20 17:41:13,0.36
阳院节制闸,2026-04-20 17:35:13,0.37
阳院节制闸,2026-04-20 17:29:13,0.39
阳院节制闸,2026-04-20 17:24:13,0.39
阳院节制闸,2026-04-20 17:18:13,0.38
阳院节制闸,2026-04-20 17:13:13,0.37
阳院节制闸,2026-04-20 17:07:13,0.38
阳院节制闸,2026-04-20 17:02:13,0.38
阳院节制闸,2026-04-20 16:56:13,0.39
阳院节制闸,2026-04-20 16:50:13,0.39
阳院节制闸,2026-04-20 16:45:13,0.39
阳院节制闸,2026-04-20 16:39:13,0.4
阳院节制闸,2026-04-20 16:34:13,0.38
阳院节制闸,2026-04-20 16:28:13,0.38
阳院节制闸,2026-04-20 16:22:13,0.39
阳院节制闸,2026-04-20 16:17:13,0.39
阳院节制闸,2026-04-20 16:12:13,0.4
阳院节制闸,2026-04-20 16:06:13,0.39
阳院节制闸,2026-04-20 16:00:13,0.39
阳院节制闸,2026-04-20 15:55:13,0.4
阳院节制闸,2026-04-20 15:49:13,0.38
阳院节制闸,2026-04-20 15:43:13,0.39
阳院节制闸,2026-04-20 15:37:13,0.39
阳院节制闸,2026-04-20 15:31:13,0.39
阳院节制闸,2026-04-20 15:26:13,0.4
阳院节制闸,2026-04-20 15:21:13,0.39
阳院节制闸,2026-04-20 15:15:13,0.39
阳院节制闸,2026-04-20 15:09:13,0.4
阳院节制闸,2026-04-20 15:03:13,0.39
阳院节制闸,2026-04-20 14:58:13,0.39
阳院节制闸,2026-04-20 14:53:13,0.4
阳院节制闸,2026-04-20 14:48:13,0.4
阳院节制闸,2026-04-20 14:42:13,0.39
阳院节制闸,2026-04-20 14:37:13,0.4
阳院节制闸,2026-04-20 14:31:13,0.39
阳院节制闸,2026-04-20 14:25:13,0.39
阳院节制闸,2026-04-20 14:19:13,0.4
阳院节制闸,2026-04-20 14:13:13,0.4
阳院节制闸,2026-04-20 14:07:13,0.41
阳院节制闸,2026-04-20 14:02:13,0.39
阳院节制闸,2026-04-20 13:56:13,0.38
阳院节制闸,2026-04-20 13:51:13,0.39
阳院节制闸,2026-04-20 13:45:13,0.38
阳院节制闸,2026-04-20 13:39:13,0.38
阳院节制闸,2026-04-20 13:33:13,0.38
阳院节制闸,2026-04-20 13:27:13,0.37
阳院节制闸,2026-04-20 13:21:13,0.37
阳院节制闸,2026-04-20 13:15:13,0.37
阳院节制闸,2026-04-20 13:09:13,0.38
阳院节制闸,2026-04-20 13:03:13,0.39
阳院节制闸,2026-04-20 12:57:13,0.35
阳院节制闸,2026-04-20 12:52:13,0.38
阳院节制闸,2026-04-20 12:46:13,0.38
阳院节制闸,2026-04-20 12:40:13,0.37
阳院节制闸,2026-04-20 12:35:13,0.37
阳院节制闸,2026-04-20 12:30:13,0.35
阳院节制闸,2026-04-20 12:24:13,0.37
阳院节制闸,2026-04-20 12:18:13,0.36
阳院节制闸,2026-04-20 12:12:13,0.37
阳院节制闸,2026-04-20 12:07:13,0.36
阳院节制闸,2026-04-20 12:01:13,0.38
阳院节制闸,2026-04-20 11:56:13,0.37
阳院节制闸,2026-04-20 11:50:13,0.37
阳院节制闸,2026-04-20 11:45:13,0.37
阳院节制闸,2026-04-20 11:39:13,0.36
阳院节制闸,2026-04-20 11:33:13,0.38
阳院节制闸,2026-04-20 11:27:13,0.38
阳院节制闸,2026-04-20 11:21:13,0.38
阳院节制闸,2026-04-20 11:16:13,0.41
阳院节制闸,2026-04-20 11:10:13,0.4
阳院节制闸,2026-04-20 11:04:13,0.4
阳院节制闸,2026-04-20 10:59:13,0.4
阳院节制闸,2026-04-20 10:53:13,0.4
阳院节制闸,2026-04-20 10:48:13,0.41
阳院节制闸,2026-04-20 10:42:13,0.4
阳院节制闸,2026-04-20 10:36:13,0.39
阳院节制闸,2026-04-20 10:31:13,0.4
阳院节制闸,2026-04-20 10:25:13,0.39
阳院节制闸,2026-04-20 10:19:13,0.39
阳院节制闸,2026-04-20 10:13:13,0.4
阳院节制闸,2026-04-20 10:08:13,0.39
阳院节制闸,2026-04-20 10:03:13,0.4
阳院节制闸,2026-04-20 09:57:13,0.39
阳院节制闸,2026-04-20 09:52:13,0.39
阳院节制闸,2026-04-20 09:46:13,0.39
阳院节制闸,2026-04-20 09:41:13,0.41
阳院节制闸,2026-04-20 09:35:13,0.38
阳院节制闸,2026-04-20 09:29:13,0.38
阳院节制闸,2026-04-20 09:23:13,0.4
阳院节制闸,2026-04-20 09:18:13,0.38
阳院节制闸,2026-04-20 09:12:13,0.4
阳院节制闸,2026-04-20 09:07:13,0.39
阳院节制闸,2026-04-20 09:01:13,0.38
阳院节制闸,2026-04-20 08:55:13,0.39
阳院节制闸,2026-04-20 08:50:13,0.39
阳院节制闸,2026-04-20 08:44:13,0.39
阳院节制闸,2026-04-20 08:39:13,0.38
阳院节制闸,2026-04-20 08:33:13,0.37
阳院节制闸,2026-04-20 08:27:13,0.38
阳院节制闸,2026-04-20 08:22:13,0.36
阳院节制闸,2026-04-20 08:16:13,0.36
阳院节制闸,2026-04-20 08:11:13,0.37
阳院节制闸,2026-04-20 08:05:13,0.38
阳院节制闸,2026-04-20 08:00:13,0.37
阳院节制闸,2026-04-20 07:55:13,0.36
阳院节制闸,2026-04-20 07:49:13,0.37
阳院节制闸,2026-04-20 07:44:13,0.38
阳院节制闸,2026-04-20 07:38:13,0.37
阳院节制闸,2026-04-20 07:32:13,0.38
阳院节制闸,2026-04-20 07:26:13,0.38
阳院节制闸,2026-04-20 07:20:13,0.36
阳院节制闸,2026-04-20 07:15:13,0.37
阳院节制闸,2026-04-20 07:09:13,0.38
阳院节制闸,2026-04-20 07:03:13,0.37
阳院节制闸,2026-04-20 06:58:13,0.37
阳院节制闸,2026-04-20 06:52:13,0.36
阳院节制闸,2026-04-20 06:46:13,0.37
阳院节制闸,2026-04-20 06:41:13,0.37
阳院节制闸,2026-04-20 06:36:13,0.37
阳院节制闸,2026-04-20 06:30:13,0.37
阳院节制闸,2026-04-20 06:24:13,0.36
阳院节制闸,2026-04-20 06:18:13,0.37
阳院节制闸,2026-04-20 06:13:13,0.38
阳院节制闸,2026-04-20 06:07:13,0.38
阳院节制闸,2026-04-20 06:02:13,0.37
阳院节制闸,2026-04-20 05:56:13,0.37
阳院节制闸,2026-04-20 05:51:13,0.38
阳院节制闸,2026-04-20 05:45:13,0.37
阳院节制闸,2026-04-20 05:40:13,0.38
阳院节制闸,2026-04-20 05:34:13,0.39
阳院节制闸,2026-04-20 05:29:13,0.39
阳院节制闸,2026-04-20 05:23:13,0.38
阳院节制闸,2026-04-20 05:18:13,0.38
阳院节制闸,2026-04-20 05:13:13,0.37
阳院节制闸,2026-04-20 05:08:13,0.38
阳院节制闸,2026-04-20 05:02:13,0.38
阳院节制闸,2026-04-20 04:56:13,0.39
阳院节制闸,2026-04-20 04:50:13,0.38
阳院节制闸,2026-04-20 04:45:13,0.37
阳院节制闸,2026-04-20 04:39:13,0.37
阳院节制闸,2026-04-20 04:34:13,0.37
阳院节制闸,2026-04-20 04:28:13,0.38
阳院节制闸,2026-04-20 04:23:13,0.37
阳院节制闸,2026-04-20 04:18:13,0.37
阳院节制闸,2026-04-20 04:12:13,0.36
阳院节制闸,2026-04-20 04:07:13,0.37
阳院节制闸,2026-04-20 04:01:13,0.39
阳院节制闸,2026-04-20 03:55:13,0.36
阳院节制闸,2026-04-20 03:49:13,0.38
阳院节制闸,2026-04-20 03:43:13,0.36
阳院节制闸,2026-04-20 03:38:13,0.38
阳院节制闸,2026-04-20 03:33:13,0.37
阳院节制闸,2026-04-20 03:27:13,0.38
阳院节制闸,2026-04-20 03:22:13,0.38
阳院节制闸,2026-04-20 03:16:13,0.37
阳院节制闸,2026-04-20 03:10:13,0.38
阳院节制闸,2026-04-20 03:04:13,0.38
阳院节制闸,2026-04-20 02:59:13,0.39
阳院节制闸,2026-04-20 02:54:13,0.38
阳院节制闸,2026-04-20 02:48:13,0.37
阳院节制闸,2026-04-20 02:42:13,0.39
阳院节制闸,2026-04-20 02:36:13,0.37
阳院节制闸,2026-04-20 02:31:13,0.37
阳院节制闸,2026-04-20 02:25:13,0.38
阳院节制闸,2026-04-20 02:19:13,0.39
阳院节制闸,2026-04-20 02:14:13,0.37
阳院节制闸,2026-04-20 02:08:13,0.38
阳院节制闸,2026-04-20 02:03:13,0.37
阳院节制闸,2026-04-20 01:58:13,0.38
阳院节制闸,2026-04-20 01:52:13,0.37
阳院节制闸,2026-04-20 01:46:13,0.37
阳院节制闸,2026-04-20 01:41:13,0.38
阳院节制闸,2026-04-20 01:35:13,0.38
阳院节制闸,2026-04-20 01:30:13,0.37
阳院节制闸,2026-04-20 01:25:13,0.39
阳院节制闸,2026-04-20 01:19:13,0.39
阳院节制闸,2026-04-20 01:14:13,0.38
阳院节制闸,2026-04-20 01:09:13,0.38
阳院节制闸,2026-04-20 01:03:15,0.38
阳院节制闸,2026-04-20 00:58:13,0.38
阳院节制闸,2026-04-20 00:52:13,0.38
阳院节制闸,2026-04-20 00:47:13,0.39
阳院节制闸,2026-04-20 00:42:13,0.38
阳院节制闸,2026-04-20 00:36:13,0.38
阳院节制闸,2026-04-20 00:31:13,0.39
阳院节制闸,2026-04-20 00:26:13,0.38
阳院节制闸,2026-04-20 00:21:13,0.39
阳院节制闸,2026-04-20 00:15:13,0.38
阳院节制闸,2026-04-20 00:10:13,0.38
阳院节制闸,2026-04-20 00:04:13,0.38
阳院节制闸,2026-04-19 23:58:13,0.39
阳院节制闸,2026-04-19 23:53:13,0.37
阳院节制闸,2026-04-19 23:48:13,0.38
阳院节制闸,2026-04-19 23:42:13,0.39
阳院节制闸,2026-04-19 23:37:13,0.39
阳院节制闸,2026-04-19 23:31:13,0.39
阳院节制闸,2026-04-19 23:26:13,0.39
阳院节制闸,2026-04-19 23:20:13,0.38
阳院节制闸,2026-04-19 23:15:13,0.4
阳院节制闸,2026-04-19 23:10:13,0.4
阳院节制闸,2026-04-19 23:02:13,0.41
阳院节制闸,2026-04-19 22:57:13,0.42
阳院节制闸,2026-04-19 22:51:13,0.42
阳院节制闸,2026-04-19 22:46:13,0.41
阳院节制闸,2026-04-19 22:40:13,0.42
阳院节制闸,2026-04-19 22:34:13,0.42
阳院节制闸,2026-04-19 22:28:13,0.42
阳院节制闸,2026-04-19 22:22:13,0.42
阳院节制闸,2026-04-19 22:17:13,0.41
阳院节制闸,2026-04-19 22:11:13,0.41
阳院节制闸,2026-04-19 22:05:13,0.42
阳院节制闸,2026-04-19 22:00:13,0.43
阳院节制闸,2026-04-19 21:54:13,0.42
阳院节制闸,2026-04-19 21:49:13,0.42
阳院节制闸,2026-04-19 21:43:13,0.43
阳院节制闸,2026-04-19 21:38:13,0.43
阳院节制闸,2026-04-19 21:32:13,0.43
阳院节制闸,2026-04-19 21:26:13,0.41
阳院节制闸,2026-04-19 21:20:13,0.41
阳院节制闸,2026-04-19 21:14:13,0.42
阳院节制闸,2026-04-19 21:08:13,0.43
阳院节制闸,2026-04-19 21:02:13,0.42
阳院节制闸,2026-04-19 20:56:13,0.41
阳院节制闸,2026-04-19 20:51:13,0.41
阳院节制闸,2026-04-19 20:45:13,0.41
阳院节制闸,2026-04-19 20:40:13,0.41
阳院节制闸,2026-04-19 20:35:13,0.43
阳院节制闸,2026-04-19 20:30:13,0.42
阳院节制闸,2026-04-19 20:25:13,0.4
阳院节制闸,2026-04-19 20:20:13,0.41
阳院节制闸,2026-04-19 20:14:13,0.42
阳院节制闸,2026-04-19 20:08:13,0.41
阳院节制闸,2026-04-19 20:02:13,0.4
阳院节制闸,2026-04-19 19:57:13,0.39
阳院节制闸,2026-04-19 19:51:13,0.38
阳院节制闸,2026-04-19 19:46:13,0.38
阳院节制闸,2026-04-19 19:41:13,0.39
阳院节制闸,2026-04-19 19:35:13,0.4
阳院节制闸,2026-04-19 19:30:13,0.4
阳院节制闸,2026-04-19 19:25:13,0.39
阳院节制闸,2026-04-19 19:19:13,0.4
阳院节制闸,2026-04-19 19:13:13,0.39
阳院节制闸,2026-04-19 19:07:13,0.4
阳院节制闸,2026-04-19 19:01:13,0.4
阳院节制闸,2026-04-19 18:55:13,0.4
阳院节制闸,2026-04-19 18:50:13,0.4
阳院节制闸,2026-04-19 18:45:13,0.39
阳院节制闸,2026-04-19 18:40:13,0.41
阳院节制闸,2026-04-19 18:34:13,0.4
阳院节制闸,2026-04-19 18:29:13,0.39
阳院节制闸,2026-04-19 18:23:13,0.4
阳院节制闸,2026-04-19 18:17:14,0.39
阳院节制闸,2026-04-19 18:12:13,0.39
阳院节制闸,2026-04-19 18:06:13,0.4
阳院节制闸,2026-04-19 18:00:13,0.4
阳院节制闸,2026-04-19 17:54:13,0.39
阳院节制闸,2026-04-19 17:49:13,0.4
阳院节制闸,2026-04-19 17:43:13,0.39
阳院节制闸,2026-04-19 17:38:13,0.41
阳院节制闸,2026-04-19 17:32:13,0.4
阳院节制闸,2026-04-19 17:26:13,0.4
阳院节制闸,2026-04-19 17:20:13,0.4
阳院节制闸,2026-04-19 17:15:13,0.4
阳院节制闸,2026-04-19 17:09:13,0.39
阳院节制闸,2026-04-19 17:04:13,0.39
阳院节制闸,2026-04-19 16:58:13,0.4
阳院节制闸,2026-04-19 16:53:13,0.4
阳院节制闸,2026-04-19 16:47:13,0.4
阳院节制闸,2026-04-19 16:41:13,0.39
阳院节制闸,2026-04-19 16:35:13,0.39
阳院节制闸,2026-04-19 16:29:13,0.4
阳院节制闸,2026-04-19 16:24:13,0.4
阳院节制闸,2026-04-19 16:19:13,0.38
阳院节制闸,2026-04-19 16:13:13,0.39
阳院节制闸,2026-04-19 16:08:13,0.39
阳院节制闸,2026-04-19 16:03:13,0.39
阳院节制闸,2026-04-19 15:58:13,0.4
阳院节制闸,2026-04-19 15:52:13,0.38
阳院节制闸,2026-04-19 15:46:13,0.39
阳院节制闸,2026-04-19 15:41:13,0.39
阳院节制闸,2026-04-19 15:35:13,0.39
阳院节制闸,2026-04-19 15:29:13,0.38
阳院节制闸,2026-04-19 15:24:13,0.38
阳院节制闸,2026-04-19 15:19:13,0.38
阳院节制闸,2026-04-19 15:13:13,0.39
阳院节制闸,2026-04-19 15:08:13,0.4
阳院节制闸,2026-04-19 15:03:13,0.39
阳院节制闸,2026-04-19 14:57:13,0.39
阳院节制闸,2026-04-19 14:52:13,0.4
阳院节制闸,2026-04-19 14:47:13,0.4
阳院节制闸,2026-04-19 14:41:13,0.42
阳院节制闸,2026-04-19 14:35:13,0.43
阳院节制闸,2026-04-19 14:29:13,0.43
阳院节制闸,2026-04-19 14:23:13,0.43
阳院节制闸,2026-04-19 14:18:13,0.43
阳院节制闸,2026-04-19 14:12:13,0.46
阳院节制闸,2026-04-19 14:07:13,0.46
阳院节制闸,2026-04-19 14:01:13,0.47
阳院节制闸,2026-04-19 13:56:13,0.47
阳院节制闸,2026-04-19 13:50:13,0.47
阳院节制闸,2026-04-19 13:44:13,0.47
阳院节制闸,2026-04-19 13:38:13,0.49
阳院节制闸,2026-04-19 13:32:13,0.48
阳院节制闸,2026-04-19 13:27:13,0.5
阳院节制闸,2026-04-19 13:22:13,0.49
阳院节制闸,2026-04-19 13:16:13,0.51
阳院节制闸,2026-04-19 13:11:13,0.47
阳院节制闸,2026-04-19 13:05:12,0.51
阳院节制闸,2026-04-19 12:59:13,0.5
阳院节制闸,2026-04-19 12:53:13,0.5
阳院节制闸,2026-04-19 12:47:13,0.49
阳院节制闸,2026-04-19 12:41:13,0.46
阳院节制闸,2026-04-19 12:36:12,0.48
阳院节制闸,2026-04-19 12:30:13,0.47
阳院节制闸,2026-04-19 12:24:13,0.49
阳院节制闸,2026-04-19 12:19:12,0.28
阳院节制闸,2026-04-19 12:13:13,0.1
阳院节制闸,2026-04-19 12:07:13,0.1
阳院节制闸,2026-04-19 12:02:12,0.1
阳院节制闸,2026-04-19 11:56:13,0.19
阳院节制闸,2026-04-19 11:51:12,0.38
阳院节制闸,2026-04-19 11:45:13,2.08
阳院节制闸,2026-04-19 11:40:13,0.1
阳院节制闸,2026-04-19 11:35:12,0.1
阳院节制闸,2026-04-19 11:29:12,0.1
阳院节制闸,2026-04-19 11:23:12,0.1
阳院节制闸,2026-04-19 11:17:12,0.1
阳院节制闸,2026-04-19 11:11:13,0.1
阳院节制闸,2026-04-19 11:06:12,0.1
阳院节制闸,2026-04-19 11:00:13,0.1
阳院节制闸,2026-04-19 10:54:12,0.1
阳院节制闸,2026-04-19 10:49:12,0.1
阳院节制闸,2026-04-19 10:43:13,0.1
阳院节制闸,2026-04-19 10:37:12,0.1
阳院节制闸,2026-04-19 10:31:12,0.1
阳院节制闸,2026-04-19 10:26:12,0.1
阳院节制闸,2026-04-19 10:20:12,0.1
阳院节制闸,2026-04-19 10:15:12,0.1
阳院节制闸,2026-04-19 10:09:12,0.14
阳院节制闸,2026-04-19 10:04:12,0.1
阳院节制闸,2026-04-19 09:58:12,0.1
阳院节制闸,2026-04-19 09:53:12,0.1
阳院节制闸,2026-04-19 09:47:12,0.15
阳院节制闸,2026-04-19 09:42:12,0.12
阳院节制闸,2026-04-19 09:36:12,0.1
阳院节制闸,2026-04-19 09:31:12,0.1
阳院节制闸,2026-04-19 09:26:12,0.1
阳院节制闸,2026-04-19 09:21:12,0.1
阳院节制闸,2026-04-19 09:15:12,0.14
阳院节制闸,2026-04-19 09:10:12,0.1
阳院节制闸,2026-04-19 09:05:12,0.1
阳院节制闸,2026-04-19 08:59:12,0.1
阳院节制闸,2026-04-19 08:53:12,0.1
阳院节制闸,2026-04-19 08:47:12,0.1
阳院节制闸,2026-04-19 08:42:12,0.1
阳院节制闸,2026-04-19 08:36:12,0.1
阳院节制闸,2026-04-19 08:30:12,0.1
阳院节制闸,2026-04-19 08:25:12,0.1
阳院节制闸,2026-04-19 08:19:12,0.1
阳院节制闸,2026-04-19 08:14:12,0.1
阳院节制闸,2026-04-19 08:09:12,0.1
阳院节制闸,2026-04-19 08:04:12,0.1
阳院节制闸,2026-04-19 07:58:12,0.1
阳院节制闸,2026-04-19 07:53:12,0.1
阳院节制闸,2026-04-19 07:47:12,0.1
阳院节制闸,2026-04-19 07:42:12,0.1
阳院节制闸,2026-04-19 07:36:12,0.1
阳院节制闸,2026-04-19 07:31:12,0.1
阳院节制闸,2026-04-19 07:25:12,0.1
阳院节制闸,2026-04-19 07:20:12,0.1
阳院节制闸,2026-04-19 07:14:12,0.1
阳院节制闸,2026-04-19 07:09:12,0.1
阳院节制闸,2026-04-19 07:03:12,0.1
阳院节制闸,2026-04-19 06:57:12,0.1
阳院节制闸,2026-04-19 06:51:12,0.1
阳院节制闸,2026-04-19 06:46:12,0.1
阳院节制闸,2026-04-19 06:41:12,0.1
阳院节制闸,2026-04-19 06:35:12,0.1
阳院节制闸,2026-04-19 06:29:12,0.1
阳院节制闸,2026-04-19 06:24:12,0.1
阳院节制闸,2026-04-19 06:18:12,0.1
阳院节制闸,2026-04-19 06:12:12,0.1
阳院节制闸,2026-04-19 06:06:12,0.1
阳院节制闸,2026-04-19 06:01:12,0.1
阳院节制闸,2026-04-19 05:55:12,0.1
阳院节制闸,2026-04-19 05:49:12,0.1
阳院节制闸,2026-04-19 05:44:12,0.1
阳院节制闸,2026-04-19 05:38:12,0.1
阳院节制闸,2026-04-19 05:33:12,0.1
阳院节制闸,2026-04-19 05:27:12,0.1
阳院节制闸,2026-04-19 05:21:12,0.1
阳院节制闸,2026-04-19 05:15:12,0.1
阳院节制闸,2026-04-19 05:09:12,0.1
阳院节制闸,2026-04-19 05:04:12,0.1
阳院节制闸,2026-04-19 04:58:12,0.1
阳院节制闸,2026-04-19 04:52:12,0.1
阳院节制闸,2026-04-19 04:46:12,0.1
阳院节制闸,2026-04-19 04:40:12,0.1
阳院节制闸,2026-04-19 04:35:12,0.1
阳院节制闸,2026-04-19 04:29:12,0.1
阳院节制闸,2026-04-19 04:23:12,0.1
阳院节制闸,2026-04-19 04:17:12,0.1
阳院节制闸,2026-04-19 04:12:12,0.1
阳院节制闸,2026-04-19 04:07:12,0.1
阳院节制闸,2026-04-19 04:01:12,0.1
阳院节制闸,2026-04-19 03:55:12,0.1
阳院节制闸,2026-04-19 03:50:12,0.1
阳院节制闸,2026-04-19 03:44:12,0.1
阳院节制闸,2026-04-19 03:39:12,0.1
阳院节制闸,2026-04-19 03:34:12,0.1
阳院节制闸,2026-04-19 03:29:12,0.1
阳院节制闸,2026-04-19 03:23:12,0.1
阳院节制闸,2026-04-19 03:17:12,0.1
阳院节制闸,2026-04-19 03:12:12,0.1
阳院节制闸,2026-04-19 03:06:12,0.1
阳院节制闸,2026-04-19 03:01:12,0.1
阳院节制闸,2026-04-19 02:55:12,0.1
阳院节制闸,2026-04-19 02:49:12,0.1
阳院节制闸,2026-04-19 02:44:12,0.1
阳院节制闸,2026-04-19 02:38:12,0.1
阳院节制闸,2026-04-19 02:33:12,0.1
阳院节制闸,2026-04-19 02:27:12,0.1
阳院节制闸,2026-04-19 02:21:12,0.1
阳院节制闸,2026-04-19 02:15:12,0.1
阳院节制闸,2026-04-19 02:10:12,0.1
阳院节制闸,2026-04-19 02:04:12,0.1
阳院节制闸,2026-04-19 01:58:12,0.1
阳院节制闸,2026-04-19 01:52:12,0.1
阳院节制闸,2026-04-19 01:47:12,0.11
阳院节制闸,2026-04-19 01:41:12,0.16
阳院节制闸,2026-04-19 01:35:12,0.2
阳院节制闸,2026-04-19 01:30:12,0.1
阳院节制闸,2026-04-19 01:25:12,0.1
阳院节制闸,2026-04-19 01:20:12,0.1
阳院节制闸,2026-04-19 01:14:12,0.1
阳院节制闸,2026-04-19 01:08:12,0.1
阳院节制闸,2026-04-19 01:02:12,0.1
阳院节制闸,2026-04-19 00:56:12,0.1
阳院节制闸,2026-04-19 00:51:12,0.1
阳院节制闸,2026-04-19 00:45:12,0.1
阳院节制闸,2026-04-19 00:40:12,0.1
阳院节制闸,2026-04-19 00:34:12,0.1
阳院节制闸,2026-04-19 00:28:12,0.1
阳院节制闸,2026-04-19 00:23:12,0.1
阳院节制闸,2026-04-19 00:17:12,0.1
阳院节制闸,2026-04-19 00:12:12,0.1
阳院节制闸,2026-04-19 00:06:12,0.1
阳院节制闸,2026-04-19 00:00:12,0.1
阳院节制闸,2026-04-18 23:55:12,0.1
阳院节制闸,2026-04-18 23:50:12,0.1
阳院节制闸,2026-04-18 23:44:12,0.1
阳院节制闸,2026-04-18 23:39:12,0.1
阳院节制闸,2026-04-18 23:33:12,0.1
阳院节制闸,2026-04-18 23:27:12,0.1
阳院节制闸,2026-04-18 23:21:12,0.1
阳院节制闸,2026-04-18 23:15:12,0.1
阳院节制闸,2026-04-18 23:10:12,0.1
阳院节制闸,2026-04-18 23:04:12,0.1
阳院节制闸,2026-04-18 22:58:12,0.1
阳院节制闸,2026-04-18 22:52:12,0.1
阳院节制闸,2026-04-18 22:46:12,0.1
阳院节制闸,2026-04-18 22:40:12,0.1
阳院节制闸,2026-04-18 22:34:12,0.1
阳院节制闸,2026-04-18 22:28:12,0.1
阳院节制闸,2026-04-18 22:23:12,0.1
阳院节制闸,2026-04-18 22:17:12,0.1
阳院节制闸,2026-04-18 22:12:12,0.1
阳院节制闸,2026-04-18 22:07:12,0.1
阳院节制闸,2026-04-18 22:01:12,0.1
阳院节制闸,2026-04-18 21:55:12,0.1
阳院节制闸,2026-04-18 21:50:12,0.1
阳院节制闸,2026-04-18 21:45:12,0.1
阳院节制闸,2026-04-18 21:39:12,0.1
阳院节制闸,2026-04-18 21:34:12,0.1
阳院节制闸,2026-04-18 21:28:12,0.1
阳院节制闸,2026-04-18 21:23:12,0.1
阳院节制闸,2026-04-18 21:18:12,0.1
阳院节制闸,2026-04-18 21:12:12,0.1
阳院节制闸,2026-04-18 21:07:12,0.1
阳院节制闸,2026-04-18 21:01:12,0.1
阳院节制闸,2026-04-18 20:55:12,0.1
阳院节制闸,2026-04-18 20:49:12,0.1
阳院节制闸,2026-04-18 20:43:12,0.1
阳院节制闸,2026-04-18 20:38:12,0.16
阳院节制闸,2026-04-18 20:32:12,0.18
阳院节制闸,2026-04-18 20:27:12,0.1
阳院节制闸,2026-04-18 20:22:12,0.1
阳院节制闸,2026-04-18 20:16:12,0.1
阳院节制闸,2026-04-18 20:11:12,0.1
阳院节制闸,2026-04-18 20:06:12,0.1
阳院节制闸,2026-04-18 20:00:12,0.1
阳院节制闸,2026-04-18 19:54:12,0.1
阳院节制闸,2026-04-18 19:49:12,0.1
阳院节制闸,2026-04-18 19:44:12,0.1
阳院节制闸,2026-04-18 19:38:12,0.1
阳院节制闸,2026-04-18 19:33:12,0.1
阳院节制闸,2026-04-18 19:27:12,0.1
阳院节制闸,2026-04-18 19:22:12,0.1
阳院节制闸,2026-04-18 19:17:12,0.1
阳院节制闸,2026-04-18 19:11:12,0.1
阳院节制闸,2026-04-18 19:06:12,0.1
阳院节制闸,2026-04-18 19:00:12,0.1
阳院节制闸,2026-04-18 18:54:12,0.1
阳院节制闸,2026-04-18 18:49:12,0.1
阳院节制闸,2026-04-18 18:43:12,0.1
阳院节制闸,2026-04-18 18:37:12,0.1
阳院节制闸,2026-04-18 18:31:13,0.1
阳院节制闸,2026-04-18 18:25:12,0.1
阳院节制闸,2026-04-18 18:20:12,0.1
阳院节制闸,2026-04-18 18:14:12,0.1
阳院节制闸,2026-04-18 18:08:12,0.1
阳院节制闸,2026-04-18 18:02:12,0.1
阳院节制闸,2026-04-18 17:56:12,0.1
阳院节制闸,2026-04-18 17:50:12,0.1
阳院节制闸,2026-04-18 17:45:12,0.1
阳院节制闸,2026-04-18 17:39:12,0.1
阳院节制闸,2026-04-18 17:34:12,0.1
阳院节制闸,2026-04-18 17:28:12,0.1
阳院节制闸,2026-04-18 17:23:12,0.1
阳院节制闸,2026-04-18 17:17:12,0.1
阳院节制闸,2026-04-18 17:12:12,0.1
阳院节制闸,2026-04-18 17:07:12,0.1
阳院节制闸,2026-04-18 17:01:12,0.1
阳院节制闸,2026-04-18 16:55:12,0.1
阳院节制闸,2026-04-18 16:49:12,0.1
阳院节制闸,2026-04-18 16:44:12,0.1
阳院节制闸,2026-04-18 16:39:12,0.1
阳院节制闸,2026-04-18 16:34:12,0.1
阳院节制闸,2026-04-18 16:28:12,0.1
阳院节制闸,2026-04-18 16:22:12,0.1
阳院节制闸,2026-04-18 16:17:12,0.1
阳院节制闸,2026-04-18 16:12:12,0.1
阳院节制闸,2026-04-18 16:07:12,0.1
阳院节制闸,2026-04-18 16:01:12,0.1
阳院节制闸,2026-04-18 15:55:12,0.1
阳院节制闸,2026-04-18 15:49:12,0.1
阳院节制闸,2026-04-18 15:43:12,0.1
阳院节制闸,2026-04-18 15:38:12,0.1
阳院节制闸,2026-04-18 15:32:12,0.1
阳院节制闸,2026-04-18 15:26:12,0.1
阳院节制闸,2026-04-18 15:21:12,0.1
阳院节制闸,2026-04-18 15:15:12,0.1
阳院节制闸,2026-04-18 15:09:12,0.1
阳院节制闸,2026-04-18 15:04:12,0.1
阳院节制闸,2026-04-18 14:58:12,0.11
阳院节制闸,2026-04-18 14:52:12,0.1
阳院节制闸,2026-04-18 14:46:12,0.1
阳院节制闸,2026-04-18 14:41:12,0.1
阳院节制闸,2026-04-18 14:36:12,0.1
阳院节制闸,2026-04-18 14:30:12,0.1
阳院节制闸,2026-04-18 14:24:12,0.1
阳院节制闸,2026-04-18 14:18:12,0.1
阳院节制闸,2026-04-18 14:13:12,0.1
阳院节制闸,2026-04-18 14:08:12,0.1
阳院节制闸,2026-04-18 14:02:12,0.1
阳院节制闸,2026-04-18 13:56:12,0.1
阳院节制闸,2026-04-18 13:51:12,0.1
阳院节制闸,2026-04-18 13:45:12,0.1
阳院节制闸,2026-04-18 13:39:12,0.1
阳院节制闸,2026-04-18 13:33:12,0.1
阳院节制闸,2026-04-18 13:28:12,0.1
阳院节制闸,2026-04-18 13:23:12,0.1
阳院节制闸,2026-04-18 13:18:12,0.1
阳院节制闸,2026-04-18 13:13:12,0.1
阳院节制闸,2026-04-18 13:07:12,0.1
阳院节制闸,2026-04-18 13:02:12,0.1
阳院节制闸,2026-04-18 12:57:12,0.3
阳院节制闸,2026-04-18 12:51:12,0.29
阳院节制闸,2026-04-18 12:46:12,0.29
阳院节制闸,2026-04-18 12:41:12,0.3
阳院节制闸,2026-04-18 12:36:12,0.31
阳院节制闸,2026-04-18 12:30:12,0.31
阳院节制闸,2026-04-18 12:25:12,0.32
阳院节制闸,2026-04-18 12:19:12,0.34
阳院节制闸,2026-04-18 12:14:12,0.24
阳院节制闸,2026-04-18 12:08:12,0.17
阳院节制闸,2026-04-18 12:03:12,0.1
阳院节制闸,2026-04-18 11:58:12,0.23
阳院节制闸,2026-04-18 11:52:12,0.34
阳院节制闸,2026-04-18 11:47:12,0.34
阳院节制闸,2026-04-18 11:41:12,0.35
阳院节制闸,2026-04-18 11:36:12,0.39
阳院节制闸,2026-04-18 11:30:12,0.45
阳院节制闸,2026-04-18 11:25:12,0.46
阳院节制闸,2026-04-18 11:19:12,0.48
阳院节制闸,2026-04-18 11:13:12,0.24
阳院节制闸,2026-04-18 11:07:12,0.1
阳院节制闸,2026-04-18 11:01:12,0.1
阳院节制闸,2026-04-18 10:55:12,0.1
阳院节制闸,2026-04-18 10:49:12,0.1
阳院节制闸,2026-04-18 10:43:12,0.1
阳院节制闸,2026-04-18 10:38:12,0.1
阳院节制闸,2026-04-18 10:33:12,0.1
阳院节制闸,2026-04-18 10:28:12,0.1
阳院节制闸,2026-04-18 10:22:12,0.1
阳院节制闸,2026-04-18 10:17:12,0.1
阳院节制闸,2026-04-18 10:12:12,0.1
阳院节制闸,2026-04-18 10:06:12,0.1
阳院节制闸,2026-04-18 10:01:12,0.1
阳院节制闸,2026-04-18 09:55:12,0.1
阳院节制闸,2026-04-18 09:49:12,0.1
阳院节制闸,2026-04-18 09:43:12,0.1
阳院节制闸,2026-04-18 09:37:12,0.1
阳院节制闸,2026-04-18 09:32:12,0.1
阳院节制闸,2026-04-18 09:27:12,0.1
阳院节制闸,2026-04-18 09:22:12,0.1
阳院节制闸,2026-04-18 09:16:12,0.1
阳院节制闸,2026-04-18 09:10:12,0.1
阳院节制闸,2026-04-18 09:04:12,0.1
阳院节制闸,2026-04-18 08:59:12,0.1
阳院节制闸,2026-04-18 08:54:12,0.1
阳院节制闸,2026-04-18 08:48:12,0.1
阳院节制闸,2026-04-18 08:43:12,0.1
阳院节制闸,2026-04-18 08:38:12,0.1
阳院节制闸,2026-04-18 08:33:12,0.1
阳院节制闸,2026-04-18 08:27:12,0.1
阳院节制闸,2026-04-18 08:21:12,0.1
阳院节制闸,2026-04-18 08:16:12,0.1
阳院节制闸,2026-04-18 08:10:12,0.1
阳院节制闸,2026-04-18 08:05:12,0.1
阳院节制闸,2026-04-18 08:00:12,0.1
阳院节制闸,2026-04-18 07:54:12,0.1
阳院节制闸,2026-04-18 07:48:12,0.1
阳院节制闸,2026-04-18 07:42:12,0.1
阳院节制闸,2026-04-18 07:36:12,0.1
阳院节制闸,2026-04-18 07:30:12,0.1
阳院节制闸,2026-04-18 07:24:12,0.1
阳院节制闸,2026-04-18 07:18:12,0.1
阳院节制闸,2026-04-18 07:13:12,0.1
阳院节制闸,2026-04-18 07:08:12,0.1
阳院节制闸,2026-04-18 07:02:12,0.1
阳院节制闸,2026-04-18 06:56:12,0.1
阳院节制闸,2026-04-18 06:51:12,0.1
阳院节制闸,2026-04-18 06:45:12,0.1
阳院节制闸,2026-04-18 06:40:12,0.1
阳院节制闸,2026-04-18 06:34:12,0.1
阳院节制闸,2026-04-18 06:28:12,0.1
阳院节制闸,2026-04-18 06:22:12,0.1
阳院节制闸,2026-04-18 06:16:12,0.1
阳院节制闸,2026-04-18 06:11:12,0.1
阳院节制闸,2026-04-18 06:05:12,0.1
阳院节制闸,2026-04-18 05:59:12,0.1
阳院节制闸,2026-04-18 05:54:12,0.1
阳院节制闸,2026-04-18 05:48:12,0.1
阳院节制闸,2026-04-18 05:43:12,0.1
阳院节制闸,2026-04-18 05:38:12,0.1
阳院节制闸,2026-04-18 05:33:12,0.1
阳院节制闸,2026-04-18 05:27:12,0.1
阳院节制闸,2026-04-18 05:22:12,0.1
阳院节制闸,2026-04-18 05:16:12,0.1
阳院节制闸,2026-04-18 05:11:12,0.1
阳院节制闸,2026-04-18 05:05:12,0.1
阳院节制闸,2026-04-18 04:59:12,0.1
阳院节制闸,2026-04-18 04:53:12,0.1
阳院节制闸,2026-04-18 04:47:12,0.1
阳院节制闸,2026-04-18 04:41:12,0.1
阳院节制闸,2026-04-18 04:35:12,0.1
阳院节制闸,2026-04-18 04:29:12,0.1
阳院节制闸,2026-04-18 04:23:12,0.1
阳院节制闸,2026-04-18 04:17:12,0.1
阳院节制闸,2026-04-18 04:12:12,0.1
阳院节制闸,2026-04-18 04:06:12,0.1
阳院节制闸,2026-04-18 04:01:12,0.1
阳院节制闸,2026-04-18 03:55:12,0.1
阳院节制闸,2026-04-18 03:50:12,0.1
阳院节制闸,2026-04-18 03:44:12,0.1
阳院节制闸,2026-04-18 03:38:12,0.1
阳院节制闸,2026-04-18 03:33:12,0.1
阳院节制闸,2026-04-18 03:27:12,0.1
阳院节制闸,2026-04-18 03:22:12,0.1
阳院节制闸,2026-04-18 03:16:12,0.1
阳院节制闸,2026-04-18 03:11:12,0.1
阳院节制闸,2026-04-18 03:06:12,0.1
阳院节制闸,2026-04-18 03:01:12,0.1
阳院节制闸,2026-04-18 02:55:12,0.1
阳院节制闸,2026-04-18 02:50:12,0.1
阳院节制闸,2026-04-18 02:45:12,0.1
阳院节制闸,2026-04-18 02:39:12,0.1
阳院节制闸,2026-04-18 02:33:12,0.1
阳院节制闸,2026-04-18 02:27:12,0.1
阳院节制闸,2026-04-18 02:21:12,0.1
阳院节制闸,2026-04-18 02:15:12,0.1
阳院节制闸,2026-04-18 02:09:12,0.1
阳院节制闸,2026-04-18 02:03:12,0.1
阳院节制闸,2026-04-18 01:57:12,0.1
阳院节制闸,2026-04-18 01:52:12,0.1
阳院节制闸,2026-04-18 01:46:12,0.1
阳院节制闸,2026-04-18 01:41:12,0.1
阳院节制闸,2026-04-18 01:35:12,0.1
阳院节制闸,2026-04-18 01:29:12,0.1
阳院节制闸,2026-04-18 01:23:12,0.1
阳院节制闸,2026-04-18 01:17:12,0.1
阳院节制闸,2026-04-18 01:12:12,0.1
阳院节制闸,2026-04-18 01:02:12,0.1
阳院节制闸,2026-04-18 00:59:12,0.1
阳院节制闸,2026-04-18 00:53:12,0.1
阳院节制闸,2026-04-18 00:47:12,0.1
阳院节制闸,2026-04-18 00:42:12,0.1
阳院节制闸,2026-04-18 00:37:12,0.1
阳院节制闸,2026-04-18 00:31:12,0.1
阳院节制闸,2026-04-18 00:26:12,0.1
阳院节制闸,2026-04-18 00:20:12,0.11
阳院节制闸,2026-04-18 00:15:12,0.1
阳院节制闸,2026-04-18 00:09:12,0.14
阳院节制闸,2026-04-18 00:04:12,0.16
阳院节制闸,2026-04-17 23:58:12,0.1
阳院节制闸,2026-04-17 23:52:12,0.1
阳院节制闸,2026-04-17 23:47:12,0.1
阳院节制闸,2026-04-17 23:41:12,0.1
阳院节制闸,2026-04-17 23:35:12,0.13
阳院节制闸,2026-04-17 23:30:12,0.1
阳院节制闸,2026-04-17 23:24:12,0.1
阳院节制闸,2026-04-17 23:19:12,0.1
阳院节制闸,2026-04-17 23:14:12,0.1
阳院节制闸,2026-04-17 23:09:12,0.1
阳院节制闸,2026-04-17 23:02:12,0.12
阳院节制闸,2026-04-17 22:57:12,0.1
阳院节制闸,2026-04-17 22:52:12,0.1
阳院节制闸,2026-04-17 22:47:12,0.1
阳院节制闸,2026-04-17 22:41:12,0.1
阳院节制闸,2026-04-17 22:35:12,0.1
阳院节制闸,2026-04-17 22:30:12,0.1
阳院节制闸,2026-04-17 22:25:12,0.1
阳院节制闸,2026-04-17 22:19:12,0.1
阳院节制闸,2026-04-17 22:14:12,0.1
阳院节制闸,2026-04-17 22:08:12,0.1
阳院节制闸,2026-04-17 22:02:12,0.1
阳院节制闸,2026-04-17 21:57:12,0.14
阳院节制闸,2026-04-17 21:52:12,0.1
阳院节制闸,2026-04-17 21:46:12,0.1
阳院节制闸,2026-04-17 21:41:12,0.1
阳院节制闸,2026-04-17 21:35:12,0.13
阳院节制闸,2026-04-17 21:30:12,0.13
阳院节制闸,2026-04-17 21:24:12,0.1
阳院节制闸,2026-04-17 21:19:12,0.17
阳院节制闸,2026-04-17 21:13:12,0.1
阳院节制闸,2026-04-17 21:07:12,0.17
阳院节制闸,2026-04-17 21:01:12,0.1
阳院节制闸,2026-04-17 20:55:12,0.1
阳院节制闸,2026-04-17 20:49:12,0.1
阳院节制闸,2026-04-17 20:44:12,0.1
阳院节制闸,2026-04-17 20:38:12,0.1
阳院节制闸,2026-04-17 20:32:12,0.1
阳院节制闸,2026-04-17 20:27:12,0.1
阳院节制闸,2026-04-17 20:21:12,0.1
阳院节制闸,2026-04-17 20:15:12,0.1
阳院节制闸,2026-04-17 20:09:12,0.1
阳院节制闸,2026-04-17 20:03:12,0.1
阳院节制闸,2026-04-17 19:57:12,0.1
阳院节制闸,2026-04-17 19:52:12,0.1
阳院节制闸,2026-04-17 19:47:12,0.1
阳院节制闸,2026-04-17 19:41:12,0.1
阳院节制闸,2026-04-17 19:36:12,0.1
阳院节制闸,2026-04-17 19:30:12,0.1
阳院节制闸,2026-04-17 19:25:12,0.1
阳院节制闸,2026-04-17 19:19:12,0.1
阳院节制闸,2026-04-17 19:13:12,0.1
阳院节制闸,2026-04-17 19:08:12,0.1
阳院节制闸,2026-04-17 19:03:12,0.1
阳院节制闸,2026-04-17 18:57:12,0.1
阳院节制闸,2026-04-17 18:52:12,0.1
阳院节制闸,2026-04-17 18:46:12,0.1
阳院节制闸,2026-04-17 18:41:12,0.1
阳院节制闸,2026-04-17 18:35:12,0.1
阳院节制闸,2026-04-17 18:30:12,0.1
阳院节制闸,2026-04-17 18:24:12,0.1
阳院节制闸,2026-04-17 18:19:12,0.1
阳院节制闸,2026-04-17 18:14:12,0.1
阳院节制闸,2026-04-17 18:08:12,0.1
阳院节制闸,2026-04-17 18:02:12,0.1
阳院节制闸,2026-04-17 17:56:12,0.1
阳院节制闸,2026-04-17 17:50:12,0.1
阳院节制闸,2026-04-17 17:45:12,0.1
阳院节制闸,2026-04-17 17:39:12,0.1
阳院节制闸,2026-04-17 17:33:12,0.1
阳院节制闸,2026-04-17 17:28:12,0.1
阳院节制闸,2026-04-17 17:22:12,0.1
阳院节制闸,2026-04-17 17:17:12,0.1
阳院节制闸,2026-04-17 17:11:12,0.1
阳院节制闸,2026-04-17 17:06:12,0.1
阳院节制闸,2026-04-17 17:01:12,0.1
阳院节制闸,2026-04-17 16:55:12,0.1
阳院节制闸,2026-04-17 16:49:12,0.1
阳院节制闸,2026-04-17 16:43:12,0.1
阳院节制闸,2026-04-17 16:37:12,0.1
阳院节制闸,2026-04-17 16:32:12,0.1
阳院节制闸,2026-04-17 16:26:12,0.1
阳院节制闸,2026-04-17 16:20:12,0.1
阳院节制闸,2026-04-17 16:14:12,0.1
阳院节制闸,2026-04-17 16:09:12,0.1
阳院节制闸,2026-04-17 16:03:12,0.1
阳院节制闸,2026-04-17 15:58:11,0.1
阳院节制闸,2026-04-17 15:53:11,0.1
阳院节制闸,2026-04-17 15:47:12,0.1
阳院节制闸,2026-04-17 15:41:12,0.18
阳院节制闸,2026-04-17 15:35:11,0.27
阳院节制闸,2026-04-17 15:29:12,0.26
阳院节制闸,2026-04-17 15:23:12,0.29
阳院节制闸,2026-04-17 15:18:12,0.31
阳院节制闸,2026-04-17 15:13:11,0.1
阳院节制闸,2026-04-17 14:59:05,0.1
阳院节制闸,2026-04-17 14:54:05,0.1
阳院节制闸,2026-04-17 14:48:05,0.1
阳院节制闸,2026-04-17 14:43:05,0.1
阳院节制闸,2026-04-17 14:38:05,0.1
阳院节制闸,2026-04-17 14:32:05,0.1
阳院节制闸,2026-04-17 14:27:05,0.1
阳院节制闸,2026-04-17 14:22:05,0.1
阳院节制闸,2026-04-17 14:16:05,0.1
阳院节制闸,2026-04-17 14:11:05,0.1
阳院节制闸,2026-04-17 14:05:05,0.1
阳院节制闸,2026-04-17 14:00:05,0.1
阳院节制闸,2026-04-17 13:54:05,0.1
阳院节制闸,2026-04-17 13:48:05,0.1
阳院节制闸,2026-04-17 13:42:05,0.1
阳院节制闸,2026-04-17 13:36:05,0.1
阳院节制闸,2026-04-17 13:31:05,0.1
阳院节制闸,2026-04-17 13:25:05,0.1
阳院节制闸,2026-04-17 13:20:05,0.1
阳院节制闸,2026-04-17 13:14:05,0.1
阳院节制闸,2026-04-17 13:08:05,0.1
阳院节制闸,2026-04-17 13:03:05,0.1
阳院节制闸,2026-04-17 12:57:05,0.1
阳院节制闸,2026-04-17 12:52:05,0.12
阳院节制闸,2026-04-17 12:46:05,0.14
阳院节制闸,2026-04-17 12:40:05,0.14
阳院节制闸,2026-04-17 12:35:05,0.16
阳院节制闸,2026-04-17 12:30:05,0.1
阳院节制闸,2026-04-17 12:24:05,0.1
阳院节制闸,2026-04-17 12:18:05,0.1
阳院节制闸,2026-04-17 12:13:05,0.1
阳院节制闸,2026-04-17 12:07:05,0.1
阳院节制闸,2026-04-17 12:01:05,0.11
阳院节制闸,2026-04-17 11:55:05,0.1
阳院节制闸,2026-04-17 11:50:05,0.1
阳院节制闸,2026-04-17 11:44:05,0.1
阳院节制闸,2026-04-17 11:38:05,0.1
阳院节制闸,2026-04-17 11:33:05,0.1
阳院节制闸,2026-04-17 11:27:05,0.1
阳院节制闸,2026-04-17 11:22:05,0.1
阳院节制闸,2026-04-17 11:16:05,0.1
阳院节制闸,2026-04-17 11:11:05,0.1
阳院节制闸,2026-04-17 11:05:05,0.1
阳院节制闸,2026-04-17 10:59:05,0.1
阳院节制闸,2026-04-17 10:54:05,0.1
阳院节制闸,2026-04-17 10:48:05,0.1
阳院节制闸,2026-04-17 10:43:05,0.1
阳院节制闸,2026-04-17 10:38:05,0.1
阳院节制闸,2026-04-17 10:32:05,0.1
阳院节制闸,2026-04-17 10:27:05,0.1
阳院节制闸,2026-04-17 10:21:05,0.1
阳院节制闸,2026-04-17 10:16:05,0.1
阳院节制闸,2026-04-17 10:10:05,0.1
阳院节制闸,2026-04-17 10:04:05,0.1
阳院节制闸,2026-04-17 09:58:05,0.1
阳院节制闸,2026-04-17 09:52:05,0.1
阳院节制闸,2026-04-17 09:47:05,0.1
阳院节制闸,2026-04-17 09:41:05,0.1
阳院节制闸,2026-04-17 09:35:05,0.1
阳院节制闸,2026-04-17 09:30:05,0.1
阳院节制闸,2026-04-17 09:25:05,0.1
阳院节制闸,2026-04-17 09:19:05,0.1
阳院节制闸,2026-04-17 09:13:05,0.1
阳院节制闸,2026-04-17 09:07:05,0.1
阳院节制闸,2026-04-17 09:02:05,0.1
阳院节制闸,2026-04-17 08:56:06,0.1
阳院节制闸,2026-04-17 08:50:05,0.1
阳院节制闸,2026-04-17 08:45:05,0.1
阳院节制闸,2026-04-17 08:40:05,0.1
阳院节制闸,2026-04-17 08:34:05,0.1
阳院节制闸,2026-04-17 08:29:05,0.1
阳院节制闸,2026-04-17 08:23:05,0.1
阳院节制闸,2026-04-17 08:17:05,0.1
阳院节制闸,2026-04-17 08:12:05,0.1
阳院节制闸,2026-04-17 08:06:05,0.1
阳院节制闸,2026-04-17 08:00:05,0.1
阳院节制闸,2026-04-17 07:55:05,0.1
阳院节制闸,2026-04-17 07:50:05,0.1
阳院节制闸,2026-04-17 07:44:05,0.12
阳院节制闸,2026-04-17 07:38:05,0.12
阳院节制闸,2026-04-17 07:32:05,0.15
阳院节制闸,2026-04-17 07:26:05,0.1
阳院节制闸,2026-04-17 07:20:05,0.11
阳院节制闸,2026-04-17 07:15:05,0.1
阳院节制闸,2026-04-17 07:10:05,0.1
阳院节制闸,2026-04-17 07:04:05,0.1
阳院节制闸,2026-04-17 06:58:05,0.15
阳院节制闸,2026-04-17 06:53:05,0.1
阳院节制闸,2026-04-17 06:47:05,0.1
阳院节制闸,2026-04-17 06:41:05,0.1
阳院节制闸,2026-04-17 06:36:05,0.1
阳院节制闸,2026-04-17 06:31:05,0.1
阳院节制闸,2026-04-17 06:25:05,0.1
阳院节制闸,2026-04-17 06:19:05,0.1
阳院节制闸,2026-04-17 06:13:05,0.1
阳院节制闸,2026-04-17 06:08:05,0.1
阳院节制闸,2026-04-17 06:02:05,0.1
阳院节制闸,2026-04-17 05:57:05,0.1
阳院节制闸,2026-04-17 05:51:05,0.1
阳院节制闸,2026-04-17 05:46:05,0.1
阳院节制闸,2026-04-17 05:40:05,0.1
阳院节制闸,2026-04-17 05:35:05,0.1
阳院节制闸,2026-04-17 05:29:05,0.1
阳院节制闸,2026-04-17 05:23:05,0.1
阳院节制闸,2026-04-17 05:18:05,0.1
阳院节制闸,2026-04-17 05:12:05,0.1
阳院节制闸,2026-04-17 05:07:05,0.1
阳院节制闸,2026-04-17 05:02:05,0.1
阳院节制闸,2026-04-17 04:57:05,0.1
阳院节制闸,2026-04-17 04:51:05,0.1
阳院节制闸,2026-04-17 04:45:05,0.1
阳院节制闸,2026-04-17 04:40:05,0.15
阳院节制闸,2026-04-17 04:34:05,0.1
阳院节制闸,2026-04-17 04:29:05,0.1
阳院节制闸,2026-04-17 04:24:05,0.1
阳院节制闸,2026-04-17 04:19:05,0.1
阳院节制闸,2026-04-17 04:13:05,0.1
阳院节制闸,2026-04-17 04:08:05,0.1
阳院节制闸,2026-04-17 04:02:05,0.1
阳院节制闸,2026-04-17 03:56:05,0.1
阳院节制闸,2026-04-17 03:50:05,0.1
阳院节制闸,2026-04-17 03:44:05,0.1
阳院节制闸,2026-04-17 03:38:05,0.1
阳院节制闸,2026-04-17 03:33:05,0.1
阳院节制闸,2026-04-17 03:28:05,0.1
阳院节制闸,2026-04-17 03:22:05,0.1
阳院节制闸,2026-04-17 03:16:05,0.1
阳院节制闸,2026-04-17 03:11:05,0.1
阳院节制闸,2026-04-17 03:05:05,0.1
阳院节制闸,2026-04-17 03:00:05,0.1
阳院节制闸,2026-04-17 02:55:05,0.1
阳院节制闸,2026-04-17 02:49:05,0.1
阳院节制闸,2026-04-17 02:44:05,0.1
阳院节制闸,2026-04-17 02:38:05,0.1
阳院节制闸,2026-04-17 02:32:05,0.1
阳院节制闸,2026-04-17 02:27:05,0.1
阳院节制闸,2026-04-17 02:21:05,0.1
阳院节制闸,2026-04-17 02:15:05,0.1
阳院节制闸,2026-04-17 02:09:05,0.1
阳院节制闸,2026-04-17 02:03:05,0.1
阳院节制闸,2026-04-17 01:57:05,0.1
阳院节制闸,2026-04-17 01:52:05,0.1
阳院节制闸,2026-04-17 01:47:05,0.1
阳院节制闸,2026-04-17 01:41:05,0.1
阳院节制闸,2026-04-17 01:35:05,0.1
阳院节制闸,2026-04-17 01:30:05,0.1
阳院节制闸,2026-04-17 01:24:05,0.1
阳院节制闸,2026-04-17 01:18:05,0.1
阳院节制闸,2026-04-17 01:13:05,0.1
阳院节制闸,2026-04-17 01:07:05,0.1
阳院节制闸,2026-04-17 01:02:05,0.1
阳院节制闸,2026-04-17 00:56:05,0.1
阳院节制闸,2026-04-17 00:50:05,0.1
阳院节制闸,2026-04-17 00:45:05,0.1
阳院节制闸,2026-04-17 00:40:05,0.1
阳院节制闸,2026-04-17 00:34:05,0.1
阳院节制闸,2026-04-17 00:29:05,0.1
阳院节制闸,2026-04-17 00:23:05,0.1
阳院节制闸,2026-04-17 00:18:05,0.1
阳院节制闸,2026-04-17 00:13:05,0.1
阳院节制闸,2026-04-17 00:07:05,0.1
阳院节制闸,2026-04-17 00:02:05,0.1
阳院节制闸,2026-04-16 23:56:05,0.1
阳院节制闸,2026-04-16 23:50:05,0.1
阳院节制闸,2026-04-16 23:45:05,0.1
阳院节制闸,2026-04-16 23:39:05,0.1
阳院节制闸,2026-04-16 23:34:05,0.1
阳院节制闸,2026-04-16 23:28:05,0.1
阳院节制闸,2026-04-16 23:23:05,0.1
阳院节制闸,2026-04-16 23:17:05,0.1
阳院节制闸,2026-04-16 23:12:05,0.1
阳院节制闸,2026-04-16 23:04:05,0.1
阳院节制闸,2026-04-16 23:00:05,0.1
阳院节制闸,2026-04-16 22:55:05,0.1
阳院节制闸,2026-04-16 22:49:05,0.1
阳院节制闸,2026-04-16 22:44:05,0.1
阳院节制闸,2026-04-16 22:39:05,0.1
阳院节制闸,2026-04-16 22:33:05,0.1
阳院节制闸,2026-04-16 22:27:05,0.1
阳院节制闸,2026-04-16 22:21:05,0.1
阳院节制闸,2026-04-16 22:16:05,0.1
阳院节制闸,2026-04-16 22:10:05,0.1
阳院节制闸,2026-04-16 22:05:05,0.1
阳院节制闸,2026-04-16 21:59:05,0.1
阳院节制闸,2026-04-16 21:53:05,0.1
阳院节制闸,2026-04-16 21:48:05,0.1
阳院节制闸,2026-04-16 21:42:05,0.1
阳院节制闸,2026-04-16 21:37:05,0.1
阳院节制闸,2026-04-16 21:31:05,0.1
阳院节制闸,2026-04-16 21:26:05,0.1
阳院节制闸,2026-04-16 21:20:05,0.1
阳院节制闸,2026-04-16 21:14:05,0.1
阳院节制闸,2026-04-16 21:09:05,0.1
阳院节制闸,2026-04-16 21:04:05,0.1
阳院节制闸,2026-04-16 20:59:05,0.1
阳院节制闸,2026-04-16 20:53:40,0.1
阳院节制闸,2026-04-16 16:22:05,0.1
阳院节制闸,2026-04-16 16:17:05,0.1
阳院节制闸,2026-04-16 16:12:05,0.1
阳院节制闸,2026-04-16 16:07:05,0.1
阳院节制闸,2026-04-16 16:02:05,0.1
阳院节制闸,2026-04-16 15:56:05,0.1
阳院节制闸,2026-04-16 15:50:05,0.1
阳院节制闸,2026-04-16 15:45:05,0.1
阳院节制闸,2026-04-16 15:39:05,0.1
阳院节制闸,2026-04-16 15:34:05,0.1
阳院节制闸,2026-04-16 15:29:05,0.1
阳院节制闸,2026-04-16 15:23:05,0.1
阳院节制闸,2026-04-16 15:18:05,0.1
阳院节制闸,2026-04-16 15:12:05,0.1
阳院节制闸,2026-04-16 15:06:05,0.1
阳院节制闸,2026-04-16 15:00:05,0.1
阳院节制闸,2026-04-16 14:55:05,0.1
阳院节制闸,2026-04-16 14:49:05,0.1
阳院节制闸,2026-04-16 14:44:05,0.1
阳院节制闸,2026-04-16 14:38:05,0.1
阳院节制闸,2026-04-16 14:33:05,0.1
阳院节制闸,2026-04-16 14:27:05,0.1
阳院节制闸,2026-04-16 14:22:05,0.1
阳院节制闸,2026-04-16 14:17:05,0.1
阳院节制闸,2026-04-16 14:11:05,0.1
阳院节制闸,2026-04-16 14:05:05,0.1
阳院节制闸,2026-04-16 14:00:05,0.1
阳院节制闸,2026-04-16 13:54:05,0.1
阳院节制闸,2026-04-16 13:49:05,0.1
阳院节制闸,2026-04-16 13:43:05,0.1
阳院节制闸,2026-04-16 13:38:05,0.1
阳院节制闸,2026-04-16 13:32:05,0.1
阳院节制闸,2026-04-16 13:27:05,0.1
阳院节制闸,2026-04-16 13:21:05,0.1
阳院节制闸,2026-04-16 13:16:05,0.1
阳院节制闸,2026-04-16 13:10:05,0.1
阳院节制闸,2026-04-16 13:05:05,0.1
阳院节制闸,2026-04-16 12:59:05,0.1
阳院节制闸,2026-04-16 12:53:05,0.1
阳院节制闸,2026-04-16 12:47:05,0.1
阳院节制闸,2026-04-16 12:41:05,0.1
阳院节制闸,2026-04-16 12:36:05,0.1
阳院节制闸,2026-04-16 12:30:05,0.1
阳院节制闸,2026-04-16 12:24:05,0.1
阳院节制闸,2026-04-16 12:19:05,0.1
阳院节制闸,2026-04-16 12:14:05,0.1
阳院节制闸,2026-04-16 12:08:05,0.1
阳院节制闸,2026-04-16 12:03:05,0.1
阳院节制闸,2026-04-16 11:58:05,0.1
阳院节制闸,2026-04-16 11:52:05,0.1
阳院节制闸,2026-04-16 11:46:05,0.1
阳院节制闸,2026-04-16 11:41:05,0.1
阳院节制闸,2026-04-16 11:35:05,0.1
阳院节制闸,2026-04-16 11:30:05,0.1
阳院节制闸,2026-04-16 11:25:05,0.1
阳院节制闸,2026-04-16 11:19:05,0.1
阳院节制闸,2026-04-16 11:14:05,0.1
阳院节制闸,2026-04-16 11:08:05,0.1
阳院节制闸,2026-04-16 11:03:05,0.1
阳院节制闸,2026-04-16 10:57:05,0.1
阳院节制闸,2026-04-16 10:51:05,0.1
阳院节制闸,2026-04-16 10:46:05,0.11
阳院节制闸,2026-04-16 10:41:05,0.11
阳院节制闸,2026-04-16 10:35:05,0.11
阳院节制闸,2026-04-16 10:29:05,0.11
阳院节制闸,2026-04-16 10:23:05,0.12
阳院节制闸,2026-04-16 10:17:05,0.12
阳院节制闸,2026-04-16 10:12:05,0.12
阳院节制闸,2026-04-16 10:06:05,0.12
阳院节制闸,2026-04-16 10:01:05,0.12
阳院节制闸,2026-04-16 09:56:05,0.12
阳院节制闸,2026-04-16 09:50:05,0.13
阳院节制闸,2026-04-16 09:44:05,0.84
阳院节制闸,2026-04-16 09:39:05,0.13
阳院节制闸,2026-04-16 09:34:05,0.15
阳院节制闸,2026-04-16 09:28:05,0.17
阳院节制闸,2026-04-16 09:23:05,0.17
阳院节制闸,2026-04-16 09:17:05,0.18
阳院节制闸,2026-04-16 09:11:05,0.19
阳院节制闸,2026-04-16 09:05:05,0.18
阳院节制闸,2026-04-16 09:00:05,0.19
阳院节制闸,2026-04-16 08:55:05,0.19
阳院节制闸,2026-04-16 08:49:05,0.19
阳院节制闸,2026-04-16 08:43:05,0.19
阳院节制闸,2026-04-16 08:38:05,0.2
阳院节制闸,2026-04-16 08:32:05,0.19
阳院节制闸,2026-04-16 08:27:05,0.19
阳院节制闸,2026-04-16 08:21:05,0.19
阳院节制闸,2026-04-16 08:15:05,0.19
阳院节制闸,2026-04-16 08:10:05,0.18
阳院节制闸,2026-04-16 08:04:05,0.2
阳院节制闸,2026-04-16 07:59:04,0.18
阳院节制闸,2026-04-16 07:53:05,0.11
阳院节制闸,2026-04-16 07:47:05,0.1
阳院节制闸,2026-04-16 07:41:05,0.1
阳院节制闸,2026-04-16 07:35:05,0.1
阳院节制闸,2026-04-16 07:29:05,0.1
阳院节制闸,2026-04-16 07:23:05,0.1
阳院节制闸,2026-04-16 07:17:05,0.1
阳院节制闸,2026-04-16 07:12:05,0.1
阳院节制闸,2026-04-16 07:06:05,0.1
阳院节制闸,2026-04-16 07:00:05,0.1
阳院节制闸,2026-04-16 06:55:05,0.1
阳院节制闸,2026-04-16 06:49:14,0.1
阳院节制闸,2026-04-16 06:44:05,0.1
阳院节制闸,2026-04-16 06:39:04,0.1
阳院节制闸,2026-04-16 06:34:04,0.1
阳院节制闸,2026-04-16 06:28:05,0.1
阳院节制闸,2026-04-16 06:22:05,0.1
阳院节制闸,2026-04-16 06:17:04,0.1
阳院节制闸,2026-04-16 06:11:05,0.1
阳院节制闸,2026-04-16 06:05:05,0.1
阳院节制闸,2026-04-16 06:00:05,0.1
阳院节制闸,2026-04-16 05:55:04,0.1
阳院节制闸,2026-04-16 05:50:04,0.1
阳院节制闸,2026-04-16 05:44:05,0.1
阳院节制闸,2026-04-16 05:39:04,0.1
阳院节制闸,2026-04-16 05:33:04,0.1
阳院节制闸,2026-04-16 05:27:05,0.1
阳院节制闸,2026-04-16 05:22:05,0.1
阳院节制闸,2026-04-16 05:16:04,0.1
阳院节制闸,2026-04-16 05:10:05,0.1
阳院节制闸,2026-04-16 05:04:05,0.1
阳院节制闸,2026-04-16 04:59:04,0.1
阳院节制闸,2026-04-16 04:53:04,0.1
阳院节制闸,2026-04-16 04:47:05,0.1
阳院节制闸,2026-04-16 04:42:04,0.1
阳院节制闸,2026-04-16 04:36:05,0.1
阳院节制闸,2026-04-16 04:31:04,0.1
阳院节制闸,2026-04-16 04:25:05,0.1
阳院节制闸,2026-04-16 04:19:05,0.1
阳院节制闸,2026-04-16 04:14:05,0.1
阳院节制闸,2026-04-16 04:08:05,0.1
阳院节制闸,2026-04-16 04:03:04,0.1
阳院节制闸,2026-04-16 03:57:04,0.1
阳院节制闸,2026-04-16 03:52:04,0.1
阳院节制闸,2026-04-16 03:46:04,0.1
阳院节制闸,2026-04-16 03:40:05,0.1
阳院节制闸,2026-04-16 03:35:04,0.1
阳院节制闸,2026-04-16 03:29:05,0.1
阳院节制闸,2026-04-16 03:24:04,0.1
阳院节制闸,2026-04-16 03:18:04,0.1
阳院节制闸,2026-04-16 03:13:04,0.1
阳院节制闸,2026-04-16 03:08:04,0.1
阳院节制闸,2026-04-16 03:02:04,0.1
阳院节制闸,2026-04-16 02:56:04,0.1
阳院节制闸,2026-04-16 02:51:04,0.1
阳院节制闸,2026-04-16 02:45:04,0.1
阳院节制闸,2026-04-16 02:40:04,0.1
阳院节制闸,2026-04-16 02:34:04,0.1
阳院节制闸,2026-04-16 02:28:04,0.1
阳院节制闸,2026-04-16 02:23:04,0.1
阳院节制闸,2026-04-16 02:17:04,0.1
阳院节制闸,2026-04-16 02:12:04,0.1
阳院节制闸,2026-04-16 02:06:04,0.1
阳院节制闸,2026-04-16 02:01:04,0.1
阳院节制闸,2026-04-16 01:55:04,0.1
阳院节制闸,2026-04-16 01:49:04,0.1
阳院节制闸,2026-04-16 01:44:04,0.1
阳院节制闸,2026-04-16 01:38:04,0.1
阳院节制闸,2026-04-16 01:32:04,0.1
阳院节制闸,2026-04-16 01:27:04,0.1
阳院节制闸,2026-04-16 01:21:04,0.1
阳院节制闸,2026-04-16 01:15:04,0.1
阳院节制闸,2026-04-16 01:10:04,0.1
阳院节制闸,2026-04-16 01:04:04,0.1
阳院节制闸,2026-04-16 00:59:04,0.1
阳院节制闸,2026-04-16 00:53:04,0.1
阳院节制闸,2026-04-16 00:48:04,0.1
阳院节制闸,2026-04-16 00:42:04,0.1
阳院节制闸,2026-04-16 00:37:04,0.1
阳院节制闸,2026-04-16 00:31:04,0.1
阳院节制闸,2026-04-16 00:25:04,0.1
阳院节制闸,2026-04-16 00:19:04,0.1
阳院节制闸,2026-04-16 00:13:04,0.1
阳院节制闸,2026-04-16 00:07:04,0.1
阳院节制闸,2026-04-16 00:01:04,0.1
阳院节制闸,2026-04-15 23:55:04,0.1
阳院节制闸,2026-04-15 23:49:04,0.1
阳院节制闸,2026-04-15 23:44:04,0.1
阳院节制闸,2026-04-15 23:38:04,0.1
阳院节制闸,2026-04-15 23:33:04,0.1
阳院节制闸,2026-04-15 23:27:04,0.1
阳院节制闸,2026-04-15 23:22:04,0.1
阳院节制闸,2026-04-15 23:16:04,0.1
阳院节制闸,2026-04-15 23:10:04,0.1
阳院节制闸,2026-04-15 23:03:04,0.1
阳院节制闸,2026-04-15 22:59:04,0.1
阳院节制闸,2026-04-15 22:54:04,0.1
阳院节制闸,2026-04-15 22:49:04,0.1
阳院节制闸,2026-04-15 22:43:04,0.1
阳院节制闸,2026-04-15 22:37:04,0.1
阳院节制闸,2026-04-15 22:32:04,0.1
阳院节制闸,2026-04-15 22:27:04,0.1
阳院节制闸,2026-04-15 22:21:04,0.1
阳院节制闸,2026-04-15 22:16:04,0.1
阳院节制闸,2026-04-15 22:10:04,0.1
阳院节制闸,2026-04-15 22:04:04,0.1
阳院节制闸,2026-04-15 21:58:04,0.1
阳院节制闸,2026-04-15 21:52:04,0.1
阳院节制闸,2026-04-15 21:47:04,0.1
阳院节制闸,2026-04-15 21:41:04,0.1
阳院节制闸,2026-04-15 21:36:04,0.1
阳院节制闸,2026-04-15 21:30:04,0.1
阳院节制闸,2026-04-15 21:25:04,0.1
阳院节制闸,2026-04-15 21:19:04,0.1
阳院节制闸,2026-04-15 21:14:04,0.1
阳院节制闸,2026-04-15 21:08:04,0.1
阳院节制闸,2026-04-15 21:02:04,0.1
阳院节制闸,2026-04-15 20:56:04,0.1
阳院节制闸,2026-04-15 20:51:04,0.1
阳院节制闸,2026-04-15 20:45:04,0.1
阳院节制闸,2026-04-15 20:40:04,0.1
阳院节制闸,2026-04-15 20:34:04,0.1
阳院节制闸,2026-04-15 20:29:04,0.1
阳院节制闸,2026-04-15 20:23:04,0.1
阳院节制闸,2026-04-15 20:18:04,0.1
阳院节制闸,2026-04-15 20:12:04,0.1
阳院节制闸,2026-04-15 20:07:04,0.1
阳院节制闸,2026-04-15 20:01:04,0.1
阳院节制闸,2026-04-15 19:55:04,0.1
阳院节制闸,2026-04-15 19:49:04,0.1
阳院节制闸,2026-04-15 19:43:04,0.1
阳院节制闸,2026-04-15 19:38:04,0.1
阳院节制闸,2026-04-15 19:32:04,0.1
阳院节制闸,2026-04-15 19:26:04,0.1
阳院节制闸,2026-04-15 19:21:04,0.1
阳院节制闸,2026-04-15 19:15:04,0.1
阳院节制闸,2026-04-15 19:09:04,0.1
阳院节制闸,2026-04-15 19:04:04,0.1
阳院节制闸,2026-04-15 18:58:04,0.1
阳院节制闸,2026-04-15 18:53:04,0.1
阳院节制闸,2026-04-15 18:47:04,0.1
阳院节制闸,2026-04-15 18:41:04,0.1
阳院节制闸,2026-04-15 18:36:04,0.1
阳院节制闸,2026-04-15 18:30:04,0.1
阳院节制闸,2026-04-15 18:24:04,0.1
阳院节制闸,2026-04-15 18:18:04,0.1
阳院节制闸,2026-04-15 18:13:04,0.1
阳院节制闸,2026-04-15 18:08:04,0.1
阳院节制闸,2026-04-15 18:02:04,0.1
阳院节制闸,2026-04-15 17:57:04,0.1
阳院节制闸,2026-04-15 17:52:04,0.1
阳院节制闸,2026-04-15 17:46:04,0.1
阳院节制闸,2026-04-15 17:41:04,0.1
阳院节制闸,2026-04-15 17:35:04,0.1
阳院节制闸,2026-04-15 17:30:04,0.1
阳院节制闸,2026-04-15 17:24:04,0.1
阳院节制闸,2026-04-15 17:19:04,0.1
阳院节制闸,2026-04-15 17:13:04,0.1
阳院节制闸,2026-04-15 17:07:04,0.1
阳院节制闸,2026-04-15 17:01:04,0.1
阳院节制闸,2026-04-15 16:55:04,0.1
阳院节制闸,2026-04-15 16:49:04,0.1
阳院节制闸,2026-04-15 16:44:04,0.1
阳院节制闸,2026-04-15 16:38:04,0.1
阳院节制闸,2026-04-15 16:32:04,0.1
阳院节制闸,2026-04-15 16:27:04,0.1
阳院节制闸,2026-04-15 16:21:04,0.1
阳院节制闸,2026-04-15 16:15:04,0.1
阳院节制闸,2026-04-15 16:10:04,0.1
阳院节制闸,2026-04-15 16:04:04,0.1
阳院节制闸,2026-04-15 15:58:04,0.1
阳院节制闸,2026-04-15 15:52:04,0.1
阳院节制闸,2026-04-15 15:47:04,0.1
阳院节制闸,2026-04-15 15:42:04,0.1
阳院节制闸,2026-04-15 15:36:04,0.1
阳院节制闸,2026-04-15 15:30:04,0.1
阳院节制闸,2026-04-15 15:25:04,0.1
阳院节制闸,2026-04-15 15:19:04,0.1
阳院节制闸,2026-04-15 15:13:04,0.1
阳院节制闸,2026-04-15 15:08:04,0.1
阳院节制闸,2026-04-15 15:03:04,0.1
阳院节制闸,2026-04-15 14:57:04,0.1
阳院节制闸,2026-04-15 14:51:04,0.1
阳院节制闸,2026-04-15 14:45:04,0.1
阳院节制闸,2026-04-15 14:39:04,0.1
阳院节制闸,2026-04-15 14:33:04,0.1
阳院节制闸,2026-04-15 14:27:04,0.1
阳院节制闸,2026-04-15 14:22:04,0.1
阳院节制闸,2026-04-15 14:17:04,0.1
阳院节制闸,2026-04-15 14:11:04,0.1
阳院节制闸,2026-04-15 14:05:04,0.1
阳院节制闸,2026-04-15 14:00:04,0.1
阳院节制闸,2026-04-15 13:54:04,0.1
阳院节制闸,2026-04-15 13:49:04,0.1
阳院节制闸,2026-04-15 13:44:04,0.1
阳院节制闸,2026-04-15 13:38:04,0.1
阳院节制闸,2026-04-15 13:32:04,0.1
阳院节制闸,2026-04-15 13:27:04,0.1
阳院节制闸,2026-04-15 13:22:04,0.1
阳院节制闸,2026-04-15 13:16:04,0.1
阳院节制闸,2026-04-15 13:10:04,0.1
阳院节制闸,2026-04-15 13:05:04,0.1
阳院节制闸,2026-04-15 12:59:04,0.1
阳院节制闸,2026-04-15 12:54:04,0.1
阳院节制闸,2026-04-15 12:49:04,0.1
阳院节制闸,2026-04-15 12:44:04,0.1
阳院节制闸,2026-04-15 12:38:04,0.1
阳院节制闸,2026-04-15 12:33:04,0.1
阳院节制闸,2026-04-15 12:27:04,0.1
阳院节制闸,2026-04-15 12:22:04,0.1
阳院节制闸,2026-04-15 12:17:04,0.1
阳院节制闸,2026-04-15 12:12:04,0.1
阳院节制闸,2026-04-15 12:06:04,0.1
阳院节制闸,2026-04-15 12:01:04,0.1
阳院节制闸,2026-04-15 11:55:04,0.1
阳院节制闸,2026-04-15 11:50:04,0.1
阳院节制闸,2026-04-15 11:44:04,0.1
阳院节制闸,2026-04-15 11:39:04,0.1
阳院节制闸,2026-04-15 11:33:04,0.1
阳院节制闸,2026-04-15 11:27:05,0.1
阳院节制闸,2026-04-15 11:22:04,0.1
阳院节制闸,2026-04-15 11:16:04,0.1
阳院节制闸,2026-04-15 11:10:04,0.1
阳院节制闸,2026-04-15 11:05:04,0.1
阳院节制闸,2026-04-15 10:59:04,0.1
阳院节制闸,2026-04-15 10:54:04,0.1
阳院节制闸,2026-04-15 10:49:04,0.1
阳院节制闸,2026-04-15 10:43:04,0.1
阳院节制闸,2026-04-15 10:38:04,0.1
阳院节制闸,2026-04-15 10:32:04,0.1
阳院节制闸,2026-04-15 10:27:04,0.1
阳院节制闸,2026-04-15 10:22:04,0.1
阳院节制闸,2026-04-15 10:16:04,0.1
阳院节制闸,2026-04-15 10:11:04,0.1
阳院节制闸,2026-04-15 10:06:04,0.1
阳院节制闸,2026-04-15 10:01:04,0.1
阳院节制闸,2026-04-15 09:55:04,0.1
阳院节制闸,2026-04-15 09:50:04,0.1
阳院节制闸,2026-04-15 09:44:04,0.1
阳院节制闸,2026-04-15 09:39:04,0.1
阳院节制闸,2026-04-15 09:33:04,0.1
阳院节制闸,2026-04-15 09:27:04,0.1
阳院节制闸,2026-04-15 09:21:04,0.1
阳院节制闸,2026-04-15 09:15:04,0.1
阳院节制闸,2026-04-15 09:10:04,0.1
阳院节制闸,2026-04-15 09:04:04,0.1
阳院节制闸,2026-04-15 08:59:04,0.1
阳院节制闸,2026-04-15 08:53:04,0.1
阳院节制闸,2026-04-15 08:47:04,0.1
阳院节制闸,2026-04-15 08:42:04,0.1
阳院节制闸,2026-04-15 08:36:04,0.1
阳院节制闸,2026-04-15 08:31:04,0.1
阳院节制闸,2026-04-15 08:25:04,0.1
阳院节制闸,2026-04-15 08:20:04,0.1
阳院节制闸,2026-04-15 08:14:04,0.1
阳院节制闸,2026-04-15 08:08:04,0.1
阳院节制闸,2026-04-15 08:02:04,0.1
阳院节制闸,2026-04-15 07:56:04,0.1
阳院节制闸,2026-04-15 07:51:04,0.1
阳院节制闸,2026-04-15 07:45:04,0.1
阳院节制闸,2026-04-15 07:40:04,0.1
阳院节制闸,2026-04-15 07:35:04,0.1
阳院节制闸,2026-04-15 07:29:04,0.1
阳院节制闸,2026-04-15 07:24:04,0.1
阳院节制闸,2026-04-15 07:19:04,0.1
阳院节制闸,2026-04-15 07:13:04,0.1
阳院节制闸,2026-04-15 07:07:04,0.1
阳院节制闸,2026-04-15 07:02:04,0.1
阳院节制闸,2026-04-15 06:56:04,0.1
阳院节制闸,2026-04-15 06:51:04,0.1
阳院节制闸,2026-04-15 06:45:04,0.1
阳院节制闸,2026-04-15 06:39:04,0.1
阳院节制闸,2026-04-15 06:34:04,0.1
阳院节制闸,2026-04-15 06:29:04,0.1
阳院节制闸,2026-04-15 06:23:04,0.1
阳院节制闸,2026-04-15 06:18:04,0.1
阳院节制闸,2026-04-15 06:12:04,0.1
阳院节制闸,2026-04-15 06:06:04,0.1
阳院节制闸,2026-04-15 06:00:04,0.1
阳院节制闸,2026-04-15 05:55:04,0.1
阳院节制闸,2026-04-15 05:49:04,0.1
阳院节制闸,2026-04-15 05:43:04,0.1
阳院节制闸,2026-04-15 05:38:04,0.1
阳院节制闸,2026-04-15 05:32:04,0.1
阳院节制闸,2026-04-15 05:26:04,0.1
阳院节制闸,2026-04-15 05:21:04,0.1
阳院节制闸,2026-04-15 05:15:04,0.1
阳院节制闸,2026-04-15 05:10:04,0.1
阳院节制闸,2026-04-15 05:04:04,0.1
阳院节制闸,2026-04-15 04:58:04,0.1
阳院节制闸,2026-04-15 04:53:04,0.1
阳院节制闸,2026-04-15 04:47:04,0.1
阳院节制闸,2026-04-15 04:42:04,0.1
阳院节制闸,2026-04-15 04:36:04,0.1
阳院节制闸,2026-04-15 04:31:04,0.1
阳院节制闸,2026-04-15 04:25:04,0.1
阳院节制闸,2026-04-15 04:19:04,0.1
阳院节制闸,2026-04-15 04:13:04,0.1
阳院节制闸,2026-04-15 04:07:04,0.1
阳院节制闸,2026-04-15 04:01:04,0.1
阳院节制闸,2026-04-15 03:56:04,0.1
阳院节制闸,2026-04-15 03:51:04,0.1
阳院节制闸,2026-04-15 03:45:04,0.1
阳院节制闸,2026-04-15 03:40:04,0.1
阳院节制闸,2026-04-15 03:34:04,0.1
阳院节制闸,2026-04-15 03:29:04,0.1
阳院节制闸,2026-04-15 03:23:04,0.1
阳院节制闸,2026-04-15 03:18:04,0.1
阳院节制闸,2026-04-15 03:13:04,0.1
阳院节制闸,2026-04-15 03:07:04,0.1
阳院节制闸,2026-04-15 03:01:04,0.1
阳院节制闸,2026-04-15 02:55:04,0.1
阳院节制闸,2026-04-15 02:50:04,0.1
阳院节制闸,2026-04-15 02:45:04,0.1
阳院节制闸,2026-04-15 02:39:04,0.1
阳院节制闸,2026-04-15 02:33:04,0.1
阳院节制闸,2026-04-15 02:27:04,0.1
阳院节制闸,2026-04-15 02:21:04,0.1
阳院节制闸,2026-04-15 02:16:04,0.1
阳院节制闸,2026-04-15 02:10:04,0.1
阳院节制闸,2026-04-15 02:05:04,0.1
阳院节制闸,2026-04-15 02:00:04,0.1
阳院节制闸,2026-04-15 01:54:04,0.1
阳院节制闸,2026-04-15 01:49:04,0.1
阳院节制闸,2026-04-15 01:43:04,0.1
阳院节制闸,2026-04-15 01:38:04,0.1
阳院节制闸,2026-04-15 01:33:04,0.1
阳院节制闸,2026-04-15 01:27:04,0.1
阳院节制闸,2026-04-15 01:21:04,0.1
阳院节制闸,2026-04-15 01:16:04,0.1
阳院节制闸,2026-04-15 01:10:04,0.1
阳院节制闸,2026-04-15 01:05:04,0.1
阳院节制闸,2026-04-15 00:59:04,0.1
阳院节制闸,2026-04-15 00:54:04,0.1
阳院节制闸,2026-04-15 00:49:04,0.1
阳院节制闸,2026-04-15 00:43:04,0.1
阳院节制闸,2026-04-15 00:38:04,0.1
阳院节制闸,2026-04-15 00:32:04,0.1
阳院节制闸,2026-04-15 00:26:04,0.1
阳院节制闸,2026-04-15 00:20:04,0.1
阳院节制闸,2026-04-15 00:15:04,0.1
阳院节制闸,2026-04-15 00:09:04,0.1
阳院节制闸,2026-04-15 00:03:04,0.1
阳院节制闸,2026-04-14 23:57:04,0.1
阳院节制闸,2026-04-14 23:51:04,0.1
阳院节制闸,2026-04-14 23:46:04,0.1
阳院节制闸,2026-04-14 23:40:04,0.1
阳院节制闸,2026-04-14 23:35:04,0.1
阳院节制闸,2026-04-14 23:29:04,0.1
阳院节制闸,2026-04-14 23:23:04,0.1
阳院节制闸,2026-04-14 23:17:04,0.1
阳院节制闸,2026-04-14 23:12:04,0.1
阳院节制闸,2026-04-14 23:05:04,0.1
阳院节制闸,2026-04-14 23:01:04,0.1
阳院节制闸,2026-04-14 22:56:04,0.1
阳院节制闸,2026-04-14 22:51:04,0.1
阳院节制闸,2026-04-14 22:46:04,0.1
阳院节制闸,2026-04-14 22:40:04,0.1
阳院节制闸,2026-04-14 22:34:04,0.1
阳院节制闸,2026-04-14 22:28:04,0.1
阳院节制闸,2026-04-14 22:22:04,0.1
阳院节制闸,2026-04-14 22:16:04,0.1
阳院节制闸,2026-04-14 22:10:04,0.1
阳院节制闸,2026-04-14 22:05:04,0.1
阳院节制闸,2026-04-14 22:00:04,0.1
阳院节制闸,2026-04-14 21:54:04,0.1
阳院节制闸,2026-04-14 21:49:04,0.1
阳院节制闸,2026-04-14 21:43:04,0.1
阳院节制闸,2026-04-14 21:38:04,0.1
阳院节制闸,2026-04-14 21:32:04,0.1
阳院节制闸,2026-04-14 21:26:04,0.1
阳院节制闸,2026-04-14 21:21:04,0.1
阳院节制闸,2026-04-14 21:15:04,0.1
阳院节制闸,2026-04-14 21:10:04,0.1
阳院节制闸,2026-04-14 21:05:04,0.1
阳院节制闸,2026-04-14 20:59:04,0.1
阳院节制闸,2026-04-14 20:53:04,0.1
阳院节制闸,2026-04-14 20:48:04,0.1
阳院节制闸,2026-04-14 20:43:04,0.1
阳院节制闸,2026-04-14 20:37:04,0.1
阳院节制闸,2026-04-14 20:32:04,0.1
阳院节制闸,2026-04-14 20:26:04,0.1
阳院节制闸,2026-04-14 20:21:04,0.1
阳院节制闸,2026-04-14 20:15:04,0.1
阳院节制闸,2026-04-14 20:09:04,0.1
阳院节制闸,2026-04-14 20:03:04,0.1
阳院节制闸,2026-04-14 19:58:04,0.1
阳院节制闸,2026-04-14 19:52:04,0.1
阳院节制闸,2026-04-14 19:46:04,0.1
阳院节制闸,2026-04-14 19:40:04,0.1
阳院节制闸,2026-04-14 19:35:04,0.1
阳院节制闸,2026-04-14 19:30:04,0.1
阳院节制闸,2026-04-14 19:24:04,0.1
阳院节制闸,2026-04-14 19:18:04,0.1
阳院节制闸,2026-04-14 19:12:04,0.1
阳院节制闸,2026-04-14 19:07:04,0.1
阳院节制闸,2026-04-14 19:01:04,0.1
阳院节制闸,2026-04-14 18:56:04,0.1
阳院节制闸,2026-04-14 18:50:04,0.1
阳院节制闸,2026-04-14 18:44:04,0.1
阳院节制闸,2026-04-14 18:39:04,0.1
阳院节制闸,2026-04-14 18:34:04,0.1
阳院节制闸,2026-04-14 18:28:04,0.1
阳院节制闸,2026-04-14 18:22:04,0.1
阳院节制闸,2026-04-14 18:17:04,0.1
阳院节制闸,2026-04-14 18:11:04,0.1
阳院节制闸,2026-04-14 18:06:04,0.1
阳院节制闸,2026-04-14 18:00:04,0.1
阳院节制闸,2026-04-14 17:55:04,0.1
阳院节制闸,2026-04-14 17:49:04,0.1
阳院节制闸,2026-04-14 17:43:04,0.1
阳院节制闸,2026-04-14 17:38:04,0.1
阳院节制闸,2026-04-14 17:32:04,0.1
阳院节制闸,2026-04-14 17:26:04,0.1
阳院节制闸,2026-04-14 17:21:04,0.1
阳院节制闸,2026-04-14 17:15:04,0.1
阳院节制闸,2026-04-14 17:10:04,0.1
阳院节制闸,2026-04-14 17:04:04,0.1
阳院节制闸,2026-04-14 16:59:04,0.1
阳院节制闸,2026-04-14 16:54:04,0.1
阳院节制闸,2026-04-14 16:48:04,0.1
阳院节制闸,2026-04-14 16:42:04,0.1
阳院节制闸,2026-04-14 16:37:04,0.1
阳院节制闸,2026-04-14 16:32:04,0.1
阳院节制闸,2026-04-14 16:27:04,0.1
阳院节制闸,2026-04-14 16:22:04,0.1
阳院节制闸,2026-04-14 16:17:04,0.1
阳院节制闸,2026-04-14 16:11:04,0.1
阳院节制闸,2026-04-14 16:05:04,0.1
阳院节制闸,2026-04-14 15:59:05,0.1
阳院节制闸,2026-04-14 15:54:04,0.1
阳院节制闸,2026-04-14 15:48:04,0.1
阳院节制闸,2026-04-14 15:43:04,0.1
阳院节制闸,2026-04-14 15:37:04,0.1
阳院节制闸,2026-04-14 15:32:04,0.1
阳院节制闸,2026-04-14 15:27:04,0.1
