tm,obj,value
2026-04-14 00:00:00,15号桥节制闸,1.87
2026-04-14 00:06:00,15号桥节制闸,1.87
2026-04-14 00:11:00,15号桥节制闸,1.87
2026-04-14 00:16:00,15号桥节制闸,1.87
2026-04-14 00:21:00,15号桥节制闸,1.88
2026-04-14 00:26:00,15号桥节制闸,1.88
2026-04-14 00:32:00,15号桥节制闸,1.89
2026-04-14 00:37:00,15号桥节制闸,1.89
2026-04-14 00:42:00,15号桥节制闸,1.89
2026-04-14 00:48:00,15号桥节制闸,1.9
2026-04-14 00:53:00,15号桥节制闸,1.9
2026-04-14 00:58:00,15号桥节制闸,1.9
2026-04-14 01:03:00,15号桥节制闸,1.9
2026-04-14 01:08:00,15号桥节制闸,1.91
2026-04-14 01:14:00,15号桥节制闸,1.91
2026-04-14 01:19:00,15号桥节制闸,1.91
2026-04-14 01:24:00,15号桥节制闸,1.91
2026-04-14 01:29:00,15号桥节制闸,1.91
2026-04-14 01:35:00,15号桥节制闸,1.91
2026-04-14 01:40:00,15号桥节制闸,1.91
2026-04-14 01:46:00,15号桥节制闸,1.91
2026-04-14 01:51:00,15号桥节制闸,1.91
2026-04-14 01:57:00,15号桥节制闸,1.91
2026-04-14 02:02:00,15号桥节制闸,1.91
2026-04-14 02:08:00,15号桥节制闸,1.9
2026-04-14 02:13:00,15号桥节制闸,1.9
2026-04-14 02:18:00,15号桥节制闸,1.9
2026-04-14 02:24:00,15号桥节制闸,1.9
2026-04-14 02:29:00,15号桥节制闸,1.9
2026-04-14 02:35:00,15号桥节制闸,1.9
2026-04-14 02:40:00,15号桥节制闸,1.9
2026-04-14 02:45:00,15号桥节制闸,1.9
2026-04-14 02:50:00,15号桥节制闸,1.9
2026-04-14 02:55:00,15号桥节制闸,1.9
2026-04-14 03:01:00,15号桥节制闸,1.9
2026-04-14 03:06:00,15号桥节制闸,1.89
2026-04-14 03:11:00,15号桥节制闸,1.89
2026-04-14 03:17:00,15号桥节制闸,1.89
2026-04-14 03:22:00,15号桥节制闸,1.89
2026-04-14 03:27:00,15号桥节制闸,1.89
2026-04-14 03:32:00,15号桥节制闸,1.89
2026-04-14 03:37:00,15号桥节制闸,1.89
2026-04-14 03:42:00,15号桥节制闸,1.89
2026-04-14 03:48:00,15号桥节制闸,1.88
2026-04-14 03:53:00,15号桥节制闸,1.88
2026-04-14 03:59:00,15号桥节制闸,1.88
2026-04-14 04:04:00,15号桥节制闸,1.88
2026-04-14 04:09:00,15号桥节制闸,1.88
2026-04-14 04:14:00,15号桥节制闸,1.88
2026-04-14 04:20:00,15号桥节制闸,1.88
2026-04-14 04:25:00,15号桥节制闸,1.88
2026-04-14 04:30:00,15号桥节制闸,1.88
2026-04-14 04:35:00,15号桥节制闸,1.88
2026-04-14 04:41:00,15号桥节制闸,1.88
2026-04-14 04:46:00,15号桥节制闸,1.88
2026-04-14 04:51:00,15号桥节制闸,1.88
2026-04-14 04:57:00,15号桥节制闸,1.88
2026-04-14 05:02:00,15号桥节制闸,1.88
2026-04-14 05:07:00,15号桥节制闸,1.88
2026-04-14 05:13:00,15号桥节制闸,1.88
2026-04-14 05:18:00,15号桥节制闸,1.88
2026-04-14 05:23:00,15号桥节制闸,1.88
2026-04-14 05:29:00,15号桥节制闸,1.88
2026-04-14 05:34:00,15号桥节制闸,1.88
2026-04-14 05:40:00,15号桥节制闸,1.89
2026-04-14 05:45:00,15号桥节制闸,1.89
2026-04-14 05:51:00,15号桥节制闸,1.89
2026-04-14 05:56:00,15号桥节制闸,1.9
2026-04-14 06:02:00,15号桥节制闸,1.9
2026-04-14 06:07:00,15号桥节制闸,1.9
2026-04-14 06:13:00,15号桥节制闸,1.9
2026-04-14 06:18:00,15号桥节制闸,1.9
2026-04-14 06:24:00,15号桥节制闸,1.9
2026-04-14 06:29:00,15号桥节制闸,1.9
2026-04-14 06:34:00,15号桥节制闸,1.9
2026-04-14 06:40:00,15号桥节制闸,1.91
2026-04-14 06:45:00,15号桥节制闸,1.91
2026-04-14 06:50:00,15号桥节制闸,1.91
2026-04-14 06:56:00,15号桥节制闸,1.91
2026-04-14 07:01:00,15号桥节制闸,1.91
2026-04-14 07:06:00,15号桥节制闸,1.9
2026-04-14 07:12:00,15号桥节制闸,1.9
2026-04-14 07:17:00,15号桥节制闸,1.9
2026-04-14 07:22:00,15号桥节制闸,1.9
2026-04-14 07:27:00,15号桥节制闸,1.9
2026-04-14 07:33:00,15号桥节制闸,1.9
2026-04-14 07:38:00,15号桥节制闸,1.89
2026-04-14 07:43:00,15号桥节制闸,1.89
2026-04-14 07:48:00,15号桥节制闸,1.89
2026-04-14 07:53:00,15号桥节制闸,1.89
2026-04-14 07:58:00,15号桥节制闸,1.89
2026-04-14 08:03:00,15号桥节制闸,1.88
2026-04-14 08:08:00,15号桥节制闸,1.88
2026-04-14 08:14:00,15号桥节制闸,1.88
2026-04-14 08:19:00,15号桥节制闸,1.88
2026-04-14 08:24:00,15号桥节制闸,1.88
2026-04-14 08:29:00,15号桥节制闸,1.87
2026-04-14 08:34:00,15号桥节制闸,1.87
2026-04-14 08:39:00,15号桥节制闸,1.87
2026-04-14 08:44:00,15号桥节制闸,1.86
2026-04-14 08:49:00,15号桥节制闸,1.86
2026-04-14 08:55:00,15号桥节制闸,1.86
2026-04-14 09:00:00,15号桥节制闸,1.85
2026-04-14 09:05:00,15号桥节制闸,1.85
2026-04-14 09:10:00,15号桥节制闸,1.85
2026-04-14 09:16:00,15号桥节制闸,1.84
2026-04-14 09:21:00,15号桥节制闸,1.84
2026-04-14 09:27:00,15号桥节制闸,1.84
2026-04-14 09:32:00,15号桥节制闸,1.83
2026-04-14 09:37:00,15号桥节制闸,1.83
2026-04-14 09:43:00,15号桥节制闸,1.83
2026-04-14 09:48:00,15号桥节制闸,1.82
2026-04-14 09:53:00,15号桥节制闸,1.82
2026-04-14 09:59:00,15号桥节制闸,1.83
2026-04-14 10:04:00,15号桥节制闸,1.84
2026-04-14 10:09:00,15号桥节制闸,1.83
2026-04-14 10:14:00,15号桥节制闸,1.84
2026-04-14 10:20:00,15号桥节制闸,1.85
2026-04-14 10:25:00,15号桥节制闸,1.85
2026-04-14 10:31:00,15号桥节制闸,1.85
2026-04-14 10:36:00,15号桥节制闸,1.86
2026-04-14 10:41:00,15号桥节制闸,1.85
2026-04-14 10:46:00,15号桥节制闸,1.85
2026-04-14 10:52:00,15号桥节制闸,1.85
2026-04-14 10:57:00,15号桥节制闸,1.85
2026-04-14 11:02:00,15号桥节制闸,1.85
2026-04-14 11:08:00,15号桥节制闸,1.85
2026-04-14 11:13:00,15号桥节制闸,1.85
2026-04-14 11:18:00,15号桥节制闸,1.85
2026-04-14 11:23:00,15号桥节制闸,1.85
2026-04-14 11:28:00,15号桥节制闸,1.85
2026-04-14 11:34:00,15号桥节制闸,1.85
2026-04-14 11:39:00,15号桥节制闸,1.86
2026-04-14 11:44:00,15号桥节制闸,1.85
2026-04-14 11:49:00,15号桥节制闸,1.86
2026-04-14 11:54:00,15号桥节制闸,1.86
2026-04-14 12:00:00,15号桥节制闸,1.86
2026-04-14 12:05:00,15号桥节制闸,1.86
2026-04-14 12:11:00,15号桥节制闸,1.85
2026-04-14 12:16:00,15号桥节制闸,1.86
2026-04-14 12:21:00,15号桥节制闸,1.86
2026-04-14 12:27:00,15号桥节制闸,1.85
2026-04-14 12:32:00,15号桥节制闸,1.86
2026-04-14 12:37:00,15号桥节制闸,1.86
2026-04-14 12:43:00,15号桥节制闸,1.86
2026-04-14 12:48:00,15号桥节制闸,1.86
2026-04-14 12:54:00,15号桥节制闸,1.86
2026-04-14 12:59:00,15号桥节制闸,1.86
2026-04-14 13:05:00,15号桥节制闸,1.86
2026-04-14 13:10:00,15号桥节制闸,1.86
2026-04-14 13:16:00,15号桥节制闸,1.87
2026-04-14 13:21:00,15号桥节制闸,1.87
2026-04-14 13:27:00,15号桥节制闸,1.87
2026-04-14 13:32:00,15号桥节制闸,1.86
2026-04-14 13:37:00,15号桥节制闸,1.85
2026-04-14 13:43:00,15号桥节制闸,1.85
2026-04-14 13:48:00,15号桥节制闸,1.85
2026-04-14 13:53:00,15号桥节制闸,1.85
2026-04-14 13:59:00,15号桥节制闸,1.84
2026-04-14 14:04:00,15号桥节制闸,1.84
2026-04-14 14:09:00,15号桥节制闸,1.83
2026-04-14 14:14:00,15号桥节制闸,1.83
2026-04-14 14:20:00,15号桥节制闸,1.83
2026-04-14 14:25:00,15号桥节制闸,1.82
2026-04-14 14:30:00,15号桥节制闸,1.82
2026-04-14 14:36:00,15号桥节制闸,1.81
2026-04-14 14:41:00,15号桥节制闸,1.81
2026-04-14 14:46:00,15号桥节制闸,1.8
2026-04-14 14:52:00,15号桥节制闸,1.8
2026-04-14 14:57:00,15号桥节制闸,1.8
2026-04-14 15:03:00,15号桥节制闸,1.79
2026-04-14 15:08:00,15号桥节制闸,1.79
2026-04-14 15:13:00,15号桥节制闸,1.79
2026-04-14 15:18:00,15号桥节制闸,1.78
2026-04-14 15:24:00,15号桥节制闸,1.78
2026-04-14 15:29:00,15号桥节制闸,1.77
2026-04-14 15:35:00,15号桥节制闸,1.77
2026-04-14 15:40:00,15号桥节制闸,1.77
2026-04-14 15:46:00,15号桥节制闸,1.76
2026-04-14 15:51:00,15号桥节制闸,1.77
2026-04-14 15:57:00,15号桥节制闸,1.77
2026-04-14 16:02:00,15号桥节制闸,1.76
2026-04-14 16:07:00,15号桥节制闸,1.77
2026-04-14 16:13:00,15号桥节制闸,1.77
2026-04-14 16:18:00,15号桥节制闸,1.77
2026-04-14 16:23:00,15号桥节制闸,1.77
2026-04-14 16:28:00,15号桥节制闸,1.77
2026-04-14 16:54:00,15号桥节制闸,1.77
2026-04-14 16:59:00,15号桥节制闸,1.77
2026-04-14 17:05:00,15号桥节制闸,1.77
2026-04-14 17:10:00,15号桥节制闸,1.77
2026-04-14 17:15:00,15号桥节制闸,1.77
2026-04-14 17:21:00,15号桥节制闸,1.77
2026-04-14 17:26:00,15号桥节制闸,1.77
2026-04-14 17:31:00,15号桥节制闸,1.78
2026-04-14 17:37:00,15号桥节制闸,1.78
2026-04-14 17:42:00,15号桥节制闸,1.78
2026-04-14 17:47:00,15号桥节制闸,1.78
2026-04-14 17:52:00,15号桥节制闸,1.78
2026-04-14 17:58:00,15号桥节制闸,1.78
2026-04-14 18:03:00,15号桥节制闸,1.78
2026-04-14 18:08:00,15号桥节制闸,1.78
2026-04-14 18:13:00,15号桥节制闸,1.78
2026-04-14 18:18:00,15号桥节制闸,1.78
2026-04-14 18:24:00,15号桥节制闸,1.78
2026-04-14 18:29:00,15号桥节制闸,1.78
2026-04-14 18:34:00,15号桥节制闸,1.79
2026-04-14 18:39:00,15号桥节制闸,1.79
2026-04-14 18:45:00,15号桥节制闸,1.79
2026-04-14 18:50:00,15号桥节制闸,1.79
2026-04-14 18:55:00,15号桥节制闸,1.79
2026-04-14 19:01:00,15号桥节制闸,1.79
2026-04-14 19:06:00,15号桥节制闸,1.79
2026-04-14 19:11:00,15号桥节制闸,1.79
2026-04-14 19:16:00,15号桥节制闸,1.8
2026-04-14 19:22:00,15号桥节制闸,1.8
2026-04-14 19:27:00,15号桥节制闸,1.8
2026-04-14 19:33:00,15号桥节制闸,1.8
2026-04-14 19:38:00,15号桥节制闸,1.8
2026-04-14 19:43:00,15号桥节制闸,1.8
2026-04-14 19:48:00,15号桥节制闸,1.8
2026-04-14 19:54:00,15号桥节制闸,1.8
2026-04-14 19:59:00,15号桥节制闸,1.81
2026-04-14 20:05:00,15号桥节制闸,1.81
2026-04-14 20:10:00,15号桥节制闸,1.81
2026-04-14 20:15:00,15号桥节制闸,1.81
2026-04-14 20:20:00,15号桥节制闸,1.81
2026-04-14 20:26:00,15号桥节制闸,1.81
2026-04-14 20:31:00,15号桥节制闸,1.81
2026-04-14 20:36:00,15号桥节制闸,1.82
2026-04-14 20:41:00,15号桥节制闸,1.82
2026-04-14 20:47:00,15号桥节制闸,1.82
2026-04-14 20:52:00,15号桥节制闸,1.82
2026-04-14 20:58:00,15号桥节制闸,1.82
2026-04-14 21:03:00,15号桥节制闸,1.83
2026-04-14 21:08:00,15号桥节制闸,1.83
2026-04-14 21:13:00,15号桥节制闸,1.83
2026-04-14 21:19:00,15号桥节制闸,1.83
2026-04-14 21:24:00,15号桥节制闸,1.83
2026-04-14 21:30:00,15号桥节制闸,1.83
2026-04-14 21:35:00,15号桥节制闸,1.83
2026-04-14 21:41:00,15号桥节制闸,1.84
2026-04-14 21:46:00,15号桥节制闸,1.84
2026-04-14 21:51:00,15号桥节制闸,1.84
2026-04-14 21:57:00,15号桥节制闸,1.84
2026-04-14 22:02:00,15号桥节制闸,1.84
2026-04-14 22:07:00,15号桥节制闸,1.84
2026-04-14 22:13:00,15号桥节制闸,1.85
2026-04-14 22:18:00,15号桥节制闸,1.85
2026-04-14 22:24:00,15号桥节制闸,1.85
2026-04-14 22:29:00,15号桥节制闸,1.85
2026-04-14 22:34:00,15号桥节制闸,1.85
2026-04-14 22:40:00,15号桥节制闸,1.85
2026-04-14 22:45:00,15号桥节制闸,1.85
2026-04-14 22:50:00,15号桥节制闸,1.85
2026-04-14 22:55:00,15号桥节制闸,1.86
2026-04-14 23:00:00,15号桥节制闸,1.86
2026-04-14 23:04:00,15号桥节制闸,1.86
2026-04-14 23:11:00,15号桥节制闸,1.86
2026-04-14 23:16:00,15号桥节制闸,1.86
2026-04-14 23:22:00,15号桥节制闸,1.86
2026-04-14 23:27:00,15号桥节制闸,1.86
2026-04-14 23:32:00,15号桥节制闸,1.86
2026-04-14 23:37:00,15号桥节制闸,1.87
2026-04-14 23:42:00,15号桥节制闸,1.87
2026-04-14 23:48:00,15号桥节制闸,1.87
2026-04-14 23:53:00,15号桥节制闸,1.87
2026-04-14 23:58:00,15号桥节制闸,1.87
2026-04-15 00:03:00,15号桥节制闸,1.87
2026-04-15 00:08:00,15号桥节制闸,1.87
2026-04-15 00:13:00,15号桥节制闸,1.87
2026-04-15 00:18:00,15号桥节制闸,1.87
2026-04-15 00:24:00,15号桥节制闸,1.88
2026-04-15 00:29:00,15号桥节制闸,1.88
2026-04-15 00:34:00,15号桥节制闸,1.88
2026-04-15 00:39:00,15号桥节制闸,1.88
2026-04-15 00:44:00,15号桥节制闸,1.88
2026-04-15 00:50:00,15号桥节制闸,1.88
2026-04-15 00:55:00,15号桥节制闸,1.88
2026-04-15 01:00:00,15号桥节制闸,1.89
2026-04-15 01:05:00,15号桥节制闸,1.89
2026-04-15 01:10:00,15号桥节制闸,1.89
2026-04-15 01:16:00,15号桥节制闸,1.89
2026-04-15 01:21:00,15号桥节制闸,1.89
2026-04-15 01:26:00,15号桥节制闸,1.89
2026-04-15 01:32:00,15号桥节制闸,1.89
2026-04-15 01:37:00,15号桥节制闸,1.89
2026-04-15 01:43:00,15号桥节制闸,1.89
2026-04-15 01:48:00,15号桥节制闸,1.89
2026-04-15 01:54:00,15号桥节制闸,1.9
2026-04-15 01:59:00,15号桥节制闸,1.9
2026-04-15 02:04:00,15号桥节制闸,1.9
2026-04-15 02:10:00,15号桥节制闸,1.9
2026-04-15 02:15:00,15号桥节制闸,1.9
2026-04-15 02:21:00,15号桥节制闸,1.9
2026-04-15 02:26:00,15号桥节制闸,1.9
2026-04-15 02:31:00,15号桥节制闸,1.9
2026-04-15 02:37:00,15号桥节制闸,1.91
2026-04-15 02:42:00,15号桥节制闸,1.91
2026-04-15 02:48:00,15号桥节制闸,1.91
2026-04-15 02:53:00,15号桥节制闸,1.91
2026-04-15 02:58:00,15号桥节制闸,1.92
2026-04-15 03:03:00,15号桥节制闸,1.92
2026-04-15 03:09:00,15号桥节制闸,1.92
2026-04-15 03:14:00,15号桥节制闸,1.92
2026-04-15 03:20:00,15号桥节制闸,1.92
2026-04-15 03:25:00,15号桥节制闸,1.92
2026-04-15 03:31:00,15号桥节制闸,1.92
2026-04-15 03:36:00,15号桥节制闸,1.93
2026-04-15 03:42:00,15号桥节制闸,1.93
2026-04-15 03:47:00,15号桥节制闸,1.93
2026-04-15 03:52:00,15号桥节制闸,1.93
2026-04-15 03:58:00,15号桥节制闸,1.93
2026-04-15 04:03:00,15号桥节制闸,1.93
2026-04-15 04:08:00,15号桥节制闸,1.93
2026-04-15 04:14:00,15号桥节制闸,1.93
2026-04-15 04:19:00,15号桥节制闸,1.93
2026-04-15 04:24:00,15号桥节制闸,1.93
2026-04-15 04:29:00,15号桥节制闸,1.94
2026-04-15 04:35:00,15号桥节制闸,1.94
2026-04-15 04:40:00,15号桥节制闸,1.94
2026-04-15 04:45:00,15号桥节制闸,1.94
2026-04-15 04:51:00,15号桥节制闸,1.94
2026-04-15 04:56:00,15号桥节制闸,1.94
2026-04-15 05:01:00,15号桥节制闸,1.94
2026-04-15 05:06:00,15号桥节制闸,1.94
2026-04-15 05:11:00,15号桥节制闸,1.94
2026-04-15 05:17:00,15号桥节制闸,1.94
2026-04-15 05:22:00,15号桥节制闸,1.93
2026-04-15 05:27:00,15号桥节制闸,1.93
2026-04-15 05:33:00,15号桥节制闸,1.92
2026-04-15 05:38:00,15号桥节制闸,1.92
2026-04-15 05:43:00,15号桥节制闸,1.92
2026-04-15 05:48:00,15号桥节制闸,1.92
2026-04-15 05:54:00,15号桥节制闸,1.92
2026-04-15 05:59:00,15号桥节制闸,1.91
2026-04-15 06:05:00,15号桥节制闸,1.91
2026-04-15 06:10:00,15号桥节制闸,1.91
2026-04-15 06:15:00,15号桥节制闸,1.91
2026-04-15 06:20:00,15号桥节制闸,1.91
2026-04-15 06:25:00,15号桥节制闸,1.9
2026-04-15 06:30:00,15号桥节制闸,1.9
2026-04-15 06:36:00,15号桥节制闸,1.9
2026-04-15 06:41:00,15号桥节制闸,1.9
2026-04-15 06:46:00,15号桥节制闸,1.9
2026-04-15 06:51:00,15号桥节制闸,1.89
2026-04-15 06:56:00,15号桥节制闸,1.89
2026-04-15 07:02:00,15号桥节制闸,1.89
2026-04-15 07:07:00,15号桥节制闸,1.88
2026-04-15 07:12:00,15号桥节制闸,1.88
2026-04-15 07:18:00,15号桥节制闸,1.88
2026-04-15 07:23:00,15号桥节制闸,1.87
2026-04-15 07:28:00,15号桥节制闸,1.87
2026-04-15 07:34:00,15号桥节制闸,1.87
2026-04-15 07:39:00,15号桥节制闸,1.87
2026-04-15 07:44:00,15号桥节制闸,1.87
2026-04-15 07:50:00,15号桥节制闸,1.87
2026-04-15 07:55:00,15号桥节制闸,1.87
2026-04-15 08:00:00,15号桥节制闸,1.87
2026-04-15 08:06:00,15号桥节制闸,1.87
2026-04-15 08:11:00,15号桥节制闸,1.86
2026-04-15 08:17:00,15号桥节制闸,1.86
2026-04-15 08:22:00,15号桥节制闸,1.86
2026-04-15 08:27:00,15号桥节制闸,1.86
2026-04-15 08:32:00,15号桥节制闸,1.86
2026-04-15 08:37:00,15号桥节制闸,1.86
2026-04-15 08:43:00,15号桥节制闸,1.86
2026-04-15 08:48:00,15号桥节制闸,1.86
2026-04-15 08:54:00,15号桥节制闸,1.86
2026-04-15 08:59:00,15号桥节制闸,1.86
2026-04-15 09:04:00,15号桥节制闸,1.86
2026-04-15 09:10:00,15号桥节制闸,1.86
2026-04-15 09:15:00,15号桥节制闸,1.86
2026-04-15 09:20:00,15号桥节制闸,1.86
2026-04-15 09:26:00,15号桥节制闸,1.86
2026-04-15 09:31:00,15号桥节制闸,1.86
2026-04-15 09:36:00,15号桥节制闸,1.86
2026-04-15 09:42:00,15号桥节制闸,1.86
2026-04-15 09:47:00,15号桥节制闸,1.86
2026-04-15 09:52:00,15号桥节制闸,1.86
2026-04-15 09:57:00,15号桥节制闸,1.86
2026-04-15 10:02:00,15号桥节制闸,1.86
2026-04-15 10:07:00,15号桥节制闸,1.86
2026-04-15 10:13:00,15号桥节制闸,1.87
2026-04-15 10:18:00,15号桥节制闸,1.87
2026-04-15 10:23:00,15号桥节制闸,1.87
2026-04-15 10:28:00,15号桥节制闸,1.86
2026-04-15 10:33:00,15号桥节制闸,1.86
2026-04-15 10:38:00,15号桥节制闸,1.86
2026-04-15 10:43:00,15号桥节制闸,1.87
2026-04-15 10:49:00,15号桥节制闸,1.87
2026-04-15 10:54:00,15号桥节制闸,1.87
2026-04-15 10:59:00,15号桥节制闸,1.87
2026-04-15 11:04:00,15号桥节制闸,1.87
2026-04-15 11:10:00,15号桥节制闸,1.87
2026-04-15 11:15:00,15号桥节制闸,1.87
2026-04-15 11:21:00,15号桥节制闸,1.88
2026-04-15 11:26:00,15号桥节制闸,1.88
2026-04-15 11:31:00,15号桥节制闸,1.88
2026-04-15 11:36:00,15号桥节制闸,1.88
2026-04-15 11:41:00,15号桥节制闸,1.88
2026-04-15 11:46:00,15号桥节制闸,1.88
2026-04-15 11:52:00,15号桥节制闸,1.89
2026-04-15 11:57:00,15号桥节制闸,1.89
2026-04-15 12:02:00,15号桥节制闸,1.88
2026-04-15 12:07:00,15号桥节制闸,1.88
2026-04-15 12:13:00,15号桥节制闸,1.89
2026-04-15 12:18:00,15号桥节制闸,1.88
2026-04-15 12:24:00,15号桥节制闸,1.89
2026-04-15 12:29:00,15号桥节制闸,1.89
2026-04-15 12:35:00,15号桥节制闸,1.89
2026-04-15 12:40:00,15号桥节制闸,1.89
2026-04-15 12:45:00,15号桥节制闸,1.89
2026-04-15 12:50:00,15号桥节制闸,1.89
2026-04-15 12:55:00,15号桥节制闸,1.89
2026-04-15 13:01:00,15号桥节制闸,1.89
2026-04-15 13:06:00,15号桥节制闸,1.89
2026-04-15 13:12:00,15号桥节制闸,1.89
2026-04-15 13:17:00,15号桥节制闸,1.89
2026-04-15 13:23:00,15号桥节制闸,1.89
2026-04-15 13:28:00,15号桥节制闸,1.89
2026-04-15 13:34:00,15号桥节制闸,1.89
2026-04-15 13:39:00,15号桥节制闸,1.89
2026-04-15 13:44:00,15号桥节制闸,1.89
2026-04-15 13:50:00,15号桥节制闸,1.89
2026-04-15 13:55:00,15号桥节制闸,1.89
2026-04-15 14:00:00,15号桥节制闸,1.89
2026-04-15 14:06:00,15号桥节制闸,1.88
2026-04-15 14:11:00,15号桥节制闸,1.89
2026-04-15 14:16:00,15号桥节制闸,1.89
2026-04-15 14:21:00,15号桥节制闸,1.89
2026-04-15 14:26:00,15号桥节制闸,1.9
2026-04-15 14:32:00,15号桥节制闸,1.9
2026-04-15 14:37:00,15号桥节制闸,1.9
2026-04-15 14:43:00,15号桥节制闸,1.9
2026-04-15 14:48:00,15号桥节制闸,1.9
2026-04-15 14:53:00,15号桥节制闸,1.9
2026-04-15 14:59:00,15号桥节制闸,1.9
2026-04-15 15:04:00,15号桥节制闸,1.9
2026-04-15 15:09:00,15号桥节制闸,1.9
2026-04-15 15:14:00,15号桥节制闸,1.9
2026-04-15 15:20:00,15号桥节制闸,1.9
2026-04-15 15:25:00,15号桥节制闸,1.9
2026-04-15 15:30:00,15号桥节制闸,1.9
2026-04-15 15:36:00,15号桥节制闸,1.9
2026-04-15 15:41:00,15号桥节制闸,1.9
2026-04-15 15:46:00,15号桥节制闸,1.9
2026-04-15 15:51:00,15号桥节制闸,1.9
2026-04-15 15:56:00,15号桥节制闸,1.91
2026-04-15 16:02:00,15号桥节制闸,1.91
2026-04-15 16:07:00,15号桥节制闸,1.9
2026-04-15 16:12:00,15号桥节制闸,1.9
2026-04-15 16:17:00,15号桥节制闸,1.91
2026-04-15 16:22:00,15号桥节制闸,1.91
2026-04-15 16:27:00,15号桥节制闸,1.91
2026-04-15 16:33:00,15号桥节制闸,1.91
2026-04-15 16:38:00,15号桥节制闸,1.91
2026-04-15 16:43:00,15号桥节制闸,1.91
2026-04-15 16:48:00,15号桥节制闸,1.91
2026-04-15 16:54:00,15号桥节制闸,1.92
2026-04-15 16:59:00,15号桥节制闸,1.92
2026-04-15 17:04:00,15号桥节制闸,1.92
2026-04-15 17:10:00,15号桥节制闸,1.92
2026-04-15 17:15:00,15号桥节制闸,1.92
2026-04-15 17:20:00,15号桥节制闸,1.92
2026-04-15 17:26:00,15号桥节制闸,1.92
2026-04-15 17:31:00,15号桥节制闸,1.93
2026-04-15 17:36:00,15号桥节制闸,1.93
2026-04-15 17:41:00,15号桥节制闸,1.93
2026-04-15 17:47:00,15号桥节制闸,1.93
2026-04-15 17:52:00,15号桥节制闸,1.93
2026-04-15 17:58:00,15号桥节制闸,1.93
2026-04-15 18:03:00,15号桥节制闸,1.93
2026-04-15 18:08:00,15号桥节制闸,1.92
2026-04-15 18:14:00,15号桥节制闸,1.92
2026-04-15 18:19:00,15号桥节制闸,1.92
2026-04-15 18:25:00,15号桥节制闸,1.92
2026-04-15 18:30:00,15号桥节制闸,1.92
2026-04-15 18:35:00,15号桥节制闸,1.92
2026-04-15 18:41:00,15号桥节制闸,1.92
2026-04-15 18:46:00,15号桥节制闸,1.92
2026-04-15 18:51:00,15号桥节制闸,1.92
2026-04-15 18:57:00,15号桥节制闸,1.91
2026-04-15 19:02:00,15号桥节制闸,1.91
2026-04-15 19:07:00,15号桥节制闸,1.91
2026-04-15 19:12:00,15号桥节制闸,1.91
2026-04-15 19:17:00,15号桥节制闸,1.91
2026-04-15 19:23:00,15号桥节制闸,1.91
2026-04-15 19:28:00,15号桥节制闸,1.91
2026-04-15 19:33:00,15号桥节制闸,1.91
2026-04-15 19:39:00,15号桥节制闸,1.91
2026-04-15 19:44:00,15号桥节制闸,1.91
2026-04-15 19:49:00,15号桥节制闸,1.91
2026-04-15 19:55:00,15号桥节制闸,1.9
2026-04-15 20:00:00,15号桥节制闸,1.9
2026-04-15 20:06:00,15号桥节制闸,1.9
2026-04-15 20:11:00,15号桥节制闸,1.9
2026-04-15 20:16:00,15号桥节制闸,1.9
2026-04-15 20:21:00,15号桥节制闸,1.9
2026-04-15 20:26:00,15号桥节制闸,1.9
2026-04-15 20:32:00,15号桥节制闸,1.9
2026-04-15 20:37:00,15号桥节制闸,1.9
2026-04-15 20:43:00,15号桥节制闸,1.9
2026-04-15 20:48:00,15号桥节制闸,1.9
2026-04-15 20:53:00,15号桥节制闸,1.89
2026-04-15 20:58:00,15号桥节制闸,1.89
2026-04-15 21:03:00,15号桥节制闸,1.89
2026-04-15 21:09:00,15号桥节制闸,1.89
2026-04-15 21:14:00,15号桥节制闸,1.89
2026-04-15 21:19:00,15号桥节制闸,1.89
2026-04-15 21:24:00,15号桥节制闸,1.89
2026-04-15 21:30:00,15号桥节制闸,1.88
2026-04-15 21:35:00,15号桥节制闸,1.88
2026-04-15 21:40:00,15号桥节制闸,1.88
2026-04-15 21:45:00,15号桥节制闸,1.88
2026-04-15 21:51:00,15号桥节制闸,1.87
2026-04-15 21:56:00,15号桥节制闸,1.87
2026-04-15 22:01:00,15号桥节制闸,1.87
2026-04-15 22:06:00,15号桥节制闸,1.87
2026-04-15 22:11:00,15号桥节制闸,1.87
2026-04-15 22:17:00,15号桥节制闸,1.86
2026-04-15 22:22:00,15号桥节制闸,1.86
2026-04-15 22:27:00,15号桥节制闸,1.85
2026-04-15 22:32:00,15号桥节制闸,1.85
2026-04-15 22:38:00,15号桥节制闸,1.85
2026-04-15 22:43:00,15号桥节制闸,1.85
2026-04-15 22:49:00,15号桥节制闸,1.86
2026-04-15 22:54:00,15号桥节制闸,1.87
2026-04-15 22:59:00,15号桥节制闸,1.87
2026-04-15 23:03:00,15号桥节制闸,1.87
2026-04-15 23:10:00,15号桥节制闸,1.87
2026-04-15 23:15:00,15号桥节制闸,1.88
2026-04-15 23:20:00,15号桥节制闸,1.88
2026-04-15 23:25:00,15号桥节制闸,1.88
2026-04-15 23:30:00,15号桥节制闸,1.88
2026-04-15 23:36:00,15号桥节制闸,1.88
2026-04-15 23:41:00,15号桥节制闸,1.88
2026-04-15 23:46:00,15号桥节制闸,1.88
2026-04-15 23:52:00,15号桥节制闸,1.88
2026-04-15 23:57:00,15号桥节制闸,1.88
2026-04-16 00:02:00,15号桥节制闸,1.88
2026-04-16 00:08:00,15号桥节制闸,1.88
2026-04-16 00:13:00,15号桥节制闸,1.87
2026-04-16 00:19:00,15号桥节制闸,1.87
2026-04-16 00:24:00,15号桥节制闸,1.87
2026-04-16 00:30:00,15号桥节制闸,1.87
2026-04-16 00:35:00,15号桥节制闸,1.86
2026-04-16 00:40:00,15号桥节制闸,1.86
2026-04-16 00:46:00,15号桥节制闸,1.86
2026-04-16 00:51:00,15号桥节制闸,1.86
2026-04-16 00:56:00,15号桥节制闸,1.85
2026-04-16 01:01:00,15号桥节制闸,1.85
2026-04-16 01:06:00,15号桥节制闸,1.83
2026-04-16 01:12:00,15号桥节制闸,1.83
2026-04-16 01:17:00,15号桥节制闸,1.82
2026-04-16 01:22:00,15号桥节制闸,1.81
2026-04-16 01:28:00,15号桥节制闸,1.8
2026-04-16 01:33:00,15号桥节制闸,1.79
2026-04-16 01:39:00,15号桥节制闸,1.79
2026-04-16 01:44:00,15号桥节制闸,1.78
2026-04-16 01:49:00,15号桥节制闸,1.77
2026-04-16 01:55:00,15号桥节制闸,1.76
2026-04-16 02:00:00,15号桥节制闸,1.76
2026-04-16 02:05:00,15号桥节制闸,1.75
2026-04-16 02:11:00,15号桥节制闸,1.75
2026-04-16 02:16:00,15号桥节制闸,1.74
2026-04-16 02:21:00,15号桥节制闸,1.73
2026-04-16 02:26:00,15号桥节制闸,1.73
2026-04-16 02:32:00,15号桥节制闸,1.72
2026-04-16 02:37:00,15号桥节制闸,1.72
2026-04-16 02:42:00,15号桥节制闸,1.71
2026-04-16 02:47:00,15号桥节制闸,1.72
2026-04-16 02:52:00,15号桥节制闸,1.72
2026-04-16 02:58:00,15号桥节制闸,1.72
2026-04-16 03:03:00,15号桥节制闸,1.72
2026-04-16 03:08:00,15号桥节制闸,1.72
2026-04-16 03:13:00,15号桥节制闸,1.72
2026-04-16 03:19:00,15号桥节制闸,1.72
2026-04-16 03:24:00,15号桥节制闸,1.73
2026-04-16 03:29:00,15号桥节制闸,1.73
2026-04-16 03:35:00,15号桥节制闸,1.73
2026-04-16 03:40:00,15号桥节制闸,1.73
2026-04-16 03:45:00,15号桥节制闸,1.74
2026-04-16 03:50:00,15号桥节制闸,1.74
2026-04-16 03:55:00,15号桥节制闸,1.74
2026-04-16 04:01:00,15号桥节制闸,1.75
2026-04-16 04:06:00,15号桥节制闸,1.75
2026-04-16 04:11:00,15号桥节制闸,1.76
2026-04-16 04:17:00,15号桥节制闸,1.76
2026-04-16 04:22:00,15号桥节制闸,1.77
2026-04-16 04:27:00,15号桥节制闸,1.76
2026-04-16 04:33:00,15号桥节制闸,1.77
2026-04-16 04:38:00,15号桥节制闸,1.77
2026-04-16 04:43:00,15号桥节制闸,1.77
2026-04-16 04:48:00,15号桥节制闸,1.78
2026-04-16 04:54:00,15号桥节制闸,1.78
2026-04-16 04:59:00,15号桥节制闸,1.78
2026-04-16 05:04:00,15号桥节制闸,1.79
2026-04-16 05:09:00,15号桥节制闸,1.79
2026-04-16 05:15:00,15号桥节制闸,1.8
2026-04-16 05:20:00,15号桥节制闸,1.8
2026-04-16 05:25:00,15号桥节制闸,1.81
2026-04-16 05:31:00,15号桥节制闸,1.81
2026-04-16 05:36:00,15号桥节制闸,1.82
2026-04-16 05:41:00,15号桥节制闸,1.82
2026-04-16 05:46:00,15号桥节制闸,1.83
2026-04-16 05:52:00,15号桥节制闸,1.83
2026-04-16 05:57:00,15号桥节制闸,1.83
2026-04-16 06:03:00,15号桥节制闸,1.83
2026-04-16 06:08:00,15号桥节制闸,1.83
2026-04-16 06:13:00,15号桥节制闸,1.84
2026-04-16 06:19:00,15号桥节制闸,1.84
2026-04-16 06:24:00,15号桥节制闸,1.85
2026-04-16 06:30:00,15号桥节制闸,1.85
2026-04-16 06:35:00,15号桥节制闸,1.85
2026-04-16 06:41:00,15号桥节制闸,1.86
2026-04-16 06:46:00,15号桥节制闸,1.86
2026-04-16 06:51:00,15号桥节制闸,1.86
2026-04-16 06:57:00,15号桥节制闸,1.87
2026-04-16 07:02:00,15号桥节制闸,1.87
2026-04-16 07:08:00,15号桥节制闸,1.87
2026-04-16 07:13:00,15号桥节制闸,1.87
2026-04-16 07:19:00,15号桥节制闸,1.87
2026-04-16 07:24:00,15号桥节制闸,1.87
2026-04-16 07:29:00,15号桥节制闸,1.87
2026-04-16 07:35:00,15号桥节制闸,1.87
2026-04-16 07:40:00,15号桥节制闸,1.87
2026-04-16 07:45:00,15号桥节制闸,1.87
2026-04-16 07:50:00,15号桥节制闸,1.87
2026-04-16 07:55:00,15号桥节制闸,1.87
2026-04-16 08:01:00,15号桥节制闸,1.87
2026-04-16 08:06:00,15号桥节制闸,1.87
2026-04-16 08:11:00,15号桥节制闸,1.87
2026-04-16 08:16:00,15号桥节制闸,1.87
2026-04-16 08:21:00,15号桥节制闸,1.87
2026-04-16 08:27:00,15号桥节制闸,1.87
2026-04-16 08:32:00,15号桥节制闸,1.87
2026-04-16 08:37:00,15号桥节制闸,1.87
2026-04-16 08:42:00,15号桥节制闸,1.87
2026-04-16 08:47:00,15号桥节制闸,1.87
2026-04-16 08:52:00,15号桥节制闸,1.87
2026-04-16 08:58:00,15号桥节制闸,1.87
2026-04-16 09:03:00,15号桥节制闸,1.87
2026-04-16 09:09:00,15号桥节制闸,1.88
2026-04-16 09:14:00,15号桥节制闸,1.88
2026-04-16 09:19:00,15号桥节制闸,1.88
2026-04-16 09:25:00,15号桥节制闸,1.88
2026-04-16 09:30:00,15号桥节制闸,1.87
2026-04-16 09:35:00,15号桥节制闸,1.88
2026-04-16 09:40:00,15号桥节制闸,1.88
2026-04-16 09:46:00,15号桥节制闸,1.88
2026-04-16 09:51:00,15号桥节制闸,1.87
2026-04-16 09:57:00,15号桥节制闸,1.88
2026-04-16 10:02:00,15号桥节制闸,1.88
2026-04-16 10:07:00,15号桥节制闸,1.87
2026-04-16 10:12:00,15号桥节制闸,1.88
2026-04-16 10:17:00,15号桥节制闸,1.87
2026-04-16 10:22:00,15号桥节制闸,1.87
2026-04-16 10:28:00,15号桥节制闸,1.88
2026-04-16 10:33:00,15号桥节制闸,1.88
2026-04-16 10:38:00,15号桥节制闸,1.88
2026-04-16 10:43:00,15号桥节制闸,1.88
2026-04-16 10:48:00,15号桥节制闸,1.88
2026-04-16 10:54:00,15号桥节制闸,1.88
2026-04-16 10:59:00,15号桥节制闸,1.88
2026-04-16 11:04:00,15号桥节制闸,1.88
2026-04-16 11:09:00,15号桥节制闸,1.87
2026-04-16 11:14:00,15号桥节制闸,1.87
2026-04-16 11:20:00,15号桥节制闸,1.87
2026-04-16 11:25:00,15号桥节制闸,1.87
2026-04-16 11:31:00,15号桥节制闸,1.87
2026-04-16 11:36:00,15号桥节制闸,1.87
2026-04-16 11:41:00,15号桥节制闸,1.86
2026-04-16 11:46:00,15号桥节制闸,1.86
2026-04-16 11:51:00,15号桥节制闸,1.86
2026-04-16 11:57:00,15号桥节制闸,1.86
2026-04-16 12:02:00,15号桥节制闸,1.86
2026-04-16 12:07:00,15号桥节制闸,1.86
2026-04-16 12:13:00,15号桥节制闸,1.86
2026-04-16 12:18:00,15号桥节制闸,1.85
2026-04-16 12:23:00,15号桥节制闸,1.85
2026-04-16 12:28:00,15号桥节制闸,1.85
2026-04-16 12:33:00,15号桥节制闸,1.85
2026-04-16 12:39:00,15号桥节制闸,1.85
2026-04-16 12:44:00,15号桥节制闸,1.84
2026-04-16 12:49:00,15号桥节制闸,1.84
2026-04-16 12:54:00,15号桥节制闸,1.84
2026-04-16 12:59:00,15号桥节制闸,1.84
2026-04-16 13:05:00,15号桥节制闸,1.84
2026-04-16 13:10:00,15号桥节制闸,1.83
2026-04-16 13:15:00,15号桥节制闸,1.83
2026-04-16 13:20:00,15号桥节制闸,1.83
2026-04-16 13:25:00,15号桥节制闸,1.83
2026-04-16 13:31:00,15号桥节制闸,1.83
2026-04-16 13:36:00,15号桥节制闸,1.83
2026-04-16 13:41:00,15号桥节制闸,1.82
2026-04-16 13:46:00,15号桥节制闸,1.82
2026-04-16 13:52:00,15号桥节制闸,1.82
2026-04-16 13:57:00,15号桥节制闸,1.82
2026-04-16 14:02:00,15号桥节制闸,1.83
2026-04-16 14:07:00,15号桥节制闸,1.83
2026-04-16 14:13:00,15号桥节制闸,1.82
2026-04-16 14:18:00,15号桥节制闸,1.82
2026-04-16 14:24:00,15号桥节制闸,1.82
2026-04-16 14:29:00,15号桥节制闸,1.83
2026-04-16 14:35:00,15号桥节制闸,1.82
2026-04-16 14:40:00,15号桥节制闸,1.82
2026-04-16 14:45:00,15号桥节制闸,1.82
2026-04-16 14:51:00,15号桥节制闸,1.82
2026-04-16 14:56:00,15号桥节制闸,1.83
2026-04-16 15:02:00,15号桥节制闸,1.82
2026-04-16 15:07:00,15号桥节制闸,1.82
2026-04-16 15:12:00,15号桥节制闸,1.82
2026-04-16 15:18:00,15号桥节制闸,1.82
2026-04-16 15:23:00,15号桥节制闸,1.82
2026-04-16 15:28:00,15号桥节制闸,1.82
2026-04-16 15:34:00,15号桥节制闸,1.82
2026-04-16 15:39:00,15号桥节制闸,1.82
2026-04-16 15:44:00,15号桥节制闸,1.82
2026-04-16 15:50:00,15号桥节制闸,1.82
2026-04-16 15:55:00,15号桥节制闸,1.8
2026-04-16 16:01:00,15号桥节制闸,1.8
2026-04-16 16:06:00,15号桥节制闸,1.79
2026-04-16 16:11:00,15号桥节制闸,1.79
2026-04-16 16:16:00,15号桥节制闸,1.79
2026-04-16 16:22:00,15号桥节制闸,1.79
2026-04-16 16:27:00,15号桥节制闸,1.78
2026-04-16 16:33:00,15号桥节制闸,1.77
2026-04-16 16:38:00,15号桥节制闸,1.77
2026-04-16 16:43:00,15号桥节制闸,1.77
2026-04-16 16:48:00,15号桥节制闸,1.76
2026-04-16 16:53:00,15号桥节制闸,1.76
2026-04-16 16:59:00,15号桥节制闸,1.76
2026-04-16 17:04:00,15号桥节制闸,1.77
2026-04-16 17:09:00,15号桥节制闸,1.78
2026-04-16 17:15:00,15号桥节制闸,1.78
2026-04-16 17:20:00,15号桥节制闸,1.77
2026-04-16 17:25:00,15号桥节制闸,1.77
2026-04-16 17:31:00,15号桥节制闸,1.79
2026-04-16 17:36:00,15号桥节制闸,1.79
2026-04-16 17:41:00,15号桥节制闸,1.82
2026-04-16 17:47:00,15号桥节制闸,1.83
2026-04-16 17:52:00,15号桥节制闸,1.84
2026-04-16 17:57:00,15号桥节制闸,1.84
2026-04-16 18:02:00,15号桥节制闸,1.84
2026-04-16 18:08:00,15号桥节制闸,1.84
2026-04-16 18:13:00,15号桥节制闸,1.84
2026-04-16 18:18:00,15号桥节制闸,1.84
2026-04-16 18:24:00,15号桥节制闸,1.84
2026-04-16 18:29:00,15号桥节制闸,1.83
2026-04-16 18:34:00,15号桥节制闸,1.82
2026-04-16 18:39:00,15号桥节制闸,1.82
2026-04-16 18:45:00,15号桥节制闸,1.81
2026-04-16 18:50:00,15号桥节制闸,1.81
2026-04-16 18:55:00,15号桥节制闸,1.8
2026-04-16 19:01:00,15号桥节制闸,1.79
2026-04-16 19:06:00,15号桥节制闸,1.79
2026-04-16 19:12:00,15号桥节制闸,1.78
2026-04-16 19:17:00,15号桥节制闸,1.78
2026-04-16 19:22:00,15号桥节制闸,1.76
2026-04-16 19:27:00,15号桥节制闸,1.76
2026-04-16 19:33:00,15号桥节制闸,1.76
2026-04-16 19:38:00,15号桥节制闸,1.75
2026-04-16 19:43:00,15号桥节制闸,1.75
2026-04-16 19:48:00,15号桥节制闸,1.74
2026-04-16 19:53:00,15号桥节制闸,1.74
2026-04-16 19:59:00,15号桥节制闸,1.74
2026-04-16 20:04:00,15号桥节制闸,1.74
2026-04-16 20:09:00,15号桥节制闸,1.74
2026-04-16 20:14:00,15号桥节制闸,1.74
2026-04-16 20:20:00,15号桥节制闸,1.73
2026-04-16 20:25:00,15号桥节制闸,1.73
2026-04-16 20:30:00,15号桥节制闸,1.73
2026-04-16 20:36:00,15号桥节制闸,1.73
2026-04-16 20:41:00,15号桥节制闸,1.73
2026-04-16 20:47:00,15号桥节制闸,1.74
2026-04-16 20:52:00,15号桥节制闸,1.7
2026-04-16 20:57:00,15号桥节制闸,1.71
2026-04-16 21:03:00,15号桥节制闸,1.71
2026-04-16 21:08:00,15号桥节制闸,1.71
2026-04-16 21:13:00,15号桥节制闸,1.71
2026-04-16 21:18:00,15号桥节制闸,1.71
2026-04-16 21:24:00,15号桥节制闸,1.71
2026-04-16 21:29:00,15号桥节制闸,1.71
2026-04-16 21:34:00,15号桥节制闸,1.71
2026-04-16 21:40:00,15号桥节制闸,1.71
2026-04-16 21:45:00,15号桥节制闸,1.71
2026-04-16 21:50:00,15号桥节制闸,1.71
2026-04-16 21:56:00,15号桥节制闸,1.71
2026-04-16 22:01:00,15号桥节制闸,1.7
2026-04-16 22:07:00,15号桥节制闸,1.7
2026-04-16 22:12:00,15号桥节制闸,1.7
2026-04-16 22:18:00,15号桥节制闸,1.7
2026-04-16 22:23:00,15号桥节制闸,1.69
2026-04-16 22:28:00,15号桥节制闸,1.69
2026-04-16 22:34:00,15号桥节制闸,1.69
2026-04-16 22:39:00,15号桥节制闸,1.67
2026-04-16 22:45:00,15号桥节制闸,1.66
2026-04-16 22:50:00,15号桥节制闸,1.66
2026-04-16 22:55:00,15号桥节制闸,1.65
2026-04-16 23:00:00,15号桥节制闸,1.64
2026-04-16 23:04:00,15号桥节制闸,1.63
2026-04-16 23:11:00,15号桥节制闸,1.62
2026-04-16 23:17:00,15号桥节制闸,1.61
2026-04-16 23:22:00,15号桥节制闸,1.61
2026-04-16 23:27:00,15号桥节制闸,1.6
2026-04-16 23:33:00,15号桥节制闸,1.59
2026-04-16 23:38:00,15号桥节制闸,1.58
2026-04-16 23:44:00,15号桥节制闸,1.58
2026-04-16 23:49:00,15号桥节制闸,1.57
2026-04-16 23:54:00,15号桥节制闸,1.56
2026-04-17 00:00:00,15号桥节制闸,1.55
2026-04-17 00:05:00,15号桥节制闸,1.55
2026-04-17 00:11:00,15号桥节制闸,1.54
2026-04-17 00:16:00,15号桥节制闸,1.53
2026-04-17 00:22:00,15号桥节制闸,1.53
2026-04-17 00:27:00,15号桥节制闸,1.52
2026-04-17 00:33:00,15号桥节制闸,1.52
2026-04-17 00:38:00,15号桥节制闸,1.51
2026-04-17 00:44:00,15号桥节制闸,1.5
2026-04-17 00:49:00,15号桥节制闸,1.5
2026-04-17 00:55:00,15号桥节制闸,1.49
2026-04-17 01:00:00,15号桥节制闸,1.49
2026-04-17 01:05:00,15号桥节制闸,1.5
2026-04-17 01:11:00,15号桥节制闸,1.51
2026-04-17 01:16:00,15号桥节制闸,1.5
2026-04-17 01:21:00,15号桥节制闸,1.5
2026-04-17 01:27:00,15号桥节制闸,1.5
2026-04-17 01:32:00,15号桥节制闸,1.5
2026-04-17 01:37:00,15号桥节制闸,1.5
2026-04-17 01:42:00,15号桥节制闸,1.5
2026-04-17 01:47:00,15号桥节制闸,1.5
2026-04-17 01:52:00,15号桥节制闸,1.5
2026-04-17 01:58:00,15号桥节制闸,1.5
2026-04-17 02:03:00,15号桥节制闸,1.5
2026-04-17 02:08:00,15号桥节制闸,1.51
2026-04-17 02:13:00,15号桥节制闸,1.51
2026-04-17 02:19:00,15号桥节制闸,1.51
2026-04-17 02:24:00,15号桥节制闸,1.5
2026-04-17 02:29:00,15号桥节制闸,1.46
2026-04-17 02:35:00,15号桥节制闸,1.43
2026-04-17 02:40:00,15号桥节制闸,1.42
2026-04-17 02:46:00,15号桥节制闸,1.41
2026-04-17 02:51:00,15号桥节制闸,1.4
2026-04-17 02:56:00,15号桥节制闸,1.4
2026-04-17 03:02:00,15号桥节制闸,1.39
2026-04-17 03:07:00,15号桥节制闸,1.39
2026-04-17 03:12:00,15号桥节制闸,1.38
2026-04-17 03:18:00,15号桥节制闸,1.38
2026-04-17 03:23:00,15号桥节制闸,1.37
2026-04-17 03:28:00,15号桥节制闸,1.37
2026-04-17 03:34:00,15号桥节制闸,1.36
2026-04-17 03:39:00,15号桥节制闸,1.36
2026-04-17 03:45:00,15号桥节制闸,1.36
2026-04-17 03:50:00,15号桥节制闸,1.35
2026-04-17 03:55:00,15号桥节制闸,1.35
2026-04-17 04:01:00,15号桥节制闸,1.35
2026-04-17 04:06:00,15号桥节制闸,1.35
2026-04-17 04:11:00,15号桥节制闸,1.34
2026-04-17 04:17:00,15号桥节制闸,1.34
2026-04-17 04:22:00,15号桥节制闸,1.35
2026-04-17 04:28:00,15号桥节制闸,1.35
2026-04-17 04:33:00,15号桥节制闸,1.35
2026-04-17 04:38:00,15号桥节制闸,1.36
2026-04-17 04:44:00,15号桥节制闸,1.37
2026-04-17 04:49:00,15号桥节制闸,1.38
2026-04-17 04:54:00,15号桥节制闸,1.38
2026-04-17 05:00:00,15号桥节制闸,1.4
2026-04-17 05:05:00,15号桥节制闸,1.41
2026-04-17 05:10:00,15号桥节制闸,1.44
2026-04-17 05:16:00,15号桥节制闸,1.46
2026-04-17 05:21:00,15号桥节制闸,1.48
2026-04-17 05:26:00,15号桥节制闸,1.48
2026-04-17 05:32:00,15号桥节制闸,1.47
2026-04-17 05:37:00,15号桥节制闸,1.47
2026-04-17 05:43:00,15号桥节制闸,1.47
2026-04-17 05:48:00,15号桥节制闸,1.47
2026-04-17 05:53:00,15号桥节制闸,1.47
2026-04-17 05:59:00,15号桥节制闸,1.48
2026-04-17 06:04:00,15号桥节制闸,1.48
2026-04-17 06:09:00,15号桥节制闸,1.49
2026-04-17 06:15:00,15号桥节制闸,1.49
2026-04-17 06:20:00,15号桥节制闸,1.5
2026-04-17 06:26:00,15号桥节制闸,1.5
2026-04-17 06:31:00,15号桥节制闸,1.5
2026-04-17 06:36:00,15号桥节制闸,1.51
2026-04-17 06:41:00,15号桥节制闸,1.51
2026-04-17 06:47:00,15号桥节制闸,1.52
2026-04-17 06:52:00,15号桥节制闸,1.53
2026-04-17 06:58:00,15号桥节制闸,1.54
2026-04-17 07:03:00,15号桥节制闸,1.54
2026-04-17 07:08:00,15号桥节制闸,1.52
2026-04-17 07:14:00,15号桥节制闸,1.53
2026-04-17 07:19:00,15号桥节制闸,1.54
2026-04-17 07:24:00,15号桥节制闸,1.54
2026-04-17 07:29:00,15号桥节制闸,1.55
2026-04-17 07:34:00,15号桥节制闸,1.55
2026-04-17 07:40:00,15号桥节制闸,1.56
2026-04-17 07:45:00,15号桥节制闸,1.56
2026-04-17 07:50:00,15号桥节制闸,1.57
2026-04-17 07:55:00,15号桥节制闸,1.58
2026-04-17 08:01:00,15号桥节制闸,1.59
2026-04-17 08:06:00,15号桥节制闸,1.58
2026-04-17 08:11:00,15号桥节制闸,1.59
2026-04-17 08:17:00,15号桥节制闸,1.6
2026-04-17 08:22:00,15号桥节制闸,1.6
2026-04-17 08:27:00,15号桥节制闸,1.62
2026-04-17 08:33:00,15号桥节制闸,1.63
2026-04-17 08:38:00,15号桥节制闸,1.64
2026-04-17 08:43:00,15号桥节制闸,1.64
2026-04-17 08:49:00,15号桥节制闸,1.66
2026-04-17 08:54:00,15号桥节制闸,1.66
2026-04-17 08:59:00,15号桥节制闸,1.67
2026-04-17 09:04:00,15号桥节制闸,1.68
2026-04-17 09:09:00,15号桥节制闸,1.68
2026-04-17 09:15:00,15号桥节制闸,1.68
2026-04-17 09:20:00,15号桥节制闸,1.69
2026-04-17 09:25:00,15号桥节制闸,1.69
2026-04-17 09:30:00,15号桥节制闸,1.72
2026-04-17 09:35:00,15号桥节制闸,1.72
2026-04-17 09:41:00,15号桥节制闸,1.72
2026-04-17 09:46:00,15号桥节制闸,1.74
2026-04-17 09:51:00,15号桥节制闸,1.74
2026-04-17 09:57:00,15号桥节制闸,1.75
2026-04-17 10:02:00,15号桥节制闸,1.74
2026-04-17 10:07:00,15号桥节制闸,1.76
2026-04-17 10:12:00,15号桥节制闸,1.77
2026-04-17 10:18:00,15号桥节制闸,1.78
2026-04-17 10:23:00,15号桥节制闸,1.78
2026-04-17 10:29:00,15号桥节制闸,1.77
2026-04-17 10:34:00,15号桥节制闸,1.78
2026-04-17 10:39:00,15号桥节制闸,1.76
2026-04-17 10:45:00,15号桥节制闸,1.76
2026-04-17 10:50:00,15号桥节制闸,1.78
2026-04-17 10:55:00,15号桥节制闸,1.77
2026-04-17 11:01:00,15号桥节制闸,1.77
2026-04-17 11:06:00,15号桥节制闸,1.76
2026-04-17 11:12:00,15号桥节制闸,1.77
2026-04-17 11:17:00,15号桥节制闸,1.77
2026-04-17 11:22:00,15号桥节制闸,1.77
2026-04-17 11:28:00,15号桥节制闸,1.76
2026-04-17 11:33:00,15号桥节制闸,1.76
2026-04-17 11:38:00,15号桥节制闸,1.76
2026-04-17 11:44:00,15号桥节制闸,1.76
2026-04-17 11:49:00,15号桥节制闸,1.76
2026-04-17 11:55:00,15号桥节制闸,1.76
2026-04-17 12:00:00,15号桥节制闸,1.76
2026-04-17 12:05:00,15号桥节制闸,1.77
2026-04-17 12:10:00,15号桥节制闸,1.77
2026-04-17 12:16:00,15号桥节制闸,1.78
2026-04-17 12:21:00,15号桥节制闸,1.78
2026-04-17 12:26:00,15号桥节制闸,1.78
2026-04-17 12:32:00,15号桥节制闸,1.78
2026-04-17 12:37:00,15号桥节制闸,1.78
2026-04-17 12:42:00,15号桥节制闸,1.79
2026-04-17 12:47:00,15号桥节制闸,1.79
2026-04-17 12:53:00,15号桥节制闸,1.79
2026-04-17 12:58:00,15号桥节制闸,1.79
2026-04-17 13:03:00,15号桥节制闸,1.8
2026-04-17 13:09:00,15号桥节制闸,1.8
2026-04-17 13:14:00,15号桥节制闸,1.8
2026-04-17 13:19:00,15号桥节制闸,1.8
2026-04-17 13:24:00,15号桥节制闸,1.8
2026-04-17 13:30:00,15号桥节制闸,1.81
2026-04-17 13:35:00,15号桥节制闸,1.81
2026-04-17 13:40:00,15号桥节制闸,1.82
2026-04-17 13:46:00,15号桥节制闸,1.81
2026-04-17 13:51:00,15号桥节制闸,1.82
2026-04-17 13:56:00,15号桥节制闸,1.83
2026-04-17 14:01:00,15号桥节制闸,1.83
2026-04-17 14:07:00,15号桥节制闸,1.84
2026-04-17 14:12:00,15号桥节制闸,1.83
2026-04-17 14:17:00,15号桥节制闸,1.83
2026-04-17 14:22:00,15号桥节制闸,1.83
2026-04-17 14:27:00,15号桥节制闸,1.83
2026-04-17 14:32:00,15号桥节制闸,1.83
2026-04-17 14:38:00,15号桥节制闸,1.83
2026-04-17 14:43:00,15号桥节制闸,1.84
2026-04-17 14:49:00,15号桥节制闸,1.84
2026-04-17 14:54:00,15号桥节制闸,1.84
2026-04-17 14:59:00,15号桥节制闸,1.83
2026-04-17 15:05:00,15号桥节制闸,1.83
2026-04-17 15:10:00,15号桥节制闸,1.84
2026-04-17 15:15:00,15号桥节制闸,1.84
2026-04-17 15:20:00,15号桥节制闸,1.83
2026-04-17 15:26:00,15号桥节制闸,1.83
2026-04-17 15:31:00,15号桥节制闸,1.83
2026-04-17 15:36:00,15号桥节制闸,1.83
2026-04-17 15:42:00,15号桥节制闸,1.84
2026-04-17 15:47:00,15号桥节制闸,1.83
2026-04-17 15:52:00,15号桥节制闸,1.84
2026-04-17 15:58:00,15号桥节制闸,1.84
2026-04-17 16:03:00,15号桥节制闸,1.84
2026-04-17 16:08:00,15号桥节制闸,1.83
2026-04-17 16:14:00,15号桥节制闸,1.84
2026-04-17 16:19:00,15号桥节制闸,1.84
2026-04-17 16:25:00,15号桥节制闸,1.84
2026-04-17 16:30:00,15号桥节制闸,1.84
2026-04-17 16:35:00,15号桥节制闸,1.84
2026-04-17 16:41:00,15号桥节制闸,1.84
2026-04-17 16:46:00,15号桥节制闸,1.84
2026-04-17 16:51:00,15号桥节制闸,1.84
2026-04-17 16:56:00,15号桥节制闸,1.85
2026-04-17 17:01:00,15号桥节制闸,1.84
2026-04-17 17:06:00,15号桥节制闸,1.85
2026-04-17 17:11:00,15号桥节制闸,1.84
2026-04-17 17:16:00,15号桥节制闸,1.84
2026-04-17 17:22:00,15号桥节制闸,1.85
2026-04-17 17:27:00,15号桥节制闸,1.85
2026-04-17 17:32:00,15号桥节制闸,1.85
2026-04-17 17:38:00,15号桥节制闸,1.85
2026-04-17 17:43:00,15号桥节制闸,1.85
2026-04-17 17:49:00,15号桥节制闸,1.85
2026-04-17 17:54:00,15号桥节制闸,1.85
2026-04-17 17:59:00,15号桥节制闸,1.85
2026-04-17 18:04:00,15号桥节制闸,1.85
2026-04-17 18:10:00,15号桥节制闸,1.85
2026-04-17 18:15:00,15号桥节制闸,1.84
2026-04-17 18:20:00,15号桥节制闸,1.84
2026-04-17 18:26:00,15号桥节制闸,1.84
2026-04-17 18:31:00,15号桥节制闸,1.83
2026-04-17 18:36:00,15号桥节制闸,1.83
2026-04-17 18:42:00,15号桥节制闸,1.83
2026-04-17 18:47:00,15号桥节制闸,1.83
2026-04-17 18:52:00,15号桥节制闸,1.82
2026-04-17 18:57:00,15号桥节制闸,1.82
2026-04-17 19:02:00,15号桥节制闸,1.82
2026-04-17 19:08:00,15号桥节制闸,1.82
2026-04-17 19:13:00,15号桥节制闸,1.82
2026-04-17 19:19:00,15号桥节制闸,1.82
2026-04-17 19:24:00,15号桥节制闸,1.82
2026-04-17 19:30:00,15号桥节制闸,1.81
2026-04-17 19:35:00,15号桥节制闸,1.81
2026-04-17 19:40:00,15号桥节制闸,1.81
2026-04-17 19:46:00,15号桥节制闸,1.81
2026-04-17 19:51:00,15号桥节制闸,1.81
2026-04-17 19:56:00,15号桥节制闸,1.81
2026-04-17 20:02:00,15号桥节制闸,1.81
2026-04-17 20:07:00,15号桥节制闸,1.81
2026-04-17 20:12:00,15号桥节制闸,1.81
2026-04-17 20:18:00,15号桥节制闸,1.81
2026-04-17 20:23:00,15号桥节制闸,1.81
2026-04-17 20:28:00,15号桥节制闸,1.81
2026-04-17 20:33:00,15号桥节制闸,1.81
2026-04-17 20:38:00,15号桥节制闸,1.81
2026-04-17 20:43:00,15号桥节制闸,1.82
2026-04-17 20:48:00,15号桥节制闸,1.82
2026-04-17 20:54:00,15号桥节制闸,1.81
2026-04-17 20:59:00,15号桥节制闸,1.82
2026-04-17 21:05:00,15号桥节制闸,1.82
2026-04-17 21:10:00,15号桥节制闸,1.82
2026-04-17 21:15:00,15号桥节制闸,1.82
2026-04-17 21:21:00,15号桥节制闸,1.82
2026-04-17 21:26:00,15号桥节制闸,1.83
2026-04-17 21:32:00,15号桥节制闸,1.83
2026-04-17 21:37:00,15号桥节制闸,1.83
2026-04-17 21:43:00,15号桥节制闸,1.83
2026-04-17 21:48:00,15号桥节制闸,1.83
2026-04-17 21:53:00,15号桥节制闸,1.83
2026-04-17 21:58:00,15号桥节制闸,1.83
2026-04-17 22:04:00,15号桥节制闸,1.84
2026-04-17 22:09:00,15号桥节制闸,1.84
2026-04-17 22:14:00,15号桥节制闸,1.84
2026-04-17 22:19:00,15号桥节制闸,1.84
2026-04-17 22:24:00,15号桥节制闸,1.84
2026-04-17 22:29:00,15号桥节制闸,1.84
2026-04-17 22:34:00,15号桥节制闸,1.85
2026-04-17 22:40:00,15号桥节制闸,1.85
2026-04-17 22:45:00,15号桥节制闸,1.85
2026-04-17 22:51:00,15号桥节制闸,1.86
2026-04-17 22:56:00,15号桥节制闸,1.85
2026-04-17 23:01:00,15号桥节制闸,1.86
2026-04-17 23:04:00,15号桥节制闸,1.86
2026-04-17 23:11:00,15号桥节制闸,1.86
2026-04-17 23:17:00,15号桥节制闸,1.86
2026-04-17 23:22:00,15号桥节制闸,1.86
2026-04-17 23:27:00,15号桥节制闸,1.86
2026-04-17 23:32:00,15号桥节制闸,1.86
2026-04-17 23:37:00,15号桥节制闸,1.87
2026-04-17 23:43:00,15号桥节制闸,1.87
2026-04-17 23:48:00,15号桥节制闸,1.87
2026-04-17 23:53:00,15号桥节制闸,1.86
2026-04-17 23:59:00,15号桥节制闸,1.87
2026-04-18 00:04:00,15号桥节制闸,1.87
2026-04-18 00:09:00,15号桥节制闸,1.87
2026-04-18 00:15:00,15号桥节制闸,1.87
2026-04-18 00:20:00,15号桥节制闸,1.87
2026-04-18 00:26:00,15号桥节制闸,1.87
2026-04-18 00:31:00,15号桥节制闸,1.87
2026-04-18 00:36:00,15号桥节制闸,1.87
2026-04-18 00:41:00,15号桥节制闸,1.87
2026-04-18 00:46:00,15号桥节制闸,1.87
2026-04-18 00:51:00,15号桥节制闸,1.88
2026-04-18 00:57:00,15号桥节制闸,1.87
2026-04-18 01:01:00,15号桥节制闸,1.88
2026-04-18 01:09:00,15号桥节制闸,1.88
2026-04-18 01:15:00,15号桥节制闸,1.88
2026-04-18 01:20:00,15号桥节制闸,1.88
2026-04-18 01:25:00,15号桥节制闸,1.88
2026-04-18 01:31:00,15号桥节制闸,1.88
2026-04-18 01:36:00,15号桥节制闸,1.88
2026-04-18 01:41:00,15号桥节制闸,1.88
2026-04-18 01:47:00,15号桥节制闸,1.88
2026-04-18 01:52:00,15号桥节制闸,1.88
2026-04-18 01:57:00,15号桥节制闸,1.89
2026-04-18 02:03:00,15号桥节制闸,1.89
2026-04-18 02:08:00,15号桥节制闸,1.89
2026-04-18 02:13:00,15号桥节制闸,1.89
2026-04-18 02:19:00,15号桥节制闸,1.89
2026-04-18 02:24:00,15号桥节制闸,1.9
2026-04-18 02:30:00,15号桥节制闸,1.9
2026-04-18 02:35:00,15号桥节制闸,1.9
2026-04-18 02:40:00,15号桥节制闸,1.91
2026-04-18 02:46:00,15号桥节制闸,1.92
2026-04-18 02:51:00,15号桥节制闸,1.92
2026-04-18 02:56:00,15号桥节制闸,1.92
2026-04-18 03:01:00,15号桥节制闸,1.93
2026-04-18 03:06:00,15号桥节制闸,1.94
2026-04-18 03:12:00,15号桥节制闸,1.94
2026-04-18 03:17:00,15号桥节制闸,1.94
2026-04-18 03:22:00,15号桥节制闸,1.95
2026-04-18 03:27:00,15号桥节制闸,1.95
2026-04-18 03:32:00,15号桥节制闸,1.96
2026-04-18 03:37:00,15号桥节制闸,1.96
2026-04-18 03:43:00,15号桥节制闸,1.96
2026-04-18 03:48:00,15号桥节制闸,1.97
2026-04-18 03:54:00,15号桥节制闸,1.97
2026-04-18 03:59:00,15号桥节制闸,1.97
2026-04-18 04:05:00,15号桥节制闸,1.98
2026-04-18 04:10:00,15号桥节制闸,1.98
2026-04-18 04:15:00,15号桥节制闸,1.98
2026-04-18 04:21:00,15号桥节制闸,1.99
2026-04-18 04:26:00,15号桥节制闸,1.99
2026-04-18 04:32:00,15号桥节制闸,2.0
2026-04-18 04:37:00,15号桥节制闸,2.0
2026-04-18 04:42:00,15号桥节制闸,2.0
2026-04-18 04:47:00,15号桥节制闸,2.01
2026-04-18 04:52:00,15号桥节制闸,2.01
2026-04-18 04:57:00,15号桥节制闸,2.01
2026-04-18 05:03:00,15号桥节制闸,2.01
2026-04-18 05:08:00,15号桥节制闸,2.01
2026-04-18 05:14:00,15号桥节制闸,2.02
2026-04-18 05:19:00,15号桥节制闸,2.02
2026-04-18 05:24:00,15号桥节制闸,2.02
2026-04-18 05:29:00,15号桥节制闸,2.02
2026-04-18 05:35:00,15号桥节制闸,2.03
2026-04-18 05:40:00,15号桥节制闸,2.03
2026-04-18 05:45:00,15号桥节制闸,2.03
2026-04-18 05:50:00,15号桥节制闸,2.03
2026-04-18 05:55:00,15号桥节制闸,2.01
2026-04-18 06:01:00,15号桥节制闸,2.0
2026-04-18 06:06:00,15号桥节制闸,2.01
2026-04-18 06:11:00,15号桥节制闸,2.01
2026-04-18 06:16:00,15号桥节制闸,2.0
2026-04-18 06:21:00,15号桥节制闸,2.0
2026-04-18 06:26:00,15号桥节制闸,2.0
2026-04-18 06:32:00,15号桥节制闸,2.0
2026-04-18 06:37:00,15号桥节制闸,2.0
2026-04-18 06:42:00,15号桥节制闸,1.99
2026-04-18 06:47:00,15号桥节制闸,1.99
2026-04-18 06:52:00,15号桥节制闸,1.99
2026-04-18 06:58:00,15号桥节制闸,2.0
2026-04-18 07:03:00,15号桥节制闸,2.0
2026-04-18 07:08:00,15号桥节制闸,2.0
2026-04-18 07:14:00,15号桥节制闸,2.0
2026-04-18 07:19:00,15号桥节制闸,2.0
2026-04-18 07:24:00,15号桥节制闸,2.01
2026-04-18 07:29:00,15号桥节制闸,2.01
2026-04-18 07:35:00,15号桥节制闸,2.0
2026-04-18 07:40:00,15号桥节制闸,2.0
2026-04-18 07:45:00,15号桥节制闸,2.0
2026-04-18 07:51:00,15号桥节制闸,2.0
2026-04-18 07:56:00,15号桥节制闸,2.0
2026-04-18 08:01:00,15号桥节制闸,2.0
2026-04-18 08:06:00,15号桥节制闸,1.99
2026-04-18 08:12:00,15号桥节制闸,1.96
2026-04-18 08:17:00,15号桥节制闸,1.95
2026-04-18 08:22:00,15号桥节制闸,1.92
2026-04-18 08:28:00,15号桥节制闸,1.91
2026-04-18 08:33:00,15号桥节制闸,1.9
2026-04-18 08:38:00,15号桥节制闸,1.88
2026-04-18 08:44:00,15号桥节制闸,1.9
2026-04-18 08:49:00,15号桥节制闸,1.89
2026-04-18 08:54:00,15号桥节制闸,1.89
2026-04-18 08:59:00,15号桥节制闸,1.88
2026-04-18 09:04:00,15号桥节制闸,1.87
2026-04-18 09:10:00,15号桥节制闸,1.88
2026-04-18 09:15:00,15号桥节制闸,1.87
2026-04-18 09:20:00,15号桥节制闸,1.87
2026-04-18 09:26:00,15号桥节制闸,1.85
2026-04-18 09:31:00,15号桥节制闸,1.85
2026-04-18 09:36:00,15号桥节制闸,1.84
2026-04-18 09:42:00,15号桥节制闸,1.84
2026-04-18 09:47:00,15号桥节制闸,1.82
2026-04-18 09:52:00,15号桥节制闸,1.82
2026-04-18 09:57:00,15号桥节制闸,1.82
2026-04-18 10:03:00,15号桥节制闸,1.82
2026-04-18 10:08:00,15号桥节制闸,1.81
2026-04-18 10:13:00,15号桥节制闸,1.81
2026-04-18 10:18:00,15号桥节制闸,1.81
2026-04-18 10:23:00,15号桥节制闸,1.8
2026-04-18 10:29:00,15号桥节制闸,1.79
2026-04-18 10:34:00,15号桥节制闸,1.79
2026-04-18 10:39:00,15号桥节制闸,1.78
2026-04-18 10:45:00,15号桥节制闸,1.77
2026-04-18 10:50:00,15号桥节制闸,1.76
2026-04-18 10:55:00,15号桥节制闸,1.75
2026-04-18 11:01:00,15号桥节制闸,1.74
2026-04-18 11:06:00,15号桥节制闸,1.73
2026-04-18 11:12:00,15号桥节制闸,1.73
2026-04-18 11:17:00,15号桥节制闸,1.71
2026-04-18 11:22:00,15号桥节制闸,1.7
2026-04-18 11:27:00,15号桥节制闸,1.69
2026-04-18 11:33:00,15号桥节制闸,1.68
2026-04-18 11:38:00,15号桥节制闸,1.67
2026-04-18 11:43:00,15号桥节制闸,1.65
2026-04-18 11:48:00,15号桥节制闸,1.64
2026-04-18 11:53:00,15号桥节制闸,1.62
2026-04-18 11:58:00,15号桥节制闸,1.62
2026-04-18 12:03:00,15号桥节制闸,1.6
2026-04-18 12:08:00,15号桥节制闸,1.59
2026-04-18 12:14:00,15号桥节制闸,1.57
2026-04-18 12:19:00,15号桥节制闸,1.56
2026-04-18 12:25:00,15号桥节制闸,1.55
2026-04-18 12:30:00,15号桥节制闸,1.53
2026-04-18 12:35:00,15号桥节制闸,1.5
2026-04-18 12:41:00,15号桥节制闸,1.48
2026-04-18 12:46:00,15号桥节制闸,1.48
2026-04-18 12:51:00,15号桥节制闸,1.48
2026-04-18 12:57:00,15号桥节制闸,1.48
2026-04-18 13:02:00,15号桥节制闸,1.48
2026-04-18 13:08:00,15号桥节制闸,1.47
2026-04-18 13:13:00,15号桥节制闸,1.47
2026-04-18 13:18:00,15号桥节制闸,1.47
2026-04-18 13:24:00,15号桥节制闸,1.47
2026-04-18 13:29:00,15号桥节制闸,1.47
2026-04-18 13:35:00,15号桥节制闸,1.47
2026-04-18 13:40:00,15号桥节制闸,1.47
2026-04-18 13:45:00,15号桥节制闸,1.47
2026-04-18 13:50:00,15号桥节制闸,1.43
2026-04-18 13:56:00,15号桥节制闸,1.43
2026-04-18 14:01:00,15号桥节制闸,1.43
2026-04-18 14:07:00,15号桥节制闸,1.43
2026-04-18 14:12:00,15号桥节制闸,1.43
2026-04-18 14:17:00,15号桥节制闸,1.43
2026-04-18 14:23:00,15号桥节制闸,1.43
2026-04-18 14:28:00,15号桥节制闸,1.43
2026-04-18 14:34:00,15号桥节制闸,1.43
2026-04-18 14:39:00,15号桥节制闸,1.43
2026-04-18 14:44:00,15号桥节制闸,1.43
2026-04-18 14:49:00,15号桥节制闸,1.44
2026-04-18 14:55:00,15号桥节制闸,1.46
2026-04-18 15:00:00,15号桥节制闸,1.46
2026-04-18 15:05:00,15号桥节制闸,1.48
2026-04-18 15:11:00,15号桥节制闸,1.49
2026-04-18 15:16:00,15号桥节制闸,1.5
2026-04-18 15:22:00,15号桥节制闸,1.52
2026-04-18 15:27:00,15号桥节制闸,1.53
2026-04-18 15:32:00,15号桥节制闸,1.54
2026-04-18 15:37:00,15号桥节制闸,1.53
2026-04-18 15:43:00,15号桥节制闸,1.53
2026-04-18 15:48:00,15号桥节制闸,1.53
2026-04-18 15:53:00,15号桥节制闸,1.52
2026-04-18 15:58:00,15号桥节制闸,1.52
2026-04-18 16:04:00,15号桥节制闸,1.52
2026-04-18 16:09:00,15号桥节制闸,1.52
2026-04-18 16:14:00,15号桥节制闸,1.51
2026-04-18 16:20:00,15号桥节制闸,1.52
2026-04-18 16:25:00,15号桥节制闸,1.51
2026-04-18 16:30:00,15号桥节制闸,1.5
2026-04-18 16:36:00,15号桥节制闸,1.51
2026-04-18 16:41:00,15号桥节制闸,1.5
2026-04-18 16:46:00,15号桥节制闸,1.5
2026-04-18 16:52:00,15号桥节制闸,1.51
2026-04-18 16:57:00,15号桥节制闸,1.51
2026-04-18 17:02:00,15号桥节制闸,1.51
2026-04-18 17:07:00,15号桥节制闸,1.51
2026-04-18 17:13:00,15号桥节制闸,1.51
2026-04-18 17:18:00,15号桥节制闸,1.53
2026-04-18 17:23:00,15号桥节制闸,1.55
2026-04-18 17:29:00,15号桥节制闸,1.55
2026-04-18 17:34:00,15号桥节制闸,1.55
2026-04-18 17:39:00,15号桥节制闸,1.57
2026-04-18 17:45:00,15号桥节制闸,1.57
2026-04-18 17:50:00,15号桥节制闸,1.58
2026-04-18 17:55:00,15号桥节制闸,1.59
2026-04-18 18:01:00,15号桥节制闸,1.59
2026-04-18 18:06:00,15号桥节制闸,1.59
2026-04-18 18:11:00,15号桥节制闸,1.59
2026-04-18 18:16:00,15号桥节制闸,1.61
2026-04-18 18:22:00,15号桥节制闸,1.61
2026-04-18 18:27:00,15号桥节制闸,1.61
2026-04-18 18:32:00,15号桥节制闸,1.62
2026-04-18 18:37:00,15号桥节制闸,1.63
2026-04-18 18:43:00,15号桥节制闸,1.63
2026-04-18 18:48:00,15号桥节制闸,1.63
2026-04-18 18:54:00,15号桥节制闸,1.64
2026-04-18 18:59:00,15号桥节制闸,1.64
2026-04-18 19:04:00,15号桥节制闸,1.64
2026-04-18 19:09:00,15号桥节制闸,1.65
2026-04-18 19:15:00,15号桥节制闸,1.65
2026-04-18 19:20:00,15号桥节制闸,1.66
2026-04-18 19:26:00,15号桥节制闸,1.65
2026-04-18 19:31:00,15号桥节制闸,1.66
2026-04-18 19:36:00,15号桥节制闸,1.67
2026-04-18 19:41:00,15号桥节制闸,1.69
2026-04-18 19:46:00,15号桥节制闸,1.69
2026-04-18 19:52:00,15号桥节制闸,1.7
2026-04-18 19:57:00,15号桥节制闸,1.7
2026-04-18 20:03:00,15号桥节制闸,1.69
2026-04-18 20:08:00,15号桥节制闸,1.69
2026-04-18 20:13:00,15号桥节制闸,1.68
2026-04-18 20:19:00,15号桥节制闸,1.7
2026-04-18 20:24:00,15号桥节制闸,1.7
2026-04-18 20:29:00,15号桥节制闸,1.7
2026-04-18 20:35:00,15号桥节制闸,1.7
2026-04-18 20:40:00,15号桥节制闸,1.71
2026-04-18 20:45:00,15号桥节制闸,1.71
2026-04-18 20:51:00,15号桥节制闸,1.71
2026-04-18 20:56:00,15号桥节制闸,1.72
2026-04-18 21:02:00,15号桥节制闸,1.72
2026-04-18 21:07:00,15号桥节制闸,1.73
2026-04-18 21:12:00,15号桥节制闸,1.73
2026-04-18 21:18:00,15号桥节制闸,1.74
2026-04-18 21:23:00,15号桥节制闸,1.74
2026-04-18 21:29:00,15号桥节制闸,1.75
2026-04-18 21:34:00,15号桥节制闸,1.76
2026-04-18 21:40:00,15号桥节制闸,1.77
2026-04-18 21:45:00,15号桥节制闸,1.77
2026-04-18 21:50:00,15号桥节制闸,1.77
2026-04-18 21:56:00,15号桥节制闸,1.78
2026-04-18 22:01:00,15号桥节制闸,1.78
2026-04-18 22:07:00,15号桥节制闸,1.79
2026-04-18 22:12:00,15号桥节制闸,1.8
2026-04-18 22:17:00,15号桥节制闸,1.8
2026-04-18 22:23:00,15号桥节制闸,1.81
2026-04-18 22:28:00,15号桥节制闸,1.81
2026-04-18 22:33:00,15号桥节制闸,1.81
2026-04-18 22:39:00,15号桥节制闸,1.82
2026-04-18 22:44:00,15号桥节制闸,1.83
2026-04-18 22:50:00,15号桥节制闸,1.82
2026-04-18 22:55:00,15号桥节制闸,1.83
2026-04-18 23:00:00,15号桥节制闸,1.83
2026-04-18 23:06:00,15号桥节制闸,1.84
2026-04-18 23:11:00,15号桥节制闸,1.85
2026-04-18 23:16:00,15号桥节制闸,1.85
2026-04-18 23:21:00,15号桥节制闸,1.85
2026-04-18 23:27:00,15号桥节制闸,1.86
2026-04-18 23:32:00,15号桥节制闸,1.86
2026-04-18 23:37:00,15号桥节制闸,1.87
2026-04-18 23:43:00,15号桥节制闸,1.87
2026-04-18 23:48:00,15号桥节制闸,1.88
2026-04-18 23:53:00,15号桥节制闸,1.88
2026-04-18 23:59:00,15号桥节制闸,1.89
2026-04-19 00:04:00,15号桥节制闸,1.89
2026-04-19 00:09:00,15号桥节制闸,1.89
2026-04-19 00:14:00,15号桥节制闸,1.9
2026-04-19 00:20:00,15号桥节制闸,1.91
2026-04-19 00:25:00,15号桥节制闸,1.91
2026-04-19 00:30:00,15号桥节制闸,1.91
2026-04-19 00:35:00,15号桥节制闸,1.92
2026-04-19 00:41:00,15号桥节制闸,1.92
2026-04-19 00:46:00,15号桥节制闸,1.91
2026-04-19 00:52:00,15号桥节制闸,1.92
2026-04-19 00:57:00,15号桥节制闸,1.92
2026-04-19 01:02:00,15号桥节制闸,1.92
2026-04-19 01:07:00,15号桥节制闸,1.92
2026-04-19 01:12:00,15号桥节制闸,1.92
2026-04-19 01:17:00,15号桥节制闸,1.92
2026-04-19 01:23:00,15号桥节制闸,1.92
2026-04-19 01:28:00,15号桥节制闸,1.92
2026-04-19 01:33:00,15号桥节制闸,1.93
2026-04-19 01:39:00,15号桥节制闸,1.92
2026-04-19 01:44:00,15号桥节制闸,1.93
2026-04-19 01:50:00,15号桥节制闸,1.94
2026-04-19 01:55:00,15号桥节制闸,1.93
2026-04-19 02:00:00,15号桥节制闸,1.94
2026-04-19 02:06:00,15号桥节制闸,1.94
2026-04-19 02:11:00,15号桥节制闸,1.94
2026-04-19 02:16:00,15号桥节制闸,1.94
2026-04-19 02:22:00,15号桥节制闸,1.95
2026-04-19 02:27:00,15号桥节制闸,1.95
2026-04-19 02:33:00,15号桥节制闸,1.96
2026-04-19 02:38:00,15号桥节制闸,1.96
2026-04-19 02:43:00,15号桥节制闸,1.96
2026-04-19 02:49:00,15号桥节制闸,1.96
2026-04-19 02:54:00,15号桥节制闸,1.97
2026-04-19 02:59:00,15号桥节制闸,1.97
2026-04-19 03:05:00,15号桥节制闸,1.97
2026-04-19 03:10:00,15号桥节制闸,1.98
2026-04-19 03:15:00,15号桥节制闸,1.98
2026-04-19 03:21:00,15号桥节制闸,1.98
2026-04-19 03:26:00,15号桥节制闸,1.98
2026-04-19 03:31:00,15号桥节制闸,1.99
2026-04-19 03:37:00,15号桥节制闸,2.01
2026-04-19 03:42:00,15号桥节制闸,2.02
2026-04-19 03:47:00,15号桥节制闸,2.01
2026-04-19 03:52:00,15号桥节制闸,2.01
2026-04-19 03:58:00,15号桥节制闸,2.01
2026-04-19 04:03:00,15号桥节制闸,2.01
2026-04-19 04:08:00,15号桥节制闸,2.01
2026-04-19 04:13:00,15号桥节制闸,2.01
2026-04-19 04:19:00,15号桥节制闸,2.0
2026-04-19 04:24:00,15号桥节制闸,1.99
2026-04-19 04:29:00,15号桥节制闸,1.96
2026-04-19 04:34:00,15号桥节制闸,1.95
2026-04-19 04:40:00,15号桥节制闸,1.94
2026-04-19 04:45:00,15号桥节制闸,1.95
2026-04-19 04:50:00,15号桥节制闸,1.94
2026-04-19 04:55:00,15号桥节制闸,1.95
2026-04-19 05:00:00,15号桥节制闸,1.96
2026-04-19 05:05:00,15号桥节制闸,1.96
2026-04-19 05:11:00,15号桥节制闸,1.98
2026-04-19 05:16:00,15号桥节制闸,1.99
2026-04-19 05:21:00,15号桥节制闸,1.98
2026-04-19 05:26:00,15号桥节制闸,1.99
2026-04-19 05:31:00,15号桥节制闸,2.0
2026-04-19 05:37:00,15号桥节制闸,2.0
2026-04-19 05:42:00,15号桥节制闸,1.99
2026-04-19 05:48:00,15号桥节制闸,2.0
2026-04-19 05:53:00,15号桥节制闸,1.98
2026-04-19 05:59:00,15号桥节制闸,2.0
2026-04-19 06:04:00,15号桥节制闸,2.0
2026-04-19 06:09:00,15号桥节制闸,2.02
2026-04-19 06:14:00,15号桥节制闸,2.03
2026-04-19 06:19:00,15号桥节制闸,2.02
2026-04-19 06:25:00,15号桥节制闸,2.02
2026-04-19 06:30:00,15号桥节制闸,2.01
2026-04-19 06:36:00,15号桥节制闸,2.02
2026-04-19 06:41:00,15号桥节制闸,2.01
2026-04-19 06:47:00,15号桥节制闸,2.01
2026-04-19 06:52:00,15号桥节制闸,2.01
2026-04-19 06:57:00,15号桥节制闸,2.01
2026-04-19 07:02:00,15号桥节制闸,2.01
2026-04-19 07:08:00,15号桥节制闸,2.02
2026-04-19 07:13:00,15号桥节制闸,2.01
2026-04-19 07:18:00,15号桥节制闸,2.01
2026-04-19 07:23:00,15号桥节制闸,2.01
2026-04-19 07:29:00,15号桥节制闸,2.01
2026-04-19 07:34:00,15号桥节制闸,2.01
2026-04-19 07:39:00,15号桥节制闸,2.01
2026-04-19 07:44:00,15号桥节制闸,2.01
2026-04-19 07:49:00,15号桥节制闸,2.0
2026-04-19 07:54:00,15号桥节制闸,1.98
2026-04-19 08:00:00,15号桥节制闸,1.97
2026-04-19 08:05:00,15号桥节制闸,1.96
2026-04-19 08:10:00,15号桥节制闸,1.96
2026-04-19 08:16:00,15号桥节制闸,1.96
2026-04-19 08:21:00,15号桥节制闸,1.95
2026-04-19 08:27:00,15号桥节制闸,1.94
2026-04-19 08:32:00,15号桥节制闸,1.93
2026-04-19 08:37:00,15号桥节制闸,1.92
2026-04-19 08:42:00,15号桥节制闸,1.92
2026-04-19 08:47:00,15号桥节制闸,1.91
2026-04-19 08:53:00,15号桥节制闸,1.87
2026-04-19 08:58:00,15号桥节制闸,1.86
2026-04-19 09:03:00,15号桥节制闸,1.84
2026-04-19 09:09:00,15号桥节制闸,1.83
2026-04-19 09:14:00,15号桥节制闸,1.84
2026-04-19 09:19:00,15号桥节制闸,1.83
2026-04-19 09:25:00,15号桥节制闸,1.81
2026-04-19 09:30:00,15号桥节制闸,1.81
2026-04-19 09:36:00,15号桥节制闸,1.8
2026-04-19 09:41:00,15号桥节制闸,1.83
2026-04-19 09:46:00,15号桥节制闸,1.82
2026-04-19 09:52:00,15号桥节制闸,1.82
2026-04-19 09:57:00,15号桥节制闸,1.82
2026-04-19 10:02:00,15号桥节制闸,1.82
2026-04-19 10:07:00,15号桥节制闸,1.82
2026-04-19 10:13:00,15号桥节制闸,1.81
2026-04-19 10:18:00,15号桥节制闸,1.81
2026-04-19 10:24:00,15号桥节制闸,1.79
2026-04-19 10:29:00,15号桥节制闸,1.78
2026-04-19 10:34:00,15号桥节制闸,1.77
2026-04-19 10:40:00,15号桥节制闸,1.76
2026-04-19 10:45:00,15号桥节制闸,1.74
2026-04-19 10:51:00,15号桥节制闸,1.73
2026-04-19 10:56:00,15号桥节制闸,1.72
2026-04-19 11:01:00,15号桥节制闸,1.7
2026-04-19 11:07:00,15号桥节制闸,1.69
2026-04-19 11:12:00,15号桥节制闸,1.67
2026-04-19 11:17:00,15号桥节制闸,1.67
2026-04-19 11:22:00,15号桥节制闸,1.65
2026-04-19 11:27:00,15号桥节制闸,1.64
2026-04-19 11:33:00,15号桥节制闸,1.62
2026-04-19 11:38:00,15号桥节制闸,1.61
2026-04-19 11:43:00,15号桥节制闸,1.59
2026-04-19 11:48:00,15号桥节制闸,1.59
2026-04-19 11:53:00,15号桥节制闸,1.58
2026-04-19 11:59:00,15号桥节制闸,1.57
2026-04-19 12:04:00,15号桥节制闸,1.56
2026-04-19 12:09:00,15号桥节制闸,1.55
2026-04-19 12:14:00,15号桥节制闸,1.53
2026-04-19 12:20:00,15号桥节制闸,1.53
2026-04-19 12:25:00,15号桥节制闸,1.52
2026-04-19 12:31:00,15号桥节制闸,1.5
2026-04-19 12:36:00,15号桥节制闸,1.5
2026-04-19 12:41:00,15号桥节制闸,1.46
2026-04-19 12:47:00,15号桥节制闸,1.46
2026-04-19 12:52:00,15号桥节制闸,1.46
2026-04-19 12:57:00,15号桥节制闸,1.46
2026-04-19 13:03:00,15号桥节制闸,1.46
2026-04-19 13:08:00,15号桥节制闸,1.46
2026-04-19 13:13:00,15号桥节制闸,1.46
2026-04-19 13:18:00,15号桥节制闸,1.45
2026-04-19 13:24:00,15号桥节制闸,1.4
2026-04-19 13:29:00,15号桥节制闸,1.4
2026-04-19 13:34:00,15号桥节制闸,1.39
2026-04-19 13:39:00,15号桥节制闸,1.39
2026-04-19 13:45:00,15号桥节制闸,1.38
2026-04-19 13:50:00,15号桥节制闸,1.38
2026-04-19 13:56:00,15号桥节制闸,1.38
2026-04-19 14:01:00,15号桥节制闸,1.38
2026-04-19 14:06:00,15号桥节制闸,1.38
2026-04-19 14:12:00,15号桥节制闸,1.38
2026-04-19 14:17:00,15号桥节制闸,1.38
2026-04-19 14:23:00,15号桥节制闸,1.37
2026-04-19 14:28:00,15号桥节制闸,1.37
2026-04-19 14:33:00,15号桥节制闸,1.37
2026-04-19 14:39:00,15号桥节制闸,1.37
2026-04-19 14:44:00,15号桥节制闸,1.37
2026-04-19 14:49:00,15号桥节制闸,1.37
2026-04-19 14:55:00,15号桥节制闸,1.37
2026-04-19 15:00:00,15号桥节制闸,1.37
2026-04-19 15:05:00,15号桥节制闸,1.37
2026-04-19 15:10:00,15号桥节制闸,1.37
2026-04-19 15:16:00,15号桥节制闸,1.37
2026-04-19 15:21:00,15号桥节制闸,1.37
2026-04-19 15:26:00,15号桥节制闸,1.37
2026-04-19 15:31:00,15号桥节制闸,1.37
2026-04-19 15:37:00,15号桥节制闸,1.37
2026-04-19 15:42:00,15号桥节制闸,1.37
2026-04-19 15:47:00,15号桥节制闸,1.32
2026-04-19 15:52:00,15号桥节制闸,1.32
2026-04-19 15:57:00,15号桥节制闸,1.32
2026-04-19 16:03:00,15号桥节制闸,1.32
2026-04-19 16:08:00,15号桥节制闸,1.32
2026-04-19 16:14:00,15号桥节制闸,1.32
2026-04-19 16:19:00,15号桥节制闸,1.32
2026-04-19 16:24:00,15号桥节制闸,1.32
2026-04-19 16:29:00,15号桥节制闸,1.32
2026-04-19 16:34:00,15号桥节制闸,1.32
2026-04-19 16:40:00,15号桥节制闸,1.32
2026-04-19 16:45:00,15号桥节制闸,1.31
2026-04-19 16:50:00,15号桥节制闸,1.31
2026-04-19 16:55:00,15号桥节制闸,1.31
2026-04-19 17:01:00,15号桥节制闸,1.31
2026-04-19 17:06:00,15号桥节制闸,1.31
2026-04-19 17:11:00,15号桥节制闸,1.31
2026-04-19 17:16:00,15号桥节制闸,1.31
2026-04-19 17:22:00,15号桥节制闸,1.31
2026-04-19 17:27:00,15号桥节制闸,1.31
2026-04-19 17:32:00,15号桥节制闸,1.31
2026-04-19 17:37:00,15号桥节制闸,1.31
2026-04-19 17:43:00,15号桥节制闸,1.31
2026-04-19 17:48:00,15号桥节制闸,1.3
2026-04-19 17:53:00,15号桥节制闸,1.3
2026-04-19 17:58:00,15号桥节制闸,1.3
2026-04-19 18:04:00,15号桥节制闸,1.3
2026-04-19 18:09:00,15号桥节制闸,1.31
2026-04-19 18:14:00,15号桥节制闸,1.32
2026-04-19 18:20:00,15号桥节制闸,1.33
2026-04-19 18:25:00,15号桥节制闸,1.33
2026-04-19 18:30:00,15号桥节制闸,1.33
2026-04-19 18:36:00,15号桥节制闸,1.33
2026-04-19 18:41:00,15号桥节制闸,1.4
2026-04-19 18:46:00,15号桥节制闸,1.41
2026-04-19 18:51:00,15号桥节制闸,1.41
2026-04-19 18:57:00,15号桥节制闸,1.42
2026-04-19 19:02:00,15号桥节制闸,1.41
2026-04-19 19:07:00,15号桥节制闸,1.42
2026-04-19 19:12:00,15号桥节制闸,1.42
2026-04-19 19:18:00,15号桥节制闸,1.42
2026-04-19 19:23:00,15号桥节制闸,1.43
2026-04-19 19:29:00,15号桥节制闸,1.44
2026-04-19 19:34:00,15号桥节制闸,1.45
2026-04-19 19:39:00,15号桥节制闸,1.45
2026-04-19 19:45:00,15号桥节制闸,1.45
2026-04-19 19:50:00,15号桥节制闸,1.45
2026-04-19 19:55:00,15号桥节制闸,1.45
2026-04-19 20:00:00,15号桥节制闸,1.45
2026-04-19 20:06:00,15号桥节制闸,1.45
2026-04-19 20:11:00,15号桥节制闸,1.46
2026-04-19 20:16:00,15号桥节制闸,1.47
2026-04-19 20:21:00,15号桥节制闸,1.49
2026-04-19 20:26:00,15号桥节制闸,1.5
2026-04-19 20:32:00,15号桥节制闸,1.51
2026-04-19 20:37:00,15号桥节制闸,1.53
2026-04-19 20:42:00,15号桥节制闸,1.54
2026-04-19 20:48:00,15号桥节制闸,1.56
2026-04-19 20:53:00,15号桥节制闸,1.57
2026-04-19 20:59:00,15号桥节制闸,1.59
2026-04-19 21:04:00,15号桥节制闸,1.6
2026-04-19 21:09:00,15号桥节制闸,1.61
2026-04-19 21:15:00,15号桥节制闸,1.62
2026-04-19 21:20:00,15号桥节制闸,1.63
2026-04-19 21:25:00,15号桥节制闸,1.65
2026-04-19 21:30:00,15号桥节制闸,1.66
2026-04-19 21:35:00,15号桥节制闸,1.67
2026-04-19 21:40:00,15号桥节制闸,1.67
2026-04-19 21:45:00,15号桥节制闸,1.68
2026-04-19 21:50:00,15号桥节制闸,1.69
2026-04-19 21:56:00,15号桥节制闸,1.68
2026-04-19 22:01:00,15号桥节制闸,1.69
2026-04-19 22:07:00,15号桥节制闸,1.69
2026-04-19 22:12:00,15号桥节制闸,1.69
2026-04-19 22:17:00,15号桥节制闸,1.69
2026-04-19 22:22:00,15号桥节制闸,1.69
2026-04-19 22:28:00,15号桥节制闸,1.69
2026-04-19 22:33:00,15号桥节制闸,1.7
2026-04-19 22:38:00,15号桥节制闸,1.69
2026-04-19 22:44:00,15号桥节制闸,1.69
2026-04-19 22:49:00,15号桥节制闸,1.69
2026-04-19 22:54:00,15号桥节制闸,1.7
2026-04-19 22:59:00,15号桥节制闸,1.7
2026-04-19 23:02:00,15号桥节制闸,1.7
2026-04-19 23:10:00,15号桥节制闸,1.7
2026-04-19 23:15:00,15号桥节制闸,1.7
2026-04-19 23:20:00,15号桥节制闸,1.7
2026-04-19 23:25:00,15号桥节制闸,1.7
2026-04-19 23:30:00,15号桥节制闸,1.71
2026-04-19 23:36:00,15号桥节制闸,1.71
2026-04-19 23:41:00,15号桥节制闸,1.72
2026-04-19 23:46:00,15号桥节制闸,1.75
2026-04-19 23:52:00,15号桥节制闸,1.75
2026-04-19 23:57:00,15号桥节制闸,1.77
2026-04-20 00:02:00,15号桥节制闸,1.77
2026-04-20 00:08:00,15号桥节制闸,1.78
2026-04-20 00:13:00,15号桥节制闸,1.78
2026-04-20 00:18:00,15号桥节制闸,1.78
2026-04-20 00:23:00,15号桥节制闸,1.79
2026-04-20 00:29:00,15号桥节制闸,1.79
2026-04-20 00:34:00,15号桥节制闸,1.8
2026-04-20 00:39:00,15号桥节制闸,1.81
2026-04-20 00:45:00,15号桥节制闸,1.81
2026-04-20 00:50:00,15号桥节制闸,1.82
2026-04-20 00:56:00,15号桥节制闸,1.82
2026-04-20 01:01:00,15号桥节制闸,1.83
2026-04-20 01:06:00,15号桥节制闸,1.83
2026-04-20 01:11:00,15号桥节制闸,1.84
2026-04-20 01:16:00,15号桥节制闸,1.84
2026-04-20 01:22:00,15号桥节制闸,1.85
2026-04-20 01:27:00,15号桥节制闸,1.84
2026-04-20 01:33:00,15号桥节制闸,1.85
2026-04-20 01:38:00,15号桥节制闸,1.85
2026-04-20 01:43:00,15号桥节制闸,1.85
2026-04-20 01:48:00,15号桥节制闸,1.86
2026-04-20 01:53:00,15号桥节制闸,1.86
2026-04-20 01:59:00,15号桥节制闸,1.86
2026-04-20 02:04:00,15号桥节制闸,1.87
2026-04-20 02:09:00,15号桥节制闸,1.87
2026-04-20 02:15:00,15号桥节制闸,1.87
2026-04-20 02:20:00,15号桥节制闸,1.87
2026-04-20 02:26:00,15号桥节制闸,1.88
2026-04-20 02:31:00,15号桥节制闸,1.88
2026-04-20 02:36:00,15号桥节制闸,1.89
2026-04-20 02:42:00,15号桥节制闸,1.89
2026-04-20 02:47:00,15号桥节制闸,1.89
2026-04-20 02:52:00,15号桥节制闸,1.89
2026-04-20 02:57:00,15号桥节制闸,1.9
2026-04-20 03:02:00,15号桥节制闸,1.9
2026-04-20 03:08:00,15号桥节制闸,1.9
2026-04-20 03:13:00,15号桥节制闸,1.9
2026-04-20 03:18:00,15号桥节制闸,1.9
2026-04-20 03:24:00,15号桥节制闸,1.9
2026-04-20 03:29:00,15号桥节制闸,1.9
2026-04-20 03:34:00,15号桥节制闸,1.9
2026-04-20 03:40:00,15号桥节制闸,1.91
2026-04-20 03:45:00,15号桥节制闸,1.91
2026-04-20 03:51:00,15号桥节制闸,1.91
2026-04-20 03:56:00,15号桥节制闸,1.91
2026-04-20 04:01:00,15号桥节制闸,1.91
2026-04-20 04:07:00,15号桥节制闸,1.91
2026-04-20 04:12:00,15号桥节制闸,1.92
2026-04-20 04:17:00,15号桥节制闸,1.91
2026-04-20 04:23:00,15号桥节制闸,1.92
2026-04-20 04:28:00,15号桥节制闸,1.92
2026-04-20 04:34:00,15号桥节制闸,1.92
2026-04-20 04:39:00,15号桥节制闸,1.92
2026-04-20 04:44:00,15号桥节制闸,1.93
2026-04-20 04:50:00,15号桥节制闸,1.93
2026-04-20 04:55:00,15号桥节制闸,1.93
2026-04-20 05:00:00,15号桥节制闸,1.94
2026-04-20 05:06:00,15号桥节制闸,1.94
2026-04-20 05:11:00,15号桥节制闸,1.94
2026-04-20 05:17:00,15号桥节制闸,1.94
2026-04-20 05:22:00,15号桥节制闸,1.94
2026-04-20 05:27:00,15号桥节制闸,1.94
2026-04-20 05:32:00,15号桥节制闸,1.94
2026-04-20 05:38:00,15号桥节制闸,1.94
2026-04-20 05:43:00,15号桥节制闸,1.94
2026-04-20 05:48:00,15号桥节制闸,1.94
2026-04-20 05:54:00,15号桥节制闸,1.94
2026-04-20 05:59:00,15号桥节制闸,1.94
2026-04-20 06:05:00,15号桥节制闸,1.94
2026-04-20 06:10:00,15号桥节制闸,1.94
2026-04-20 06:15:00,15号桥节制闸,1.95
2026-04-20 06:21:00,15号桥节制闸,1.94
2026-04-20 06:26:00,15号桥节制闸,1.94
2026-04-20 06:32:00,15号桥节制闸,1.94
2026-04-20 06:37:00,15号桥节制闸,1.94
2026-04-20 06:42:00,15号桥节制闸,1.94
2026-04-20 06:48:00,15号桥节制闸,1.94
2026-04-20 06:53:00,15号桥节制闸,1.94
2026-04-20 06:58:00,15号桥节制闸,1.94
2026-04-20 07:04:00,15号桥节制闸,1.93
2026-04-20 07:09:00,15号桥节制闸,1.93
2026-04-20 07:14:00,15号桥节制闸,1.93
2026-04-20 07:20:00,15号桥节制闸,1.92
2026-04-20 07:25:00,15号桥节制闸,1.92
2026-04-20 07:30:00,15号桥节制闸,1.92
2026-04-20 07:36:00,15号桥节制闸,1.91
2026-04-20 07:41:00,15号桥节制闸,1.91
2026-04-20 07:46:00,15号桥节制闸,1.9
2026-04-20 07:52:00,15号桥节制闸,1.9
2026-04-20 07:57:00,15号桥节制闸,1.89
2026-04-20 08:02:00,15号桥节制闸,1.89
2026-04-20 08:08:00,15号桥节制闸,1.88
2026-04-20 08:13:00,15号桥节制闸,1.88
2026-04-20 08:18:00,15号桥节制闸,1.87
2026-04-20 08:24:00,15号桥节制闸,1.87
2026-04-20 08:29:00,15号桥节制闸,1.86
2026-04-20 08:35:00,15号桥节制闸,1.85
2026-04-20 08:40:00,15号桥节制闸,1.85
2026-04-20 08:45:00,15号桥节制闸,1.85
2026-04-20 08:51:00,15号桥节制闸,1.85
2026-04-20 08:56:00,15号桥节制闸,1.84
2026-04-20 09:01:00,15号桥节制闸,1.84
2026-04-20 09:07:00,15号桥节制闸,1.83
2026-04-20 09:12:00,15号桥节制闸,1.83
2026-04-20 09:17:00,15号桥节制闸,1.83
2026-04-20 09:23:00,15号桥节制闸,1.82
2026-04-20 09:28:00,15号桥节制闸,1.81
2026-04-20 09:34:00,15号桥节制闸,1.82
2026-04-20 09:39:00,15号桥节制闸,1.83
2026-04-20 09:44:00,15号桥节制闸,1.83
2026-04-20 09:50:00,15号桥节制闸,1.83
2026-04-20 09:55:00,15号桥节制闸,1.83
2026-04-20 10:00:00,15号桥节制闸,1.83
2026-04-20 10:06:00,15号桥节制闸,1.83
2026-04-20 10:11:00,15号桥节制闸,1.84
2026-04-20 10:16:00,15号桥节制闸,1.84
2026-04-20 10:22:00,15号桥节制闸,1.83
2026-04-20 10:27:00,15号桥节制闸,1.83
2026-04-20 10:32:00,15号桥节制闸,1.84
2026-04-20 10:38:00,15号桥节制闸,1.83
2026-04-20 10:43:00,15号桥节制闸,1.83
2026-04-20 10:49:00,15号桥节制闸,1.84
2026-04-20 10:54:00,15号桥节制闸,1.83
2026-04-20 10:59:00,15号桥节制闸,1.83
2026-04-20 11:05:00,15号桥节制闸,1.83
2026-04-20 11:10:00,15号桥节制闸,1.83
2026-04-20 11:15:00,15号桥节制闸,1.82
2026-04-20 11:21:00,15号桥节制闸,1.82
2026-04-20 11:26:00,15号桥节制闸,1.82
2026-04-20 11:32:00,15号桥节制闸,1.82
2026-04-20 11:37:00,15号桥节制闸,1.82
2026-04-20 11:42:00,15号桥节制闸,1.82
2026-04-20 11:48:00,15号桥节制闸,1.81
2026-04-20 11:53:00,15号桥节制闸,1.81
2026-04-20 11:58:00,15号桥节制闸,1.81
2026-04-20 12:04:00,15号桥节制闸,1.8
2026-04-20 12:09:00,15号桥节制闸,1.8
2026-04-20 12:14:00,15号桥节制闸,1.79
2026-04-20 12:20:00,15号桥节制闸,1.82
2026-04-20 12:25:00,15号桥节制闸,1.82
2026-04-20 12:30:00,15号桥节制闸,1.82
2026-04-20 12:36:00,15号桥节制闸,1.82
2026-04-20 12:41:00,15号桥节制闸,1.83
2026-04-20 12:46:00,15号桥节制闸,1.83
2026-04-20 12:52:00,15号桥节制闸,1.83
2026-04-20 12:57:00,15号桥节制闸,1.83
2026-04-20 13:03:00,15号桥节制闸,1.83
2026-04-20 13:08:00,15号桥节制闸,1.83
2026-04-20 13:13:00,15号桥节制闸,1.83
2026-04-20 13:19:00,15号桥节制闸,1.83
2026-04-20 13:24:00,15号桥节制闸,1.83
2026-04-20 13:29:00,15号桥节制闸,1.82
2026-04-20 13:35:00,15号桥节制闸,1.82
2026-04-20 13:40:00,15号桥节制闸,1.82
2026-04-20 13:46:00,15号桥节制闸,1.82
2026-04-20 13:51:00,15号桥节制闸,1.82
2026-04-20 13:56:00,15号桥节制闸,1.82
2026-04-20 14:02:00,15号桥节制闸,1.81
2026-04-20 14:07:00,15号桥节制闸,1.81
2026-04-20 14:12:00,15号桥节制闸,1.81
2026-04-20 14:18:00,15号桥节制闸,1.8
2026-04-20 14:23:00,15号桥节制闸,1.8
2026-04-20 14:29:00,15号桥节制闸,1.8
2026-04-20 14:34:00,15号桥节制闸,1.79
2026-04-20 14:39:00,15号桥节制闸,1.79
2026-04-20 14:44:00,15号桥节制闸,1.79
2026-04-20 14:50:00,15号桥节制闸,1.78
2026-04-20 14:55:00,15号桥节制闸,1.78
2026-04-20 15:01:00,15号桥节制闸,1.77
2026-04-20 15:06:00,15号桥节制闸,1.77
2026-04-20 15:11:00,15号桥节制闸,1.76
2026-04-20 15:17:00,15号桥节制闸,1.76
2026-04-20 15:22:00,15号桥节制闸,1.76
2026-04-20 15:28:00,15号桥节制闸,1.75
2026-04-20 15:33:00,15号桥节制闸,1.75
2026-04-20 15:38:00,15号桥节制闸,1.75
2026-04-20 15:44:00,15号桥节制闸,1.74
2026-04-20 15:49:00,15号桥节制闸,1.74
2026-04-20 15:54:00,15号桥节制闸,1.74
2026-04-20 16:00:00,15号桥节制闸,1.73
2026-04-20 16:05:00,15号桥节制闸,1.73
2026-04-20 16:11:00,15号桥节制闸,1.72
2026-04-20 16:16:00,15号桥节制闸,1.72
2026-04-20 16:21:00,15号桥节制闸,1.72
2026-04-20 16:26:00,15号桥节制闸,1.71
2026-04-20 16:32:00,15号桥节制闸,1.71
2026-04-20 16:37:00,15号桥节制闸,1.7
2026-04-20 16:43:00,15号桥节制闸,1.69
2026-04-20 16:48:00,15号桥节制闸,1.68
2026-04-20 16:53:00,15号桥节制闸,1.68
2026-04-20 16:59:00,15号桥节制闸,1.67
2026-04-20 17:04:00,15号桥节制闸,1.67
2026-04-20 17:09:00,15号桥节制闸,1.66
2026-04-20 17:15:00,15号桥节制闸,1.66
2026-04-20 17:20:00,15号桥节制闸,1.65
2026-04-20 17:25:00,15号桥节制闸,1.64
2026-04-20 17:31:00,15号桥节制闸,1.64
2026-04-20 17:36:00,15号桥节制闸,1.63
2026-04-20 17:42:00,15号桥节制闸,1.63
2026-04-20 17:47:00,15号桥节制闸,1.62
2026-04-20 17:52:00,15号桥节制闸,1.62
2026-04-20 17:57:00,15号桥节制闸,1.61
2026-04-20 18:03:00,15号桥节制闸,1.62
2026-04-20 18:08:00,15号桥节制闸,1.62
2026-04-20 18:14:00,15号桥节制闸,1.62
2026-04-20 18:19:00,15号桥节制闸,1.62
2026-04-20 18:25:00,15号桥节制闸,1.61
2026-04-20 18:30:00,15号桥节制闸,1.62
2026-04-20 18:35:00,15号桥节制闸,1.61
2026-04-20 18:40:00,15号桥节制闸,1.61
2026-04-20 18:46:00,15号桥节制闸,1.61
2026-04-20 18:51:00,15号桥节制闸,1.61
2026-04-20 18:56:00,15号桥节制闸,1.61
2026-04-20 19:02:00,15号桥节制闸,1.61
2026-04-20 19:07:00,15号桥节制闸,1.61
2026-04-20 19:13:00,15号桥节制闸,1.6
2026-04-20 19:18:00,15号桥节制闸,1.6
2026-04-20 19:23:00,15号桥节制闸,1.6
2026-04-20 19:29:00,15号桥节制闸,1.6
2026-04-20 19:34:00,15号桥节制闸,1.6
2026-04-20 19:39:00,15号桥节制闸,1.6
2026-04-20 19:45:00,15号桥节制闸,1.6
2026-04-20 19:50:00,15号桥节制闸,1.6
2026-04-20 19:55:00,15号桥节制闸,1.6
2026-04-20 20:01:00,15号桥节制闸,1.59
2026-04-20 20:06:00,15号桥节制闸,1.59
2026-04-20 20:12:00,15号桥节制闸,1.59
2026-04-20 20:17:00,15号桥节制闸,1.58
2026-04-20 20:22:00,15号桥节制闸,1.59
2026-04-20 20:28:00,15号桥节制闸,1.58
2026-04-20 20:33:00,15号桥节制闸,1.49
2026-04-20 20:39:00,15号桥节制闸,1.47
2026-04-20 20:44:00,15号桥节制闸,1.44
2026-04-20 20:49:00,15号桥节制闸,1.4
2026-04-20 20:54:00,15号桥节制闸,1.38
2026-04-20 21:00:00,15号桥节制闸,1.39
2026-04-20 21:05:00,15号桥节制闸,1.43
2026-04-20 21:11:00,15号桥节制闸,1.42
2026-04-20 21:16:00,15号桥节制闸,1.42
2026-04-20 21:21:00,15号桥节制闸,1.42
2026-04-20 21:26:00,15号桥节制闸,1.41
2026-04-20 21:32:00,15号桥节制闸,1.42
2026-04-20 21:37:00,15号桥节制闸,1.41
2026-04-20 21:43:00,15号桥节制闸,1.41
2026-04-20 21:48:00,15号桥节制闸,1.41
2026-04-20 21:53:00,15号桥节制闸,1.41
2026-04-20 21:59:00,15号桥节制闸,1.41
2026-04-20 22:04:00,15号桥节制闸,1.41
2026-04-20 22:09:00,15号桥节制闸,1.41
2026-04-20 22:15:00,15号桥节制闸,1.41
2026-04-20 22:20:00,15号桥节制闸,1.4
2026-04-20 22:25:00,15号桥节制闸,1.41
2026-04-20 22:30:00,15号桥节制闸,1.41
2026-04-20 22:36:00,15号桥节制闸,1.41
2026-04-20 22:41:00,15号桥节制闸,1.41
2026-04-20 22:46:00,15号桥节制闸,1.41
2026-04-20 22:52:00,15号桥节制闸,1.41
2026-04-20 22:57:00,15号桥节制闸,1.41
2026-04-20 23:02:00,15号桥节制闸,1.41
2026-04-20 23:08:00,15号桥节制闸,1.41
2026-04-20 23:14:00,15号桥节制闸,1.41
2026-04-20 23:19:00,15号桥节制闸,1.4
2026-04-20 23:25:00,15号桥节制闸,1.41
2026-04-20 23:30:00,15号桥节制闸,1.41
2026-04-20 23:35:00,15号桥节制闸,1.41
2026-04-20 23:41:00,15号桥节制闸,1.41
2026-04-20 23:46:00,15号桥节制闸,1.41
2026-04-20 23:51:00,15号桥节制闸,1.41
2026-04-20 23:56:00,15号桥节制闸,1.4
2026-04-21 00:02:00,15号桥节制闸,1.4
2026-04-21 00:07:00,15号桥节制闸,1.4
2026-04-21 00:12:00,15号桥节制闸,1.4
2026-04-21 00:18:00,15号桥节制闸,1.4
2026-04-21 00:23:00,15号桥节制闸,1.4
2026-04-21 00:29:00,15号桥节制闸,1.4
2026-04-21 00:34:00,15号桥节制闸,1.4
2026-04-21 00:39:00,15号桥节制闸,1.41
2026-04-21 00:45:00,15号桥节制闸,1.41
2026-04-21 00:50:00,15号桥节制闸,1.41
2026-04-21 00:56:00,15号桥节制闸,1.36
2026-04-21 01:01:00,15号桥节制闸,1.36
2026-04-21 01:06:00,15号桥节制闸,1.35
2026-04-21 01:12:00,15号桥节制闸,1.34
2026-04-21 01:17:00,15号桥节制闸,1.33
2026-04-21 01:22:00,15号桥节制闸,1.33
2026-04-21 01:28:00,15号桥节制闸,1.32
2026-04-21 01:33:00,15号桥节制闸,1.32
2026-04-21 01:38:00,15号桥节制闸,1.31
2026-04-21 01:44:00,15号桥节制闸,1.31
2026-04-21 01:49:00,15号桥节制闸,1.31
2026-04-21 01:55:00,15号桥节制闸,1.31
2026-04-21 02:00:00,15号桥节制闸,1.3
2026-04-21 02:05:00,15号桥节制闸,1.3
2026-04-21 02:10:00,15号桥节制闸,1.3
2026-04-21 02:16:00,15号桥节制闸,1.3
2026-04-21 02:21:00,15号桥节制闸,1.3
2026-04-21 02:27:00,15号桥节制闸,1.3
2026-04-21 02:32:00,15号桥节制闸,1.3
2026-04-21 02:37:00,15号桥节制闸,1.29
2026-04-21 02:43:00,15号桥节制闸,1.29
2026-04-21 02:48:00,15号桥节制闸,1.29
2026-04-21 02:53:00,15号桥节制闸,1.29
2026-04-21 02:59:00,15号桥节制闸,1.29
2026-04-21 03:04:00,15号桥节制闸,1.29
2026-04-21 03:09:00,15号桥节制闸,1.29
2026-04-21 03:15:00,15号桥节制闸,1.29
2026-04-21 03:20:00,15号桥节制闸,1.29
2026-04-21 03:26:00,15号桥节制闸,1.29
2026-04-21 03:31:00,15号桥节制闸,1.29
2026-04-21 03:36:00,15号桥节制闸,1.29
2026-04-21 03:41:00,15号桥节制闸,1.29
2026-04-21 03:47:00,15号桥节制闸,1.29
2026-04-21 03:52:00,15号桥节制闸,1.29
2026-04-21 03:57:00,15号桥节制闸,1.3
2026-04-21 04:02:00,15号桥节制闸,1.27
2026-04-21 04:07:00,15号桥节制闸,1.27
2026-04-21 04:13:00,15号桥节制闸,1.27
2026-04-21 04:18:00,15号桥节制闸,1.27
2026-04-21 04:23:00,15号桥节制闸,1.27
2026-04-21 04:28:00,15号桥节制闸,1.27
2026-04-21 04:34:00,15号桥节制闸,1.28
2026-04-21 04:39:00,15号桥节制闸,1.28
2026-04-21 04:45:00,15号桥节制闸,1.28
2026-04-21 04:50:00,15号桥节制闸,1.28
2026-04-21 04:55:00,15号桥节制闸,1.28
2026-04-21 05:00:00,15号桥节制闸,1.28
2026-04-21 05:05:00,15号桥节制闸,1.28
2026-04-21 05:10:00,15号桥节制闸,1.27
2026-04-21 05:16:00,15号桥节制闸,1.27
2026-04-21 05:21:00,15号桥节制闸,1.27
2026-04-21 05:27:00,15号桥节制闸,1.27
2026-04-21 05:32:00,15号桥节制闸,1.27
2026-04-21 05:37:00,15号桥节制闸,1.27
2026-04-21 05:42:00,15号桥节制闸,1.28
2026-04-21 05:47:00,15号桥节制闸,1.28
2026-04-21 05:53:00,15号桥节制闸,1.28
2026-04-21 05:58:00,15号桥节制闸,1.28
2026-04-21 06:03:00,15号桥节制闸,1.28
2026-04-21 06:09:00,15号桥节制闸,1.28
2026-04-21 06:14:00,15号桥节制闸,1.28
2026-04-21 06:19:00,15号桥节制闸,1.28
2026-04-21 06:24:00,15号桥节制闸,1.28
2026-04-21 06:30:00,15号桥节制闸,1.28
2026-04-21 06:35:00,15号桥节制闸,1.28
2026-04-21 06:41:00,15号桥节制闸,1.28
2026-04-21 06:46:00,15号桥节制闸,1.28
2026-04-21 06:51:00,15号桥节制闸,1.28
2026-04-21 06:57:00,15号桥节制闸,1.28
2026-04-21 07:02:00,15号桥节制闸,1.27
2026-04-21 07:07:00,15号桥节制闸,1.32
2026-04-21 07:12:00,15号桥节制闸,1.33
2026-04-21 07:18:00,15号桥节制闸,1.33
2026-04-21 07:23:00,15号桥节制闸,1.34
2026-04-21 07:28:00,15号桥节制闸,1.35
2026-04-21 07:34:00,15号桥节制闸,1.35
2026-04-21 07:39:00,15号桥节制闸,1.36
2026-04-21 07:45:00,15号桥节制闸,1.38
2026-04-21 07:50:00,15号桥节制闸,1.39
2026-04-21 07:55:00,15号桥节制闸,1.4
2026-04-21 08:01:00,15号桥节制闸,1.43
2026-04-21 08:06:00,15号桥节制闸,1.44
2026-04-21 08:11:00,15号桥节制闸,1.49
2026-04-21 08:16:00,15号桥节制闸,1.51
2026-04-21 08:22:00,15号桥节制闸,1.53
2026-04-21 08:27:00,15号桥节制闸,1.55
2026-04-21 08:33:00,15号桥节制闸,1.56
2026-04-21 08:38:00,15号桥节制闸,1.58
2026-04-21 08:44:00,15号桥节制闸,1.59
2026-04-21 08:49:00,15号桥节制闸,1.61
2026-04-21 08:55:00,15号桥节制闸,1.62
2026-04-21 09:00:00,15号桥节制闸,1.64
2026-04-21 09:05:00,15号桥节制闸,1.66
2026-04-21 09:11:00,15号桥节制闸,1.68
2026-04-21 09:16:00,15号桥节制闸,1.69
2026-04-21 09:21:00,15号桥节制闸,1.71
2026-04-21 09:26:00,15号桥节制闸,1.73
2026-04-21 09:32:00,15号桥节制闸,1.75
2026-04-21 09:37:00,15号桥节制闸,1.76
2026-04-21 09:42:00,15号桥节制闸,1.77
2026-04-21 09:48:00,15号桥节制闸,1.78
2026-04-21 09:53:00,15号桥节制闸,1.8
2026-04-21 09:58:00,15号桥节制闸,1.81
2026-04-21 10:03:00,15号桥节制闸,1.83
2026-04-21 10:08:00,15号桥节制闸,1.84
2026-04-21 10:13:00,15号桥节制闸,1.85
2026-04-21 10:18:00,15号桥节制闸,1.86
2026-04-21 10:24:00,15号桥节制闸,1.87
2026-04-21 10:29:00,15号桥节制闸,1.88
2026-04-21 10:34:00,15号桥节制闸,1.89
2026-04-21 10:40:00,15号桥节制闸,1.9
2026-04-21 10:45:00,15号桥节制闸,1.91
2026-04-21 10:50:00,15号桥节制闸,1.92
2026-04-21 10:56:00,15号桥节制闸,1.93
2026-04-21 11:01:00,15号桥节制闸,1.94
2026-04-21 11:07:00,15号桥节制闸,1.95
2026-04-21 11:12:00,15号桥节制闸,1.96
2026-04-21 11:17:00,15号桥节制闸,1.96
2026-04-21 11:23:00,15号桥节制闸,1.97
2026-04-21 11:28:00,15号桥节制闸,1.97
2026-04-21 11:33:00,15号桥节制闸,1.97
2026-04-21 11:39:00,15号桥节制闸,1.92
2026-04-21 11:44:00,15号桥节制闸,1.9
2026-04-21 11:50:00,15号桥节制闸,1.92
2026-04-21 11:55:00,15号桥节制闸,1.84
2026-04-21 12:00:00,15号桥节制闸,1.82
2026-04-21 12:06:00,15号桥节制闸,1.86
2026-04-21 12:11:00,15号桥节制闸,1.87
2026-04-21 12:16:00,15号桥节制闸,1.86
2026-04-21 12:21:00,15号桥节制闸,1.94
2026-04-21 12:27:00,15号桥节制闸,1.95
2026-04-21 12:32:00,15号桥节制闸,1.99
2026-04-21 12:38:00,15号桥节制闸,1.99
2026-04-21 12:43:00,15号桥节制闸,1.91
2026-04-21 12:49:00,15号桥节制闸,1.9
2026-04-21 12:54:00,15号桥节制闸,1.88
2026-04-21 12:59:00,15号桥节制闸,1.87
2026-04-21 13:04:00,15号桥节制闸,1.87
2026-04-21 13:10:00,15号桥节制闸,1.9
2026-04-21 13:15:00,15号桥节制闸,1.91
2026-04-21 13:21:00,15号桥节制闸,1.92
2026-04-21 13:26:00,15号桥节制闸,1.92
2026-04-21 13:31:00,15号桥节制闸,1.89
2026-04-21 13:37:00,15号桥节制闸,1.88
2026-04-21 13:42:00,15号桥节制闸,1.87
2026-04-21 13:47:00,15号桥节制闸,1.87
2026-04-21 13:53:00,15号桥节制闸,1.86
2026-04-21 13:58:00,15号桥节制闸,1.8
2026-04-21 14:03:00,15号桥节制闸,1.77
2026-04-21 14:09:00,15号桥节制闸,1.76
2026-04-21 14:14:00,15号桥节制闸,1.73
2026-04-21 14:19:00,15号桥节制闸,1.71
2026-04-21 14:25:00,15号桥节制闸,1.77
2026-04-21 14:30:00,15号桥节制闸,1.55
2026-04-21 14:36:00,15号桥节制闸,1.73
2026-04-21 14:41:00,15号桥节制闸,1.66
2026-04-21 14:46:00,15号桥节制闸,1.71
2026-04-21 14:52:00,15号桥节制闸,1.68
2026-04-21 14:57:00,15号桥节制闸,1.65
2026-04-21 15:02:00,15号桥节制闸,1.65
2026-04-21 15:08:00,15号桥节制闸,1.64
2026-04-21 15:13:00,15号桥节制闸,1.64
2026-04-21 15:18:00,15号桥节制闸,1.63
2026-04-21 15:24:00,15号桥节制闸,1.63
2026-04-21 15:29:00,15号桥节制闸,1.61
2026-04-21 15:35:00,15号桥节制闸,1.63
2026-04-21 15:40:00,15号桥节制闸,1.63
2026-04-21 15:45:00,15号桥节制闸,1.62
2026-04-21 15:51:00,15号桥节制闸,1.62
2026-04-21 15:56:00,15号桥节制闸,1.61
2026-04-21 16:01:00,15号桥节制闸,1.61
2026-04-21 16:06:00,15号桥节制闸,1.6
2026-04-21 16:11:00,15号桥节制闸,1.6
2026-04-21 16:16:00,15号桥节制闸,1.6
2026-04-21 16:22:00,15号桥节制闸,1.6
2026-04-21 16:27:00,15号桥节制闸,1.59
2026-04-21 16:32:00,15号桥节制闸,1.59
2026-04-21 16:38:00,15号桥节制闸,1.58
2026-04-21 16:43:00,15号桥节制闸,1.58
2026-04-21 16:48:00,15号桥节制闸,1.58
2026-04-21 16:53:00,15号桥节制闸,1.57
2026-04-21 16:58:00,15号桥节制闸,1.57
2026-04-21 17:03:00,15号桥节制闸,1.56
2026-04-21 17:09:00,15号桥节制闸,1.59
2026-04-21 17:14:00,15号桥节制闸,1.57
2026-04-21 17:19:00,15号桥节制闸,1.51
2026-04-21 17:25:00,15号桥节制闸,1.55
2026-04-21 17:30:00,15号桥节制闸,1.57
2026-04-14 00:00:00,一级路南节制闸,1.35
2026-04-14 00:01:00,一级路南节制闸,1.35
2026-04-14 00:06:00,一级路南节制闸,1.35
2026-04-14 00:11:00,一级路南节制闸,1.35
2026-04-14 00:16:00,一级路南节制闸,1.35
2026-04-14 00:22:00,一级路南节制闸,1.36
2026-04-14 00:27:00,一级路南节制闸,1.36
2026-04-14 00:32:00,一级路南节制闸,1.36
2026-04-14 00:38:00,一级路南节制闸,1.36
2026-04-14 00:43:00,一级路南节制闸,1.36
2026-04-14 00:48:00,一级路南节制闸,1.36
2026-04-14 00:54:00,一级路南节制闸,1.36
2026-04-14 00:59:00,一级路南节制闸,1.36
2026-04-14 01:04:00,一级路南节制闸,1.36
2026-04-14 01:10:00,一级路南节制闸,1.36
2026-04-14 01:16:00,一级路南节制闸,1.36
2026-04-14 01:21:00,一级路南节制闸,1.36
2026-04-14 01:27:00,一级路南节制闸,1.37
2026-04-14 01:32:00,一级路南节制闸,1.37
2026-04-14 01:37:00,一级路南节制闸,1.37
2026-04-14 01:42:00,一级路南节制闸,1.37
2026-04-14 01:47:00,一级路南节制闸,1.37
2026-04-14 01:52:00,一级路南节制闸,1.37
2026-04-14 01:57:00,一级路南节制闸,1.37
2026-04-14 02:02:00,一级路南节制闸,1.37
2026-04-14 02:07:00,一级路南节制闸,1.37
2026-04-14 02:12:00,一级路南节制闸,1.37
2026-04-14 02:17:00,一级路南节制闸,1.37
2026-04-14 02:23:00,一级路南节制闸,1.37
2026-04-14 02:28:00,一级路南节制闸,1.37
2026-04-14 02:34:00,一级路南节制闸,1.37
2026-04-14 02:39:00,一级路南节制闸,1.37
2026-04-14 02:44:00,一级路南节制闸,1.37
2026-04-14 02:49:00,一级路南节制闸,1.37
2026-04-14 02:54:00,一级路南节制闸,1.37
2026-04-14 02:59:00,一级路南节制闸,1.38
2026-04-14 03:04:00,一级路南节制闸,1.38
2026-04-14 03:09:00,一级路南节制闸,1.38
2026-04-14 03:14:00,一级路南节制闸,1.38
2026-04-14 03:20:00,一级路南节制闸,1.38
2026-04-14 03:25:00,一级路南节制闸,1.38
2026-04-14 03:30:00,一级路南节制闸,1.38
2026-04-14 03:35:00,一级路南节制闸,1.38
2026-04-14 03:40:00,一级路南节制闸,1.38
2026-04-14 03:45:00,一级路南节制闸,1.38
2026-04-14 03:50:00,一级路南节制闸,1.38
2026-04-14 03:56:00,一级路南节制闸,1.39
2026-04-14 04:01:00,一级路南节制闸,1.39
2026-04-14 04:06:00,一级路南节制闸,1.39
2026-04-14 04:11:00,一级路南节制闸,1.39
2026-04-14 04:17:00,一级路南节制闸,1.39
2026-04-14 04:22:00,一级路南节制闸,1.39
2026-04-14 04:27:00,一级路南节制闸,1.39
2026-04-14 04:32:00,一级路南节制闸,1.39
2026-04-14 04:37:00,一级路南节制闸,1.39
2026-04-14 04:42:00,一级路南节制闸,1.39
2026-04-14 04:47:00,一级路南节制闸,1.39
2026-04-14 04:52:00,一级路南节制闸,1.39
2026-04-14 04:57:00,一级路南节制闸,1.39
2026-04-14 05:02:00,一级路南节制闸,1.39
2026-04-14 05:07:00,一级路南节制闸,1.39
2026-04-14 05:13:00,一级路南节制闸,1.39
2026-04-14 05:18:00,一级路南节制闸,1.39
2026-04-14 05:23:00,一级路南节制闸,1.39
2026-04-14 05:29:00,一级路南节制闸,1.39
2026-04-14 05:34:00,一级路南节制闸,1.39
2026-04-14 05:39:00,一级路南节制闸,1.39
2026-04-14 05:44:00,一级路南节制闸,1.39
2026-04-14 05:49:00,一级路南节制闸,1.39
2026-04-14 05:54:00,一级路南节制闸,1.39
2026-04-14 06:00:00,一级路南节制闸,1.39
2026-04-14 06:06:00,一级路南节制闸,1.39
2026-04-14 06:11:00,一级路南节制闸,1.39
2026-04-14 06:16:00,一级路南节制闸,1.39
2026-04-14 06:21:00,一级路南节制闸,1.38
2026-04-14 06:26:00,一级路南节制闸,1.38
2026-04-14 06:31:00,一级路南节制闸,1.38
2026-04-14 06:36:00,一级路南节制闸,1.38
2026-04-14 06:41:00,一级路南节制闸,1.38
2026-04-14 06:46:00,一级路南节制闸,1.38
2026-04-14 06:51:00,一级路南节制闸,1.38
2026-04-14 06:57:00,一级路南节制闸,1.38
2026-04-14 07:02:00,一级路南节制闸,1.38
2026-04-14 07:07:00,一级路南节制闸,1.38
2026-04-14 07:12:00,一级路南节制闸,1.38
2026-04-14 07:17:00,一级路南节制闸,1.37
2026-04-14 07:22:00,一级路南节制闸,1.37
2026-04-14 07:28:00,一级路南节制闸,1.37
2026-04-14 07:34:00,一级路南节制闸,1.37
2026-04-14 07:39:00,一级路南节制闸,1.36
2026-04-14 07:45:00,一级路南节制闸,1.36
2026-04-14 07:51:00,一级路南节制闸,1.36
2026-04-14 07:56:00,一级路南节制闸,1.36
2026-04-14 08:01:00,一级路南节制闸,1.35
2026-04-14 08:06:00,一级路南节制闸,1.35
2026-04-14 08:12:00,一级路南节制闸,1.35
2026-04-14 08:17:00,一级路南节制闸,1.35
2026-04-14 08:23:00,一级路南节制闸,1.34
2026-04-14 08:28:00,一级路南节制闸,1.34
2026-04-14 08:33:00,一级路南节制闸,1.34
2026-04-14 08:39:00,一级路南节制闸,1.34
2026-04-14 08:44:00,一级路南节制闸,1.34
2026-04-14 08:49:00,一级路南节制闸,1.33
2026-04-14 08:54:00,一级路南节制闸,1.33
2026-04-14 08:59:00,一级路南节制闸,1.33
2026-04-14 09:04:00,一级路南节制闸,1.33
2026-04-14 09:09:00,一级路南节制闸,1.33
2026-04-14 09:14:00,一级路南节制闸,1.33
2026-04-14 09:19:00,一级路南节制闸,1.33
2026-04-14 09:25:00,一级路南节制闸,1.32
2026-04-14 09:30:00,一级路南节制闸,1.32
2026-04-14 09:36:00,一级路南节制闸,1.32
2026-04-14 09:41:00,一级路南节制闸,1.32
2026-04-14 09:46:00,一级路南节制闸,1.32
2026-04-14 09:51:00,一级路南节制闸,1.31
2026-04-14 09:56:00,一级路南节制闸,1.31
2026-04-14 10:01:00,一级路南节制闸,1.31
2026-04-14 10:06:00,一级路南节制闸,1.31
2026-04-14 10:11:00,一级路南节制闸,1.3
2026-04-14 10:16:00,一级路南节制闸,1.3
2026-04-14 10:21:00,一级路南节制闸,1.29
2026-04-14 10:26:00,一级路南节制闸,1.29
2026-04-14 10:31:00,一级路南节制闸,1.29
2026-04-14 10:36:00,一级路南节制闸,1.28
2026-04-14 10:42:00,一级路南节制闸,1.28
2026-04-14 10:47:00,一级路南节制闸,1.27
2026-04-14 10:52:00,一级路南节制闸,1.27
2026-04-14 10:57:00,一级路南节制闸,1.27
2026-04-14 11:02:00,一级路南节制闸,1.26
2026-04-14 11:07:00,一级路南节制闸,1.25
2026-04-14 11:12:00,一级路南节制闸,1.24
2026-04-14 11:17:00,一级路南节制闸,1.23
2026-04-14 11:22:00,一级路南节制闸,1.25
2026-04-14 11:28:00,一级路南节制闸,1.26
2026-04-14 11:33:00,一级路南节制闸,1.27
2026-04-14 11:39:00,一级路南节制闸,1.27
2026-04-14 11:45:00,一级路南节制闸,1.28
2026-04-14 11:50:00,一级路南节制闸,1.29
2026-04-14 11:55:00,一级路南节制闸,1.29
2026-04-14 12:00:00,一级路南节制闸,1.3
2026-04-14 12:05:00,一级路南节制闸,1.31
2026-04-14 12:10:00,一级路南节制闸,1.31
2026-04-14 12:16:00,一级路南节制闸,1.32
2026-04-14 12:21:00,一级路南节制闸,1.32
2026-04-14 12:26:00,一级路南节制闸,1.32
2026-04-14 12:31:00,一级路南节制闸,1.32
2026-04-14 12:36:00,一级路南节制闸,1.32
2026-04-14 12:41:00,一级路南节制闸,1.32
2026-04-14 12:46:00,一级路南节制闸,1.32
2026-04-14 12:51:00,一级路南节制闸,1.33
2026-04-14 12:56:00,一级路南节制闸,1.33
2026-04-14 13:01:00,一级路南节制闸,1.33
2026-04-14 13:06:00,一级路南节制闸,1.33
2026-04-14 13:11:00,一级路南节制闸,1.33
2026-04-14 13:17:00,一级路南节制闸,1.33
2026-04-14 13:22:00,一级路南节制闸,1.33
2026-04-14 13:28:00,一级路南节制闸,1.33
2026-04-14 13:33:00,一级路南节制闸,1.33
2026-04-14 13:38:00,一级路南节制闸,1.33
2026-04-14 13:44:00,一级路南节制闸,1.33
2026-04-14 13:49:00,一级路南节制闸,1.33
2026-04-14 13:55:00,一级路南节制闸,1.33
2026-04-14 14:00:00,一级路南节制闸,1.33
2026-04-14 14:05:00,一级路南节制闸,1.33
2026-04-14 14:11:00,一级路南节制闸,1.33
2026-04-14 14:16:00,一级路南节制闸,1.33
2026-04-14 14:21:00,一级路南节制闸,1.33
2026-04-14 14:27:00,一级路南节制闸,1.33
2026-04-14 14:32:00,一级路南节制闸,1.33
2026-04-14 14:37:00,一级路南节制闸,1.33
2026-04-14 14:42:00,一级路南节制闸,1.33
2026-04-14 14:47:00,一级路南节制闸,1.33
2026-04-14 14:52:00,一级路南节制闸,1.33
2026-04-14 14:57:00,一级路南节制闸,1.33
2026-04-14 15:02:00,一级路南节制闸,1.33
2026-04-14 15:07:00,一级路南节制闸,1.33
2026-04-14 15:12:00,一级路南节制闸,1.33
2026-04-14 15:18:00,一级路南节制闸,1.32
2026-04-14 15:23:00,一级路南节制闸,1.32
2026-04-14 15:28:00,一级路南节制闸,1.32
2026-04-14 15:34:00,一级路南节制闸,1.32
2026-04-14 15:39:00,一级路南节制闸,1.32
2026-04-14 15:45:00,一级路南节制闸,1.32
2026-04-14 15:51:00,一级路南节制闸,1.32
2026-04-14 15:57:00,一级路南节制闸,1.32
2026-04-14 16:03:00,一级路南节制闸,1.32
2026-04-14 16:09:00,一级路南节制闸,1.31
2026-04-14 16:15:00,一级路南节制闸,1.31
2026-04-14 16:20:00,一级路南节制闸,1.31
2026-04-14 16:25:00,一级路南节制闸,1.31
2026-04-14 16:31:00,一级路南节制闸,1.3
2026-04-14 16:36:00,一级路南节制闸,1.3
2026-04-14 16:41:00,一级路南节制闸,1.3
2026-04-14 16:46:00,一级路南节制闸,1.3
2026-04-14 16:51:00,一级路南节制闸,1.3
2026-04-14 16:56:00,一级路南节制闸,1.29
2026-04-14 17:02:00,一级路南节制闸,1.29
2026-04-14 17:07:00,一级路南节制闸,1.29
2026-04-14 17:13:00,一级路南节制闸,1.29
2026-04-14 17:18:00,一级路南节制闸,1.29
2026-04-14 17:24:00,一级路南节制闸,1.28
2026-04-14 17:29:00,一级路南节制闸,1.28
2026-04-14 17:34:00,一级路南节制闸,1.28
2026-04-14 17:39:00,一级路南节制闸,1.28
2026-04-14 17:44:00,一级路南节制闸,1.27
2026-04-14 17:49:00,一级路南节制闸,1.27
2026-04-14 17:55:00,一级路南节制闸,1.27
2026-04-14 18:00:00,一级路南节制闸,1.26
2026-04-14 18:05:00,一级路南节制闸,1.26
2026-04-14 18:11:00,一级路南节制闸,1.26
2026-04-14 18:16:00,一级路南节制闸,1.25
2026-04-14 18:21:00,一级路南节制闸,1.25
2026-04-14 18:26:00,一级路南节制闸,1.25
2026-04-14 18:31:00,一级路南节制闸,1.24
2026-04-14 18:36:00,一级路南节制闸,1.25
2026-04-14 18:41:00,一级路南节制闸,1.25
2026-04-14 18:46:00,一级路南节制闸,1.25
2026-04-14 18:51:00,一级路南节制闸,1.25
2026-04-14 18:56:00,一级路南节制闸,1.25
2026-04-14 19:01:00,一级路南节制闸,1.25
2026-04-14 19:06:00,一级路南节制闸,1.25
2026-04-14 19:12:00,一级路南节制闸,1.25
2026-04-14 19:18:00,一级路南节制闸,1.25
2026-04-14 19:23:00,一级路南节制闸,1.26
2026-04-14 19:29:00,一级路南节制闸,1.26
2026-04-14 19:34:00,一级路南节制闸,1.27
2026-04-14 19:39:00,一级路南节制闸,1.27
2026-04-14 19:44:00,一级路南节制闸,1.27
2026-04-14 19:49:00,一级路南节制闸,1.27
2026-04-14 19:54:00,一级路南节制闸,1.27
2026-04-14 19:59:00,一级路南节制闸,1.28
2026-04-14 20:04:00,一级路南节制闸,1.28
2026-04-14 20:09:00,一级路南节制闸,1.28
2026-04-14 20:14:00,一级路南节制闸,1.28
2026-04-14 20:20:00,一级路南节制闸,1.28
2026-04-14 20:25:00,一级路南节制闸,1.28
2026-04-14 20:30:00,一级路南节制闸,1.28
2026-04-14 20:35:00,一级路南节制闸,1.29
2026-04-14 20:40:00,一级路南节制闸,1.29
2026-04-14 20:45:00,一级路南节制闸,1.29
2026-04-14 20:50:00,一级路南节制闸,1.29
2026-04-14 20:55:00,一级路南节制闸,1.29
2026-04-14 21:00:00,一级路南节制闸,1.29
2026-04-14 21:06:00,一级路南节制闸,1.29
2026-04-14 21:11:00,一级路南节制闸,1.29
2026-04-14 21:16:00,一级路南节制闸,1.29
2026-04-14 21:21:00,一级路南节制闸,1.29
2026-04-14 21:26:00,一级路南节制闸,1.29
2026-04-14 21:32:00,一级路南节制闸,1.3
2026-04-14 21:37:00,一级路南节制闸,1.3
2026-04-14 21:42:00,一级路南节制闸,1.3
2026-04-14 21:48:00,一级路南节制闸,1.3
2026-04-14 21:53:00,一级路南节制闸,1.3
2026-04-14 21:58:00,一级路南节制闸,1.3
2026-04-14 22:04:00,一级路南节制闸,1.3
2026-04-14 22:10:00,一级路南节制闸,1.3
2026-04-14 22:15:00,一级路南节制闸,1.3
2026-04-14 22:20:00,一级路南节制闸,1.31
2026-04-14 22:25:00,一级路南节制闸,1.31
2026-04-14 22:31:00,一级路南节制闸,1.31
2026-04-14 22:37:00,一级路南节制闸,1.31
2026-04-14 22:42:00,一级路南节制闸,1.31
2026-04-14 22:47:00,一级路南节制闸,1.31
2026-04-14 22:53:00,一级路南节制闸,1.31
2026-04-14 22:58:00,一级路南节制闸,1.31
2026-04-14 23:02:00,一级路南节制闸,1.31
2026-04-14 23:09:00,一级路南节制闸,1.31
2026-04-14 23:15:00,一级路南节制闸,1.32
2026-04-14 23:20:00,一级路南节制闸,1.32
2026-04-14 23:25:00,一级路南节制闸,1.32
2026-04-14 23:30:00,一级路南节制闸,1.32
2026-04-14 23:36:00,一级路南节制闸,1.32
2026-04-14 23:42:00,一级路南节制闸,1.32
2026-04-14 23:47:00,一级路南节制闸,1.32
2026-04-14 23:52:00,一级路南节制闸,1.32
2026-04-14 23:57:00,一级路南节制闸,1.32
2026-04-15 00:02:00,一级路南节制闸,1.32
2026-04-15 00:07:00,一级路南节制闸,1.32
2026-04-15 00:12:00,一级路南节制闸,1.32
2026-04-15 00:17:00,一级路南节制闸,1.33
2026-04-15 00:22:00,一级路南节制闸,1.33
2026-04-15 00:28:00,一级路南节制闸,1.33
2026-04-15 00:33:00,一级路南节制闸,1.33
2026-04-15 00:38:00,一级路南节制闸,1.33
2026-04-15 00:44:00,一级路南节制闸,1.33
2026-04-15 00:50:00,一级路南节制闸,1.34
2026-04-15 00:55:00,一级路南节制闸,1.34
2026-04-15 01:00:00,一级路南节制闸,1.34
2026-04-15 01:05:00,一级路南节制闸,1.34
2026-04-15 01:10:00,一级路南节制闸,1.34
2026-04-15 01:15:00,一级路南节制闸,1.35
2026-04-15 01:20:00,一级路南节制闸,1.35
2026-04-15 01:25:00,一级路南节制闸,1.35
2026-04-15 01:30:00,一级路南节制闸,1.36
2026-04-15 01:35:00,一级路南节制闸,1.36
2026-04-15 01:40:00,一级路南节制闸,1.36
2026-04-15 01:45:00,一级路南节制闸,1.37
2026-04-15 01:50:00,一级路南节制闸,1.37
2026-04-15 01:55:00,一级路南节制闸,1.37
2026-04-15 02:00:00,一级路南节制闸,1.38
2026-04-15 02:05:00,一级路南节制闸,1.38
2026-04-15 02:11:00,一级路南节制闸,1.38
2026-04-15 02:17:00,一级路南节制闸,1.39
2026-04-15 02:22:00,一级路南节制闸,1.39
2026-04-15 02:27:00,一级路南节制闸,1.4
2026-04-15 02:32:00,一级路南节制闸,1.4
2026-04-15 02:37:00,一级路南节制闸,1.4
2026-04-15 02:42:00,一级路南节制闸,1.41
2026-04-15 02:47:00,一级路南节制闸,1.41
2026-04-15 02:52:00,一级路南节制闸,1.41
2026-04-15 02:57:00,一级路南节制闸,1.42
2026-04-15 03:03:00,一级路南节制闸,1.42
2026-04-15 03:09:00,一级路南节制闸,1.43
2026-04-15 03:14:00,一级路南节制闸,1.43
2026-04-15 03:20:00,一级路南节制闸,1.43
2026-04-15 03:25:00,一级路南节制闸,1.44
2026-04-15 03:31:00,一级路南节制闸,1.44
2026-04-15 03:36:00,一级路南节制闸,1.44
2026-04-15 03:41:00,一级路南节制闸,1.45
2026-04-15 03:46:00,一级路南节制闸,1.45
2026-04-15 03:51:00,一级路南节制闸,1.45
2026-04-15 03:56:00,一级路南节制闸,1.46
2026-04-15 04:01:00,一级路南节制闸,1.46
2026-04-15 04:06:00,一级路南节制闸,1.46
2026-04-15 04:11:00,一级路南节制闸,1.46
2026-04-15 04:16:00,一级路南节制闸,1.47
2026-04-15 04:22:00,一级路南节制闸,1.47
2026-04-15 04:28:00,一级路南节制闸,1.47
2026-04-15 04:33:00,一级路南节制闸,1.48
2026-04-15 04:38:00,一级路南节制闸,1.48
2026-04-15 04:43:00,一级路南节制闸,1.48
2026-04-15 04:49:00,一级路南节制闸,1.49
2026-04-15 04:54:00,一级路南节制闸,1.49
2026-04-15 04:59:00,一级路南节制闸,1.49
2026-04-15 05:04:00,一级路南节制闸,1.5
2026-04-15 05:10:00,一级路南节制闸,1.5
2026-04-15 05:15:00,一级路南节制闸,1.5
2026-04-15 05:20:00,一级路南节制闸,1.5
2026-04-15 05:25:00,一级路南节制闸,1.51
2026-04-15 05:30:00,一级路南节制闸,1.51
2026-04-15 05:36:00,一级路南节制闸,1.51
2026-04-15 05:42:00,一级路南节制闸,1.51
2026-04-15 05:47:00,一级路南节制闸,1.52
2026-04-15 05:52:00,一级路南节制闸,1.52
2026-04-15 05:57:00,一级路南节制闸,1.52
2026-04-15 06:02:00,一级路南节制闸,1.52
2026-04-15 06:07:00,一级路南节制闸,1.53
2026-04-15 06:12:00,一级路南节制闸,1.53
2026-04-15 06:17:00,一级路南节制闸,1.53
2026-04-15 06:22:00,一级路南节制闸,1.53
2026-04-15 06:27:00,一级路南节制闸,1.54
2026-04-15 06:32:00,一级路南节制闸,1.54
2026-04-15 06:38:00,一级路南节制闸,1.54
2026-04-15 06:43:00,一级路南节制闸,1.55
2026-04-15 06:48:00,一级路南节制闸,1.55
2026-04-15 06:54:00,一级路南节制闸,1.55
2026-04-15 06:59:00,一级路南节制闸,1.55
2026-04-15 07:04:00,一级路南节制闸,1.56
2026-04-15 07:09:00,一级路南节制闸,1.56
2026-04-15 07:14:00,一级路南节制闸,1.56
2026-04-15 07:20:00,一级路南节制闸,1.56
2026-04-15 07:25:00,一级路南节制闸,1.56
2026-04-15 07:30:00,一级路南节制闸,1.56
2026-04-15 07:35:00,一级路南节制闸,1.56
2026-04-15 07:41:00,一级路南节制闸,1.57
2026-04-15 07:46:00,一级路南节制闸,1.57
2026-04-15 07:51:00,一级路南节制闸,1.57
2026-04-15 07:56:00,一级路南节制闸,1.57
2026-04-15 08:02:00,一级路南节制闸,1.57
2026-04-15 08:07:00,一级路南节制闸,1.57
2026-04-15 08:12:00,一级路南节制闸,1.57
2026-04-15 08:17:00,一级路南节制闸,1.57
2026-04-15 08:22:00,一级路南节制闸,1.58
2026-04-15 08:28:00,一级路南节制闸,1.58
2026-04-15 08:33:00,一级路南节制闸,1.58
2026-04-15 08:38:00,一级路南节制闸,1.58
2026-04-15 08:43:00,一级路南节制闸,1.58
2026-04-15 08:48:00,一级路南节制闸,1.58
2026-04-15 08:54:00,一级路南节制闸,1.58
2026-04-15 08:59:00,一级路南节制闸,1.59
2026-04-15 09:04:00,一级路南节制闸,1.58
2026-04-15 09:09:00,一级路南节制闸,1.58
2026-04-15 09:14:00,一级路南节制闸,1.59
2026-04-15 09:19:00,一级路南节制闸,1.59
2026-04-15 09:24:00,一级路南节制闸,1.59
2026-04-15 09:29:00,一级路南节制闸,1.59
2026-04-15 09:34:00,一级路南节制闸,1.59
2026-04-15 09:39:00,一级路南节制闸,1.59
2026-04-15 09:44:00,一级路南节制闸,1.59
2026-04-15 09:49:00,一级路南节制闸,1.59
2026-04-15 09:54:00,一级路南节制闸,1.59
2026-04-15 10:00:00,一级路南节制闸,1.59
2026-04-15 10:05:00,一级路南节制闸,1.59
2026-04-15 10:10:00,一级路南节制闸,1.59
2026-04-15 10:15:00,一级路南节制闸,1.59
2026-04-15 10:20:00,一级路南节制闸,1.59
2026-04-15 10:25:00,一级路南节制闸,1.59
2026-04-15 10:30:00,一级路南节制闸,1.59
2026-04-15 10:35:00,一级路南节制闸,1.59
2026-04-15 10:40:00,一级路南节制闸,1.59
2026-04-15 10:46:00,一级路南节制闸,1.59
2026-04-15 10:52:00,一级路南节制闸,1.59
2026-04-15 10:57:00,一级路南节制闸,1.59
2026-04-15 11:02:00,一级路南节制闸,1.59
2026-04-15 12:06:00,一级路南节制闸,1.58
2026-04-15 12:12:00,一级路南节制闸,1.58
2026-04-15 12:18:00,一级路南节制闸,1.58
2026-04-15 12:23:00,一级路南节制闸,1.58
2026-04-15 12:29:00,一级路南节制闸,1.58
2026-04-15 12:34:00,一级路南节制闸,1.58
2026-04-15 12:40:00,一级路南节制闸,1.58
2026-04-15 12:45:00,一级路南节制闸,1.58
2026-04-15 12:51:00,一级路南节制闸,1.58
2026-04-15 12:56:00,一级路南节制闸,1.58
2026-04-15 13:01:00,一级路南节制闸,1.58
2026-04-15 13:07:00,一级路南节制闸,1.58
2026-04-15 13:13:00,一级路南节制闸,1.58
2026-04-15 13:18:00,一级路南节制闸,1.59
2026-04-15 13:23:00,一级路南节制闸,1.59
2026-04-15 13:29:00,一级路南节制闸,1.59
2026-04-15 13:34:00,一级路南节制闸,1.59
2026-04-15 13:39:00,一级路南节制闸,1.59
2026-04-15 13:45:00,一级路南节制闸,1.59
2026-04-15 13:50:00,一级路南节制闸,1.59
2026-04-15 13:55:00,一级路南节制闸,1.59
2026-04-15 14:00:00,一级路南节制闸,1.59
2026-04-15 14:05:00,一级路南节制闸,1.59
2026-04-15 14:10:00,一级路南节制闸,1.59
2026-04-15 14:15:00,一级路南节制闸,1.59
2026-04-15 14:21:00,一级路南节制闸,1.59
2026-04-15 14:26:00,一级路南节制闸,1.59
2026-04-15 14:32:00,一级路南节制闸,1.59
2026-04-15 14:38:00,一级路南节制闸,1.59
2026-04-15 14:43:00,一级路南节制闸,1.59
2026-04-15 14:49:00,一级路南节制闸,1.6
2026-04-15 14:54:00,一级路南节制闸,1.6
2026-04-15 15:00:00,一级路南节制闸,1.59
2026-04-15 15:05:00,一级路南节制闸,1.59
2026-04-15 15:11:00,一级路南节制闸,1.59
2026-04-15 15:17:00,一级路南节制闸,1.59
2026-04-15 15:22:00,一级路南节制闸,1.59
2026-04-15 15:27:00,一级路南节制闸,1.6
2026-04-15 15:32:00,一级路南节制闸,1.6
2026-04-15 15:37:00,一级路南节制闸,1.6
2026-04-15 15:43:00,一级路南节制闸,1.6
2026-04-15 15:48:00,一级路南节制闸,1.6
2026-04-15 15:54:00,一级路南节制闸,1.6
2026-04-15 15:59:00,一级路南节制闸,1.6
2026-04-15 16:05:00,一级路南节制闸,1.6
2026-04-15 16:11:00,一级路南节制闸,1.6
2026-04-15 16:16:00,一级路南节制闸,1.59
2026-04-15 16:21:00,一级路南节制闸,1.6
2026-04-15 16:26:00,一级路南节制闸,1.6
2026-04-15 16:31:00,一级路南节制闸,1.6
2026-04-15 16:36:00,一级路南节制闸,1.6
2026-04-15 16:41:00,一级路南节制闸,1.6
2026-04-15 16:47:00,一级路南节制闸,1.59
2026-04-15 16:53:00,一级路南节制闸,1.6
2026-04-15 16:58:00,一级路南节制闸,1.6
2026-04-15 17:04:00,一级路南节制闸,1.6
2026-04-15 17:09:00,一级路南节制闸,1.6
2026-04-15 17:14:00,一级路南节制闸,1.59
2026-04-15 17:20:00,一级路南节制闸,1.59
2026-04-15 17:25:00,一级路南节制闸,1.59
2026-04-15 17:30:00,一级路南节制闸,1.6
2026-04-15 17:35:00,一级路南节制闸,1.59
2026-04-15 17:41:00,一级路南节制闸,1.6
2026-04-15 17:46:00,一级路南节制闸,1.59
2026-04-15 17:52:00,一级路南节制闸,1.59
2026-04-15 17:57:00,一级路南节制闸,1.6
2026-04-15 18:02:00,一级路南节制闸,1.6
2026-04-15 18:08:00,一级路南节制闸,1.59
2026-04-15 18:14:00,一级路南节制闸,1.6
2026-04-15 18:19:00,一级路南节制闸,1.6
2026-04-15 18:25:00,一级路南节制闸,1.6
2026-04-15 18:30:00,一级路南节制闸,1.6
2026-04-15 18:36:00,一级路南节制闸,1.6
2026-04-15 18:41:00,一级路南节制闸,1.6
2026-04-15 18:47:00,一级路南节制闸,1.6
2026-04-15 18:52:00,一级路南节制闸,1.6
2026-04-15 18:58:00,一级路南节制闸,1.59
2026-04-15 19:03:00,一级路南节制闸,1.59
2026-04-15 19:08:00,一级路南节制闸,1.59
2026-04-15 19:14:00,一级路南节制闸,1.59
2026-04-15 19:20:00,一级路南节制闸,1.59
2026-04-15 19:25:00,一级路南节制闸,1.58
2026-04-15 19:31:00,一级路南节制闸,1.58
2026-04-15 19:36:00,一级路南节制闸,1.58
2026-04-15 19:41:00,一级路南节制闸,1.58
2026-04-15 19:47:00,一级路南节制闸,1.58
2026-04-15 19:53:00,一级路南节制闸,1.58
2026-04-15 19:58:00,一级路南节制闸,1.57
2026-04-15 20:03:00,一级路南节制闸,1.57
2026-04-15 20:09:00,一级路南节制闸,1.56
2026-04-15 20:14:00,一级路南节制闸,1.56
2026-04-15 20:19:00,一级路南节制闸,1.55
2026-04-15 20:24:00,一级路南节制闸,1.55
2026-04-15 20:30:00,一级路南节制闸,1.55
2026-04-15 20:35:00,一级路南节制闸,1.54
2026-04-15 20:40:00,一级路南节制闸,1.54
2026-04-15 20:45:00,一级路南节制闸,1.54
2026-04-15 20:50:00,一级路南节制闸,1.53
2026-04-15 20:56:00,一级路南节制闸,1.53
2026-04-15 21:01:00,一级路南节制闸,1.53
2026-04-15 21:07:00,一级路南节制闸,1.52
2026-04-15 21:12:00,一级路南节制闸,1.52
2026-04-15 21:18:00,一级路南节制闸,1.51
2026-04-15 21:23:00,一级路南节制闸,1.51
2026-04-15 21:29:00,一级路南节制闸,1.51
2026-04-15 21:34:00,一级路南节制闸,1.5
2026-04-15 21:40:00,一级路南节制闸,1.5
2026-04-15 21:45:00,一级路南节制闸,1.5
2026-04-15 21:51:00,一级路南节制闸,1.49
2026-04-15 21:56:00,一级路南节制闸,1.49
2026-04-15 22:01:00,一级路南节制闸,1.49
2026-04-15 22:07:00,一级路南节制闸,1.48
2026-04-15 22:12:00,一级路南节制闸,1.48
2026-04-15 22:17:00,一级路南节制闸,1.48
2026-04-15 22:23:00,一级路南节制闸,1.47
2026-04-15 22:28:00,一级路南节制闸,1.47
2026-04-15 22:34:00,一级路南节制闸,1.47
2026-04-15 22:39:00,一级路南节制闸,1.47
2026-04-15 22:45:00,一级路南节制闸,1.46
2026-04-15 22:51:00,一级路南节制闸,1.47
2026-04-15 22:56:00,一级路南节制闸,1.47
2026-04-15 23:01:00,一级路南节制闸,1.46
2026-04-15 23:05:00,一级路南节制闸,1.46
2026-04-15 23:12:00,一级路南节制闸,1.46
2026-04-15 23:17:00,一级路南节制闸,1.46
2026-04-15 23:22:00,一级路南节制闸,1.46
2026-04-15 23:27:00,一级路南节制闸,1.46
2026-04-15 23:33:00,一级路南节制闸,1.46
2026-04-15 23:39:00,一级路南节制闸,1.46
2026-04-15 23:45:00,一级路南节制闸,1.46
2026-04-15 23:51:00,一级路南节制闸,1.46
2026-04-15 23:57:00,一级路南节制闸,1.46
2026-04-16 00:03:00,一级路南节制闸,1.46
2026-04-16 00:08:00,一级路南节制闸,1.46
2026-04-16 00:14:00,一级路南节制闸,1.46
2026-04-16 00:20:00,一级路南节制闸,1.46
2026-04-16 00:26:00,一级路南节制闸,1.46
2026-04-16 00:32:00,一级路南节制闸,1.45
2026-04-16 00:37:00,一级路南节制闸,1.45
2026-04-16 00:43:00,一级路南节制闸,1.45
2026-04-16 00:49:00,一级路南节制闸,1.45
2026-04-16 00:55:00,一级路南节制闸,1.45
2026-04-16 01:00:00,一级路南节制闸,1.45
2026-04-16 01:05:00,一级路南节制闸,1.45
2026-04-16 01:11:00,一级路南节制闸,1.45
2026-04-16 01:16:00,一级路南节制闸,1.45
2026-04-16 01:22:00,一级路南节制闸,1.45
2026-04-16 01:27:00,一级路南节制闸,1.45
2026-04-16 01:32:00,一级路南节制闸,1.45
2026-04-16 01:38:00,一级路南节制闸,1.45
2026-04-16 01:43:00,一级路南节制闸,1.45
2026-04-16 01:48:00,一级路南节制闸,1.45
2026-04-16 01:54:00,一级路南节制闸,1.44
2026-04-16 01:59:00,一级路南节制闸,1.44
2026-04-16 02:05:00,一级路南节制闸,1.44
2026-04-16 02:10:00,一级路南节制闸,1.44
2026-04-16 02:15:00,一级路南节制闸,1.44
2026-04-16 02:21:00,一级路南节制闸,1.44
2026-04-16 02:27:00,一级路南节制闸,1.44
2026-04-16 02:33:00,一级路南节制闸,1.44
2026-04-16 02:39:00,一级路南节制闸,1.44
2026-04-16 02:44:00,一级路南节制闸,1.44
2026-04-16 02:49:00,一级路南节制闸,1.44
2026-04-16 02:54:00,一级路南节制闸,1.44
2026-04-16 03:00:00,一级路南节制闸,1.44
2026-04-16 03:05:00,一级路南节制闸,1.44
2026-04-16 03:11:00,一级路南节制闸,1.44
2026-04-16 03:16:00,一级路南节制闸,1.44
2026-04-16 03:22:00,一级路南节制闸,1.44
2026-04-16 03:28:00,一级路南节制闸,1.44
2026-04-16 03:34:00,一级路南节制闸,1.43
2026-04-16 03:39:00,一级路南节制闸,1.43
2026-04-16 03:45:00,一级路南节制闸,1.42
2026-04-16 03:51:00,一级路南节制闸,1.41
2026-04-16 03:57:00,一级路南节制闸,1.4
2026-04-16 04:02:00,一级路南节制闸,1.41
2026-04-16 04:08:00,一级路南节制闸,1.41
2026-04-16 04:14:00,一级路南节制闸,1.41
2026-04-16 04:20:00,一级路南节制闸,1.4
2026-04-16 04:25:00,一级路南节制闸,1.4
2026-04-16 04:30:00,一级路南节制闸,1.4
2026-04-16 04:36:00,一级路南节制闸,1.4
2026-04-16 04:42:00,一级路南节制闸,1.4
2026-04-16 04:47:00,一级路南节制闸,1.4
2026-04-16 04:53:00,一级路南节制闸,1.4
2026-04-16 04:58:00,一级路南节制闸,1.4
2026-04-16 05:04:00,一级路南节制闸,1.4
2026-04-16 05:09:00,一级路南节制闸,1.4
2026-04-16 05:15:00,一级路南节制闸,1.4
2026-04-16 05:20:00,一级路南节制闸,1.4
2026-04-16 05:26:00,一级路南节制闸,1.4
2026-04-16 05:31:00,一级路南节制闸,1.4
2026-04-16 05:37:00,一级路南节制闸,1.4
2026-04-16 05:43:00,一级路南节制闸,1.4
2026-04-16 05:48:00,一级路南节制闸,1.4
2026-04-16 05:54:00,一级路南节制闸,1.4
2026-04-16 06:00:00,一级路南节制闸,1.39
2026-04-16 06:05:00,一级路南节制闸,1.39
2026-04-16 06:10:00,一级路南节制闸,1.39
2026-04-16 06:16:00,一级路南节制闸,1.39
2026-04-16 06:22:00,一级路南节制闸,1.39
2026-04-16 06:28:00,一级路南节制闸,1.39
2026-04-16 06:33:00,一级路南节制闸,1.39
2026-04-16 06:38:00,一级路南节制闸,1.39
2026-04-16 06:44:00,一级路南节制闸,1.39
2026-04-16 06:49:00,一级路南节制闸,1.39
2026-04-16 06:55:00,一级路南节制闸,1.39
2026-04-16 07:00:00,一级路南节制闸,1.39
2026-04-16 07:06:00,一级路南节制闸,1.39
2026-04-16 07:12:00,一级路南节制闸,1.39
2026-04-16 07:17:00,一级路南节制闸,1.39
2026-04-16 07:23:00,一级路南节制闸,1.39
2026-04-16 07:28:00,一级路南节制闸,1.39
2026-04-16 07:34:00,一级路南节制闸,1.39
2026-04-16 07:39:00,一级路南节制闸,1.39
2026-04-16 07:45:00,一级路南节制闸,1.39
2026-04-16 07:50:00,一级路南节制闸,1.39
2026-04-16 07:56:00,一级路南节制闸,1.39
2026-04-16 08:02:00,一级路南节制闸,1.39
2026-04-16 08:07:00,一级路南节制闸,1.39
2026-04-16 08:12:00,一级路南节制闸,1.39
2026-04-16 08:18:00,一级路南节制闸,1.39
2026-04-16 08:24:00,一级路南节制闸,1.39
2026-04-16 08:30:00,一级路南节制闸,1.39
2026-04-16 08:35:00,一级路南节制闸,1.39
2026-04-16 08:40:00,一级路南节制闸,1.39
2026-04-16 08:45:00,一级路南节制闸,1.39
2026-04-16 08:50:00,一级路南节制闸,1.39
2026-04-16 08:55:00,一级路南节制闸,1.39
2026-04-16 09:00:00,一级路南节制闸,1.39
2026-04-16 09:05:00,一级路南节制闸,1.39
2026-04-16 09:10:00,一级路南节制闸,1.39
2026-04-16 09:16:00,一级路南节制闸,1.39
2026-04-16 09:22:00,一级路南节制闸,1.39
2026-04-16 09:28:00,一级路南节制闸,1.39
2026-04-16 09:33:00,一级路南节制闸,1.39
2026-04-16 09:39:00,一级路南节制闸,1.39
2026-04-16 09:45:00,一级路南节制闸,1.39
2026-04-16 09:51:00,一级路南节制闸,1.39
2026-04-16 09:57:00,一级路南节制闸,1.39
2026-04-16 10:03:00,一级路南节制闸,1.39
2026-04-16 10:09:00,一级路南节制闸,1.39
2026-04-16 10:15:00,一级路南节制闸,1.39
2026-04-16 10:20:00,一级路南节制闸,1.39
2026-04-16 10:26:00,一级路南节制闸,1.38
2026-04-16 10:32:00,一级路南节制闸,1.38
2026-04-16 10:37:00,一级路南节制闸,1.38
2026-04-16 10:43:00,一级路南节制闸,1.38
2026-04-16 10:48:00,一级路南节制闸,1.38
2026-04-16 10:53:00,一级路南节制闸,1.38
2026-04-16 10:59:00,一级路南节制闸,1.38
2026-04-16 11:04:00,一级路南节制闸,1.38
2026-04-16 11:10:00,一级路南节制闸,1.38
2026-04-16 11:16:00,一级路南节制闸,1.38
2026-04-16 11:22:00,一级路南节制闸,1.37
2026-04-16 11:28:00,一级路南节制闸,1.37
2026-04-16 11:34:00,一级路南节制闸,1.37
2026-04-16 11:39:00,一级路南节制闸,1.37
2026-04-16 11:45:00,一级路南节制闸,1.36
2026-04-16 11:51:00,一级路南节制闸,1.36
2026-04-16 11:57:00,一级路南节制闸,1.36
2026-04-16 12:02:00,一级路南节制闸,1.36
2026-04-16 12:08:00,一级路南节制闸,1.36
2026-04-16 12:14:00,一级路南节制闸,1.37
2026-04-16 12:19:00,一级路南节制闸,1.37
2026-04-16 12:24:00,一级路南节制闸,1.37
2026-04-16 12:30:00,一级路南节制闸,1.37
2026-04-16 12:36:00,一级路南节制闸,1.37
2026-04-16 12:42:00,一级路南节制闸,1.36
2026-04-16 12:47:00,一级路南节制闸,1.36
2026-04-16 12:52:00,一级路南节制闸,1.37
2026-04-16 12:57:00,一级路南节制闸,1.37
2026-04-16 13:03:00,一级路南节制闸,1.37
2026-04-16 13:08:00,一级路南节制闸,1.37
2026-04-16 13:13:00,一级路南节制闸,1.37
2026-04-16 13:19:00,一级路南节制闸,1.37
2026-04-16 13:25:00,一级路南节制闸,1.37
2026-04-16 13:31:00,一级路南节制闸,1.37
2026-04-16 13:36:00,一级路南节制闸,1.36
2026-04-16 13:42:00,一级路南节制闸,1.36
2026-04-16 13:48:00,一级路南节制闸,1.36
2026-04-16 13:53:00,一级路南节制闸,1.36
2026-04-16 13:59:00,一级路南节制闸,1.36
2026-04-16 14:04:00,一级路南节制闸,1.36
2026-04-16 14:09:00,一级路南节制闸,1.35
2026-04-16 14:14:00,一级路南节制闸,1.35
2026-04-16 14:20:00,一级路南节制闸,1.35
2026-04-16 14:25:00,一级路南节制闸,1.35
2026-04-16 14:31:00,一级路南节制闸,1.35
2026-04-16 14:36:00,一级路南节制闸,1.35
2026-04-16 14:41:00,一级路南节制闸,1.35
2026-04-16 14:47:00,一级路南节制闸,1.35
2026-04-16 14:53:00,一级路南节制闸,1.35
2026-04-16 14:59:00,一级路南节制闸,1.34
2026-04-16 15:04:00,一级路南节制闸,1.35
2026-04-16 15:09:00,一级路南节制闸,1.35
2026-04-16 15:15:00,一级路南节制闸,1.35
2026-04-16 15:20:00,一级路南节制闸,1.34
2026-04-16 15:26:00,一级路南节制闸,1.34
2026-04-16 15:31:00,一级路南节制闸,1.34
2026-04-16 15:36:00,一级路南节制闸,1.34
2026-04-16 15:41:00,一级路南节制闸,1.34
2026-04-16 15:47:00,一级路南节制闸,1.34
2026-04-16 15:52:00,一级路南节制闸,1.34
2026-04-16 15:58:00,一级路南节制闸,1.34
2026-04-16 16:03:00,一级路南节制闸,1.34
2026-04-16 16:09:00,一级路南节制闸,1.33
2026-04-16 16:15:00,一级路南节制闸,1.33
2026-04-16 16:20:00,一级路南节制闸,1.33
2026-04-16 16:25:00,一级路南节制闸,1.33
2026-04-16 16:31:00,一级路南节制闸,1.33
2026-04-16 16:36:00,一级路南节制闸,1.33
2026-04-16 16:41:00,一级路南节制闸,1.33
2026-04-16 16:46:00,一级路南节制闸,1.33
2026-04-16 16:52:00,一级路南节制闸,1.33
2026-04-16 16:58:00,一级路南节制闸,1.33
2026-04-16 17:04:00,一级路南节制闸,1.33
2026-04-16 17:09:00,一级路南节制闸,1.33
2026-04-16 17:15:00,一级路南节制闸,1.32
2026-04-16 17:21:00,一级路南节制闸,1.32
2026-04-16 17:27:00,一级路南节制闸,1.32
2026-04-16 17:32:00,一级路南节制闸,1.32
2026-04-16 17:37:00,一级路南节制闸,1.32
2026-04-16 17:43:00,一级路南节制闸,1.32
2026-04-16 17:49:00,一级路南节制闸,1.32
2026-04-16 17:55:00,一级路南节制闸,1.32
2026-04-16 18:00:00,一级路南节制闸,1.32
2026-04-16 18:05:00,一级路南节制闸,1.32
2026-04-16 18:10:00,一级路南节制闸,1.32
2026-04-16 18:16:00,一级路南节制闸,1.32
2026-04-16 18:21:00,一级路南节制闸,1.32
2026-04-16 18:26:00,一级路南节制闸,1.32
2026-04-16 18:32:00,一级路南节制闸,1.32
2026-04-16 18:38:00,一级路南节制闸,1.31
2026-04-16 18:43:00,一级路南节制闸,1.31
2026-04-16 18:49:00,一级路南节制闸,1.31
2026-04-16 18:55:00,一级路南节制闸,1.31
2026-04-16 19:00:00,一级路南节制闸,1.3
2026-04-16 19:06:00,一级路南节制闸,1.3
2026-04-16 19:12:00,一级路南节制闸,1.3
2026-04-16 19:17:00,一级路南节制闸,1.3
2026-04-16 19:23:00,一级路南节制闸,1.3
2026-04-16 19:28:00,一级路南节制闸,1.29
2026-04-16 19:33:00,一级路南节制闸,1.29
2026-04-16 19:38:00,一级路南节制闸,1.29
2026-04-16 19:43:00,一级路南节制闸,1.29
2026-04-16 19:48:00,一级路南节制闸,1.29
2026-04-16 19:53:00,一级路南节制闸,1.28
2026-04-16 19:58:00,一级路南节制闸,1.28
2026-04-16 20:04:00,一级路南节制闸,1.28
2026-04-16 20:09:00,一级路南节制闸,1.28
2026-04-16 20:14:00,一级路南节制闸,1.27
2026-04-16 20:20:00,一级路南节制闸,1.27
2026-04-16 20:25:00,一级路南节制闸,1.27
2026-04-16 20:31:00,一级路南节制闸,1.27
2026-04-16 20:37:00,一级路南节制闸,1.27
2026-04-16 20:42:00,一级路南节制闸,1.27
2026-04-16 20:47:00,一级路南节制闸,1.27
2026-04-16 20:53:00,一级路南节制闸,1.27
2026-04-16 20:58:00,一级路南节制闸,1.27
2026-04-16 21:03:00,一级路南节制闸,1.27
2026-04-16 21:09:00,一级路南节制闸,1.27
2026-04-16 21:14:00,一级路南节制闸,1.27
2026-04-16 21:19:00,一级路南节制闸,1.27
2026-04-16 21:24:00,一级路南节制闸,1.27
2026-04-16 21:29:00,一级路南节制闸,1.28
2026-04-16 21:35:00,一级路南节制闸,1.28
2026-04-16 21:40:00,一级路南节制闸,1.28
2026-04-16 21:46:00,一级路南节制闸,1.28
2026-04-16 21:52:00,一级路南节制闸,1.28
2026-04-16 21:58:00,一级路南节制闸,1.28
2026-04-16 22:03:00,一级路南节制闸,1.28
2026-04-16 22:08:00,一级路南节制闸,1.29
2026-04-16 22:14:00,一级路南节制闸,1.29
2026-04-16 22:20:00,一级路南节制闸,1.29
2026-04-16 22:25:00,一级路南节制闸,1.29
2026-04-16 22:30:00,一级路南节制闸,1.29
2026-04-16 22:36:00,一级路南节制闸,1.29
2026-04-16 22:42:00,一级路南节制闸,1.3
2026-04-16 22:47:00,一级路南节制闸,1.32
2026-04-16 22:53:00,一级路南节制闸,1.38
2026-04-16 22:58:00,一级路南节制闸,1.43
2026-04-16 23:02:00,一级路南节制闸,1.47
2026-04-16 23:09:00,一级路南节制闸,1.53
2026-04-16 23:14:00,一级路南节制闸,1.58
2026-04-16 23:19:00,一级路南节制闸,1.62
2026-04-16 23:25:00,一级路南节制闸,1.31
2026-04-16 23:31:00,一级路南节制闸,1.25
2026-04-16 23:36:00,一级路南节制闸,1.23
2026-04-16 23:42:00,一级路南节制闸,1.22
2026-04-16 23:47:00,一级路南节制闸,1.2
2026-04-16 23:52:00,一级路南节制闸,1.18
2026-04-16 23:58:00,一级路南节制闸,1.17
2026-04-17 00:04:00,一级路南节制闸,1.16
2026-04-17 00:09:00,一级路南节制闸,1.15
2026-04-17 00:15:00,一级路南节制闸,1.13
2026-04-17 00:21:00,一级路南节制闸,1.13
2026-04-17 00:27:00,一级路南节制闸,1.12
2026-04-17 00:32:00,一级路南节制闸,1.11
2026-04-17 00:37:00,一级路南节制闸,1.1
2026-04-17 00:42:00,一级路南节制闸,1.1
2026-04-17 00:47:00,一级路南节制闸,1.09
2026-04-17 00:52:00,一级路南节制闸,1.09
2026-04-17 00:57:00,一级路南节制闸,1.08
2026-04-17 01:03:00,一级路南节制闸,1.12
2026-04-17 01:08:00,一级路南节制闸,1.15
2026-04-17 01:14:00,一级路南节制闸,1.16
2026-04-17 01:19:00,一级路南节制闸,1.17
2026-04-17 01:24:00,一级路南节制闸,1.18
2026-04-17 01:29:00,一级路南节制闸,1.19
2026-04-17 01:34:00,一级路南节制闸,1.2
2026-04-17 01:39:00,一级路南节制闸,1.2
2026-04-17 01:45:00,一级路南节制闸,1.18
2026-04-17 01:50:00,一级路南节制闸,1.16
2026-04-17 01:55:00,一级路南节制闸,1.15
2026-04-17 02:01:00,一级路南节制闸,1.14
2026-04-17 02:06:00,一级路南节制闸,1.13
2026-04-17 02:12:00,一级路南节制闸,1.13
2026-04-17 02:17:00,一级路南节制闸,1.12
2026-04-17 02:22:00,一级路南节制闸,1.12
2026-04-17 02:28:00,一级路南节制闸,1.1
2026-04-17 02:34:00,一级路南节制闸,1.05
2026-04-17 02:40:00,一级路南节制闸,1.01
2026-04-17 02:45:00,一级路南节制闸,1.0
2026-04-17 02:50:00,一级路南节制闸,0.99
2026-04-17 02:55:00,一级路南节制闸,0.98
2026-04-17 03:00:00,一级路南节制闸,0.97
2026-04-17 03:05:00,一级路南节制闸,0.97
2026-04-17 03:10:00,一级路南节制闸,0.96
2026-04-17 03:15:00,一级路南节制闸,0.96
2026-04-17 03:20:00,一级路南节制闸,0.96
2026-04-17 03:25:00,一级路南节制闸,0.96
2026-04-17 03:31:00,一级路南节制闸,0.95
2026-04-17 03:37:00,一级路南节制闸,0.94
2026-04-17 03:42:00,一级路南节制闸,0.94
2026-04-17 03:47:00,一级路南节制闸,0.95
2026-04-17 03:52:00,一级路南节制闸,0.94
2026-04-17 03:58:00,一级路南节制闸,0.95
2026-04-17 04:03:00,一级路南节制闸,0.94
2026-04-17 04:09:00,一级路南节制闸,0.95
2026-04-17 04:15:00,一级路南节制闸,0.94
2026-04-17 04:20:00,一级路南节制闸,0.95
2026-04-17 04:26:00,一级路南节制闸,0.95
2026-04-17 04:31:00,一级路南节制闸,0.95
2026-04-17 04:36:00,一级路南节制闸,0.95
2026-04-17 04:41:00,一级路南节制闸,0.95
2026-04-17 04:46:00,一级路南节制闸,0.95
2026-04-17 04:51:00,一级路南节制闸,0.95
2026-04-17 04:57:00,一级路南节制闸,0.95
2026-04-17 05:02:00,一级路南节制闸,0.99
2026-04-17 05:07:00,一级路南节制闸,1.02
2026-04-17 05:13:00,一级路南节制闸,1.06
2026-04-17 05:19:00,一级路南节制闸,1.09
2026-04-17 05:24:00,一级路南节制闸,1.11
2026-04-17 05:29:00,一级路南节制闸,1.12
2026-04-17 05:35:00,一级路南节制闸,1.14
2026-04-17 05:40:00,一级路南节制闸,1.15
2026-04-17 05:45:00,一级路南节制闸,1.16
2026-04-17 05:50:00,一级路南节制闸,1.16
2026-04-17 05:56:00,一级路南节制闸,1.17
2026-04-17 06:01:00,一级路南节制闸,1.18
2026-04-17 06:07:00,一级路南节制闸,1.19
2026-04-17 06:12:00,一级路南节制闸,1.19
2026-04-17 06:18:00,一级路南节制闸,1.2
2026-04-17 06:24:00,一级路南节制闸,1.2
2026-04-17 06:29:00,一级路南节制闸,1.21
2026-04-17 06:34:00,一级路南节制闸,1.21
2026-04-17 06:40:00,一级路南节制闸,1.22
2026-04-17 06:45:00,一级路南节制闸,1.19
2026-04-17 06:51:00,一级路南节制闸,1.18
2026-04-17 06:56:00,一级路南节制闸,1.18
2026-04-17 07:02:00,一级路南节制闸,1.2
2026-04-17 07:07:00,一级路南节制闸,1.21
2026-04-17 07:13:00,一级路南节制闸,1.22
2026-04-17 07:18:00,一级路南节制闸,1.23
2026-04-17 07:24:00,一级路南节制闸,1.25
2026-04-17 07:30:00,一级路南节制闸,1.26
2026-04-17 07:36:00,一级路南节制闸,1.27
2026-04-17 07:41:00,一级路南节制闸,1.28
2026-04-17 07:47:00,一级路南节制闸,1.29
2026-04-17 07:52:00,一级路南节制闸,1.29
2026-04-17 07:57:00,一级路南节制闸,1.3
2026-04-17 08:02:00,一级路南节制闸,1.3
2026-04-17 08:08:00,一级路南节制闸,1.31
2026-04-17 08:13:00,一级路南节制闸,1.32
2026-04-17 08:18:00,一级路南节制闸,1.32
2026-04-17 08:23:00,一级路南节制闸,1.32
2026-04-17 08:28:00,一级路南节制闸,1.33
2026-04-17 08:33:00,一级路南节制闸,1.33
2026-04-17 08:38:00,一级路南节制闸,1.34
2026-04-17 08:43:00,一级路南节制闸,1.34
2026-04-17 08:48:00,一级路南节制闸,1.35
2026-04-17 08:53:00,一级路南节制闸,1.35
2026-04-17 08:59:00,一级路南节制闸,1.35
2026-04-17 09:05:00,一级路南节制闸,1.36
2026-04-17 09:11:00,一级路南节制闸,1.36
2026-04-17 09:16:00,一级路南节制闸,1.36
2026-04-17 09:21:00,一级路南节制闸,1.37
2026-04-17 09:27:00,一级路南节制闸,1.37
2026-04-17 09:33:00,一级路南节制闸,1.37
2026-04-17 09:38:00,一级路南节制闸,1.37
2026-04-17 09:44:00,一级路南节制闸,1.37
2026-04-17 09:50:00,一级路南节制闸,1.38
2026-04-17 09:55:00,一级路南节制闸,1.38
2026-04-17 10:00:00,一级路南节制闸,1.38
2026-04-17 10:05:00,一级路南节制闸,1.38
2026-04-17 10:11:00,一级路南节制闸,1.38
2026-04-17 10:17:00,一级路南节制闸,1.38
2026-04-17 10:23:00,一级路南节制闸,1.38
2026-04-17 10:28:00,一级路南节制闸,1.38
2026-04-17 10:34:00,一级路南节制闸,1.37
2026-04-17 10:39:00,一级路南节制闸,1.37
2026-04-17 10:44:00,一级路南节制闸,1.37
2026-04-17 10:49:00,一级路南节制闸,1.36
2026-04-17 10:55:00,一级路南节制闸,1.36
2026-04-17 11:00:00,一级路南节制闸,1.35
2026-04-17 11:05:00,一级路南节制闸,1.36
2026-04-17 11:10:00,一级路南节制闸,1.35
2026-04-17 11:15:00,一级路南节制闸,1.35
2026-04-17 11:21:00,一级路南节制闸,1.35
2026-04-17 11:26:00,一级路南节制闸,1.35
2026-04-17 11:32:00,一级路南节制闸,1.35
2026-04-17 11:37:00,一级路南节制闸,1.35
2026-04-17 11:42:00,一级路南节制闸,1.34
2026-04-17 11:47:00,一级路南节制闸,1.34
2026-04-17 11:53:00,一级路南节制闸,1.34
2026-04-17 11:59:00,一级路南节制闸,1.34
2026-04-17 12:04:00,一级路南节制闸,1.34
2026-04-17 12:09:00,一级路南节制闸,1.34
2026-04-17 12:15:00,一级路南节制闸,1.34
2026-04-17 12:20:00,一级路南节制闸,1.34
2026-04-17 12:25:00,一级路南节制闸,1.34
2026-04-17 12:31:00,一级路南节制闸,1.34
2026-04-17 12:37:00,一级路南节制闸,1.34
2026-04-17 12:42:00,一级路南节制闸,1.34
2026-04-17 12:48:00,一级路南节制闸,1.34
2026-04-17 12:53:00,一级路南节制闸,1.34
2026-04-17 12:58:00,一级路南节制闸,1.34
2026-04-17 13:04:00,一级路南节制闸,1.34
2026-04-17 13:09:00,一级路南节制闸,1.34
2026-04-17 13:14:00,一级路南节制闸,1.34
2026-04-17 13:19:00,一级路南节制闸,1.34
2026-04-17 13:25:00,一级路南节制闸,1.34
2026-04-17 13:30:00,一级路南节制闸,1.34
2026-04-17 13:36:00,一级路南节制闸,1.34
2026-04-17 13:41:00,一级路南节制闸,1.34
2026-04-17 13:47:00,一级路南节制闸,1.34
2026-04-17 13:53:00,一级路南节制闸,1.34
2026-04-17 13:58:00,一级路南节制闸,1.34
2026-04-17 14:03:00,一级路南节制闸,1.34
2026-04-17 14:09:00,一级路南节制闸,1.34
2026-04-17 14:14:00,一级路南节制闸,1.34
2026-04-17 14:19:00,一级路南节制闸,1.34
2026-04-17 14:25:00,一级路南节制闸,1.34
2026-04-17 14:30:00,一级路南节制闸,1.34
2026-04-17 14:35:00,一级路南节制闸,1.34
2026-04-17 14:41:00,一级路南节制闸,1.34
2026-04-17 14:47:00,一级路南节制闸,1.34
2026-04-17 14:52:00,一级路南节制闸,1.34
2026-04-17 14:58:00,一级路南节制闸,1.34
2026-04-17 15:04:00,一级路南节制闸,1.34
2026-04-17 15:09:00,一级路南节制闸,1.33
2026-04-17 15:14:00,一级路南节制闸,1.37
2026-04-17 15:20:00,一级路南节制闸,1.35
2026-04-17 15:26:00,一级路南节制闸,1.34
2026-04-17 15:31:00,一级路南节制闸,1.35
2026-04-17 15:37:00,一级路南节制闸,1.35
2026-04-17 15:42:00,一级路南节制闸,1.35
2026-04-17 15:47:00,一级路南节制闸,1.34
2026-04-17 15:52:00,一级路南节制闸,1.34
2026-04-17 15:57:00,一级路南节制闸,1.34
2026-04-17 16:02:00,一级路南节制闸,1.34
2026-04-17 16:08:00,一级路南节制闸,1.34
2026-04-17 16:14:00,一级路南节制闸,1.34
2026-04-17 16:20:00,一级路南节制闸,1.34
2026-04-17 16:26:00,一级路南节制闸,1.33
2026-04-17 16:31:00,一级路南节制闸,1.34
2026-04-17 16:36:00,一级路南节制闸,1.34
2026-04-17 16:42:00,一级路南节制闸,1.33
2026-04-17 16:48:00,一级路南节制闸,1.34
2026-04-17 16:53:00,一级路南节制闸,1.34
2026-04-17 16:58:00,一级路南节制闸,1.34
2026-04-17 17:04:00,一级路南节制闸,1.34
2026-04-17 17:10:00,一级路南节制闸,1.34
2026-04-17 17:15:00,一级路南节制闸,1.34
2026-04-17 17:21:00,一级路南节制闸,1.34
2026-04-17 17:26:00,一级路南节制闸,1.34
2026-04-17 17:31:00,一级路南节制闸,1.33
2026-04-17 17:36:00,一级路南节制闸,1.33
2026-04-17 17:41:00,一级路南节制闸,1.33
2026-04-17 17:46:00,一级路南节制闸,1.34
2026-04-17 17:52:00,一级路南节制闸,1.33
2026-04-17 17:58:00,一级路南节制闸,1.33
2026-04-17 18:04:00,一级路南节制闸,1.33
2026-04-17 18:10:00,一级路南节制闸,1.33
2026-04-17 18:15:00,一级路南节制闸,1.33
2026-04-17 18:20:00,一级路南节制闸,1.33
2026-04-17 18:25:00,一级路南节制闸,1.34
2026-04-17 18:30:00,一级路南节制闸,1.33
2026-04-17 18:36:00,一级路南节制闸,1.33
2026-04-17 18:41:00,一级路南节制闸,1.33
2026-04-17 18:47:00,一级路南节制闸,1.34
2026-04-17 18:52:00,一级路南节制闸,1.33
2026-04-17 18:57:00,一级路南节制闸,1.33
2026-04-17 19:03:00,一级路南节制闸,1.34
2026-04-17 19:08:00,一级路南节制闸,1.34
2026-04-17 19:13:00,一级路南节制闸,1.34
2026-04-17 19:19:00,一级路南节制闸,1.34
2026-04-17 19:25:00,一级路南节制闸,1.34
2026-04-17 19:30:00,一级路南节制闸,1.34
2026-04-17 19:36:00,一级路南节制闸,1.34
2026-04-17 19:42:00,一级路南节制闸,1.34
2026-04-17 19:47:00,一级路南节制闸,1.34
2026-04-17 19:52:00,一级路南节制闸,1.35
2026-04-17 19:58:00,一级路南节制闸,1.35
2026-04-17 20:03:00,一级路南节制闸,1.35
2026-04-17 20:08:00,一级路南节制闸,1.34
2026-04-17 20:14:00,一级路南节制闸,1.35
2026-04-17 20:19:00,一级路南节制闸,1.35
2026-04-17 20:25:00,一级路南节制闸,1.35
2026-04-17 20:30:00,一级路南节制闸,1.34
2026-04-17 20:35:00,一级路南节制闸,1.34
2026-04-17 20:40:00,一级路南节制闸,1.35
2026-04-17 20:45:00,一级路南节制闸,1.35
2026-04-17 20:51:00,一级路南节制闸,1.34
2026-04-17 20:56:00,一级路南节制闸,1.34
2026-04-17 21:02:00,一级路南节制闸,1.34
2026-04-17 21:07:00,一级路南节制闸,1.34
2026-04-17 21:13:00,一级路南节制闸,1.34
2026-04-17 21:18:00,一级路南节制闸,1.34
2026-04-17 21:23:00,一级路南节制闸,1.34
2026-04-17 21:29:00,一级路南节制闸,1.34
2026-04-17 21:34:00,一级路南节制闸,1.34
2026-04-17 21:40:00,一级路南节制闸,1.34
2026-04-17 21:45:00,一级路南节制闸,1.34
2026-04-17 21:51:00,一级路南节制闸,1.35
2026-04-17 21:56:00,一级路南节制闸,1.35
2026-04-17 22:01:00,一级路南节制闸,1.35
2026-04-17 22:06:00,一级路南节制闸,1.35
2026-04-17 22:11:00,一级路南节制闸,1.35
2026-04-17 22:17:00,一级路南节制闸,1.35
2026-04-17 22:22:00,一级路南节制闸,1.35
2026-04-17 22:27:00,一级路南节制闸,1.35
2026-04-17 22:33:00,一级路南节制闸,1.36
2026-04-17 22:38:00,一级路南节制闸,1.36
2026-04-17 22:44:00,一级路南节制闸,1.36
2026-04-17 22:50:00,一级路南节制闸,1.36
2026-04-17 22:55:00,一级路南节制闸,1.36
2026-04-17 23:00:00,一级路南节制闸,1.36
2026-04-17 23:04:00,一级路南节制闸,1.37
2026-04-17 23:12:00,一级路南节制闸,1.36
2026-04-17 23:17:00,一级路南节制闸,1.37
2026-04-17 23:23:00,一级路南节制闸,1.37
2026-04-17 23:28:00,一级路南节制闸,1.37
2026-04-17 23:34:00,一级路南节制闸,1.37
2026-04-17 23:39:00,一级路南节制闸,1.37
2026-04-17 23:44:00,一级路南节制闸,1.37
2026-04-17 23:49:00,一级路南节制闸,1.37
2026-04-17 23:54:00,一级路南节制闸,1.38
2026-04-18 00:00:00,一级路南节制闸,1.38
2026-04-18 00:05:00,一级路南节制闸,1.38
2026-04-18 00:10:00,一级路南节制闸,1.37
2026-04-18 00:15:00,一级路南节制闸,1.37
2026-04-18 00:21:00,一级路南节制闸,1.38
2026-04-18 00:26:00,一级路南节制闸,1.38
2026-04-18 00:31:00,一级路南节制闸,1.38
2026-04-18 00:36:00,一级路南节制闸,1.38
2026-04-18 00:42:00,一级路南节制闸,1.38
2026-04-18 00:48:00,一级路南节制闸,1.38
2026-04-18 00:54:00,一级路南节制闸,1.39
2026-04-18 00:59:00,一级路南节制闸,1.39
2026-04-18 01:02:00,一级路南节制闸,1.38
2026-04-18 01:12:00,一级路南节制闸,1.39
2026-04-18 01:17:00,一级路南节制闸,1.39
2026-04-18 01:22:00,一级路南节制闸,1.39
2026-04-18 01:28:00,一级路南节制闸,1.39
2026-04-18 01:34:00,一级路南节制闸,1.39
2026-04-18 01:39:00,一级路南节制闸,1.39
2026-04-18 01:44:00,一级路南节制闸,1.39
2026-04-18 01:49:00,一级路南节制闸,1.38
2026-04-18 01:55:00,一级路南节制闸,1.39
2026-04-18 02:00:00,一级路南节制闸,1.39
2026-04-18 02:05:00,一级路南节制闸,1.39
2026-04-18 02:11:00,一级路南节制闸,1.39
2026-04-18 02:16:00,一级路南节制闸,1.39
2026-04-18 02:22:00,一级路南节制闸,1.39
2026-04-18 02:28:00,一级路南节制闸,1.39
2026-04-18 02:34:00,一级路南节制闸,1.4
2026-04-18 02:39:00,一级路南节制闸,1.39
2026-04-18 02:45:00,一级路南节制闸,1.39
2026-04-18 02:50:00,一级路南节制闸,1.39
2026-04-18 02:56:00,一级路南节制闸,1.4
2026-04-18 03:02:00,一级路南节制闸,1.39
2026-04-18 03:08:00,一级路南节制闸,1.39
2026-04-18 03:14:00,一级路南节制闸,1.39
2026-04-18 03:19:00,一级路南节制闸,1.4
2026-04-18 03:25:00,一级路南节制闸,1.4
2026-04-18 03:30:00,一级路南节制闸,1.4
2026-04-18 03:35:00,一级路南节制闸,1.4
2026-04-18 03:41:00,一级路南节制闸,1.39
2026-04-18 03:47:00,一级路南节制闸,1.4
2026-04-18 03:53:00,一级路南节制闸,1.4
2026-04-18 03:59:00,一级路南节制闸,1.4
2026-04-18 04:05:00,一级路南节制闸,1.4
2026-04-18 04:11:00,一级路南节制闸,1.42
2026-04-18 04:16:00,一级路南节制闸,1.43
2026-04-18 04:21:00,一级路南节制闸,1.44
2026-04-18 04:26:00,一级路南节制闸,1.45
2026-04-18 04:31:00,一级路南节制闸,1.45
2026-04-18 04:36:00,一级路南节制闸,1.46
2026-04-18 04:42:00,一级路南节制闸,1.46
2026-04-18 04:48:00,一级路南节制闸,1.47
2026-04-18 04:54:00,一级路南节制闸,1.48
2026-04-18 04:59:00,一级路南节制闸,1.47
2026-04-18 05:04:00,一级路南节制闸,1.48
2026-04-18 05:09:00,一级路南节制闸,1.48
2026-04-18 05:15:00,一级路南节制闸,1.49
2026-04-18 05:20:00,一级路南节制闸,1.49
2026-04-18 05:26:00,一级路南节制闸,1.49
2026-04-18 05:31:00,一级路南节制闸,1.52
2026-04-18 05:36:00,一级路南节制闸,1.53
2026-04-18 05:42:00,一级路南节制闸,1.55
2026-04-18 05:47:00,一级路南节制闸,1.56
2026-04-18 05:52:00,一级路南节制闸,1.57
2026-04-18 05:57:00,一级路南节制闸,1.58
2026-04-18 06:03:00,一级路南节制闸,1.6
2026-04-18 06:08:00,一级路南节制闸,1.61
2026-04-18 06:13:00,一级路南节制闸,1.62
2026-04-18 06:18:00,一级路南节制闸,1.62
2026-04-18 06:23:00,一级路南节制闸,1.63
2026-04-18 06:29:00,一级路南节制闸,1.63
2026-04-18 06:34:00,一级路南节制闸,1.64
2026-04-18 06:40:00,一级路南节制闸,1.65
2026-04-18 06:46:00,一级路南节制闸,1.65
2026-04-18 06:52:00,一级路南节制闸,1.65
2026-04-18 06:57:00,一级路南节制闸,1.66
2026-04-18 07:03:00,一级路南节制闸,1.66
2026-04-18 07:08:00,一级路南节制闸,1.66
2026-04-18 07:14:00,一级路南节制闸,1.67
2026-04-18 07:20:00,一级路南节制闸,1.67
2026-04-18 07:25:00,一级路南节制闸,1.67
2026-04-18 07:30:00,一级路南节制闸,1.67
2026-04-18 07:35:00,一级路南节制闸,1.68
2026-04-18 07:41:00,一级路南节制闸,1.68
2026-04-18 07:46:00,一级路南节制闸,1.67
2026-04-18 07:52:00,一级路南节制闸,1.68
2026-04-18 07:58:00,一级路南节制闸,1.67
2026-04-18 08:04:00,一级路南节制闸,1.67
2026-04-18 08:09:00,一级路南节制闸,1.67
2026-04-18 08:14:00,一级路南节制闸,1.67
2026-04-18 08:19:00,一级路南节制闸,1.66
2026-04-18 08:25:00,一级路南节制闸,1.66
2026-04-18 08:30:00,一级路南节制闸,1.66
2026-04-18 08:35:00,一级路南节制闸,1.65
2026-04-18 08:41:00,一级路南节制闸,1.65
2026-04-18 08:47:00,一级路南节制闸,1.64
2026-04-18 08:52:00,一级路南节制闸,1.64
2026-04-18 08:58:00,一级路南节制闸,1.64
2026-04-18 09:04:00,一级路南节制闸,1.64
2026-04-18 09:09:00,一级路南节制闸,1.63
2026-04-18 09:14:00,一级路南节制闸,1.63
2026-04-18 09:19:00,一级路南节制闸,1.64
2026-04-18 09:25:00,一级路南节制闸,1.64
2026-04-18 09:30:00,一级路南节制闸,1.64
2026-04-18 09:35:00,一级路南节制闸,1.59
2026-04-18 09:40:00,一级路南节制闸,1.57
2026-04-18 09:46:00,一级路南节制闸,1.55
2026-04-18 09:51:00,一级路南节制闸,1.54
2026-04-18 09:57:00,一级路南节制闸,1.52
2026-04-18 10:02:00,一级路南节制闸,1.52
2026-04-18 10:07:00,一级路南节制闸,1.51
2026-04-18 10:12:00,一级路南节制闸,1.52
2026-04-18 10:17:00,一级路南节制闸,1.53
2026-04-18 10:22:00,一级路南节制闸,1.53
2026-04-18 10:27:00,一级路南节制闸,1.53
2026-04-18 10:32:00,一级路南节制闸,1.53
2026-04-18 10:38:00,一级路南节制闸,1.53
2026-04-18 10:43:00,一级路南节制闸,1.53
2026-04-18 10:49:00,一级路南节制闸,1.53
2026-04-18 10:55:00,一级路南节制闸,1.53
2026-04-18 11:01:00,一级路南节制闸,1.5
2026-04-18 11:06:00,一级路南节制闸,1.49
2026-04-18 11:11:00,一级路南节制闸,1.48
2026-04-18 11:17:00,一级路南节制闸,1.47
2026-04-18 11:22:00,一级路南节制闸,1.46
2026-04-18 11:27:00,一级路南节制闸,1.45
2026-04-18 11:32:00,一级路南节制闸,1.45
2026-04-18 11:38:00,一级路南节制闸,1.44
2026-04-18 11:44:00,一级路南节制闸,1.44
2026-04-18 11:49:00,一级路南节制闸,1.43
2026-04-18 11:55:00,一级路南节制闸,1.43
2026-04-18 12:00:00,一级路南节制闸,1.42
2026-04-18 12:05:00,一级路南节制闸,1.41
2026-04-18 12:10:00,一级路南节制闸,1.42
2026-04-18 12:16:00,一级路南节制闸,1.42
2026-04-18 12:21:00,一级路南节制闸,1.41
2026-04-18 12:26:00,一级路南节制闸,1.41
2026-04-18 12:32:00,一级路南节制闸,1.4
2026-04-18 12:38:00,一级路南节制闸,1.4
2026-04-18 12:43:00,一级路南节制闸,1.39
2026-04-18 12:49:00,一级路南节制闸,1.4
2026-04-18 12:54:00,一级路南节制闸,1.38
2026-04-18 13:00:00,一级路南节制闸,1.38
2026-04-18 13:06:00,一级路南节制闸,1.38
2026-04-18 13:11:00,一级路南节制闸,1.37
2026-04-18 13:16:00,一级路南节制闸,1.37
2026-04-18 13:21:00,一级路南节制闸,1.36
2026-04-18 13:27:00,一级路南节制闸,1.36
2026-04-18 13:32:00,一级路南节制闸,1.36
2026-04-18 13:38:00,一级路南节制闸,1.36
2026-04-18 13:44:00,一级路南节制闸,1.35
2026-04-18 13:50:00,一级路南节制闸,1.35
2026-04-18 13:55:00,一级路南节制闸,1.34
2026-04-18 14:00:00,一级路南节制闸,1.34
2026-04-18 14:05:00,一级路南节制闸,1.33
2026-04-18 14:11:00,一级路南节制闸,1.33
2026-04-18 14:17:00,一级路南节制闸,1.33
2026-04-18 14:22:00,一级路南节制闸,1.32
2026-04-18 14:27:00,一级路南节制闸,1.32
2026-04-18 14:33:00,一级路南节制闸,1.31
2026-04-18 14:39:00,一级路南节制闸,1.3
2026-04-18 14:44:00,一级路南节制闸,1.3
2026-04-18 14:49:00,一级路南节制闸,1.29
2026-04-18 14:55:00,一级路南节制闸,1.29
2026-04-18 15:00:00,一级路南节制闸,1.28
2026-04-18 15:06:00,一级路南节制闸,1.28
2026-04-18 15:11:00,一级路南节制闸,1.28
2026-04-18 15:17:00,一级路南节制闸,1.28
2026-04-18 15:22:00,一级路南节制闸,1.27
2026-04-18 15:27:00,一级路南节制闸,1.27
2026-04-18 15:32:00,一级路南节制闸,1.27
2026-04-18 15:37:00,一级路南节制闸,1.27
2026-04-18 15:43:00,一级路南节制闸,1.27
2026-04-18 15:48:00,一级路南节制闸,1.27
2026-04-18 15:54:00,一级路南节制闸,1.27
2026-04-18 16:00:00,一级路南节制闸,1.26
2026-04-18 16:06:00,一级路南节制闸,1.26
2026-04-18 16:11:00,一级路南节制闸,1.26
2026-04-18 16:17:00,一级路南节制闸,1.26
2026-04-18 16:22:00,一级路南节制闸,1.26
2026-04-18 16:28:00,一级路南节制闸,1.26
2026-04-18 16:33:00,一级路南节制闸,1.27
2026-04-18 16:39:00,一级路南节制闸,1.27
2026-04-18 16:45:00,一级路南节制闸,1.27
2026-04-18 16:51:00,一级路南节制闸,1.27
2026-04-18 16:56:00,一级路南节制闸,1.28
2026-04-18 17:01:00,一级路南节制闸,1.28
2026-04-18 17:06:00,一级路南节制闸,1.28
2026-04-18 17:11:00,一级路南节制闸,1.28
2026-04-18 17:17:00,一级路南节制闸,1.29
2026-04-18 17:22:00,一级路南节制闸,1.29
2026-04-18 17:27:00,一级路南节制闸,1.29
2026-04-18 17:32:00,一级路南节制闸,1.3
2026-04-18 17:37:00,一级路南节制闸,1.29
2026-04-18 17:43:00,一级路南节制闸,1.3
2026-04-18 17:48:00,一级路南节制闸,1.3
2026-04-18 17:53:00,一级路南节制闸,1.31
2026-04-18 17:58:00,一级路南节制闸,1.31
2026-04-18 18:04:00,一级路南节制闸,1.32
2026-04-18 18:09:00,一级路南节制闸,1.32
2026-04-18 18:14:00,一级路南节制闸,1.33
2026-04-18 18:20:00,一级路南节制闸,1.33
2026-04-18 18:26:00,一级路南节制闸,1.34
2026-04-18 18:31:00,一级路南节制闸,1.34
2026-04-18 18:36:00,一级路南节制闸,1.34
2026-04-18 18:42:00,一级路南节制闸,1.35
2026-04-18 18:48:00,一级路南节制闸,1.35
2026-04-18 18:53:00,一级路南节制闸,1.36
2026-04-18 18:58:00,一级路南节制闸,1.36
2026-04-18 19:04:00,一级路南节制闸,1.36
2026-04-18 19:10:00,一级路南节制闸,1.37
2026-04-18 19:16:00,一级路南节制闸,1.37
2026-04-18 19:21:00,一级路南节制闸,1.37
2026-04-18 19:26:00,一级路南节制闸,1.38
2026-04-18 19:32:00,一级路南节制闸,1.38
2026-04-18 19:38:00,一级路南节制闸,1.38
2026-04-18 19:43:00,一级路南节制闸,1.38
2026-04-18 19:48:00,一级路南节制闸,1.38
2026-04-18 19:53:00,一级路南节制闸,1.39
2026-04-18 19:58:00,一级路南节制闸,1.39
2026-04-18 20:04:00,一级路南节制闸,1.4
2026-04-18 20:09:00,一级路南节制闸,1.38
2026-04-18 20:15:00,一级路南节制闸,1.38
2026-04-18 20:21:00,一级路南节制闸,1.37
2026-04-18 20:26:00,一级路南节制闸,1.36
2026-04-18 20:31:00,一级路南节制闸,1.36
2026-04-18 20:37:00,一级路南节制闸,1.36
2026-04-18 20:42:00,一级路南节制闸,1.36
2026-04-18 20:48:00,一级路南节制闸,1.36
2026-04-18 20:54:00,一级路南节制闸,1.36
2026-04-18 21:00:00,一级路南节制闸,1.36
2026-04-18 21:05:00,一级路南节制闸,1.37
2026-04-18 21:11:00,一级路南节制闸,1.37
2026-04-18 21:17:00,一级路南节制闸,1.37
2026-04-18 21:22:00,一级路南节制闸,1.37
2026-04-18 21:27:00,一级路南节制闸,1.38
2026-04-18 21:32:00,一级路南节制闸,1.38
2026-04-18 21:38:00,一级路南节制闸,1.37
2026-04-18 21:43:00,一级路南节制闸,1.38
2026-04-18 21:48:00,一级路南节制闸,1.38
2026-04-18 21:53:00,一级路南节制闸,1.39
2026-04-18 21:59:00,一级路南节制闸,1.39
2026-04-18 22:04:00,一级路南节制闸,1.39
2026-04-18 22:09:00,一级路南节制闸,1.39
2026-04-18 22:14:00,一级路南节制闸,1.39
2026-04-18 22:20:00,一级路南节制闸,1.39
2026-04-18 22:25:00,一级路南节制闸,1.39
2026-04-18 22:30:00,一级路南节制闸,1.4
2026-04-18 22:35:00,一级路南节制闸,1.4
2026-04-18 22:40:00,一级路南节制闸,1.4
2026-04-18 22:45:00,一级路南节制闸,1.4
2026-04-18 22:51:00,一级路南节制闸,1.41
2026-04-18 22:57:00,一级路南节制闸,1.41
2026-04-18 23:02:00,一级路南节制闸,1.41
2026-04-18 23:08:00,一级路南节制闸,1.42
2026-04-18 23:13:00,一级路南节制闸,1.42
2026-04-18 23:18:00,一级路南节制闸,1.42
2026-04-18 23:24:00,一级路南节制闸,1.42
2026-04-18 23:29:00,一级路南节制闸,1.42
2026-04-18 23:34:00,一级路南节制闸,1.42
2026-04-18 23:40:00,一级路南节制闸,1.43
2026-04-18 23:46:00,一级路南节制闸,1.43
2026-04-18 23:51:00,一级路南节制闸,1.43
2026-04-18 23:56:00,一级路南节制闸,1.44
2026-04-19 00:02:00,一级路南节制闸,1.44
2026-04-19 00:07:00,一级路南节制闸,1.44
2026-04-19 00:12:00,一级路南节制闸,1.44
2026-04-19 00:18:00,一级路南节制闸,1.44
2026-04-19 00:24:00,一级路南节制闸,1.45
2026-04-19 00:30:00,一级路南节制闸,1.45
2026-04-19 00:35:00,一级路南节制闸,1.45
2026-04-19 00:40:00,一级路南节制闸,1.45
2026-04-19 00:45:00,一级路南节制闸,1.45
2026-04-19 00:50:00,一级路南节制闸,1.46
2026-04-19 00:56:00,一级路南节制闸,1.46
2026-04-19 01:01:00,一级路南节制闸,1.46
2026-04-19 01:07:00,一级路南节制闸,1.46
2026-04-19 01:12:00,一级路南节制闸,1.46
2026-04-19 01:18:00,一级路南节制闸,1.47
2026-04-19 01:24:00,一级路南节制闸,1.47
2026-04-19 01:29:00,一级路南节制闸,1.47
2026-04-19 01:35:00,一级路南节制闸,1.47
2026-04-19 01:40:00,一级路南节制闸,1.47
2026-04-19 01:46:00,一级路南节制闸,1.48
2026-04-19 01:51:00,一级路南节制闸,1.47
2026-04-19 01:57:00,一级路南节制闸,1.48
2026-04-19 02:03:00,一级路南节制闸,1.48
2026-04-19 02:08:00,一级路南节制闸,1.48
2026-04-19 02:14:00,一级路南节制闸,1.48
2026-04-19 02:20:00,一级路南节制闸,1.48
2026-04-19 02:25:00,一级路南节制闸,1.48
2026-04-19 02:30:00,一级路南节制闸,1.48
2026-04-19 02:35:00,一级路南节制闸,1.48
2026-04-19 02:41:00,一级路南节制闸,1.49
2026-04-19 02:46:00,一级路南节制闸,1.49
2026-04-19 02:52:00,一级路南节制闸,1.49
2026-04-19 02:57:00,一级路南节制闸,1.49
2026-04-19 03:03:00,一级路南节制闸,1.49
2026-04-19 03:08:00,一级路南节制闸,1.49
2026-04-19 03:13:00,一级路南节制闸,1.49
2026-04-19 03:18:00,一级路南节制闸,1.49
2026-04-19 03:24:00,一级路南节制闸,1.5
2026-04-19 03:29:00,一级路南节制闸,1.5
2026-04-19 03:35:00,一级路南节制闸,1.5
2026-04-19 03:40:00,一级路南节制闸,1.5
2026-04-19 03:46:00,一级路南节制闸,1.5
2026-04-19 03:52:00,一级路南节制闸,1.5
2026-04-19 03:57:00,一级路南节制闸,1.5
2026-04-19 04:03:00,一级路南节制闸,1.5
2026-04-19 04:08:00,一级路南节制闸,1.5
2026-04-19 04:14:00,一级路南节制闸,1.51
2026-04-19 04:19:00,一级路南节制闸,1.51
2026-04-19 04:25:00,一级路南节制闸,1.51
2026-04-19 04:31:00,一级路南节制闸,1.5
2026-04-19 04:36:00,一级路南节制闸,1.5
2026-04-19 04:42:00,一级路南节制闸,1.51
2026-04-19 04:48:00,一级路南节制闸,1.5
2026-04-19 04:53:00,一级路南节制闸,1.5
2026-04-19 04:58:00,一级路南节制闸,1.5
2026-04-19 05:03:00,一级路南节制闸,1.51
2026-04-19 05:09:00,一级路南节制闸,1.5
2026-04-19 05:14:00,一级路南节制闸,1.5
2026-04-19 05:20:00,一级路南节制闸,1.5
2026-04-19 05:25:00,一级路南节制闸,1.5
2026-04-19 05:30:00,一级路南节制闸,1.49
2026-04-19 05:36:00,一级路南节制闸,1.49
2026-04-19 05:42:00,一级路南节制闸,1.48
2026-04-19 05:48:00,一级路南节制闸,1.48
2026-04-19 05:54:00,一级路南节制闸,1.47
2026-04-19 06:00:00,一级路南节制闸,1.47
2026-04-19 06:06:00,一级路南节制闸,1.46
2026-04-19 06:11:00,一级路南节制闸,1.46
2026-04-19 06:17:00,一级路南节制闸,1.45
2026-04-19 06:22:00,一级路南节制闸,1.45
2026-04-19 06:28:00,一级路南节制闸,1.46
2026-04-19 06:33:00,一级路南节制闸,1.46
2026-04-19 06:39:00,一级路南节制闸,1.46
2026-04-19 06:44:00,一级路南节制闸,1.46
2026-04-19 06:49:00,一级路南节制闸,1.46
2026-04-19 06:55:00,一级路南节制闸,1.46
2026-04-19 07:00:00,一级路南节制闸,1.46
2026-04-19 07:06:00,一级路南节制闸,1.46
2026-04-19 07:12:00,一级路南节制闸,1.46
2026-04-19 07:17:00,一级路南节制闸,1.46
2026-04-19 07:22:00,一级路南节制闸,1.46
2026-04-19 07:28:00,一级路南节制闸,1.47
2026-04-19 07:34:00,一级路南节制闸,1.47
2026-04-19 07:40:00,一级路南节制闸,1.48
2026-04-19 07:45:00,一级路南节制闸,1.48
2026-04-19 07:50:00,一级路南节制闸,1.48
2026-04-19 07:56:00,一级路南节制闸,1.49
2026-04-19 08:01:00,一级路南节制闸,1.49
2026-04-19 08:07:00,一级路南节制闸,1.49
2026-04-19 08:12:00,一级路南节制闸,1.49
2026-04-19 08:17:00,一级路南节制闸,1.49
2026-04-19 08:22:00,一级路南节制闸,1.48
2026-04-19 08:27:00,一级路南节制闸,1.49
2026-04-19 08:33:00,一级路南节制闸,1.49
2026-04-19 08:38:00,一级路南节制闸,1.49
2026-04-19 08:43:00,一级路南节制闸,1.49
2026-04-19 08:49:00,一级路南节制闸,1.49
2026-04-19 08:55:00,一级路南节制闸,1.49
2026-04-19 09:01:00,一级路南节制闸,1.48
2026-04-19 09:06:00,一级路南节制闸,1.48
2026-04-19 09:11:00,一级路南节制闸,1.48
2026-04-19 09:17:00,一级路南节制闸,1.48
2026-04-19 09:22:00,一级路南节制闸,1.48
2026-04-19 09:27:00,一级路南节制闸,1.48
2026-04-19 09:33:00,一级路南节制闸,1.48
2026-04-19 09:38:00,一级路南节制闸,1.47
2026-04-19 09:43:00,一级路南节制闸,1.44
2026-04-19 09:49:00,一级路南节制闸,1.42
2026-04-19 09:54:00,一级路南节制闸,1.42
2026-04-19 09:59:00,一级路南节制闸,1.41
2026-04-19 10:04:00,一级路南节制闸,1.42
2026-04-19 10:09:00,一级路南节制闸,1.42
2026-04-19 10:14:00,一级路南节制闸,1.43
2026-04-19 10:19:00,一级路南节制闸,1.42
2026-04-19 10:24:00,一级路南节制闸,1.43
2026-04-19 10:30:00,一级路南节制闸,1.44
2026-04-19 10:36:00,一级路南节制闸,1.45
2026-04-19 10:41:00,一级路南节制闸,1.45
2026-04-19 10:47:00,一级路南节制闸,1.46
2026-04-19 10:52:00,一级路南节制闸,1.46
2026-04-19 10:57:00,一级路南节制闸,1.46
2026-04-19 11:02:00,一级路南节制闸,1.42
2026-04-19 11:08:00,一级路南节制闸,1.4
2026-04-19 11:14:00,一级路南节制闸,1.39
2026-04-19 11:20:00,一级路南节制闸,1.37
2026-04-19 11:26:00,一级路南节制闸,1.37
2026-04-19 11:31:00,一级路南节制闸,1.37
2026-04-19 11:37:00,一级路南节制闸,1.36
2026-04-19 11:42:00,一级路南节制闸,1.36
2026-04-19 11:47:00,一级路南节制闸,1.36
2026-04-19 11:52:00,一级路南节制闸,1.36
2026-04-19 11:57:00,一级路南节制闸,1.35
2026-04-19 12:03:00,一级路南节制闸,1.35
2026-04-19 12:08:00,一级路南节制闸,1.34
2026-04-19 12:14:00,一级路南节制闸,1.35
2026-04-19 12:20:00,一级路南节制闸,1.29
2026-04-19 12:26:00,一级路南节制闸,1.28
2026-04-19 12:32:00,一级路南节制闸,1.27
2026-04-19 12:38:00,一级路南节制闸,1.28
2026-04-19 12:43:00,一级路南节制闸,1.29
2026-04-19 12:48:00,一级路南节制闸,1.29
2026-04-19 12:53:00,一级路南节制闸,1.28
2026-04-19 12:59:00,一级路南节制闸,1.28
2026-04-19 13:05:00,一级路南节制闸,1.28
2026-04-19 13:11:00,一级路南节制闸,1.27
2026-04-19 13:17:00,一级路南节制闸,1.27
2026-04-19 13:22:00,一级路南节制闸,1.27
2026-04-19 13:28:00,一级路南节制闸,1.27
2026-04-19 13:34:00,一级路南节制闸,1.27
2026-04-19 13:40:00,一级路南节制闸,1.27
2026-04-19 13:45:00,一级路南节制闸,1.27
2026-04-19 13:51:00,一级路南节制闸,1.27
2026-04-19 13:57:00,一级路南节制闸,1.27
2026-04-19 14:03:00,一级路南节制闸,1.27
2026-04-19 14:08:00,一级路南节制闸,1.27
2026-04-19 14:13:00,一级路南节制闸,1.27
2026-04-19 14:18:00,一级路南节制闸,1.27
2026-04-19 14:23:00,一级路南节制闸,1.28
2026-04-19 14:28:00,一级路南节制闸,1.28
2026-04-19 14:34:00,一级路南节制闸,1.28
2026-04-19 14:40:00,一级路南节制闸,1.28
2026-04-19 14:45:00,一级路南节制闸,1.28
2026-04-19 14:50:00,一级路南节制闸,1.28
2026-04-19 14:56:00,一级路南节制闸,1.28
2026-04-19 15:01:00,一级路南节制闸,1.28
2026-04-19 15:06:00,一级路南节制闸,1.28
2026-04-19 15:12:00,一级路南节制闸,1.28
2026-04-19 15:18:00,一级路南节制闸,1.28
2026-04-19 15:24:00,一级路南节制闸,1.28
2026-04-19 15:30:00,一级路南节制闸,1.28
2026-04-19 15:35:00,一级路南节制闸,1.28
2026-04-19 15:40:00,一级路南节制闸,1.28
2026-04-19 15:45:00,一级路南节制闸,1.28
2026-04-19 15:50:00,一级路南节制闸,1.28
2026-04-19 15:56:00,一级路南节制闸,1.27
2026-04-19 16:01:00,一级路南节制闸,1.27
2026-04-19 16:06:00,一级路南节制闸,1.27
2026-04-19 16:11:00,一级路南节制闸,1.27
2026-04-19 16:17:00,一级路南节制闸,1.27
2026-04-19 16:22:00,一级路南节制闸,1.27
2026-04-19 16:28:00,一级路南节制闸,1.26
2026-04-19 16:34:00,一级路南节制闸,1.26
2026-04-19 16:39:00,一级路南节制闸,1.28
2026-04-19 16:45:00,一级路南节制闸,1.3
2026-04-19 16:50:00,一级路南节制闸,1.32
2026-04-19 16:55:00,一级路南节制闸,1.32
2026-04-19 17:00:00,一级路南节制闸,1.32
2026-04-19 17:05:00,一级路南节制闸,1.35
2026-04-19 17:10:00,一级路南节制闸,1.36
2026-04-19 17:16:00,一级路南节制闸,1.39
2026-04-19 17:21:00,一级路南节制闸,1.41
2026-04-19 17:26:00,一级路南节制闸,1.42
2026-04-19 17:31:00,一级路南节制闸,1.43
2026-04-19 17:37:00,一级路南节制闸,1.45
2026-04-19 17:42:00,一级路南节制闸,1.46
2026-04-19 17:48:00,一级路南节制闸,1.48
2026-04-19 17:54:00,一级路南节制闸,1.5
2026-04-19 17:59:00,一级路南节制闸,1.52
2026-04-19 18:04:00,一级路南节制闸,1.53
2026-04-19 18:10:00,一级路南节制闸,1.54
2026-04-19 18:16:00,一级路南节制闸,1.55
2026-04-19 18:22:00,一级路南节制闸,1.55
2026-04-19 18:28:00,一级路南节制闸,1.57
2026-04-19 18:33:00,一级路南节制闸,1.58
2026-04-19 18:38:00,一级路南节制闸,1.59
2026-04-19 18:44:00,一级路南节制闸,1.6
2026-04-19 18:49:00,一级路南节制闸,1.61
2026-04-19 18:54:00,一级路南节制闸,1.62
2026-04-19 18:59:00,一级路南节制闸,1.62
2026-04-19 19:05:00,一级路南节制闸,1.64
2026-04-19 19:10:00,一级路南节制闸,1.64
2026-04-19 19:16:00,一级路南节制闸,1.66
2026-04-19 19:21:00,一级路南节制闸,1.66
2026-04-19 19:27:00,一级路南节制闸,1.67
2026-04-19 19:33:00,一级路南节制闸,1.67
2026-04-19 19:39:00,一级路南节制闸,1.67
2026-04-19 19:45:00,一级路南节制闸,1.67
2026-04-19 19:50:00,一级路南节制闸,1.67
2026-04-19 19:55:00,一级路南节制闸,1.66
2026-04-19 20:01:00,一级路南节制闸,1.59
2026-04-19 20:07:00,一级路南节制闸,1.57
2026-04-19 20:13:00,一级路南节制闸,1.54
2026-04-19 20:18:00,一级路南节制闸,1.52
2026-04-19 20:23:00,一级路南节制闸,1.51
2026-04-19 20:29:00,一级路南节制闸,1.49
2026-04-19 20:34:00,一级路南节制闸,1.48
2026-04-19 20:40:00,一级路南节制闸,1.46
2026-04-19 20:45:00,一级路南节制闸,1.45
2026-04-19 20:50:00,一级路南节制闸,1.44
2026-04-19 20:56:00,一级路南节制闸,1.43
2026-04-19 21:01:00,一级路南节制闸,1.43
2026-04-19 21:07:00,一级路南节制闸,1.41
2026-04-19 21:12:00,一级路南节制闸,1.41
2026-04-19 21:17:00,一级路南节制闸,1.4
2026-04-19 21:23:00,一级路南节制闸,1.39
2026-04-19 21:28:00,一级路南节制闸,1.39
2026-04-19 21:33:00,一级路南节制闸,1.39
2026-04-19 21:39:00,一级路南节制闸,1.39
2026-04-19 21:44:00,一级路南节制闸,1.38
2026-04-19 21:50:00,一级路南节制闸,1.38
2026-04-19 21:55:00,一级路南节制闸,1.38
2026-04-19 22:00:00,一级路南节制闸,1.38
2026-04-19 22:06:00,一级路南节制闸,1.39
2026-04-19 22:11:00,一级路南节制闸,1.39
2026-04-19 22:16:00,一级路南节制闸,1.4
2026-04-19 22:22:00,一级路南节制闸,1.4
2026-04-19 22:28:00,一级路南节制闸,1.4
2026-04-19 22:33:00,一级路南节制闸,1.41
2026-04-19 22:38:00,一级路南节制闸,1.42
2026-04-19 22:44:00,一级路南节制闸,1.42
2026-04-19 22:50:00,一级路南节制闸,1.43
2026-04-19 22:56:00,一级路南节制闸,1.43
2026-04-19 23:01:00,一级路南节制闸,1.43
2026-04-19 23:06:00,一级路南节制闸,1.43
2026-04-19 23:12:00,一级路南节制闸,1.43
2026-04-19 23:18:00,一级路南节制闸,1.44
2026-04-19 23:24:00,一级路南节制闸,1.44
2026-04-19 23:30:00,一级路南节制闸,1.44
2026-04-19 23:35:00,一级路南节制闸,1.45
2026-04-19 23:40:00,一级路南节制闸,1.45
2026-04-19 23:46:00,一级路南节制闸,1.45
2026-04-19 23:52:00,一级路南节制闸,1.45
2026-04-19 23:57:00,一级路南节制闸,1.45
2026-04-20 00:02:00,一级路南节制闸,1.46
2026-04-20 00:07:00,一级路南节制闸,1.46
2026-04-20 00:13:00,一级路南节制闸,1.46
2026-04-20 00:18:00,一级路南节制闸,1.46
2026-04-20 00:24:00,一级路南节制闸,1.46
2026-04-20 00:30:00,一级路南节制闸,1.47
2026-04-20 00:36:00,一级路南节制闸,1.46
2026-04-20 00:42:00,一级路南节制闸,1.47
2026-04-20 00:48:00,一级路南节制闸,1.46
2026-04-20 00:54:00,一级路南节制闸,1.46
2026-04-20 01:00:00,一级路南节制闸,1.46
2026-04-20 01:05:00,一级路南节制闸,1.45
2026-04-20 01:11:00,一级路南节制闸,1.45
2026-04-20 01:17:00,一级路南节制闸,1.45
2026-04-20 01:22:00,一级路南节制闸,1.46
2026-04-20 01:28:00,一级路南节制闸,1.46
2026-04-20 01:33:00,一级路南节制闸,1.46
2026-04-20 01:39:00,一级路南节制闸,1.45
2026-04-20 01:44:00,一级路南节制闸,1.46
2026-04-20 01:49:00,一级路南节制闸,1.45
2026-04-20 01:54:00,一级路南节制闸,1.46
2026-04-20 02:00:00,一级路南节制闸,1.46
2026-04-20 02:05:00,一级路南节制闸,1.45
2026-04-20 02:11:00,一级路南节制闸,1.46
2026-04-20 02:16:00,一级路南节制闸,1.45
2026-04-20 02:22:00,一级路南节制闸,1.45
2026-04-20 02:27:00,一级路南节制闸,1.45
2026-04-20 02:32:00,一级路南节制闸,1.46
2026-04-20 02:38:00,一级路南节制闸,1.46
2026-04-20 02:44:00,一级路南节制闸,1.46
2026-04-20 02:49:00,一级路南节制闸,1.46
2026-04-20 02:55:00,一级路南节制闸,1.46
2026-04-20 03:00:00,一级路南节制闸,1.46
2026-04-20 03:05:00,一级路南节制闸,1.46
2026-04-20 03:10:00,一级路南节制闸,1.46
2026-04-20 03:16:00,一级路南节制闸,1.46
2026-04-20 03:21:00,一级路南节制闸,1.47
2026-04-20 03:26:00,一级路南节制闸,1.47
2026-04-20 03:31:00,一级路南节制闸,1.47
2026-04-20 03:37:00,一级路南节制闸,1.47
2026-04-20 03:42:00,一级路南节制闸,1.47
2026-04-20 03:48:00,一级路南节制闸,1.47
2026-04-20 03:53:00,一级路南节制闸,1.47
2026-04-20 03:59:00,一级路南节制闸,1.48
2026-04-20 04:04:00,一级路南节制闸,1.48
2026-04-20 04:09:00,一级路南节制闸,1.48
2026-04-20 04:14:00,一级路南节制闸,1.48
2026-04-20 04:20:00,一级路南节制闸,1.48
2026-04-20 04:25:00,一级路南节制闸,1.48
2026-04-20 04:30:00,一级路南节制闸,1.5
2026-04-20 04:36:00,一级路南节制闸,1.52
2026-04-20 04:42:00,一级路南节制闸,1.53
2026-04-20 04:47:00,一级路南节制闸,1.54
2026-04-20 04:52:00,一级路南节制闸,1.55
2026-04-20 04:57:00,一级路南节制闸,1.55
2026-04-20 05:02:00,一级路南节制闸,1.56
2026-04-20 05:07:00,一级路南节制闸,1.56
2026-04-20 05:13:00,一级路南节制闸,1.57
2026-04-20 05:18:00,一级路南节制闸,1.57
2026-04-20 05:23:00,一级路南节制闸,1.58
2026-04-20 05:29:00,一级路南节制闸,1.58
2026-04-20 05:35:00,一级路南节制闸,1.59
2026-04-20 05:40:00,一级路南节制闸,1.59
2026-04-20 05:45:00,一级路南节制闸,1.59
2026-04-20 05:50:00,一级路南节制闸,1.61
2026-04-20 05:55:00,一级路南节制闸,1.63
2026-04-20 06:01:00,一级路南节制闸,1.65
2026-04-20 06:07:00,一级路南节制闸,1.66
2026-04-20 06:12:00,一级路南节制闸,1.67
2026-04-20 06:18:00,一级路南节制闸,1.67
2026-04-20 06:23:00,一级路南节制闸,1.68
2026-04-20 06:29:00,一级路南节制闸,1.69
2026-04-20 06:34:00,一级路南节制闸,1.69
2026-04-20 06:40:00,一级路南节制闸,1.7
2026-04-20 06:45:00,一级路南节制闸,1.71
2026-04-20 06:50:00,一级路南节制闸,1.71
2026-04-20 06:56:00,一级路南节制闸,1.72
2026-04-20 07:01:00,一级路南节制闸,1.72
2026-04-20 07:07:00,一级路南节制闸,1.73
2026-04-20 07:12:00,一级路南节制闸,1.73
2026-04-20 07:18:00,一级路南节制闸,1.74
2026-04-20 07:23:00,一级路南节制闸,1.74
2026-04-20 07:28:00,一级路南节制闸,1.74
2026-04-20 07:34:00,一级路南节制闸,1.75
2026-04-20 07:39:00,一级路南节制闸,1.73
2026-04-20 07:44:00,一级路南节制闸,1.72
2026-04-20 07:50:00,一级路南节制闸,1.71
2026-04-20 07:56:00,一级路南节制闸,1.71
2026-04-20 08:01:00,一级路南节制闸,1.7
2026-04-20 08:07:00,一级路南节制闸,1.7
2026-04-20 08:13:00,一级路南节制闸,1.69
2026-04-20 08:18:00,一级路南节制闸,1.69
2026-04-20 08:23:00,一级路南节制闸,1.69
2026-04-20 08:29:00,一级路南节制闸,1.68
2026-04-20 08:35:00,一级路南节制闸,1.68
2026-04-20 08:40:00,一级路南节制闸,1.67
2026-04-20 08:45:00,一级路南节制闸,1.66
2026-04-20 08:50:00,一级路南节制闸,1.66
2026-04-20 08:55:00,一级路南节制闸,1.66
2026-04-20 09:00:00,一级路南节制闸,1.65
2026-04-20 09:06:00,一级路南节制闸,1.65
2026-04-20 09:11:00,一级路南节制闸,1.65
2026-04-20 09:16:00,一级路南节制闸,1.64
2026-04-20 09:21:00,一级路南节制闸,1.64
2026-04-20 09:26:00,一级路南节制闸,1.64
2026-04-20 09:31:00,一级路南节制闸,1.63
2026-04-20 09:37:00,一级路南节制闸,1.63
2026-04-20 09:43:00,一级路南节制闸,1.63
2026-04-20 09:48:00,一级路南节制闸,1.62
2026-04-20 09:54:00,一级路南节制闸,1.62
2026-04-20 10:00:00,一级路南节制闸,1.62
2026-04-20 10:05:00,一级路南节制闸,1.61
2026-04-20 10:11:00,一级路南节制闸,1.61
2026-04-20 10:16:00,一级路南节制闸,1.61
2026-04-20 10:21:00,一级路南节制闸,1.6
2026-04-20 10:27:00,一级路南节制闸,1.6
2026-04-20 10:32:00,一级路南节制闸,1.59
2026-04-20 10:38:00,一级路南节制闸,1.59
2026-04-20 10:43:00,一级路南节制闸,1.58
2026-04-20 10:48:00,一级路南节制闸,1.59
2026-04-20 10:54:00,一级路南节制闸,1.59
2026-04-20 11:00:00,一级路南节制闸,1.58
2026-04-20 11:06:00,一级路南节制闸,1.58
2026-04-20 11:11:00,一级路南节制闸,1.58
2026-04-20 11:16:00,一级路南节制闸,1.57
2026-04-20 11:22:00,一级路南节制闸,1.56
2026-04-20 11:27:00,一级路南节制闸,1.56
2026-04-20 11:32:00,一级路南节制闸,1.56
2026-04-20 11:38:00,一级路南节制闸,1.55
2026-04-20 11:43:00,一级路南节制闸,1.55
2026-04-20 11:48:00,一级路南节制闸,1.55
2026-04-20 11:54:00,一级路南节制闸,1.54
2026-04-20 12:00:00,一级路南节制闸,1.54
2026-04-20 12:06:00,一级路南节制闸,1.54
2026-04-20 12:12:00,一级路南节制闸,1.53
2026-04-20 12:18:00,一级路南节制闸,1.53
2026-04-20 12:23:00,一级路南节制闸,1.53
2026-04-20 12:29:00,一级路南节制闸,1.53
2026-04-20 12:34:00,一级路南节制闸,1.53
2026-04-20 12:39:00,一级路南节制闸,1.52
2026-04-20 12:44:00,一级路南节制闸,1.52
2026-04-20 12:49:00,一级路南节制闸,1.52
2026-04-20 12:55:00,一级路南节制闸,1.51
2026-04-20 13:00:00,一级路南节制闸,1.51
2026-04-20 13:05:00,一级路南节制闸,1.51
2026-04-20 13:10:00,一级路南节制闸,1.51
2026-04-20 13:16:00,一级路南节制闸,1.51
2026-04-20 13:22:00,一级路南节制闸,1.5
2026-04-20 13:28:00,一级路南节制闸,1.5
2026-04-20 13:33:00,一级路南节制闸,1.5
2026-04-20 13:38:00,一级路南节制闸,1.5
2026-04-20 13:44:00,一级路南节制闸,1.5
2026-04-20 13:49:00,一级路南节制闸,1.5
2026-04-20 13:55:00,一级路南节制闸,1.49
2026-04-20 14:00:00,一级路南节制闸,1.49
2026-04-20 14:05:00,一级路南节制闸,1.49
2026-04-20 14:11:00,一级路南节制闸,1.49
2026-04-20 14:17:00,一级路南节制闸,1.49
2026-04-20 14:22:00,一级路南节制闸,1.48
2026-04-20 14:27:00,一级路南节制闸,1.48
2026-04-20 14:33:00,一级路南节制闸,1.48
2026-04-20 14:38:00,一级路南节制闸,1.48
2026-04-20 14:43:00,一级路南节制闸,1.48
2026-04-20 14:48:00,一级路南节制闸,1.48
2026-04-20 14:53:00,一级路南节制闸,1.48
2026-04-20 14:58:00,一级路南节制闸,1.47
2026-04-20 15:04:00,一级路南节制闸,1.48
2026-04-20 15:10:00,一级路南节制闸,1.48
2026-04-20 15:15:00,一级路南节制闸,1.49
2026-04-20 15:20:00,一级路南节制闸,1.48
2026-04-20 15:25:00,一级路南节制闸,1.48
2026-04-20 15:31:00,一级路南节制闸,1.49
2026-04-20 15:36:00,一级路南节制闸,1.48
2026-04-20 15:41:00,一级路南节制闸,1.49
2026-04-20 15:46:00,一级路南节制闸,1.49
2026-04-20 15:52:00,一级路南节制闸,1.49
2026-04-20 15:58:00,一级路南节制闸,1.49
2026-04-20 16:04:00,一级路南节制闸,1.49
2026-04-20 16:10:00,一级路南节制闸,1.49
2026-04-20 16:15:00,一级路南节制闸,1.49
2026-04-20 16:20:00,一级路南节制闸,1.49
2026-04-20 16:25:00,一级路南节制闸,1.49
2026-04-20 16:31:00,一级路南节制闸,1.49
2026-04-20 16:36:00,一级路南节制闸,1.48
2026-04-20 16:41:00,一级路南节制闸,1.48
2026-04-20 16:47:00,一级路南节制闸,1.48
2026-04-20 16:52:00,一级路南节制闸,1.48
2026-04-20 16:58:00,一级路南节制闸,1.48
2026-04-20 17:04:00,一级路南节制闸,1.48
2026-04-20 17:10:00,一级路南节制闸,1.47
2026-04-20 17:16:00,一级路南节制闸,1.47
2026-04-20 17:21:00,一级路南节制闸,1.47
2026-04-20 17:26:00,一级路南节制闸,1.46
2026-04-20 17:32:00,一级路南节制闸,1.47
2026-04-20 17:38:00,一级路南节制闸,1.47
2026-04-20 17:43:00,一级路南节制闸,1.46
2026-04-20 17:48:00,一级路南节制闸,1.46
2026-04-20 17:54:00,一级路南节制闸,1.46
2026-04-20 17:59:00,一级路南节制闸,1.46
2026-04-20 18:05:00,一级路南节制闸,1.46
2026-04-20 18:10:00,一级路南节制闸,1.45
2026-04-20 18:16:00,一级路南节制闸,1.45
2026-04-20 18:21:00,一级路南节制闸,1.44
2026-04-20 18:26:00,一级路南节制闸,1.44
2026-04-20 18:31:00,一级路南节制闸,1.43
2026-04-20 18:36:00,一级路南节制闸,1.43
2026-04-20 18:42:00,一级路南节制闸,1.42
2026-04-20 18:47:00,一级路南节制闸,1.42
2026-04-20 18:52:00,一级路南节制闸,1.41
2026-04-20 18:58:00,一级路南节制闸,1.41
2026-04-20 19:03:00,一级路南节制闸,1.4
2026-04-20 19:09:00,一级路南节制闸,1.39
2026-04-20 19:14:00,一级路南节制闸,1.39
2026-04-20 19:20:00,一级路南节制闸,1.38
2026-04-20 19:25:00,一级路南节制闸,1.39
2026-04-20 19:31:00,一级路南节制闸,1.4
2026-04-20 19:36:00,一级路南节制闸,1.4
2026-04-20 19:41:00,一级路南节制闸,1.4
2026-04-20 19:47:00,一级路南节制闸,1.4
2026-04-20 19:52:00,一级路南节制闸,1.4
2026-04-20 19:58:00,一级路南节制闸,1.35
2026-04-20 20:03:00,一级路南节制闸,1.33
2026-04-20 20:08:00,一级路南节制闸,1.32
2026-04-20 20:14:00,一级路南节制闸,1.31
2026-04-20 20:19:00,一级路南节制闸,1.3
2026-04-20 20:24:00,一级路南节制闸,1.3
2026-04-20 20:30:00,一级路南节制闸,1.26
2026-04-20 20:35:00,一级路南节制闸,1.23
2026-04-20 20:41:00,一级路南节制闸,1.21
2026-04-20 20:46:00,一级路南节制闸,1.2
2026-04-20 20:52:00,一级路南节制闸,1.19
2026-04-20 20:57:00,一级路南节制闸,1.19
2026-04-20 21:03:00,一级路南节制闸,1.17
2026-04-20 21:08:00,一级路南节制闸,1.17
2026-04-20 21:13:00,一级路南节制闸,1.17
2026-04-20 21:19:00,一级路南节制闸,1.16
2026-04-20 21:25:00,一级路南节制闸,1.16
2026-04-20 21:30:00,一级路南节制闸,1.16
2026-04-20 21:35:00,一级路南节制闸,1.17
2026-04-20 21:41:00,一级路南节制闸,1.17
2026-04-20 21:46:00,一级路南节制闸,1.17
2026-04-20 21:52:00,一级路南节制闸,1.17
2026-04-20 21:57:00,一级路南节制闸,1.18
2026-04-20 22:02:00,一级路南节制闸,1.18
2026-04-20 22:08:00,一级路南节制闸,1.18
2026-04-20 22:14:00,一级路南节制闸,1.18
2026-04-20 22:19:00,一级路南节制闸,1.18
2026-04-20 22:24:00,一级路南节制闸,1.18
2026-04-20 22:29:00,一级路南节制闸,1.18
2026-04-20 22:34:00,一级路南节制闸,1.18
2026-04-20 22:39:00,一级路南节制闸,1.18
2026-04-20 22:44:00,一级路南节制闸,1.17
2026-04-20 22:49:00,一级路南节制闸,1.17
2026-04-20 22:55:00,一级路南节制闸,1.17
2026-04-20 23:01:00,一级路南节制闸,1.17
2026-04-20 23:04:00,一级路南节制闸,1.17
2026-04-20 23:12:00,一级路南节制闸,1.16
2026-04-20 23:17:00,一级路南节制闸,1.16
2026-04-20 23:23:00,一级路南节制闸,1.17
2026-04-20 23:28:00,一级路南节制闸,1.16
2026-04-20 23:34:00,一级路南节制闸,1.16
2026-04-20 23:40:00,一级路南节制闸,1.16
2026-04-20 23:45:00,一级路南节制闸,1.16
2026-04-20 23:50:00,一级路南节制闸,1.16
2026-04-20 23:55:00,一级路南节制闸,1.15
2026-04-21 00:01:00,一级路南节制闸,1.15
2026-04-21 00:07:00,一级路南节制闸,1.15
2026-04-21 00:13:00,一级路南节制闸,1.15
2026-04-21 00:18:00,一级路南节制闸,1.15
2026-04-21 00:24:00,一级路南节制闸,1.15
2026-04-21 00:29:00,一级路南节制闸,1.15
2026-04-21 00:34:00,一级路南节制闸,1.15
2026-04-21 00:40:00,一级路南节制闸,1.15
2026-04-21 00:46:00,一级路南节制闸,1.15
2026-04-21 00:51:00,一级路南节制闸,1.14
2026-04-21 00:57:00,一级路南节制闸,1.15
2026-04-21 01:03:00,一级路南节制闸,1.15
2026-04-21 01:09:00,一级路南节制闸,1.15
2026-04-21 01:15:00,一级路南节制闸,1.15
2026-04-21 01:21:00,一级路南节制闸,1.15
2026-04-21 01:26:00,一级路南节制闸,1.15
2026-04-21 01:32:00,一级路南节制闸,1.16
2026-04-21 01:37:00,一级路南节制闸,1.16
2026-04-21 01:42:00,一级路南节制闸,1.16
2026-04-21 01:47:00,一级路南节制闸,1.16
2026-04-21 01:52:00,一级路南节制闸,1.17
2026-04-21 01:58:00,一级路南节制闸,1.17
2026-04-21 02:03:00,一级路南节制闸,1.19
2026-04-21 02:08:00,一级路南节制闸,1.19
2026-04-21 02:14:00,一级路南节制闸,1.2
2026-04-21 02:20:00,一级路南节制闸,1.21
2026-04-21 02:25:00,一级路南节制闸,1.21
2026-04-21 02:31:00,一级路南节制闸,1.22
2026-04-21 02:37:00,一级路南节制闸,1.22
2026-04-21 02:42:00,一级路南节制闸,1.22
2026-04-21 02:48:00,一级路南节制闸,1.23
2026-04-21 02:54:00,一级路南节制闸,1.23
2026-04-21 02:59:00,一级路南节制闸,1.24
2026-04-21 03:04:00,一级路南节制闸,1.24
2026-04-21 03:10:00,一级路南节制闸,1.25
2026-04-21 03:16:00,一级路南节制闸,1.25
2026-04-21 03:21:00,一级路南节制闸,1.26
2026-04-21 03:27:00,一级路南节制闸,1.26
2026-04-21 03:33:00,一级路南节制闸,1.26
2026-04-21 03:39:00,一级路南节制闸,1.25
2026-04-21 03:45:00,一级路南节制闸,1.23
2026-04-21 03:51:00,一级路南节制闸,1.22
2026-04-21 03:56:00,一级路南节制闸,1.22
2026-04-21 04:01:00,一级路南节制闸,1.22
2026-04-21 04:07:00,一级路南节制闸,1.22
2026-04-21 04:12:00,一级路南节制闸,1.22
2026-04-21 04:17:00,一级路南节制闸,1.22
2026-04-21 04:22:00,一级路南节制闸,1.22
2026-04-21 04:27:00,一级路南节制闸,1.21
2026-04-21 04:33:00,一级路南节制闸,1.22
2026-04-21 04:38:00,一级路南节制闸,1.22
2026-04-21 04:44:00,一级路南节制闸,1.22
2026-04-21 04:50:00,一级路南节制闸,1.21
2026-04-21 04:55:00,一级路南节制闸,1.22
2026-04-21 05:01:00,一级路南节制闸,1.22
2026-04-21 05:07:00,一级路南节制闸,1.22
2026-04-21 05:12:00,一级路南节制闸,1.22
2026-04-21 05:18:00,一级路南节制闸,1.22
2026-04-21 05:24:00,一级路南节制闸,1.22
2026-04-21 05:29:00,一级路南节制闸,1.22
2026-04-21 05:34:00,一级路南节制闸,1.22
2026-04-21 05:39:00,一级路南节制闸,1.23
2026-04-21 05:45:00,一级路南节制闸,1.23
2026-04-21 05:51:00,一级路南节制闸,1.23
2026-04-21 05:57:00,一级路南节制闸,1.23
2026-04-21 06:02:00,一级路南节制闸,1.23
2026-04-21 06:08:00,一级路南节制闸,1.23
2026-04-21 06:14:00,一级路南节制闸,1.23
2026-04-21 06:20:00,一级路南节制闸,1.23
2026-04-21 06:25:00,一级路南节制闸,1.23
2026-04-21 06:30:00,一级路南节制闸,1.24
2026-04-21 06:36:00,一级路南节制闸,1.24
2026-04-21 06:41:00,一级路南节制闸,1.24
2026-04-21 06:47:00,一级路南节制闸,1.24
2026-04-21 06:53:00,一级路南节制闸,1.23
2026-04-21 06:58:00,一级路南节制闸,1.23
2026-04-21 07:03:00,一级路南节制闸,1.22
2026-04-21 07:09:00,一级路南节制闸,1.22
2026-04-21 07:14:00,一级路南节制闸,1.22
2026-04-21 07:19:00,一级路南节制闸,1.22
2026-04-21 07:25:00,一级路南节制闸,1.22
2026-04-21 07:30:00,一级路南节制闸,1.22
2026-04-21 07:36:00,一级路南节制闸,1.22
2026-04-21 07:41:00,一级路南节制闸,1.22
2026-04-21 07:47:00,一级路南节制闸,1.22
2026-04-21 07:52:00,一级路南节制闸,1.22
2026-04-21 07:57:00,一级路南节制闸,1.22
2026-04-21 08:02:00,一级路南节制闸,1.24
2026-04-21 08:08:00,一级路南节制闸,1.24
2026-04-21 08:13:00,一级路南节制闸,1.24
2026-04-21 08:18:00,一级路南节制闸,1.24
2026-04-21 08:24:00,一级路南节制闸,1.24
2026-04-21 08:29:00,一级路南节制闸,1.24
2026-04-21 08:35:00,一级路南节制闸,1.24
2026-04-21 08:41:00,一级路南节制闸,1.23
2026-04-21 08:46:00,一级路南节制闸,1.23
2026-04-21 08:51:00,一级路南节制闸,1.22
2026-04-21 08:57:00,一级路南节制闸,1.22
2026-04-21 09:03:00,一级路南节制闸,1.31
2026-04-21 09:08:00,一级路南节制闸,1.33
2026-04-21 09:13:00,一级路南节制闸,1.35
2026-04-21 09:18:00,一级路南节制闸,1.37
2026-04-21 09:24:00,一级路南节制闸,1.38
2026-04-21 09:29:00,一级路南节制闸,1.39
2026-04-21 09:34:00,一级路南节制闸,1.39
2026-04-21 09:40:00,一级路南节制闸,1.4
2026-04-21 09:45:00,一级路南节制闸,1.41
2026-04-21 09:50:00,一级路南节制闸,1.41
2026-04-21 09:56:00,一级路南节制闸,1.42
2026-04-21 10:02:00,一级路南节制闸,1.42
2026-04-21 10:08:00,一级路南节制闸,1.42
2026-04-21 10:13:00,一级路南节制闸,1.43
2026-04-21 10:18:00,一级路南节制闸,1.43
2026-04-21 10:24:00,一级路南节制闸,1.43
2026-04-21 10:29:00,一级路南节制闸,1.44
2026-04-21 10:34:00,一级路南节制闸,1.44
2026-04-21 10:40:00,一级路南节制闸,1.44
2026-04-21 10:45:00,一级路南节制闸,1.45
2026-04-21 10:50:00,一级路南节制闸,1.45
2026-04-21 10:56:00,一级路南节制闸,1.45
2026-04-21 11:02:00,一级路南节制闸,1.46
2026-04-21 11:08:00,一级路南节制闸,1.46
2026-04-21 11:13:00,一级路南节制闸,1.46
2026-04-21 11:18:00,一级路南节制闸,1.47
2026-04-21 11:24:00,一级路南节制闸,1.47
2026-04-21 11:29:00,一级路南节制闸,1.48
2026-04-21 11:35:00,一级路南节制闸,1.48
2026-04-21 11:40:00,一级路南节制闸,1.48
2026-04-21 11:45:00,一级路南节制闸,1.48
2026-04-21 11:50:00,一级路南节制闸,1.53
2026-04-21 11:55:00,一级路南节制闸,1.54
2026-04-21 12:00:00,一级路南节制闸,1.56
2026-04-21 12:06:00,一级路南节制闸,1.58
2026-04-21 12:12:00,一级路南节制闸,1.59
2026-04-21 12:17:00,一级路南节制闸,1.6
2026-04-21 12:22:00,一级路南节制闸,1.61
2026-04-21 12:28:00,一级路南节制闸,1.63
2026-04-21 12:33:00,一级路南节制闸,1.64
2026-04-21 12:38:00,一级路南节制闸,1.64
2026-04-21 12:44:00,一级路南节制闸,1.65
2026-04-21 12:49:00,一级路南节制闸,1.66
2026-04-21 12:54:00,一级路南节制闸,1.67
2026-04-21 13:00:00,一级路南节制闸,1.67
2026-04-21 13:05:00,一级路南节制闸,1.68
2026-04-21 13:10:00,一级路南节制闸,1.68
2026-04-21 13:16:00,一级路南节制闸,1.67
2026-04-21 13:21:00,一级路南节制闸,1.67
2026-04-21 13:27:00,一级路南节制闸,1.66
2026-04-21 13:32:00,一级路南节制闸,1.66
2026-04-21 13:37:00,一级路南节制闸,1.65
2026-04-21 13:43:00,一级路南节制闸,1.64
2026-04-21 13:48:00,一级路南节制闸,1.63
2026-04-21 13:54:00,一级路南节制闸,1.61
2026-04-21 14:00:00,一级路南节制闸,1.59
2026-04-21 14:06:00,一级路南节制闸,1.57
2026-04-21 14:12:00,一级路南节制闸,1.55
2026-04-21 14:17:00,一级路南节制闸,1.53
2026-04-21 14:23:00,一级路南节制闸,1.49
2026-04-21 14:28:00,一级路南节制闸,1.45
2026-04-21 14:34:00,一级路南节制闸,1.42
2026-04-21 14:39:00,一级路南节制闸,1.39
2026-04-21 14:45:00,一级路南节制闸,1.35
2026-04-21 14:51:00,一级路南节制闸,1.31
2026-04-21 14:57:00,一级路南节制闸,1.27
2026-04-21 15:02:00,一级路南节制闸,1.24
2026-04-21 15:07:00,一级路南节制闸,1.21
2026-04-21 15:13:00,一级路南节制闸,1.18
2026-04-21 15:19:00,一级路南节制闸,1.14
2026-04-21 15:24:00,一级路南节制闸,1.11
2026-04-21 15:30:00,一级路南节制闸,1.07
2026-04-21 15:35:00,一级路南节制闸,1.04
2026-04-21 15:41:00,一级路南节制闸,1.01
2026-04-21 15:47:00,一级路南节制闸,0.98
2026-04-21 15:52:00,一级路南节制闸,0.95
2026-04-21 15:57:00,一级路南节制闸,0.92
2026-04-21 16:03:00,一级路南节制闸,0.89
2026-04-21 16:08:00,一级路南节制闸,0.87
2026-04-21 16:13:00,一级路南节制闸,0.84
2026-04-21 16:18:00,一级路南节制闸,0.82
2026-04-21 16:24:00,一级路南节制闸,0.79
2026-04-21 16:30:00,一级路南节制闸,0.77
2026-04-21 16:36:00,一级路南节制闸,0.75
2026-04-21 16:41:00,一级路南节制闸,0.73
2026-04-21 16:46:00,一级路南节制闸,0.71
2026-04-21 16:52:00,一级路南节制闸,0.7
2026-04-21 16:58:00,一级路南节制闸,0.68
2026-04-21 17:04:00,一级路南节制闸,0.66
2026-04-21 17:09:00,一级路南节制闸,0.65
2026-04-21 17:15:00,一级路南节制闸,0.64
2026-04-21 17:21:00,一级路南节制闸,0.63
2026-04-21 17:26:00,一级路南节制闸,0.61
2026-04-21 17:31:00,一级路南节制闸,0.61
2026-04-14 00:00:00,刘原节制闸,1.13
2026-04-14 00:06:00,刘原节制闸,1.13
2026-04-14 00:11:00,刘原节制闸,1.13
2026-04-14 00:16:00,刘原节制闸,1.14
2026-04-14 00:21:00,刘原节制闸,1.14
2026-04-14 00:26:00,刘原节制闸,1.14
2026-04-14 00:32:00,刘原节制闸,1.14
2026-04-14 00:37:00,刘原节制闸,1.14
2026-04-14 00:42:00,刘原节制闸,1.14
2026-04-14 00:48:00,刘原节制闸,1.14
2026-04-14 00:53:00,刘原节制闸,1.14
2026-04-14 00:58:00,刘原节制闸,1.14
2026-04-14 01:03:00,刘原节制闸,1.14
2026-04-14 01:08:00,刘原节制闸,1.14
2026-04-14 01:14:00,刘原节制闸,1.15
2026-04-14 01:19:00,刘原节制闸,1.15
2026-04-14 01:24:00,刘原节制闸,1.15
2026-04-14 01:29:00,刘原节制闸,1.15
2026-04-14 01:35:00,刘原节制闸,1.15
2026-04-14 01:40:00,刘原节制闸,1.15
2026-04-14 01:45:00,刘原节制闸,1.15
2026-04-14 01:51:00,刘原节制闸,1.15
2026-04-14 01:56:00,刘原节制闸,1.15
2026-04-14 02:01:00,刘原节制闸,1.15
2026-04-14 02:06:00,刘原节制闸,1.16
2026-04-14 02:11:00,刘原节制闸,1.16
2026-04-14 02:17:00,刘原节制闸,1.16
2026-04-14 02:22:00,刘原节制闸,1.16
2026-04-14 02:27:00,刘原节制闸,1.16
2026-04-14 02:33:00,刘原节制闸,1.16
2026-04-14 02:38:00,刘原节制闸,1.16
2026-04-14 02:44:00,刘原节制闸,1.16
2026-04-14 02:49:00,刘原节制闸,1.16
2026-04-14 02:54:00,刘原节制闸,1.17
2026-04-14 02:59:00,刘原节制闸,1.17
2026-04-14 03:04:00,刘原节制闸,1.17
2026-04-14 03:10:00,刘原节制闸,1.17
2026-04-14 03:15:00,刘原节制闸,1.17
2026-04-14 03:20:00,刘原节制闸,1.17
2026-04-14 03:25:00,刘原节制闸,1.17
2026-04-14 03:30:00,刘原节制闸,1.17
2026-04-14 03:36:00,刘原节制闸,1.17
2026-04-14 03:41:00,刘原节制闸,1.17
2026-04-14 03:46:00,刘原节制闸,1.18
2026-04-14 03:51:00,刘原节制闸,1.18
2026-04-14 03:56:00,刘原节制闸,1.18
2026-04-14 04:01:00,刘原节制闸,1.18
2026-04-14 04:06:00,刘原节制闸,1.18
2026-04-14 04:11:00,刘原节制闸,1.18
2026-04-14 04:17:00,刘原节制闸,1.18
2026-04-14 04:22:00,刘原节制闸,1.18
2026-04-14 04:27:00,刘原节制闸,1.18
2026-04-14 04:32:00,刘原节制闸,1.18
2026-04-14 04:37:00,刘原节制闸,1.19
2026-04-14 04:43:00,刘原节制闸,1.19
2026-04-14 04:48:00,刘原节制闸,1.19
2026-04-14 04:53:00,刘原节制闸,1.19
2026-04-14 04:59:00,刘原节制闸,1.19
2026-04-14 05:04:00,刘原节制闸,1.19
2026-04-14 05:09:00,刘原节制闸,1.19
2026-04-14 05:14:00,刘原节制闸,1.19
2026-04-14 05:19:00,刘原节制闸,1.19
2026-04-14 05:25:00,刘原节制闸,1.2
2026-04-14 05:30:00,刘原节制闸,1.2
2026-04-14 05:35:00,刘原节制闸,1.2
2026-04-14 05:40:00,刘原节制闸,1.2
2026-04-14 05:46:00,刘原节制闸,1.2
2026-04-14 05:51:00,刘原节制闸,1.2
2026-04-14 05:56:00,刘原节制闸,1.2
2026-04-14 06:02:00,刘原节制闸,1.2
2026-04-14 06:07:00,刘原节制闸,1.2
2026-04-14 06:13:00,刘原节制闸,1.2
2026-04-14 06:18:00,刘原节制闸,1.2
2026-04-14 06:24:00,刘原节制闸,1.21
2026-04-14 06:29:00,刘原节制闸,1.21
2026-04-14 06:34:00,刘原节制闸,1.21
2026-04-14 06:40:00,刘原节制闸,1.21
2026-04-14 06:45:00,刘原节制闸,1.21
2026-04-14 06:50:00,刘原节制闸,1.21
2026-04-14 06:55:00,刘原节制闸,1.21
2026-04-14 07:01:00,刘原节制闸,1.21
2026-04-14 07:06:00,刘原节制闸,1.21
2026-04-14 07:11:00,刘原节制闸,1.21
2026-04-14 07:17:00,刘原节制闸,1.21
2026-04-14 07:22:00,刘原节制闸,1.21
2026-04-14 07:27:00,刘原节制闸,1.21
2026-04-14 07:33:00,刘原节制闸,1.21
2026-04-14 07:38:00,刘原节制闸,1.21
2026-04-14 07:43:00,刘原节制闸,1.21
2026-04-14 07:48:00,刘原节制闸,1.22
2026-04-14 07:53:00,刘原节制闸,1.22
2026-04-14 07:59:00,刘原节制闸,1.22
2026-04-14 08:04:00,刘原节制闸,1.22
2026-04-14 08:09:00,刘原节制闸,1.22
2026-04-14 08:15:00,刘原节制闸,1.22
2026-04-14 08:20:00,刘原节制闸,1.22
2026-04-14 08:26:00,刘原节制闸,1.22
2026-04-14 08:31:00,刘原节制闸,1.22
2026-04-14 08:37:00,刘原节制闸,1.22
2026-04-14 08:42:00,刘原节制闸,1.22
2026-04-14 08:48:00,刘原节制闸,1.22
2026-04-14 08:53:00,刘原节制闸,1.22
2026-04-14 08:58:00,刘原节制闸,1.22
2026-04-14 09:03:00,刘原节制闸,1.22
2026-04-14 09:09:00,刘原节制闸,1.22
2026-04-14 09:14:00,刘原节制闸,1.22
2026-04-14 09:20:00,刘原节制闸,1.22
2026-04-14 09:25:00,刘原节制闸,1.22
2026-04-14 09:31:00,刘原节制闸,1.22
2026-04-14 09:36:00,刘原节制闸,1.22
2026-04-14 09:41:00,刘原节制闸,1.22
2026-04-14 09:47:00,刘原节制闸,1.22
2026-04-14 09:52:00,刘原节制闸,1.22
2026-04-14 09:58:00,刘原节制闸,1.22
2026-04-14 10:03:00,刘原节制闸,1.22
2026-04-14 10:08:00,刘原节制闸,1.22
2026-04-14 10:14:00,刘原节制闸,1.21
2026-04-14 10:19:00,刘原节制闸,1.21
2026-04-14 10:24:00,刘原节制闸,1.21
2026-04-14 10:29:00,刘原节制闸,1.21
2026-04-14 10:34:00,刘原节制闸,1.21
2026-04-14 10:40:00,刘原节制闸,1.21
2026-04-14 10:45:00,刘原节制闸,1.21
2026-04-14 10:50:00,刘原节制闸,1.21
2026-04-14 10:55:00,刘原节制闸,1.19
2026-04-14 11:01:00,刘原节制闸,1.2
2026-04-14 11:06:00,刘原节制闸,1.2
2026-04-14 11:11:00,刘原节制闸,1.2
2026-04-14 11:16:00,刘原节制闸,1.2
2026-04-14 11:21:00,刘原节制闸,1.2
2026-04-14 11:27:00,刘原节制闸,1.2
2026-04-14 11:32:00,刘原节制闸,1.2
2026-04-14 11:38:00,刘原节制闸,1.2
2026-04-14 11:43:00,刘原节制闸,1.2
2026-04-14 11:48:00,刘原节制闸,1.2
2026-04-14 11:54:00,刘原节制闸,1.19
2026-04-14 11:59:00,刘原节制闸,1.18
2026-04-14 12:04:00,刘原节制闸,1.17
2026-04-14 12:10:00,刘原节制闸,1.17
2026-04-14 12:15:00,刘原节制闸,1.16
2026-04-14 12:20:00,刘原节制闸,1.15
2026-04-14 12:25:00,刘原节制闸,1.15
2026-04-14 12:30:00,刘原节制闸,1.14
2026-04-14 12:36:00,刘原节制闸,1.13
2026-04-14 12:41:00,刘原节制闸,1.13
2026-04-14 12:46:00,刘原节制闸,1.12
2026-04-14 12:52:00,刘原节制闸,1.11
2026-04-14 12:57:00,刘原节制闸,1.11
2026-04-14 13:03:00,刘原节制闸,1.1
2026-04-14 13:08:00,刘原节制闸,1.1
2026-04-14 13:13:00,刘原节制闸,1.09
2026-04-14 13:19:00,刘原节制闸,1.09
2026-04-14 13:24:00,刘原节制闸,1.08
2026-04-14 13:29:00,刘原节制闸,1.08
2026-04-14 13:34:00,刘原节制闸,1.07
2026-04-14 13:39:00,刘原节制闸,1.07
2026-04-14 13:45:00,刘原节制闸,1.07
2026-04-14 13:50:00,刘原节制闸,1.06
2026-04-14 13:56:00,刘原节制闸,1.06
2026-04-14 14:01:00,刘原节制闸,1.06
2026-04-14 14:07:00,刘原节制闸,1.05
2026-04-14 14:12:00,刘原节制闸,1.05
2026-04-14 14:18:00,刘原节制闸,1.05
2026-04-14 14:23:00,刘原节制闸,1.05
2026-04-14 14:28:00,刘原节制闸,1.04
2026-04-14 14:34:00,刘原节制闸,1.04
2026-04-14 14:39:00,刘原节制闸,1.04
2026-04-14 14:45:00,刘原节制闸,1.04
2026-04-14 14:50:00,刘原节制闸,1.04
2026-04-14 14:55:00,刘原节制闸,1.04
2026-04-14 15:00:00,刘原节制闸,1.04
2026-04-14 15:05:00,刘原节制闸,1.04
2026-04-14 15:11:00,刘原节制闸,1.04
2026-04-14 15:16:00,刘原节制闸,1.03
2026-04-14 15:22:00,刘原节制闸,1.03
2026-04-14 15:27:00,刘原节制闸,1.03
2026-04-14 15:32:00,刘原节制闸,1.03
2026-04-14 15:38:00,刘原节制闸,1.03
2026-04-14 15:43:00,刘原节制闸,1.03
2026-04-14 15:48:00,刘原节制闸,1.03
2026-04-14 15:53:00,刘原节制闸,1.03
2026-04-14 15:59:00,刘原节制闸,1.03
2026-04-14 16:04:00,刘原节制闸,1.03
2026-04-14 16:09:00,刘原节制闸,1.03
2026-04-14 16:15:00,刘原节制闸,1.03
2026-04-14 16:20:00,刘原节制闸,1.03
2026-04-14 16:25:00,刘原节制闸,1.03
2026-04-14 16:31:00,刘原节制闸,1.03
2026-04-14 16:54:00,刘原节制闸,1.03
2026-04-14 16:59:00,刘原节制闸,1.03
2026-04-14 17:05:00,刘原节制闸,1.03
2026-04-14 17:10:00,刘原节制闸,1.03
2026-04-14 17:15:00,刘原节制闸,1.03
2026-04-14 17:21:00,刘原节制闸,1.03
2026-04-14 17:26:00,刘原节制闸,1.03
2026-04-14 17:31:00,刘原节制闸,1.03
2026-04-14 17:37:00,刘原节制闸,1.03
2026-04-14 17:42:00,刘原节制闸,1.03
2026-04-14 17:47:00,刘原节制闸,1.03
2026-04-14 17:52:00,刘原节制闸,1.03
2026-04-14 17:58:00,刘原节制闸,1.03
2026-04-14 18:03:00,刘原节制闸,1.03
2026-04-14 18:08:00,刘原节制闸,1.04
2026-04-14 18:13:00,刘原节制闸,1.04
2026-04-14 18:19:00,刘原节制闸,1.04
2026-04-14 18:24:00,刘原节制闸,1.04
2026-04-14 18:29:00,刘原节制闸,1.04
2026-04-14 18:34:00,刘原节制闸,1.04
2026-04-14 18:39:00,刘原节制闸,1.04
2026-04-14 18:45:00,刘原节制闸,1.04
2026-04-14 18:50:00,刘原节制闸,1.04
2026-04-14 18:55:00,刘原节制闸,1.04
2026-04-14 19:01:00,刘原节制闸,1.04
2026-04-14 19:06:00,刘原节制闸,1.04
2026-04-14 19:11:00,刘原节制闸,1.04
2026-04-14 19:16:00,刘原节制闸,1.04
2026-04-14 19:22:00,刘原节制闸,1.04
2026-04-14 19:27:00,刘原节制闸,1.04
2026-04-14 19:32:00,刘原节制闸,1.04
2026-04-14 19:37:00,刘原节制闸,1.04
2026-04-14 19:43:00,刘原节制闸,1.04
2026-04-14 19:48:00,刘原节制闸,1.03
2026-04-14 19:54:00,刘原节制闸,1.03
2026-04-14 19:59:00,刘原节制闸,1.03
2026-04-14 20:04:00,刘原节制闸,1.03
2026-04-14 20:09:00,刘原节制闸,1.03
2026-04-14 20:15:00,刘原节制闸,1.03
2026-04-14 20:20:00,刘原节制闸,1.03
2026-04-14 20:25:00,刘原节制闸,1.03
2026-04-14 20:30:00,刘原节制闸,1.03
2026-04-14 20:35:00,刘原节制闸,1.03
2026-04-14 20:41:00,刘原节制闸,1.02
2026-04-14 20:46:00,刘原节制闸,1.02
2026-04-14 20:51:00,刘原节制闸,1.02
2026-04-14 20:56:00,刘原节制闸,1.02
2026-04-14 21:02:00,刘原节制闸,1.02
2026-04-14 21:07:00,刘原节制闸,1.02
2026-04-14 21:12:00,刘原节制闸,1.02
2026-04-14 21:17:00,刘原节制闸,1.02
2026-04-14 21:23:00,刘原节制闸,1.02
2026-04-14 21:28:00,刘原节制闸,1.02
2026-04-14 21:33:00,刘原节制闸,1.02
2026-04-14 21:39:00,刘原节制闸,1.02
2026-04-14 21:44:00,刘原节制闸,1.02
2026-04-14 21:49:00,刘原节制闸,1.02
2026-04-14 21:54:00,刘原节制闸,1.02
2026-04-14 21:59:00,刘原节制闸,1.02
2026-04-14 22:05:00,刘原节制闸,1.02
2026-04-14 22:10:00,刘原节制闸,1.02
2026-04-14 22:16:00,刘原节制闸,1.02
2026-04-14 22:21:00,刘原节制闸,1.02
2026-04-14 22:26:00,刘原节制闸,1.02
2026-04-14 22:31:00,刘原节制闸,1.02
2026-04-14 22:37:00,刘原节制闸,1.01
2026-04-14 22:42:00,刘原节制闸,1.01
2026-04-14 22:48:00,刘原节制闸,1.01
2026-04-14 22:53:00,刘原节制闸,1.01
2026-04-14 22:58:00,刘原节制闸,1.01
2026-04-14 23:02:00,刘原节制闸,1.01
2026-04-14 23:09:00,刘原节制闸,1.01
2026-04-14 23:14:00,刘原节制闸,1.01
2026-04-14 23:19:00,刘原节制闸,1.01
2026-04-14 23:24:00,刘原节制闸,1.01
2026-04-14 23:30:00,刘原节制闸,1.01
2026-04-14 23:35:00,刘原节制闸,1.01
2026-04-14 23:40:00,刘原节制闸,1.01
2026-04-14 23:45:00,刘原节制闸,1.01
2026-04-14 23:50:00,刘原节制闸,1.01
2026-04-14 23:56:00,刘原节制闸,1.01
2026-04-15 00:01:00,刘原节制闸,1.01
2026-04-15 00:06:00,刘原节制闸,1.01
2026-04-15 00:12:00,刘原节制闸,1.01
2026-04-15 00:17:00,刘原节制闸,1.01
2026-04-15 00:23:00,刘原节制闸,1.01
2026-04-15 00:28:00,刘原节制闸,1.01
2026-04-15 00:33:00,刘原节制闸,1.01
2026-04-15 00:38:00,刘原节制闸,1.0
2026-04-15 00:43:00,刘原节制闸,1.0
2026-04-15 00:49:00,刘原节制闸,1.0
2026-04-15 00:54:00,刘原节制闸,1.0
2026-04-15 01:00:00,刘原节制闸,1.0
2026-04-15 01:05:00,刘原节制闸,1.0
2026-04-15 01:10:00,刘原节制闸,1.0
2026-04-15 01:16:00,刘原节制闸,1.0
2026-04-15 01:21:00,刘原节制闸,1.0
2026-04-15 01:26:00,刘原节制闸,1.0
2026-04-15 01:32:00,刘原节制闸,1.0
2026-04-15 01:37:00,刘原节制闸,1.0
2026-04-15 01:43:00,刘原节制闸,1.0
2026-04-15 01:48:00,刘原节制闸,1.0
2026-04-15 01:54:00,刘原节制闸,1.0
2026-04-15 01:59:00,刘原节制闸,1.0
2026-04-15 02:04:00,刘原节制闸,1.0
2026-04-15 02:10:00,刘原节制闸,1.0
2026-04-15 02:15:00,刘原节制闸,1.0
2026-04-15 02:21:00,刘原节制闸,1.0
2026-04-15 02:26:00,刘原节制闸,1.0
2026-04-15 02:31:00,刘原节制闸,1.0
2026-04-15 02:37:00,刘原节制闸,1.0
2026-04-15 02:42:00,刘原节制闸,1.0
2026-04-15 02:48:00,刘原节制闸,1.0
2026-04-15 02:53:00,刘原节制闸,0.99
2026-04-15 02:58:00,刘原节制闸,0.99
2026-04-15 03:03:00,刘原节制闸,0.99
2026-04-15 03:08:00,刘原节制闸,0.99
2026-04-15 03:14:00,刘原节制闸,0.99
2026-04-15 03:19:00,刘原节制闸,0.99
2026-04-15 03:24:00,刘原节制闸,0.99
2026-04-15 03:29:00,刘原节制闸,0.99
2026-04-15 03:35:00,刘原节制闸,0.99
2026-04-15 03:40:00,刘原节制闸,0.99
2026-04-15 03:45:00,刘原节制闸,0.99
2026-04-15 03:50:00,刘原节制闸,0.99
2026-04-15 03:55:00,刘原节制闸,0.99
2026-04-15 04:01:00,刘原节制闸,0.99
2026-04-15 04:06:00,刘原节制闸,0.99
2026-04-15 04:12:00,刘原节制闸,0.99
2026-04-15 04:17:00,刘原节制闸,0.99
2026-04-15 04:22:00,刘原节制闸,0.99
2026-04-15 04:27:00,刘原节制闸,0.99
2026-04-15 04:33:00,刘原节制闸,0.99
2026-04-15 04:38:00,刘原节制闸,0.98
2026-04-15 04:43:00,刘原节制闸,0.98
2026-04-15 04:49:00,刘原节制闸,0.98
2026-04-15 04:54:00,刘原节制闸,0.98
2026-04-15 04:59:00,刘原节制闸,0.98
2026-04-15 05:04:00,刘原节制闸,0.98
2026-04-15 05:10:00,刘原节制闸,0.98
2026-04-15 05:15:00,刘原节制闸,0.98
2026-04-15 05:21:00,刘原节制闸,0.98
2026-04-15 05:26:00,刘原节制闸,0.98
2026-04-15 05:31:00,刘原节制闸,0.98
2026-04-15 05:36:00,刘原节制闸,0.98
2026-04-15 05:41:00,刘原节制闸,0.98
2026-04-15 05:47:00,刘原节制闸,0.97
2026-04-15 05:52:00,刘原节制闸,0.97
2026-04-15 05:58:00,刘原节制闸,0.97
2026-04-15 06:03:00,刘原节制闸,0.97
2026-04-15 06:08:00,刘原节制闸,0.97
2026-04-15 06:14:00,刘原节制闸,0.97
2026-04-15 06:19:00,刘原节制闸,0.97
2026-04-15 06:25:00,刘原节制闸,0.97
2026-04-15 06:30:00,刘原节制闸,0.97
2026-04-15 06:36:00,刘原节制闸,0.97
2026-04-15 06:41:00,刘原节制闸,0.97
2026-04-15 06:46:00,刘原节制闸,0.96
2026-04-15 06:52:00,刘原节制闸,0.96
2026-04-15 06:57:00,刘原节制闸,0.96
2026-04-15 07:02:00,刘原节制闸,0.96
2026-04-15 07:08:00,刘原节制闸,0.96
2026-04-15 07:13:00,刘原节制闸,0.96
2026-04-15 07:18:00,刘原节制闸,0.96
2026-04-15 07:23:00,刘原节制闸,0.96
2026-04-15 07:28:00,刘原节制闸,0.96
2026-04-15 07:34:00,刘原节制闸,0.96
2026-04-15 07:39:00,刘原节制闸,0.95
2026-04-15 07:44:00,刘原节制闸,0.95
2026-04-15 07:49:00,刘原节制闸,0.95
2026-04-15 07:55:00,刘原节制闸,0.95
2026-04-15 08:00:00,刘原节制闸,0.95
2026-04-15 08:05:00,刘原节制闸,0.95
2026-04-15 08:11:00,刘原节制闸,0.95
2026-04-15 08:16:00,刘原节制闸,0.95
2026-04-15 08:22:00,刘原节制闸,0.94
2026-04-15 08:27:00,刘原节制闸,0.94
2026-04-15 08:32:00,刘原节制闸,0.94
2026-04-15 08:37:00,刘原节制闸,0.94
2026-04-15 08:42:00,刘原节制闸,0.94
2026-04-15 08:47:00,刘原节制闸,0.94
2026-04-15 08:53:00,刘原节制闸,0.94
2026-04-15 08:58:00,刘原节制闸,0.87
2026-04-15 09:03:00,刘原节制闸,0.93
2026-04-15 09:08:00,刘原节制闸,0.92
2026-04-15 09:14:00,刘原节制闸,0.92
2026-04-15 09:19:00,刘原节制闸,0.92
2026-04-15 09:24:00,刘原节制闸,0.91
2026-04-15 09:30:00,刘原节制闸,0.91
2026-04-15 09:35:00,刘原节制闸,0.91
2026-04-15 09:40:00,刘原节制闸,0.91
2026-04-15 09:46:00,刘原节制闸,0.9
2026-04-15 09:51:00,刘原节制闸,0.9
2026-04-15 09:57:00,刘原节制闸,0.9
2026-04-15 10:02:00,刘原节制闸,0.9
2026-04-15 10:07:00,刘原节制闸,0.9
2026-04-15 10:13:00,刘原节制闸,0.9
2026-04-15 10:18:00,刘原节制闸,0.89
2026-04-15 10:23:00,刘原节制闸,0.89
2026-04-15 10:29:00,刘原节制闸,0.89
2026-04-15 10:34:00,刘原节制闸,0.89
2026-04-15 10:40:00,刘原节制闸,0.89
2026-04-15 10:45:00,刘原节制闸,0.89
2026-04-15 10:50:00,刘原节制闸,0.88
2026-04-15 10:56:00,刘原节制闸,0.88
2026-04-15 11:01:00,刘原节制闸,0.88
2026-04-15 11:06:00,刘原节制闸,0.88
2026-04-15 11:11:00,刘原节制闸,0.88
2026-04-15 11:17:00,刘原节制闸,0.87
2026-04-15 11:22:00,刘原节制闸,0.87
2026-04-15 11:27:00,刘原节制闸,0.87
2026-04-15 11:33:00,刘原节制闸,0.87
2026-04-15 11:38:00,刘原节制闸,0.87
2026-04-15 11:43:00,刘原节制闸,0.87
2026-04-15 11:49:00,刘原节制闸,0.86
2026-04-15 11:54:00,刘原节制闸,0.86
2026-04-15 12:00:00,刘原节制闸,0.86
2026-04-15 12:05:00,刘原节制闸,0.86
2026-04-15 12:10:00,刘原节制闸,0.86
2026-04-15 12:16:00,刘原节制闸,0.86
2026-04-15 12:21:00,刘原节制闸,0.85
2026-04-15 12:27:00,刘原节制闸,0.85
2026-04-15 12:32:00,刘原节制闸,0.85
2026-04-15 12:38:00,刘原节制闸,0.85
2026-04-15 12:43:00,刘原节制闸,0.85
2026-04-15 12:48:00,刘原节制闸,0.85
2026-04-15 12:54:00,刘原节制闸,0.84
2026-04-15 12:59:00,刘原节制闸,0.84
2026-04-15 13:04:00,刘原节制闸,0.84
2026-04-15 13:10:00,刘原节制闸,0.84
2026-04-15 13:15:00,刘原节制闸,0.84
2026-04-15 13:20:00,刘原节制闸,0.84
2026-04-15 13:26:00,刘原节制闸,0.83
2026-04-15 13:31:00,刘原节制闸,0.83
2026-04-15 13:37:00,刘原节制闸,0.83
2026-04-15 13:42:00,刘原节制闸,0.83
2026-04-15 13:47:00,刘原节制闸,0.83
2026-04-15 13:52:00,刘原节制闸,0.83
2026-04-15 13:58:00,刘原节制闸,0.82
2026-04-15 14:03:00,刘原节制闸,0.82
2026-04-15 14:08:00,刘原节制闸,0.82
2026-04-15 14:14:00,刘原节制闸,0.82
2026-04-15 14:19:00,刘原节制闸,0.82
2026-04-15 14:24:00,刘原节制闸,0.81
2026-04-15 14:29:00,刘原节制闸,0.81
2026-04-15 14:34:00,刘原节制闸,0.81
2026-04-15 14:39:00,刘原节制闸,0.81
2026-04-15 14:45:00,刘原节制闸,0.81
2026-04-15 14:50:00,刘原节制闸,0.81
2026-04-15 14:56:00,刘原节制闸,0.8
2026-04-15 15:01:00,刘原节制闸,0.8
2026-04-15 15:06:00,刘原节制闸,0.8
2026-04-15 15:12:00,刘原节制闸,0.8
2026-04-15 15:17:00,刘原节制闸,0.79
2026-04-15 15:22:00,刘原节制闸,0.79
2026-04-15 15:28:00,刘原节制闸,0.79
2026-04-15 15:33:00,刘原节制闸,0.79
2026-04-15 15:38:00,刘原节制闸,0.79
2026-04-15 15:44:00,刘原节制闸,0.78
2026-04-15 15:49:00,刘原节制闸,0.78
2026-04-15 15:54:00,刘原节制闸,0.78
2026-04-15 16:00:00,刘原节制闸,0.78
2026-04-15 16:05:00,刘原节制闸,0.78
2026-04-15 16:10:00,刘原节制闸,0.77
2026-04-15 16:16:00,刘原节制闸,0.77
2026-04-15 16:21:00,刘原节制闸,0.77
2026-04-15 16:27:00,刘原节制闸,0.77
2026-04-15 16:32:00,刘原节制闸,0.77
2026-04-15 16:37:00,刘原节制闸,0.76
2026-04-15 16:43:00,刘原节制闸,0.76
2026-04-15 16:48:00,刘原节制闸,0.76
2026-04-15 16:54:00,刘原节制闸,0.76
2026-04-15 16:59:00,刘原节制闸,0.76
2026-04-15 17:04:00,刘原节制闸,0.76
2026-04-15 17:09:00,刘原节制闸,0.75
2026-04-15 17:14:00,刘原节制闸,0.75
2026-04-15 17:20:00,刘原节制闸,0.75
2026-04-15 17:25:00,刘原节制闸,0.75
2026-04-15 17:30:00,刘原节制闸,0.75
2026-04-15 17:36:00,刘原节制闸,0.74
2026-04-15 17:41:00,刘原节制闸,0.74
2026-04-15 17:46:00,刘原节制闸,0.74
2026-04-15 17:51:00,刘原节制闸,0.74
2026-04-15 17:56:00,刘原节制闸,0.74
2026-04-15 18:02:00,刘原节制闸,0.74
2026-04-15 18:07:00,刘原节制闸,0.73
2026-04-15 18:13:00,刘原节制闸,0.73
2026-04-15 18:18:00,刘原节制闸,0.73
2026-04-15 18:24:00,刘原节制闸,0.73
2026-04-15 18:29:00,刘原节制闸,0.73
2026-04-15 18:34:00,刘原节制闸,0.72
2026-04-15 18:40:00,刘原节制闸,0.72
2026-04-15 18:45:00,刘原节制闸,0.72
2026-04-15 18:51:00,刘原节制闸,0.72
2026-04-15 18:56:00,刘原节制闸,0.72
2026-04-15 19:01:00,刘原节制闸,0.71
2026-04-15 19:06:00,刘原节制闸,0.71
2026-04-15 19:11:00,刘原节制闸,0.71
2026-04-15 19:17:00,刘原节制闸,0.71
2026-04-15 19:22:00,刘原节制闸,0.71
2026-04-15 19:27:00,刘原节制闸,0.69
2026-04-15 19:33:00,刘原节制闸,0.68
2026-04-15 19:38:00,刘原节制闸,0.68
2026-04-15 19:43:00,刘原节制闸,0.68
2026-04-15 19:48:00,刘原节制闸,0.68
2026-04-15 19:54:00,刘原节制闸,0.68
2026-04-15 19:59:00,刘原节制闸,0.68
2026-04-15 20:05:00,刘原节制闸,0.68
2026-04-15 20:10:00,刘原节制闸,0.68
2026-04-15 20:15:00,刘原节制闸,0.68
2026-04-15 20:20:00,刘原节制闸,0.68
2026-04-15 20:26:00,刘原节制闸,0.68
2026-04-15 20:31:00,刘原节制闸,0.68
2026-04-15 20:37:00,刘原节制闸,0.68
2026-04-15 20:42:00,刘原节制闸,0.68
2026-04-15 20:47:00,刘原节制闸,0.68
2026-04-15 20:52:00,刘原节制闸,0.68
2026-04-15 20:57:00,刘原节制闸,0.68
2026-04-15 21:03:00,刘原节制闸,0.68
2026-04-15 21:08:00,刘原节制闸,0.68
2026-04-15 21:13:00,刘原节制闸,0.68
2026-04-15 21:19:00,刘原节制闸,0.68
2026-04-15 21:24:00,刘原节制闸,0.68
2026-04-15 21:29:00,刘原节制闸,0.68
2026-04-15 21:34:00,刘原节制闸,0.68
2026-04-15 21:40:00,刘原节制闸,0.68
2026-04-15 21:45:00,刘原节制闸,0.68
2026-04-15 21:51:00,刘原节制闸,0.68
2026-04-15 21:56:00,刘原节制闸,0.68
2026-04-15 22:01:00,刘原节制闸,0.68
2026-04-15 22:07:00,刘原节制闸,0.68
2026-04-15 22:12:00,刘原节制闸,0.68
2026-04-15 22:17:00,刘原节制闸,0.68
2026-04-15 22:23:00,刘原节制闸,0.68
2026-04-15 22:28:00,刘原节制闸,0.68
2026-04-15 22:33:00,刘原节制闸,0.68
2026-04-15 22:39:00,刘原节制闸,0.68
2026-04-15 22:44:00,刘原节制闸,0.68
2026-04-15 22:49:00,刘原节制闸,0.68
2026-04-15 22:54:00,刘原节制闸,0.68
2026-04-15 23:00:00,刘原节制闸,0.68
2026-04-15 23:04:00,刘原节制闸,0.68
2026-04-15 23:11:00,刘原节制闸,0.68
2026-04-15 23:16:00,刘原节制闸,0.68
2026-04-15 23:21:00,刘原节制闸,0.68
2026-04-15 23:26:00,刘原节制闸,0.68
2026-04-15 23:32:00,刘原节制闸,0.68
2026-04-15 23:37:00,刘原节制闸,0.68
2026-04-15 23:42:00,刘原节制闸,0.68
2026-04-15 23:47:00,刘原节制闸,0.68
2026-04-15 23:52:00,刘原节制闸,0.68
2026-04-15 23:57:00,刘原节制闸,0.68
2026-04-16 00:02:00,刘原节制闸,0.68
2026-04-16 00:08:00,刘原节制闸,0.68
2026-04-16 00:13:00,刘原节制闸,0.68
2026-04-16 00:18:00,刘原节制闸,0.68
2026-04-16 00:24:00,刘原节制闸,0.68
2026-04-16 00:29:00,刘原节制闸,0.68
2026-04-16 00:34:00,刘原节制闸,0.68
2026-04-16 00:39:00,刘原节制闸,0.68
2026-04-16 00:45:00,刘原节制闸,0.68
2026-04-16 00:50:00,刘原节制闸,0.68
2026-04-16 00:55:00,刘原节制闸,0.68
2026-04-16 01:00:00,刘原节制闸,0.68
2026-04-16 01:06:00,刘原节制闸,0.68
2026-04-16 01:11:00,刘原节制闸,0.68
2026-04-16 01:16:00,刘原节制闸,0.68
2026-04-16 01:22:00,刘原节制闸,0.68
2026-04-16 01:27:00,刘原节制闸,0.68
2026-04-16 01:32:00,刘原节制闸,0.68
2026-04-16 01:37:00,刘原节制闸,0.68
2026-04-16 01:43:00,刘原节制闸,0.68
2026-04-16 01:48:00,刘原节制闸,0.68
2026-04-16 01:54:00,刘原节制闸,0.68
2026-04-16 01:59:00,刘原节制闸,0.68
2026-04-16 02:04:00,刘原节制闸,0.68
2026-04-16 02:10:00,刘原节制闸,0.68
2026-04-16 02:15:00,刘原节制闸,0.68
2026-04-16 02:20:00,刘原节制闸,0.68
2026-04-16 02:25:00,刘原节制闸,0.68
2026-04-16 02:31:00,刘原节制闸,0.68
2026-04-16 02:36:00,刘原节制闸,0.68
2026-04-16 02:41:00,刘原节制闸,0.68
2026-04-16 02:47:00,刘原节制闸,0.68
2026-04-16 02:52:00,刘原节制闸,0.68
2026-04-16 02:58:00,刘原节制闸,0.68
2026-04-16 03:03:00,刘原节制闸,0.68
2026-04-16 03:08:00,刘原节制闸,0.68
2026-04-16 03:13:00,刘原节制闸,0.68
2026-04-16 03:19:00,刘原节制闸,0.68
2026-04-16 03:24:00,刘原节制闸,0.68
2026-04-16 03:29:00,刘原节制闸,0.69
2026-04-16 03:35:00,刘原节制闸,0.69
2026-04-16 03:40:00,刘原节制闸,0.69
2026-04-16 03:45:00,刘原节制闸,0.69
2026-04-16 03:50:00,刘原节制闸,0.69
2026-04-16 03:55:00,刘原节制闸,0.69
2026-04-16 04:01:00,刘原节制闸,0.69
2026-04-16 04:06:00,刘原节制闸,0.7
2026-04-16 04:11:00,刘原节制闸,0.7
2026-04-16 04:17:00,刘原节制闸,0.7
2026-04-16 04:22:00,刘原节制闸,0.7
2026-04-16 04:28:00,刘原节制闸,0.7
2026-04-16 04:33:00,刘原节制闸,0.7
2026-04-16 04:38:00,刘原节制闸,0.7
2026-04-16 04:44:00,刘原节制闸,0.7
2026-04-16 04:49:00,刘原节制闸,0.71
2026-04-16 04:55:00,刘原节制闸,0.71
2026-04-16 05:00:00,刘原节制闸,0.71
2026-04-16 05:05:00,刘原节制闸,0.71
2026-04-16 05:10:00,刘原节制闸,0.71
2026-04-16 05:15:00,刘原节制闸,0.71
2026-04-16 05:21:00,刘原节制闸,0.71
2026-04-16 05:26:00,刘原节制闸,0.7
2026-04-16 05:31:00,刘原节制闸,0.7
2026-04-16 05:37:00,刘原节制闸,0.7
2026-04-16 05:42:00,刘原节制闸,0.7
2026-04-16 05:48:00,刘原节制闸,0.7
2026-04-16 05:53:00,刘原节制闸,0.7
2026-04-16 05:58:00,刘原节制闸,0.7
2026-04-16 06:03:00,刘原节制闸,0.7
2026-04-16 06:09:00,刘原节制闸,0.69
2026-04-16 06:14:00,刘原节制闸,0.69
2026-04-16 06:19:00,刘原节制闸,0.7
2026-04-16 06:24:00,刘原节制闸,0.7
2026-04-16 06:30:00,刘原节制闸,0.69
2026-04-16 06:35:00,刘原节制闸,0.69
2026-04-16 06:41:00,刘原节制闸,0.69
2026-04-16 06:46:00,刘原节制闸,0.69
2026-04-16 06:51:00,刘原节制闸,0.69
2026-04-16 06:57:00,刘原节制闸,0.69
2026-04-16 07:02:00,刘原节制闸,0.69
2026-04-16 07:08:00,刘原节制闸,0.69
2026-04-16 07:13:00,刘原节制闸,0.69
2026-04-16 07:19:00,刘原节制闸,0.69
2026-04-16 07:24:00,刘原节制闸,0.69
2026-04-16 07:29:00,刘原节制闸,0.69
2026-04-16 07:35:00,刘原节制闸,0.69
2026-04-16 07:40:00,刘原节制闸,0.69
2026-04-16 07:45:00,刘原节制闸,0.69
2026-04-16 07:50:00,刘原节制闸,0.69
2026-04-16 07:55:00,刘原节制闸,0.69
2026-04-16 08:01:00,刘原节制闸,0.69
2026-04-16 08:06:00,刘原节制闸,0.69
2026-04-16 08:11:00,刘原节制闸,0.69
2026-04-16 08:16:00,刘原节制闸,0.69
2026-04-16 08:21:00,刘原节制闸,0.69
2026-04-16 08:27:00,刘原节制闸,0.69
2026-04-16 08:32:00,刘原节制闸,0.69
2026-04-16 08:37:00,刘原节制闸,0.69
2026-04-16 08:42:00,刘原节制闸,0.69
2026-04-16 08:48:00,刘原节制闸,0.69
2026-04-16 08:53:00,刘原节制闸,0.68
2026-04-16 08:59:00,刘原节制闸,0.68
2026-04-16 09:04:00,刘原节制闸,0.68
2026-04-16 09:09:00,刘原节制闸,0.68
2026-04-16 09:14:00,刘原节制闸,0.68
2026-04-16 09:20:00,刘原节制闸,0.68
2026-04-16 09:25:00,刘原节制闸,0.68
2026-04-16 09:30:00,刘原节制闸,0.68
2026-04-16 09:35:00,刘原节制闸,0.68
2026-04-16 09:41:00,刘原节制闸,0.68
2026-04-16 09:46:00,刘原节制闸,0.68
2026-04-16 09:51:00,刘原节制闸,0.68
2026-04-16 09:57:00,刘原节制闸,0.68
2026-04-16 10:02:00,刘原节制闸,0.68
2026-04-16 10:07:00,刘原节制闸,0.68
2026-04-16 10:12:00,刘原节制闸,0.68
2026-04-16 10:17:00,刘原节制闸,0.68
2026-04-16 10:22:00,刘原节制闸,0.68
2026-04-16 10:28:00,刘原节制闸,0.68
2026-04-16 10:33:00,刘原节制闸,0.68
2026-04-16 10:38:00,刘原节制闸,0.68
2026-04-16 10:44:00,刘原节制闸,0.68
2026-04-16 10:49:00,刘原节制闸,0.68
2026-04-16 10:54:00,刘原节制闸,0.68
2026-04-16 10:59:00,刘原节制闸,0.68
2026-04-16 11:05:00,刘原节制闸,0.68
2026-04-16 11:10:00,刘原节制闸,0.68
2026-04-16 11:15:00,刘原节制闸,0.68
2026-04-16 11:21:00,刘原节制闸,0.68
2026-04-16 11:26:00,刘原节制闸,0.68
2026-04-16 11:31:00,刘原节制闸,0.68
2026-04-16 11:36:00,刘原节制闸,0.68
2026-04-16 11:41:00,刘原节制闸,0.68
2026-04-16 11:46:00,刘原节制闸,0.68
2026-04-16 11:51:00,刘原节制闸,0.68
2026-04-16 11:57:00,刘原节制闸,0.68
2026-04-16 12:02:00,刘原节制闸,0.68
2026-04-16 12:07:00,刘原节制闸,0.68
2026-04-16 12:13:00,刘原节制闸,0.68
2026-04-16 12:18:00,刘原节制闸,0.68
2026-04-16 12:23:00,刘原节制闸,0.68
2026-04-16 12:28:00,刘原节制闸,0.68
2026-04-16 12:34:00,刘原节制闸,0.68
2026-04-16 12:39:00,刘原节制闸,0.68
2026-04-16 12:45:00,刘原节制闸,0.68
2026-04-16 12:50:00,刘原节制闸,0.68
2026-04-16 12:55:00,刘原节制闸,0.68
2026-04-16 13:00:00,刘原节制闸,0.68
2026-04-16 13:05:00,刘原节制闸,0.68
2026-04-16 13:11:00,刘原节制闸,0.68
2026-04-16 13:16:00,刘原节制闸,0.68
2026-04-16 13:21:00,刘原节制闸,0.68
2026-04-16 13:27:00,刘原节制闸,0.68
2026-04-16 13:32:00,刘原节制闸,0.68
2026-04-16 13:37:00,刘原节制闸,0.68
2026-04-16 13:43:00,刘原节制闸,0.68
2026-04-16 13:48:00,刘原节制闸,0.68
2026-04-16 13:54:00,刘原节制闸,0.68
2026-04-16 13:59:00,刘原节制闸,0.68
2026-04-16 14:04:00,刘原节制闸,0.68
2026-04-16 14:10:00,刘原节制闸,0.68
2026-04-16 14:15:00,刘原节制闸,0.68
2026-04-16 14:21:00,刘原节制闸,0.68
2026-04-16 14:26:00,刘原节制闸,0.68
2026-04-16 14:31:00,刘原节制闸,0.68
2026-04-16 14:36:00,刘原节制闸,0.68
2026-04-16 14:41:00,刘原节制闸,0.68
2026-04-16 14:47:00,刘原节制闸,0.68
2026-04-16 14:52:00,刘原节制闸,0.68
2026-04-16 14:57:00,刘原节制闸,0.68
2026-04-16 15:02:00,刘原节制闸,0.68
2026-04-16 15:07:00,刘原节制闸,0.68
2026-04-16 15:12:00,刘原节制闸,0.68
2026-04-16 15:18:00,刘原节制闸,0.68
2026-04-16 15:23:00,刘原节制闸,0.68
2026-04-16 15:28:00,刘原节制闸,0.68
2026-04-16 15:34:00,刘原节制闸,0.68
2026-04-16 15:39:00,刘原节制闸,0.68
2026-04-16 15:44:00,刘原节制闸,0.68
2026-04-16 15:50:00,刘原节制闸,0.68
2026-04-16 15:55:00,刘原节制闸,0.68
2026-04-16 16:01:00,刘原节制闸,0.68
2026-04-16 16:06:00,刘原节制闸,0.68
2026-04-16 16:12:00,刘原节制闸,0.68
2026-04-16 16:17:00,刘原节制闸,0.68
2026-04-16 16:22:00,刘原节制闸,0.68
2026-04-16 20:51:00,刘原节制闸,0.68
2026-04-16 21:54:00,刘原节制闸,0.68
2026-04-16 21:59:00,刘原节制闸,0.68
2026-04-16 22:05:00,刘原节制闸,0.68
2026-04-16 22:10:00,刘原节制闸,0.68
2026-04-16 22:16:00,刘原节制闸,0.68
2026-04-16 22:21:00,刘原节制闸,0.68
2026-04-16 22:26:00,刘原节制闸,0.68
2026-04-16 22:32:00,刘原节制闸,0.68
2026-04-16 22:37:00,刘原节制闸,0.68
2026-04-16 22:42:00,刘原节制闸,0.68
2026-04-16 22:47:00,刘原节制闸,0.68
2026-04-16 22:53:00,刘原节制闸,0.68
2026-04-16 22:58:00,刘原节制闸,0.68
2026-04-16 23:02:00,刘原节制闸,0.68
2026-04-16 23:09:00,刘原节制闸,0.68
2026-04-16 23:14:00,刘原节制闸,0.68
2026-04-16 23:19:00,刘原节制闸,0.68
2026-04-16 23:25:00,刘原节制闸,0.68
2026-04-16 23:30:00,刘原节制闸,0.68
2026-04-16 23:35:00,刘原节制闸,0.68
2026-04-16 23:40:00,刘原节制闸,0.68
2026-04-16 23:46:00,刘原节制闸,0.68
2026-04-16 23:51:00,刘原节制闸,0.68
2026-04-16 23:56:00,刘原节制闸,0.68
2026-04-17 00:01:00,刘原节制闸,0.68
2026-04-17 00:06:00,刘原节制闸,0.68
2026-04-17 00:12:00,刘原节制闸,0.68
2026-04-17 00:17:00,刘原节制闸,0.68
2026-04-17 00:22:00,刘原节制闸,0.68
2026-04-17 00:28:00,刘原节制闸,0.68
2026-04-17 00:33:00,刘原节制闸,0.68
2026-04-17 00:38:00,刘原节制闸,0.71
2026-04-17 00:44:00,刘原节制闸,0.79
2026-04-17 00:49:00,刘原节制闸,0.86
2026-04-17 00:55:00,刘原节制闸,0.92
2026-04-17 01:00:00,刘原节制闸,0.97
2026-04-17 01:05:00,刘原节制闸,0.78
2026-04-17 01:11:00,刘原节制闸,0.81
2026-04-17 01:16:00,刘原节制闸,0.82
2026-04-17 01:21:00,刘原节制闸,0.83
2026-04-17 01:27:00,刘原节制闸,0.84
2026-04-17 01:32:00,刘原节制闸,0.85
2026-04-17 01:37:00,刘原节制闸,0.85
2026-04-17 01:43:00,刘原节制闸,0.85
2026-04-17 01:48:00,刘原节制闸,0.85
2026-04-17 01:53:00,刘原节制闸,0.85
2026-04-17 01:59:00,刘原节制闸,0.85
2026-04-17 02:04:00,刘原节制闸,0.85
2026-04-17 02:10:00,刘原节制闸,0.85
2026-04-17 02:15:00,刘原节制闸,0.86
2026-04-17 02:20:00,刘原节制闸,0.86
2026-04-17 02:25:00,刘原节制闸,0.87
2026-04-17 02:30:00,刘原节制闸,0.83
2026-04-17 02:36:00,刘原节制闸,0.84
2026-04-17 02:41:00,刘原节制闸,0.84
2026-04-17 02:46:00,刘原节制闸,0.84
2026-04-17 02:51:00,刘原节制闸,0.84
2026-04-17 02:56:00,刘原节制闸,0.85
2026-04-17 03:02:00,刘原节制闸,0.85
2026-04-17 03:07:00,刘原节制闸,0.86
2026-04-17 03:12:00,刘原节制闸,0.86
2026-04-17 03:18:00,刘原节制闸,0.87
2026-04-17 03:23:00,刘原节制闸,0.87
2026-04-17 03:28:00,刘原节制闸,0.88
2026-04-17 03:34:00,刘原节制闸,0.89
2026-04-17 03:39:00,刘原节制闸,0.9
2026-04-17 03:45:00,刘原节制闸,0.91
2026-04-17 03:50:00,刘原节制闸,0.92
2026-04-17 03:55:00,刘原节制闸,0.93
2026-04-17 04:01:00,刘原节制闸,0.96
2026-04-17 04:06:00,刘原节制闸,0.98
2026-04-17 04:11:00,刘原节制闸,0.99
2026-04-17 04:17:00,刘原节制闸,1.0
2026-04-17 04:22:00,刘原节制闸,1.02
2026-04-17 04:28:00,刘原节制闸,1.04
2026-04-17 04:33:00,刘原节制闸,1.05
2026-04-17 04:38:00,刘原节制闸,1.07
2026-04-17 04:44:00,刘原节制闸,1.08
2026-04-17 04:49:00,刘原节制闸,1.1
2026-04-17 04:54:00,刘原节制闸,1.09
2026-04-17 05:00:00,刘原节制闸,1.14
2026-04-17 05:05:00,刘原节制闸,1.18
2026-04-17 05:10:00,刘原节制闸,1.19
2026-04-17 05:16:00,刘原节制闸,1.22
2026-04-17 05:21:00,刘原节制闸,1.22
2026-04-17 05:26:00,刘原节制闸,1.19
2026-04-17 05:32:00,刘原节制闸,1.2
2026-04-17 05:37:00,刘原节制闸,1.21
2026-04-17 05:43:00,刘原节制闸,1.2
2026-04-17 05:48:00,刘原节制闸,1.2
2026-04-17 05:53:00,刘原节制闸,1.2
2026-04-17 05:59:00,刘原节制闸,1.21
2026-04-17 06:04:00,刘原节制闸,1.21
2026-04-17 06:09:00,刘原节制闸,1.21
2026-04-17 06:15:00,刘原节制闸,1.21
2026-04-17 06:20:00,刘原节制闸,1.21
2026-04-17 06:26:00,刘原节制闸,1.21
2026-04-17 06:31:00,刘原节制闸,1.18
2026-04-17 06:36:00,刘原节制闸,1.17
2026-04-17 06:41:00,刘原节制闸,1.17
2026-04-17 06:47:00,刘原节制闸,1.16
2026-04-17 06:52:00,刘原节制闸,1.15
2026-04-17 06:58:00,刘原节制闸,1.14
2026-04-17 07:03:00,刘原节制闸,1.13
2026-04-17 07:08:00,刘原节制闸,1.12
2026-04-17 07:14:00,刘原节制闸,1.11
2026-04-17 07:19:00,刘原节制闸,1.11
2026-04-17 07:24:00,刘原节制闸,1.1
2026-04-17 07:29:00,刘原节制闸,1.1
2026-04-17 07:35:00,刘原节制闸,1.1
2026-04-17 07:40:00,刘原节制闸,1.1
2026-04-17 07:46:00,刘原节制闸,1.1
2026-04-17 07:51:00,刘原节制闸,1.1
2026-04-17 07:57:00,刘原节制闸,1.1
2026-04-17 08:02:00,刘原节制闸,1.1
2026-04-17 08:07:00,刘原节制闸,1.1
2026-04-17 08:13:00,刘原节制闸,1.1
2026-04-17 08:18:00,刘原节制闸,1.1
2026-04-17 08:23:00,刘原节制闸,1.1
2026-04-17 08:29:00,刘原节制闸,1.1
2026-04-17 08:34:00,刘原节制闸,1.11
2026-04-17 08:39:00,刘原节制闸,1.11
2026-04-17 08:44:00,刘原节制闸,1.11
2026-04-17 08:49:00,刘原节制闸,1.11
2026-04-17 08:55:00,刘原节制闸,1.11
2026-04-17 09:00:00,刘原节制闸,1.11
2026-04-17 09:05:00,刘原节制闸,1.12
2026-04-17 09:11:00,刘原节制闸,1.12
2026-04-17 09:16:00,刘原节制闸,1.12
2026-04-17 09:21:00,刘原节制闸,1.12
2026-04-17 09:26:00,刘原节制闸,1.12
2026-04-17 09:32:00,刘原节制闸,1.13
2026-04-17 09:37:00,刘原节制闸,1.13
2026-04-17 09:42:00,刘原节制闸,1.13
2026-04-17 09:48:00,刘原节制闸,1.13
2026-04-17 09:53:00,刘原节制闸,1.14
2026-04-17 09:58:00,刘原节制闸,1.14
2026-04-17 10:04:00,刘原节制闸,1.14
2026-04-17 10:09:00,刘原节制闸,1.14
2026-04-17 10:14:00,刘原节制闸,1.14
2026-04-17 10:19:00,刘原节制闸,1.15
2026-04-17 10:25:00,刘原节制闸,1.15
2026-04-17 10:30:00,刘原节制闸,1.15
2026-04-17 10:36:00,刘原节制闸,1.15
2026-04-17 10:41:00,刘原节制闸,1.15
2026-04-17 10:46:00,刘原节制闸,1.15
2026-04-17 10:51:00,刘原节制闸,1.16
2026-04-17 10:57:00,刘原节制闸,1.16
2026-04-17 11:02:00,刘原节制闸,1.16
2026-04-17 11:08:00,刘原节制闸,1.16
2026-04-17 11:13:00,刘原节制闸,1.16
2026-04-17 11:18:00,刘原节制闸,1.16
2026-04-17 11:23:00,刘原节制闸,1.16
2026-04-17 11:29:00,刘原节制闸,1.16
2026-04-17 11:34:00,刘原节制闸,1.16
2026-04-17 11:40:00,刘原节制闸,1.16
2026-04-17 11:45:00,刘原节制闸,1.16
2026-04-17 11:51:00,刘原节制闸,1.16
2026-04-17 11:56:00,刘原节制闸,1.16
2026-04-17 12:01:00,刘原节制闸,1.16
2026-04-17 12:06:00,刘原节制闸,1.16
2026-04-17 12:12:00,刘原节制闸,1.16
2026-04-17 12:17:00,刘原节制闸,1.16
2026-04-17 12:22:00,刘原节制闸,1.15
2026-04-17 12:28:00,刘原节制闸,1.15
2026-04-17 12:33:00,刘原节制闸,1.15
2026-04-17 12:38:00,刘原节制闸,1.15
2026-04-17 12:43:00,刘原节制闸,1.15
2026-04-17 12:49:00,刘原节制闸,1.15
2026-04-17 12:54:00,刘原节制闸,1.15
2026-04-17 12:59:00,刘原节制闸,1.15
2026-04-17 13:04:00,刘原节制闸,1.15
2026-04-17 13:10:00,刘原节制闸,1.15
2026-04-17 13:15:00,刘原节制闸,1.15
2026-04-17 13:20:00,刘原节制闸,1.15
2026-04-17 13:26:00,刘原节制闸,1.15
2026-04-17 13:31:00,刘原节制闸,1.15
2026-04-17 13:37:00,刘原节制闸,1.15
2026-04-17 13:42:00,刘原节制闸,1.15
2026-04-17 13:47:00,刘原节制闸,1.15
2026-04-17 13:53:00,刘原节制闸,1.15
2026-04-17 13:58:00,刘原节制闸,1.15
2026-04-17 14:03:00,刘原节制闸,1.15
2026-04-17 14:09:00,刘原节制闸,1.15
2026-04-17 14:14:00,刘原节制闸,1.15
2026-04-17 14:19:00,刘原节制闸,1.15
2026-04-17 14:25:00,刘原节制闸,1.15
2026-04-17 14:30:00,刘原节制闸,1.16
2026-04-17 14:35:00,刘原节制闸,1.16
2026-04-17 14:41:00,刘原节制闸,1.16
2026-04-17 14:46:00,刘原节制闸,1.16
2026-04-17 14:51:00,刘原节制闸,1.16
2026-04-17 14:57:00,刘原节制闸,1.16
2026-04-17 15:02:00,刘原节制闸,1.16
2026-04-17 15:08:00,刘原节制闸,1.16
2026-04-17 15:13:00,刘原节制闸,1.19
2026-04-17 15:18:00,刘原节制闸,1.17
2026-04-17 15:24:00,刘原节制闸,1.17
2026-04-17 15:29:00,刘原节制闸,1.18
2026-04-17 15:34:00,刘原节制闸,1.17
2026-04-17 15:40:00,刘原节制闸,1.17
2026-04-17 15:45:00,刘原节制闸,1.17
2026-04-17 15:51:00,刘原节制闸,1.17
2026-04-17 15:56:00,刘原节制闸,1.17
2026-04-17 16:01:00,刘原节制闸,1.17
2026-04-17 16:06:00,刘原节制闸,1.17
2026-04-17 16:12:00,刘原节制闸,1.17
2026-04-17 16:17:00,刘原节制闸,1.17
2026-04-17 16:23:00,刘原节制闸,1.19
2026-04-17 16:28:00,刘原节制闸,1.19
2026-04-17 16:33:00,刘原节制闸,1.19
2026-04-17 16:39:00,刘原节制闸,1.2
2026-04-17 16:44:00,刘原节制闸,1.2
2026-04-17 16:49:00,刘原节制闸,1.21
2026-04-17 16:55:00,刘原节制闸,1.21
2026-04-17 17:00:00,刘原节制闸,1.21
2026-04-17 17:06:00,刘原节制闸,1.22
2026-04-17 17:11:00,刘原节制闸,1.22
2026-04-17 17:16:00,刘原节制闸,1.22
2026-04-17 17:22:00,刘原节制闸,1.23
2026-04-17 17:27:00,刘原节制闸,1.23
2026-04-17 17:32:00,刘原节制闸,1.23
2026-04-17 17:38:00,刘原节制闸,1.24
2026-04-17 17:43:00,刘原节制闸,1.24
2026-04-17 17:49:00,刘原节制闸,1.24
2026-04-17 17:54:00,刘原节制闸,1.24
2026-04-17 17:59:00,刘原节制闸,1.24
2026-04-17 18:04:00,刘原节制闸,1.25
2026-04-17 18:10:00,刘原节制闸,1.25
2026-04-17 18:15:00,刘原节制闸,1.25
2026-04-17 18:21:00,刘原节制闸,1.26
2026-04-17 18:26:00,刘原节制闸,1.26
2026-04-17 18:31:00,刘原节制闸,1.26
2026-04-17 18:36:00,刘原节制闸,1.26
2026-04-17 18:42:00,刘原节制闸,1.26
2026-04-17 18:47:00,刘原节制闸,1.26
2026-04-17 18:52:00,刘原节制闸,1.26
2026-04-17 18:57:00,刘原节制闸,1.27
2026-04-17 19:02:00,刘原节制闸,1.27
2026-04-17 19:08:00,刘原节制闸,1.27
2026-04-17 19:13:00,刘原节制闸,1.27
2026-04-17 19:18:00,刘原节制闸,1.27
2026-04-17 19:24:00,刘原节制闸,1.27
2026-04-17 19:29:00,刘原节制闸,1.27
2026-04-17 19:34:00,刘原节制闸,1.27
2026-04-17 19:39:00,刘原节制闸,1.27
2026-04-17 19:45:00,刘原节制闸,1.27
2026-04-17 19:50:00,刘原节制闸,1.27
2026-04-17 19:55:00,刘原节制闸,1.27
2026-04-17 20:00:00,刘原节制闸,1.27
2026-04-17 20:05:00,刘原节制闸,1.27
2026-04-17 20:11:00,刘原节制闸,1.27
2026-04-17 20:16:00,刘原节制闸,1.27
2026-04-17 20:21:00,刘原节制闸,1.27
2026-04-17 20:26:00,刘原节制闸,1.27
2026-04-17 20:31:00,刘原节制闸,1.27
2026-04-17 20:37:00,刘原节制闸,1.27
2026-04-17 20:42:00,刘原节制闸,1.27
2026-04-17 20:47:00,刘原节制闸,1.26
2026-04-17 20:53:00,刘原节制闸,1.26
2026-04-17 20:58:00,刘原节制闸,1.26
2026-04-17 21:03:00,刘原节制闸,1.26
2026-04-17 21:08:00,刘原节制闸,1.26
2026-04-17 21:13:00,刘原节制闸,1.26
2026-04-17 21:18:00,刘原节制闸,1.26
2026-04-17 21:23:00,刘原节制闸,1.26
2026-04-17 21:28:00,刘原节制闸,1.26
2026-04-17 21:34:00,刘原节制闸,1.26
2026-04-17 21:39:00,刘原节制闸,1.26
2026-04-17 21:45:00,刘原节制闸,1.25
2026-04-17 21:50:00,刘原节制闸,1.25
2026-04-17 21:56:00,刘原节制闸,1.25
2026-04-17 22:01:00,刘原节制闸,1.25
2026-04-17 22:06:00,刘原节制闸,1.25
2026-04-17 22:11:00,刘原节制闸,1.25
2026-04-17 22:16:00,刘原节制闸,1.25
2026-04-17 22:22:00,刘原节制闸,1.25
2026-04-17 22:27:00,刘原节制闸,1.25
2026-04-17 22:32:00,刘原节制闸,1.25
2026-04-17 22:37:00,刘原节制闸,1.25
2026-04-17 22:43:00,刘原节制闸,1.25
2026-04-17 22:48:00,刘原节制闸,1.26
2026-04-17 22:53:00,刘原节制闸,1.26
2026-04-17 22:58:00,刘原节制闸,1.26
2026-04-17 23:02:00,刘原节制闸,1.26
2026-04-17 23:09:00,刘原节制闸,1.26
2026-04-17 23:14:00,刘原节制闸,1.26
2026-04-17 23:19:00,刘原节制闸,1.26
2026-04-17 23:24:00,刘原节制闸,1.26
2026-04-17 23:30:00,刘原节制闸,1.26
2026-04-17 23:35:00,刘原节制闸,1.26
2026-04-17 23:40:00,刘原节制闸,1.26
2026-04-17 23:45:00,刘原节制闸,1.26
2026-04-17 23:50:00,刘原节制闸,1.27
2026-04-17 23:56:00,刘原节制闸,1.27
2026-04-18 00:01:00,刘原节制闸,1.27
2026-04-18 00:06:00,刘原节制闸,1.27
2026-04-18 00:11:00,刘原节制闸,1.27
2026-04-18 00:16:00,刘原节制闸,1.27
2026-04-18 00:22:00,刘原节制闸,1.27
2026-04-18 00:27:00,刘原节制闸,1.27
2026-04-18 00:32:00,刘原节制闸,1.28
2026-04-18 00:37:00,刘原节制闸,1.28
2026-04-18 00:42:00,刘原节制闸,1.28
2026-04-18 00:48:00,刘原节制闸,1.28
2026-04-18 00:53:00,刘原节制闸,1.28
2026-04-18 00:59:00,刘原节制闸,1.29
2026-04-18 01:01:00,刘原节制闸,1.29
2026-04-18 01:09:00,刘原节制闸,1.29
2026-04-18 01:15:00,刘原节制闸,1.29
2026-04-18 01:20:00,刘原节制闸,1.29
2026-04-18 01:25:00,刘原节制闸,1.3
2026-04-18 01:31:00,刘原节制闸,1.3
2026-04-18 01:36:00,刘原节制闸,1.3
2026-04-18 01:41:00,刘原节制闸,1.3
2026-04-18 01:47:00,刘原节制闸,1.31
2026-04-18 01:52:00,刘原节制闸,1.31
2026-04-18 01:57:00,刘原节制闸,1.31
2026-04-18 02:03:00,刘原节制闸,1.31
2026-04-18 02:08:00,刘原节制闸,1.32
2026-04-18 02:14:00,刘原节制闸,1.32
2026-04-18 02:19:00,刘原节制闸,1.32
2026-04-18 02:25:00,刘原节制闸,1.32
2026-04-18 02:30:00,刘原节制闸,1.32
2026-04-18 02:35:00,刘原节制闸,1.33
2026-04-18 02:40:00,刘原节制闸,1.33
2026-04-18 02:46:00,刘原节制闸,1.33
2026-04-18 02:51:00,刘原节制闸,1.33
2026-04-18 02:56:00,刘原节制闸,1.33
2026-04-18 03:01:00,刘原节制闸,1.34
2026-04-18 03:07:00,刘原节制闸,1.34
2026-04-18 03:12:00,刘原节制闸,1.34
2026-04-18 03:17:00,刘原节制闸,1.34
2026-04-18 03:22:00,刘原节制闸,1.34
2026-04-18 03:27:00,刘原节制闸,1.34
2026-04-18 03:33:00,刘原节制闸,1.35
2026-04-18 03:38:00,刘原节制闸,1.35
2026-04-18 03:43:00,刘原节制闸,1.35
2026-04-18 03:48:00,刘原节制闸,1.35
2026-04-18 03:54:00,刘原节制闸,1.35
2026-04-18 03:59:00,刘原节制闸,1.36
2026-04-18 04:05:00,刘原节制闸,1.36
2026-04-18 04:10:00,刘原节制闸,1.36
2026-04-18 04:15:00,刘原节制闸,1.36
2026-04-18 04:21:00,刘原节制闸,1.36
2026-04-18 04:26:00,刘原节制闸,1.37
2026-04-18 04:32:00,刘原节制闸,1.36
2026-04-18 04:37:00,刘原节制闸,1.36
2026-04-18 04:43:00,刘原节制闸,1.36
2026-04-18 04:48:00,刘原节制闸,1.36
2026-04-18 04:53:00,刘原节制闸,1.36
2026-04-18 04:59:00,刘原节制闸,1.36
2026-04-18 05:04:00,刘原节制闸,1.36
2026-04-18 05:09:00,刘原节制闸,1.36
2026-04-18 05:14:00,刘原节制闸,1.36
2026-04-18 05:20:00,刘原节制闸,1.37
2026-04-18 05:25:00,刘原节制闸,1.37
2026-04-18 05:30:00,刘原节制闸,1.37
2026-04-18 05:36:00,刘原节制闸,1.37
2026-04-18 05:41:00,刘原节制闸,1.37
2026-04-18 05:47:00,刘原节制闸,1.37
2026-04-18 05:52:00,刘原节制闸,1.37
2026-04-18 05:57:00,刘原节制闸,1.37
2026-04-18 06:02:00,刘原节制闸,1.37
2026-04-18 06:08:00,刘原节制闸,1.36
2026-04-18 06:13:00,刘原节制闸,1.36
2026-04-18 06:18:00,刘原节制闸,1.36
2026-04-18 06:23:00,刘原节制闸,1.36
2026-04-18 06:28:00,刘原节制闸,1.36
2026-04-18 06:34:00,刘原节制闸,1.36
2026-04-18 06:39:00,刘原节制闸,1.36
2026-04-18 06:45:00,刘原节制闸,1.36
2026-04-18 06:50:00,刘原节制闸,1.36
2026-04-18 06:55:00,刘原节制闸,1.36
2026-04-18 07:00:00,刘原节制闸,1.36
2026-04-18 07:05:00,刘原节制闸,1.36
2026-04-18 07:10:00,刘原节制闸,1.36
2026-04-18 07:16:00,刘原节制闸,1.36
2026-04-18 07:21:00,刘原节制闸,1.36
2026-04-18 07:26:00,刘原节制闸,1.36
2026-04-18 07:31:00,刘原节制闸,1.36
2026-04-18 07:37:00,刘原节制闸,1.36
2026-04-18 07:42:00,刘原节制闸,1.36
2026-04-18 07:48:00,刘原节制闸,1.36
2026-04-18 07:53:00,刘原节制闸,1.36
2026-04-18 07:58:00,刘原节制闸,1.36
2026-04-18 08:04:00,刘原节制闸,1.36
2026-04-18 08:09:00,刘原节制闸,1.36
2026-04-18 08:14:00,刘原节制闸,1.36
2026-04-18 08:20:00,刘原节制闸,1.36
2026-04-18 08:25:00,刘原节制闸,1.36
2026-04-18 08:31:00,刘原节制闸,1.36
2026-04-18 08:36:00,刘原节制闸,1.36
2026-04-18 08:41:00,刘原节制闸,1.36
2026-04-18 08:46:00,刘原节制闸,1.35
2026-04-18 08:52:00,刘原节制闸,1.35
2026-04-18 08:57:00,刘原节制闸,1.35
2026-04-18 09:03:00,刘原节制闸,1.35
2026-04-18 09:08:00,刘原节制闸,1.35
2026-04-18 09:13:00,刘原节制闸,1.35
2026-04-18 09:19:00,刘原节制闸,1.34
2026-04-18 09:24:00,刘原节制闸,1.34
2026-04-18 09:29:00,刘原节制闸,1.34
2026-04-18 09:34:00,刘原节制闸,1.32
2026-04-18 09:40:00,刘原节制闸,1.32
2026-04-18 09:45:00,刘原节制闸,1.31
2026-04-18 09:51:00,刘原节制闸,1.31
2026-04-18 09:56:00,刘原节制闸,1.3
2026-04-18 10:01:00,刘原节制闸,1.31
2026-04-18 10:06:00,刘原节制闸,1.31
2026-04-18 10:12:00,刘原节制闸,1.31
2026-04-18 10:17:00,刘原节制闸,1.31
2026-04-18 10:22:00,刘原节制闸,1.32
2026-04-18 10:27:00,刘原节制闸,1.32
2026-04-18 10:32:00,刘原节制闸,1.32
2026-04-18 10:37:00,刘原节制闸,1.32
2026-04-18 10:43:00,刘原节制闸,1.31
2026-04-18 10:48:00,刘原节制闸,1.31
2026-04-18 10:54:00,刘原节制闸,1.31
2026-04-18 10:59:00,刘原节制闸,1.3
2026-04-18 11:04:00,刘原节制闸,1.3
2026-04-18 11:10:00,刘原节制闸,1.3
2026-04-18 11:15:00,刘原节制闸,1.29
2026-04-18 11:20:00,刘原节制闸,1.29
2026-04-18 11:26:00,刘原节制闸,1.29
2026-04-18 11:31:00,刘原节制闸,1.29
2026-04-18 11:36:00,刘原节制闸,1.28
2026-04-18 11:42:00,刘原节制闸,1.28
2026-04-18 11:47:00,刘原节制闸,1.28
2026-04-18 11:53:00,刘原节制闸,1.28
2026-04-18 11:58:00,刘原节制闸,1.27
2026-04-18 12:03:00,刘原节制闸,1.27
2026-04-18 12:09:00,刘原节制闸,1.27
2026-04-18 12:14:00,刘原节制闸,1.27
2026-04-18 12:19:00,刘原节制闸,1.27
2026-04-18 12:25:00,刘原节制闸,1.27
2026-04-18 12:30:00,刘原节制闸,1.26
2026-04-18 12:35:00,刘原节制闸,1.26
2026-04-18 12:41:00,刘原节制闸,1.26
2026-04-18 12:46:00,刘原节制闸,1.26
2026-04-18 12:51:00,刘原节制闸,1.25
2026-04-18 12:57:00,刘原节制闸,1.25
2026-04-18 13:02:00,刘原节制闸,1.25
2026-04-18 13:08:00,刘原节制闸,1.25
2026-04-18 13:13:00,刘原节制闸,1.25
2026-04-18 13:18:00,刘原节制闸,1.24
2026-04-18 13:24:00,刘原节制闸,1.24
2026-04-18 13:29:00,刘原节制闸,1.24
2026-04-18 13:35:00,刘原节制闸,1.24
2026-04-18 13:40:00,刘原节制闸,1.23
2026-04-18 13:45:00,刘原节制闸,1.23
2026-04-18 13:50:00,刘原节制闸,1.23
2026-04-18 13:56:00,刘原节制闸,1.23
2026-04-18 14:01:00,刘原节制闸,1.22
2026-04-18 14:07:00,刘原节制闸,1.22
2026-04-18 14:12:00,刘原节制闸,1.22
2026-04-18 14:17:00,刘原节制闸,1.21
2026-04-18 14:23:00,刘原节制闸,1.21
2026-04-18 14:28:00,刘原节制闸,1.21
2026-04-18 14:34:00,刘原节制闸,1.21
2026-04-18 14:39:00,刘原节制闸,1.2
2026-04-18 14:44:00,刘原节制闸,1.2
2026-04-18 14:49:00,刘原节制闸,1.2
2026-04-18 14:55:00,刘原节制闸,1.19
2026-04-18 15:00:00,刘原节制闸,1.19
2026-04-18 15:05:00,刘原节制闸,1.19
2026-04-18 15:11:00,刘原节制闸,1.19
2026-04-18 15:16:00,刘原节制闸,1.18
2026-04-18 15:22:00,刘原节制闸,1.18
2026-04-18 15:27:00,刘原节制闸,1.18
2026-04-18 15:32:00,刘原节制闸,1.17
2026-04-18 15:37:00,刘原节制闸,1.17
2026-04-18 15:43:00,刘原节制闸,1.17
2026-04-18 15:48:00,刘原节制闸,1.16
2026-04-18 15:53:00,刘原节制闸,1.16
2026-04-18 15:59:00,刘原节制闸,1.16
2026-04-18 16:04:00,刘原节制闸,1.15
2026-04-18 16:09:00,刘原节制闸,1.15
2026-04-18 16:14:00,刘原节制闸,1.15
2026-04-18 16:20:00,刘原节制闸,1.14
2026-04-18 16:25:00,刘原节制闸,1.14
2026-04-18 16:30:00,刘原节制闸,1.14
2026-04-18 16:36:00,刘原节制闸,1.14
2026-04-18 16:41:00,刘原节制闸,1.13
2026-04-18 16:46:00,刘原节制闸,1.13
2026-04-18 16:51:00,刘原节制闸,1.13
2026-04-18 16:56:00,刘原节制闸,1.13
2026-04-18 17:01:00,刘原节制闸,1.12
2026-04-18 17:07:00,刘原节制闸,1.12
2026-04-18 17:12:00,刘原节制闸,1.12
2026-04-18 17:17:00,刘原节制闸,1.12
2026-04-18 17:23:00,刘原节制闸,1.11
2026-04-18 17:28:00,刘原节制闸,1.11
2026-04-18 17:33:00,刘原节制闸,1.11
2026-04-18 17:39:00,刘原节制闸,1.11
2026-04-18 17:44:00,刘原节制闸,1.11
2026-04-18 17:49:00,刘原节制闸,1.1
2026-04-18 17:54:00,刘原节制闸,1.1
2026-04-18 18:00:00,刘原节制闸,1.1
2026-04-18 18:05:00,刘原节制闸,1.1
2026-04-18 18:11:00,刘原节制闸,1.1
2026-04-18 18:16:00,刘原节制闸,1.1
2026-04-18 18:22:00,刘原节制闸,1.1
2026-04-18 18:27:00,刘原节制闸,1.1
2026-04-18 18:32:00,刘原节制闸,1.1
2026-04-18 18:37:00,刘原节制闸,1.09
2026-04-18 18:43:00,刘原节制闸,1.09
2026-04-18 18:48:00,刘原节制闸,1.09
2026-04-18 18:54:00,刘原节制闸,1.09
2026-04-18 18:59:00,刘原节制闸,1.09
2026-04-18 19:04:00,刘原节制闸,1.09
2026-04-18 19:10:00,刘原节制闸,1.09
2026-04-18 19:15:00,刘原节制闸,1.09
2026-04-18 19:20:00,刘原节制闸,1.09
2026-04-18 19:26:00,刘原节制闸,1.09
2026-04-18 19:31:00,刘原节制闸,1.09
2026-04-18 19:36:00,刘原节制闸,1.09
2026-04-18 19:41:00,刘原节制闸,1.09
2026-04-18 19:46:00,刘原节制闸,1.09
2026-04-18 19:52:00,刘原节制闸,1.09
2026-04-18 19:57:00,刘原节制闸,1.09
2026-04-18 20:02:00,刘原节制闸,1.09
2026-04-18 20:08:00,刘原节制闸,1.09
2026-04-18 20:13:00,刘原节制闸,1.09
2026-04-18 20:19:00,刘原节制闸,1.09
2026-04-18 20:24:00,刘原节制闸,1.09
2026-04-18 20:30:00,刘原节制闸,1.09
2026-04-18 20:35:00,刘原节制闸,1.09
2026-04-18 20:40:00,刘原节制闸,1.09
2026-04-18 20:45:00,刘原节制闸,1.09
2026-04-18 20:50:00,刘原节制闸,1.09
2026-04-18 20:55:00,刘原节制闸,1.09
2026-04-18 21:01:00,刘原节制闸,1.09
2026-04-18 21:06:00,刘原节制闸,1.1
2026-04-18 21:12:00,刘原节制闸,1.1
2026-04-18 21:17:00,刘原节制闸,1.1
2026-04-18 21:22:00,刘原节制闸,1.1
2026-04-18 21:27:00,刘原节制闸,1.1
2026-04-18 21:33:00,刘原节制闸,1.1
2026-04-18 21:38:00,刘原节制闸,1.1
2026-04-18 21:43:00,刘原节制闸,1.1
2026-04-18 21:49:00,刘原节制闸,1.1
2026-04-18 21:54:00,刘原节制闸,1.1
2026-04-18 21:59:00,刘原节制闸,1.1
2026-04-18 22:04:00,刘原节制闸,1.1
2026-04-18 22:10:00,刘原节制闸,1.1
2026-04-18 22:15:00,刘原节制闸,1.1
2026-04-18 22:20:00,刘原节制闸,1.11
2026-04-18 22:25:00,刘原节制闸,1.11
2026-04-18 22:30:00,刘原节制闸,1.11
2026-04-18 22:36:00,刘原节制闸,1.11
2026-04-18 22:41:00,刘原节制闸,1.11
2026-04-18 22:46:00,刘原节制闸,1.12
2026-04-18 22:52:00,刘原节制闸,1.12
2026-04-18 22:57:00,刘原节制闸,1.12
2026-04-18 23:03:00,刘原节制闸,1.12
2026-04-18 23:08:00,刘原节制闸,1.13
2026-04-18 23:14:00,刘原节制闸,1.13
2026-04-18 23:19:00,刘原节制闸,1.13
2026-04-18 23:24:00,刘原节制闸,1.13
2026-04-18 23:30:00,刘原节制闸,1.14
2026-04-18 23:35:00,刘原节制闸,1.14
2026-04-18 23:40:00,刘原节制闸,1.14
2026-04-18 23:46:00,刘原节制闸,1.15
2026-04-18 23:51:00,刘原节制闸,1.15
2026-04-18 23:56:00,刘原节制闸,1.15
2026-04-19 00:01:00,刘原节制闸,1.15
2026-04-19 00:07:00,刘原节制闸,1.16
2026-04-19 00:12:00,刘原节制闸,1.16
2026-04-19 00:18:00,刘原节制闸,1.17
2026-04-19 00:23:00,刘原节制闸,1.17
2026-04-19 00:28:00,刘原节制闸,1.17
2026-04-19 00:33:00,刘原节制闸,1.17
2026-04-19 00:39:00,刘原节制闸,1.18
2026-04-19 00:44:00,刘原节制闸,1.18
2026-04-19 00:50:00,刘原节制闸,1.18
2026-04-19 00:55:00,刘原节制闸,1.19
2026-04-19 01:00:00,刘原节制闸,1.19
2026-04-19 01:05:00,刘原节制闸,1.19
2026-04-19 01:11:00,刘原节制闸,1.2
2026-04-19 01:16:00,刘原节制闸,1.2
2026-04-19 01:22:00,刘原节制闸,1.2
2026-04-19 01:27:00,刘原节制闸,1.2
2026-04-19 01:32:00,刘原节制闸,1.21
2026-04-19 01:37:00,刘原节制闸,1.21
2026-04-19 01:42:00,刘原节制闸,1.21
2026-04-19 01:48:00,刘原节制闸,1.22
2026-04-19 01:53:00,刘原节制闸,1.22
2026-04-19 01:58:00,刘原节制闸,1.22
2026-04-19 02:04:00,刘原节制闸,1.23
2026-04-19 02:09:00,刘原节制闸,1.23
2026-04-19 02:14:00,刘原节制闸,1.23
2026-04-19 02:19:00,刘原节制闸,1.24
2026-04-19 02:25:00,刘原节制闸,1.24
2026-04-19 02:30:00,刘原节制闸,1.25
2026-04-19 02:36:00,刘原节制闸,1.25
2026-04-19 02:41:00,刘原节制闸,1.25
2026-04-19 02:46:00,刘原节制闸,1.26
2026-04-19 02:51:00,刘原节制闸,1.26
2026-04-19 02:57:00,刘原节制闸,1.26
2026-04-19 03:02:00,刘原节制闸,1.27
2026-04-19 03:07:00,刘原节制闸,1.27
2026-04-19 03:12:00,刘原节制闸,1.28
2026-04-19 03:18:00,刘原节制闸,1.28
2026-04-19 03:23:00,刘原节制闸,1.29
2026-04-19 03:28:00,刘原节制闸,1.29
2026-04-19 03:34:00,刘原节制闸,1.29
2026-04-19 03:39:00,刘原节制闸,1.3
2026-04-19 03:44:00,刘原节制闸,1.3
2026-04-19 03:49:00,刘原节制闸,1.31
2026-04-19 03:55:00,刘原节制闸,1.31
2026-04-19 04:00:00,刘原节制闸,1.31
2026-04-19 04:05:00,刘原节制闸,1.32
2026-04-19 04:11:00,刘原节制闸,1.32
2026-04-19 04:16:00,刘原节制闸,1.33
2026-04-19 04:21:00,刘原节制闸,1.33
2026-04-19 04:26:00,刘原节制闸,1.33
2026-04-19 04:32:00,刘原节制闸,1.34
2026-04-19 04:37:00,刘原节制闸,1.34
2026-04-19 04:42:00,刘原节制闸,1.35
2026-04-19 04:47:00,刘原节制闸,1.35
2026-04-19 04:52:00,刘原节制闸,1.35
2026-04-19 04:58:00,刘原节制闸,1.36
2026-04-19 05:03:00,刘原节制闸,1.36
2026-04-19 05:08:00,刘原节制闸,1.37
2026-04-19 05:13:00,刘原节制闸,1.37
2026-04-19 05:19:00,刘原节制闸,1.37
2026-04-19 05:24:00,刘原节制闸,1.38
2026-04-19 05:29:00,刘原节制闸,1.38
2026-04-19 05:35:00,刘原节制闸,1.38
2026-04-19 05:40:00,刘原节制闸,1.39
2026-04-19 05:45:00,刘原节制闸,1.39
2026-04-19 05:51:00,刘原节制闸,1.39
2026-04-19 05:56:00,刘原节制闸,1.4
2026-04-19 06:02:00,刘原节制闸,1.4
2026-04-19 06:07:00,刘原节制闸,1.4
2026-04-19 06:12:00,刘原节制闸,1.4
2026-04-19 06:18:00,刘原节制闸,1.41
2026-04-19 06:23:00,刘原节制闸,1.41
2026-04-19 06:29:00,刘原节制闸,1.41
2026-04-19 06:34:00,刘原节制闸,1.41
2026-04-19 06:39:00,刘原节制闸,1.41
2026-04-19 06:44:00,刘原节制闸,1.41
2026-04-19 06:50:00,刘原节制闸,1.41
2026-04-19 06:55:00,刘原节制闸,1.42
2026-04-19 07:00:00,刘原节制闸,1.42
2026-04-19 07:06:00,刘原节制闸,1.43
2026-04-19 07:11:00,刘原节制闸,1.4
2026-04-19 07:17:00,刘原节制闸,1.4
2026-04-19 07:22:00,刘原节制闸,1.39
2026-04-19 07:27:00,刘原节制闸,1.39
2026-04-19 07:33:00,刘原节制闸,1.39
2026-04-19 07:38:00,刘原节制闸,1.38
2026-04-19 07:43:00,刘原节制闸,1.38
2026-04-19 07:49:00,刘原节制闸,1.38
2026-04-19 07:54:00,刘原节制闸,1.37
2026-04-19 08:00:00,刘原节制闸,1.37
2026-04-19 08:05:00,刘原节制闸,1.37
2026-04-19 08:10:00,刘原节制闸,1.36
2026-04-19 08:15:00,刘原节制闸,1.36
2026-04-19 08:21:00,刘原节制闸,1.36
2026-04-19 08:26:00,刘原节制闸,1.35
2026-04-19 08:31:00,刘原节制闸,1.35
2026-04-19 08:36:00,刘原节制闸,1.35
2026-04-19 08:42:00,刘原节制闸,1.34
2026-04-19 08:47:00,刘原节制闸,1.34
2026-04-19 08:53:00,刘原节制闸,1.33
2026-04-19 08:58:00,刘原节制闸,1.33
2026-04-19 09:03:00,刘原节制闸,1.33
2026-04-19 09:08:00,刘原节制闸,1.32
2026-04-19 09:13:00,刘原节制闸,1.32
2026-04-19 09:19:00,刘原节制闸,1.31
2026-04-19 09:24:00,刘原节制闸,1.31
2026-04-19 09:29:00,刘原节制闸,1.3
2026-04-19 09:34:00,刘原节制闸,1.3
2026-04-19 09:39:00,刘原节制闸,1.29
2026-04-19 09:45:00,刘原节制闸,1.29
2026-04-19 09:50:00,刘原节制闸,1.28
2026-04-19 09:55:00,刘原节制闸,1.28
2026-04-19 10:01:00,刘原节制闸,1.28
2026-04-19 10:06:00,刘原节制闸,1.28
2026-04-19 10:11:00,刘原节制闸,1.28
2026-04-19 10:16:00,刘原节制闸,1.28
2026-04-19 10:21:00,刘原节制闸,1.28
2026-04-19 10:26:00,刘原节制闸,1.27
2026-04-19 10:32:00,刘原节制闸,1.27
2026-04-19 10:37:00,刘原节制闸,1.27
2026-04-19 10:42:00,刘原节制闸,1.27
2026-04-19 10:47:00,刘原节制闸,1.28
2026-04-19 10:53:00,刘原节制闸,1.28
2026-04-19 10:58:00,刘原节制闸,1.28
2026-04-19 11:04:00,刘原节制闸,1.28
2026-04-19 11:09:00,刘原节制闸,1.28
2026-04-19 11:14:00,刘原节制闸,1.28
2026-04-19 11:20:00,刘原节制闸,1.28
2026-04-19 11:25:00,刘原节制闸,1.29
2026-04-19 11:31:00,刘原节制闸,1.3
2026-04-19 11:36:00,刘原节制闸,1.31
2026-04-19 11:41:00,刘原节制闸,1.32
2026-04-19 11:46:00,刘原节制闸,1.32
2026-04-19 11:52:00,刘原节制闸,1.33
2026-04-19 11:57:00,刘原节制闸,1.33
2026-04-19 12:02:00,刘原节制闸,1.33
2026-04-19 12:08:00,刘原节制闸,1.32
2026-04-19 12:13:00,刘原节制闸,1.32
2026-04-19 12:18:00,刘原节制闸,1.3
2026-04-19 12:24:00,刘原节制闸,1.3
2026-04-19 12:29:00,刘原节制闸,1.29
2026-04-19 12:35:00,刘原节制闸,1.29
2026-04-19 12:40:00,刘原节制闸,1.29
2026-04-19 12:45:00,刘原节制闸,1.28
2026-04-19 12:51:00,刘原节制闸,1.28
2026-04-19 12:56:00,刘原节制闸,1.28
2026-04-19 13:01:00,刘原节制闸,1.27
2026-04-19 13:07:00,刘原节制闸,1.27
2026-04-19 13:12:00,刘原节制闸,1.26
2026-04-19 13:17:00,刘原节制闸,1.26
2026-04-19 13:23:00,刘原节制闸,1.25
2026-04-19 13:28:00,刘原节制闸,1.25
2026-04-19 13:33:00,刘原节制闸,1.24
2026-04-19 13:39:00,刘原节制闸,1.24
2026-04-19 13:44:00,刘原节制闸,1.23
2026-04-19 13:49:00,刘原节制闸,1.23
2026-04-19 13:54:00,刘原节制闸,1.23
2026-04-19 13:59:00,刘原节制闸,1.22
2026-04-19 14:04:00,刘原节制闸,1.22
2026-04-19 14:10:00,刘原节制闸,1.22
2026-04-19 14:15:00,刘原节制闸,1.22
2026-04-19 14:20:00,刘原节制闸,1.21
2026-04-19 14:26:00,刘原节制闸,1.21
2026-04-19 14:31:00,刘原节制闸,1.21
2026-04-19 14:36:00,刘原节制闸,1.21
2026-04-19 14:42:00,刘原节制闸,1.21
2026-04-19 14:47:00,刘原节制闸,1.21
2026-04-19 14:52:00,刘原节制闸,1.2
2026-04-19 14:58:00,刘原节制闸,1.2
2026-04-19 15:03:00,刘原节制闸,1.2
2026-04-19 15:08:00,刘原节制闸,1.2
2026-04-19 15:14:00,刘原节制闸,1.21
2026-04-19 15:19:00,刘原节制闸,1.21
2026-04-19 15:25:00,刘原节制闸,1.21
2026-04-19 15:30:00,刘原节制闸,1.21
2026-04-19 15:35:00,刘原节制闸,1.21
2026-04-19 15:41:00,刘原节制闸,1.21
2026-04-19 15:46:00,刘原节制闸,1.21
2026-04-19 15:51:00,刘原节制闸,1.21
2026-04-19 15:57:00,刘原节制闸,1.21
2026-04-19 16:02:00,刘原节制闸,1.21
2026-04-19 16:07:00,刘原节制闸,1.22
2026-04-19 16:13:00,刘原节制闸,1.22
2026-04-19 16:18:00,刘原节制闸,1.22
2026-04-19 16:24:00,刘原节制闸,1.22
2026-04-19 16:29:00,刘原节制闸,1.22
2026-04-19 16:34:00,刘原节制闸,1.22
2026-04-19 16:40:00,刘原节制闸,1.22
2026-04-19 16:45:00,刘原节制闸,1.22
2026-04-19 16:50:00,刘原节制闸,1.22
2026-04-19 16:56:00,刘原节制闸,1.22
2026-04-19 17:01:00,刘原节制闸,1.22
2026-04-19 17:07:00,刘原节制闸,1.22
2026-04-19 17:12:00,刘原节制闸,1.24
2026-04-19 17:17:00,刘原节制闸,1.24
2026-04-19 17:22:00,刘原节制闸,1.24
2026-04-19 17:28:00,刘原节制闸,1.24
2026-04-19 17:33:00,刘原节制闸,1.25
2026-04-19 17:39:00,刘原节制闸,1.25
2026-04-19 17:44:00,刘原节制闸,1.25
2026-04-19 17:49:00,刘原节制闸,1.24
2026-04-19 17:55:00,刘原节制闸,1.24
2026-04-19 18:00:00,刘原节制闸,1.24
2026-04-19 18:05:00,刘原节制闸,1.24
2026-04-19 18:11:00,刘原节制闸,1.23
2026-04-19 18:16:00,刘原节制闸,1.23
2026-04-19 18:21:00,刘原节制闸,1.23
2026-04-19 18:27:00,刘原节制闸,1.23
2026-04-19 18:32:00,刘原节制闸,1.23
2026-04-19 18:37:00,刘原节制闸,1.23
2026-04-19 18:42:00,刘原节制闸,1.22
2026-04-19 18:48:00,刘原节制闸,1.22
2026-04-19 18:53:00,刘原节制闸,1.22
2026-04-19 18:58:00,刘原节制闸,1.22
2026-04-19 19:03:00,刘原节制闸,1.21
2026-04-19 19:08:00,刘原节制闸,1.21
2026-04-19 19:14:00,刘原节制闸,1.21
2026-04-19 19:19:00,刘原节制闸,1.21
2026-04-19 19:24:00,刘原节制闸,1.21
2026-04-19 19:29:00,刘原节制闸,1.21
2026-04-19 19:35:00,刘原节制闸,1.2
2026-04-19 19:40:00,刘原节制闸,1.2
2026-04-19 19:45:00,刘原节制闸,1.2
2026-04-19 19:50:00,刘原节制闸,1.2
2026-04-19 19:56:00,刘原节制闸,1.19
2026-04-19 20:01:00,刘原节制闸,1.19
2026-04-19 20:06:00,刘原节制闸,1.19
2026-04-19 20:11:00,刘原节制闸,1.19
2026-04-19 20:16:00,刘原节制闸,1.2
2026-04-19 20:21:00,刘原节制闸,1.21
2026-04-19 20:26:00,刘原节制闸,1.22
2026-04-19 20:32:00,刘原节制闸,1.22
2026-04-19 20:37:00,刘原节制闸,1.23
2026-04-19 20:42:00,刘原节制闸,1.24
2026-04-19 20:48:00,刘原节制闸,1.24
2026-04-19 20:53:00,刘原节制闸,1.25
2026-04-19 20:59:00,刘原节制闸,1.25
2026-04-19 21:04:00,刘原节制闸,1.26
2026-04-19 21:09:00,刘原节制闸,1.26
2026-04-19 21:14:00,刘原节制闸,1.26
2026-04-19 21:19:00,刘原节制闸,1.26
2026-04-19 21:25:00,刘原节制闸,1.26
2026-04-19 21:30:00,刘原节制闸,1.24
2026-04-19 21:35:00,刘原节制闸,1.24
2026-04-19 21:40:00,刘原节制闸,1.24
2026-04-19 21:45:00,刘原节制闸,1.23
2026-04-19 21:51:00,刘原节制闸,1.23
2026-04-19 21:56:00,刘原节制闸,1.23
2026-04-19 22:01:00,刘原节制闸,1.22
2026-04-19 22:07:00,刘原节制闸,1.22
2026-04-19 22:12:00,刘原节制闸,1.23
2026-04-19 22:17:00,刘原节制闸,1.23
2026-04-19 22:23:00,刘原节制闸,1.25
2026-04-19 22:28:00,刘原节制闸,1.25
2026-04-19 22:33:00,刘原节制闸,1.24
2026-04-19 22:38:00,刘原节制闸,1.24
2026-04-19 22:44:00,刘原节制闸,1.24
2026-04-19 22:49:00,刘原节制闸,1.24
2026-04-19 22:54:00,刘原节制闸,1.24
2026-04-19 22:59:00,刘原节制闸,1.24
2026-04-19 23:02:00,刘原节制闸,1.24
2026-04-19 23:10:00,刘原节制闸,1.24
2026-04-19 23:15:00,刘原节制闸,1.24
2026-04-19 23:20:00,刘原节制闸,1.24
2026-04-19 23:25:00,刘原节制闸,1.24
2026-04-19 23:30:00,刘原节制闸,1.24
2026-04-19 23:36:00,刘原节制闸,1.24
2026-04-19 23:41:00,刘原节制闸,1.24
2026-04-19 23:46:00,刘原节制闸,1.24
2026-04-19 23:52:00,刘原节制闸,1.25
2026-04-19 23:57:00,刘原节制闸,1.25
2026-04-20 00:03:00,刘原节制闸,1.25
2026-04-20 00:08:00,刘原节制闸,1.25
2026-04-20 00:13:00,刘原节制闸,1.26
2026-04-20 00:18:00,刘原节制闸,1.26
2026-04-20 00:24:00,刘原节制闸,1.26
2026-04-20 00:29:00,刘原节制闸,1.26
2026-04-20 00:34:00,刘原节制闸,1.27
2026-04-20 00:39:00,刘原节制闸,1.27
2026-04-20 00:44:00,刘原节制闸,1.27
2026-04-20 00:50:00,刘原节制闸,1.28
2026-04-20 00:55:00,刘原节制闸,1.28
2026-04-20 01:00:00,刘原节制闸,1.28
2026-04-20 01:06:00,刘原节制闸,1.29
2026-04-20 01:11:00,刘原节制闸,1.29
2026-04-20 01:16:00,刘原节制闸,1.29
2026-04-20 01:22:00,刘原节制闸,1.29
2026-04-20 01:27:00,刘原节制闸,1.3
2026-04-20 01:33:00,刘原节制闸,1.3
2026-04-20 01:38:00,刘原节制闸,1.3
2026-04-20 01:43:00,刘原节制闸,1.3
2026-04-20 01:48:00,刘原节制闸,1.3
2026-04-20 01:53:00,刘原节制闸,1.3
2026-04-20 01:59:00,刘原节制闸,1.31
2026-04-20 02:04:00,刘原节制闸,1.31
2026-04-20 02:09:00,刘原节制闸,1.31
2026-04-20 02:15:00,刘原节制闸,1.31
2026-04-20 02:20:00,刘原节制闸,1.31
2026-04-20 02:26:00,刘原节制闸,1.31
2026-04-20 02:31:00,刘原节制闸,1.31
2026-04-20 02:37:00,刘原节制闸,1.31
2026-04-20 02:42:00,刘原节制闸,1.32
2026-04-20 02:48:00,刘原节制闸,1.32
2026-04-20 02:53:00,刘原节制闸,1.32
2026-04-20 02:58:00,刘原节制闸,1.32
2026-04-20 03:04:00,刘原节制闸,1.32
2026-04-20 03:09:00,刘原节制闸,1.32
2026-04-20 03:14:00,刘原节制闸,1.32
2026-04-20 03:20:00,刘原节制闸,1.33
2026-04-20 03:25:00,刘原节制闸,1.33
2026-04-20 03:31:00,刘原节制闸,1.33
2026-04-20 03:36:00,刘原节制闸,1.33
2026-04-20 03:42:00,刘原节制闸,1.34
2026-04-20 03:47:00,刘原节制闸,1.35
2026-04-20 03:52:00,刘原节制闸,1.36
2026-04-20 03:58:00,刘原节制闸,1.36
2026-04-20 04:03:00,刘原节制闸,1.37
2026-04-20 04:08:00,刘原节制闸,1.37
2026-04-20 04:13:00,刘原节制闸,1.38
2026-04-20 04:19:00,刘原节制闸,1.38
2026-04-20 04:24:00,刘原节制闸,1.38
2026-04-20 04:29:00,刘原节制闸,1.39
2026-04-20 04:34:00,刘原节制闸,1.4
2026-04-20 04:40:00,刘原节制闸,1.4
2026-04-20 04:45:00,刘原节制闸,1.41
2026-04-20 04:50:00,刘原节制闸,1.41
2026-04-20 04:55:00,刘原节制闸,1.41
2026-04-20 05:01:00,刘原节制闸,1.41
2026-04-20 05:06:00,刘原节制闸,1.42
2026-04-20 05:11:00,刘原节制闸,1.42
2026-04-20 05:17:00,刘原节制闸,1.42
2026-04-20 05:22:00,刘原节制闸,1.42
2026-04-20 05:27:00,刘原节制闸,1.43
2026-04-20 05:32:00,刘原节制闸,1.43
2026-04-20 05:38:00,刘原节制闸,1.43
2026-04-20 05:43:00,刘原节制闸,1.43
2026-04-20 05:48:00,刘原节制闸,1.43
2026-04-20 05:54:00,刘原节制闸,1.45
2026-04-20 05:59:00,刘原节制闸,1.45
2026-04-20 06:05:00,刘原节制闸,1.46
2026-04-20 06:10:00,刘原节制闸,1.46
2026-04-20 06:15:00,刘原节制闸,1.46
2026-04-20 06:21:00,刘原节制闸,1.46
2026-04-20 06:26:00,刘原节制闸,1.46
2026-04-20 06:32:00,刘原节制闸,1.46
2026-04-20 06:37:00,刘原节制闸,1.46
2026-04-20 06:42:00,刘原节制闸,1.46
2026-04-20 06:48:00,刘原节制闸,1.46
2026-04-20 06:53:00,刘原节制闸,1.46
2026-04-20 06:58:00,刘原节制闸,1.46
2026-04-20 07:04:00,刘原节制闸,1.46
2026-04-20 07:09:00,刘原节制闸,1.47
2026-04-20 07:14:00,刘原节制闸,1.47
2026-04-20 07:20:00,刘原节制闸,1.47
2026-04-20 07:25:00,刘原节制闸,1.46
2026-04-20 07:30:00,刘原节制闸,1.46
2026-04-20 07:36:00,刘原节制闸,1.45
2026-04-20 07:41:00,刘原节制闸,1.45
2026-04-20 07:46:00,刘原节制闸,1.45
2026-04-20 07:52:00,刘原节制闸,1.45
2026-04-20 07:57:00,刘原节制闸,1.45
2026-04-20 08:02:00,刘原节制闸,1.45
2026-04-20 08:08:00,刘原节制闸,1.45
2026-04-20 08:13:00,刘原节制闸,1.46
2026-04-20 08:18:00,刘原节制闸,1.46
2026-04-20 08:24:00,刘原节制闸,1.46
2026-04-20 08:29:00,刘原节制闸,1.47
2026-04-20 08:35:00,刘原节制闸,1.47
2026-04-20 08:40:00,刘原节制闸,1.47
2026-04-20 08:45:00,刘原节制闸,1.48
2026-04-20 08:50:00,刘原节制闸,1.48
2026-04-20 08:56:00,刘原节制闸,1.48
2026-04-20 09:01:00,刘原节制闸,1.48
2026-04-20 09:07:00,刘原节制闸,1.48
2026-04-20 09:12:00,刘原节制闸,1.47
2026-04-20 09:17:00,刘原节制闸,1.47
2026-04-20 09:23:00,刘原节制闸,1.47
2026-04-20 09:28:00,刘原节制闸,1.46
2026-04-20 09:34:00,刘原节制闸,1.45
2026-04-20 09:39:00,刘原节制闸,1.45
2026-04-20 09:44:00,刘原节制闸,1.44
2026-04-20 09:50:00,刘原节制闸,1.44
2026-04-20 09:55:00,刘原节制闸,1.44
2026-04-20 10:00:00,刘原节制闸,1.43
2026-04-20 10:06:00,刘原节制闸,1.43
2026-04-20 10:11:00,刘原节制闸,1.42
2026-04-20 10:16:00,刘原节制闸,1.42
2026-04-20 10:22:00,刘原节制闸,1.42
2026-04-20 10:27:00,刘原节制闸,1.42
2026-04-20 10:32:00,刘原节制闸,1.41
2026-04-20 10:38:00,刘原节制闸,1.41
2026-04-20 10:43:00,刘原节制闸,1.41
2026-04-20 10:49:00,刘原节制闸,1.4
2026-04-20 10:54:00,刘原节制闸,1.4
2026-04-20 10:59:00,刘原节制闸,1.4
2026-04-20 11:04:00,刘原节制闸,1.4
2026-04-20 11:10:00,刘原节制闸,1.4
2026-04-20 11:15:00,刘原节制闸,1.39
2026-04-20 11:20:00,刘原节制闸,1.39
2026-04-20 11:26:00,刘原节制闸,1.39
2026-04-20 11:31:00,刘原节制闸,1.39
2026-04-20 11:36:00,刘原节制闸,1.39
2026-04-20 11:42:00,刘原节制闸,1.39
2026-04-20 11:47:00,刘原节制闸,1.38
2026-04-20 11:53:00,刘原节制闸,1.38
2026-04-20 11:58:00,刘原节制闸,1.38
2026-04-20 12:03:00,刘原节制闸,1.38
2026-04-20 12:08:00,刘原节制闸,1.38
2026-04-20 12:14:00,刘原节制闸,1.38
2026-04-20 12:19:00,刘原节制闸,1.38
2026-04-20 12:24:00,刘原节制闸,1.37
2026-04-20 12:29:00,刘原节制闸,1.37
2026-04-20 12:34:00,刘原节制闸,1.37
2026-04-20 12:40:00,刘原节制闸,1.37
2026-04-20 12:45:00,刘原节制闸,1.37
2026-04-20 12:51:00,刘原节制闸,1.37
2026-04-20 12:56:00,刘原节制闸,1.37
2026-04-20 13:02:00,刘原节制闸,1.37
2026-04-20 13:07:00,刘原节制闸,1.36
2026-04-20 13:12:00,刘原节制闸,1.36
2026-04-20 13:18:00,刘原节制闸,1.36
2026-04-20 13:23:00,刘原节制闸,1.37
2026-04-20 13:28:00,刘原节制闸,1.37
2026-04-20 13:33:00,刘原节制闸,1.37
2026-04-20 13:38:00,刘原节制闸,1.37
2026-04-20 13:44:00,刘原节制闸,1.37
2026-04-20 13:49:00,刘原节制闸,1.37
2026-04-20 13:54:00,刘原节制闸,1.37
2026-04-20 13:59:00,刘原节制闸,1.38
2026-04-20 14:04:00,刘原节制闸,1.38
2026-04-20 14:10:00,刘原节制闸,1.38
2026-04-20 14:15:00,刘原节制闸,1.38
2026-04-20 14:20:00,刘原节制闸,1.38
2026-04-20 14:25:00,刘原节制闸,1.38
2026-04-20 14:30:00,刘原节制闸,1.38
2026-04-20 14:36:00,刘原节制闸,1.38
2026-04-20 14:41:00,刘原节制闸,1.37
2026-04-20 14:46:00,刘原节制闸,1.37
2026-04-20 14:51:00,刘原节制闸,1.37
2026-04-20 14:57:00,刘原节制闸,1.37
2026-04-20 15:02:00,刘原节制闸,1.37
2026-04-20 15:08:00,刘原节制闸,1.37
2026-04-20 15:13:00,刘原节制闸,1.37
2026-04-20 15:19:00,刘原节制闸,1.37
2026-04-20 15:24:00,刘原节制闸,1.36
2026-04-20 15:29:00,刘原节制闸,1.36
2026-04-20 15:35:00,刘原节制闸,1.36
2026-04-20 15:40:00,刘原节制闸,1.35
2026-04-20 15:46:00,刘原节制闸,1.35
2026-04-20 15:51:00,刘原节制闸,1.35
2026-04-20 15:56:00,刘原节制闸,1.34
2026-04-20 16:01:00,刘原节制闸,1.34
2026-04-20 16:06:00,刘原节制闸,1.34
2026-04-20 16:12:00,刘原节制闸,1.34
2026-04-20 16:17:00,刘原节制闸,1.33
2026-04-20 16:23:00,刘原节制闸,1.33
2026-04-20 16:28:00,刘原节制闸,1.32
2026-04-20 16:33:00,刘原节制闸,1.32
2026-04-20 16:39:00,刘原节制闸,1.32
2026-04-20 16:44:00,刘原节制闸,1.32
2026-04-20 16:50:00,刘原节制闸,1.32
2026-04-20 16:55:00,刘原节制闸,1.31
2026-04-20 17:01:00,刘原节制闸,1.31
2026-04-20 17:06:00,刘原节制闸,1.31
2026-04-20 17:11:00,刘原节制闸,1.31
2026-04-20 17:17:00,刘原节制闸,1.3
2026-04-20 17:22:00,刘原节制闸,1.3
2026-04-20 17:27:00,刘原节制闸,1.3
2026-04-20 17:32:00,刘原节制闸,1.3
2026-04-20 17:37:00,刘原节制闸,1.29
2026-04-20 17:42:00,刘原节制闸,1.29
2026-04-20 17:47:00,刘原节制闸,1.29
2026-04-20 17:52:00,刘原节制闸,1.29
2026-04-20 17:57:00,刘原节制闸,1.28
2026-04-20 18:03:00,刘原节制闸,1.28
2026-04-20 18:08:00,刘原节制闸,1.28
2026-04-20 18:14:00,刘原节制闸,1.28
2026-04-20 18:19:00,刘原节制闸,1.27
2026-04-20 18:25:00,刘原节制闸,1.27
2026-04-20 18:30:00,刘原节制闸,1.27
2026-04-20 18:35:00,刘原节制闸,1.26
2026-04-20 18:41:00,刘原节制闸,1.26
2026-04-20 18:46:00,刘原节制闸,1.26
2026-04-20 18:51:00,刘原节制闸,1.26
2026-04-20 18:56:00,刘原节制闸,1.25
2026-04-20 19:02:00,刘原节制闸,1.25
2026-04-20 19:07:00,刘原节制闸,1.25
2026-04-20 19:13:00,刘原节制闸,1.24
2026-04-20 19:18:00,刘原节制闸,1.24
2026-04-20 19:23:00,刘原节制闸,1.24
2026-04-20 19:29:00,刘原节制闸,1.23
2026-04-20 19:34:00,刘原节制闸,1.23
2026-04-20 19:39:00,刘原节制闸,1.22
2026-04-20 19:45:00,刘原节制闸,1.22
2026-04-20 19:50:00,刘原节制闸,1.21
2026-04-20 19:55:00,刘原节制闸,1.21
2026-04-20 20:01:00,刘原节制闸,1.2
2026-04-20 20:06:00,刘原节制闸,1.19
2026-04-20 20:11:00,刘原节制闸,1.19
2026-04-20 20:17:00,刘原节制闸,1.18
2026-04-20 20:22:00,刘原节制闸,1.18
2026-04-20 20:27:00,刘原节制闸,1.18
2026-04-20 20:32:00,刘原节制闸,1.18
2026-04-20 20:38:00,刘原节制闸,1.18
2026-04-20 20:43:00,刘原节制闸,1.18
2026-04-20 20:48:00,刘原节制闸,1.18
2026-04-20 20:53:00,刘原节制闸,1.19
2026-04-20 20:59:00,刘原节制闸,1.19
2026-04-20 21:04:00,刘原节制闸,1.19
2026-04-20 21:09:00,刘原节制闸,1.19
2026-04-20 21:14:00,刘原节制闸,1.19
2026-04-20 21:19:00,刘原节制闸,1.19
2026-04-20 21:24:00,刘原节制闸,1.19
2026-04-20 21:29:00,刘原节制闸,1.19
2026-04-20 21:34:00,刘原节制闸,1.19
2026-04-20 21:40:00,刘原节制闸,1.19
2026-04-20 21:45:00,刘原节制闸,1.19
2026-04-20 21:50:00,刘原节制闸,1.19
2026-04-20 21:56:00,刘原节制闸,1.18
2026-04-20 22:01:00,刘原节制闸,1.18
2026-04-20 22:06:00,刘原节制闸,1.18
2026-04-20 22:11:00,刘原节制闸,1.18
2026-04-20 22:17:00,刘原节制闸,1.18
2026-04-20 22:22:00,刘原节制闸,1.18
2026-04-20 22:27:00,刘原节制闸,1.18
2026-04-20 22:32:00,刘原节制闸,1.18
2026-04-20 22:38:00,刘原节制闸,1.18
2026-04-20 22:43:00,刘原节制闸,1.18
2026-04-20 22:49:00,刘原节制闸,1.18
2026-04-20 22:54:00,刘原节制闸,1.18
2026-04-20 22:59:00,刘原节制闸,1.18
2026-04-20 23:02:00,刘原节制闸,1.17
2026-04-20 23:10:00,刘原节制闸,1.17
2026-04-20 23:15:00,刘原节制闸,1.17
2026-04-20 23:20:00,刘原节制闸,1.17
2026-04-20 23:25:00,刘原节制闸,1.17
2026-04-20 23:30:00,刘原节制闸,1.17
2026-04-20 23:35:00,刘原节制闸,1.17
2026-04-20 23:41:00,刘原节制闸,1.17
2026-04-20 23:46:00,刘原节制闸,1.17
2026-04-20 23:51:00,刘原节制闸,1.16
2026-04-20 23:56:00,刘原节制闸,1.16
2026-04-21 00:02:00,刘原节制闸,1.16
2026-04-21 00:07:00,刘原节制闸,1.16
2026-04-21 00:12:00,刘原节制闸,1.16
2026-04-21 00:18:00,刘原节制闸,1.15
2026-04-21 00:23:00,刘原节制闸,1.15
2026-04-21 00:29:00,刘原节制闸,1.15
2026-04-21 00:34:00,刘原节制闸,1.15
2026-04-21 00:39:00,刘原节制闸,1.15
2026-04-21 00:45:00,刘原节制闸,1.14
2026-04-21 00:50:00,刘原节制闸,1.14
2026-04-21 00:55:00,刘原节制闸,1.15
2026-04-21 01:01:00,刘原节制闸,1.15
2026-04-21 01:06:00,刘原节制闸,1.15
2026-04-21 01:12:00,刘原节制闸,1.15
2026-04-21 01:17:00,刘原节制闸,1.14
2026-04-21 01:22:00,刘原节制闸,1.14
2026-04-21 01:28:00,刘原节制闸,1.14
2026-04-21 01:33:00,刘原节制闸,1.14
2026-04-21 01:38:00,刘原节制闸,1.14
2026-04-21 01:43:00,刘原节制闸,1.14
2026-04-21 01:49:00,刘原节制闸,1.13
2026-04-21 01:54:00,刘原节制闸,1.13
2026-04-21 01:59:00,刘原节制闸,1.13
2026-04-21 02:04:00,刘原节制闸,1.13
2026-04-21 02:10:00,刘原节制闸,1.13
2026-04-21 02:15:00,刘原节制闸,1.12
2026-04-21 02:20:00,刘原节制闸,1.12
2026-04-21 02:26:00,刘原节制闸,1.12
2026-04-21 02:31:00,刘原节制闸,1.12
2026-04-21 02:37:00,刘原节制闸,1.12
2026-04-21 02:42:00,刘原节制闸,1.12
2026-04-21 02:48:00,刘原节制闸,1.12
2026-04-21 02:53:00,刘原节制闸,1.12
2026-04-21 02:59:00,刘原节制闸,1.12
2026-04-21 03:04:00,刘原节制闸,1.13
2026-04-21 03:09:00,刘原节制闸,1.13
2026-04-21 03:15:00,刘原节制闸,1.13
2026-04-21 03:20:00,刘原节制闸,1.13
2026-04-21 03:26:00,刘原节制闸,1.14
2026-04-21 03:31:00,刘原节制闸,1.14
2026-04-21 03:36:00,刘原节制闸,1.14
2026-04-21 03:41:00,刘原节制闸,1.15
2026-04-21 03:47:00,刘原节制闸,1.15
2026-04-21 03:52:00,刘原节制闸,1.16
2026-04-21 03:58:00,刘原节制闸,1.16
2026-04-21 04:03:00,刘原节制闸,1.17
2026-04-21 04:08:00,刘原节制闸,1.18
2026-04-21 04:14:00,刘原节制闸,1.19
2026-04-21 04:19:00,刘原节制闸,1.19
2026-04-21 04:24:00,刘原节制闸,1.2
2026-04-21 04:30:00,刘原节制闸,1.21
2026-04-21 04:35:00,刘原节制闸,1.21
2026-04-21 04:41:00,刘原节制闸,1.22
2026-04-21 04:46:00,刘原节制闸,1.23
2026-04-21 04:51:00,刘原节制闸,1.23
2026-04-21 04:57:00,刘原节制闸,1.24
2026-04-21 05:02:00,刘原节制闸,1.24
2026-04-21 05:07:00,刘原节制闸,1.25
2026-04-21 05:13:00,刘原节制闸,1.25
2026-04-21 05:18:00,刘原节制闸,1.25
2026-04-21 05:24:00,刘原节制闸,1.26
2026-04-21 05:29:00,刘原节制闸,1.26
2026-04-21 05:34:00,刘原节制闸,1.26
2026-04-21 05:40:00,刘原节制闸,1.25
2026-04-21 05:45:00,刘原节制闸,1.26
2026-04-21 05:50:00,刘原节制闸,1.26
2026-04-21 05:56:00,刘原节制闸,1.26
2026-04-21 06:01:00,刘原节制闸,1.26
2026-04-21 06:06:00,刘原节制闸,1.26
2026-04-21 06:12:00,刘原节制闸,1.26
2026-04-21 06:17:00,刘原节制闸,1.26
2026-04-21 06:22:00,刘原节制闸,1.26
2026-04-21 06:28:00,刘原节制闸,1.27
2026-04-21 06:33:00,刘原节制闸,1.27
2026-04-21 06:39:00,刘原节制闸,1.27
2026-04-21 06:44:00,刘原节制闸,1.28
2026-04-21 06:49:00,刘原节制闸,1.28
2026-04-21 06:55:00,刘原节制闸,1.28
2026-04-21 07:00:00,刘原节制闸,1.28
2026-04-21 07:05:00,刘原节制闸,1.29
2026-04-21 07:11:00,刘原节制闸,1.29
2026-04-21 07:16:00,刘原节制闸,1.3
2026-04-21 07:21:00,刘原节制闸,1.3
2026-04-21 07:27:00,刘原节制闸,1.3
2026-04-21 07:32:00,刘原节制闸,1.31
2026-04-21 07:38:00,刘原节制闸,1.31
2026-04-21 07:43:00,刘原节制闸,1.31
2026-04-21 07:48:00,刘原节制闸,1.32
2026-04-21 07:53:00,刘原节制闸,1.32
2026-04-21 07:59:00,刘原节制闸,1.32
2026-04-21 08:04:00,刘原节制闸,1.33
2026-04-21 08:10:00,刘原节制闸,1.33
2026-04-21 08:15:00,刘原节制闸,1.33
2026-04-21 08:20:00,刘原节制闸,1.33
2026-04-21 08:25:00,刘原节制闸,1.33
2026-04-21 08:31:00,刘原节制闸,1.33
2026-04-21 08:36:00,刘原节制闸,1.33
2026-04-21 08:41:00,刘原节制闸,1.34
2026-04-21 08:47:00,刘原节制闸,1.34
2026-04-21 08:52:00,刘原节制闸,1.34
2026-04-21 08:57:00,刘原节制闸,1.34
2026-04-21 09:03:00,刘原节制闸,1.35
2026-04-21 09:08:00,刘原节制闸,1.35
2026-04-21 09:13:00,刘原节制闸,1.35
2026-04-21 09:19:00,刘原节制闸,1.36
2026-04-21 09:24:00,刘原节制闸,1.35
2026-04-21 09:29:00,刘原节制闸,1.34
2026-04-21 09:35:00,刘原节制闸,1.34
2026-04-21 09:40:00,刘原节制闸,1.33
2026-04-21 09:46:00,刘原节制闸,1.33
2026-04-21 09:51:00,刘原节制闸,1.34
2026-04-21 09:56:00,刘原节制闸,1.34
2026-04-21 10:02:00,刘原节制闸,1.34
2026-04-21 10:07:00,刘原节制闸,1.34
2026-04-21 10:12:00,刘原节制闸,1.34
2026-04-21 10:18:00,刘原节制闸,1.35
2026-04-21 10:23:00,刘原节制闸,1.36
2026-04-21 10:28:00,刘原节制闸,1.36
2026-04-21 10:33:00,刘原节制闸,1.37
2026-04-21 10:38:00,刘原节制闸,1.37
2026-04-21 10:44:00,刘原节制闸,1.38
2026-04-21 10:49:00,刘原节制闸,1.39
2026-04-21 10:54:00,刘原节制闸,1.4
2026-04-21 10:59:00,刘原节制闸,1.4
2026-04-21 11:05:00,刘原节制闸,1.41
2026-04-21 11:10:00,刘原节制闸,1.41
2026-04-21 11:15:00,刘原节制闸,1.42
2026-04-21 11:20:00,刘原节制闸,1.42
2026-04-21 11:26:00,刘原节制闸,1.43
2026-04-21 11:31:00,刘原节制闸,1.43
2026-04-21 11:36:00,刘原节制闸,1.44
2026-04-21 11:41:00,刘原节制闸,1.45
2026-04-21 11:47:00,刘原节制闸,1.45
2026-04-21 11:52:00,刘原节制闸,1.46
2026-04-21 11:57:00,刘原节制闸,1.46
2026-04-21 12:02:00,刘原节制闸,1.47
2026-04-21 12:08:00,刘原节制闸,1.48
2026-04-21 12:13:00,刘原节制闸,1.48
2026-04-21 12:18:00,刘原节制闸,1.48
2026-04-21 12:24:00,刘原节制闸,1.48
2026-04-21 12:29:00,刘原节制闸,1.48
2026-04-21 12:35:00,刘原节制闸,1.49
2026-04-21 12:40:00,刘原节制闸,1.49
2026-04-21 12:45:00,刘原节制闸,1.49
2026-04-21 12:50:00,刘原节制闸,1.5
2026-04-21 12:55:00,刘原节制闸,1.5
2026-04-21 13:01:00,刘原节制闸,1.51
2026-04-21 13:06:00,刘原节制闸,1.51
2026-04-21 13:12:00,刘原节制闸,1.52
2026-04-21 13:17:00,刘原节制闸,1.53
2026-04-21 13:22:00,刘原节制闸,1.53
2026-04-21 13:27:00,刘原节制闸,1.54
2026-04-21 13:32:00,刘原节制闸,1.54
2026-04-21 13:37:00,刘原节制闸,1.54
2026-04-21 13:43:00,刘原节制闸,1.55
2026-04-21 13:48:00,刘原节制闸,1.55
2026-04-21 13:53:00,刘原节制闸,1.55
2026-04-21 13:58:00,刘原节制闸,1.55
2026-04-21 14:03:00,刘原节制闸,1.56
2026-04-21 14:09:00,刘原节制闸,1.56
2026-04-21 14:14:00,刘原节制闸,1.56
2026-04-21 14:19:00,刘原节制闸,1.56
2026-04-21 14:25:00,刘原节制闸,1.56
2026-04-21 14:30:00,刘原节制闸,1.56
2026-04-21 14:36:00,刘原节制闸,1.55
2026-04-21 14:41:00,刘原节制闸,1.55
2026-04-21 14:47:00,刘原节制闸,1.55
2026-04-21 14:52:00,刘原节制闸,1.54
2026-04-21 14:57:00,刘原节制闸,1.54
2026-04-21 15:02:00,刘原节制闸,1.54
2026-04-21 15:08:00,刘原节制闸,1.53
2026-04-21 15:13:00,刘原节制闸,1.52
2026-04-21 15:18:00,刘原节制闸,1.52
2026-04-21 15:24:00,刘原节制闸,1.53
2026-04-21 15:29:00,刘原节制闸,1.52
2026-04-21 15:35:00,刘原节制闸,1.52
2026-04-21 15:40:00,刘原节制闸,1.51
2026-04-21 15:45:00,刘原节制闸,1.51
2026-04-21 15:51:00,刘原节制闸,1.51
2026-04-21 15:56:00,刘原节制闸,1.51
2026-04-21 16:01:00,刘原节制闸,1.51
2026-04-21 16:06:00,刘原节制闸,1.5
2026-04-21 16:11:00,刘原节制闸,1.5
2026-04-21 16:16:00,刘原节制闸,1.49
2026-04-21 16:22:00,刘原节制闸,1.48
2026-04-21 16:27:00,刘原节制闸,1.47
2026-04-21 16:32:00,刘原节制闸,1.47
2026-04-21 16:37:00,刘原节制闸,1.45
2026-04-21 16:42:00,刘原节制闸,1.44
2026-04-21 16:48:00,刘原节制闸,1.43
2026-04-21 16:53:00,刘原节制闸,1.42
2026-04-21 16:58:00,刘原节制闸,1.41
2026-04-21 17:03:00,刘原节制闸,1.39
2026-04-21 17:09:00,刘原节制闸,1.38
2026-04-21 17:14:00,刘原节制闸,1.37
2026-04-21 17:20:00,刘原节制闸,1.35
2026-04-21 17:25:00,刘原节制闸,1.33
2026-04-21 17:30:00,刘原节制闸,1.32
2026-04-14 00:00:00,富家岭节制闸,1.46
2026-04-14 00:02:00,富家岭节制闸,1.46
2026-04-14 00:07:00,富家岭节制闸,1.46
2026-04-14 00:13:00,富家岭节制闸,1.45
2026-04-14 00:18:00,富家岭节制闸,1.45
2026-04-14 00:23:00,富家岭节制闸,1.45
2026-04-14 00:29:00,富家岭节制闸,1.45
2026-04-14 00:34:00,富家岭节制闸,1.45
2026-04-14 00:40:00,富家岭节制闸,1.45
2026-04-14 00:45:00,富家岭节制闸,1.45
2026-04-14 00:51:00,富家岭节制闸,1.45
2026-04-14 00:56:00,富家岭节制闸,1.45
2026-04-14 01:02:00,富家岭节制闸,1.45
2026-04-14 01:07:00,富家岭节制闸,1.45
2026-04-14 01:13:00,富家岭节制闸,1.44
2026-04-14 01:18:00,富家岭节制闸,1.44
2026-04-14 01:24:00,富家岭节制闸,1.44
2026-04-14 01:29:00,富家岭节制闸,1.44
2026-04-14 01:35:00,富家岭节制闸,1.44
2026-04-14 01:40:00,富家岭节制闸,1.44
2026-04-14 01:46:00,富家岭节制闸,1.44
2026-04-14 01:51:00,富家岭节制闸,1.44
2026-04-14 01:57:00,富家岭节制闸,1.44
2026-04-14 02:02:00,富家岭节制闸,1.44
2026-04-14 02:08:00,富家岭节制闸,1.44
2026-04-14 02:13:00,富家岭节制闸,1.44
2026-04-14 02:18:00,富家岭节制闸,1.44
2026-04-14 02:24:00,富家岭节制闸,1.44
2026-04-14 02:29:00,富家岭节制闸,1.44
2026-04-14 02:35:00,富家岭节制闸,1.44
2026-04-14 02:40:00,富家岭节制闸,1.44
2026-04-14 02:46:00,富家岭节制闸,1.44
2026-04-14 02:51:00,富家岭节制闸,1.44
2026-04-14 02:57:00,富家岭节制闸,1.44
2026-04-14 03:02:00,富家岭节制闸,1.44
2026-04-14 03:07:00,富家岭节制闸,1.44
2026-04-14 03:13:00,富家岭节制闸,1.44
2026-04-14 03:18:00,富家岭节制闸,1.44
2026-04-14 03:23:00,富家岭节制闸,1.44
2026-04-14 03:29:00,富家岭节制闸,1.44
2026-04-14 03:34:00,富家岭节制闸,1.44
2026-04-14 03:39:00,富家岭节制闸,1.44
2026-04-14 03:44:00,富家岭节制闸,1.44
2026-04-14 03:50:00,富家岭节制闸,1.43
2026-04-14 03:55:00,富家岭节制闸,1.43
2026-04-14 04:00:00,富家岭节制闸,1.43
2026-04-14 04:06:00,富家岭节制闸,1.43
2026-04-14 04:11:00,富家岭节制闸,1.43
2026-04-14 04:16:00,富家岭节制闸,1.43
2026-04-14 04:22:00,富家岭节制闸,1.43
2026-04-14 04:27:00,富家岭节制闸,1.42
2026-04-14 04:32:00,富家岭节制闸,1.42
2026-04-14 04:37:00,富家岭节制闸,1.41
2026-04-14 04:43:00,富家岭节制闸,1.41
2026-04-14 04:48:00,富家岭节制闸,1.41
2026-04-14 04:53:00,富家岭节制闸,1.4
2026-04-14 04:59:00,富家岭节制闸,1.4
2026-04-14 05:04:00,富家岭节制闸,1.4
2026-04-14 05:09:00,富家岭节制闸,1.4
2026-04-14 05:14:00,富家岭节制闸,1.39
2026-04-14 05:19:00,富家岭节制闸,1.39
2026-04-14 05:25:00,富家岭节制闸,1.39
2026-04-14 05:30:00,富家岭节制闸,1.39
2026-04-14 05:35:00,富家岭节制闸,1.38
2026-04-14 05:41:00,富家岭节制闸,1.38
2026-04-14 05:46:00,富家岭节制闸,1.38
2026-04-14 05:51:00,富家岭节制闸,1.37
2026-04-14 05:56:00,富家岭节制闸,1.37
2026-04-14 06:02:00,富家岭节制闸,1.37
2026-04-14 06:07:00,富家岭节制闸,1.37
2026-04-14 06:13:00,富家岭节制闸,1.36
2026-04-14 06:18:00,富家岭节制闸,1.36
2026-04-14 06:24:00,富家岭节制闸,1.36
2026-04-14 06:29:00,富家岭节制闸,1.36
2026-04-14 06:34:00,富家岭节制闸,1.35
2026-04-14 06:40:00,富家岭节制闸,1.35
2026-04-14 06:45:00,富家岭节制闸,1.34
2026-04-14 06:50:00,富家岭节制闸,1.33
2026-04-14 06:56:00,富家岭节制闸,1.33
2026-04-14 07:01:00,富家岭节制闸,1.32
2026-04-14 07:06:00,富家岭节制闸,1.32
2026-04-14 07:12:00,富家岭节制闸,1.31
2026-04-14 07:17:00,富家岭节制闸,1.31
2026-04-14 07:22:00,富家岭节制闸,1.3
2026-04-14 07:28:00,富家岭节制闸,1.3
2026-04-14 07:33:00,富家岭节制闸,1.29
2026-04-14 07:38:00,富家岭节制闸,1.29
2026-04-14 07:44:00,富家岭节制闸,1.28
2026-04-14 07:49:00,富家岭节制闸,1.28
2026-04-14 07:54:00,富家岭节制闸,1.27
2026-04-14 07:59:00,富家岭节制闸,1.27
2026-04-14 08:05:00,富家岭节制闸,1.26
2026-04-14 08:10:00,富家岭节制闸,1.26
2026-04-14 08:15:00,富家岭节制闸,1.25
2026-04-14 08:20:00,富家岭节制闸,1.25
2026-04-14 08:26:00,富家岭节制闸,1.24
2026-04-14 08:31:00,富家岭节制闸,1.24
2026-04-14 08:37:00,富家岭节制闸,1.23
2026-04-14 08:42:00,富家岭节制闸,1.23
2026-04-14 08:48:00,富家岭节制闸,1.22
2026-04-14 08:53:00,富家岭节制闸,1.22
2026-04-14 08:58:00,富家岭节制闸,1.21
2026-04-14 09:03:00,富家岭节制闸,1.2
2026-04-14 09:09:00,富家岭节制闸,1.2
2026-04-14 09:14:00,富家岭节制闸,1.2
2026-04-14 09:20:00,富家岭节制闸,1.19
2026-04-14 09:25:00,富家岭节制闸,1.19
2026-04-14 09:31:00,富家岭节制闸,1.18
2026-04-14 09:36:00,富家岭节制闸,1.18
2026-04-14 09:41:00,富家岭节制闸,1.18
2026-04-14 09:47:00,富家岭节制闸,1.17
2026-04-14 09:52:00,富家岭节制闸,1.17
2026-04-14 09:58:00,富家岭节制闸,1.16
2026-04-14 10:03:00,富家岭节制闸,1.16
2026-04-14 10:08:00,富家岭节制闸,1.16
2026-04-14 10:14:00,富家岭节制闸,1.15
2026-04-14 10:19:00,富家岭节制闸,1.14
2026-04-14 10:24:00,富家岭节制闸,1.14
2026-04-14 10:30:00,富家岭节制闸,1.14
2026-04-14 10:35:00,富家岭节制闸,1.15
2026-04-14 10:41:00,富家岭节制闸,1.15
2026-04-14 10:46:00,富家岭节制闸,1.15
2026-04-14 10:52:00,富家岭节制闸,1.15
2026-04-14 10:57:00,富家岭节制闸,1.15
2026-04-14 11:02:00,富家岭节制闸,1.16
2026-04-14 11:07:00,富家岭节制闸,1.17
2026-04-14 11:12:00,富家岭节制闸,1.18
2026-04-14 11:18:00,富家岭节制闸,1.18
2026-04-14 11:23:00,富家岭节制闸,1.19
2026-04-14 11:28:00,富家岭节制闸,1.2
2026-04-14 11:34:00,富家岭节制闸,1.21
2026-04-14 11:39:00,富家岭节制闸,1.22
2026-04-14 11:44:00,富家岭节制闸,1.23
2026-04-14 11:49:00,富家岭节制闸,1.23
2026-04-14 11:54:00,富家岭节制闸,1.24
2026-04-14 12:00:00,富家岭节制闸,1.25
2026-04-14 12:05:00,富家岭节制闸,1.26
2026-04-14 12:11:00,富家岭节制闸,1.26
2026-04-14 12:16:00,富家岭节制闸,1.27
2026-04-14 12:21:00,富家岭节制闸,1.28
2026-04-14 12:27:00,富家岭节制闸,1.28
2026-04-14 12:32:00,富家岭节制闸,1.29
2026-04-14 12:37:00,富家岭节制闸,1.29
2026-04-14 12:42:00,富家岭节制闸,1.3
2026-04-14 12:48:00,富家岭节制闸,1.3
2026-04-14 12:53:00,富家岭节制闸,1.31
2026-04-14 12:58:00,富家岭节制闸,1.31
2026-04-14 13:03:00,富家岭节制闸,1.32
2026-04-14 13:09:00,富家岭节制闸,1.32
2026-04-14 13:14:00,富家岭节制闸,1.32
2026-04-14 13:19:00,富家岭节制闸,1.33
2026-04-14 13:25:00,富家岭节制闸,1.33
2026-04-14 13:30:00,富家岭节制闸,1.33
2026-04-14 13:35:00,富家岭节制闸,1.33
2026-04-14 13:40:00,富家岭节制闸,1.33
2026-04-14 13:45:00,富家岭节制闸,1.33
2026-04-14 13:51:00,富家岭节制闸,1.33
2026-04-14 13:56:00,富家岭节制闸,1.33
2026-04-14 14:01:00,富家岭节制闸,1.33
2026-04-14 14:07:00,富家岭节制闸,1.34
2026-04-14 14:12:00,富家岭节制闸,1.34
2026-04-14 14:18:00,富家岭节制闸,1.34
2026-04-14 14:23:00,富家岭节制闸,1.34
2026-04-14 14:28:00,富家岭节制闸,1.34
2026-04-14 14:34:00,富家岭节制闸,1.34
2026-04-14 14:39:00,富家岭节制闸,1.34
2026-04-14 14:45:00,富家岭节制闸,1.34
2026-04-14 14:50:00,富家岭节制闸,1.34
2026-04-14 14:55:00,富家岭节制闸,1.34
2026-04-14 15:00:00,富家岭节制闸,1.34
2026-04-14 15:05:00,富家岭节制闸,1.34
2026-04-14 15:11:00,富家岭节制闸,1.34
2026-04-14 15:16:00,富家岭节制闸,1.35
2026-04-14 15:22:00,富家岭节制闸,1.35
2026-04-14 15:27:00,富家岭节制闸,1.35
2026-04-14 15:32:00,富家岭节制闸,1.35
2026-04-14 15:37:00,富家岭节制闸,1.35
2026-04-14 15:42:00,富家岭节制闸,1.35
2026-04-14 15:48:00,富家岭节制闸,1.35
2026-04-14 15:53:00,富家岭节制闸,1.35
2026-04-14 15:59:00,富家岭节制闸,1.36
2026-04-14 16:04:00,富家岭节制闸,1.36
2026-04-14 16:09:00,富家岭节制闸,1.36
2026-04-14 16:15:00,富家岭节制闸,1.35
2026-04-14 16:20:00,富家岭节制闸,1.34
2026-04-14 16:25:00,富家岭节制闸,1.34
2026-04-14 16:31:00,富家岭节制闸,1.33
2026-04-14 16:54:00,富家岭节制闸,1.32
2026-04-14 16:59:00,富家岭节制闸,1.31
2026-04-14 17:05:00,富家岭节制闸,1.31
2026-04-14 17:10:00,富家岭节制闸,1.31
2026-04-14 17:15:00,富家岭节制闸,1.3
2026-04-14 17:21:00,富家岭节制闸,1.3
2026-04-14 17:26:00,富家岭节制闸,1.29
2026-04-14 17:31:00,富家岭节制闸,1.29
2026-04-14 17:37:00,富家岭节制闸,1.29
2026-04-14 17:42:00,富家岭节制闸,1.28
2026-04-14 17:47:00,富家岭节制闸,1.28
2026-04-14 17:52:00,富家岭节制闸,1.28
2026-04-14 17:58:00,富家岭节制闸,1.27
2026-04-14 18:03:00,富家岭节制闸,1.27
2026-04-14 18:08:00,富家岭节制闸,1.27
2026-04-14 18:13:00,富家岭节制闸,1.26
2026-04-14 18:18:00,富家岭节制闸,1.26
2026-04-14 18:24:00,富家岭节制闸,1.25
2026-04-14 18:29:00,富家岭节制闸,1.25
2026-04-14 18:34:00,富家岭节制闸,1.25
2026-04-14 18:39:00,富家岭节制闸,1.24
2026-04-14 18:45:00,富家岭节制闸,1.24
2026-04-14 18:50:00,富家岭节制闸,1.24
2026-04-14 18:55:00,富家岭节制闸,1.24
2026-04-14 19:01:00,富家岭节制闸,1.23
2026-04-14 19:06:00,富家岭节制闸,1.23
2026-04-14 19:11:00,富家岭节制闸,1.23
2026-04-14 19:16:00,富家岭节制闸,1.22
2026-04-14 19:22:00,富家岭节制闸,1.22
2026-04-14 19:27:00,富家岭节制闸,1.22
2026-04-14 19:33:00,富家岭节制闸,1.22
2026-04-14 19:38:00,富家岭节制闸,1.21
2026-04-14 19:43:00,富家岭节制闸,1.21
2026-04-14 19:48:00,富家岭节制闸,1.21
2026-04-14 19:54:00,富家岭节制闸,1.2
2026-04-14 19:59:00,富家岭节制闸,1.2
2026-04-14 20:05:00,富家岭节制闸,1.2
2026-04-14 20:10:00,富家岭节制闸,1.2
2026-04-14 20:15:00,富家岭节制闸,1.19
2026-04-14 20:20:00,富家岭节制闸,1.19
2026-04-14 20:26:00,富家岭节制闸,1.19
2026-04-14 20:31:00,富家岭节制闸,1.19
2026-04-14 20:36:00,富家岭节制闸,1.19
2026-04-14 20:41:00,富家岭节制闸,1.18
2026-04-14 20:46:00,富家岭节制闸,1.18
2026-04-14 20:51:00,富家岭节制闸,1.18
2026-04-14 20:57:00,富家岭节制闸,1.18
2026-04-14 21:02:00,富家岭节制闸,1.17
2026-04-14 21:07:00,富家岭节制闸,1.17
2026-04-14 21:12:00,富家岭节制闸,1.17
2026-04-14 21:17:00,富家岭节制闸,1.17
2026-04-14 21:23:00,富家岭节制闸,1.17
2026-04-14 21:28:00,富家岭节制闸,1.17
2026-04-14 21:33:00,富家岭节制闸,1.17
2026-04-14 21:38:00,富家岭节制闸,1.18
2026-04-14 21:43:00,富家岭节制闸,1.18
2026-04-14 21:49:00,富家岭节制闸,1.18
2026-04-14 21:54:00,富家岭节制闸,1.18
2026-04-14 21:59:00,富家岭节制闸,1.19
2026-04-14 22:05:00,富家岭节制闸,1.19
2026-04-14 22:10:00,富家岭节制闸,1.19
2026-04-14 22:16:00,富家岭节制闸,1.19
2026-04-14 22:21:00,富家岭节制闸,1.2
2026-04-14 22:26:00,富家岭节制闸,1.2
2026-04-14 22:31:00,富家岭节制闸,1.2
2026-04-14 22:37:00,富家岭节制闸,1.2
2026-04-14 22:42:00,富家岭节制闸,1.21
2026-04-14 22:48:00,富家岭节制闸,1.21
2026-04-14 22:53:00,富家岭节制闸,1.21
2026-04-14 22:58:00,富家岭节制闸,1.21
2026-04-14 23:02:00,富家岭节制闸,1.22
2026-04-14 23:09:00,富家岭节制闸,1.22
2026-04-14 23:14:00,富家岭节制闸,1.22
2026-04-14 23:19:00,富家岭节制闸,1.22
2026-04-14 23:24:00,富家岭节制闸,1.22
2026-04-14 23:30:00,富家岭节制闸,1.23
2026-04-14 23:35:00,富家岭节制闸,1.23
2026-04-14 23:40:00,富家岭节制闸,1.23
2026-04-14 23:45:00,富家岭节制闸,1.23
2026-04-14 23:50:00,富家岭节制闸,1.23
2026-04-14 23:56:00,富家岭节制闸,1.24
2026-04-15 00:01:00,富家岭节制闸,1.24
2026-04-15 00:06:00,富家岭节制闸,1.24
2026-04-15 00:12:00,富家岭节制闸,1.24
2026-04-15 00:17:00,富家岭节制闸,1.25
2026-04-15 00:23:00,富家岭节制闸,1.25
2026-04-15 00:28:00,富家岭节制闸,1.25
2026-04-15 00:33:00,富家岭节制闸,1.25
2026-04-15 00:38:00,富家岭节制闸,1.25
2026-04-15 00:44:00,富家岭节制闸,1.26
2026-04-15 00:49:00,富家岭节制闸,1.26
2026-04-15 00:54:00,富家岭节制闸,1.26
2026-04-15 01:00:00,富家岭节制闸,1.26
2026-04-15 01:05:00,富家岭节制闸,1.26
2026-04-15 01:10:00,富家岭节制闸,1.26
2026-04-15 01:16:00,富家岭节制闸,1.27
2026-04-15 01:21:00,富家岭节制闸,1.27
2026-04-15 01:26:00,富家岭节制闸,1.27
2026-04-15 01:32:00,富家岭节制闸,1.27
2026-04-15 01:37:00,富家岭节制闸,1.27
2026-04-15 01:43:00,富家岭节制闸,1.28
2026-04-15 01:48:00,富家岭节制闸,1.28
2026-04-15 01:54:00,富家岭节制闸,1.28
2026-04-15 01:59:00,富家岭节制闸,1.28
2026-04-15 02:04:00,富家岭节制闸,1.28
2026-04-15 02:10:00,富家岭节制闸,1.28
2026-04-15 02:15:00,富家岭节制闸,1.29
2026-04-15 02:21:00,富家岭节制闸,1.29
2026-04-15 02:26:00,富家岭节制闸,1.29
2026-04-15 02:31:00,富家岭节制闸,1.29
2026-04-15 02:37:00,富家岭节制闸,1.29
2026-04-15 02:42:00,富家岭节制闸,1.3
2026-04-15 02:48:00,富家岭节制闸,1.3
2026-04-15 02:53:00,富家岭节制闸,1.3
2026-04-15 02:58:00,富家岭节制闸,1.3
2026-04-15 03:04:00,富家岭节制闸,1.3
2026-04-15 03:09:00,富家岭节制闸,1.3
2026-04-15 03:14:00,富家岭节制闸,1.3
2026-04-15 03:20:00,富家岭节制闸,1.3
2026-04-15 03:25:00,富家岭节制闸,1.3
2026-04-15 03:31:00,富家岭节制闸,1.3
2026-04-15 03:36:00,富家岭节制闸,1.3
2026-04-15 03:42:00,富家岭节制闸,1.3
2026-04-15 03:47:00,富家岭节制闸,1.3
2026-04-15 03:52:00,富家岭节制闸,1.3
2026-04-15 03:58:00,富家岭节制闸,1.3
2026-04-15 04:03:00,富家岭节制闸,1.3
2026-04-15 04:08:00,富家岭节制闸,1.3
2026-04-15 04:14:00,富家岭节制闸,1.3
2026-04-15 04:19:00,富家岭节制闸,1.3
2026-04-15 04:24:00,富家岭节制闸,1.3
2026-04-15 04:29:00,富家岭节制闸,1.3
2026-04-15 04:35:00,富家岭节制闸,1.3
2026-04-15 04:40:00,富家岭节制闸,1.3
2026-04-15 04:45:00,富家岭节制闸,1.3
2026-04-15 04:51:00,富家岭节制闸,1.3
2026-04-15 04:56:00,富家岭节制闸,1.3
2026-04-15 05:01:00,富家岭节制闸,1.3
2026-04-15 05:06:00,富家岭节制闸,1.3
2026-04-15 05:11:00,富家岭节制闸,1.31
2026-04-15 05:17:00,富家岭节制闸,1.31
2026-04-15 05:22:00,富家岭节制闸,1.31
2026-04-15 05:28:00,富家岭节制闸,1.31
2026-04-15 05:33:00,富家岭节制闸,1.31
2026-04-15 05:39:00,富家岭节制闸,1.31
2026-04-15 05:44:00,富家岭节制闸,1.31
2026-04-15 05:49:00,富家岭节制闸,1.31
2026-04-15 05:55:00,富家岭节制闸,1.31
2026-04-15 06:00:00,富家岭节制闸,1.31
2026-04-15 06:06:00,富家岭节制闸,1.31
2026-04-15 06:11:00,富家岭节制闸,1.31
2026-04-15 06:16:00,富家岭节制闸,1.31
2026-04-15 06:21:00,富家岭节制闸,1.31
2026-04-15 06:27:00,富家岭节制闸,1.31
2026-04-15 06:32:00,富家岭节制闸,1.31
2026-04-15 06:37:00,富家岭节制闸,1.3
2026-04-15 06:43:00,富家岭节制闸,1.3
2026-04-15 06:48:00,富家岭节制闸,1.3
2026-04-15 06:53:00,富家岭节制闸,1.3
2026-04-15 06:59:00,富家岭节制闸,1.3
2026-04-15 07:04:00,富家岭节制闸,1.3
2026-04-15 07:09:00,富家岭节制闸,1.29
2026-04-15 07:14:00,富家岭节制闸,1.29
2026-04-15 07:20:00,富家岭节制闸,1.29
2026-04-15 07:25:00,富家岭节制闸,1.29
2026-04-15 07:31:00,富家岭节制闸,1.29
2026-04-15 07:36:00,富家岭节制闸,1.28
2026-04-15 07:41:00,富家岭节制闸,1.28
2026-04-15 07:47:00,富家岭节制闸,1.28
2026-04-15 07:52:00,富家岭节制闸,1.27
2026-04-15 07:58:00,富家岭节制闸,1.27
2026-04-15 08:03:00,富家岭节制闸,1.27
2026-04-15 08:08:00,富家岭节制闸,1.26
2026-04-15 08:13:00,富家岭节制闸,1.26
2026-04-15 08:18:00,富家岭节制闸,1.25
2026-04-15 08:24:00,富家岭节制闸,1.25
2026-04-15 08:29:00,富家岭节制闸,1.25
2026-04-15 08:34:00,富家岭节制闸,1.24
2026-04-15 08:39:00,富家岭节制闸,1.24
2026-04-15 08:44:00,富家岭节制闸,1.24
2026-04-15 08:49:00,富家岭节制闸,1.23
2026-04-15 08:55:00,富家岭节制闸,1.23
2026-04-15 09:00:00,富家岭节制闸,1.22
2026-04-15 09:06:00,富家岭节制闸,1.22
2026-04-15 09:11:00,富家岭节制闸,1.22
2026-04-15 09:17:00,富家岭节制闸,1.21
2026-04-15 09:22:00,富家岭节制闸,1.21
2026-04-15 09:27:00,富家岭节制闸,1.21
2026-04-15 09:33:00,富家岭节制闸,1.2
2026-04-15 09:38:00,富家岭节制闸,1.2
2026-04-15 09:43:00,富家岭节制闸,1.2
2026-04-15 09:48:00,富家岭节制闸,1.19
2026-04-15 09:54:00,富家岭节制闸,1.19
2026-04-15 09:59:00,富家岭节制闸,1.19
2026-04-15 10:04:00,富家岭节制闸,1.18
2026-04-15 10:09:00,富家岭节制闸,1.18
2026-04-15 10:14:00,富家岭节制闸,1.18
2026-04-15 10:19:00,富家岭节制闸,1.17
2026-04-15 10:24:00,富家岭节制闸,1.17
2026-04-15 10:29:00,富家岭节制闸,1.17
2026-04-15 10:34:00,富家岭节制闸,1.16
2026-04-15 10:40:00,富家岭节制闸,1.16
2026-04-15 10:45:00,富家岭节制闸,1.16
2026-04-15 10:50:00,富家岭节制闸,1.16
2026-04-15 10:56:00,富家岭节制闸,1.15
2026-04-15 11:01:00,富家岭节制闸,1.15
2026-04-15 11:06:00,富家岭节制闸,1.15
2026-04-15 11:11:00,富家岭节制闸,1.14
2026-04-15 11:17:00,富家岭节制闸,1.14
2026-04-15 11:22:00,富家岭节制闸,1.14
2026-04-15 11:27:00,富家岭节制闸,1.13
2026-04-15 11:33:00,富家岭节制闸,1.13
2026-04-15 11:38:00,富家岭节制闸,1.13
2026-04-15 11:43:00,富家岭节制闸,1.13
2026-04-15 11:49:00,富家岭节制闸,1.12
2026-04-15 11:54:00,富家岭节制闸,1.12
2026-04-15 12:00:00,富家岭节制闸,1.12
2026-04-15 12:05:00,富家岭节制闸,1.12
2026-04-15 12:10:00,富家岭节制闸,1.11
2026-04-15 12:16:00,富家岭节制闸,1.11
2026-04-15 12:21:00,富家岭节制闸,1.11
2026-04-15 12:27:00,富家岭节制闸,1.11
2026-04-15 12:32:00,富家岭节制闸,1.11
2026-04-15 12:38:00,富家岭节制闸,1.11
2026-04-15 12:43:00,富家岭节制闸,1.11
2026-04-15 12:48:00,富家岭节制闸,1.11
2026-04-15 12:54:00,富家岭节制闸,1.11
2026-04-15 12:59:00,富家岭节制闸,1.11
2026-04-15 13:04:00,富家岭节制闸,1.11
2026-04-15 13:10:00,富家岭节制闸,1.11
2026-04-15 13:15:00,富家岭节制闸,1.12
2026-04-15 13:20:00,富家岭节制闸,1.12
2026-04-15 13:26:00,富家岭节制闸,1.12
2026-04-15 13:31:00,富家岭节制闸,1.12
2026-04-15 13:37:00,富家岭节制闸,1.13
2026-04-15 13:42:00,富家岭节制闸,1.12
2026-04-15 13:47:00,富家岭节制闸,1.12
2026-04-15 13:52:00,富家岭节制闸,1.13
2026-04-15 13:58:00,富家岭节制闸,1.13
2026-04-15 14:03:00,富家岭节制闸,1.13
2026-04-15 14:08:00,富家岭节制闸,1.13
2026-04-15 14:14:00,富家岭节制闸,1.13
2026-04-15 14:19:00,富家岭节制闸,1.13
2026-04-15 14:24:00,富家岭节制闸,1.13
2026-04-15 14:29:00,富家岭节制闸,1.13
2026-04-15 14:34:00,富家岭节制闸,1.13
2026-04-15 14:39:00,富家岭节制闸,1.13
2026-04-15 14:45:00,富家岭节制闸,1.13
2026-04-15 14:50:00,富家岭节制闸,1.13
2026-04-15 14:56:00,富家岭节制闸,1.13
2026-04-15 15:01:00,富家岭节制闸,1.13
2026-04-15 15:06:00,富家岭节制闸,1.14
2026-04-15 15:12:00,富家岭节制闸,1.13
2026-04-15 15:17:00,富家岭节制闸,1.13
2026-04-15 15:22:00,富家岭节制闸,1.13
2026-04-15 15:27:00,富家岭节制闸,1.14
2026-04-15 15:33:00,富家岭节制闸,1.14
2026-04-15 15:38:00,富家岭节制闸,1.14
2026-04-15 15:44:00,富家岭节制闸,1.14
2026-04-15 15:49:00,富家岭节制闸,1.14
2026-04-15 15:54:00,富家岭节制闸,1.13
2026-04-15 15:59:00,富家岭节制闸,1.14
2026-04-15 16:05:00,富家岭节制闸,1.14
2026-04-15 16:10:00,富家岭节制闸,1.14
2026-04-15 16:15:00,富家岭节制闸,1.14
2026-04-15 16:21:00,富家岭节制闸,1.14
2026-04-15 16:26:00,富家岭节制闸,1.14
2026-04-15 16:32:00,富家岭节制闸,1.14
2026-04-15 16:37:00,富家岭节制闸,1.14
2026-04-15 16:42:00,富家岭节制闸,1.14
2026-04-15 16:47:00,富家岭节制闸,1.14
2026-04-15 16:52:00,富家岭节制闸,1.15
2026-04-15 16:58:00,富家岭节制闸,1.15
2026-04-15 17:03:00,富家岭节制闸,1.15
2026-04-15 17:08:00,富家岭节制闸,1.15
2026-04-15 17:13:00,富家岭节制闸,1.15
2026-04-15 17:18:00,富家岭节制闸,1.15
2026-04-15 17:24:00,富家岭节制闸,1.16
2026-04-15 17:29:00,富家岭节制闸,1.15
2026-04-15 17:34:00,富家岭节制闸,1.16
2026-04-15 17:39:00,富家岭节制闸,1.16
2026-04-15 17:44:00,富家岭节制闸,1.16
2026-04-15 17:50:00,富家岭节制闸,1.17
2026-04-15 17:55:00,富家岭节制闸,1.16
2026-04-15 18:00:00,富家岭节制闸,1.17
2026-04-15 18:06:00,富家岭节制闸,1.17
2026-04-15 18:11:00,富家岭节制闸,1.17
2026-04-15 18:17:00,富家岭节制闸,1.18
2026-04-15 18:22:00,富家岭节制闸,1.18
2026-04-15 18:27:00,富家岭节制闸,1.18
2026-04-15 18:33:00,富家岭节制闸,1.18
2026-04-15 18:38:00,富家岭节制闸,1.18
2026-04-15 18:44:00,富家岭节制闸,1.18
2026-04-15 18:49:00,富家岭节制闸,1.19
2026-04-15 18:54:00,富家岭节制闸,1.19
2026-04-15 18:59:00,富家岭节制闸,1.19
2026-04-15 19:04:00,富家岭节制闸,1.19
2026-04-15 19:09:00,富家岭节制闸,1.19
2026-04-15 19:15:00,富家岭节制闸,1.2
2026-04-15 19:20:00,富家岭节制闸,1.2
2026-04-15 19:26:00,富家岭节制闸,1.2
2026-04-15 19:31:00,富家岭节制闸,1.2
2026-04-15 19:36:00,富家岭节制闸,1.2
2026-04-15 19:41:00,富家岭节制闸,1.2
2026-04-15 19:47:00,富家岭节制闸,1.2
2026-04-15 19:52:00,富家岭节制闸,1.2
2026-04-15 19:57:00,富家岭节制闸,1.2
2026-04-15 20:02:00,富家岭节制闸,1.2
2026-04-15 20:07:00,富家岭节制闸,1.2
2026-04-15 20:12:00,富家岭节制闸,1.2
2026-04-15 20:17:00,富家岭节制闸,1.2
2026-04-15 20:23:00,富家岭节制闸,1.2
2026-04-15 20:28:00,富家岭节制闸,1.2
2026-04-15 20:33:00,富家岭节制闸,1.2
2026-04-15 20:39:00,富家岭节制闸,1.2
2026-04-15 20:44:00,富家岭节制闸,1.2
2026-04-15 20:50:00,富家岭节制闸,1.2
2026-04-15 20:55:00,富家岭节制闸,1.2
2026-04-15 21:00:00,富家岭节制闸,1.2
2026-04-15 21:05:00,富家岭节制闸,1.2
2026-04-15 21:11:00,富家岭节制闸,1.2
2026-04-15 21:16:00,富家岭节制闸,1.2
2026-04-15 21:22:00,富家岭节制闸,1.2
2026-04-15 21:27:00,富家岭节制闸,1.2
2026-04-15 21:32:00,富家岭节制闸,1.2
2026-04-15 21:38:00,富家岭节制闸,1.2
2026-04-15 21:43:00,富家岭节制闸,1.2
2026-04-15 21:48:00,富家岭节制闸,1.2
2026-04-15 21:54:00,富家岭节制闸,1.2
2026-04-15 21:59:00,富家岭节制闸,1.2
2026-04-15 22:05:00,富家岭节制闸,1.2
2026-04-15 22:10:00,富家岭节制闸,1.2
2026-04-15 22:15:00,富家岭节制闸,1.2
2026-04-15 22:21:00,富家岭节制闸,1.2
2026-04-15 22:26:00,富家岭节制闸,1.2
2026-04-15 22:31:00,富家岭节制闸,1.2
2026-04-15 22:36:00,富家岭节制闸,1.2
2026-04-15 22:42:00,富家岭节制闸,1.2
2026-04-15 22:47:00,富家岭节制闸,1.2
2026-04-15 22:53:00,富家岭节制闸,1.2
2026-04-15 22:58:00,富家岭节制闸,1.2
2026-04-15 23:03:00,富家岭节制闸,1.2
2026-04-15 23:09:00,富家岭节制闸,1.2
2026-04-15 23:15:00,富家岭节制闸,1.19
2026-04-15 23:20:00,富家岭节制闸,1.19
2026-04-15 23:25:00,富家岭节制闸,1.19
2026-04-15 23:30:00,富家岭节制闸,1.19
2026-04-15 23:36:00,富家岭节制闸,1.19
2026-04-15 23:41:00,富家岭节制闸,1.19
2026-04-15 23:46:00,富家岭节制闸,1.19
2026-04-15 23:52:00,富家岭节制闸,1.19
2026-04-15 23:57:00,富家岭节制闸,1.19
2026-04-16 00:02:00,富家岭节制闸,1.19
2026-04-16 00:08:00,富家岭节制闸,1.19
2026-04-16 00:13:00,富家岭节制闸,1.19
2026-04-16 00:18:00,富家岭节制闸,1.19
2026-04-16 00:24:00,富家岭节制闸,1.19
2026-04-16 00:29:00,富家岭节制闸,1.19
2026-04-16 00:34:00,富家岭节制闸,1.19
2026-04-16 00:39:00,富家岭节制闸,1.19
2026-04-16 00:45:00,富家岭节制闸,1.19
2026-04-16 00:50:00,富家岭节制闸,1.19
2026-04-16 00:55:00,富家岭节制闸,1.2
2026-04-16 01:00:00,富家岭节制闸,1.2
2026-04-16 01:05:00,富家岭节制闸,1.2
2026-04-16 01:10:00,富家岭节制闸,1.2
2026-04-16 01:16:00,富家岭节制闸,1.2
2026-04-16 01:21:00,富家岭节制闸,1.2
2026-04-16 01:26:00,富家岭节制闸,1.2
2026-04-16 01:31:00,富家岭节制闸,1.2
2026-04-16 01:36:00,富家岭节制闸,1.2
2026-04-16 01:42:00,富家岭节制闸,1.2
2026-04-16 01:47:00,富家岭节制闸,1.2
2026-04-16 01:52:00,富家岭节制闸,1.2
2026-04-16 01:57:00,富家岭节制闸,1.2
2026-04-16 02:03:00,富家岭节制闸,1.2
2026-04-16 02:08:00,富家岭节制闸,1.2
2026-04-16 02:13:00,富家岭节制闸,1.2
2026-04-16 02:18:00,富家岭节制闸,1.2
2026-04-16 02:23:00,富家岭节制闸,1.2
2026-04-16 02:29:00,富家岭节制闸,1.2
2026-04-16 02:34:00,富家岭节制闸,1.2
2026-04-16 02:40:00,富家岭节制闸,1.2
2026-04-16 02:45:00,富家岭节制闸,1.2
2026-04-16 02:50:00,富家岭节制闸,1.2
2026-04-16 02:56:00,富家岭节制闸,1.2
2026-04-16 03:01:00,富家岭节制闸,1.2
2026-04-16 03:07:00,富家岭节制闸,1.19
2026-04-16 03:12:00,富家岭节制闸,1.21
2026-04-16 03:17:00,富家岭节制闸,1.21
2026-04-16 03:22:00,富家岭节制闸,1.21
2026-04-16 03:27:00,富家岭节制闸,1.21
2026-04-16 03:33:00,富家岭节制闸,1.21
2026-04-16 03:38:00,富家岭节制闸,1.2
2026-04-16 03:43:00,富家岭节制闸,1.2
2026-04-16 03:49:00,富家岭节制闸,1.2
2026-04-16 03:54:00,富家岭节制闸,1.2
2026-04-16 03:59:00,富家岭节制闸,1.2
2026-04-16 04:05:00,富家岭节制闸,1.2
2026-04-16 04:10:00,富家岭节制闸,1.2
2026-04-16 04:15:00,富家岭节制闸,1.2
2026-04-16 04:20:00,富家岭节制闸,1.2
2026-04-16 04:26:00,富家岭节制闸,1.19
2026-04-16 04:31:00,富家岭节制闸,1.19
2026-04-16 04:37:00,富家岭节制闸,1.19
2026-04-16 04:42:00,富家岭节制闸,1.19
2026-04-16 04:47:00,富家岭节制闸,1.19
2026-04-16 04:52:00,富家岭节制闸,1.19
2026-04-16 04:57:00,富家岭节制闸,1.19
2026-04-16 05:02:00,富家岭节制闸,1.19
2026-04-16 05:08:00,富家岭节制闸,1.18
2026-04-16 05:13:00,富家岭节制闸,1.18
2026-04-16 05:19:00,富家岭节制闸,1.18
2026-04-16 05:24:00,富家岭节制闸,1.18
2026-04-16 05:29:00,富家岭节制闸,1.18
2026-04-16 05:34:00,富家岭节制闸,1.18
2026-04-16 05:40:00,富家岭节制闸,1.17
2026-04-16 05:45:00,富家岭节制闸,1.17
2026-04-16 05:51:00,富家岭节制闸,1.17
2026-04-16 05:56:00,富家岭节制闸,1.17
2026-04-16 06:01:00,富家岭节制闸,1.17
2026-04-16 06:07:00,富家岭节制闸,1.17
2026-04-16 06:12:00,富家岭节制闸,1.17
2026-04-16 06:17:00,富家岭节制闸,1.16
2026-04-16 06:23:00,富家岭节制闸,1.16
2026-04-16 06:28:00,富家岭节制闸,1.16
2026-04-16 06:33:00,富家岭节制闸,1.16
2026-04-16 06:39:00,富家岭节制闸,1.16
2026-04-16 06:44:00,富家岭节制闸,1.16
2026-04-16 06:49:00,富家岭节制闸,1.16
2026-04-16 06:55:00,富家岭节制闸,1.16
2026-04-16 07:00:00,富家岭节制闸,1.15
2026-04-16 07:06:00,富家岭节制闸,1.15
2026-04-16 07:11:00,富家岭节制闸,1.15
2026-04-16 07:16:00,富家岭节制闸,1.15
2026-04-16 07:22:00,富家岭节制闸,1.15
2026-04-16 07:27:00,富家岭节制闸,1.15
2026-04-16 07:32:00,富家岭节制闸,1.15
2026-04-16 07:38:00,富家岭节制闸,1.15
2026-04-16 07:43:00,富家岭节制闸,1.14
2026-04-16 07:49:00,富家岭节制闸,1.14
2026-04-16 07:54:00,富家岭节制闸,1.14
2026-04-16 08:00:00,富家岭节制闸,1.14
2026-04-16 08:05:00,富家岭节制闸,1.14
2026-04-16 08:10:00,富家岭节制闸,1.14
2026-04-16 08:15:00,富家岭节制闸,1.14
2026-04-16 08:21:00,富家岭节制闸,1.14
2026-04-16 08:26:00,富家岭节制闸,1.14
2026-04-16 08:32:00,富家岭节制闸,1.14
2026-04-16 08:37:00,富家岭节制闸,1.14
2026-04-16 08:42:00,富家岭节制闸,1.14
2026-04-16 08:47:00,富家岭节制闸,1.14
2026-04-16 08:52:00,富家岭节制闸,1.15
2026-04-16 08:57:00,富家岭节制闸,1.15
2026-04-16 09:03:00,富家岭节制闸,1.15
2026-04-16 09:08:00,富家岭节制闸,1.15
2026-04-16 09:13:00,富家岭节制闸,1.15
2026-04-16 09:18:00,富家岭节制闸,1.15
2026-04-16 09:24:00,富家岭节制闸,1.15
2026-04-16 09:29:00,富家岭节制闸,1.15
2026-04-16 09:34:00,富家岭节制闸,1.15
2026-04-16 09:40:00,富家岭节制闸,1.16
2026-04-16 09:45:00,富家岭节制闸,1.17
2026-04-16 09:50:00,富家岭节制闸,1.17
2026-04-16 09:56:00,富家岭节制闸,1.18
2026-04-16 10:01:00,富家岭节制闸,1.18
2026-04-16 10:06:00,富家岭节制闸,1.19
2026-04-16 10:11:00,富家岭节制闸,1.2
2026-04-16 10:17:00,富家岭节制闸,1.2
2026-04-16 10:22:00,富家岭节制闸,1.21
2026-04-16 10:28:00,富家岭节制闸,1.22
2026-04-16 10:33:00,富家岭节制闸,1.22
2026-04-16 10:39:00,富家岭节制闸,1.23
2026-04-16 10:44:00,富家岭节制闸,1.24
2026-04-16 10:50:00,富家岭节制闸,1.25
2026-04-16 10:55:00,富家岭节制闸,1.25
2026-04-16 11:00:00,富家岭节制闸,1.26
2026-04-16 11:05:00,富家岭节制闸,1.27
2026-04-16 11:10:00,富家岭节制闸,1.27
2026-04-16 11:16:00,富家岭节制闸,1.28
2026-04-16 11:21:00,富家岭节制闸,1.28
2026-04-16 11:26:00,富家岭节制闸,1.29
2026-04-16 11:31:00,富家岭节制闸,1.29
2026-04-16 11:37:00,富家岭节制闸,1.3
2026-04-16 11:42:00,富家岭节制闸,1.31
2026-04-16 11:47:00,富家岭节制闸,1.31
2026-04-16 11:52:00,富家岭节制闸,1.32
2026-04-16 11:57:00,富家岭节制闸,1.32
2026-04-16 12:03:00,富家岭节制闸,1.33
2026-04-16 12:08:00,富家岭节制闸,1.33
2026-04-16 12:13:00,富家岭节制闸,1.34
2026-04-16 12:19:00,富家岭节制闸,1.34
2026-04-16 12:24:00,富家岭节制闸,1.35
2026-04-16 12:30:00,富家岭节制闸,1.35
2026-04-16 12:35:00,富家岭节制闸,1.36
2026-04-16 12:40:00,富家岭节制闸,1.36
2026-04-16 12:45:00,富家岭节制闸,1.36
2026-04-16 12:50:00,富家岭节制闸,1.37
2026-04-16 12:56:00,富家岭节制闸,1.37
2026-04-16 13:01:00,富家岭节制闸,1.37
2026-04-16 13:06:00,富家岭节制闸,1.38
2026-04-16 13:12:00,富家岭节制闸,1.38
2026-04-16 13:17:00,富家岭节制闸,1.38
2026-04-16 13:22:00,富家岭节制闸,1.39
2026-04-16 13:27:00,富家岭节制闸,1.39
2026-04-16 13:32:00,富家岭节制闸,1.39
2026-04-16 13:37:00,富家岭节制闸,1.4
2026-04-16 13:43:00,富家岭节制闸,1.4
2026-04-16 13:48:00,富家岭节制闸,1.4
2026-04-16 13:54:00,富家岭节制闸,1.41
2026-04-16 13:59:00,富家岭节制闸,1.41
2026-04-16 14:04:00,富家岭节制闸,1.41
2026-04-16 14:10:00,富家岭节制闸,1.42
2026-04-16 14:15:00,富家岭节制闸,1.41
2026-04-16 14:20:00,富家岭节制闸,1.42
2026-04-16 14:25:00,富家岭节制闸,1.4
2026-04-16 14:31:00,富家岭节制闸,1.4
2026-04-16 14:36:00,富家岭节制闸,1.39
2026-04-16 14:41:00,富家岭节制闸,1.4
2026-04-16 14:46:00,富家岭节制闸,1.4
2026-04-16 14:52:00,富家岭节制闸,1.39
2026-04-16 14:57:00,富家岭节制闸,1.4
2026-04-16 15:03:00,富家岭节制闸,1.39
2026-04-16 15:08:00,富家岭节制闸,1.39
2026-04-16 15:13:00,富家岭节制闸,1.39
2026-04-16 15:18:00,富家岭节制闸,1.39
2026-04-16 15:24:00,富家岭节制闸,1.39
2026-04-16 15:29:00,富家岭节制闸,1.38
2026-04-16 15:34:00,富家岭节制闸,1.38
2026-04-16 15:39:00,富家岭节制闸,1.38
2026-04-16 15:44:00,富家岭节制闸,1.38
2026-04-16 15:50:00,富家岭节制闸,1.38
2026-04-16 15:55:00,富家岭节制闸,1.37
2026-04-16 16:01:00,富家岭节制闸,1.37
2026-04-16 16:06:00,富家岭节制闸,1.37
2026-04-16 16:11:00,富家岭节制闸,1.37
2026-04-16 16:16:00,富家岭节制闸,1.37
2026-04-16 16:22:00,富家岭节制闸,1.37
2026-04-16 16:27:00,富家岭节制闸,1.37
2026-04-16 16:33:00,富家岭节制闸,1.36
2026-04-16 16:38:00,富家岭节制闸,1.36
2026-04-16 16:44:00,富家岭节制闸,1.36
2026-04-16 16:49:00,富家岭节制闸,1.36
2026-04-16 16:54:00,富家岭节制闸,1.36
2026-04-16 16:59:00,富家岭节制闸,1.35
2026-04-16 17:05:00,富家岭节制闸,1.35
2026-04-16 17:10:00,富家岭节制闸,1.35
2026-04-16 17:15:00,富家岭节制闸,1.35
2026-04-16 17:21:00,富家岭节制闸,1.35
2026-04-16 17:26:00,富家岭节制闸,1.35
2026-04-16 17:31:00,富家岭节制闸,1.35
2026-04-16 17:36:00,富家岭节制闸,1.34
2026-04-16 17:41:00,富家岭节制闸,1.34
2026-04-16 17:47:00,富家岭节制闸,1.34
2026-04-16 17:52:00,富家岭节制闸,1.34
2026-04-16 17:57:00,富家岭节制闸,1.34
2026-04-16 18:03:00,富家岭节制闸,1.34
2026-04-16 18:08:00,富家岭节制闸,1.33
2026-04-16 18:13:00,富家岭节制闸,1.33
2026-04-16 18:18:00,富家岭节制闸,1.33
2026-04-16 18:24:00,富家岭节制闸,1.33
2026-04-16 18:29:00,富家岭节制闸,1.33
2026-04-16 18:34:00,富家岭节制闸,1.33
2026-04-16 18:39:00,富家岭节制闸,1.33
2026-04-16 18:45:00,富家岭节制闸,1.32
2026-04-16 18:50:00,富家岭节制闸,1.33
2026-04-16 18:55:00,富家岭节制闸,1.33
2026-04-16 19:01:00,富家岭节制闸,1.33
2026-04-16 19:06:00,富家岭节制闸,1.33
2026-04-16 19:12:00,富家岭节制闸,1.33
2026-04-16 19:17:00,富家岭节制闸,1.32
2026-04-16 19:22:00,富家岭节制闸,1.32
2026-04-16 19:27:00,富家岭节制闸,1.32
2026-04-16 19:33:00,富家岭节制闸,1.32
2026-04-16 19:38:00,富家岭节制闸,1.32
2026-04-16 19:43:00,富家岭节制闸,1.32
2026-04-16 19:48:00,富家岭节制闸,1.33
2026-04-16 19:53:00,富家岭节制闸,1.33
2026-04-16 19:58:00,富家岭节制闸,1.33
2026-04-16 20:04:00,富家岭节制闸,1.34
2026-04-16 20:09:00,富家岭节制闸,1.34
2026-04-16 20:14:00,富家岭节制闸,1.34
2026-04-16 20:20:00,富家岭节制闸,1.34
2026-04-16 20:25:00,富家岭节制闸,1.35
2026-04-16 20:30:00,富家岭节制闸,1.35
2026-04-16 20:36:00,富家岭节制闸,1.35
2026-04-16 20:41:00,富家岭节制闸,1.35
2026-04-16 20:47:00,富家岭节制闸,1.36
2026-04-16 20:52:00,富家岭节制闸,1.36
2026-04-16 20:57:00,富家岭节制闸,1.36
2026-04-16 21:03:00,富家岭节制闸,1.36
2026-04-16 21:08:00,富家岭节制闸,1.37
2026-04-16 21:13:00,富家岭节制闸,1.42
2026-04-16 21:19:00,富家岭节制闸,1.46
2026-04-16 21:24:00,富家岭节制闸,1.49
2026-04-16 21:29:00,富家岭节制闸,1.52
2026-04-16 21:35:00,富家岭节制闸,1.54
2026-04-16 21:40:00,富家岭节制闸,1.57
2026-04-16 21:45:00,富家岭节制闸,1.6
2026-04-16 21:50:00,富家岭节制闸,1.62
2026-04-16 21:56:00,富家岭节制闸,1.64
2026-04-16 22:01:00,富家岭节制闸,1.67
2026-04-16 22:07:00,富家岭节制闸,1.69
2026-04-16 22:12:00,富家岭节制闸,1.71
2026-04-16 22:17:00,富家岭节制闸,1.63
2026-04-16 22:22:00,富家岭节制闸,1.65
2026-04-16 22:27:00,富家岭节制闸,1.65
2026-04-16 22:33:00,富家岭节制闸,1.64
2026-04-16 22:38:00,富家岭节制闸,1.63
2026-04-16 22:43:00,富家岭节制闸,1.63
2026-04-16 22:48:00,富家岭节制闸,1.62
2026-04-16 22:54:00,富家岭节制闸,1.61
2026-04-16 22:59:00,富家岭节制闸,1.62
2026-04-16 23:03:00,富家岭节制闸,1.62
2026-04-16 23:10:00,富家岭节制闸,1.62
2026-04-16 23:15:00,富家岭节制闸,1.61
2026-04-16 23:21:00,富家岭节制闸,1.61
2026-04-16 23:26:00,富家岭节制闸,1.61
2026-04-16 23:31:00,富家岭节制闸,1.61
2026-04-16 23:36:00,富家岭节制闸,1.61
2026-04-16 23:41:00,富家岭节制闸,1.6
2026-04-16 23:47:00,富家岭节制闸,1.6
2026-04-16 23:52:00,富家岭节制闸,1.6
2026-04-16 23:57:00,富家岭节制闸,1.6
2026-04-17 00:03:00,富家岭节制闸,1.6
2026-04-17 00:08:00,富家岭节制闸,1.59
2026-04-17 00:13:00,富家岭节制闸,1.59
2026-04-17 00:18:00,富家岭节制闸,1.59
2026-04-17 00:24:00,富家岭节制闸,1.58
2026-04-17 00:29:00,富家岭节制闸,1.58
2026-04-17 00:34:00,富家岭节制闸,1.58
2026-04-17 00:40:00,富家岭节制闸,1.57
2026-04-17 00:45:00,富家岭节制闸,1.57
2026-04-17 00:50:00,富家岭节制闸,1.57
2026-04-17 00:55:00,富家岭节制闸,1.56
2026-04-17 01:01:00,富家岭节制闸,1.56
2026-04-17 01:06:00,富家岭节制闸,1.56
2026-04-17 01:11:00,富家岭节制闸,1.55
2026-04-17 01:16:00,富家岭节制闸,1.55
2026-04-17 01:21:00,富家岭节制闸,1.53
2026-04-17 01:26:00,富家岭节制闸,1.52
2026-04-17 01:32:00,富家岭节制闸,1.51
2026-04-17 01:37:00,富家岭节制闸,1.5
2026-04-17 01:43:00,富家岭节制闸,1.49
2026-04-17 01:48:00,富家岭节制闸,1.48
2026-04-17 01:53:00,富家岭节制闸,1.47
2026-04-17 01:58:00,富家岭节制闸,1.47
2026-04-17 02:03:00,富家岭节制闸,1.46
2026-04-17 02:08:00,富家岭节制闸,1.45
2026-04-17 02:13:00,富家岭节制闸,1.44
2026-04-17 02:19:00,富家岭节制闸,1.43
2026-04-17 02:24:00,富家岭节制闸,1.43
2026-04-17 02:29:00,富家岭节制闸,1.42
2026-04-17 02:35:00,富家岭节制闸,1.41
2026-04-17 02:40:00,富家岭节制闸,1.4
2026-04-17 02:46:00,富家岭节制闸,1.41
2026-04-17 02:51:00,富家岭节制闸,1.44
2026-04-17 02:56:00,富家岭节制闸,1.44
2026-04-17 03:02:00,富家岭节制闸,1.46
2026-04-17 03:07:00,富家岭节制闸,1.47
2026-04-17 03:12:00,富家岭节制闸,1.47
2026-04-17 03:18:00,富家岭节制闸,1.48
2026-04-17 03:23:00,富家岭节制闸,1.49
2026-04-17 03:29:00,富家岭节制闸,1.5
2026-04-17 03:34:00,富家岭节制闸,1.5
2026-04-17 03:39:00,富家岭节制闸,1.51
2026-04-17 03:45:00,富家岭节制闸,1.52
2026-04-17 03:50:00,富家岭节制闸,1.52
2026-04-17 03:55:00,富家岭节制闸,1.52
2026-04-17 04:01:00,富家岭节制闸,1.53
2026-04-17 04:06:00,富家岭节制闸,1.53
2026-04-17 04:11:00,富家岭节制闸,1.54
2026-04-17 04:17:00,富家岭节制闸,1.54
2026-04-17 04:22:00,富家岭节制闸,1.55
2026-04-17 04:28:00,富家岭节制闸,1.55
2026-04-17 04:33:00,富家岭节制闸,1.55
2026-04-17 04:38:00,富家岭节制闸,1.55
2026-04-17 04:44:00,富家岭节制闸,1.56
2026-04-17 04:49:00,富家岭节制闸,1.56
2026-04-17 04:54:00,富家岭节制闸,1.56
2026-04-17 05:00:00,富家岭节制闸,1.57
2026-04-17 05:05:00,富家岭节制闸,1.57
2026-04-17 05:10:00,富家岭节制闸,1.58
2026-04-17 05:16:00,富家岭节制闸,1.58
2026-04-17 05:21:00,富家岭节制闸,1.59
2026-04-17 05:26:00,富家岭节制闸,1.58
2026-04-17 05:32:00,富家岭节制闸,1.58
2026-04-17 05:37:00,富家岭节制闸,1.58
2026-04-17 05:43:00,富家岭节制闸,1.57
2026-04-17 05:48:00,富家岭节制闸,1.59
2026-04-17 05:53:00,富家岭节制闸,1.59
2026-04-17 05:59:00,富家岭节制闸,1.59
2026-04-17 06:04:00,富家岭节制闸,1.6
2026-04-17 06:09:00,富家岭节制闸,1.6
2026-04-17 06:15:00,富家岭节制闸,1.6
2026-04-17 06:20:00,富家岭节制闸,1.61
2026-04-17 06:26:00,富家岭节制闸,1.61
2026-04-17 06:31:00,富家岭节制闸,1.55
2026-04-17 06:36:00,富家岭节制闸,1.55
2026-04-17 06:41:00,富家岭节制闸,1.54
2026-04-17 06:47:00,富家岭节制闸,1.53
2026-04-17 06:52:00,富家岭节制闸,1.52
2026-04-17 06:58:00,富家岭节制闸,1.51
2026-04-17 07:03:00,富家岭节制闸,1.5
2026-04-17 07:08:00,富家岭节制闸,1.5
2026-04-17 07:14:00,富家岭节制闸,1.49
2026-04-17 07:19:00,富家岭节制闸,1.49
2026-04-17 07:24:00,富家岭节制闸,1.49
2026-04-17 07:29:00,富家岭节制闸,1.49
2026-04-17 07:35:00,富家岭节制闸,1.5
2026-04-17 07:40:00,富家岭节制闸,1.5
2026-04-17 07:46:00,富家岭节制闸,1.51
2026-04-17 07:51:00,富家岭节制闸,1.51
2026-04-17 07:57:00,富家岭节制闸,1.52
2026-04-17 08:02:00,富家岭节制闸,1.52
2026-04-17 08:07:00,富家岭节制闸,1.52
2026-04-17 08:13:00,富家岭节制闸,1.53
2026-04-17 08:18:00,富家岭节制闸,1.53
2026-04-17 08:23:00,富家岭节制闸,1.53
2026-04-17 08:29:00,富家岭节制闸,1.54
2026-04-17 08:34:00,富家岭节制闸,1.54
2026-04-17 08:39:00,富家岭节制闸,1.54
2026-04-17 08:45:00,富家岭节制闸,1.54
2026-04-17 08:50:00,富家岭节制闸,1.53
2026-04-17 08:55:00,富家岭节制闸,1.53
2026-04-17 09:01:00,富家岭节制闸,1.53
2026-04-17 09:06:00,富家岭节制闸,1.53
2026-04-17 09:11:00,富家岭节制闸,1.53
2026-04-17 09:17:00,富家岭节制闸,1.53
2026-04-17 09:22:00,富家岭节制闸,1.53
2026-04-17 09:27:00,富家岭节制闸,1.53
2026-04-17 09:33:00,富家岭节制闸,1.53
2026-04-17 09:38:00,富家岭节制闸,1.53
2026-04-17 09:43:00,富家岭节制闸,1.53
2026-04-17 09:48:00,富家岭节制闸,1.52
2026-04-17 09:53:00,富家岭节制闸,1.51
2026-04-17 09:58:00,富家岭节制闸,1.51
2026-04-17 10:03:00,富家岭节制闸,1.5
2026-04-17 10:09:00,富家岭节制闸,1.5
2026-04-17 10:14:00,富家岭节制闸,1.49
2026-04-17 10:19:00,富家岭节制闸,1.49
2026-04-17 10:25:00,富家岭节制闸,1.48
2026-04-17 10:30:00,富家岭节制闸,1.48
2026-04-17 10:35:00,富家岭节制闸,1.48
2026-04-17 10:40:00,富家岭节制闸,1.47
2026-04-17 10:45:00,富家岭节制闸,1.47
2026-04-17 10:51:00,富家岭节制闸,1.47
2026-04-17 10:56:00,富家岭节制闸,1.48
2026-04-17 11:01:00,富家岭节制闸,1.48
2026-04-17 11:06:00,富家岭节制闸,1.49
2026-04-17 11:12:00,富家岭节制闸,1.5
2026-04-17 11:17:00,富家岭节制闸,1.5
2026-04-17 11:22:00,富家岭节制闸,1.51
2026-04-17 11:28:00,富家岭节制闸,1.51
2026-04-17 11:33:00,富家岭节制闸,1.52
2026-04-17 11:38:00,富家岭节制闸,1.53
2026-04-17 11:44:00,富家岭节制闸,1.53
2026-04-17 11:49:00,富家岭节制闸,1.53
2026-04-17 11:55:00,富家岭节制闸,1.54
2026-04-17 12:00:00,富家岭节制闸,1.54
2026-04-17 12:05:00,富家岭节制闸,1.55
2026-04-17 12:10:00,富家岭节制闸,1.55
2026-04-17 12:16:00,富家岭节制闸,1.56
2026-04-17 12:21:00,富家岭节制闸,1.55
2026-04-17 12:26:00,富家岭节制闸,1.55
2026-04-17 12:32:00,富家岭节制闸,1.55
2026-04-17 12:37:00,富家岭节制闸,1.56
2026-04-17 12:42:00,富家岭节制闸,1.56
2026-04-17 12:47:00,富家岭节制闸,1.56
2026-04-17 12:53:00,富家岭节制闸,1.56
2026-04-17 12:58:00,富家岭节制闸,1.56
2026-04-17 13:03:00,富家岭节制闸,1.56
2026-04-17 13:09:00,富家岭节制闸,1.56
2026-04-17 13:14:00,富家岭节制闸,1.56
2026-04-17 13:19:00,富家岭节制闸,1.56
2026-04-17 13:24:00,富家岭节制闸,1.56
2026-04-17 13:30:00,富家岭节制闸,1.56
2026-04-17 13:35:00,富家岭节制闸,1.57
2026-04-17 13:40:00,富家岭节制闸,1.57
2026-04-17 13:46:00,富家岭节制闸,1.57
2026-04-17 13:51:00,富家岭节制闸,1.57
2026-04-17 13:57:00,富家岭节制闸,1.57
2026-04-17 14:02:00,富家岭节制闸,1.57
2026-04-17 14:08:00,富家岭节制闸,1.57
2026-04-17 14:13:00,富家岭节制闸,1.57
2026-04-17 14:18:00,富家岭节制闸,1.56
2026-04-17 14:23:00,富家岭节制闸,1.56
2026-04-17 14:28:00,富家岭节制闸,1.56
2026-04-17 14:33:00,富家岭节制闸,1.56
2026-04-17 14:39:00,富家岭节制闸,1.56
2026-04-17 14:44:00,富家岭节制闸,1.56
2026-04-17 14:49:00,富家岭节制闸,1.55
2026-04-17 14:55:00,富家岭节制闸,1.55
2026-04-17 15:00:00,富家岭节制闸,1.55
2026-04-17 15:06:00,富家岭节制闸,1.55
2026-04-17 15:11:00,富家岭节制闸,1.55
2026-04-17 15:16:00,富家岭节制闸,1.55
2026-04-17 15:22:00,富家岭节制闸,1.54
2026-04-17 15:27:00,富家岭节制闸,1.55
2026-04-17 15:32:00,富家岭节制闸,1.55
2026-04-17 15:37:00,富家岭节制闸,1.54
2026-04-17 15:43:00,富家岭节制闸,1.54
2026-04-17 15:48:00,富家岭节制闸,1.54
2026-04-17 15:53:00,富家岭节制闸,1.54
2026-04-17 15:58:00,富家岭节制闸,1.54
2026-04-17 16:04:00,富家岭节制闸,1.54
2026-04-17 16:09:00,富家岭节制闸,1.54
2026-04-17 16:14:00,富家岭节制闸,1.54
2026-04-17 16:19:00,富家岭节制闸,1.55
2026-04-17 16:25:00,富家岭节制闸,1.54
2026-04-17 16:30:00,富家岭节制闸,1.54
2026-04-17 16:35:00,富家岭节制闸,1.55
2026-04-17 16:41:00,富家岭节制闸,1.54
2026-04-17 16:46:00,富家岭节制闸,1.54
2026-04-17 16:51:00,富家岭节制闸,1.54
2026-04-17 16:56:00,富家岭节制闸,1.55
2026-04-17 17:01:00,富家岭节制闸,1.55
2026-04-17 17:06:00,富家岭节制闸,1.55
2026-04-17 17:11:00,富家岭节制闸,1.55
2026-04-17 17:16:00,富家岭节制闸,1.54
2026-04-17 17:22:00,富家岭节制闸,1.54
2026-04-17 17:27:00,富家岭节制闸,1.54
2026-04-17 17:32:00,富家岭节制闸,1.54
2026-04-17 17:38:00,富家岭节制闸,1.53
2026-04-17 17:43:00,富家岭节制闸,1.53
2026-04-17 17:49:00,富家岭节制闸,1.53
2026-04-17 17:54:00,富家岭节制闸,1.53
2026-04-17 17:59:00,富家岭节制闸,1.53
2026-04-17 18:04:00,富家岭节制闸,1.53
2026-04-17 18:10:00,富家岭节制闸,1.53
2026-04-17 18:15:00,富家岭节制闸,1.53
2026-04-17 18:20:00,富家岭节制闸,1.52
2026-04-17 18:26:00,富家岭节制闸,1.52
2026-04-17 18:31:00,富家岭节制闸,1.52
2026-04-17 18:36:00,富家岭节制闸,1.52
2026-04-17 18:42:00,富家岭节制闸,1.51
2026-04-17 18:47:00,富家岭节制闸,1.51
2026-04-17 18:52:00,富家岭节制闸,1.51
2026-04-17 18:57:00,富家岭节制闸,1.5
2026-04-17 19:03:00,富家岭节制闸,1.5
2026-04-17 19:08:00,富家岭节制闸,1.5
2026-04-17 19:13:00,富家岭节制闸,1.5
2026-04-17 19:18:00,富家岭节制闸,1.5
2026-04-17 19:23:00,富家岭节制闸,1.49
2026-04-17 19:28:00,富家岭节制闸,1.49
2026-04-17 19:34:00,富家岭节制闸,1.5
2026-04-17 19:39:00,富家岭节制闸,1.49
2026-04-17 19:44:00,富家岭节制闸,1.49
2026-04-17 19:50:00,富家岭节制闸,1.49
2026-04-17 19:55:00,富家岭节制闸,1.49
2026-04-17 20:00:00,富家岭节制闸,1.49
2026-04-17 20:05:00,富家岭节制闸,1.49
2026-04-17 20:11:00,富家岭节制闸,1.48
2026-04-17 20:16:00,富家岭节制闸,1.49
2026-04-17 20:21:00,富家岭节制闸,1.49
2026-04-17 20:26:00,富家岭节制闸,1.49
2026-04-17 20:32:00,富家岭节制闸,1.49
2026-04-17 20:37:00,富家岭节制闸,1.49
2026-04-17 20:42:00,富家岭节制闸,1.5
2026-04-17 20:48:00,富家岭节制闸,1.5
2026-04-17 20:53:00,富家岭节制闸,1.5
2026-04-17 20:58:00,富家岭节制闸,1.5
2026-04-17 21:03:00,富家岭节制闸,1.5
2026-04-17 21:09:00,富家岭节制闸,1.5
2026-04-17 21:14:00,富家岭节制闸,1.5
2026-04-17 21:19:00,富家岭节制闸,1.5
2026-04-17 21:25:00,富家岭节制闸,1.5
2026-04-17 21:30:00,富家岭节制闸,1.5
2026-04-17 21:35:00,富家岭节制闸,1.51
2026-04-17 21:40:00,富家岭节制闸,1.51
2026-04-17 21:46:00,富家岭节制闸,1.51
2026-04-17 21:51:00,富家岭节制闸,1.51
2026-04-17 21:56:00,富家岭节制闸,1.51
2026-04-17 22:01:00,富家岭节制闸,1.51
2026-04-17 22:07:00,富家岭节制闸,1.51
2026-04-17 22:12:00,富家岭节制闸,1.52
2026-04-17 22:17:00,富家岭节制闸,1.52
2026-04-17 22:22:00,富家岭节制闸,1.52
2026-04-17 22:27:00,富家岭节制闸,1.52
2026-04-17 22:32:00,富家岭节制闸,1.52
2026-04-17 22:37:00,富家岭节制闸,1.52
2026-04-17 22:43:00,富家岭节制闸,1.52
2026-04-17 22:48:00,富家岭节制闸,1.53
2026-04-17 22:53:00,富家岭节制闸,1.53
2026-04-17 22:58:00,富家岭节制闸,1.53
2026-04-17 23:02:00,富家岭节制闸,1.53
2026-04-17 23:09:00,富家岭节制闸,1.53
2026-04-17 23:15:00,富家岭节制闸,1.53
2026-04-17 23:20:00,富家岭节制闸,1.54
2026-04-17 23:25:00,富家岭节制闸,1.53
2026-04-17 23:30:00,富家岭节制闸,1.54
2026-04-17 23:36:00,富家岭节制闸,1.54
2026-04-17 23:41:00,富家岭节制闸,1.54
2026-04-17 23:47:00,富家岭节制闸,1.54
2026-04-17 23:52:00,富家岭节制闸,1.54
2026-04-17 23:58:00,富家岭节制闸,1.55
2026-04-18 00:03:00,富家岭节制闸,1.55
2026-04-18 00:08:00,富家岭节制闸,1.54
2026-04-18 00:13:00,富家岭节制闸,1.55
2026-04-18 00:18:00,富家岭节制闸,1.55
2026-04-18 00:24:00,富家岭节制闸,1.55
2026-04-18 00:29:00,富家岭节制闸,1.55
2026-04-18 00:34:00,富家岭节制闸,1.55
2026-04-18 00:39:00,富家岭节制闸,1.55
2026-04-18 00:44:00,富家岭节制闸,1.55
2026-04-18 00:50:00,富家岭节制闸,1.56
2026-04-18 00:55:00,富家岭节制闸,1.55
2026-04-18 01:00:00,富家岭节制闸,1.56
2026-04-18 01:02:00,富家岭节制闸,1.55
2026-04-18 01:11:00,富家岭节制闸,1.55
2026-04-18 01:16:00,富家岭节制闸,1.55
2026-04-18 01:21:00,富家岭节制闸,1.55
2026-04-18 01:26:00,富家岭节制闸,1.55
2026-04-18 01:31:00,富家岭节制闸,1.55
2026-04-18 01:37:00,富家岭节制闸,1.55
2026-04-18 01:42:00,富家岭节制闸,1.55
2026-04-18 01:47:00,富家岭节制闸,1.55
2026-04-18 01:52:00,富家岭节制闸,1.55
2026-04-18 01:57:00,富家岭节制闸,1.55
2026-04-18 02:03:00,富家岭节制闸,1.55
2026-04-18 02:08:00,富家岭节制闸,1.55
2026-04-18 02:13:00,富家岭节制闸,1.55
2026-04-18 02:19:00,富家岭节制闸,1.55
2026-04-18 02:24:00,富家岭节制闸,1.55
2026-04-18 02:30:00,富家岭节制闸,1.55
2026-04-18 02:35:00,富家岭节制闸,1.55
2026-04-18 02:40:00,富家岭节制闸,1.55
2026-04-18 02:46:00,富家岭节制闸,1.55
2026-04-18 02:51:00,富家岭节制闸,1.55
2026-04-18 02:56:00,富家岭节制闸,1.56
2026-04-18 03:01:00,富家岭节制闸,1.56
2026-04-18 03:06:00,富家岭节制闸,1.56
2026-04-18 03:12:00,富家岭节制闸,1.56
2026-04-18 03:17:00,富家岭节制闸,1.56
2026-04-18 03:22:00,富家岭节制闸,1.56
2026-04-18 03:27:00,富家岭节制闸,1.57
2026-04-18 03:33:00,富家岭节制闸,1.57
2026-04-18 03:38:00,富家岭节制闸,1.57
2026-04-18 03:43:00,富家岭节制闸,1.57
2026-04-18 03:48:00,富家岭节制闸,1.57
2026-04-18 03:54:00,富家岭节制闸,1.57
2026-04-18 03:59:00,富家岭节制闸,1.58
2026-04-18 04:05:00,富家岭节制闸,1.58
2026-04-18 04:10:00,富家岭节制闸,1.58
2026-04-18 04:15:00,富家岭节制闸,1.58
2026-04-18 04:21:00,富家岭节制闸,1.59
2026-04-18 04:26:00,富家岭节制闸,1.59
2026-04-18 04:32:00,富家岭节制闸,1.59
2026-04-18 04:37:00,富家岭节制闸,1.59
2026-04-18 04:42:00,富家岭节制闸,1.59
2026-04-18 04:47:00,富家岭节制闸,1.59
2026-04-18 04:52:00,富家岭节制闸,1.6
2026-04-18 04:57:00,富家岭节制闸,1.6
2026-04-18 05:03:00,富家岭节制闸,1.6
2026-04-18 05:08:00,富家岭节制闸,1.61
2026-04-18 05:14:00,富家岭节制闸,1.61
2026-04-18 05:19:00,富家岭节制闸,1.61
2026-04-18 05:24:00,富家岭节制闸,1.61
2026-04-18 05:29:00,富家岭节制闸,1.62
2026-04-18 05:34:00,富家岭节制闸,1.62
2026-04-18 05:39:00,富家岭节制闸,1.62
2026-04-18 05:45:00,富家岭节制闸,1.63
2026-04-18 05:50:00,富家岭节制闸,1.63
2026-04-18 05:55:00,富家岭节制闸,1.63
2026-04-18 06:01:00,富家岭节制闸,1.63
2026-04-18 06:06:00,富家岭节制闸,1.64
2026-04-18 06:12:00,富家岭节制闸,1.64
2026-04-18 06:17:00,富家岭节制闸,1.64
2026-04-18 06:23:00,富家岭节制闸,1.62
2026-04-18 06:28:00,富家岭节制闸,1.62
2026-04-18 06:34:00,富家岭节制闸,1.61
2026-04-18 06:39:00,富家岭节制闸,1.61
2026-04-18 06:44:00,富家岭节制闸,1.6
2026-04-18 06:49:00,富家岭节制闸,1.59
2026-04-18 06:55:00,富家岭节制闸,1.59
2026-04-18 07:00:00,富家岭节制闸,1.59
2026-04-18 07:05:00,富家岭节制闸,1.58
2026-04-18 07:10:00,富家岭节制闸,1.58
2026-04-18 07:15:00,富家岭节制闸,1.56
2026-04-18 07:21:00,富家岭节制闸,1.55
2026-04-18 07:26:00,富家岭节制闸,1.54
2026-04-18 07:31:00,富家岭节制闸,1.53
2026-04-18 07:37:00,富家岭节制闸,1.52
2026-04-18 07:42:00,富家岭节制闸,1.51
2026-04-18 07:48:00,富家岭节制闸,1.5
2026-04-18 07:53:00,富家岭节制闸,1.49
2026-04-18 07:58:00,富家岭节制闸,1.48
2026-04-18 08:04:00,富家岭节制闸,1.47
2026-04-18 08:09:00,富家岭节制闸,1.46
2026-04-18 08:14:00,富家岭节制闸,1.45
2026-04-18 08:20:00,富家岭节制闸,1.45
2026-04-18 08:25:00,富家岭节制闸,1.44
2026-04-18 08:31:00,富家岭节制闸,1.46
2026-04-18 08:36:00,富家岭节制闸,1.47
2026-04-18 08:41:00,富家岭节制闸,1.48
2026-04-18 08:46:00,富家岭节制闸,1.5
2026-04-18 08:52:00,富家岭节制闸,1.51
2026-04-18 08:57:00,富家岭节制闸,1.52
2026-04-18 09:03:00,富家岭节制闸,1.54
2026-04-18 09:08:00,富家岭节制闸,1.54
2026-04-18 09:14:00,富家岭节制闸,1.55
2026-04-18 09:19:00,富家岭节制闸,1.56
2026-04-18 09:24:00,富家岭节制闸,1.56
2026-04-18 09:29:00,富家岭节制闸,1.57
2026-04-18 09:34:00,富家岭节制闸,1.58
2026-04-18 09:40:00,富家岭节制闸,1.58
2026-04-18 09:45:00,富家岭节制闸,1.59
2026-04-18 09:50:00,富家岭节制闸,1.6
2026-04-18 09:56:00,富家岭节制闸,1.6
2026-04-18 10:01:00,富家岭节制闸,1.6
2026-04-18 10:06:00,富家岭节制闸,1.6
2026-04-18 10:12:00,富家岭节制闸,1.6
2026-04-18 10:17:00,富家岭节制闸,1.61
2026-04-18 10:22:00,富家岭节制闸,1.61
2026-04-18 10:27:00,富家岭节制闸,1.62
2026-04-18 10:33:00,富家岭节制闸,1.62
2026-04-18 10:38:00,富家岭节制闸,1.62
2026-04-18 10:43:00,富家岭节制闸,1.62
2026-04-18 10:48:00,富家岭节制闸,1.62
2026-04-18 10:54:00,富家岭节制闸,1.62
2026-04-18 10:59:00,富家岭节制闸,1.62
2026-04-18 11:04:00,富家岭节制闸,1.62
2026-04-18 11:10:00,富家岭节制闸,1.62
2026-04-18 11:15:00,富家岭节制闸,1.62
2026-04-18 11:20:00,富家岭节制闸,1.62
2026-04-18 11:26:00,富家岭节制闸,1.62
2026-04-18 11:31:00,富家岭节制闸,1.62
2026-04-18 11:36:00,富家岭节制闸,1.61
2026-04-18 11:42:00,富家岭节制闸,1.61
2026-04-18 11:47:00,富家岭节制闸,1.6
2026-04-18 11:53:00,富家岭节制闸,1.6
2026-04-18 11:58:00,富家岭节制闸,1.6
2026-04-18 12:03:00,富家岭节制闸,1.59
2026-04-18 12:08:00,富家岭节制闸,1.59
2026-04-18 12:14:00,富家岭节制闸,1.59
2026-04-18 12:19:00,富家岭节制闸,1.58
2026-04-18 12:25:00,富家岭节制闸,1.57
2026-04-18 12:30:00,富家岭节制闸,1.56
2026-04-18 12:35:00,富家岭节制闸,1.56
2026-04-18 12:41:00,富家岭节制闸,1.55
2026-04-18 12:46:00,富家岭节制闸,1.54
2026-04-18 12:51:00,富家岭节制闸,1.54
2026-04-18 12:57:00,富家岭节制闸,1.54
2026-04-18 13:02:00,富家岭节制闸,1.53
2026-04-18 13:08:00,富家岭节制闸,1.53
2026-04-18 13:13:00,富家岭节制闸,1.52
2026-04-18 13:18:00,富家岭节制闸,1.51
2026-04-18 13:24:00,富家岭节制闸,1.5
2026-04-18 13:29:00,富家岭节制闸,1.49
2026-04-18 13:35:00,富家岭节制闸,1.48
2026-04-18 13:40:00,富家岭节制闸,1.48
2026-04-18 13:45:00,富家岭节制闸,1.46
2026-04-18 13:50:00,富家岭节制闸,1.46
2026-04-18 13:56:00,富家岭节制闸,1.45
2026-04-18 14:01:00,富家岭节制闸,1.44
2026-04-18 14:07:00,富家岭节制闸,1.43
2026-04-18 14:12:00,富家岭节制闸,1.42
2026-04-18 14:17:00,富家岭节制闸,1.42
2026-04-18 14:23:00,富家岭节制闸,1.41
2026-04-18 14:28:00,富家岭节制闸,1.41
2026-04-18 14:33:00,富家岭节制闸,1.4
2026-04-18 14:39:00,富家岭节制闸,1.4
2026-04-18 14:44:00,富家岭节制闸,1.39
2026-04-18 14:49:00,富家岭节制闸,1.39
2026-04-18 14:55:00,富家岭节制闸,1.39
2026-04-18 15:00:00,富家岭节制闸,1.39
2026-04-18 15:05:00,富家岭节制闸,1.39
2026-04-18 15:11:00,富家岭节制闸,1.39
2026-04-18 15:16:00,富家岭节制闸,1.39
2026-04-18 15:22:00,富家岭节制闸,1.39
2026-04-18 15:27:00,富家岭节制闸,1.4
2026-04-18 15:32:00,富家岭节制闸,1.4
2026-04-18 15:37:00,富家岭节制闸,1.41
2026-04-18 15:43:00,富家岭节制闸,1.41
2026-04-18 15:48:00,富家岭节制闸,1.42
2026-04-18 15:54:00,富家岭节制闸,1.42
2026-04-18 15:59:00,富家岭节制闸,1.43
2026-04-18 16:04:00,富家岭节制闸,1.44
2026-04-18 16:10:00,富家岭节制闸,1.45
2026-04-18 16:15:00,富家岭节制闸,1.46
2026-04-18 16:21:00,富家岭节制闸,1.46
2026-04-18 16:26:00,富家岭节制闸,1.47
2026-04-18 16:31:00,富家岭节制闸,1.48
2026-04-18 16:37:00,富家岭节制闸,1.48
2026-04-18 16:42:00,富家岭节制闸,1.49
2026-04-18 16:47:00,富家岭节制闸,1.5
2026-04-18 16:53:00,富家岭节制闸,1.5
2026-04-18 16:58:00,富家岭节制闸,1.51
2026-04-18 17:03:00,富家岭节制闸,1.51
2026-04-18 17:08:00,富家岭节制闸,1.51
2026-04-18 17:14:00,富家岭节制闸,1.52
2026-04-18 17:19:00,富家岭节制闸,1.52
2026-04-18 17:24:00,富家岭节制闸,1.53
2026-04-18 17:30:00,富家岭节制闸,1.53
2026-04-18 17:35:00,富家岭节制闸,1.54
2026-04-18 17:40:00,富家岭节制闸,1.53
2026-04-18 17:46:00,富家岭节制闸,1.53
2026-04-18 17:51:00,富家岭节制闸,1.53
2026-04-18 17:56:00,富家岭节制闸,1.53
2026-04-18 18:02:00,富家岭节制闸,1.54
2026-04-18 18:07:00,富家岭节制闸,1.53
2026-04-18 18:13:00,富家岭节制闸,1.54
2026-04-18 18:18:00,富家岭节制闸,1.54
2026-04-18 18:23:00,富家岭节制闸,1.54
2026-04-18 18:29:00,富家岭节制闸,1.55
2026-04-18 18:34:00,富家岭节制闸,1.55
2026-04-18 18:40:00,富家岭节制闸,1.55
2026-04-18 18:45:00,富家岭节制闸,1.55
2026-04-18 18:51:00,富家岭节制闸,1.55
2026-04-18 18:56:00,富家岭节制闸,1.57
2026-04-18 19:01:00,富家岭节制闸,1.57
2026-04-18 19:07:00,富家岭节制闸,1.57
2026-04-18 19:12:00,富家岭节制闸,1.58
2026-04-18 19:17:00,富家岭节制闸,1.58
2026-04-18 19:23:00,富家岭节制闸,1.58
2026-04-18 19:28:00,富家岭节制闸,1.59
2026-04-18 19:34:00,富家岭节制闸,1.59
2026-04-18 19:39:00,富家岭节制闸,1.6
2026-04-18 19:44:00,富家岭节制闸,1.6
2026-04-18 19:50:00,富家岭节制闸,1.6
2026-04-18 19:55:00,富家岭节制闸,1.6
2026-04-18 20:00:00,富家岭节制闸,1.6
2026-04-18 20:06:00,富家岭节制闸,1.6
2026-04-18 20:11:00,富家岭节制闸,1.6
2026-04-18 20:16:00,富家岭节制闸,1.6
2026-04-18 20:22:00,富家岭节制闸,1.6
2026-04-18 20:27:00,富家岭节制闸,1.6
2026-04-18 20:33:00,富家岭节制闸,1.6
2026-04-18 20:38:00,富家岭节制闸,1.6
2026-04-18 20:43:00,富家岭节制闸,1.6
2026-04-18 20:49:00,富家岭节制闸,1.6
2026-04-18 20:54:00,富家岭节制闸,1.6
2026-04-18 20:59:00,富家岭节制闸,1.6
2026-04-18 21:05:00,富家岭节制闸,1.61
2026-04-18 21:10:00,富家岭节制闸,1.61
2026-04-18 21:15:00,富家岭节制闸,1.61
2026-04-18 21:21:00,富家岭节制闸,1.61
2026-04-18 21:26:00,富家岭节制闸,1.61
2026-04-18 21:32:00,富家岭节制闸,1.62
2026-04-18 21:37:00,富家岭节制闸,1.61
2026-04-18 21:42:00,富家岭节制闸,1.62
2026-04-18 21:47:00,富家岭节制闸,1.62
2026-04-18 21:52:00,富家岭节制闸,1.63
2026-04-18 21:58:00,富家岭节制闸,1.62
2026-04-18 22:03:00,富家岭节制闸,1.63
2026-04-18 22:08:00,富家岭节制闸,1.63
2026-04-18 22:14:00,富家岭节制闸,1.63
2026-04-18 22:19:00,富家岭节制闸,1.64
2026-04-18 22:25:00,富家岭节制闸,1.64
2026-04-18 22:30:00,富家岭节制闸,1.65
2026-04-18 22:36:00,富家岭节制闸,1.65
2026-04-18 22:41:00,富家岭节制闸,1.65
2026-04-18 22:46:00,富家岭节制闸,1.65
2026-04-18 22:51:00,富家岭节制闸,1.66
2026-04-18 22:57:00,富家岭节制闸,1.66
2026-04-18 23:02:00,富家岭节制闸,1.67
2026-04-18 23:08:00,富家岭节制闸,1.67
2026-04-18 23:13:00,富家岭节制闸,1.67
2026-04-18 23:18:00,富家岭节制闸,1.67
2026-04-18 23:23:00,富家岭节制闸,1.68
2026-04-18 23:28:00,富家岭节制闸,1.68
2026-04-18 23:34:00,富家岭节制闸,1.69
2026-04-18 23:39:00,富家岭节制闸,1.69
2026-04-18 23:45:00,富家岭节制闸,1.7
2026-04-18 23:50:00,富家岭节制闸,1.69
2026-04-18 23:55:00,富家岭节制闸,1.7
2026-04-19 00:01:00,富家岭节制闸,1.69
2026-04-19 00:06:00,富家岭节制闸,1.7
2026-04-19 00:12:00,富家岭节制闸,1.7
2026-04-19 00:17:00,富家岭节制闸,1.7
2026-04-19 00:22:00,富家岭节制闸,1.71
2026-04-19 00:27:00,富家岭节制闸,1.71
2026-04-19 00:33:00,富家岭节制闸,1.71
2026-04-19 00:38:00,富家岭节制闸,1.72
2026-04-19 00:43:00,富家岭节制闸,1.72
2026-04-19 00:48:00,富家岭节制闸,1.72
2026-04-19 00:53:00,富家岭节制闸,1.73
2026-04-19 00:58:00,富家岭节制闸,1.73
2026-04-19 01:03:00,富家岭节制闸,1.73
2026-04-19 01:08:00,富家岭节制闸,1.74
2026-04-19 01:14:00,富家岭节制闸,1.74
2026-04-19 01:19:00,富家岭节制闸,1.74
2026-04-19 01:24:00,富家岭节制闸,1.74
2026-04-19 01:29:00,富家岭节制闸,1.74
2026-04-19 01:34:00,富家岭节制闸,1.75
2026-04-19 01:40:00,富家岭节制闸,1.75
2026-04-19 01:45:00,富家岭节制闸,1.75
2026-04-19 01:50:00,富家岭节制闸,1.76
2026-04-19 01:55:00,富家岭节制闸,1.76
2026-04-19 02:00:00,富家岭节制闸,1.76
2026-04-19 02:06:00,富家岭节制闸,1.76
2026-04-19 02:11:00,富家岭节制闸,1.76
2026-04-19 02:16:00,富家岭节制闸,1.77
2026-04-19 02:22:00,富家岭节制闸,1.77
2026-04-19 02:27:00,富家岭节制闸,1.77
2026-04-19 02:33:00,富家岭节制闸,1.77
2026-04-19 02:38:00,富家岭节制闸,1.78
2026-04-19 02:43:00,富家岭节制闸,1.78
2026-04-19 02:49:00,富家岭节制闸,1.78
2026-04-19 02:54:00,富家岭节制闸,1.78
2026-04-19 02:59:00,富家岭节制闸,1.79
2026-04-19 03:05:00,富家岭节制闸,1.79
2026-04-19 03:10:00,富家岭节制闸,1.79
2026-04-19 03:15:00,富家岭节制闸,1.79
2026-04-19 03:21:00,富家岭节制闸,1.79
2026-04-19 03:26:00,富家岭节制闸,1.8
2026-04-19 03:31:00,富家岭节制闸,1.8
2026-04-19 03:37:00,富家岭节制闸,1.8
2026-04-19 03:42:00,富家岭节制闸,1.81
2026-04-19 03:47:00,富家岭节制闸,1.81
2026-04-19 03:52:00,富家岭节制闸,1.79
2026-04-19 03:58:00,富家岭节制闸,1.79
2026-04-19 04:03:00,富家岭节制闸,1.78
2026-04-19 04:08:00,富家岭节制闸,1.78
2026-04-19 04:13:00,富家岭节制闸,1.77
2026-04-19 04:19:00,富家岭节制闸,1.77
2026-04-19 04:24:00,富家岭节制闸,1.76
2026-04-19 04:29:00,富家岭节制闸,1.74
2026-04-19 04:35:00,富家岭节制闸,1.72
2026-04-19 04:40:00,富家岭节制闸,1.71
2026-04-19 04:45:00,富家岭节制闸,1.7
2026-04-19 04:50:00,富家岭节制闸,1.69
2026-04-19 04:56:00,富家岭节制闸,1.68
2026-04-19 05:01:00,富家岭节制闸,1.65
2026-04-19 05:07:00,富家岭节制闸,1.63
2026-04-19 05:12:00,富家岭节制闸,1.61
2026-04-19 05:18:00,富家岭节制闸,1.59
2026-04-19 05:23:00,富家岭节制闸,1.57
2026-04-19 05:28:00,富家岭节制闸,1.55
2026-04-19 05:34:00,富家岭节制闸,1.54
2026-04-19 05:39:00,富家岭节制闸,1.52
2026-04-19 05:44:00,富家岭节制闸,1.51
2026-04-19 05:50:00,富家岭节制闸,1.5
2026-04-19 05:55:00,富家岭节制闸,1.5
2026-04-19 06:01:00,富家岭节制闸,1.49
2026-04-19 06:06:00,富家岭节制闸,1.49
2026-04-19 06:12:00,富家岭节制闸,1.5
2026-04-19 06:17:00,富家岭节制闸,1.51
2026-04-19 06:22:00,富家岭节制闸,1.52
2026-04-19 06:28:00,富家岭节制闸,1.52
2026-04-19 06:33:00,富家岭节制闸,1.53
2026-04-19 06:38:00,富家岭节制闸,1.55
2026-04-19 06:44:00,富家岭节制闸,1.56
2026-04-19 06:49:00,富家岭节制闸,1.58
2026-04-19 06:55:00,富家岭节制闸,1.59
2026-04-19 07:00:00,富家岭节制闸,1.6
2026-04-19 07:05:00,富家岭节制闸,1.62
2026-04-19 07:11:00,富家岭节制闸,1.63
2026-04-19 07:16:00,富家岭节制闸,1.64
2026-04-19 07:21:00,富家岭节制闸,1.64
2026-04-19 07:27:00,富家岭节制闸,1.64
2026-04-19 07:32:00,富家岭节制闸,1.64
2026-04-19 07:38:00,富家岭节制闸,1.63
2026-04-19 07:43:00,富家岭节制闸,1.64
2026-04-19 07:49:00,富家岭节制闸,1.64
2026-04-19 07:54:00,富家岭节制闸,1.63
2026-04-19 08:00:00,富家岭节制闸,1.64
2026-04-19 08:05:00,富家岭节制闸,1.64
2026-04-19 08:10:00,富家岭节制闸,1.64
2026-04-19 08:15:00,富家岭节制闸,1.63
2026-04-19 08:21:00,富家岭节制闸,1.63
2026-04-19 08:26:00,富家岭节制闸,1.63
2026-04-19 08:31:00,富家岭节制闸,1.64
2026-04-19 08:37:00,富家岭节制闸,1.63
2026-04-19 08:42:00,富家岭节制闸,1.63
2026-04-19 08:47:00,富家岭节制闸,1.62
2026-04-19 08:53:00,富家岭节制闸,1.62
2026-04-19 08:58:00,富家岭节制闸,1.62
2026-04-19 09:03:00,富家岭节制闸,1.62
2026-04-19 09:08:00,富家岭节制闸,1.64
2026-04-19 09:13:00,富家岭节制闸,1.65
2026-04-19 09:18:00,富家岭节制闸,1.65
2026-04-19 09:23:00,富家岭节制闸,1.66
2026-04-19 09:29:00,富家岭节制闸,1.67
2026-04-19 09:34:00,富家岭节制闸,1.68
2026-04-19 09:39:00,富家岭节制闸,1.66
2026-04-19 09:44:00,富家岭节制闸,1.66
2026-04-19 09:50:00,富家岭节制闸,1.65
2026-04-19 09:55:00,富家岭节制闸,1.65
2026-04-19 10:01:00,富家岭节制闸,1.66
2026-04-19 10:06:00,富家岭节制闸,1.67
2026-04-19 10:11:00,富家岭节制闸,1.67
2026-04-19 10:16:00,富家岭节制闸,1.68
2026-04-19 10:22:00,富家岭节制闸,1.68
2026-04-19 10:27:00,富家岭节制闸,1.69
2026-04-19 10:32:00,富家岭节制闸,1.68
2026-04-19 10:37:00,富家岭节制闸,1.69
2026-04-19 10:42:00,富家岭节制闸,1.69
2026-04-19 10:47:00,富家岭节制闸,1.69
2026-04-19 10:53:00,富家岭节制闸,1.69
2026-04-19 10:58:00,富家岭节制闸,1.69
2026-04-19 11:03:00,富家岭节制闸,1.69
2026-04-19 11:09:00,富家岭节制闸,1.69
2026-04-19 11:14:00,富家岭节制闸,1.69
2026-04-19 11:19:00,富家岭节制闸,1.68
2026-04-19 11:25:00,富家岭节制闸,1.68
2026-04-19 11:30:00,富家岭节制闸,1.67
2026-04-19 11:35:00,富家岭节制闸,1.67
2026-04-19 11:41:00,富家岭节制闸,1.67
2026-04-19 11:46:00,富家岭节制闸,1.66
2026-04-19 11:51:00,富家岭节制闸,1.65
2026-04-19 11:57:00,富家岭节制闸,1.64
2026-04-19 12:02:00,富家岭节制闸,1.64
2026-04-19 12:07:00,富家岭节制闸,1.63
2026-04-19 12:12:00,富家岭节制闸,1.62
2026-04-19 12:17:00,富家岭节制闸,1.62
2026-04-19 12:22:00,富家岭节制闸,1.61
2026-04-19 12:28:00,富家岭节制闸,1.61
2026-04-19 12:33:00,富家岭节制闸,1.6
2026-04-19 12:38:00,富家岭节制闸,1.6
2026-04-19 12:44:00,富家岭节制闸,1.59
2026-04-19 12:49:00,富家岭节制闸,1.58
2026-04-19 12:54:00,富家岭节制闸,1.58
2026-04-19 13:00:00,富家岭节制闸,1.6
2026-04-19 13:05:00,富家岭节制闸,1.61
2026-04-19 13:10:00,富家岭节制闸,1.61
2026-04-19 13:16:00,富家岭节制闸,1.62
2026-04-19 13:21:00,富家岭节制闸,1.62
2026-04-19 13:27:00,富家岭节制闸,1.62
2026-04-19 13:32:00,富家岭节制闸,1.62
2026-04-19 13:37:00,富家岭节制闸,1.62
2026-04-19 13:43:00,富家岭节制闸,1.62
2026-04-19 13:48:00,富家岭节制闸,1.62
2026-04-19 13:53:00,富家岭节制闸,1.63
2026-04-19 13:59:00,富家岭节制闸,1.62
2026-04-19 14:04:00,富家岭节制闸,1.63
2026-04-19 14:10:00,富家岭节制闸,1.63
2026-04-19 14:15:00,富家岭节制闸,1.62
2026-04-19 14:20:00,富家岭节制闸,1.62
2026-04-19 14:26:00,富家岭节制闸,1.62
2026-04-19 14:31:00,富家岭节制闸,1.62
2026-04-19 14:36:00,富家岭节制闸,1.61
2026-04-19 14:41:00,富家岭节制闸,1.61
2026-04-19 14:47:00,富家岭节制闸,1.61
2026-04-19 14:52:00,富家岭节制闸,1.6
2026-04-19 14:58:00,富家岭节制闸,1.6
2026-04-19 15:03:00,富家岭节制闸,1.6
2026-04-19 15:08:00,富家岭节制闸,1.6
2026-04-19 15:14:00,富家岭节制闸,1.6
2026-04-19 15:19:00,富家岭节制闸,1.6
2026-04-19 15:25:00,富家岭节制闸,1.59
2026-04-19 15:30:00,富家岭节制闸,1.59
2026-04-19 15:35:00,富家岭节制闸,1.59
2026-04-19 15:41:00,富家岭节制闸,1.58
2026-04-19 15:46:00,富家岭节制闸,1.58
2026-04-19 15:51:00,富家岭节制闸,1.58
2026-04-19 15:57:00,富家岭节制闸,1.57
2026-04-19 16:02:00,富家岭节制闸,1.57
2026-04-19 16:07:00,富家岭节制闸,1.56
2026-04-19 16:13:00,富家岭节制闸,1.56
2026-04-19 16:18:00,富家岭节制闸,1.56
2026-04-19 16:24:00,富家岭节制闸,1.55
2026-04-19 16:29:00,富家岭节制闸,1.56
2026-04-19 16:34:00,富家岭节制闸,1.55
2026-04-19 16:40:00,富家岭节制闸,1.55
2026-04-19 16:45:00,富家岭节制闸,1.54
2026-04-19 16:50:00,富家岭节制闸,1.54
2026-04-19 16:55:00,富家岭节制闸,1.54
2026-04-19 17:01:00,富家岭节制闸,1.54
2026-04-19 17:06:00,富家岭节制闸,1.52
2026-04-19 17:12:00,富家岭节制闸,1.52
2026-04-19 17:17:00,富家岭节制闸,1.52
2026-04-19 17:22:00,富家岭节制闸,1.52
2026-04-19 17:28:00,富家岭节制闸,1.53
2026-04-19 17:33:00,富家岭节制闸,1.54
2026-04-19 17:39:00,富家岭节制闸,1.51
2026-04-19 17:44:00,富家岭节制闸,1.52
2026-04-19 17:49:00,富家岭节制闸,1.51
2026-04-19 17:55:00,富家岭节制闸,1.51
2026-04-19 18:00:00,富家岭节制闸,1.51
2026-04-19 18:05:00,富家岭节制闸,1.51
2026-04-19 18:11:00,富家岭节制闸,1.51
2026-04-19 18:16:00,富家岭节制闸,1.51
2026-04-19 18:21:00,富家岭节制闸,1.51
2026-04-19 18:27:00,富家岭节制闸,1.51
2026-04-19 18:32:00,富家岭节制闸,1.51
2026-04-19 18:38:00,富家岭节制闸,1.51
2026-04-19 18:43:00,富家岭节制闸,1.51
2026-04-19 18:48:00,富家岭节制闸,1.51
2026-04-19 18:54:00,富家岭节制闸,1.51
2026-04-19 18:59:00,富家岭节制闸,1.48
2026-04-19 19:04:00,富家岭节制闸,1.47
2026-04-19 19:10:00,富家岭节制闸,1.46
2026-04-19 19:15:00,富家岭节制闸,1.45
2026-04-19 19:20:00,富家岭节制闸,1.44
2026-04-19 19:26:00,富家岭节制闸,1.43
2026-04-19 19:31:00,富家岭节制闸,1.42
2026-04-19 19:36:00,富家岭节制闸,1.41
2026-04-19 19:42:00,富家岭节制闸,1.4
2026-04-19 19:47:00,富家岭节制闸,1.38
2026-04-19 19:52:00,富家岭节制闸,1.37
2026-04-19 19:58:00,富家岭节制闸,1.36
2026-04-19 20:03:00,富家岭节制闸,1.36
2026-04-19 20:08:00,富家岭节制闸,1.35
2026-04-19 20:14:00,富家岭节制闸,1.35
2026-04-19 20:19:00,富家岭节制闸,1.35
2026-04-19 20:24:00,富家岭节制闸,1.35
2026-04-19 20:29:00,富家岭节制闸,1.35
2026-04-19 20:34:00,富家岭节制闸,1.34
2026-04-19 20:40:00,富家岭节制闸,1.35
2026-04-19 20:45:00,富家岭节制闸,1.35
2026-04-19 20:50:00,富家岭节制闸,1.36
2026-04-19 20:55:00,富家岭节制闸,1.36
2026-04-19 21:01:00,富家岭节制闸,1.37
2026-04-19 21:06:00,富家岭节制闸,1.38
2026-04-19 21:11:00,富家岭节制闸,1.38
2026-04-19 21:17:00,富家岭节制闸,1.4
2026-04-19 21:22:00,富家岭节制闸,1.4
2026-04-19 21:27:00,富家岭节制闸,1.41
2026-04-19 21:33:00,富家岭节制闸,1.42
2026-04-19 21:38:00,富家岭节制闸,1.42
2026-04-19 21:43:00,富家岭节制闸,1.43
2026-04-19 21:48:00,富家岭节制闸,1.44
2026-04-19 21:53:00,富家岭节制闸,1.44
2026-04-19 21:59:00,富家岭节制闸,1.45
2026-04-19 22:04:00,富家岭节制闸,1.46
2026-04-19 22:10:00,富家岭节制闸,1.47
2026-04-19 22:15:00,富家岭节制闸,1.47
2026-04-19 22:21:00,富家岭节制闸,1.48
2026-04-19 22:26:00,富家岭节制闸,1.48
2026-04-19 22:31:00,富家岭节制闸,1.49
2026-04-19 22:37:00,富家岭节制闸,1.49
2026-04-19 22:42:00,富家岭节制闸,1.49
2026-04-19 22:47:00,富家岭节制闸,1.49
2026-04-19 22:53:00,富家岭节制闸,1.49
2026-04-19 22:58:00,富家岭节制闸,1.49
2026-04-19 23:01:00,富家岭节制闸,1.49
2026-04-19 23:08:00,富家岭节制闸,1.49
2026-04-19 23:14:00,富家岭节制闸,1.49
2026-04-19 23:19:00,富家岭节制闸,1.49
2026-04-19 23:24:00,富家岭节制闸,1.49
2026-04-19 23:30:00,富家岭节制闸,1.49
2026-04-19 23:35:00,富家岭节制闸,1.49
2026-04-19 23:40:00,富家岭节制闸,1.5
2026-04-19 23:45:00,富家岭节制闸,1.5
2026-04-19 23:50:00,富家岭节制闸,1.5
2026-04-19 23:56:00,富家岭节制闸,1.49
2026-04-20 00:01:00,富家岭节制闸,1.48
2026-04-20 00:06:00,富家岭节制闸,1.47
2026-04-20 00:12:00,富家岭节制闸,1.46
2026-04-20 00:17:00,富家岭节制闸,1.45
2026-04-20 00:22:00,富家岭节制闸,1.44
2026-04-20 00:28:00,富家岭节制闸,1.43
2026-04-20 00:33:00,富家岭节制闸,1.43
2026-04-20 00:38:00,富家岭节制闸,1.42
2026-04-20 00:43:00,富家岭节制闸,1.42
2026-04-20 00:48:00,富家岭节制闸,1.41
2026-04-20 00:53:00,富家岭节制闸,1.4
2026-04-20 00:59:00,富家岭节制闸,1.4
2026-04-20 01:04:00,富家岭节制闸,1.39
2026-04-20 01:09:00,富家岭节制闸,1.39
2026-04-20 01:15:00,富家岭节制闸,1.39
2026-04-20 01:20:00,富家岭节制闸,1.39
2026-04-20 01:25:00,富家岭节制闸,1.38
2026-04-20 01:30:00,富家岭节制闸,1.38
2026-04-20 01:36:00,富家岭节制闸,1.38
2026-04-20 01:41:00,富家岭节制闸,1.39
2026-04-20 01:46:00,富家岭节制闸,1.39
2026-04-20 01:51:00,富家岭节制闸,1.39
2026-04-20 01:57:00,富家岭节制闸,1.39
2026-04-20 02:02:00,富家岭节制闸,1.39
2026-04-20 02:07:00,富家岭节制闸,1.4
2026-04-20 02:12:00,富家岭节制闸,1.4
2026-04-20 02:18:00,富家岭节制闸,1.4
2026-04-20 02:23:00,富家岭节制闸,1.41
2026-04-20 02:29:00,富家岭节制闸,1.41
2026-04-20 02:34:00,富家岭节制闸,1.41
2026-04-20 02:39:00,富家岭节制闸,1.41
2026-04-20 02:45:00,富家岭节制闸,1.42
2026-04-20 02:50:00,富家岭节制闸,1.42
2026-04-20 02:55:00,富家岭节制闸,1.42
2026-04-20 03:00:00,富家岭节制闸,1.43
2026-04-20 03:06:00,富家岭节制闸,1.43
2026-04-20 03:11:00,富家岭节制闸,1.43
2026-04-20 03:17:00,富家岭节制闸,1.44
2026-04-20 03:22:00,富家岭节制闸,1.44
2026-04-20 03:27:00,富家岭节制闸,1.44
2026-04-20 03:32:00,富家岭节制闸,1.44
2026-04-20 03:37:00,富家岭节制闸,1.44
2026-04-20 03:43:00,富家岭节制闸,1.44
2026-04-20 03:48:00,富家岭节制闸,1.45
2026-04-20 03:53:00,富家岭节制闸,1.45
2026-04-20 03:58:00,富家岭节制闸,1.45
2026-04-20 04:04:00,富家岭节制闸,1.45
2026-04-20 04:09:00,富家岭节制闸,1.45
2026-04-20 04:14:00,富家岭节制闸,1.45
2026-04-20 04:20:00,富家岭节制闸,1.46
2026-04-20 04:25:00,富家岭节制闸,1.46
2026-04-20 04:30:00,富家岭节制闸,1.46
2026-04-20 04:36:00,富家岭节制闸,1.46
2026-04-20 04:41:00,富家岭节制闸,1.47
2026-04-20 04:46:00,富家岭节制闸,1.46
2026-04-20 04:52:00,富家岭节制闸,1.46
2026-04-20 04:57:00,富家岭节制闸,1.45
2026-04-20 05:02:00,富家岭节制闸,1.45
2026-04-20 05:07:00,富家岭节制闸,1.45
2026-04-20 05:13:00,富家岭节制闸,1.44
2026-04-20 05:18:00,富家岭节制闸,1.44
2026-04-20 05:23:00,富家岭节制闸,1.44
2026-04-20 05:28:00,富家岭节制闸,1.44
2026-04-20 05:34:00,富家岭节制闸,1.44
2026-04-20 05:39:00,富家岭节制闸,1.44
2026-04-20 05:44:00,富家岭节制闸,1.43
2026-04-20 05:50:00,富家岭节制闸,1.43
2026-04-20 05:55:00,富家岭节制闸,1.43
2026-04-20 06:00:00,富家岭节制闸,1.43
2026-04-20 06:05:00,富家岭节制闸,1.43
2026-04-20 06:10:00,富家岭节制闸,1.43
2026-04-20 06:15:00,富家岭节制闸,1.43
2026-04-20 06:21:00,富家岭节制闸,1.42
2026-04-20 06:26:00,富家岭节制闸,1.43
2026-04-20 06:32:00,富家岭节制闸,1.42
2026-04-20 06:37:00,富家岭节制闸,1.42
2026-04-20 06:42:00,富家岭节制闸,1.42
2026-04-20 06:48:00,富家岭节制闸,1.42
2026-04-20 06:53:00,富家岭节制闸,1.42
2026-04-20 06:58:00,富家岭节制闸,1.42
2026-04-20 07:04:00,富家岭节制闸,1.42
2026-04-20 07:09:00,富家岭节制闸,1.42
2026-04-20 07:14:00,富家岭节制闸,1.42
2026-04-20 07:20:00,富家岭节制闸,1.42
2026-04-20 07:25:00,富家岭节制闸,1.42
2026-04-20 07:30:00,富家岭节制闸,1.42
2026-04-20 07:36:00,富家岭节制闸,1.42
2026-04-20 07:41:00,富家岭节制闸,1.42
2026-04-20 07:46:00,富家岭节制闸,1.42
2026-04-20 07:52:00,富家岭节制闸,1.42
2026-04-20 07:57:00,富家岭节制闸,1.41
2026-04-20 08:02:00,富家岭节制闸,1.4
2026-04-20 08:08:00,富家岭节制闸,1.4
2026-04-20 08:13:00,富家岭节制闸,1.39
2026-04-20 08:19:00,富家岭节制闸,1.39
2026-04-20 08:24:00,富家岭节制闸,1.38
2026-04-20 08:29:00,富家岭节制闸,1.38
2026-04-20 08:35:00,富家岭节制闸,1.37
2026-04-20 08:40:00,富家岭节制闸,1.37
2026-04-20 08:45:00,富家岭节制闸,1.37
2026-04-20 08:51:00,富家岭节制闸,1.36
2026-04-20 08:56:00,富家岭节制闸,1.36
2026-04-20 09:01:00,富家岭节制闸,1.36
2026-04-20 09:07:00,富家岭节制闸,1.35
2026-04-20 09:12:00,富家岭节制闸,1.35
2026-04-20 09:17:00,富家岭节制闸,1.35
2026-04-20 09:23:00,富家岭节制闸,1.34
2026-04-20 09:28:00,富家岭节制闸,1.33
2026-04-20 09:34:00,富家岭节制闸,1.33
2026-04-20 09:39:00,富家岭节制闸,1.33
2026-04-20 09:44:00,富家岭节制闸,1.33
2026-04-20 09:50:00,富家岭节制闸,1.33
2026-04-20 09:55:00,富家岭节制闸,1.33
2026-04-20 10:00:00,富家岭节制闸,1.33
2026-04-20 10:06:00,富家岭节制闸,1.33
2026-04-20 10:11:00,富家岭节制闸,1.34
2026-04-20 10:16:00,富家岭节制闸,1.34
2026-04-20 10:22:00,富家岭节制闸,1.34
2026-04-20 10:27:00,富家岭节制闸,1.34
2026-04-20 10:33:00,富家岭节制闸,1.34
2026-04-20 10:38:00,富家岭节制闸,1.34
2026-04-20 10:43:00,富家岭节制闸,1.35
2026-04-20 10:48:00,富家岭节制闸,1.35
2026-04-20 10:54:00,富家岭节制闸,1.35
2026-04-20 10:59:00,富家岭节制闸,1.35
2026-04-20 11:05:00,富家岭节制闸,1.35
2026-04-20 11:10:00,富家岭节制闸,1.35
2026-04-20 11:15:00,富家岭节制闸,1.35
2026-04-20 11:21:00,富家岭节制闸,1.35
2026-04-20 11:26:00,富家岭节制闸,1.35
2026-04-20 11:31:00,富家岭节制闸,1.35
2026-04-20 11:37:00,富家岭节制闸,1.35
2026-04-20 11:42:00,富家岭节制闸,1.35
2026-04-20 11:48:00,富家岭节制闸,1.35
2026-04-20 11:53:00,富家岭节制闸,1.34
2026-04-20 11:59:00,富家岭节制闸,1.34
2026-04-20 12:04:00,富家岭节制闸,1.34
2026-04-20 12:09:00,富家岭节制闸,1.34
2026-04-20 12:14:00,富家岭节制闸,1.35
2026-04-20 12:20:00,富家岭节制闸,1.35
2026-04-20 12:25:00,富家岭节制闸,1.34
2026-04-20 12:31:00,富家岭节制闸,1.35
2026-04-20 12:36:00,富家岭节制闸,1.34
2026-04-20 12:41:00,富家岭节制闸,1.34
2026-04-20 12:47:00,富家岭节制闸,1.34
2026-04-20 12:52:00,富家岭节制闸,1.35
2026-04-20 12:57:00,富家岭节制闸,1.35
2026-04-20 13:03:00,富家岭节制闸,1.34
2026-04-20 13:08:00,富家岭节制闸,1.34
2026-04-20 13:13:00,富家岭节制闸,1.34
2026-04-20 13:19:00,富家岭节制闸,1.34
2026-04-20 13:24:00,富家岭节制闸,1.34
2026-04-20 13:30:00,富家岭节制闸,1.34
2026-04-20 13:35:00,富家岭节制闸,1.34
2026-04-20 13:40:00,富家岭节制闸,1.33
2026-04-20 13:46:00,富家岭节制闸,1.33
2026-04-20 13:51:00,富家岭节制闸,1.33
2026-04-20 13:56:00,富家岭节制闸,1.33
2026-04-20 14:02:00,富家岭节制闸,1.33
2026-04-20 14:07:00,富家岭节制闸,1.33
2026-04-20 14:12:00,富家岭节制闸,1.33
2026-04-20 14:18:00,富家岭节制闸,1.33
2026-04-20 14:23:00,富家岭节制闸,1.32
2026-04-20 14:29:00,富家岭节制闸,1.32
2026-04-20 14:34:00,富家岭节制闸,1.32
2026-04-20 14:39:00,富家岭节制闸,1.32
2026-04-20 14:44:00,富家岭节制闸,1.32
2026-04-20 14:50:00,富家岭节制闸,1.32
2026-04-20 14:55:00,富家岭节制闸,1.32
2026-04-20 15:01:00,富家岭节制闸,1.32
2026-04-20 15:06:00,富家岭节制闸,1.32
2026-04-20 15:11:00,富家岭节制闸,1.32
2026-04-20 15:17:00,富家岭节制闸,1.32
2026-04-20 15:22:00,富家岭节制闸,1.32
2026-04-20 15:28:00,富家岭节制闸,1.31
2026-04-20 15:33:00,富家岭节制闸,1.31
2026-04-20 15:38:00,富家岭节制闸,1.31
2026-04-20 15:44:00,富家岭节制闸,1.31
2026-04-20 15:49:00,富家岭节制闸,1.3
2026-04-20 15:54:00,富家岭节制闸,1.3
2026-04-20 16:00:00,富家岭节制闸,1.3
2026-04-20 16:05:00,富家岭节制闸,1.3
2026-04-20 16:10:00,富家岭节制闸,1.3
2026-04-20 16:16:00,富家岭节制闸,1.3
2026-04-20 16:21:00,富家岭节制闸,1.31
2026-04-20 16:26:00,富家岭节制闸,1.31
2026-04-20 16:32:00,富家岭节制闸,1.31
2026-04-20 16:37:00,富家岭节制闸,1.29
2026-04-20 16:43:00,富家岭节制闸,1.29
2026-04-20 16:48:00,富家岭节制闸,1.31
2026-04-20 16:53:00,富家岭节制闸,1.3
2026-04-20 16:58:00,富家岭节制闸,1.31
2026-04-20 17:03:00,富家岭节制闸,1.31
2026-04-20 17:09:00,富家岭节制闸,1.31
2026-04-20 17:14:00,富家岭节制闸,1.31
2026-04-20 17:19:00,富家岭节制闸,1.3
2026-04-20 17:25:00,富家岭节制闸,1.3
2026-04-20 17:30:00,富家岭节制闸,1.3
2026-04-20 17:35:00,富家岭节制闸,1.3
2026-04-20 17:40:00,富家岭节制闸,1.3
2026-04-20 17:46:00,富家岭节制闸,1.3
2026-04-20 17:51:00,富家岭节制闸,1.3
2026-04-20 17:57:00,富家岭节制闸,1.29
2026-04-20 18:02:00,富家岭节制闸,1.3
2026-04-20 18:07:00,富家岭节制闸,1.3
2026-04-20 18:13:00,富家岭节制闸,1.3
2026-04-20 18:18:00,富家岭节制闸,1.3
2026-04-20 18:24:00,富家岭节制闸,1.29
2026-04-20 18:29:00,富家岭节制闸,1.29
2026-04-20 18:34:00,富家岭节制闸,1.29
2026-04-20 18:40:00,富家岭节制闸,1.28
2026-04-20 18:45:00,富家岭节制闸,1.28
2026-04-20 18:51:00,富家岭节制闸,1.27
2026-04-20 18:56:00,富家岭节制闸,1.27
2026-04-20 19:02:00,富家岭节制闸,1.27
2026-04-20 19:07:00,富家岭节制闸,1.26
2026-04-20 19:13:00,富家岭节制闸,1.26
2026-04-20 19:18:00,富家岭节制闸,1.26
2026-04-20 19:23:00,富家岭节制闸,1.26
2026-04-20 19:29:00,富家岭节制闸,1.25
2026-04-20 19:34:00,富家岭节制闸,1.25
2026-04-20 19:39:00,富家岭节制闸,1.25
2026-04-20 19:45:00,富家岭节制闸,1.25
2026-04-20 19:50:00,富家岭节制闸,1.23
2026-04-20 19:55:00,富家岭节制闸,1.23
2026-04-20 20:01:00,富家岭节制闸,1.23
2026-04-20 20:06:00,富家岭节制闸,1.22
2026-04-20 20:12:00,富家岭节制闸,1.22
2026-04-20 20:17:00,富家岭节制闸,1.21
2026-04-20 20:22:00,富家岭节制闸,1.21
2026-04-20 20:28:00,富家岭节制闸,1.21
2026-04-20 20:33:00,富家岭节制闸,1.2
2026-04-20 20:39:00,富家岭节制闸,1.2
2026-04-20 20:44:00,富家岭节制闸,1.2
2026-04-20 20:49:00,富家岭节制闸,1.22
2026-04-20 20:54:00,富家岭节制闸,1.25
2026-04-20 21:00:00,富家岭节制闸,1.29
2026-04-20 21:05:00,富家岭节制闸,1.32
2026-04-20 21:10:00,富家岭节制闸,1.34
2026-04-20 21:15:00,富家岭节制闸,1.34
2026-04-20 21:21:00,富家岭节制闸,1.33
2026-04-20 21:26:00,富家岭节制闸,1.32
2026-04-20 21:32:00,富家岭节制闸,1.31
2026-04-20 21:37:00,富家岭节制闸,1.3
2026-04-20 21:43:00,富家岭节制闸,1.29
2026-04-20 21:48:00,富家岭节制闸,1.29
2026-04-20 21:53:00,富家岭节制闸,1.28
2026-04-20 21:59:00,富家岭节制闸,1.27
2026-04-20 22:04:00,富家岭节制闸,1.27
2026-04-20 22:09:00,富家岭节制闸,1.26
2026-04-20 22:15:00,富家岭节制闸,1.25
2026-04-20 22:20:00,富家岭节制闸,1.25
2026-04-20 22:25:00,富家岭节制闸,1.24
2026-04-20 22:30:00,富家岭节制闸,1.24
2026-04-20 22:36:00,富家岭节制闸,1.24
2026-04-20 22:41:00,富家岭节制闸,1.23
2026-04-20 22:46:00,富家岭节制闸,1.23
2026-04-20 22:51:00,富家岭节制闸,1.22
2026-04-20 22:57:00,富家岭节制闸,1.22
2026-04-20 23:01:00,富家岭节制闸,1.22
2026-04-20 23:07:00,富家岭节制闸,1.22
2026-04-20 23:12:00,富家岭节制闸,1.22
2026-04-20 23:17:00,富家岭节制闸,1.22
2026-04-20 23:22:00,富家岭节制闸,1.22
2026-04-20 23:28:00,富家岭节制闸,1.22
2026-04-20 23:33:00,富家岭节制闸,1.22
2026-04-20 23:38:00,富家岭节制闸,1.22
2026-04-20 23:44:00,富家岭节制闸,1.22
2026-04-20 23:49:00,富家岭节制闸,1.22
2026-04-20 23:55:00,富家岭节制闸,1.22
2026-04-21 00:00:00,富家岭节制闸,1.22
2026-04-21 00:05:00,富家岭节制闸,1.22
2026-04-21 00:10:00,富家岭节制闸,1.22
2026-04-21 00:16:00,富家岭节制闸,1.23
2026-04-21 00:21:00,富家岭节制闸,1.23
2026-04-21 00:26:00,富家岭节制闸,1.23
2026-04-21 00:32:00,富家岭节制闸,1.24
2026-04-21 00:37:00,富家岭节制闸,1.24
2026-04-21 00:42:00,富家岭节制闸,1.24
2026-04-21 00:47:00,富家岭节制闸,1.24
2026-04-21 00:53:00,富家岭节制闸,1.25
2026-04-21 00:58:00,富家岭节制闸,1.25
2026-04-21 01:03:00,富家岭节制闸,1.25
2026-04-21 01:09:00,富家岭节制闸,1.27
2026-04-21 01:14:00,富家岭节制闸,1.29
2026-04-21 01:19:00,富家岭节制闸,1.31
2026-04-21 01:24:00,富家岭节制闸,1.32
2026-04-21 01:30:00,富家岭节制闸,1.33
2026-04-21 01:35:00,富家岭节制闸,1.34
2026-04-21 01:40:00,富家岭节制闸,1.35
2026-04-21 01:45:00,富家岭节制闸,1.36
2026-04-21 01:51:00,富家岭节制闸,1.37
2026-04-21 01:56:00,富家岭节制闸,1.37
2026-04-21 02:01:00,富家岭节制闸,1.38
2026-04-21 02:07:00,富家岭节制闸,1.39
2026-04-21 02:12:00,富家岭节制闸,1.39
2026-04-21 02:18:00,富家岭节制闸,1.39
2026-04-21 02:23:00,富家岭节制闸,1.4
2026-04-21 02:28:00,富家岭节制闸,1.4
2026-04-21 02:33:00,富家岭节制闸,1.4
2026-04-21 02:39:00,富家岭节制闸,1.4
2026-04-21 02:44:00,富家岭节制闸,1.41
2026-04-21 02:49:00,富家岭节制闸,1.41
2026-04-21 02:55:00,富家岭节制闸,1.41
2026-04-21 03:00:00,富家岭节制闸,1.41
2026-04-21 03:05:00,富家岭节制闸,1.41
2026-04-21 03:10:00,富家岭节制闸,1.41
2026-04-21 03:15:00,富家岭节制闸,1.42
2026-04-21 03:20:00,富家岭节制闸,1.42
2026-04-21 03:26:00,富家岭节制闸,1.42
2026-04-21 03:31:00,富家岭节制闸,1.42
2026-04-21 03:36:00,富家岭节制闸,1.42
2026-04-21 03:41:00,富家岭节制闸,1.42
2026-04-21 03:47:00,富家岭节制闸,1.42
2026-04-21 03:52:00,富家岭节制闸,1.42
2026-04-21 03:57:00,富家岭节制闸,1.42
2026-04-21 04:02:00,富家岭节制闸,1.43
2026-04-21 04:07:00,富家岭节制闸,1.43
2026-04-21 04:13:00,富家岭节制闸,1.43
2026-04-21 04:18:00,富家岭节制闸,1.43
2026-04-21 04:23:00,富家岭节制闸,1.44
2026-04-21 04:29:00,富家岭节制闸,1.44
2026-04-21 04:34:00,富家岭节制闸,1.44
2026-04-21 04:39:00,富家岭节制闸,1.45
2026-04-21 04:44:00,富家岭节制闸,1.45
2026-04-21 04:50:00,富家岭节制闸,1.46
2026-04-21 04:55:00,富家岭节制闸,1.46
2026-04-21 05:00:00,富家岭节制闸,1.46
2026-04-21 05:06:00,富家岭节制闸,1.47
2026-04-21 05:11:00,富家岭节制闸,1.47
2026-04-21 05:16:00,富家岭节制闸,1.47
2026-04-21 05:21:00,富家岭节制闸,1.47
2026-04-21 05:26:00,富家岭节制闸,1.48
2026-04-21 05:31:00,富家岭节制闸,1.48
2026-04-21 05:37:00,富家岭节制闸,1.48
2026-04-21 05:42:00,富家岭节制闸,1.48
2026-04-21 05:47:00,富家岭节制闸,1.48
2026-04-21 05:53:00,富家岭节制闸,1.48
2026-04-21 05:58:00,富家岭节制闸,1.49
2026-04-21 06:03:00,富家岭节制闸,1.48
2026-04-21 06:09:00,富家岭节制闸,1.49
2026-04-21 06:14:00,富家岭节制闸,1.49
2026-04-21 06:19:00,富家岭节制闸,1.49
2026-04-21 06:24:00,富家岭节制闸,1.49
2026-04-21 06:30:00,富家岭节制闸,1.5
2026-04-21 06:35:00,富家岭节制闸,1.5
2026-04-21 06:41:00,富家岭节制闸,1.5
2026-04-21 06:46:00,富家岭节制闸,1.5
2026-04-21 06:51:00,富家岭节制闸,1.5
2026-04-21 06:57:00,富家岭节制闸,1.5
2026-04-21 07:02:00,富家岭节制闸,1.5
2026-04-21 07:07:00,富家岭节制闸,1.5
2026-04-21 07:12:00,富家岭节制闸,1.5
2026-04-21 07:18:00,富家岭节制闸,1.5
2026-04-21 07:23:00,富家岭节制闸,1.48
2026-04-21 07:28:00,富家岭节制闸,1.47
2026-04-21 07:34:00,富家岭节制闸,1.46
2026-04-21 07:39:00,富家岭节制闸,1.46
2026-04-21 07:45:00,富家岭节制闸,1.45
2026-04-21 07:50:00,富家岭节制闸,1.44
2026-04-21 07:55:00,富家岭节制闸,1.44
2026-04-21 08:00:00,富家岭节制闸,1.43
2026-04-21 08:05:00,富家岭节制闸,1.43
2026-04-21 08:10:00,富家岭节制闸,1.42
2026-04-21 08:15:00,富家岭节制闸,1.44
2026-04-21 08:20:00,富家岭节制闸,1.43
2026-04-21 08:25:00,富家岭节制闸,1.41
2026-04-21 08:30:00,富家岭节制闸,1.4
2026-04-21 08:36:00,富家岭节制闸,1.39
2026-04-21 08:41:00,富家岭节制闸,1.38
2026-04-21 08:46:00,富家岭节制闸,1.37
2026-04-21 08:52:00,富家岭节制闸,1.36
2026-04-21 08:57:00,富家岭节制闸,1.35
2026-04-21 09:02:00,富家岭节制闸,1.34
2026-04-21 09:08:00,富家岭节制闸,1.34
2026-04-21 09:13:00,富家岭节制闸,1.33
2026-04-21 09:18:00,富家岭节制闸,1.33
2026-04-21 09:23:00,富家岭节制闸,1.32
2026-04-21 09:29:00,富家岭节制闸,1.32
2026-04-21 09:34:00,富家岭节制闸,1.32
2026-04-21 09:39:00,富家岭节制闸,1.32
2026-04-21 09:44:00,富家岭节制闸,1.31
2026-04-21 09:50:00,富家岭节制闸,1.32
2026-04-21 09:55:00,富家岭节制闸,1.32
2026-04-21 10:00:00,富家岭节制闸,1.32
2026-04-21 10:06:00,富家岭节制闸,1.31
2026-04-21 10:11:00,富家岭节制闸,1.32
2026-04-21 10:16:00,富家岭节制闸,1.32
2026-04-21 10:21:00,富家岭节制闸,1.32
2026-04-21 10:26:00,富家岭节制闸,1.32
2026-04-21 10:32:00,富家岭节制闸,1.32
2026-04-21 10:37:00,富家岭节制闸,1.32
2026-04-21 10:43:00,富家岭节制闸,1.33
2026-04-21 10:48:00,富家岭节制闸,1.33
2026-04-21 10:53:00,富家岭节制闸,1.34
2026-04-21 10:58:00,富家岭节制闸,1.34
2026-04-21 11:03:00,富家岭节制闸,1.34
2026-04-21 11:08:00,富家岭节制闸,1.35
2026-04-21 11:14:00,富家岭节制闸,1.35
2026-04-21 11:19:00,富家岭节制闸,1.35
2026-04-21 11:24:00,富家岭节制闸,1.36
2026-04-21 11:30:00,富家岭节制闸,1.36
2026-04-21 11:35:00,富家岭节制闸,1.36
2026-04-21 11:40:00,富家岭节制闸,1.37
2026-04-21 11:46:00,富家岭节制闸,1.37
2026-04-21 11:51:00,富家岭节制闸,1.38
2026-04-21 11:56:00,富家岭节制闸,1.38
2026-04-21 12:02:00,富家岭节制闸,1.38
2026-04-21 12:07:00,富家岭节制闸,1.37
2026-04-21 12:12:00,富家岭节制闸,1.35
2026-04-21 12:17:00,富家岭节制闸,1.34
2026-04-21 12:23:00,富家岭节制闸,1.33
2026-04-21 12:28:00,富家岭节制闸,1.32
2026-04-21 12:33:00,富家岭节制闸,1.31
2026-04-21 12:38:00,富家岭节制闸,1.26
2026-04-21 12:43:00,富家岭节制闸,1.21
2026-04-21 12:49:00,富家岭节制闸,1.17
2026-04-21 12:54:00,富家岭节制闸,1.13
2026-04-21 12:59:00,富家岭节制闸,1.08
2026-04-21 13:04:00,富家岭节制闸,1.05
2026-04-21 13:10:00,富家岭节制闸,1.0
2026-04-21 13:15:00,富家岭节制闸,0.96
2026-04-21 13:21:00,富家岭节制闸,0.92
2026-04-21 13:26:00,富家岭节制闸,0.89
2026-04-21 13:31:00,富家岭节制闸,0.85
2026-04-21 13:37:00,富家岭节制闸,0.82
2026-04-21 13:42:00,富家岭节制闸,0.78
2026-04-21 13:47:00,富家岭节制闸,0.74
2026-04-21 13:53:00,富家岭节制闸,0.71
2026-04-21 13:58:00,富家岭节制闸,0.78
2026-04-21 14:03:00,富家岭节制闸,0.77
2026-04-21 14:09:00,富家岭节制闸,0.76
2026-04-21 14:14:00,富家岭节制闸,0.75
2026-04-21 14:19:00,富家岭节制闸,0.75
2026-04-21 14:25:00,富家岭节制闸,0.75
2026-04-21 14:30:00,富家岭节制闸,0.8
2026-04-21 14:36:00,富家岭节制闸,0.87
2026-04-21 14:41:00,富家岭节制闸,0.95
2026-04-21 14:46:00,富家岭节制闸,1.01
2026-04-21 14:52:00,富家岭节制闸,1.07
2026-04-21 14:57:00,富家岭节制闸,1.1
2026-04-21 15:02:00,富家岭节制闸,1.11
2026-04-21 15:08:00,富家岭节制闸,1.12
2026-04-21 15:13:00,富家岭节制闸,1.12
2026-04-21 15:18:00,富家岭节制闸,1.11
2026-04-21 15:24:00,富家岭节制闸,1.11
2026-04-21 15:29:00,富家岭节制闸,1.1
2026-04-21 15:35:00,富家岭节制闸,1.09
2026-04-21 15:40:00,富家岭节制闸,1.09
2026-04-21 15:45:00,富家岭节制闸,1.09
2026-04-21 15:51:00,富家岭节制闸,1.08
2026-04-21 15:56:00,富家岭节制闸,1.08
2026-04-21 16:01:00,富家岭节制闸,1.07
2026-04-21 16:06:00,富家岭节制闸,1.07
2026-04-21 16:11:00,富家岭节制闸,1.06
2026-04-21 16:16:00,富家岭节制闸,1.07
2026-04-21 16:22:00,富家岭节制闸,1.06
2026-04-21 16:27:00,富家岭节制闸,1.06
2026-04-21 16:32:00,富家岭节制闸,1.05
2026-04-21 16:37:00,富家岭节制闸,1.05
2026-04-21 16:42:00,富家岭节制闸,1.05
2026-04-21 16:48:00,富家岭节制闸,1.05
2026-04-21 16:53:00,富家岭节制闸,1.04
2026-04-21 16:58:00,富家岭节制闸,1.04
2026-04-21 17:03:00,富家岭节制闸,1.04
2026-04-21 17:09:00,富家岭节制闸,1.04
2026-04-21 17:14:00,富家岭节制闸,1.04
2026-04-21 17:19:00,富家岭节制闸,1.04
2026-04-21 17:25:00,富家岭节制闸,1.04
2026-04-21 17:30:00,富家岭节制闸,1.03
2026-04-14 00:00:00,圪塔节制闸,1.57
2026-04-14 00:02:00,圪塔节制闸,1.57
2026-04-14 00:07:00,圪塔节制闸,1.57
2026-04-14 00:13:00,圪塔节制闸,1.57
2026-04-14 00:18:00,圪塔节制闸,1.57
2026-04-14 00:23:00,圪塔节制闸,1.56
2026-04-14 00:29:00,圪塔节制闸,1.57
2026-04-14 00:34:00,圪塔节制闸,1.56
2026-04-14 00:40:00,圪塔节制闸,1.56
2026-04-14 00:45:00,圪塔节制闸,1.56
2026-04-14 00:51:00,圪塔节制闸,1.56
2026-04-14 00:56:00,圪塔节制闸,1.56
2026-04-14 01:02:00,圪塔节制闸,1.56
2026-04-14 01:07:00,圪塔节制闸,1.56
2026-04-14 01:13:00,圪塔节制闸,1.56
2026-04-14 01:18:00,圪塔节制闸,1.56
2026-04-14 01:24:00,圪塔节制闸,1.55
2026-04-14 01:29:00,圪塔节制闸,1.54
2026-04-14 01:35:00,圪塔节制闸,1.54
2026-04-14 01:40:00,圪塔节制闸,1.54
2026-04-14 01:46:00,圪塔节制闸,1.53
2026-04-14 01:51:00,圪塔节制闸,1.53
2026-04-14 01:57:00,圪塔节制闸,1.53
2026-04-14 02:02:00,圪塔节制闸,1.52
2026-04-14 02:07:00,圪塔节制闸,1.52
2026-04-14 02:12:00,圪塔节制闸,1.51
2026-04-14 02:18:00,圪塔节制闸,1.51
2026-04-14 02:23:00,圪塔节制闸,1.51
2026-04-14 02:29:00,圪塔节制闸,1.5
2026-04-14 02:34:00,圪塔节制闸,1.5
2026-04-14 02:39:00,圪塔节制闸,1.5
2026-04-14 02:44:00,圪塔节制闸,1.5
2026-04-14 02:50:00,圪塔节制闸,1.49
2026-04-14 02:55:00,圪塔节制闸,1.49
2026-04-14 03:01:00,圪塔节制闸,1.49
2026-04-14 03:06:00,圪塔节制闸,1.48
2026-04-14 03:11:00,圪塔节制闸,1.48
2026-04-14 03:17:00,圪塔节制闸,1.48
2026-04-14 03:22:00,圪塔节制闸,1.48
2026-04-14 03:27:00,圪塔节制闸,1.48
2026-04-14 03:32:00,圪塔节制闸,1.48
2026-04-14 03:37:00,圪塔节制闸,1.47
2026-04-14 03:43:00,圪塔节制闸,1.47
2026-04-14 03:48:00,圪塔节制闸,1.47
2026-04-14 03:53:00,圪塔节制闸,1.47
2026-04-14 03:59:00,圪塔节制闸,1.47
2026-04-14 04:04:00,圪塔节制闸,1.46
2026-04-14 04:09:00,圪塔节制闸,1.46
2026-04-14 04:14:00,圪塔节制闸,1.46
2026-04-14 04:20:00,圪塔节制闸,1.46
2026-04-14 04:25:00,圪塔节制闸,1.45
2026-04-14 04:30:00,圪塔节制闸,1.45
2026-04-14 04:35:00,圪塔节制闸,1.45
2026-04-14 04:41:00,圪塔节制闸,1.45
2026-04-14 04:46:00,圪塔节制闸,1.45
2026-04-14 04:51:00,圪塔节制闸,1.45
2026-04-14 04:57:00,圪塔节制闸,1.45
2026-04-14 05:02:00,圪塔节制闸,1.45
2026-04-14 05:07:00,圪塔节制闸,1.45
2026-04-14 05:13:00,圪塔节制闸,1.44
2026-04-14 05:18:00,圪塔节制闸,1.45
2026-04-14 05:23:00,圪塔节制闸,1.45
2026-04-14 05:28:00,圪塔节制闸,1.44
2026-04-14 05:33:00,圪塔节制闸,1.44
2026-04-14 05:38:00,圪塔节制闸,1.44
2026-04-14 05:44:00,圪塔节制闸,1.44
2026-04-14 05:49:00,圪塔节制闸,1.44
2026-04-14 05:54:00,圪塔节制闸,1.44
2026-04-14 05:59:00,圪塔节制闸,1.44
2026-04-14 06:04:00,圪塔节制闸,1.44
2026-04-14 06:10:00,圪塔节制闸,1.44
2026-04-14 06:15:00,圪塔节制闸,1.44
2026-04-14 06:20:00,圪塔节制闸,1.44
2026-04-14 06:25:00,圪塔节制闸,1.44
2026-04-14 06:31:00,圪塔节制闸,1.44
2026-04-14 06:36:00,圪塔节制闸,1.44
2026-04-14 06:41:00,圪塔节制闸,1.44
2026-04-14 06:46:00,圪塔节制闸,1.44
2026-04-14 06:52:00,圪塔节制闸,1.44
2026-04-14 06:57:00,圪塔节制闸,1.44
2026-04-14 07:03:00,圪塔节制闸,1.44
2026-04-14 07:08:00,圪塔节制闸,1.44
2026-04-14 07:13:00,圪塔节制闸,1.43
2026-04-14 07:18:00,圪塔节制闸,1.43
2026-04-14 07:24:00,圪塔节制闸,1.43
2026-04-14 07:29:00,圪塔节制闸,1.43
2026-04-14 07:35:00,圪塔节制闸,1.43
2026-04-14 07:40:00,圪塔节制闸,1.43
2026-04-14 07:45:00,圪塔节制闸,1.43
2026-04-14 07:50:00,圪塔节制闸,1.43
2026-04-14 07:56:00,圪塔节制闸,1.42
2026-04-14 08:01:00,圪塔节制闸,1.43
2026-04-14 08:07:00,圪塔节制闸,1.42
2026-04-14 08:12:00,圪塔节制闸,1.42
2026-04-14 08:18:00,圪塔节制闸,1.42
2026-04-14 08:23:00,圪塔节制闸,1.42
2026-04-14 08:28:00,圪塔节制闸,1.41
2026-04-14 08:33:00,圪塔节制闸,1.42
2026-04-14 08:38:00,圪塔节制闸,1.41
2026-04-14 08:44:00,圪塔节制闸,1.41
2026-04-14 08:49:00,圪塔节制闸,1.41
2026-04-14 08:54:00,圪塔节制闸,1.41
2026-04-14 08:59:00,圪塔节制闸,1.41
2026-04-14 09:05:00,圪塔节制闸,1.41
2026-04-14 09:10:00,圪塔节制闸,1.41
2026-04-14 09:16:00,圪塔节制闸,1.41
2026-04-14 09:21:00,圪塔节制闸,1.41
2026-04-14 09:27:00,圪塔节制闸,1.41
2026-04-14 09:32:00,圪塔节制闸,1.4
2026-04-14 09:37:00,圪塔节制闸,1.37
2026-04-14 09:43:00,圪塔节制闸,1.37
2026-04-14 09:48:00,圪塔节制闸,1.36
2026-04-14 09:53:00,圪塔节制闸,1.36
2026-04-14 09:59:00,圪塔节制闸,1.35
2026-04-14 10:04:00,圪塔节制闸,1.37
2026-04-14 10:09:00,圪塔节制闸,1.37
2026-04-14 10:14:00,圪塔节制闸,1.38
2026-04-14 10:20:00,圪塔节制闸,1.38
2026-04-14 10:25:00,圪塔节制闸,1.37
2026-04-14 10:31:00,圪塔节制闸,1.38
2026-04-14 10:36:00,圪塔节制闸,1.37
2026-04-14 10:41:00,圪塔节制闸,1.37
2026-04-14 10:46:00,圪塔节制闸,1.38
2026-04-14 10:52:00,圪塔节制闸,1.37
2026-04-14 10:57:00,圪塔节制闸,1.38
2026-04-14 11:02:00,圪塔节制闸,1.36
2026-04-14 11:08:00,圪塔节制闸,1.37
2026-04-14 11:13:00,圪塔节制闸,1.37
2026-04-14 11:18:00,圪塔节制闸,1.36
2026-04-14 11:23:00,圪塔节制闸,1.35
2026-04-14 11:29:00,圪塔节制闸,1.35
2026-04-14 11:34:00,圪塔节制闸,1.34
2026-04-14 11:39:00,圪塔节制闸,1.34
2026-04-14 11:44:00,圪塔节制闸,1.34
2026-04-14 11:49:00,圪塔节制闸,1.34
2026-04-14 11:54:00,圪塔节制闸,1.34
2026-04-14 12:00:00,圪塔节制闸,1.34
2026-04-14 12:05:00,圪塔节制闸,1.32
2026-04-14 12:11:00,圪塔节制闸,1.33
2026-04-14 12:16:00,圪塔节制闸,1.32
2026-04-14 12:21:00,圪塔节制闸,1.32
2026-04-14 12:27:00,圪塔节制闸,1.3
2026-04-14 12:32:00,圪塔节制闸,1.31
2026-04-14 12:37:00,圪塔节制闸,1.3
2026-04-14 12:43:00,圪塔节制闸,1.29
2026-04-14 12:48:00,圪塔节制闸,1.29
2026-04-14 12:53:00,圪塔节制闸,1.29
2026-04-14 12:59:00,圪塔节制闸,1.28
2026-04-14 13:04:00,圪塔节制闸,1.28
2026-04-14 13:09:00,圪塔节制闸,1.3
2026-04-14 13:15:00,圪塔节制闸,1.29
2026-04-14 13:20:00,圪塔节制闸,1.3
2026-04-14 13:25:00,圪塔节制闸,1.3
2026-04-14 13:30:00,圪塔节制闸,1.3
2026-04-14 13:36:00,圪塔节制闸,1.3
2026-04-14 13:41:00,圪塔节制闸,1.31
2026-04-14 13:47:00,圪塔节制闸,1.32
2026-04-14 13:52:00,圪塔节制闸,1.32
2026-04-14 13:57:00,圪塔节制闸,1.33
2026-04-14 14:02:00,圪塔节制闸,1.33
2026-04-14 14:08:00,圪塔节制闸,1.32
2026-04-14 14:13:00,圪塔节制闸,1.32
2026-04-14 14:19:00,圪塔节制闸,1.31
2026-04-14 14:24:00,圪塔节制闸,1.32
2026-04-14 14:30:00,圪塔节制闸,1.31
2026-04-14 14:35:00,圪塔节制闸,1.31
2026-04-14 14:40:00,圪塔节制闸,1.31
2026-04-14 14:45:00,圪塔节制闸,1.31
2026-04-14 14:50:00,圪塔节制闸,1.3
2026-04-14 14:56:00,圪塔节制闸,1.3
2026-04-14 15:01:00,圪塔节制闸,1.3
2026-04-14 15:07:00,圪塔节制闸,1.31
2026-04-14 15:12:00,圪塔节制闸,1.3
2026-04-14 15:18:00,圪塔节制闸,1.3
2026-04-14 15:23:00,圪塔节制闸,1.3
2026-04-14 15:28:00,圪塔节制闸,1.3
2026-04-14 15:34:00,圪塔节制闸,1.3
2026-04-14 15:39:00,圪塔节制闸,1.3
2026-04-14 15:44:00,圪塔节制闸,1.31
2026-04-14 15:49:00,圪塔节制闸,1.3
2026-04-14 15:55:00,圪塔节制闸,1.31
2026-04-14 16:00:00,圪塔节制闸,1.31
2026-04-14 16:06:00,圪塔节制闸,1.31
2026-04-14 16:11:00,圪塔节制闸,1.31
2026-04-14 16:16:00,圪塔节制闸,1.3
2026-04-14 16:21:00,圪塔节制闸,1.31
2026-04-14 16:26:00,圪塔节制闸,1.31
2026-04-14 16:32:00,圪塔节制闸,1.31
2026-04-14 16:54:00,圪塔节制闸,1.31
2026-04-14 16:59:00,圪塔节制闸,1.32
2026-04-14 17:05:00,圪塔节制闸,1.32
2026-04-14 17:10:00,圪塔节制闸,1.32
2026-04-14 17:15:00,圪塔节制闸,1.32
2026-04-14 17:21:00,圪塔节制闸,1.32
2026-04-14 17:26:00,圪塔节制闸,1.32
2026-04-14 17:31:00,圪塔节制闸,1.33
2026-04-14 17:37:00,圪塔节制闸,1.33
2026-04-14 17:42:00,圪塔节制闸,1.33
2026-04-14 17:47:00,圪塔节制闸,1.33
2026-04-14 17:52:00,圪塔节制闸,1.34
2026-04-14 17:58:00,圪塔节制闸,1.34
2026-04-14 18:03:00,圪塔节制闸,1.34
2026-04-14 18:08:00,圪塔节制闸,1.34
2026-04-14 18:13:00,圪塔节制闸,1.34
2026-04-14 18:18:00,圪塔节制闸,1.35
2026-04-14 18:23:00,圪塔节制闸,1.35
2026-04-14 18:28:00,圪塔节制闸,1.35
2026-04-14 18:34:00,圪塔节制闸,1.35
2026-04-14 18:39:00,圪塔节制闸,1.36
2026-04-14 18:44:00,圪塔节制闸,1.36
2026-04-14 18:49:00,圪塔节制闸,1.35
2026-04-14 18:54:00,圪塔节制闸,1.36
2026-04-14 19:00:00,圪塔节制闸,1.37
2026-04-14 19:05:00,圪塔节制闸,1.37
2026-04-14 19:10:00,圪塔节制闸,1.37
2026-04-14 19:15:00,圪塔节制闸,1.37
2026-04-14 19:20:00,圪塔节制闸,1.37
2026-04-14 19:25:00,圪塔节制闸,1.37
2026-04-14 19:31:00,圪塔节制闸,1.37
2026-04-14 19:36:00,圪塔节制闸,1.38
2026-04-14 19:41:00,圪塔节制闸,1.38
2026-04-14 19:46:00,圪塔节制闸,1.37
2026-04-14 19:51:00,圪塔节制闸,1.38
2026-04-14 19:57:00,圪塔节制闸,1.39
2026-04-14 20:02:00,圪塔节制闸,1.39
2026-04-14 20:08:00,圪塔节制闸,1.39
2026-04-14 20:13:00,圪塔节制闸,1.39
2026-04-14 20:18:00,圪塔节制闸,1.39
2026-04-14 20:24:00,圪塔节制闸,1.39
2026-04-14 20:29:00,圪塔节制闸,1.39
2026-04-14 20:35:00,圪塔节制闸,1.4
2026-04-14 20:40:00,圪塔节制闸,1.4
2026-04-14 20:45:00,圪塔节制闸,1.4
2026-04-14 20:51:00,圪塔节制闸,1.4
2026-04-14 20:56:00,圪塔节制闸,1.4
2026-04-14 21:02:00,圪塔节制闸,1.41
2026-04-14 21:07:00,圪塔节制闸,1.41
2026-04-14 21:12:00,圪塔节制闸,1.41
2026-04-14 21:17:00,圪塔节制闸,1.41
2026-04-14 21:23:00,圪塔节制闸,1.41
2026-04-14 21:28:00,圪塔节制闸,1.41
2026-04-14 21:33:00,圪塔节制闸,1.41
2026-04-14 21:39:00,圪塔节制闸,1.42
2026-04-14 21:44:00,圪塔节制闸,1.42
2026-04-14 21:50:00,圪塔节制闸,1.42
2026-04-14 21:55:00,圪塔节制闸,1.42
2026-04-14 22:01:00,圪塔节制闸,1.42
2026-04-14 22:06:00,圪塔节制闸,1.42
2026-04-14 22:12:00,圪塔节制闸,1.43
2026-04-14 22:17:00,圪塔节制闸,1.43
2026-04-14 22:22:00,圪塔节制闸,1.43
2026-04-14 22:28:00,圪塔节制闸,1.43
2026-04-14 22:33:00,圪塔节制闸,1.43
2026-04-14 22:39:00,圪塔节制闸,1.43
2026-04-14 22:44:00,圪塔节制闸,1.43
2026-04-14 22:50:00,圪塔节制闸,1.44
2026-04-14 22:55:00,圪塔节制闸,1.44
2026-04-14 23:00:00,圪塔节制闸,1.44
2026-04-14 23:04:00,圪塔节制闸,1.44
2026-04-14 23:11:00,圪塔节制闸,1.44
2026-04-14 23:16:00,圪塔节制闸,1.44
2026-04-14 23:22:00,圪塔节制闸,1.44
2026-04-14 23:27:00,圪塔节制闸,1.45
2026-04-14 23:32:00,圪塔节制闸,1.45
2026-04-14 23:37:00,圪塔节制闸,1.45
2026-04-14 23:42:00,圪塔节制闸,1.45
2026-04-14 23:48:00,圪塔节制闸,1.45
2026-04-14 23:53:00,圪塔节制闸,1.45
2026-04-14 23:58:00,圪塔节制闸,1.46
2026-04-15 00:03:00,圪塔节制闸,1.46
2026-04-15 00:08:00,圪塔节制闸,1.46
2026-04-15 00:13:00,圪塔节制闸,1.46
2026-04-15 00:18:00,圪塔节制闸,1.45
2026-04-15 00:24:00,圪塔节制闸,1.46
2026-04-15 00:29:00,圪塔节制闸,1.46
2026-04-15 00:34:00,圪塔节制闸,1.46
2026-04-15 00:39:00,圪塔节制闸,1.46
2026-04-15 00:44:00,圪塔节制闸,1.47
2026-04-15 00:50:00,圪塔节制闸,1.46
2026-04-15 00:55:00,圪塔节制闸,1.47
2026-04-15 01:00:00,圪塔节制闸,1.47
2026-04-15 01:05:00,圪塔节制闸,1.47
2026-04-15 01:10:00,圪塔节制闸,1.47
2026-04-15 01:16:00,圪塔节制闸,1.48
2026-04-15 01:21:00,圪塔节制闸,1.48
2026-04-15 01:26:00,圪塔节制闸,1.48
2026-04-15 01:32:00,圪塔节制闸,1.47
2026-04-15 01:37:00,圪塔节制闸,1.48
2026-04-15 01:43:00,圪塔节制闸,1.48
2026-04-15 01:48:00,圪塔节制闸,1.48
2026-04-15 01:54:00,圪塔节制闸,1.49
2026-04-15 01:59:00,圪塔节制闸,1.48
2026-04-15 02:04:00,圪塔节制闸,1.49
2026-04-15 02:10:00,圪塔节制闸,1.49
2026-04-15 02:15:00,圪塔节制闸,1.5
2026-04-15 02:21:00,圪塔节制闸,1.5
2026-04-15 02:26:00,圪塔节制闸,1.5
2026-04-15 02:31:00,圪塔节制闸,1.5
2026-04-15 02:37:00,圪塔节制闸,1.5
2026-04-15 02:42:00,圪塔节制闸,1.5
2026-04-15 02:48:00,圪塔节制闸,1.5
2026-04-15 02:53:00,圪塔节制闸,1.49
2026-04-15 02:58:00,圪塔节制闸,1.48
2026-04-15 03:04:00,圪塔节制闸,1.47
2026-04-15 03:09:00,圪塔节制闸,1.47
2026-04-15 03:14:00,圪塔节制闸,1.47
2026-04-15 03:20:00,圪塔节制闸,1.46
2026-04-15 03:25:00,圪塔节制闸,1.45
2026-04-15 03:31:00,圪塔节制闸,1.45
2026-04-15 03:36:00,圪塔节制闸,1.45
2026-04-15 03:42:00,圪塔节制闸,1.45
2026-04-15 03:47:00,圪塔节制闸,1.44
2026-04-15 03:52:00,圪塔节制闸,1.43
2026-04-15 03:58:00,圪塔节制闸,1.44
2026-04-15 04:03:00,圪塔节制闸,1.43
2026-04-15 04:08:00,圪塔节制闸,1.43
2026-04-15 04:14:00,圪塔节制闸,1.43
2026-04-15 04:19:00,圪塔节制闸,1.43
2026-04-15 04:24:00,圪塔节制闸,1.43
2026-04-15 04:29:00,圪塔节制闸,1.42
2026-04-15 04:35:00,圪塔节制闸,1.42
2026-04-15 04:40:00,圪塔节制闸,1.42
2026-04-15 04:46:00,圪塔节制闸,1.41
2026-04-15 04:51:00,圪塔节制闸,1.42
2026-04-15 04:57:00,圪塔节制闸,1.42
2026-04-15 05:02:00,圪塔节制闸,1.43
2026-04-15 05:07:00,圪塔节制闸,1.43
2026-04-15 05:12:00,圪塔节制闸,1.44
2026-04-15 05:18:00,圪塔节制闸,1.44
2026-04-15 05:23:00,圪塔节制闸,1.44
2026-04-15 05:28:00,圪塔节制闸,1.45
2026-04-15 05:33:00,圪塔节制闸,1.45
2026-04-15 05:39:00,圪塔节制闸,1.45
2026-04-15 05:44:00,圪塔节制闸,1.45
2026-04-15 05:49:00,圪塔节制闸,1.46
2026-04-15 05:55:00,圪塔节制闸,1.46
2026-04-15 06:00:00,圪塔节制闸,1.46
2026-04-15 06:06:00,圪塔节制闸,1.47
2026-04-15 06:11:00,圪塔节制闸,1.47
2026-04-15 06:16:00,圪塔节制闸,1.47
2026-04-15 06:21:00,圪塔节制闸,1.47
2026-04-15 06:27:00,圪塔节制闸,1.47
2026-04-15 06:32:00,圪塔节制闸,1.48
2026-04-15 06:37:00,圪塔节制闸,1.47
2026-04-15 06:43:00,圪塔节制闸,1.47
2026-04-15 06:48:00,圪塔节制闸,1.47
2026-04-15 06:53:00,圪塔节制闸,1.48
2026-04-15 06:59:00,圪塔节制闸,1.48
2026-04-15 07:04:00,圪塔节制闸,1.48
2026-04-15 07:09:00,圪塔节制闸,1.48
2026-04-15 07:14:00,圪塔节制闸,1.48
2026-04-15 07:20:00,圪塔节制闸,1.49
2026-04-15 07:25:00,圪塔节制闸,1.48
2026-04-15 07:30:00,圪塔节制闸,1.48
2026-04-15 07:35:00,圪塔节制闸,1.49
2026-04-15 07:41:00,圪塔节制闸,1.49
2026-04-15 07:46:00,圪塔节制闸,1.49
2026-04-15 07:51:00,圪塔节制闸,1.49
2026-04-15 07:56:00,圪塔节制闸,1.49
2026-04-15 08:01:00,圪塔节制闸,1.5
2026-04-15 08:07:00,圪塔节制闸,1.51
2026-04-15 08:12:00,圪塔节制闸,1.52
2026-04-15 08:17:00,圪塔节制闸,1.52
2026-04-15 08:23:00,圪塔节制闸,1.53
2026-04-15 08:28:00,圪塔节制闸,1.53
2026-04-15 08:33:00,圪塔节制闸,1.55
2026-04-15 08:39:00,圪塔节制闸,1.56
2026-04-15 08:44:00,圪塔节制闸,1.57
2026-04-15 08:49:00,圪塔节制闸,1.57
2026-04-15 08:54:00,圪塔节制闸,1.58
2026-04-15 08:59:00,圪塔节制闸,1.58
2026-04-15 09:04:00,圪塔节制闸,1.59
2026-04-15 09:10:00,圪塔节制闸,1.6
2026-04-15 09:15:00,圪塔节制闸,1.6
2026-04-15 09:20:00,圪塔节制闸,1.61
2026-04-15 09:25:00,圪塔节制闸,1.62
2026-04-15 09:31:00,圪塔节制闸,1.62
2026-04-15 09:36:00,圪塔节制闸,1.62
2026-04-15 09:41:00,圪塔节制闸,1.63
2026-04-15 09:46:00,圪塔节制闸,1.63
2026-04-15 09:51:00,圪塔节制闸,1.64
2026-04-15 09:57:00,圪塔节制闸,1.64
2026-04-15 10:02:00,圪塔节制闸,1.65
2026-04-15 10:08:00,圪塔节制闸,1.64
2026-04-15 10:13:00,圪塔节制闸,1.64
2026-04-15 10:18:00,圪塔节制闸,1.64
2026-04-15 10:23:00,圪塔节制闸,1.64
2026-04-15 10:28:00,圪塔节制闸,1.64
2026-04-15 10:33:00,圪塔节制闸,1.64
2026-04-15 10:39:00,圪塔节制闸,1.64
2026-04-15 10:44:00,圪塔节制闸,1.64
2026-04-15 10:49:00,圪塔节制闸,1.64
2026-04-15 10:55:00,圪塔节制闸,1.65
2026-04-15 11:00:00,圪塔节制闸,1.64
2026-04-15 11:05:00,圪塔节制闸,1.65
2026-04-15 11:10:00,圪塔节制闸,1.65
2026-04-15 11:15:00,圪塔节制闸,1.65
2026-04-15 11:21:00,圪塔节制闸,1.65
2026-04-15 11:26:00,圪塔节制闸,1.64
2026-04-15 11:31:00,圪塔节制闸,1.65
2026-04-15 11:36:00,圪塔节制闸,1.65
2026-04-15 11:41:00,圪塔节制闸,1.65
2026-04-15 11:46:00,圪塔节制闸,1.65
2026-04-15 11:52:00,圪塔节制闸,1.65
2026-04-15 11:57:00,圪塔节制闸,1.65
2026-04-15 12:02:00,圪塔节制闸,1.65
2026-04-15 12:07:00,圪塔节制闸,1.65
2026-04-15 12:13:00,圪塔节制闸,1.65
2026-04-15 12:18:00,圪塔节制闸,1.65
2026-04-15 12:24:00,圪塔节制闸,1.65
2026-04-15 12:29:00,圪塔节制闸,1.66
2026-04-15 12:35:00,圪塔节制闸,1.65
2026-04-15 12:40:00,圪塔节制闸,1.65
2026-04-15 12:45:00,圪塔节制闸,1.65
2026-04-15 12:50:00,圪塔节制闸,1.66
2026-04-15 12:55:00,圪塔节制闸,1.66
2026-04-15 13:01:00,圪塔节制闸,1.66
2026-04-15 13:06:00,圪塔节制闸,1.66
2026-04-15 13:12:00,圪塔节制闸,1.66
2026-04-15 13:17:00,圪塔节制闸,1.66
2026-04-15 13:22:00,圪塔节制闸,1.66
2026-04-15 13:28:00,圪塔节制闸,1.66
2026-04-15 13:33:00,圪塔节制闸,1.66
2026-04-15 13:38:00,圪塔节制闸,1.66
2026-04-15 13:43:00,圪塔节制闸,1.66
2026-04-15 13:49:00,圪塔节制闸,1.67
2026-04-15 13:54:00,圪塔节制闸,1.67
2026-04-15 14:00:00,圪塔节制闸,1.66
2026-04-15 14:05:00,圪塔节制闸,1.66
2026-04-15 14:10:00,圪塔节制闸,1.67
2026-04-15 14:16:00,圪塔节制闸,1.67
2026-04-15 14:21:00,圪塔节制闸,1.67
2026-04-15 14:26:00,圪塔节制闸,1.66
2026-04-15 14:32:00,圪塔节制闸,1.67
2026-04-15 14:37:00,圪塔节制闸,1.67
2026-04-15 14:42:00,圪塔节制闸,1.68
2026-04-15 14:48:00,圪塔节制闸,1.67
2026-04-15 14:53:00,圪塔节制闸,1.67
2026-04-15 14:58:00,圪塔节制闸,1.67
2026-04-15 15:04:00,圪塔节制闸,1.67
2026-04-15 15:09:00,圪塔节制闸,1.67
2026-04-15 15:14:00,圪塔节制闸,1.67
2026-04-15 15:20:00,圪塔节制闸,1.67
2026-04-15 15:25:00,圪塔节制闸,1.68
2026-04-15 15:30:00,圪塔节制闸,1.68
2026-04-15 15:36:00,圪塔节制闸,1.68
2026-04-15 15:41:00,圪塔节制闸,1.68
2026-04-15 15:46:00,圪塔节制闸,1.68
2026-04-15 15:52:00,圪塔节制闸,1.68
2026-04-15 15:57:00,圪塔节制闸,1.68
2026-04-15 16:02:00,圪塔节制闸,1.68
2026-04-15 16:07:00,圪塔节制闸,1.68
2026-04-15 16:12:00,圪塔节制闸,1.68
2026-04-15 16:17:00,圪塔节制闸,1.68
2026-04-15 16:22:00,圪塔节制闸,1.68
2026-04-15 16:27:00,圪塔节制闸,1.69
2026-04-15 16:33:00,圪塔节制闸,1.68
2026-04-15 16:38:00,圪塔节制闸,1.68
2026-04-15 16:43:00,圪塔节制闸,1.69
2026-04-15 16:48:00,圪塔节制闸,1.69
2026-04-15 16:54:00,圪塔节制闸,1.69
2026-04-15 16:59:00,圪塔节制闸,1.68
2026-04-15 17:04:00,圪塔节制闸,1.69
2026-04-15 17:10:00,圪塔节制闸,1.69
2026-04-15 17:15:00,圪塔节制闸,1.69
2026-04-15 17:20:00,圪塔节制闸,1.69
2026-04-15 17:26:00,圪塔节制闸,1.68
2026-04-15 17:31:00,圪塔节制闸,1.68
2026-04-15 17:36:00,圪塔节制闸,1.68
2026-04-15 17:41:00,圪塔节制闸,1.69
2026-04-15 17:47:00,圪塔节制闸,1.69
2026-04-15 17:52:00,圪塔节制闸,1.69
2026-04-15 17:58:00,圪塔节制闸,1.69
2026-04-15 18:03:00,圪塔节制闸,1.69
2026-04-15 18:08:00,圪塔节制闸,1.68
2026-04-15 18:14:00,圪塔节制闸,1.69
2026-04-15 18:19:00,圪塔节制闸,1.69
2026-04-15 18:25:00,圪塔节制闸,1.69
2026-04-15 18:30:00,圪塔节制闸,1.68
2026-04-15 18:35:00,圪塔节制闸,1.68
2026-04-15 18:41:00,圪塔节制闸,1.68
2026-04-15 18:46:00,圪塔节制闸,1.68
2026-04-15 18:51:00,圪塔节制闸,1.67
2026-04-15 18:57:00,圪塔节制闸,1.67
2026-04-15 19:02:00,圪塔节制闸,1.67
2026-04-15 19:07:00,圪塔节制闸,1.66
2026-04-15 19:12:00,圪塔节制闸,1.66
2026-04-15 19:17:00,圪塔节制闸,1.65
2026-04-15 19:23:00,圪塔节制闸,1.65
2026-04-15 19:28:00,圪塔节制闸,1.65
2026-04-15 19:33:00,圪塔节制闸,1.65
2026-04-15 19:39:00,圪塔节制闸,1.64
2026-04-15 19:44:00,圪塔节制闸,1.64
2026-04-15 19:49:00,圪塔节制闸,1.63
2026-04-15 19:55:00,圪塔节制闸,1.63
2026-04-15 20:00:00,圪塔节制闸,1.62
2026-04-15 20:06:00,圪塔节制闸,1.62
2026-04-15 20:11:00,圪塔节制闸,1.61
2026-04-15 20:16:00,圪塔节制闸,1.61
2026-04-15 20:21:00,圪塔节制闸,1.61
2026-04-15 20:26:00,圪塔节制闸,1.6
2026-04-15 20:32:00,圪塔节制闸,1.59
2026-04-15 20:37:00,圪塔节制闸,1.59
2026-04-15 20:43:00,圪塔节制闸,1.58
2026-04-15 20:48:00,圪塔节制闸,1.58
2026-04-15 20:53:00,圪塔节制闸,1.56
2026-04-15 20:59:00,圪塔节制闸,1.55
2026-04-15 21:04:00,圪塔节制闸,1.55
2026-04-15 21:09:00,圪塔节制闸,1.54
2026-04-15 21:14:00,圪塔节制闸,1.53
2026-04-15 21:19:00,圪塔节制闸,1.52
2026-04-15 21:24:00,圪塔节制闸,1.51
2026-04-15 21:30:00,圪塔节制闸,1.51
2026-04-15 21:35:00,圪塔节制闸,1.49
2026-04-15 21:41:00,圪塔节制闸,1.48
2026-04-15 21:46:00,圪塔节制闸,1.48
2026-04-15 21:52:00,圪塔节制闸,1.47
2026-04-15 21:57:00,圪塔节制闸,1.46
2026-04-15 22:03:00,圪塔节制闸,1.45
2026-04-15 22:08:00,圪塔节制闸,1.44
2026-04-15 22:13:00,圪塔节制闸,1.44
2026-04-15 22:19:00,圪塔节制闸,1.43
2026-04-15 22:24:00,圪塔节制闸,1.43
2026-04-15 22:29:00,圪塔节制闸,1.38
2026-04-15 22:35:00,圪塔节制闸,1.36
2026-04-15 22:40:00,圪塔节制闸,1.34
2026-04-15 22:45:00,圪塔节制闸,1.33
2026-04-15 22:50:00,圪塔节制闸,1.31
2026-04-15 22:56:00,圪塔节制闸,1.3
2026-04-15 23:01:00,圪塔节制闸,1.28
2026-04-15 23:04:00,圪塔节制闸,1.27
2026-04-15 23:11:00,圪塔节制闸,1.24
2026-04-15 23:16:00,圪塔节制闸,1.23
2026-04-15 23:21:00,圪塔节制闸,1.22
2026-04-15 23:26:00,圪塔节制闸,1.2
2026-04-15 23:32:00,圪塔节制闸,1.19
2026-04-15 23:37:00,圪塔节制闸,1.18
2026-04-15 23:42:00,圪塔节制闸,1.16
2026-04-15 23:47:00,圪塔节制闸,1.15
2026-04-15 23:53:00,圪塔节制闸,1.14
2026-04-15 23:58:00,圪塔节制闸,1.13
2026-04-16 00:03:00,圪塔节制闸,1.11
2026-04-16 00:08:00,圪塔节制闸,1.09
2026-04-16 00:13:00,圪塔节制闸,1.08
2026-04-16 00:19:00,圪塔节制闸,1.07
2026-04-16 00:24:00,圪塔节制闸,1.05
2026-04-16 00:30:00,圪塔节制闸,1.04
2026-04-16 00:35:00,圪塔节制闸,1.02
2026-04-16 00:40:00,圪塔节制闸,1.04
2026-04-16 00:46:00,圪塔节制闸,1.03
2026-04-16 00:51:00,圪塔节制闸,1.02
2026-04-16 00:57:00,圪塔节制闸,1.01
2026-04-16 01:02:00,圪塔节制闸,1.01
2026-04-16 01:07:00,圪塔节制闸,1.0
2026-04-16 01:12:00,圪塔节制闸,0.99
2026-04-16 01:17:00,圪塔节制闸,0.99
2026-04-16 01:22:00,圪塔节制闸,0.98
2026-04-16 01:28:00,圪塔节制闸,0.97
2026-04-16 01:33:00,圪塔节制闸,0.97
2026-04-16 01:39:00,圪塔节制闸,0.98
2026-04-16 01:44:00,圪塔节制闸,0.98
2026-04-16 01:49:00,圪塔节制闸,0.98
2026-04-16 01:55:00,圪塔节制闸,0.99
2026-04-16 02:00:00,圪塔节制闸,1.0
2026-04-16 02:05:00,圪塔节制闸,1.01
2026-04-16 02:11:00,圪塔节制闸,1.02
2026-04-16 02:16:00,圪塔节制闸,1.02
2026-04-16 02:21:00,圪塔节制闸,1.03
2026-04-16 02:26:00,圪塔节制闸,1.05
2026-04-16 02:32:00,圪塔节制闸,1.05
2026-04-16 02:37:00,圪塔节制闸,1.06
2026-04-16 02:42:00,圪塔节制闸,1.07
2026-04-16 02:47:00,圪塔节制闸,1.08
2026-04-16 02:52:00,圪塔节制闸,1.09
2026-04-16 02:58:00,圪塔节制闸,1.1
2026-04-16 03:03:00,圪塔节制闸,1.11
2026-04-16 03:08:00,圪塔节制闸,1.13
2026-04-16 03:13:00,圪塔节制闸,1.14
2026-04-16 03:19:00,圪塔节制闸,1.15
2026-04-16 03:24:00,圪塔节制闸,1.16
2026-04-16 03:29:00,圪塔节制闸,1.17
2026-04-16 03:34:00,圪塔节制闸,1.18
2026-04-16 03:39:00,圪塔节制闸,1.19
2026-04-16 03:44:00,圪塔节制闸,1.2
2026-04-16 03:49:00,圪塔节制闸,1.2
2026-04-16 03:55:00,圪塔节制闸,1.21
2026-04-16 04:00:00,圪塔节制闸,1.22
2026-04-16 04:05:00,圪塔节制闸,1.24
2026-04-16 04:11:00,圪塔节制闸,1.26
2026-04-16 04:16:00,圪塔节制闸,1.27
2026-04-16 04:21:00,圪塔节制闸,1.28
2026-04-16 04:26:00,圪塔节制闸,1.29
2026-04-16 04:32:00,圪塔节制闸,1.3
2026-04-16 04:37:00,圪塔节制闸,1.31
2026-04-16 04:42:00,圪塔节制闸,1.32
2026-04-16 04:48:00,圪塔节制闸,1.33
2026-04-16 04:53:00,圪塔节制闸,1.34
2026-04-16 04:58:00,圪塔节制闸,1.34
2026-04-16 05:03:00,圪塔节制闸,1.35
2026-04-16 05:08:00,圪塔节制闸,1.36
2026-04-16 05:14:00,圪塔节制闸,1.37
2026-04-16 05:19:00,圪塔节制闸,1.38
2026-04-16 05:24:00,圪塔节制闸,1.39
2026-04-16 05:29:00,圪塔节制闸,1.4
2026-04-16 05:34:00,圪塔节制闸,1.4
2026-04-16 05:40:00,圪塔节制闸,1.41
2026-04-16 05:45:00,圪塔节制闸,1.42
2026-04-16 05:51:00,圪塔节制闸,1.42
2026-04-16 05:56:00,圪塔节制闸,1.43
2026-04-16 06:01:00,圪塔节制闸,1.44
2026-04-16 06:07:00,圪塔节制闸,1.45
2026-04-16 06:12:00,圪塔节制闸,1.46
2026-04-16 06:17:00,圪塔节制闸,1.46
2026-04-16 06:23:00,圪塔节制闸,1.47
2026-04-16 06:28:00,圪塔节制闸,1.48
2026-04-16 06:33:00,圪塔节制闸,1.48
2026-04-16 06:39:00,圪塔节制闸,1.49
2026-04-16 06:44:00,圪塔节制闸,1.5
2026-04-16 06:49:00,圪塔节制闸,1.51
2026-04-16 06:55:00,圪塔节制闸,1.52
2026-04-16 07:00:00,圪塔节制闸,1.53
2026-04-16 07:06:00,圪塔节制闸,1.55
2026-04-16 07:11:00,圪塔节制闸,1.54
2026-04-16 07:16:00,圪塔节制闸,1.54
2026-04-16 07:22:00,圪塔节制闸,1.54
2026-04-16 07:27:00,圪塔节制闸,1.55
2026-04-16 07:32:00,圪塔节制闸,1.55
2026-04-16 07:38:00,圪塔节制闸,1.56
2026-04-16 07:43:00,圪塔节制闸,1.56
2026-04-16 07:49:00,圪塔节制闸,1.57
2026-04-16 07:54:00,圪塔节制闸,1.57
2026-04-16 07:59:00,圪塔节制闸,1.58
2026-04-16 08:05:00,圪塔节制闸,1.58
2026-04-16 08:10:00,圪塔节制闸,1.58
2026-04-16 08:15:00,圪塔节制闸,1.59
2026-04-16 08:21:00,圪塔节制闸,1.59
2026-04-16 08:26:00,圪塔节制闸,1.6
2026-04-16 08:32:00,圪塔节制闸,1.6
2026-04-16 08:37:00,圪塔节制闸,1.61
2026-04-16 08:42:00,圪塔节制闸,1.61
2026-04-16 08:48:00,圪塔节制闸,1.61
2026-04-16 08:53:00,圪塔节制闸,1.62
2026-04-16 08:59:00,圪塔节制闸,1.62
2026-04-16 09:04:00,圪塔节制闸,1.62
2026-04-16 09:09:00,圪塔节制闸,1.62
2026-04-16 09:14:00,圪塔节制闸,1.62
2026-04-16 09:20:00,圪塔节制闸,1.62
2026-04-16 09:25:00,圪塔节制闸,1.62
2026-04-16 09:31:00,圪塔节制闸,1.62
2026-04-16 09:36:00,圪塔节制闸,1.62
2026-04-16 09:42:00,圪塔节制闸,1.63
2026-04-16 09:47:00,圪塔节制闸,1.63
2026-04-16 09:52:00,圪塔节制闸,1.62
2026-04-16 09:58:00,圪塔节制闸,1.62
2026-04-16 10:03:00,圪塔节制闸,1.63
2026-04-16 10:08:00,圪塔节制闸,1.62
2026-04-16 10:14:00,圪塔节制闸,1.62
2026-04-16 10:19:00,圪塔节制闸,1.62
2026-04-16 10:24:00,圪塔节制闸,1.62
2026-04-16 10:30:00,圪塔节制闸,1.61
2026-04-16 10:35:00,圪塔节制闸,1.61
2026-04-16 10:41:00,圪塔节制闸,1.61
2026-04-16 10:46:00,圪塔节制闸,1.59
2026-04-16 10:51:00,圪塔节制闸,1.59
2026-04-16 10:57:00,圪塔节制闸,1.58
2026-04-16 11:02:00,圪塔节制闸,1.58
2026-04-16 11:07:00,圪塔节制闸,1.57
2026-04-16 11:13:00,圪塔节制闸,1.56
2026-04-16 11:18:00,圪塔节制闸,1.56
2026-04-16 11:23:00,圪塔节制闸,1.55
2026-04-16 11:28:00,圪塔节制闸,1.54
2026-04-16 11:33:00,圪塔节制闸,1.54
2026-04-16 11:39:00,圪塔节制闸,1.53
2026-04-16 11:44:00,圪塔节制闸,1.53
2026-04-16 11:49:00,圪塔节制闸,1.53
2026-04-16 11:54:00,圪塔节制闸,1.51
2026-04-16 12:00:00,圪塔节制闸,1.51
2026-04-16 12:05:00,圪塔节制闸,1.5
2026-04-16 12:11:00,圪塔节制闸,1.49
2026-04-16 12:16:00,圪塔节制闸,1.49
2026-04-16 12:21:00,圪塔节制闸,1.48
2026-04-16 12:26:00,圪塔节制闸,1.47
2026-04-16 12:31:00,圪塔节制闸,1.45
2026-04-16 12:37:00,圪塔节制闸,1.44
2026-04-16 12:42:00,圪塔节制闸,1.43
2026-04-16 12:47:00,圪塔节制闸,1.42
2026-04-16 12:52:00,圪塔节制闸,1.42
2026-04-16 12:57:00,圪塔节制闸,1.41
2026-04-16 13:03:00,圪塔节制闸,1.4
2026-04-16 13:08:00,圪塔节制闸,1.39
2026-04-16 13:13:00,圪塔节制闸,1.38
2026-04-16 13:18:00,圪塔节制闸,1.37
2026-04-16 13:23:00,圪塔节制闸,1.36
2026-04-16 13:29:00,圪塔节制闸,1.35
2026-04-16 13:34:00,圪塔节制闸,1.34
2026-04-16 13:39:00,圪塔节制闸,1.34
2026-04-16 13:45:00,圪塔节制闸,1.32
2026-04-16 13:50:00,圪塔节制闸,1.31
2026-04-16 13:56:00,圪塔节制闸,1.31
2026-04-16 14:01:00,圪塔节制闸,1.3
2026-04-16 14:06:00,圪塔节制闸,1.29
2026-04-16 14:12:00,圪塔节制闸,1.28
2026-04-16 14:17:00,圪塔节制闸,1.28
2026-04-16 14:23:00,圪塔节制闸,1.27
2026-04-16 14:28:00,圪塔节制闸,1.26
2026-04-16 14:34:00,圪塔节制闸,1.25
2026-04-16 14:39:00,圪塔节制闸,1.24
2026-04-16 14:44:00,圪塔节制闸,1.24
2026-04-16 14:50:00,圪塔节制闸,1.23
2026-04-16 14:55:00,圪塔节制闸,1.22
2026-04-16 15:00:00,圪塔节制闸,1.21
2026-04-16 15:06:00,圪塔节制闸,1.2
2026-04-16 15:11:00,圪塔节制闸,1.19
2026-04-16 15:16:00,圪塔节制闸,1.18
2026-04-16 15:22:00,圪塔节制闸,1.16
2026-04-16 15:27:00,圪塔节制闸,1.15
2026-04-16 15:32:00,圪塔节制闸,1.15
2026-04-16 15:37:00,圪塔节制闸,1.14
2026-04-16 15:43:00,圪塔节制闸,1.13
2026-04-16 15:48:00,圪塔节制闸,1.12
2026-04-16 15:53:00,圪塔节制闸,1.11
2026-04-16 15:59:00,圪塔节制闸,1.1
2026-04-16 16:04:00,圪塔节制闸,1.09
2026-04-16 16:09:00,圪塔节制闸,1.08
2026-04-16 16:14:00,圪塔节制闸,1.08
2026-04-16 16:19:00,圪塔节制闸,1.07
2026-04-16 16:25:00,圪塔节制闸,1.06
2026-04-16 16:30:00,圪塔节制闸,1.05
2026-04-16 16:36:00,圪塔节制闸,1.04
2026-04-16 16:41:00,圪塔节制闸,1.0
2026-04-16 16:46:00,圪塔节制闸,1.03
2026-04-16 16:52:00,圪塔节制闸,1.04
2026-04-16 16:57:00,圪塔节制闸,1.04
2026-04-16 17:02:00,圪塔节制闸,1.04
2026-04-16 17:07:00,圪塔节制闸,1.0
2026-04-16 17:12:00,圪塔节制闸,0.99
2026-04-16 17:18:00,圪塔节制闸,0.91
2026-04-16 17:23:00,圪塔节制闸,0.88
2026-04-16 17:28:00,圪塔节制闸,0.86
2026-04-16 17:33:00,圪塔节制闸,0.83
2026-04-16 17:39:00,圪塔节制闸,0.81
2026-04-16 17:44:00,圪塔节制闸,0.79
2026-04-16 17:50:00,圪塔节制闸,0.77
2026-04-16 17:55:00,圪塔节制闸,0.75
2026-04-16 18:00:00,圪塔节制闸,0.74
2026-04-16 18:06:00,圪塔节制闸,0.75
2026-04-16 18:11:00,圪塔节制闸,0.74
2026-04-16 18:17:00,圪塔节制闸,0.73
2026-04-16 18:22:00,圪塔节制闸,0.72
2026-04-16 18:27:00,圪塔节制闸,0.72
2026-04-16 18:32:00,圪塔节制闸,0.72
2026-04-16 18:38:00,圪塔节制闸,0.72
2026-04-16 18:43:00,圪塔节制闸,0.72
2026-04-16 18:49:00,圪塔节制闸,0.72
2026-04-16 18:54:00,圪塔节制闸,0.73
2026-04-16 18:59:00,圪塔节制闸,0.74
2026-04-16 19:04:00,圪塔节制闸,0.75
2026-04-16 19:10:00,圪塔节制闸,0.76
2026-04-16 19:15:00,圪塔节制闸,0.77
2026-04-16 19:20:00,圪塔节制闸,0.79
2026-04-16 19:25:00,圪塔节制闸,0.82
2026-04-16 19:30:00,圪塔节制闸,0.84
2026-04-16 19:36:00,圪塔节制闸,0.86
2026-04-16 19:41:00,圪塔节制闸,0.89
2026-04-16 19:47:00,圪塔节制闸,0.92
2026-04-16 19:52:00,圪塔节制闸,0.93
2026-04-16 19:57:00,圪塔节制闸,0.95
2026-04-16 20:02:00,圪塔节制闸,0.97
2026-04-16 20:07:00,圪塔节制闸,0.99
2026-04-16 20:13:00,圪塔节制闸,1.01
2026-04-16 20:18:00,圪塔节制闸,1.03
2026-04-16 20:23:00,圪塔节制闸,1.04
2026-04-16 20:29:00,圪塔节制闸,0.99
2026-04-16 20:34:00,圪塔节制闸,0.99
2026-04-16 20:40:00,圪塔节制闸,0.98
2026-04-16 20:45:00,圪塔节制闸,0.96
2026-04-16 20:51:00,圪塔节制闸,0.92
2026-04-16 20:56:00,圪塔节制闸,0.95
2026-04-16 21:01:00,圪塔节制闸,0.94
2026-04-16 21:06:00,圪塔节制闸,0.93
2026-04-16 21:12:00,圪塔节制闸,0.93
2026-04-16 21:17:00,圪塔节制闸,0.92
2026-04-16 21:22:00,圪塔节制闸,0.92
2026-04-16 21:27:00,圪塔节制闸,0.91
2026-04-16 21:33:00,圪塔节制闸,0.92
2026-04-16 21:38:00,圪塔节制闸,0.92
2026-04-16 21:43:00,圪塔节制闸,0.91
2026-04-16 21:48:00,圪塔节制闸,0.92
2026-04-16 21:53:00,圪塔节制闸,0.91
2026-04-16 21:58:00,圪塔节制闸,0.91
2026-04-16 22:04:00,圪塔节制闸,0.91
2026-04-16 22:09:00,圪塔节制闸,0.9
2026-04-16 22:14:00,圪塔节制闸,0.91
2026-04-16 22:20:00,圪塔节制闸,0.91
2026-04-16 22:25:00,圪塔节制闸,0.9
2026-04-16 22:31:00,圪塔节制闸,0.91
2026-04-16 22:36:00,圪塔节制闸,0.91
2026-04-16 22:41:00,圪塔节制闸,0.89
2026-04-16 22:47:00,圪塔节制闸,0.89
2026-04-16 22:52:00,圪塔节制闸,0.9
2026-04-16 22:58:00,圪塔节制闸,0.89
2026-04-16 23:02:00,圪塔节制闸,0.91
2026-04-16 23:09:00,圪塔节制闸,0.91
2026-04-16 23:14:00,圪塔节制闸,0.9
2026-04-16 23:19:00,圪塔节制闸,0.91
2026-04-16 23:25:00,圪塔节制闸,0.91
2026-04-16 23:30:00,圪塔节制闸,0.91
2026-04-16 23:35:00,圪塔节制闸,0.9
2026-04-16 23:40:00,圪塔节制闸,0.91
2026-04-16 23:46:00,圪塔节制闸,0.91
2026-04-16 23:51:00,圪塔节制闸,0.91
2026-04-16 23:56:00,圪塔节制闸,0.91
2026-04-17 00:01:00,圪塔节制闸,0.9
2026-04-17 00:06:00,圪塔节制闸,0.92
2026-04-17 00:12:00,圪塔节制闸,0.91
2026-04-17 00:17:00,圪塔节制闸,0.91
2026-04-17 00:22:00,圪塔节制闸,0.91
2026-04-17 00:28:00,圪塔节制闸,0.91
2026-04-17 00:33:00,圪塔节制闸,0.9
2026-04-17 00:38:00,圪塔节制闸,0.92
2026-04-17 00:44:00,圪塔节制闸,0.91
2026-04-17 00:49:00,圪塔节制闸,0.91
2026-04-17 00:55:00,圪塔节制闸,0.91
2026-04-17 01:00:00,圪塔节制闸,0.91
2026-04-17 01:05:00,圪塔节制闸,0.91
2026-04-17 01:11:00,圪塔节制闸,0.92
2026-04-17 01:16:00,圪塔节制闸,0.92
2026-04-17 01:21:00,圪塔节制闸,0.91
2026-04-17 01:27:00,圪塔节制闸,0.9
2026-04-17 01:32:00,圪塔节制闸,0.92
2026-04-17 01:37:00,圪塔节制闸,0.92
2026-04-17 01:42:00,圪塔节制闸,0.92
2026-04-17 01:47:00,圪塔节制闸,0.92
2026-04-17 01:52:00,圪塔节制闸,0.91
2026-04-17 01:58:00,圪塔节制闸,0.92
2026-04-17 02:03:00,圪塔节制闸,0.92
2026-04-17 02:08:00,圪塔节制闸,0.92
2026-04-17 02:13:00,圪塔节制闸,0.92
2026-04-17 02:19:00,圪塔节制闸,0.92
2026-04-17 02:24:00,圪塔节制闸,0.92
2026-04-17 02:29:00,圪塔节制闸,0.92
2026-04-17 02:35:00,圪塔节制闸,0.86
2026-04-17 02:40:00,圪塔节制闸,0.84
2026-04-17 02:46:00,圪塔节制闸,0.83
2026-04-17 02:51:00,圪塔节制闸,0.84
2026-04-17 02:56:00,圪塔节制闸,0.84
2026-04-17 03:02:00,圪塔节制闸,0.85
2026-04-17 03:07:00,圪塔节制闸,0.84
2026-04-17 03:12:00,圪塔节制闸,0.85
2026-04-17 03:18:00,圪塔节制闸,0.84
2026-04-17 03:23:00,圪塔节制闸,0.85
2026-04-17 03:28:00,圪塔节制闸,0.84
2026-04-17 03:34:00,圪塔节制闸,0.84
2026-04-17 03:39:00,圪塔节制闸,0.85
2026-04-17 03:45:00,圪塔节制闸,0.86
2026-04-17 03:50:00,圪塔节制闸,0.86
2026-04-17 03:55:00,圪塔节制闸,0.87
2026-04-17 04:01:00,圪塔节制闸,0.89
2026-04-17 04:06:00,圪塔节制闸,0.9
2026-04-17 04:11:00,圪塔节制闸,0.91
2026-04-17 04:17:00,圪塔节制闸,0.93
2026-04-17 04:22:00,圪塔节制闸,0.94
2026-04-17 04:27:00,圪塔节制闸,0.96
2026-04-17 04:32:00,圪塔节制闸,0.96
2026-04-17 04:38:00,圪塔节制闸,0.98
2026-04-17 04:43:00,圪塔节制闸,0.99
2026-04-17 04:48:00,圪塔节制闸,1.0
2026-04-17 04:53:00,圪塔节制闸,1.0
2026-04-17 04:58:00,圪塔节制闸,1.01
2026-04-17 05:03:00,圪塔节制闸,1.07
2026-04-17 05:09:00,圪塔节制闸,1.1
2026-04-17 05:14:00,圪塔节制闸,1.15
2026-04-17 05:20:00,圪塔节制闸,1.18
2026-04-17 05:25:00,圪塔节制闸,1.2
2026-04-17 05:30:00,圪塔节制闸,1.18
2026-04-17 05:36:00,圪塔节制闸,1.19
2026-04-17 05:41:00,圪塔节制闸,1.2
2026-04-17 05:47:00,圪塔节制闸,1.19
2026-04-17 05:52:00,圪塔节制闸,1.2
2026-04-17 05:58:00,圪塔节制闸,1.2
2026-04-17 06:03:00,圪塔节制闸,1.21
2026-04-17 06:08:00,圪塔节制闸,1.22
2026-04-17 06:14:00,圪塔节制闸,1.23
2026-04-17 06:19:00,圪塔节制闸,1.26
2026-04-17 06:24:00,圪塔节制闸,1.22
2026-04-17 06:29:00,圪塔节制闸,1.24
2026-04-17 06:35:00,圪塔节制闸,1.25
2026-04-17 06:40:00,圪塔节制闸,1.25
2026-04-17 06:45:00,圪塔节制闸,1.28
2026-04-17 06:50:00,圪塔节制闸,1.28
2026-04-17 06:56:00,圪塔节制闸,1.29
2026-04-17 07:01:00,圪塔节制闸,1.27
2026-04-17 07:07:00,圪塔节制闸,1.29
2026-04-17 07:12:00,圪塔节制闸,1.27
2026-04-17 07:17:00,圪塔节制闸,1.31
2026-04-17 07:22:00,圪塔节制闸,1.31
2026-04-17 07:28:00,圪塔节制闸,1.32
2026-04-17 07:33:00,圪塔节制闸,1.32
2026-04-17 07:38:00,圪塔节制闸,1.32
2026-04-17 07:44:00,圪塔节制闸,1.32
2026-04-17 07:49:00,圪塔节制闸,1.34
2026-04-17 07:55:00,圪塔节制闸,1.33
2026-04-17 08:00:00,圪塔节制闸,1.34
2026-04-17 08:05:00,圪塔节制闸,1.31
2026-04-17 08:11:00,圪塔节制闸,1.33
2026-04-17 08:16:00,圪塔节制闸,1.32
2026-04-17 08:21:00,圪塔节制闸,1.34
2026-04-17 08:26:00,圪塔节制闸,1.31
2026-04-17 08:32:00,圪塔节制闸,1.32
2026-04-17 08:37:00,圪塔节制闸,1.33
2026-04-17 08:42:00,圪塔节制闸,1.33
2026-04-17 08:48:00,圪塔节制闸,1.33
2026-04-17 08:53:00,圪塔节制闸,1.32
2026-04-17 08:58:00,圪塔节制闸,1.32
2026-04-17 09:03:00,圪塔节制闸,1.33
2026-04-17 09:08:00,圪塔节制闸,1.3
2026-04-17 09:14:00,圪塔节制闸,1.32
2026-04-17 09:19:00,圪塔节制闸,1.33
2026-04-17 09:24:00,圪塔节制闸,1.31
2026-04-17 09:30:00,圪塔节制闸,1.32
2026-04-17 09:35:00,圪塔节制闸,1.31
2026-04-17 09:41:00,圪塔节制闸,1.29
2026-04-17 09:46:00,圪塔节制闸,1.31
2026-04-17 09:51:00,圪塔节制闸,1.27
2026-04-17 09:57:00,圪塔节制闸,1.3
2026-04-17 10:02:00,圪塔节制闸,1.32
2026-04-17 10:07:00,圪塔节制闸,1.32
2026-04-17 10:12:00,圪塔节制闸,1.32
2026-04-17 10:18:00,圪塔节制闸,1.33
2026-04-17 10:23:00,圪塔节制闸,1.33
2026-04-17 10:29:00,圪塔节制闸,1.34
2026-04-17 10:34:00,圪塔节制闸,1.35
2026-04-17 10:39:00,圪塔节制闸,1.36
2026-04-17 10:45:00,圪塔节制闸,1.35
2026-04-17 10:50:00,圪塔节制闸,1.35
2026-04-17 10:55:00,圪塔节制闸,1.36
2026-04-17 11:01:00,圪塔节制闸,1.37
2026-04-17 11:06:00,圪塔节制闸,1.36
2026-04-17 11:12:00,圪塔节制闸,1.35
2026-04-17 11:17:00,圪塔节制闸,1.39
2026-04-17 11:22:00,圪塔节制闸,1.37
2026-04-17 11:28:00,圪塔节制闸,1.36
2026-04-17 11:33:00,圪塔节制闸,1.38
2026-04-17 11:38:00,圪塔节制闸,1.37
2026-04-17 11:44:00,圪塔节制闸,1.36
2026-04-17 11:49:00,圪塔节制闸,1.36
2026-04-17 11:55:00,圪塔节制闸,1.36
2026-04-17 12:00:00,圪塔节制闸,1.37
2026-04-17 12:05:00,圪塔节制闸,1.39
2026-04-17 12:10:00,圪塔节制闸,1.37
2026-04-17 12:15:00,圪塔节制闸,1.38
2026-04-17 12:21:00,圪塔节制闸,1.37
2026-04-17 12:26:00,圪塔节制闸,1.39
2026-04-17 12:32:00,圪塔节制闸,1.37
2026-04-17 12:37:00,圪塔节制闸,1.38
2026-04-17 12:42:00,圪塔节制闸,1.39
2026-04-17 12:47:00,圪塔节制闸,1.38
2026-04-17 12:53:00,圪塔节制闸,1.39
2026-04-17 12:58:00,圪塔节制闸,1.39
2026-04-17 13:03:00,圪塔节制闸,1.38
2026-04-17 13:09:00,圪塔节制闸,1.37
2026-04-17 13:14:00,圪塔节制闸,1.39
2026-04-17 13:19:00,圪塔节制闸,1.39
2026-04-17 13:24:00,圪塔节制闸,1.4
2026-04-17 13:30:00,圪塔节制闸,1.38
2026-04-17 13:35:00,圪塔节制闸,1.38
2026-04-17 13:40:00,圪塔节制闸,1.39
2026-04-17 13:46:00,圪塔节制闸,1.39
2026-04-17 13:51:00,圪塔节制闸,1.41
2026-04-17 13:56:00,圪塔节制闸,1.4
2026-04-17 14:02:00,圪塔节制闸,1.42
2026-04-17 14:07:00,圪塔节制闸,1.41
2026-04-17 14:12:00,圪塔节制闸,1.41
2026-04-17 14:18:00,圪塔节制闸,1.42
2026-04-17 14:23:00,圪塔节制闸,1.42
2026-04-17 14:28:00,圪塔节制闸,1.41
2026-04-17 14:33:00,圪塔节制闸,1.41
2026-04-17 14:39:00,圪塔节制闸,1.43
2026-04-17 14:44:00,圪塔节制闸,1.43
2026-04-17 14:49:00,圪塔节制闸,1.44
2026-04-17 14:55:00,圪塔节制闸,1.43
2026-04-17 15:00:00,圪塔节制闸,1.43
2026-04-17 15:05:00,圪塔节制闸,1.43
2026-04-17 15:10:00,圪塔节制闸,1.44
2026-04-17 15:16:00,圪塔节制闸,1.43
2026-04-17 15:21:00,圪塔节制闸,1.44
2026-04-17 15:26:00,圪塔节制闸,1.44
2026-04-17 15:31:00,圪塔节制闸,1.45
2026-04-17 15:36:00,圪塔节制闸,1.45
2026-04-17 15:42:00,圪塔节制闸,1.45
2026-04-17 15:47:00,圪塔节制闸,1.46
2026-04-17 15:52:00,圪塔节制闸,1.45
2026-04-17 15:58:00,圪塔节制闸,1.45
2026-04-17 16:03:00,圪塔节制闸,1.45
2026-04-17 16:08:00,圪塔节制闸,1.45
2026-04-17 16:14:00,圪塔节制闸,1.45
2026-04-17 16:19:00,圪塔节制闸,1.45
2026-04-17 16:25:00,圪塔节制闸,1.47
2026-04-17 16:31:00,圪塔节制闸,1.46
2026-04-17 16:36:00,圪塔节制闸,1.45
2026-04-17 16:41:00,圪塔节制闸,1.45
2026-04-17 16:47:00,圪塔节制闸,1.43
2026-04-17 16:52:00,圪塔节制闸,1.44
2026-04-17 16:57:00,圪塔节制闸,1.44
2026-04-17 17:02:00,圪塔节制闸,1.46
2026-04-17 17:08:00,圪塔节制闸,1.44
2026-04-17 17:13:00,圪塔节制闸,1.45
2026-04-17 17:18:00,圪塔节制闸,1.45
2026-04-17 17:24:00,圪塔节制闸,1.44
2026-04-17 17:29:00,圪塔节制闸,1.44
2026-04-17 17:34:00,圪塔节制闸,1.46
2026-04-17 17:39:00,圪塔节制闸,1.45
2026-04-17 17:44:00,圪塔节制闸,1.46
2026-04-17 17:50:00,圪塔节制闸,1.45
2026-04-17 17:55:00,圪塔节制闸,1.48
2026-04-17 18:00:00,圪塔节制闸,1.48
2026-04-17 18:05:00,圪塔节制闸,1.48
2026-04-17 18:10:00,圪塔节制闸,1.49
2026-04-17 18:15:00,圪塔节制闸,1.49
2026-04-17 18:21:00,圪塔节制闸,1.48
2026-04-17 18:26:00,圪塔节制闸,1.51
2026-04-17 18:31:00,圪塔节制闸,1.5
2026-04-17 18:36:00,圪塔节制闸,1.5
2026-04-17 18:42:00,圪塔节制闸,1.51
2026-04-17 18:47:00,圪塔节制闸,1.51
2026-04-17 18:52:00,圪塔节制闸,1.51
2026-04-17 18:57:00,圪塔节制闸,1.52
2026-04-17 19:02:00,圪塔节制闸,1.52
2026-04-17 19:08:00,圪塔节制闸,1.53
2026-04-17 19:13:00,圪塔节制闸,1.53
2026-04-17 19:19:00,圪塔节制闸,1.53
2026-04-17 19:24:00,圪塔节制闸,1.55
2026-04-17 19:30:00,圪塔节制闸,1.54
2026-04-17 19:35:00,圪塔节制闸,1.55
2026-04-17 19:40:00,圪塔节制闸,1.55
2026-04-17 19:46:00,圪塔节制闸,1.55
2026-04-17 19:51:00,圪塔节制闸,1.56
2026-04-17 19:56:00,圪塔节制闸,1.57
2026-04-17 20:02:00,圪塔节制闸,1.56
2026-04-17 20:07:00,圪塔节制闸,1.57
2026-04-17 20:12:00,圪塔节制闸,1.57
2026-04-17 20:17:00,圪塔节制闸,1.56
2026-04-17 20:22:00,圪塔节制闸,1.57
2026-04-17 20:27:00,圪塔节制闸,1.58
2026-04-17 20:32:00,圪塔节制闸,1.58
2026-04-17 20:37:00,圪塔节制闸,1.58
2026-04-17 20:43:00,圪塔节制闸,1.59
2026-04-17 20:48:00,圪塔节制闸,1.59
2026-04-17 20:54:00,圪塔节制闸,1.59
2026-04-17 20:59:00,圪塔节制闸,1.6
2026-04-17 21:05:00,圪塔节制闸,1.59
2026-04-17 21:10:00,圪塔节制闸,1.61
2026-04-17 21:15:00,圪塔节制闸,1.61
2026-04-17 21:21:00,圪塔节制闸,1.61
2026-04-17 21:26:00,圪塔节制闸,1.61
2026-04-17 21:32:00,圪塔节制闸,1.6
2026-04-17 21:37:00,圪塔节制闸,1.6
2026-04-17 21:43:00,圪塔节制闸,1.6
2026-04-17 21:48:00,圪塔节制闸,1.6
2026-04-17 21:53:00,圪塔节制闸,1.6
2026-04-17 21:58:00,圪塔节制闸,1.61
2026-04-17 22:04:00,圪塔节制闸,1.6
2026-04-17 22:09:00,圪塔节制闸,1.61
2026-04-17 22:14:00,圪塔节制闸,1.61
2026-04-17 22:19:00,圪塔节制闸,1.6
2026-04-17 22:24:00,圪塔节制闸,1.61
2026-04-17 22:30:00,圪塔节制闸,1.61
2026-04-17 22:35:00,圪塔节制闸,1.61
2026-04-17 22:40:00,圪塔节制闸,1.61
2026-04-17 22:45:00,圪塔节制闸,1.61
2026-04-17 22:51:00,圪塔节制闸,1.62
2026-04-17 22:56:00,圪塔节制闸,1.62
2026-04-17 23:01:00,圪塔节制闸,1.61
2026-04-17 23:04:00,圪塔节制闸,1.62
2026-04-17 23:11:00,圪塔节制闸,1.61
2026-04-17 23:17:00,圪塔节制闸,1.63
2026-04-17 23:22:00,圪塔节制闸,1.62
2026-04-17 23:27:00,圪塔节制闸,1.63
2026-04-17 23:32:00,圪塔节制闸,1.63
2026-04-17 23:37:00,圪塔节制闸,1.62
2026-04-17 23:43:00,圪塔节制闸,1.62
2026-04-17 23:48:00,圪塔节制闸,1.63
2026-04-17 23:53:00,圪塔节制闸,1.63
2026-04-17 23:59:00,圪塔节制闸,1.62
2026-04-18 00:04:00,圪塔节制闸,1.63
2026-04-18 00:09:00,圪塔节制闸,1.63
2026-04-18 00:15:00,圪塔节制闸,1.64
2026-04-18 00:20:00,圪塔节制闸,1.63
2026-04-18 00:26:00,圪塔节制闸,1.64
2026-04-18 00:31:00,圪塔节制闸,1.63
2026-04-18 00:36:00,圪塔节制闸,1.64
2026-04-18 00:41:00,圪塔节制闸,1.65
2026-04-18 00:47:00,圪塔节制闸,1.64
2026-04-18 00:52:00,圪塔节制闸,1.64
2026-04-18 00:57:00,圪塔节制闸,1.64
2026-04-18 01:01:00,圪塔节制闸,1.64
2026-04-18 01:09:00,圪塔节制闸,1.65
2026-04-18 01:15:00,圪塔节制闸,1.65
2026-04-18 01:20:00,圪塔节制闸,1.65
2026-04-18 01:25:00,圪塔节制闸,1.66
2026-04-18 01:31:00,圪塔节制闸,1.66
2026-04-18 01:36:00,圪塔节制闸,1.65
2026-04-18 01:41:00,圪塔节制闸,1.66
2026-04-18 01:47:00,圪塔节制闸,1.66
2026-04-18 01:52:00,圪塔节制闸,1.65
2026-04-18 01:57:00,圪塔节制闸,1.67
2026-04-18 02:03:00,圪塔节制闸,1.67
2026-04-18 02:08:00,圪塔节制闸,1.68
2026-04-18 02:13:00,圪塔节制闸,1.66
2026-04-18 02:19:00,圪塔节制闸,1.67
2026-04-18 02:24:00,圪塔节制闸,1.65
2026-04-18 02:30:00,圪塔节制闸,1.66
2026-04-18 02:35:00,圪塔节制闸,1.64
2026-04-18 02:40:00,圪塔节制闸,1.66
2026-04-18 02:46:00,圪塔节制闸,1.65
2026-04-18 02:51:00,圪塔节制闸,1.65
2026-04-18 02:56:00,圪塔节制闸,1.65
2026-04-18 03:01:00,圪塔节制闸,1.63
2026-04-18 03:06:00,圪塔节制闸,1.64
2026-04-18 03:12:00,圪塔节制闸,1.65
2026-04-18 03:17:00,圪塔节制闸,1.65
2026-04-18 03:22:00,圪塔节制闸,1.63
2026-04-18 03:28:00,圪塔节制闸,1.64
2026-04-18 03:33:00,圪塔节制闸,1.64
2026-04-18 03:39:00,圪塔节制闸,1.64
2026-04-18 03:44:00,圪塔节制闸,1.63
2026-04-18 03:50:00,圪塔节制闸,1.63
2026-04-18 03:55:00,圪塔节制闸,1.63
2026-04-18 04:01:00,圪塔节制闸,1.63
2026-04-18 04:06:00,圪塔节制闸,1.64
2026-04-18 04:12:00,圪塔节制闸,1.64
2026-04-18 04:17:00,圪塔节制闸,1.63
2026-04-18 04:22:00,圪塔节制闸,1.64
2026-04-18 04:28:00,圪塔节制闸,1.64
2026-04-18 04:33:00,圪塔节制闸,1.65
2026-04-18 04:38:00,圪塔节制闸,1.65
2026-04-18 04:44:00,圪塔节制闸,1.66
2026-04-18 04:49:00,圪塔节制闸,1.64
2026-04-18 04:54:00,圪塔节制闸,1.65
2026-04-18 04:59:00,圪塔节制闸,1.64
2026-04-18 05:05:00,圪塔节制闸,1.65
2026-04-18 05:10:00,圪塔节制闸,1.63
2026-04-18 05:16:00,圪塔节制闸,1.63
2026-04-18 05:21:00,圪塔节制闸,1.63
2026-04-18 05:27:00,圪塔节制闸,1.63
2026-04-18 05:32:00,圪塔节制闸,1.62
2026-04-18 05:37:00,圪塔节制闸,1.66
2026-04-18 05:43:00,圪塔节制闸,1.66
2026-04-18 05:48:00,圪塔节制闸,1.67
2026-04-18 05:53:00,圪塔节制闸,1.67
2026-04-18 05:59:00,圪塔节制闸,1.68
2026-04-18 06:04:00,圪塔节制闸,1.68
2026-04-18 06:09:00,圪塔节制闸,1.68
2026-04-18 06:15:00,圪塔节制闸,1.68
2026-04-18 06:20:00,圪塔节制闸,1.68
2026-04-18 06:25:00,圪塔节制闸,1.67
2026-04-18 06:31:00,圪塔节制闸,1.68
2026-04-18 06:36:00,圪塔节制闸,1.68
2026-04-18 06:42:00,圪塔节制闸,1.68
2026-04-18 06:47:00,圪塔节制闸,1.67
2026-04-18 06:52:00,圪塔节制闸,1.67
2026-04-18 06:58:00,圪塔节制闸,1.67
2026-04-18 07:03:00,圪塔节制闸,1.67
2026-04-18 07:08:00,圪塔节制闸,1.66
2026-04-18 07:14:00,圪塔节制闸,1.66
2026-04-18 07:19:00,圪塔节制闸,1.65
2026-04-18 07:24:00,圪塔节制闸,1.64
2026-04-18 07:29:00,圪塔节制闸,1.63
2026-04-18 07:35:00,圪塔节制闸,1.63
2026-04-18 07:40:00,圪塔节制闸,1.62
2026-04-18 07:45:00,圪塔节制闸,1.6
2026-04-18 07:51:00,圪塔节制闸,1.6
2026-04-18 07:56:00,圪塔节制闸,1.59
2026-04-18 08:01:00,圪塔节制闸,1.57
2026-04-18 08:06:00,圪塔节制闸,1.57
2026-04-18 08:12:00,圪塔节制闸,1.56
2026-04-18 08:17:00,圪塔节制闸,1.55
2026-04-18 08:22:00,圪塔节制闸,1.48
2026-04-18 08:28:00,圪塔节制闸,1.47
2026-04-18 08:33:00,圪塔节制闸,1.45
2026-04-18 08:38:00,圪塔节制闸,1.47
2026-04-18 08:44:00,圪塔节制闸,1.47
2026-04-18 08:49:00,圪塔节制闸,1.45
2026-04-18 08:54:00,圪塔节制闸,1.44
2026-04-18 08:59:00,圪塔节制闸,1.45
2026-04-18 09:05:00,圪塔节制闸,1.41
2026-04-18 09:10:00,圪塔节制闸,1.4
2026-04-18 09:16:00,圪塔节制闸,1.4
2026-04-18 09:21:00,圪塔节制闸,1.39
2026-04-18 09:26:00,圪塔节制闸,1.38
2026-04-18 09:31:00,圪塔节制闸,1.35
2026-04-18 09:36:00,圪塔节制闸,1.32
2026-04-18 09:41:00,圪塔节制闸,1.31
2026-04-18 09:47:00,圪塔节制闸,1.26
2026-04-18 09:52:00,圪塔节制闸,1.25
2026-04-18 09:57:00,圪塔节制闸,1.23
2026-04-18 10:03:00,圪塔节制闸,1.21
2026-04-18 10:08:00,圪塔节制闸,1.2
2026-04-18 10:13:00,圪塔节制闸,1.16
2026-04-18 10:18:00,圪塔节制闸,1.17
2026-04-18 10:23:00,圪塔节制闸,1.12
2026-04-18 10:29:00,圪塔节制闸,1.12
2026-04-18 10:34:00,圪塔节制闸,1.09
2026-04-18 10:39:00,圪塔节制闸,1.09
2026-04-18 10:45:00,圪塔节制闸,1.02
2026-04-18 10:50:00,圪塔节制闸,1.01
2026-04-18 10:55:00,圪塔节制闸,1.01
2026-04-18 11:01:00,圪塔节制闸,1.0
2026-04-18 11:06:00,圪塔节制闸,0.98
2026-04-18 11:12:00,圪塔节制闸,0.96
2026-04-18 11:17:00,圪塔节制闸,0.94
2026-04-18 11:22:00,圪塔节制闸,0.95
2026-04-18 11:27:00,圪塔节制闸,0.93
2026-04-18 11:33:00,圪塔节制闸,0.92
2026-04-18 11:38:00,圪塔节制闸,0.9
2026-04-18 11:43:00,圪塔节制闸,0.91
2026-04-18 11:48:00,圪塔节制闸,0.89
2026-04-18 11:54:00,圪塔节制闸,0.88
2026-04-18 11:59:00,圪塔节制闸,0.88
2026-04-18 12:05:00,圪塔节制闸,0.88
2026-04-18 12:10:00,圪塔节制闸,0.87
2026-04-18 12:15:00,圪塔节制闸,0.87
2026-04-18 12:20:00,圪塔节制闸,0.86
2026-04-18 12:25:00,圪塔节制闸,0.87
2026-04-18 12:30:00,圪塔节制闸,0.87
2026-04-18 12:35:00,圪塔节制闸,0.86
2026-04-18 12:41:00,圪塔节制闸,0.89
2026-04-18 12:46:00,圪塔节制闸,0.89
2026-04-18 12:51:00,圪塔节制闸,0.9
2026-04-18 12:57:00,圪塔节制闸,0.91
2026-04-18 13:02:00,圪塔节制闸,0.92
2026-04-18 13:08:00,圪塔节制闸,0.95
2026-04-18 13:13:00,圪塔节制闸,0.95
2026-04-18 13:18:00,圪塔节制闸,0.95
2026-04-18 13:24:00,圪塔节制闸,0.96
2026-04-18 13:29:00,圪塔节制闸,0.98
2026-04-18 13:35:00,圪塔节制闸,1.0
2026-04-18 13:40:00,圪塔节制闸,1.0
2026-04-18 13:45:00,圪塔节制闸,1.0
2026-04-18 13:50:00,圪塔节制闸,1.01
2026-04-18 13:56:00,圪塔节制闸,1.02
2026-04-18 14:01:00,圪塔节制闸,1.04
2026-04-18 14:07:00,圪塔节制闸,1.01
2026-04-18 14:12:00,圪塔节制闸,1.01
2026-04-18 14:17:00,圪塔节制闸,1.0
2026-04-18 14:23:00,圪塔节制闸,1.01
2026-04-18 14:28:00,圪塔节制闸,1.02
2026-04-18 14:34:00,圪塔节制闸,1.02
2026-04-18 14:39:00,圪塔节制闸,1.03
2026-04-18 14:44:00,圪塔节制闸,1.03
2026-04-18 14:49:00,圪塔节制闸,1.04
2026-04-18 14:55:00,圪塔节制闸,1.04
2026-04-18 15:00:00,圪塔节制闸,1.03
2026-04-18 15:05:00,圪塔节制闸,1.04
2026-04-18 15:11:00,圪塔节制闸,1.04
2026-04-18 15:16:00,圪塔节制闸,1.04
2026-04-18 15:22:00,圪塔节制闸,1.06
2026-04-18 15:27:00,圪塔节制闸,1.08
2026-04-18 15:32:00,圪塔节制闸,1.06
2026-04-18 15:37:00,圪塔节制闸,1.07
2026-04-18 15:43:00,圪塔节制闸,1.05
2026-04-18 15:48:00,圪塔节制闸,1.08
2026-04-18 15:54:00,圪塔节制闸,1.07
2026-04-18 15:59:00,圪塔节制闸,1.07
2026-04-18 16:04:00,圪塔节制闸,1.08
2026-04-18 16:10:00,圪塔节制闸,1.07
2026-04-18 16:15:00,圪塔节制闸,1.09
2026-04-18 16:21:00,圪塔节制闸,1.08
2026-04-18 16:26:00,圪塔节制闸,1.09
2026-04-18 16:31:00,圪塔节制闸,1.08
2026-04-18 16:37:00,圪塔节制闸,1.1
2026-04-18 16:42:00,圪塔节制闸,1.11
2026-04-18 16:47:00,圪塔节制闸,1.09
2026-04-18 16:53:00,圪塔节制闸,1.11
2026-04-18 16:58:00,圪塔节制闸,1.12
2026-04-18 17:03:00,圪塔节制闸,1.11
2026-04-18 17:08:00,圪塔节制闸,1.09
2026-04-18 17:14:00,圪塔节制闸,1.12
2026-04-18 17:19:00,圪塔节制闸,1.1
2026-04-18 17:24:00,圪塔节制闸,1.1
2026-04-18 17:29:00,圪塔节制闸,1.1
2026-04-18 17:35:00,圪塔节制闸,1.13
2026-04-18 17:40:00,圪塔节制闸,1.1
2026-04-18 17:46:00,圪塔节制闸,1.11
2026-04-18 17:51:00,圪塔节制闸,1.12
2026-04-18 17:56:00,圪塔节制闸,1.12
2026-04-18 18:02:00,圪塔节制闸,1.12
2026-04-18 18:07:00,圪塔节制闸,1.09
2026-04-18 18:12:00,圪塔节制闸,1.13
2026-04-18 18:17:00,圪塔节制闸,1.15
2026-04-18 18:22:00,圪塔节制闸,1.14
2026-04-18 18:28:00,圪塔节制闸,1.12
2026-04-18 18:33:00,圪塔节制闸,1.13
2026-04-18 18:38:00,圪塔节制闸,1.14
2026-04-18 18:43:00,圪塔节制闸,1.15
2026-04-18 18:49:00,圪塔节制闸,1.13
2026-04-18 18:54:00,圪塔节制闸,1.15
2026-04-18 18:59:00,圪塔节制闸,1.15
2026-04-18 19:04:00,圪塔节制闸,1.15
2026-04-18 19:10:00,圪塔节制闸,1.15
2026-04-18 19:15:00,圪塔节制闸,1.17
2026-04-18 19:20:00,圪塔节制闸,1.16
2026-04-18 19:26:00,圪塔节制闸,1.19
2026-04-18 19:31:00,圪塔节制闸,1.17
2026-04-18 19:36:00,圪塔节制闸,1.18
2026-04-18 19:41:00,圪塔节制闸,1.24
2026-04-18 19:46:00,圪塔节制闸,1.26
2026-04-18 19:52:00,圪塔节制闸,1.26
2026-04-18 19:57:00,圪塔节制闸,1.29
2026-04-18 20:03:00,圪塔节制闸,1.29
2026-04-18 20:08:00,圪塔节制闸,1.3
2026-04-18 20:13:00,圪塔节制闸,1.31
2026-04-18 20:19:00,圪塔节制闸,1.34
2026-04-18 20:24:00,圪塔节制闸,1.32
2026-04-18 20:29:00,圪塔节制闸,1.35
2026-04-18 20:35:00,圪塔节制闸,1.36
2026-04-18 20:40:00,圪塔节制闸,1.36
2026-04-18 20:45:00,圪塔节制闸,1.35
2026-04-18 20:51:00,圪塔节制闸,1.36
2026-04-18 20:56:00,圪塔节制闸,1.37
2026-04-18 21:02:00,圪塔节制闸,1.37
2026-04-18 21:07:00,圪塔节制闸,1.37
2026-04-18 21:12:00,圪塔节制闸,1.38
2026-04-18 21:18:00,圪塔节制闸,1.38
2026-04-18 21:23:00,圪塔节制闸,1.38
2026-04-18 21:28:00,圪塔节制闸,1.4
2026-04-18 21:34:00,圪塔节制闸,1.4
2026-04-18 21:39:00,圪塔节制闸,1.37
2026-04-18 21:44:00,圪塔节制闸,1.39
2026-04-18 21:49:00,圪塔节制闸,1.4
2026-04-18 21:55:00,圪塔节制闸,1.39
2026-04-18 22:00:00,圪塔节制闸,1.4
2026-04-18 22:05:00,圪塔节制闸,1.4
2026-04-18 22:10:00,圪塔节制闸,1.41
2026-04-18 22:15:00,圪塔节制闸,1.41
2026-04-18 22:21:00,圪塔节制闸,1.41
2026-04-18 22:26:00,圪塔节制闸,1.39
2026-04-18 22:31:00,圪塔节制闸,1.42
2026-04-18 22:36:00,圪塔节制闸,1.43
2026-04-18 22:41:00,圪塔节制闸,1.42
2026-04-18 22:46:00,圪塔节制闸,1.44
2026-04-18 22:51:00,圪塔节制闸,1.44
2026-04-18 22:57:00,圪塔节制闸,1.45
2026-04-18 23:02:00,圪塔节制闸,1.44
2026-04-18 23:08:00,圪塔节制闸,1.44
2026-04-18 23:13:00,圪塔节制闸,1.45
2026-04-18 23:18:00,圪塔节制闸,1.45
2026-04-18 23:23:00,圪塔节制闸,1.46
2026-04-18 23:29:00,圪塔节制闸,1.46
2026-04-18 23:34:00,圪塔节制闸,1.45
2026-04-18 23:39:00,圪塔节制闸,1.46
2026-04-18 23:45:00,圪塔节制闸,1.45
2026-04-18 23:50:00,圪塔节制闸,1.44
2026-04-18 23:55:00,圪塔节制闸,1.46
2026-04-19 00:01:00,圪塔节制闸,1.43
2026-04-19 00:06:00,圪塔节制闸,1.45
2026-04-19 00:12:00,圪塔节制闸,1.46
2026-04-19 00:17:00,圪塔节制闸,1.46
2026-04-19 00:22:00,圪塔节制闸,1.46
2026-04-19 00:27:00,圪塔节制闸,1.48
2026-04-19 00:33:00,圪塔节制闸,1.49
2026-04-19 00:38:00,圪塔节制闸,1.49
2026-04-19 00:43:00,圪塔节制闸,1.5
2026-04-19 00:48:00,圪塔节制闸,1.51
2026-04-19 00:53:00,圪塔节制闸,1.51
2026-04-19 00:58:00,圪塔节制闸,1.52
2026-04-19 01:04:00,圪塔节制闸,1.51
2026-04-19 01:09:00,圪塔节制闸,1.52
2026-04-19 01:14:00,圪塔节制闸,1.53
2026-04-19 01:20:00,圪塔节制闸,1.54
2026-04-19 01:25:00,圪塔节制闸,1.54
2026-04-19 01:30:00,圪塔节制闸,1.55
2026-04-19 01:36:00,圪塔节制闸,1.56
2026-04-19 01:41:00,圪塔节制闸,1.55
2026-04-19 01:46:00,圪塔节制闸,1.55
2026-04-19 01:52:00,圪塔节制闸,1.56
2026-04-19 01:57:00,圪塔节制闸,1.57
2026-04-19 02:02:00,圪塔节制闸,1.58
2026-04-19 02:08:00,圪塔节制闸,1.58
2026-04-19 02:13:00,圪塔节制闸,1.58
2026-04-19 02:18:00,圪塔节制闸,1.59
2026-04-19 02:24:00,圪塔节制闸,1.59
2026-04-19 02:29:00,圪塔节制闸,1.59
2026-04-19 02:34:00,圪塔节制闸,1.59
2026-04-19 02:39:00,圪塔节制闸,1.6
2026-04-19 02:45:00,圪塔节制闸,1.6
2026-04-19 02:50:00,圪塔节制闸,1.61
2026-04-19 02:55:00,圪塔节制闸,1.61
2026-04-19 03:00:00,圪塔节制闸,1.61
2026-04-19 03:06:00,圪塔节制闸,1.61
2026-04-19 03:11:00,圪塔节制闸,1.62
2026-04-19 03:17:00,圪塔节制闸,1.61
2026-04-19 03:22:00,圪塔节制闸,1.63
2026-04-19 03:27:00,圪塔节制闸,1.63
2026-04-19 03:32:00,圪塔节制闸,1.67
2026-04-19 03:38:00,圪塔节制闸,1.68
2026-04-19 03:43:00,圪塔节制闸,1.68
2026-04-19 03:48:00,圪塔节制闸,1.67
2026-04-19 03:53:00,圪塔节制闸,1.64
2026-04-19 03:58:00,圪塔节制闸,1.65
2026-04-19 04:04:00,圪塔节制闸,1.64
2026-04-19 04:09:00,圪塔节制闸,1.66
2026-04-19 04:14:00,圪塔节制闸,1.66
2026-04-19 04:20:00,圪塔节制闸,1.66
2026-04-19 04:25:00,圪塔节制闸,1.68
2026-04-19 04:30:00,圪塔节制闸,1.68
2026-04-19 04:35:00,圪塔节制闸,1.67
2026-04-19 04:41:00,圪塔节制闸,1.67
2026-04-19 04:46:00,圪塔节制闸,1.68
2026-04-19 04:51:00,圪塔节制闸,1.67
2026-04-19 04:57:00,圪塔节制闸,1.69
2026-04-19 05:02:00,圪塔节制闸,1.7
2026-04-19 05:07:00,圪塔节制闸,1.73
2026-04-19 05:12:00,圪塔节制闸,1.74
2026-04-19 05:18:00,圪塔节制闸,1.75
2026-04-19 05:23:00,圪塔节制闸,1.76
2026-04-19 05:28:00,圪塔节制闸,1.77
2026-04-19 05:33:00,圪塔节制闸,1.78
2026-04-19 05:39:00,圪塔节制闸,1.77
2026-04-19 05:44:00,圪塔节制闸,1.77
2026-04-19 05:49:00,圪塔节制闸,1.78
2026-04-19 05:55:00,圪塔节制闸,1.73
2026-04-19 06:00:00,圪塔节制闸,1.72
2026-04-19 06:05:00,圪塔节制闸,1.71
2026-04-19 06:10:00,圪塔节制闸,1.67
2026-04-19 06:16:00,圪塔节制闸,1.66
2026-04-19 06:21:00,圪塔节制闸,1.63
2026-04-19 06:26:00,圪塔节制闸,1.63
2026-04-19 06:32:00,圪塔节制闸,1.62
2026-04-19 06:37:00,圪塔节制闸,1.6
2026-04-19 06:42:00,圪塔节制闸,1.58
2026-04-19 06:48:00,圪塔节制闸,1.57
2026-04-19 06:53:00,圪塔节制闸,1.54
2026-04-19 06:59:00,圪塔节制闸,1.54
2026-04-19 07:04:00,圪塔节制闸,1.52
2026-04-19 07:09:00,圪塔节制闸,1.51
2026-04-19 07:15:00,圪塔节制闸,1.49
2026-04-19 07:20:00,圪塔节制闸,1.49
2026-04-19 07:25:00,圪塔节制闸,1.47
2026-04-19 07:31:00,圪塔节制闸,1.45
2026-04-19 07:36:00,圪塔节制闸,1.48
2026-04-19 07:41:00,圪塔节制闸,1.47
2026-04-19 07:47:00,圪塔节制闸,1.46
2026-04-19 07:52:00,圪塔节制闸,1.46
2026-04-19 07:57:00,圪塔节制闸,1.45
2026-04-19 08:02:00,圪塔节制闸,1.45
2026-04-19 08:07:00,圪塔节制闸,1.44
2026-04-19 08:13:00,圪塔节制闸,1.44
2026-04-19 08:18:00,圪塔节制闸,1.43
2026-04-19 08:23:00,圪塔节制闸,1.43
2026-04-19 08:29:00,圪塔节制闸,1.42
2026-04-19 08:34:00,圪塔节制闸,1.41
2026-04-19 08:39:00,圪塔节制闸,1.41
2026-04-19 08:45:00,圪塔节制闸,1.39
2026-04-19 08:50:00,圪塔节制闸,1.39
2026-04-19 08:55:00,圪塔节制闸,1.31
2026-04-19 09:01:00,圪塔节制闸,1.33
2026-04-19 09:06:00,圪塔节制闸,1.31
2026-04-19 09:11:00,圪塔节制闸,1.32
2026-04-19 09:16:00,圪塔节制闸,1.34
2026-04-19 09:21:00,圪塔节制闸,1.38
2026-04-19 09:26:00,圪塔节制闸,1.22
2026-04-19 09:32:00,圪塔节制闸,1.2
2026-04-19 09:37:00,圪塔节制闸,1.21
2026-04-19 09:42:00,圪塔节制闸,1.22
2026-04-19 09:47:00,圪塔节制闸,1.18
2026-04-19 09:52:00,圪塔节制闸,1.16
2026-04-19 09:58:00,圪塔节制闸,1.16
2026-04-19 10:03:00,圪塔节制闸,1.13
2026-04-19 10:08:00,圪塔节制闸,1.12
2026-04-19 10:14:00,圪塔节制闸,1.12
2026-04-19 10:19:00,圪塔节制闸,1.11
2026-04-19 10:24:00,圪塔节制闸,1.07
2026-04-19 10:30:00,圪塔节制闸,1.07
2026-04-19 10:35:00,圪塔节制闸,1.05
2026-04-19 10:40:00,圪塔节制闸,1.02
2026-04-19 10:46:00,圪塔节制闸,1.05
2026-04-19 10:51:00,圪塔节制闸,1.05
2026-04-19 10:57:00,圪塔节制闸,1.03
2026-04-19 11:02:00,圪塔节制闸,1.04
2026-04-19 11:07:00,圪塔节制闸,1.03
2026-04-19 11:13:00,圪塔节制闸,1.02
2026-04-19 11:18:00,圪塔节制闸,1.02
2026-04-19 11:24:00,圪塔节制闸,1.01
2026-04-19 11:29:00,圪塔节制闸,1.03
2026-04-19 11:34:00,圪塔节制闸,1.04
2026-04-19 11:39:00,圪塔节制闸,1.04
2026-04-19 11:45:00,圪塔节制闸,1.05
2026-04-19 11:50:00,圪塔节制闸,1.01
2026-04-19 11:55:00,圪塔节制闸,1.02
2026-04-19 12:01:00,圪塔节制闸,1.03
2026-04-19 12:06:00,圪塔节制闸,1.05
2026-04-19 12:12:00,圪塔节制闸,1.05
2026-04-19 12:17:00,圪塔节制闸,1.05
2026-04-19 12:22:00,圪塔节制闸,1.05
2026-04-19 12:28:00,圪塔节制闸,1.04
2026-04-19 12:33:00,圪塔节制闸,1.06
2026-04-19 12:38:00,圪塔节制闸,1.04
2026-04-19 12:44:00,圪塔节制闸,1.03
2026-04-19 12:49:00,圪塔节制闸,1.03
2026-04-19 12:54:00,圪塔节制闸,1.04
2026-04-19 13:00:00,圪塔节制闸,1.06
2026-04-19 13:05:00,圪塔节制闸,1.06
2026-04-19 13:10:00,圪塔节制闸,1.07
2026-04-19 13:16:00,圪塔节制闸,1.07
2026-04-19 13:21:00,圪塔节制闸,1.06
2026-04-19 13:27:00,圪塔节制闸,1.06
2026-04-19 13:32:00,圪塔节制闸,1.06
2026-04-19 13:37:00,圪塔节制闸,1.06
2026-04-19 13:43:00,圪塔节制闸,1.05
2026-04-19 13:48:00,圪塔节制闸,1.05
2026-04-19 13:53:00,圪塔节制闸,1.05
2026-04-19 13:59:00,圪塔节制闸,1.05
2026-04-19 14:04:00,圪塔节制闸,1.04
2026-04-19 14:10:00,圪塔节制闸,1.04
2026-04-19 14:15:00,圪塔节制闸,1.03
2026-04-19 14:20:00,圪塔节制闸,1.03
2026-04-19 14:26:00,圪塔节制闸,1.02
2026-04-19 14:31:00,圪塔节制闸,1.03
2026-04-19 14:36:00,圪塔节制闸,1.02
2026-04-19 14:42:00,圪塔节制闸,1.02
2026-04-19 14:47:00,圪塔节制闸,1.02
2026-04-19 14:52:00,圪塔节制闸,1.02
2026-04-19 14:58:00,圪塔节制闸,1.02
2026-04-19 15:03:00,圪塔节制闸,1.02
2026-04-19 15:08:00,圪塔节制闸,1.02
2026-04-19 15:14:00,圪塔节制闸,1.02
2026-04-19 15:19:00,圪塔节制闸,1.01
2026-04-19 15:25:00,圪塔节制闸,1.01
2026-04-19 15:30:00,圪塔节制闸,1.01
2026-04-19 15:35:00,圪塔节制闸,1.0
2026-04-19 15:41:00,圪塔节制闸,1.02
2026-04-19 15:46:00,圪塔节制闸,1.01
2026-04-19 15:51:00,圪塔节制闸,1.01
2026-04-19 15:57:00,圪塔节制闸,1.01
2026-04-19 16:02:00,圪塔节制闸,1.02
2026-04-19 16:07:00,圪塔节制闸,1.02
2026-04-19 16:13:00,圪塔节制闸,1.01
2026-04-19 16:18:00,圪塔节制闸,1.01
2026-04-19 16:24:00,圪塔节制闸,1.02
2026-04-19 16:29:00,圪塔节制闸,1.02
2026-04-19 16:34:00,圪塔节制闸,1.02
2026-04-19 16:40:00,圪塔节制闸,1.02
2026-04-19 16:45:00,圪塔节制闸,1.02
2026-04-19 16:50:00,圪塔节制闸,1.02
2026-04-19 16:55:00,圪塔节制闸,1.03
2026-04-19 17:01:00,圪塔节制闸,1.03
2026-04-19 17:06:00,圪塔节制闸,1.02
2026-04-19 17:11:00,圪塔节制闸,1.04
2026-04-19 17:16:00,圪塔节制闸,1.04
2026-04-19 17:21:00,圪塔节制闸,1.05
2026-04-19 17:26:00,圪塔节制闸,1.03
2026-04-19 17:32:00,圪塔节制闸,1.04
2026-04-19 17:37:00,圪塔节制闸,1.05
2026-04-19 17:42:00,圪塔节制闸,1.05
2026-04-19 17:47:00,圪塔节制闸,1.05
2026-04-19 17:53:00,圪塔节制闸,1.05
2026-04-19 17:58:00,圪塔节制闸,1.05
2026-04-19 18:03:00,圪塔节制闸,1.05
2026-04-19 18:08:00,圪塔节制闸,1.04
2026-04-19 18:13:00,圪塔节制闸,1.06
2026-04-19 18:19:00,圪塔节制闸,1.05
2026-04-19 18:24:00,圪塔节制闸,1.06
2026-04-19 18:29:00,圪塔节制闸,1.49
2026-04-19 18:35:00,圪塔节制闸,1.15
2026-04-19 18:40:00,圪塔节制闸,1.18
2026-04-19 18:45:00,圪塔节制闸,1.21
2026-04-19 18:51:00,圪塔节制闸,1.21
2026-04-19 18:56:00,圪塔节制闸,1.21
2026-04-19 19:01:00,圪塔节制闸,1.2
2026-04-19 19:06:00,圪塔节制闸,1.2
2026-04-19 19:12:00,圪塔节制闸,1.21
2026-04-19 19:17:00,圪塔节制闸,1.21
2026-04-19 19:22:00,圪塔节制闸,1.22
2026-04-19 19:28:00,圪塔节制闸,1.24
2026-04-19 19:33:00,圪塔节制闸,1.24
2026-04-19 19:38:00,圪塔节制闸,1.25
2026-04-19 19:44:00,圪塔节制闸,1.27
2026-04-19 19:49:00,圪塔节制闸,1.3
2026-04-19 19:55:00,圪塔节制闸,1.26
2026-04-19 20:00:00,圪塔节制闸,1.25
2026-04-19 20:06:00,圪塔节制闸,1.29
2026-04-19 20:11:00,圪塔节制闸,1.26
2026-04-19 20:16:00,圪塔节制闸,1.27
2026-04-19 20:21:00,圪塔节制闸,1.27
2026-04-19 20:26:00,圪塔节制闸,1.28
2026-04-19 20:32:00,圪塔节制闸,1.28
2026-04-19 20:37:00,圪塔节制闸,1.29
2026-04-19 20:42:00,圪塔节制闸,1.3
2026-04-19 20:48:00,圪塔节制闸,1.31
2026-04-19 20:53:00,圪塔节制闸,1.3
2026-04-19 20:58:00,圪塔节制闸,1.3
2026-04-19 21:03:00,圪塔节制闸,1.32
2026-04-19 21:08:00,圪塔节制闸,1.32
2026-04-19 21:14:00,圪塔节制闸,1.32
2026-04-19 21:19:00,圪塔节制闸,1.33
2026-04-19 21:24:00,圪塔节制闸,1.32
2026-04-19 21:29:00,圪塔节制闸,1.32
2026-04-19 21:35:00,圪塔节制闸,1.37
2026-04-19 21:40:00,圪塔节制闸,1.39
2026-04-19 21:45:00,圪塔节制闸,1.4
2026-04-19 21:51:00,圪塔节制闸,1.38
2026-04-19 21:56:00,圪塔节制闸,1.38
2026-04-19 22:01:00,圪塔节制闸,1.37
2026-04-19 22:07:00,圪塔节制闸,1.38
2026-04-19 22:12:00,圪塔节制闸,1.4
2026-04-19 22:17:00,圪塔节制闸,1.4
2026-04-19 22:22:00,圪塔节制闸,1.42
2026-04-19 22:28:00,圪塔节制闸,1.42
2026-04-19 22:33:00,圪塔节制闸,1.44
2026-04-19 22:38:00,圪塔节制闸,1.45
2026-04-19 22:44:00,圪塔节制闸,1.45
2026-04-19 22:49:00,圪塔节制闸,1.46
2026-04-19 22:54:00,圪塔节制闸,1.46
2026-04-19 23:00:00,圪塔节制闸,1.47
2026-04-19 23:03:00,圪塔节制闸,1.48
2026-04-19 23:11:00,圪塔节制闸,1.48
2026-04-19 23:16:00,圪塔节制闸,1.49
2026-04-19 23:22:00,圪塔节制闸,1.5
2026-04-19 23:27:00,圪塔节制闸,1.51
2026-04-19 23:32:00,圪塔节制闸,1.51
2026-04-19 23:38:00,圪塔节制闸,1.52
2026-04-19 23:43:00,圪塔节制闸,1.51
2026-04-19 23:49:00,圪塔节制闸,1.56
2026-04-19 23:54:00,圪塔节制闸,1.58
2026-04-19 23:59:00,圪塔节制闸,1.58
2026-04-20 00:05:00,圪塔节制闸,1.6
2026-04-20 00:10:00,圪塔节制闸,1.61
2026-04-20 00:15:00,圪塔节制闸,1.61
2026-04-20 00:21:00,圪塔节制闸,1.62
2026-04-20 00:26:00,圪塔节制闸,1.62
2026-04-20 00:31:00,圪塔节制闸,1.63
2026-04-20 00:37:00,圪塔节制闸,1.64
2026-04-20 00:42:00,圪塔节制闸,1.64
2026-04-20 00:47:00,圪塔节制闸,1.65
2026-04-20 00:52:00,圪塔节制闸,1.66
2026-04-20 00:58:00,圪塔节制闸,1.67
2026-04-20 01:03:00,圪塔节制闸,1.68
2026-04-20 01:08:00,圪塔节制闸,1.68
2026-04-20 01:13:00,圪塔节制闸,1.69
2026-04-20 01:18:00,圪塔节制闸,1.69
2026-04-20 01:24:00,圪塔节制闸,1.7
2026-04-20 01:29:00,圪塔节制闸,1.71
2026-04-20 01:34:00,圪塔节制闸,1.71
2026-04-20 01:39:00,圪塔节制闸,1.72
2026-04-20 01:44:00,圪塔节制闸,1.71
2026-04-20 01:50:00,圪塔节制闸,1.72
2026-04-20 01:55:00,圪塔节制闸,1.72
2026-04-20 02:00:00,圪塔节制闸,1.73
2026-04-20 02:05:00,圪塔节制闸,1.72
2026-04-20 02:10:00,圪塔节制闸,1.72
2026-04-20 02:15:00,圪塔节制闸,1.72
2026-04-20 02:20:00,圪塔节制闸,1.72
2026-04-20 02:26:00,圪塔节制闸,1.72
2026-04-20 02:31:00,圪塔节制闸,1.71
2026-04-20 02:37:00,圪塔节制闸,1.71
2026-04-20 02:42:00,圪塔节制闸,1.71
2026-04-20 02:48:00,圪塔节制闸,1.72
2026-04-20 02:53:00,圪塔节制闸,1.72
2026-04-20 02:58:00,圪塔节制闸,1.71
2026-04-20 03:04:00,圪塔节制闸,1.71
2026-04-20 03:09:00,圪塔节制闸,1.71
2026-04-20 03:14:00,圪塔节制闸,1.7
2026-04-20 03:20:00,圪塔节制闸,1.7
2026-04-20 03:25:00,圪塔节制闸,1.7
2026-04-20 03:30:00,圪塔节制闸,1.7
2026-04-20 03:36:00,圪塔节制闸,1.68
2026-04-20 03:41:00,圪塔节制闸,1.69
2026-04-20 03:46:00,圪塔节制闸,1.68
2026-04-20 03:52:00,圪塔节制闸,1.67
2026-04-20 03:57:00,圪塔节制闸,1.66
2026-04-20 04:02:00,圪塔节制闸,1.67
2026-04-20 04:07:00,圪塔节制闸,1.67
2026-04-20 04:12:00,圪塔节制闸,1.66
2026-04-20 04:17:00,圪塔节制闸,1.66
2026-04-20 04:23:00,圪塔节制闸,1.66
2026-04-20 04:28:00,圪塔节制闸,1.65
2026-04-20 04:34:00,圪塔节制闸,1.65
2026-04-20 04:39:00,圪塔节制闸,1.65
2026-04-20 04:44:00,圪塔节制闸,1.63
2026-04-20 04:50:00,圪塔节制闸,1.63
2026-04-20 04:55:00,圪塔节制闸,1.63
2026-04-20 05:00:00,圪塔节制闸,1.63
2026-04-20 05:06:00,圪塔节制闸,1.62
2026-04-20 05:11:00,圪塔节制闸,1.62
2026-04-20 05:17:00,圪塔节制闸,1.62
2026-04-20 05:22:00,圪塔节制闸,1.61
2026-04-20 05:27:00,圪塔节制闸,1.61
2026-04-20 05:32:00,圪塔节制闸,1.6
2026-04-20 05:38:00,圪塔节制闸,1.6
2026-04-20 05:43:00,圪塔节制闸,1.6
2026-04-20 05:48:00,圪塔节制闸,1.59
2026-04-20 05:54:00,圪塔节制闸,1.59
2026-04-20 05:59:00,圪塔节制闸,1.59
2026-04-20 06:04:00,圪塔节制闸,1.58
2026-04-20 06:10:00,圪塔节制闸,1.57
2026-04-20 06:15:00,圪塔节制闸,1.56
2026-04-20 06:21:00,圪塔节制闸,1.56
2026-04-20 06:26:00,圪塔节制闸,1.55
2026-04-20 06:31:00,圪塔节制闸,1.55
2026-04-20 06:37:00,圪塔节制闸,1.55
2026-04-20 06:42:00,圪塔节制闸,1.54
2026-04-20 06:48:00,圪塔节制闸,1.54
2026-04-20 06:53:00,圪塔节制闸,1.54
2026-04-20 06:58:00,圪塔节制闸,1.52
2026-04-20 07:04:00,圪塔节制闸,1.52
2026-04-20 07:09:00,圪塔节制闸,1.52
2026-04-20 07:14:00,圪塔节制闸,1.52
2026-04-20 07:20:00,圪塔节制闸,1.53
2026-04-20 07:25:00,圪塔节制闸,1.54
2026-04-20 07:30:00,圪塔节制闸,1.54
2026-04-20 07:36:00,圪塔节制闸,1.52
2026-04-20 07:41:00,圪塔节制闸,1.53
2026-04-20 07:46:00,圪塔节制闸,1.52
2026-04-20 07:52:00,圪塔节制闸,1.52
2026-04-20 07:57:00,圪塔节制闸,1.52
2026-04-20 08:02:00,圪塔节制闸,1.52
2026-04-20 08:08:00,圪塔节制闸,1.52
2026-04-20 08:13:00,圪塔节制闸,1.52
2026-04-20 08:18:00,圪塔节制闸,1.51
2026-04-20 08:24:00,圪塔节制闸,1.52
2026-04-20 08:29:00,圪塔节制闸,1.52
2026-04-20 08:35:00,圪塔节制闸,1.51
2026-04-20 08:40:00,圪塔节制闸,1.51
2026-04-20 08:45:00,圪塔节制闸,1.51
2026-04-20 08:51:00,圪塔节制闸,1.51
2026-04-20 08:56:00,圪塔节制闸,1.51
2026-04-20 09:01:00,圪塔节制闸,1.51
2026-04-20 09:07:00,圪塔节制闸,1.5
2026-04-20 09:12:00,圪塔节制闸,1.46
2026-04-20 09:17:00,圪塔节制闸,1.44
2026-04-20 09:23:00,圪塔节制闸,1.44
2026-04-20 09:28:00,圪塔节制闸,1.44
2026-04-20 09:34:00,圪塔节制闸,1.42
2026-04-20 09:39:00,圪塔节制闸,1.43
2026-04-20 09:44:00,圪塔节制闸,1.43
2026-04-20 09:50:00,圪塔节制闸,1.43
2026-04-20 09:55:00,圪塔节制闸,1.43
2026-04-20 10:00:00,圪塔节制闸,1.42
2026-04-20 10:06:00,圪塔节制闸,1.41
2026-04-20 10:11:00,圪塔节制闸,1.4
2026-04-20 10:16:00,圪塔节制闸,1.4
2026-04-20 10:22:00,圪塔节制闸,1.4
2026-04-20 10:27:00,圪塔节制闸,1.39
2026-04-20 10:32:00,圪塔节制闸,1.38
2026-04-20 10:38:00,圪塔节制闸,1.38
2026-04-20 10:43:00,圪塔节制闸,1.37
2026-04-20 10:49:00,圪塔节制闸,1.37
2026-04-20 10:54:00,圪塔节制闸,1.36
2026-04-20 10:59:00,圪塔节制闸,1.36
2026-04-20 11:04:00,圪塔节制闸,1.35
2026-04-20 11:10:00,圪塔节制闸,1.35
2026-04-20 11:15:00,圪塔节制闸,1.35
2026-04-20 11:20:00,圪塔节制闸,1.33
2026-04-20 11:26:00,圪塔节制闸,1.33
2026-04-20 11:31:00,圪塔节制闸,1.33
2026-04-20 11:37:00,圪塔节制闸,1.33
2026-04-20 11:42:00,圪塔节制闸,1.31
2026-04-20 11:48:00,圪塔节制闸,1.32
2026-04-20 11:53:00,圪塔节制闸,1.31
2026-04-20 11:58:00,圪塔节制闸,1.24
2026-04-20 12:04:00,圪塔节制闸,1.22
2026-04-20 12:09:00,圪塔节制闸,1.2
2026-04-20 12:14:00,圪塔节制闸,1.19
2026-04-20 12:20:00,圪塔节制闸,1.19
2026-04-20 12:25:00,圪塔节制闸,1.18
2026-04-20 12:31:00,圪塔节制闸,1.18
2026-04-20 12:36:00,圪塔节制闸,1.15
2026-04-20 12:41:00,圪塔节制闸,1.15
2026-04-20 12:47:00,圪塔节制闸,1.16
2026-04-20 12:52:00,圪塔节制闸,1.14
2026-04-20 12:57:00,圪塔节制闸,1.12
2026-04-20 13:03:00,圪塔节制闸,1.14
2026-04-20 13:08:00,圪塔节制闸,1.12
2026-04-20 13:13:00,圪塔节制闸,1.09
2026-04-20 13:19:00,圪塔节制闸,1.08
2026-04-20 13:24:00,圪塔节制闸,1.08
2026-04-20 13:29:00,圪塔节制闸,1.04
2026-04-20 13:35:00,圪塔节制闸,1.07
2026-04-20 13:40:00,圪塔节制闸,1.04
2026-04-20 13:46:00,圪塔节制闸,1.05
2026-04-20 13:51:00,圪塔节制闸,1.05
2026-04-20 13:56:00,圪塔节制闸,1.04
2026-04-20 14:02:00,圪塔节制闸,1.04
2026-04-20 14:07:00,圪塔节制闸,1.05
2026-04-20 14:12:00,圪塔节制闸,1.04
2026-04-20 14:18:00,圪塔节制闸,1.03
2026-04-20 14:23:00,圪塔节制闸,1.03
2026-04-20 14:29:00,圪塔节制闸,1.03
2026-04-20 14:34:00,圪塔节制闸,1.03
2026-04-20 14:39:00,圪塔节制闸,1.0
2026-04-20 14:44:00,圪塔节制闸,1.02
2026-04-20 14:50:00,圪塔节制闸,1.02
2026-04-20 14:55:00,圪塔节制闸,1.0
2026-04-20 15:01:00,圪塔节制闸,1.0
2026-04-20 15:06:00,圪塔节制闸,0.99
2026-04-20 15:11:00,圪塔节制闸,0.98
2026-04-20 15:17:00,圪塔节制闸,1.01
2026-04-20 15:22:00,圪塔节制闸,0.98
2026-04-20 15:28:00,圪塔节制闸,1.0
2026-04-20 15:33:00,圪塔节制闸,1.0
2026-04-20 15:38:00,圪塔节制闸,0.99
2026-04-20 15:44:00,圪塔节制闸,1.01
2026-04-20 15:49:00,圪塔节制闸,1.0
2026-04-20 15:54:00,圪塔节制闸,0.99
2026-04-20 16:00:00,圪塔节制闸,1.0
2026-04-20 16:05:00,圪塔节制闸,1.0
2026-04-20 16:11:00,圪塔节制闸,0.98
2026-04-20 16:16:00,圪塔节制闸,1.0
2026-04-20 16:21:00,圪塔节制闸,0.99
2026-04-20 16:26:00,圪塔节制闸,0.97
2026-04-20 16:32:00,圪塔节制闸,0.97
2026-04-20 16:37:00,圪塔节制闸,0.97
2026-04-20 16:43:00,圪塔节制闸,0.97
2026-04-20 16:48:00,圪塔节制闸,0.98
2026-04-20 16:53:00,圪塔节制闸,0.98
2026-04-20 16:59:00,圪塔节制闸,0.97
2026-04-20 17:04:00,圪塔节制闸,0.96
2026-04-20 17:09:00,圪塔节制闸,0.98
2026-04-20 17:15:00,圪塔节制闸,0.98
2026-04-20 17:20:00,圪塔节制闸,0.98
2026-04-20 17:25:00,圪塔节制闸,0.97
2026-04-20 17:31:00,圪塔节制闸,0.96
2026-04-20 17:36:00,圪塔节制闸,0.94
2026-04-20 17:42:00,圪塔节制闸,0.95
2026-04-20 17:47:00,圪塔节制闸,0.96
2026-04-20 17:52:00,圪塔节制闸,0.97
2026-04-20 17:57:00,圪塔节制闸,0.96
2026-04-20 18:03:00,圪塔节制闸,0.97
2026-04-20 18:08:00,圪塔节制闸,0.95
2026-04-20 18:14:00,圪塔节制闸,0.95
2026-04-20 18:19:00,圪塔节制闸,0.94
2026-04-20 18:25:00,圪塔节制闸,0.97
2026-04-20 18:30:00,圪塔节制闸,0.96
2026-04-20 18:35:00,圪塔节制闸,0.96
2026-04-20 18:40:00,圪塔节制闸,0.94
2026-04-20 18:46:00,圪塔节制闸,0.96
2026-04-20 18:51:00,圪塔节制闸,0.96
2026-04-20 18:56:00,圪塔节制闸,0.96
2026-04-20 19:02:00,圪塔节制闸,0.96
2026-04-20 19:07:00,圪塔节制闸,0.96
2026-04-20 19:13:00,圪塔节制闸,0.95
2026-04-20 19:18:00,圪塔节制闸,0.95
2026-04-20 19:23:00,圪塔节制闸,0.97
2026-04-20 19:29:00,圪塔节制闸,0.97
2026-04-20 19:34:00,圪塔节制闸,0.97
2026-04-20 19:39:00,圪塔节制闸,0.96
2026-04-20 19:45:00,圪塔节制闸,0.97
2026-04-20 19:50:00,圪塔节制闸,0.97
2026-04-20 19:55:00,圪塔节制闸,0.96
2026-04-20 20:01:00,圪塔节制闸,0.97
2026-04-20 20:06:00,圪塔节制闸,0.96
2026-04-20 20:12:00,圪塔节制闸,0.95
2026-04-20 20:17:00,圪塔节制闸,0.96
2026-04-20 20:22:00,圪塔节制闸,0.96
2026-04-20 20:28:00,圪塔节制闸,0.95
2026-04-20 20:33:00,圪塔节制闸,0.97
2026-04-20 20:38:00,圪塔节制闸,0.97
2026-04-20 20:44:00,圪塔节制闸,0.97
2026-04-20 20:49:00,圪塔节制闸,0.95
2026-04-20 20:54:00,圪塔节制闸,0.97
2026-04-20 21:00:00,圪塔节制闸,0.96
2026-04-20 21:05:00,圪塔节制闸,0.98
2026-04-20 21:11:00,圪塔节制闸,0.96
2026-04-20 21:16:00,圪塔节制闸,0.96
2026-04-20 21:21:00,圪塔节制闸,0.95
2026-04-20 21:26:00,圪塔节制闸,0.98
2026-04-20 21:32:00,圪塔节制闸,0.96
2026-04-20 21:37:00,圪塔节制闸,0.95
2026-04-20 21:42:00,圪塔节制闸,0.97
2026-04-20 21:48:00,圪塔节制闸,0.97
2026-04-20 21:53:00,圪塔节制闸,0.96
2026-04-20 21:59:00,圪塔节制闸,0.96
2026-04-20 22:04:00,圪塔节制闸,0.97
2026-04-20 22:09:00,圪塔节制闸,0.96
2026-04-20 22:15:00,圪塔节制闸,0.98
2026-04-20 22:20:00,圪塔节制闸,0.98
2026-04-20 22:25:00,圪塔节制闸,0.97
2026-04-20 22:30:00,圪塔节制闸,0.97
2026-04-20 22:36:00,圪塔节制闸,0.97
2026-04-20 22:41:00,圪塔节制闸,0.97
2026-04-20 22:46:00,圪塔节制闸,0.97
2026-04-20 22:52:00,圪塔节制闸,0.98
2026-04-20 22:57:00,圪塔节制闸,0.96
2026-04-20 23:02:00,圪塔节制闸,0.96
2026-04-20 23:08:00,圪塔节制闸,0.97
2026-04-20 23:14:00,圪塔节制闸,0.97
2026-04-20 23:19:00,圪塔节制闸,0.97
2026-04-20 23:25:00,圪塔节制闸,0.98
2026-04-20 23:30:00,圪塔节制闸,0.96
2026-04-20 23:35:00,圪塔节制闸,0.97
2026-04-20 23:41:00,圪塔节制闸,0.96
2026-04-20 23:46:00,圪塔节制闸,0.97
2026-04-20 23:51:00,圪塔节制闸,0.98
2026-04-20 23:56:00,圪塔节制闸,0.97
2026-04-21 00:02:00,圪塔节制闸,0.97
2026-04-21 00:07:00,圪塔节制闸,0.99
2026-04-21 00:12:00,圪塔节制闸,0.99
2026-04-21 00:18:00,圪塔节制闸,0.97
2026-04-21 00:23:00,圪塔节制闸,0.98
2026-04-21 00:29:00,圪塔节制闸,0.98
2026-04-21 00:34:00,圪塔节制闸,0.94
2026-04-21 00:39:00,圪塔节制闸,0.98
2026-04-21 00:45:00,圪塔节制闸,0.99
2026-04-21 00:50:00,圪塔节制闸,1.0
2026-04-21 00:55:00,圪塔节制闸,0.99
2026-04-21 01:00:00,圪塔节制闸,0.98
2026-04-21 01:06:00,圪塔节制闸,0.99
2026-04-21 01:11:00,圪塔节制闸,1.01
2026-04-21 01:16:00,圪塔节制闸,1.0
2026-04-21 01:22:00,圪塔节制闸,0.99
2026-04-21 01:27:00,圪塔节制闸,1.01
2026-04-21 01:32:00,圪塔节制闸,1.0
2026-04-21 01:37:00,圪塔节制闸,1.0
2026-04-21 01:43:00,圪塔节制闸,1.0
2026-04-21 01:48:00,圪塔节制闸,1.01
2026-04-21 01:54:00,圪塔节制闸,1.0
2026-04-21 01:59:00,圪塔节制闸,1.01
2026-04-21 02:04:00,圪塔节制闸,0.99
2026-04-21 02:10:00,圪塔节制闸,0.99
2026-04-21 02:15:00,圪塔节制闸,1.0
2026-04-21 02:20:00,圪塔节制闸,1.0
2026-04-21 02:26:00,圪塔节制闸,1.01
2026-04-21 02:31:00,圪塔节制闸,0.97
2026-04-21 02:36:00,圪塔节制闸,0.99
2026-04-21 02:41:00,圪塔节制闸,1.0
2026-04-21 02:46:00,圪塔节制闸,1.01
2026-04-21 02:51:00,圪塔节制闸,0.98
2026-04-21 02:57:00,圪塔节制闸,1.01
2026-04-21 03:02:00,圪塔节制闸,1.02
2026-04-21 03:07:00,圪塔节制闸,1.0
2026-04-21 03:12:00,圪塔节制闸,0.99
2026-04-21 03:17:00,圪塔节制闸,1.02
2026-04-21 03:23:00,圪塔节制闸,1.02
2026-04-21 03:28:00,圪塔节制闸,1.0
2026-04-21 03:34:00,圪塔节制闸,1.02
2026-04-21 03:39:00,圪塔节制闸,0.98
2026-04-21 03:44:00,圪塔节制闸,1.02
2026-04-21 03:50:00,圪塔节制闸,1.0
2026-04-21 03:55:00,圪塔节制闸,1.01
2026-04-21 04:01:00,圪塔节制闸,1.0
2026-04-21 04:06:00,圪塔节制闸,0.98
2026-04-21 04:11:00,圪塔节制闸,0.96
2026-04-21 04:17:00,圪塔节制闸,0.96
2026-04-21 04:22:00,圪塔节制闸,0.96
2026-04-21 04:28:00,圪塔节制闸,0.95
2026-04-21 04:33:00,圪塔节制闸,0.95
2026-04-21 04:39:00,圪塔节制闸,0.95
2026-04-21 04:44:00,圪塔节制闸,0.95
2026-04-21 04:49:00,圪塔节制闸,0.95
2026-04-21 04:55:00,圪塔节制闸,0.95
2026-04-21 05:00:00,圪塔节制闸,0.95
2026-04-21 05:06:00,圪塔节制闸,0.94
2026-04-21 05:11:00,圪塔节制闸,0.94
2026-04-21 05:16:00,圪塔节制闸,0.94
2026-04-21 05:21:00,圪塔节制闸,0.94
2026-04-21 05:27:00,圪塔节制闸,0.93
2026-04-21 05:32:00,圪塔节制闸,0.94
2026-04-21 05:37:00,圪塔节制闸,0.94
2026-04-21 05:42:00,圪塔节制闸,0.93
2026-04-21 05:47:00,圪塔节制闸,0.94
2026-04-21 05:53:00,圪塔节制闸,0.93
2026-04-21 05:58:00,圪塔节制闸,0.93
2026-04-21 06:03:00,圪塔节制闸,0.93
2026-04-21 06:09:00,圪塔节制闸,0.93
2026-04-21 06:14:00,圪塔节制闸,0.93
2026-04-21 06:19:00,圪塔节制闸,0.92
2026-04-21 06:24:00,圪塔节制闸,0.93
2026-04-21 06:30:00,圪塔节制闸,0.94
2026-04-21 06:35:00,圪塔节制闸,0.93
2026-04-21 06:41:00,圪塔节制闸,0.93
2026-04-21 06:46:00,圪塔节制闸,0.93
2026-04-21 06:51:00,圪塔节制闸,0.93
2026-04-21 06:57:00,圪塔节制闸,0.93
2026-04-21 07:02:00,圪塔节制闸,0.93
2026-04-21 07:07:00,圪塔节制闸,0.93
2026-04-21 07:12:00,圪塔节制闸,0.93
2026-04-21 07:18:00,圪塔节制闸,0.93
2026-04-21 07:23:00,圪塔节制闸,0.93
2026-04-21 07:28:00,圪塔节制闸,0.93
2026-04-21 07:34:00,圪塔节制闸,0.92
2026-04-21 07:39:00,圪塔节制闸,0.93
2026-04-21 07:45:00,圪塔节制闸,0.94
2026-04-21 07:50:00,圪塔节制闸,0.93
2026-04-21 07:55:00,圪塔节制闸,0.93
2026-04-21 08:01:00,圪塔节制闸,0.93
2026-04-21 08:06:00,圪塔节制闸,0.92
2026-04-21 08:11:00,圪塔节制闸,0.92
2026-04-21 08:16:00,圪塔节制闸,0.92
2026-04-21 08:22:00,圪塔节制闸,0.93
2026-04-21 08:27:00,圪塔节制闸,0.92
2026-04-21 08:33:00,圪塔节制闸,0.94
2026-04-21 08:38:00,圪塔节制闸,0.95
2026-04-21 08:44:00,圪塔节制闸,0.96
2026-04-21 08:49:00,圪塔节制闸,0.96
2026-04-21 08:55:00,圪塔节制闸,0.96
2026-04-21 09:00:00,圪塔节制闸,0.97
2026-04-21 09:05:00,圪塔节制闸,0.97
2026-04-21 09:10:00,圪塔节制闸,0.98
2026-04-21 09:16:00,圪塔节制闸,0.97
2026-04-21 09:21:00,圪塔节制闸,0.98
2026-04-21 09:26:00,圪塔节制闸,0.98
2026-04-21 09:32:00,圪塔节制闸,0.98
2026-04-21 09:37:00,圪塔节制闸,0.98
2026-04-21 09:42:00,圪塔节制闸,0.98
2026-04-21 09:47:00,圪塔节制闸,0.99
2026-04-21 09:53:00,圪塔节制闸,0.98
2026-04-21 09:58:00,圪塔节制闸,0.98
2026-04-21 10:03:00,圪塔节制闸,0.98
2026-04-21 10:08:00,圪塔节制闸,0.99
2026-04-21 10:14:00,圪塔节制闸,0.99
2026-04-21 10:19:00,圪塔节制闸,0.99
2026-04-21 10:24:00,圪塔节制闸,1.0
2026-04-21 10:30:00,圪塔节制闸,1.0
2026-04-21 10:35:00,圪塔节制闸,1.0
2026-04-21 10:41:00,圪塔节制闸,1.0
2026-04-21 10:46:00,圪塔节制闸,1.0
2026-04-21 10:51:00,圪塔节制闸,1.0
2026-04-21 10:56:00,圪塔节制闸,0.99
2026-04-21 11:01:00,圪塔节制闸,0.99
2026-04-21 11:07:00,圪塔节制闸,0.98
2026-04-21 11:12:00,圪塔节制闸,0.97
2026-04-21 11:17:00,圪塔节制闸,1.07
2026-04-21 11:23:00,圪塔节制闸,1.1
2026-04-21 11:28:00,圪塔节制闸,1.12
2026-04-21 11:33:00,圪塔节制闸,1.24
2026-04-21 11:39:00,圪塔节制闸,1.27
2026-04-21 11:44:00,圪塔节制闸,1.21
2026-04-21 11:50:00,圪塔节制闸,1.21
2026-04-21 11:55:00,圪塔节制闸,1.23
2026-04-21 12:00:00,圪塔节制闸,1.23
2026-04-21 12:06:00,圪塔节制闸,1.18
2026-04-21 12:11:00,圪塔节制闸,1.16
2026-04-21 12:16:00,圪塔节制闸,1.28
2026-04-21 12:21:00,圪塔节制闸,1.31
2026-04-21 12:27:00,圪塔节制闸,1.33
2026-04-21 12:32:00,圪塔节制闸,1.36
2026-04-21 12:38:00,圪塔节制闸,1.38
2026-04-21 12:43:00,圪塔节制闸,1.33
2026-04-21 12:49:00,圪塔节制闸,1.32
2026-04-21 12:54:00,圪塔节制闸,1.31
2026-04-21 12:59:00,圪塔节制闸,1.3
2026-04-21 13:04:00,圪塔节制闸,1.29
2026-04-21 13:10:00,圪塔节制闸,1.28
2026-04-21 13:15:00,圪塔节制闸,1.31
2026-04-21 13:21:00,圪塔节制闸,1.32
2026-04-21 13:26:00,圪塔节制闸,1.33
2026-04-21 13:31:00,圪塔节制闸,1.32
2026-04-21 13:37:00,圪塔节制闸,1.31
2026-04-21 13:42:00,圪塔节制闸,1.31
2026-04-21 13:47:00,圪塔节制闸,1.3
2026-04-21 13:53:00,圪塔节制闸,1.3
2026-04-21 13:58:00,圪塔节制闸,1.29
2026-04-21 14:03:00,圪塔节制闸,1.29
2026-04-21 14:09:00,圪塔节制闸,1.29
2026-04-21 14:14:00,圪塔节制闸,1.3
2026-04-21 14:19:00,圪塔节制闸,1.31
2026-04-21 14:25:00,圪塔节制闸,1.3
2026-04-21 14:30:00,圪塔节制闸,1.3
2026-04-21 14:36:00,圪塔节制闸,1.29
2026-04-21 14:41:00,圪塔节制闸,1.29
2026-04-21 14:47:00,圪塔节制闸,1.28
2026-04-21 14:52:00,圪塔节制闸,1.28
2026-04-21 14:57:00,圪塔节制闸,1.28
2026-04-21 15:02:00,圪塔节制闸,1.28
2026-04-21 15:08:00,圪塔节制闸,1.29
2026-04-21 15:13:00,圪塔节制闸,1.29
2026-04-21 15:18:00,圪塔节制闸,1.28
2026-04-21 15:24:00,圪塔节制闸,1.28
2026-04-21 15:29:00,圪塔节制闸,1.27
2026-04-21 15:35:00,圪塔节制闸,1.27
2026-04-21 15:40:00,圪塔节制闸,1.27
2026-04-21 15:45:00,圪塔节制闸,1.27
2026-04-21 15:51:00,圪塔节制闸,1.26
2026-04-21 15:56:00,圪塔节制闸,1.26
2026-04-21 16:01:00,圪塔节制闸,1.27
2026-04-21 16:06:00,圪塔节制闸,1.27
2026-04-21 16:11:00,圪塔节制闸,1.26
2026-04-21 16:16:00,圪塔节制闸,1.26
2026-04-21 16:22:00,圪塔节制闸,1.26
2026-04-21 16:27:00,圪塔节制闸,1.26
2026-04-21 16:32:00,圪塔节制闸,1.25
2026-04-21 16:37:00,圪塔节制闸,1.25
2026-04-21 16:42:00,圪塔节制闸,1.25
2026-04-21 16:48:00,圪塔节制闸,1.25
2026-04-21 16:53:00,圪塔节制闸,1.24
2026-04-21 16:58:00,圪塔节制闸,1.24
2026-04-21 17:03:00,圪塔节制闸,1.24
2026-04-21 17:09:00,圪塔节制闸,1.24
2026-04-21 17:14:00,圪塔节制闸,1.24
2026-04-21 17:19:00,圪塔节制闸,0.96
2026-04-21 17:25:00,圪塔节制闸,0.92
2026-04-21 17:30:00,圪塔节制闸,0.88
2026-04-14 00:00:00,老庄节制闸,1.61
2026-04-14 00:04:00,老庄节制闸,1.61
2026-04-14 00:10:00,老庄节制闸,1.6
2026-04-14 00:16:00,老庄节制闸,1.59
2026-04-14 00:21:00,老庄节制闸,1.58
2026-04-14 00:26:00,老庄节制闸,1.57
2026-04-14 00:32:00,老庄节制闸,1.56
2026-04-14 00:37:00,老庄节制闸,1.56
2026-04-14 00:42:00,老庄节制闸,1.55
2026-04-14 00:48:00,老庄节制闸,1.54
2026-04-14 00:53:00,老庄节制闸,1.54
2026-04-14 00:59:00,老庄节制闸,1.53
2026-04-14 01:04:00,老庄节制闸,1.55
2026-04-14 01:10:00,老庄节制闸,1.55
2026-04-14 01:15:00,老庄节制闸,1.54
2026-04-14 01:21:00,老庄节制闸,1.54
2026-04-14 01:26:00,老庄节制闸,1.54
2026-04-14 01:31:00,老庄节制闸,1.54
2026-04-14 01:36:00,老庄节制闸,1.54
2026-04-14 01:41:00,老庄节制闸,1.54
2026-04-14 01:46:00,老庄节制闸,1.54
2026-04-14 01:51:00,老庄节制闸,1.54
2026-04-14 01:57:00,老庄节制闸,1.54
2026-04-14 02:02:00,老庄节制闸,1.54
2026-04-14 02:07:00,老庄节制闸,1.54
2026-04-14 02:13:00,老庄节制闸,1.54
2026-04-14 02:18:00,老庄节制闸,1.54
2026-04-14 02:23:00,老庄节制闸,1.54
2026-04-14 02:28:00,老庄节制闸,1.54
2026-04-14 02:33:00,老庄节制闸,1.53
2026-04-14 02:39:00,老庄节制闸,1.54
2026-04-14 02:45:00,老庄节制闸,1.54
2026-04-14 02:50:00,老庄节制闸,1.53
2026-04-14 02:55:00,老庄节制闸,1.53
2026-04-14 03:01:00,老庄节制闸,1.53
2026-04-14 03:06:00,老庄节制闸,1.53
2026-04-14 03:12:00,老庄节制闸,1.53
2026-04-14 03:18:00,老庄节制闸,1.53
2026-04-14 03:23:00,老庄节制闸,1.53
2026-04-14 03:29:00,老庄节制闸,1.53
2026-04-14 03:35:00,老庄节制闸,1.53
2026-04-14 03:40:00,老庄节制闸,1.53
2026-04-14 03:45:00,老庄节制闸,1.53
2026-04-14 03:50:00,老庄节制闸,1.53
2026-04-14 03:55:00,老庄节制闸,1.54
2026-04-14 04:01:00,老庄节制闸,1.54
2026-04-14 04:06:00,老庄节制闸,1.54
2026-04-14 04:12:00,老庄节制闸,1.54
2026-04-14 04:18:00,老庄节制闸,1.54
2026-04-14 04:23:00,老庄节制闸,1.54
2026-04-14 04:29:00,老庄节制闸,1.54
2026-04-14 04:34:00,老庄节制闸,1.54
2026-04-14 04:39:00,老庄节制闸,1.54
2026-04-14 04:45:00,老庄节制闸,1.54
2026-04-14 04:50:00,老庄节制闸,1.54
2026-04-14 04:56:00,老庄节制闸,1.54
2026-04-14 05:01:00,老庄节制闸,1.54
2026-04-14 05:06:00,老庄节制闸,1.54
2026-04-14 05:11:00,老庄节制闸,1.55
2026-04-14 05:16:00,老庄节制闸,1.55
2026-04-14 05:21:00,老庄节制闸,1.55
2026-04-14 05:27:00,老庄节制闸,1.55
2026-04-14 05:33:00,老庄节制闸,1.55
2026-04-14 05:39:00,老庄节制闸,1.55
2026-04-14 05:45:00,老庄节制闸,1.56
2026-04-14 05:51:00,老庄节制闸,1.56
2026-04-14 05:56:00,老庄节制闸,1.56
2026-04-14 06:02:00,老庄节制闸,1.56
2026-04-14 06:07:00,老庄节制闸,1.56
2026-04-14 06:13:00,老庄节制闸,1.56
2026-04-14 06:19:00,老庄节制闸,1.56
2026-04-14 06:24:00,老庄节制闸,1.57
2026-04-14 06:29:00,老庄节制闸,1.56
2026-04-14 06:34:00,老庄节制闸,1.57
2026-04-14 06:40:00,老庄节制闸,1.57
2026-04-14 06:45:00,老庄节制闸,1.57
2026-04-14 06:50:00,老庄节制闸,1.57
2026-04-14 06:55:00,老庄节制闸,1.57
2026-04-14 07:00:00,老庄节制闸,1.56
2026-04-14 07:05:00,老庄节制闸,1.57
2026-04-14 07:11:00,老庄节制闸,1.57
2026-04-14 07:17:00,老庄节制闸,1.57
2026-04-14 07:22:00,老庄节制闸,1.57
2026-04-14 07:27:00,老庄节制闸,1.56
2026-04-14 07:33:00,老庄节制闸,1.57
2026-04-14 07:38:00,老庄节制闸,1.57
2026-04-14 07:44:00,老庄节制闸,1.56
2026-04-14 07:49:00,老庄节制闸,1.57
2026-04-14 07:55:00,老庄节制闸,1.56
2026-04-14 08:01:00,老庄节制闸,1.56
2026-04-14 08:07:00,老庄节制闸,1.56
2026-04-14 08:13:00,老庄节制闸,1.56
2026-04-14 08:19:00,老庄节制闸,1.56
2026-04-14 08:25:00,老庄节制闸,1.56
2026-04-14 08:31:00,老庄节制闸,1.56
2026-04-14 08:37:00,老庄节制闸,1.56
2026-04-14 08:42:00,老庄节制闸,1.56
2026-04-14 08:48:00,老庄节制闸,1.56
2026-04-14 08:53:00,老庄节制闸,1.56
2026-04-14 08:59:00,老庄节制闸,1.56
2026-04-14 09:05:00,老庄节制闸,1.56
2026-04-14 09:10:00,老庄节制闸,1.56
2026-04-14 09:16:00,老庄节制闸,1.56
2026-04-14 09:21:00,老庄节制闸,1.56
2026-04-14 09:26:00,老庄节制闸,1.56
2026-04-14 09:31:00,老庄节制闸,1.56
2026-04-14 09:37:00,老庄节制闸,1.5
2026-04-14 09:42:00,老庄节制闸,1.5
2026-04-14 09:47:00,老庄节制闸,1.49
2026-04-14 09:53:00,老庄节制闸,1.49
2026-04-14 09:58:00,老庄节制闸,1.47
2026-04-14 10:03:00,老庄节制闸,1.46
2026-04-14 10:08:00,老庄节制闸,1.45
2026-04-14 10:14:00,老庄节制闸,1.44
2026-04-14 10:19:00,老庄节制闸,1.43
2026-04-14 10:24:00,老庄节制闸,1.42
2026-04-14 10:30:00,老庄节制闸,1.41
2026-04-14 10:35:00,老庄节制闸,1.4
2026-04-14 10:41:00,老庄节制闸,1.39
2026-04-14 10:46:00,老庄节制闸,1.38
2026-04-14 10:51:00,老庄节制闸,1.38
2026-04-14 10:56:00,老庄节制闸,1.37
2026-04-14 11:02:00,老庄节制闸,1.36
2026-04-14 11:08:00,老庄节制闸,1.36
2026-04-14 11:13:00,老庄节制闸,1.35
2026-04-14 11:19:00,老庄节制闸,1.34
2026-04-14 11:24:00,老庄节制闸,1.33
2026-04-14 11:30:00,老庄节制闸,1.33
2026-04-14 11:35:00,老庄节制闸,1.32
2026-04-14 11:41:00,老庄节制闸,1.31
2026-04-14 11:46:00,老庄节制闸,1.31
2026-04-14 11:52:00,老庄节制闸,1.29
2026-04-14 11:58:00,老庄节制闸,1.29
2026-04-14 12:03:00,老庄节制闸,1.29
2026-04-14 12:08:00,老庄节制闸,1.28
2026-04-14 12:14:00,老庄节制闸,1.27
2026-04-14 12:19:00,老庄节制闸,1.27
2026-04-14 12:24:00,老庄节制闸,1.27
2026-04-14 12:29:00,老庄节制闸,1.26
2026-04-14 12:34:00,老庄节制闸,1.26
2026-04-14 12:39:00,老庄节制闸,1.25
2026-04-14 12:45:00,老庄节制闸,1.25
2026-04-14 12:50:00,老庄节制闸,1.24
2026-04-14 12:55:00,老庄节制闸,1.24
2026-04-14 13:01:00,老庄节制闸,1.24
2026-04-14 13:06:00,老庄节制闸,1.24
2026-04-14 13:12:00,老庄节制闸,1.23
2026-04-14 13:17:00,老庄节制闸,1.23
2026-04-14 13:22:00,老庄节制闸,1.23
2026-04-14 13:28:00,老庄节制闸,1.22
2026-04-14 13:33:00,老庄节制闸,1.22
2026-04-14 13:38:00,老庄节制闸,1.21
2026-04-14 13:43:00,老庄节制闸,1.21
2026-04-14 13:49:00,老庄节制闸,1.26
2026-04-14 13:54:00,老庄节制闸,1.27
2026-04-14 13:59:00,老庄节制闸,1.28
2026-04-14 14:05:00,老庄节制闸,1.29
2026-04-14 14:10:00,老庄节制闸,1.3
2026-04-14 14:16:00,老庄节制闸,1.31
2026-04-14 14:22:00,老庄节制闸,1.31
2026-04-14 14:27:00,老庄节制闸,1.32
2026-04-14 14:32:00,老庄节制闸,1.32
2026-04-14 14:38:00,老庄节制闸,1.33
2026-04-14 14:43:00,老庄节制闸,1.33
2026-04-14 14:48:00,老庄节制闸,1.34
2026-04-14 14:53:00,老庄节制闸,1.35
2026-04-14 14:58:00,老庄节制闸,1.36
2026-04-14 15:03:00,老庄节制闸,1.36
2026-04-14 15:08:00,老庄节制闸,1.37
2026-04-14 15:13:00,老庄节制闸,1.37
2026-04-14 15:18:00,老庄节制闸,1.38
2026-04-14 15:23:00,老庄节制闸,1.38
2026-04-14 15:28:00,老庄节制闸,1.39
2026-04-14 15:34:00,老庄节制闸,1.4
2026-04-14 15:39:00,老庄节制闸,1.4
2026-04-14 15:45:00,老庄节制闸,1.4
2026-04-14 15:50:00,老庄节制闸,1.41
2026-04-14 15:55:00,老庄节制闸,1.41
2026-04-14 16:00:00,老庄节制闸,1.42
2026-04-14 16:06:00,老庄节制闸,1.42
2026-04-14 16:11:00,老庄节制闸,1.42
2026-04-14 16:16:00,老庄节制闸,1.43
2026-04-14 16:21:00,老庄节制闸,1.44
2026-04-14 16:27:00,老庄节制闸,1.43
2026-04-14 16:32:00,老庄节制闸,1.44
2026-04-14 16:38:00,老庄节制闸,1.44
2026-04-14 16:43:00,老庄节制闸,1.45
2026-04-14 16:48:00,老庄节制闸,1.45
2026-04-14 16:53:00,老庄节制闸,1.45
2026-04-14 16:58:00,老庄节制闸,1.45
2026-04-14 17:04:00,老庄节制闸,1.46
2026-04-14 17:09:00,老庄节制闸,1.46
2026-04-14 17:14:00,老庄节制闸,1.46
2026-04-14 17:19:00,老庄节制闸,1.46
2026-04-14 17:24:00,老庄节制闸,1.47
2026-04-14 17:29:00,老庄节制闸,1.47
2026-04-14 17:34:00,老庄节制闸,1.47
2026-04-14 17:39:00,老庄节制闸,1.48
2026-04-14 17:44:00,老庄节制闸,1.48
2026-04-14 17:49:00,老庄节制闸,1.48
2026-04-14 17:54:00,老庄节制闸,1.49
2026-04-14 17:59:00,老庄节制闸,1.48
2026-04-14 18:04:00,老庄节制闸,1.49
2026-04-14 18:09:00,老庄节制闸,1.49
2026-04-14 18:14:00,老庄节制闸,1.49
2026-04-14 18:19:00,老庄节制闸,1.5
2026-04-14 18:25:00,老庄节制闸,1.5
2026-04-14 18:30:00,老庄节制闸,1.5
2026-04-14 18:35:00,老庄节制闸,1.5
2026-04-14 18:41:00,老庄节制闸,1.51
2026-04-14 18:46:00,老庄节制闸,1.51
2026-04-14 18:52:00,老庄节制闸,1.51
2026-04-14 18:57:00,老庄节制闸,1.51
2026-04-14 19:02:00,老庄节制闸,1.51
2026-04-14 19:08:00,老庄节制闸,1.51
2026-04-14 19:14:00,老庄节制闸,1.51
2026-04-14 19:19:00,老庄节制闸,1.52
2026-04-14 19:24:00,老庄节制闸,1.51
2026-04-14 19:30:00,老庄节制闸,1.52
2026-04-14 19:35:00,老庄节制闸,1.51
2026-04-14 19:41:00,老庄节制闸,1.52
2026-04-14 19:46:00,老庄节制闸,1.52
2026-04-14 19:51:00,老庄节制闸,1.52
2026-04-14 19:57:00,老庄节制闸,1.52
2026-04-14 20:02:00,老庄节制闸,1.52
2026-04-14 20:07:00,老庄节制闸,1.53
2026-04-14 20:12:00,老庄节制闸,1.52
2026-04-14 20:17:00,老庄节制闸,1.53
2026-04-14 20:22:00,老庄节制闸,1.53
2026-04-14 20:27:00,老庄节制闸,1.53
2026-04-14 20:33:00,老庄节制闸,1.53
2026-04-14 20:39:00,老庄节制闸,1.53
2026-04-14 20:45:00,老庄节制闸,1.53
2026-04-14 20:51:00,老庄节制闸,1.53
2026-04-14 20:56:00,老庄节制闸,1.53
2026-04-14 21:02:00,老庄节制闸,1.53
2026-04-14 21:08:00,老庄节制闸,1.53
2026-04-14 21:13:00,老庄节制闸,1.53
2026-04-14 21:19:00,老庄节制闸,1.54
2026-04-14 21:25:00,老庄节制闸,1.54
2026-04-14 21:30:00,老庄节制闸,1.54
2026-04-14 21:35:00,老庄节制闸,1.54
2026-04-14 21:41:00,老庄节制闸,1.54
2026-04-14 21:47:00,老庄节制闸,1.54
2026-04-14 21:52:00,老庄节制闸,1.54
2026-04-14 21:57:00,老庄节制闸,1.55
2026-04-14 22:02:00,老庄节制闸,1.55
2026-04-14 22:07:00,老庄节制闸,1.55
2026-04-14 22:13:00,老庄节制闸,1.55
2026-04-14 22:19:00,老庄节制闸,1.55
2026-04-14 22:25:00,老庄节制闸,1.55
2026-04-14 22:30:00,老庄节制闸,1.56
2026-04-14 22:35:00,老庄节制闸,1.56
2026-04-14 22:40:00,老庄节制闸,1.56
2026-04-14 22:45:00,老庄节制闸,1.55
2026-04-14 22:50:00,老庄节制闸,1.56
2026-04-14 22:55:00,老庄节制闸,1.56
2026-04-14 23:00:00,老庄节制闸,1.56
2026-04-14 23:04:00,老庄节制闸,1.56
2026-04-14 23:11:00,老庄节制闸,1.57
2026-04-14 23:16:00,老庄节制闸,1.56
2026-04-14 23:21:00,老庄节制闸,1.57
2026-04-14 23:26:00,老庄节制闸,1.56
2026-04-14 23:31:00,老庄节制闸,1.57
2026-04-14 23:37:00,老庄节制闸,1.57
2026-04-14 23:43:00,老庄节制闸,1.58
2026-04-14 23:48:00,老庄节制闸,1.57
2026-04-14 23:53:00,老庄节制闸,1.58
2026-04-14 23:58:00,老庄节制闸,1.58
2026-04-15 00:04:00,老庄节制闸,1.58
2026-04-15 00:10:00,老庄节制闸,1.58
2026-04-15 00:16:00,老庄节制闸,1.59
2026-04-15 00:22:00,老庄节制闸,1.59
2026-04-15 00:27:00,老庄节制闸,1.59
2026-04-15 00:32:00,老庄节制闸,1.59
2026-04-15 00:38:00,老庄节制闸,1.59
2026-04-15 00:44:00,老庄节制闸,1.59
2026-04-15 00:49:00,老庄节制闸,1.6
2026-04-15 00:55:00,老庄节制闸,1.6
2026-04-15 01:00:00,老庄节制闸,1.6
2026-04-15 01:05:00,老庄节制闸,1.6
2026-04-15 01:11:00,老庄节制闸,1.6
2026-04-15 01:16:00,老庄节制闸,1.61
2026-04-15 01:22:00,老庄节制闸,1.61
2026-04-15 01:28:00,老庄节制闸,1.61
2026-04-15 01:34:00,老庄节制闸,1.61
2026-04-15 01:40:00,老庄节制闸,1.62
2026-04-15 01:45:00,老庄节制闸,1.61
2026-04-15 01:51:00,老庄节制闸,1.61
2026-04-15 01:56:00,老庄节制闸,1.62
2026-04-15 02:01:00,老庄节制闸,1.62
2026-04-15 02:07:00,老庄节制闸,1.62
2026-04-15 02:13:00,老庄节制闸,1.62
2026-04-15 02:18:00,老庄节制闸,1.62
2026-04-15 02:23:00,老庄节制闸,1.62
2026-04-15 02:28:00,老庄节制闸,1.63
2026-04-15 02:34:00,老庄节制闸,1.65
2026-04-15 02:39:00,老庄节制闸,1.66
2026-04-15 02:44:00,老庄节制闸,1.67
2026-04-15 02:49:00,老庄节制闸,1.67
2026-04-15 02:55:00,老庄节制闸,1.68
2026-04-15 03:00:00,老庄节制闸,1.69
2026-04-15 03:06:00,老庄节制闸,1.69
2026-04-15 03:11:00,老庄节制闸,1.7
2026-04-15 03:16:00,老庄节制闸,1.71
2026-04-15 03:22:00,老庄节制闸,1.71
2026-04-15 03:27:00,老庄节制闸,1.72
2026-04-15 03:32:00,老庄节制闸,1.73
2026-04-15 03:38:00,老庄节制闸,1.73
2026-04-15 03:43:00,老庄节制闸,1.74
2026-04-15 03:48:00,老庄节制闸,1.75
2026-04-15 03:54:00,老庄节制闸,1.75
2026-04-15 03:59:00,老庄节制闸,1.76
2026-04-15 04:04:00,老庄节制闸,1.77
2026-04-15 04:10:00,老庄节制闸,1.77
2026-04-15 04:15:00,老庄节制闸,1.78
2026-04-15 04:20:00,老庄节制闸,1.78
2026-04-15 04:26:00,老庄节制闸,1.78
2026-04-15 04:31:00,老庄节制闸,1.79
2026-04-15 04:37:00,老庄节制闸,1.79
2026-04-15 04:42:00,老庄节制闸,1.8
2026-04-15 04:48:00,老庄节制闸,1.8
2026-04-15 04:53:00,老庄节制闸,1.81
2026-04-15 04:59:00,老庄节制闸,1.81
2026-04-15 05:04:00,老庄节制闸,1.82
2026-04-15 05:10:00,老庄节制闸,1.83
2026-04-15 05:16:00,老庄节制闸,1.83
2026-04-15 05:21:00,老庄节制闸,1.83
2026-04-15 05:27:00,老庄节制闸,1.84
2026-04-15 05:32:00,老庄节制闸,1.84
2026-04-15 05:38:00,老庄节制闸,1.84
2026-04-15 05:43:00,老庄节制闸,1.85
2026-04-15 05:49:00,老庄节制闸,1.85
2026-04-15 05:54:00,老庄节制闸,1.85
2026-04-15 06:00:00,老庄节制闸,1.86
2026-04-15 06:05:00,老庄节制闸,1.86
2026-04-15 06:11:00,老庄节制闸,1.86
2026-04-15 06:16:00,老庄节制闸,1.86
2026-04-15 06:21:00,老庄节制闸,1.87
2026-04-15 06:26:00,老庄节制闸,1.87
2026-04-15 06:31:00,老庄节制闸,1.87
2026-04-15 06:36:00,老庄节制闸,1.87
2026-04-15 06:41:00,老庄节制闸,1.87
2026-04-15 06:47:00,老庄节制闸,1.88
2026-04-15 06:53:00,老庄节制闸,1.88
2026-04-15 06:58:00,老庄节制闸,1.88
2026-04-15 07:04:00,老庄节制闸,1.88
2026-04-15 07:09:00,老庄节制闸,1.88
2026-04-15 07:15:00,老庄节制闸,1.89
2026-04-15 07:20:00,老庄节制闸,1.89
2026-04-15 07:25:00,老庄节制闸,1.89
2026-04-15 07:30:00,老庄节制闸,1.9
2026-04-15 07:35:00,老庄节制闸,1.9
2026-04-15 07:41:00,老庄节制闸,1.91
2026-04-15 07:47:00,老庄节制闸,1.89
2026-04-15 07:52:00,老庄节制闸,1.89
2026-04-15 07:58:00,老庄节制闸,1.89
2026-04-15 08:04:00,老庄节制闸,1.89
2026-04-15 08:09:00,老庄节制闸,1.9
2026-04-15 08:14:00,老庄节制闸,1.88
2026-04-15 08:20:00,老庄节制闸,1.88
2026-04-15 08:26:00,老庄节制闸,1.88
2026-04-15 08:31:00,老庄节制闸,1.88
2026-04-15 08:36:00,老庄节制闸,1.88
2026-04-15 08:41:00,老庄节制闸,1.88
2026-04-15 08:47:00,老庄节制闸,1.87
2026-04-15 08:53:00,老庄节制闸,1.87
2026-04-15 08:58:00,老庄节制闸,1.87
2026-04-15 09:03:00,老庄节制闸,1.87
2026-04-15 09:08:00,老庄节制闸,1.87
2026-04-15 09:13:00,老庄节制闸,1.87
2026-04-15 09:18:00,老庄节制闸,1.87
2026-04-15 09:24:00,老庄节制闸,1.86
2026-04-15 09:29:00,老庄节制闸,1.86
2026-04-15 09:34:00,老庄节制闸,1.87
2026-04-15 09:39:00,老庄节制闸,1.87
2026-04-15 09:45:00,老庄节制闸,1.86
2026-04-15 09:50:00,老庄节制闸,1.88
2026-04-15 09:55:00,老庄节制闸,1.88
2026-04-15 10:01:00,老庄节制闸,1.89
2026-04-15 10:06:00,老庄节制闸,1.88
2026-04-15 10:12:00,老庄节制闸,1.89
2026-04-15 10:17:00,老庄节制闸,1.89
2026-04-15 10:23:00,老庄节制闸,1.89
2026-04-15 10:28:00,老庄节制闸,1.9
2026-04-15 10:34:00,老庄节制闸,1.9
2026-04-15 10:39:00,老庄节制闸,1.9
2026-04-15 10:45:00,老庄节制闸,1.91
2026-04-15 10:50:00,老庄节制闸,1.91
2026-04-15 10:55:00,老庄节制闸,1.91
2026-04-15 11:01:00,老庄节制闸,1.91
2026-04-15 11:06:00,老庄节制闸,1.92
2026-04-15 11:11:00,老庄节制闸,1.92
2026-04-15 11:17:00,老庄节制闸,1.92
2026-04-15 11:22:00,老庄节制闸,1.92
2026-04-15 11:27:00,老庄节制闸,1.92
2026-04-15 11:32:00,老庄节制闸,1.93
2026-04-15 11:38:00,老庄节制闸,1.93
2026-04-15 11:43:00,老庄节制闸,1.93
2026-04-15 11:49:00,老庄节制闸,1.93
2026-04-15 11:54:00,老庄节制闸,1.93
2026-04-15 11:59:00,老庄节制闸,1.94
2026-04-15 12:04:00,老庄节制闸,1.94
2026-04-15 12:09:00,老庄节制闸,1.95
2026-04-15 12:15:00,老庄节制闸,1.94
2026-04-15 12:21:00,老庄节制闸,1.94
2026-04-15 12:26:00,老庄节制闸,1.94
2026-04-15 12:31:00,老庄节制闸,1.95
2026-04-15 12:36:00,老庄节制闸,1.95
2026-04-15 12:41:00,老庄节制闸,1.94
2026-04-15 12:47:00,老庄节制闸,1.95
2026-04-15 12:52:00,老庄节制闸,1.94
2026-04-15 12:58:00,老庄节制闸,1.95
2026-04-15 13:03:00,老庄节制闸,1.95
2026-04-15 13:09:00,老庄节制闸,1.95
2026-04-15 13:14:00,老庄节制闸,1.95
2026-04-15 13:19:00,老庄节制闸,1.95
2026-04-15 13:25:00,老庄节制闸,1.96
2026-04-15 13:30:00,老庄节制闸,1.95
2026-04-15 13:35:00,老庄节制闸,1.96
2026-04-15 13:40:00,老庄节制闸,1.96
2026-04-15 13:46:00,老庄节制闸,1.96
2026-04-15 13:51:00,老庄节制闸,1.96
2026-04-15 13:56:00,老庄节制闸,1.96
2026-04-15 14:01:00,老庄节制闸,1.96
2026-04-15 14:06:00,老庄节制闸,1.96
2026-04-15 14:12:00,老庄节制闸,1.96
2026-04-15 14:18:00,老庄节制闸,1.96
2026-04-15 14:23:00,老庄节制闸,1.97
2026-04-15 14:28:00,老庄节制闸,1.96
2026-04-15 14:34:00,老庄节制闸,1.96
2026-04-15 14:40:00,老庄节制闸,1.97
2026-04-15 14:46:00,老庄节制闸,1.97
2026-04-15 14:52:00,老庄节制闸,1.97
2026-04-15 14:57:00,老庄节制闸,1.97
2026-04-15 15:02:00,老庄节制闸,1.97
2026-04-15 15:07:00,老庄节制闸,1.97
2026-04-15 15:13:00,老庄节制闸,1.97
2026-04-15 15:18:00,老庄节制闸,1.97
2026-04-15 15:23:00,老庄节制闸,1.97
2026-04-15 15:29:00,老庄节制闸,1.98
2026-04-15 15:34:00,老庄节制闸,1.98
2026-04-15 15:39:00,老庄节制闸,1.97
2026-04-15 15:45:00,老庄节制闸,1.98
2026-04-15 15:50:00,老庄节制闸,1.98
2026-04-15 15:56:00,老庄节制闸,1.98
2026-04-15 16:01:00,老庄节制闸,1.98
2026-04-15 16:07:00,老庄节制闸,1.98
2026-04-15 16:12:00,老庄节制闸,1.98
2026-04-15 16:17:00,老庄节制闸,1.98
2026-04-15 16:23:00,老庄节制闸,1.98
2026-04-15 16:28:00,老庄节制闸,1.98
2026-04-15 16:33:00,老庄节制闸,1.98
2026-04-15 16:38:00,老庄节制闸,1.98
2026-04-15 16:43:00,老庄节制闸,1.98
2026-04-15 16:48:00,老庄节制闸,1.92
2026-04-15 16:54:00,老庄节制闸,1.89
2026-04-15 16:59:00,老庄节制闸,1.88
2026-04-15 17:05:00,老庄节制闸,1.86
2026-04-15 17:10:00,老庄节制闸,1.85
2026-04-15 17:15:00,老庄节制闸,1.84
2026-04-15 17:20:00,老庄节制闸,1.82
2026-04-15 17:25:00,老庄节制闸,1.81
2026-04-15 17:31:00,老庄节制闸,1.78
2026-04-15 17:37:00,老庄节制闸,1.76
2026-04-15 17:43:00,老庄节制闸,1.74
2026-04-15 17:48:00,老庄节制闸,1.73
2026-04-15 17:53:00,老庄节制闸,1.7
2026-04-15 17:58:00,老庄节制闸,1.69
2026-04-15 18:03:00,老庄节制闸,1.68
2026-04-15 18:08:00,老庄节制闸,1.67
2026-04-15 18:14:00,老庄节制闸,1.64
2026-04-15 18:19:00,老庄节制闸,1.63
2026-04-15 18:25:00,老庄节制闸,1.61
2026-04-15 18:30:00,老庄节制闸,1.6
2026-04-15 18:36:00,老庄节制闸,1.58
2026-04-15 18:41:00,老庄节制闸,1.57
2026-04-15 18:47:00,老庄节制闸,1.55
2026-04-15 18:52:00,老庄节制闸,1.54
2026-04-15 18:57:00,老庄节制闸,1.52
2026-04-15 19:03:00,老庄节制闸,1.51
2026-04-15 19:08:00,老庄节制闸,1.49
2026-04-15 19:14:00,老庄节制闸,1.48
2026-04-15 19:19:00,老庄节制闸,1.46
2026-04-15 19:25:00,老庄节制闸,1.44
2026-04-15 19:31:00,老庄节制闸,1.43
2026-04-15 19:37:00,老庄节制闸,1.41
2026-04-15 19:42:00,老庄节制闸,1.4
2026-04-15 19:47:00,老庄节制闸,1.39
2026-04-15 19:52:00,老庄节制闸,1.38
2026-04-15 19:58:00,老庄节制闸,1.36
2026-04-15 20:03:00,老庄节制闸,1.35
2026-04-15 20:09:00,老庄节制闸,1.33
2026-04-15 20:14:00,老庄节制闸,1.32
2026-04-15 20:19:00,老庄节制闸,1.31
2026-04-15 20:24:00,老庄节制闸,1.3
2026-04-15 20:30:00,老庄节制闸,1.29
2026-04-15 20:35:00,老庄节制闸,1.28
2026-04-15 20:41:00,老庄节制闸,1.27
2026-04-15 20:46:00,老庄节制闸,1.26
2026-04-15 20:51:00,老庄节制闸,1.25
2026-04-15 20:56:00,老庄节制闸,1.24
2026-04-15 21:02:00,老庄节制闸,1.23
2026-04-15 21:07:00,老庄节制闸,1.22
2026-04-15 21:12:00,老庄节制闸,1.21
2026-04-15 21:17:00,老庄节制闸,1.2
2026-04-15 21:23:00,老庄节制闸,1.19
2026-04-15 21:28:00,老庄节制闸,1.18
2026-04-15 21:34:00,老庄节制闸,1.17
2026-04-15 21:39:00,老庄节制闸,1.16
2026-04-15 21:45:00,老庄节制闸,1.15
2026-04-15 21:51:00,老庄节制闸,1.14
2026-04-15 21:57:00,老庄节制闸,1.13
2026-04-15 22:03:00,老庄节制闸,1.12
2026-04-15 22:09:00,老庄节制闸,1.11
2026-04-15 22:15:00,老庄节制闸,1.1
2026-04-15 22:20:00,老庄节制闸,1.09
2026-04-15 22:25:00,老庄节制闸,1.08
2026-04-15 22:30:00,老庄节制闸,1.07
2026-04-15 22:35:00,老庄节制闸,1.06
2026-04-15 22:41:00,老庄节制闸,1.06
2026-04-15 22:47:00,老庄节制闸,1.05
2026-04-15 22:53:00,老庄节制闸,1.03
2026-04-15 22:59:00,老庄节制闸,1.02
2026-04-15 23:03:00,老庄节制闸,1.02
2026-04-15 23:10:00,老庄节制闸,1.0
2026-04-15 23:15:00,老庄节制闸,0.99
2026-04-15 23:21:00,老庄节制闸,0.98
2026-04-15 23:26:00,老庄节制闸,0.97
2026-04-15 23:32:00,老庄节制闸,0.96
2026-04-15 23:38:00,老庄节制闸,0.95
2026-04-15 23:43:00,老庄节制闸,0.94
2026-04-15 23:48:00,老庄节制闸,0.93
2026-04-15 23:54:00,老庄节制闸,0.92
2026-04-15 23:59:00,老庄节制闸,0.91
2026-04-16 00:04:00,老庄节制闸,0.9
2026-04-16 00:09:00,老庄节制闸,0.9
2026-04-16 00:15:00,老庄节制闸,0.89
2026-04-16 00:20:00,老庄节制闸,0.88
2026-04-16 00:25:00,老庄节制闸,0.87
2026-04-16 00:31:00,老庄节制闸,0.86
2026-04-16 00:36:00,老庄节制闸,0.85
2026-04-16 00:42:00,老庄节制闸,0.85
2026-04-16 00:47:00,老庄节制闸,0.84
2026-04-16 00:53:00,老庄节制闸,0.83
2026-04-16 00:58:00,老庄节制闸,0.85
2026-04-16 01:03:00,老庄节制闸,0.88
2026-04-16 01:09:00,老庄节制闸,0.9
2026-04-16 01:14:00,老庄节制闸,0.93
2026-04-16 01:19:00,老庄节制闸,0.96
2026-04-16 01:24:00,老庄节制闸,0.99
2026-04-16 01:29:00,老庄节制闸,1.02
2026-04-16 01:34:00,老庄节制闸,1.05
2026-04-16 01:40:00,老庄节制闸,1.08
2026-04-16 01:46:00,老庄节制闸,1.11
2026-04-16 01:51:00,老庄节制闸,1.13
2026-04-16 01:57:00,老庄节制闸,1.15
2026-04-16 02:03:00,老庄节制闸,1.18
2026-04-16 02:08:00,老庄节制闸,1.2
2026-04-16 02:13:00,老庄节制闸,1.21
2026-04-16 02:19:00,老庄节制闸,1.23
2026-04-16 02:24:00,老庄节制闸,1.25
2026-04-16 02:30:00,老庄节制闸,1.26
2026-04-16 02:35:00,老庄节制闸,1.27
2026-04-16 02:41:00,老庄节制闸,1.29
2026-04-16 02:46:00,老庄节制闸,1.3
2026-04-16 02:51:00,老庄节制闸,1.31
2026-04-16 02:57:00,老庄节制闸,1.32
2026-04-16 03:03:00,老庄节制闸,1.33
2026-04-16 03:08:00,老庄节制闸,1.34
2026-04-16 03:13:00,老庄节制闸,1.35
2026-04-16 03:19:00,老庄节制闸,1.35
2026-04-16 03:24:00,老庄节制闸,1.36
2026-04-16 03:29:00,老庄节制闸,1.36
2026-04-16 03:34:00,老庄节制闸,1.37
2026-04-16 03:40:00,老庄节制闸,1.38
2026-04-16 03:45:00,老庄节制闸,1.39
2026-04-16 03:50:00,老庄节制闸,1.4
2026-04-16 03:56:00,老庄节制闸,1.4
2026-04-16 04:01:00,老庄节制闸,1.41
2026-04-16 04:07:00,老庄节制闸,1.41
2026-04-16 04:13:00,老庄节制闸,1.42
2026-04-16 04:18:00,老庄节制闸,1.42
2026-04-16 04:23:00,老庄节制闸,1.43
2026-04-16 04:28:00,老庄节制闸,1.43
2026-04-16 04:33:00,老庄节制闸,1.44
2026-04-16 04:39:00,老庄节制闸,1.44
2026-04-16 04:44:00,老庄节制闸,1.45
2026-04-16 04:49:00,老庄节制闸,1.45
2026-04-16 04:54:00,老庄节制闸,1.45
2026-04-16 04:59:00,老庄节制闸,1.46
2026-04-16 05:05:00,老庄节制闸,1.47
2026-04-16 05:10:00,老庄节制闸,1.47
2026-04-16 05:16:00,老庄节制闸,1.48
2026-04-16 05:21:00,老庄节制闸,1.48
2026-04-16 05:26:00,老庄节制闸,1.49
2026-04-16 05:32:00,老庄节制闸,1.49
2026-04-16 05:37:00,老庄节制闸,1.5
2026-04-16 05:42:00,老庄节制闸,1.49
2026-04-16 05:48:00,老庄节制闸,1.5
2026-04-16 05:54:00,老庄节制闸,1.5
2026-04-16 06:00:00,老庄节制闸,1.51
2026-04-16 06:06:00,老庄节制闸,1.51
2026-04-16 06:12:00,老庄节制闸,1.52
2026-04-16 06:17:00,老庄节制闸,1.52
2026-04-16 06:23:00,老庄节制闸,1.53
2026-04-16 06:28:00,老庄节制闸,1.53
2026-04-16 06:45:00,老庄节制闸,1.54
2026-04-16 06:51:00,老庄节制闸,1.56
2026-04-16 06:56:00,老庄节制闸,1.58
2026-04-16 08:06:00,老庄节制闸,1.7
2026-04-16 08:11:00,老庄节制闸,1.71
2026-04-16 08:16:00,老庄节制闸,1.72
2026-04-16 08:22:00,老庄节制闸,1.72
2026-04-16 08:28:00,老庄节制闸,1.72
2026-04-16 08:33:00,老庄节制闸,1.66
2026-04-16 08:38:00,老庄节制闸,1.64
2026-04-16 08:44:00,老庄节制闸,1.63
2026-04-16 08:49:00,老庄节制闸,1.62
2026-04-16 08:55:00,老庄节制闸,1.6
2026-04-16 09:00:00,老庄节制闸,1.59
2026-04-16 09:05:00,老庄节制闸,1.58
2026-04-16 09:11:00,老庄节制闸,1.57
2026-04-16 09:16:00,老庄节制闸,1.55
2026-04-16 09:21:00,老庄节制闸,1.54
2026-04-16 09:27:00,老庄节制闸,1.52
2026-04-16 09:32:00,老庄节制闸,1.51
2026-04-16 09:38:00,老庄节制闸,1.5
2026-04-16 09:44:00,老庄节制闸,1.49
2026-04-16 09:49:00,老庄节制闸,1.48
2026-04-16 09:54:00,老庄节制闸,1.46
2026-04-16 10:00:00,老庄节制闸,1.45
2026-04-16 10:05:00,老庄节制闸,1.44
2026-04-16 10:11:00,老庄节制闸,1.42
2026-04-16 10:17:00,老庄节制闸,1.41
2026-04-16 10:22:00,老庄节制闸,1.4
2026-04-16 10:27:00,老庄节制闸,1.4
2026-04-16 10:32:00,老庄节制闸,1.39
2026-04-16 10:38:00,老庄节制闸,1.39
2026-04-16 10:43:00,老庄节制闸,1.38
2026-04-16 10:49:00,老庄节制闸,1.37
2026-04-16 10:55:00,老庄节制闸,1.36
2026-04-16 11:00:00,老庄节制闸,1.35
2026-04-16 11:06:00,老庄节制闸,1.34
2026-04-16 11:12:00,老庄节制闸,1.33
2026-04-16 11:18:00,老庄节制闸,1.32
2026-04-16 11:23:00,老庄节制闸,1.32
2026-04-16 11:28:00,老庄节制闸,1.31
2026-04-16 11:33:00,老庄节制闸,1.3
2026-04-16 11:39:00,老庄节制闸,1.29
2026-04-16 11:44:00,老庄节制闸,1.28
2026-04-16 11:49:00,老庄节制闸,1.27
2026-04-16 11:54:00,老庄节制闸,1.27
2026-04-16 11:59:00,老庄节制闸,1.26
2026-04-16 12:04:00,老庄节制闸,1.25
2026-04-16 12:09:00,老庄节制闸,1.26
2026-04-16 12:14:00,老庄节制闸,1.26
2026-04-16 12:20:00,老庄节制闸,1.25
2026-04-16 12:25:00,老庄节制闸,1.24
2026-04-16 12:31:00,老庄节制闸,1.24
2026-04-16 12:36:00,老庄节制闸,1.24
2026-04-16 12:42:00,老庄节制闸,1.23
2026-04-16 12:48:00,老庄节制闸,1.23
2026-04-16 12:54:00,老庄节制闸,1.22
2026-04-16 13:00:00,老庄节制闸,1.22
2026-04-16 13:06:00,老庄节制闸,1.21
2026-04-16 13:11:00,老庄节制闸,1.2
2026-04-16 13:17:00,老庄节制闸,1.2
2026-04-16 13:22:00,老庄节制闸,1.2
2026-04-16 13:27:00,老庄节制闸,1.19
2026-04-16 13:32:00,老庄节制闸,1.18
2026-04-16 13:38:00,老庄节制闸,1.18
2026-04-16 13:43:00,老庄节制闸,1.17
2026-04-16 13:49:00,老庄节制闸,1.17
2026-04-16 13:54:00,老庄节制闸,1.16
2026-04-16 13:59:00,老庄节制闸,1.16
2026-04-16 14:04:00,老庄节制闸,1.15
2026-04-16 14:09:00,老庄节制闸,1.14
2026-04-16 14:15:00,老庄节制闸,1.14
2026-04-16 14:20:00,老庄节制闸,1.13
2026-04-16 14:25:00,老庄节制闸,1.13
2026-04-16 14:31:00,老庄节制闸,1.12
2026-04-16 14:37:00,老庄节制闸,1.12
2026-04-16 14:43:00,老庄节制闸,1.11
2026-04-16 14:48:00,老庄节制闸,1.1
2026-04-16 14:53:00,老庄节制闸,1.12
2026-04-16 14:59:00,老庄节制闸,1.12
2026-04-16 15:05:00,老庄节制闸,1.12
2026-04-16 15:11:00,老庄节制闸,1.12
2026-04-16 15:17:00,老庄节制闸,1.12
2026-04-16 15:22:00,老庄节制闸,1.12
2026-04-16 15:27:00,老庄节制闸,1.12
2026-04-16 15:33:00,老庄节制闸,1.12
2026-04-16 15:38:00,老庄节制闸,1.11
2026-04-16 15:43:00,老庄节制闸,1.11
2026-04-16 15:48:00,老庄节制闸,1.12
2026-04-16 15:54:00,老庄节制闸,1.12
2026-04-16 16:00:00,老庄节制闸,1.11
2026-04-16 16:05:00,老庄节制闸,1.11
2026-04-16 16:11:00,老庄节制闸,1.11
2026-04-16 16:16:00,老庄节制闸,1.11
2026-04-16 16:22:00,老庄节制闸,0.96
2026-04-16 16:27:00,老庄节制闸,0.91
2026-04-16 16:33:00,老庄节制闸,0.88
2026-04-16 16:38:00,老庄节制闸,0.86
2026-04-16 16:43:00,老庄节制闸,0.85
2026-04-16 16:48:00,老庄节制闸,0.84
2026-04-16 16:53:00,老庄节制闸,0.82
2026-04-16 16:59:00,老庄节制闸,0.8
2026-04-16 17:04:00,老庄节制闸,0.79
2026-04-16 17:09:00,老庄节制闸,0.78
2026-04-16 17:14:00,老庄节制闸,0.77
2026-04-16 17:19:00,老庄节制闸,0.76
2026-04-16 17:25:00,老庄节制闸,0.75
2026-04-16 17:30:00,老庄节制闸,0.75
2026-04-16 17:35:00,老庄节制闸,0.74
2026-04-16 17:40:00,老庄节制闸,0.78
2026-04-16 17:45:00,老庄节制闸,0.8
2026-04-16 17:51:00,老庄节制闸,0.83
2026-04-16 17:57:00,老庄节制闸,0.82
2026-04-16 18:02:00,老庄节制闸,0.84
2026-04-16 18:08:00,老庄节制闸,0.83
2026-04-16 18:14:00,老庄节制闸,0.86
2026-04-16 18:19:00,老庄节制闸,0.89
2026-04-16 18:24:00,老庄节制闸,0.92
2026-04-16 18:29:00,老庄节制闸,0.95
2026-04-16 18:34:00,老庄节制闸,0.97
2026-04-16 18:39:00,老庄节制闸,1.0
2026-04-16 18:45:00,老庄节制闸,1.03
2026-04-16 18:50:00,老庄节制闸,1.05
2026-04-16 18:56:00,老庄节制闸,1.05
2026-04-16 19:02:00,老庄节制闸,1.05
2026-04-16 19:07:00,老庄节制闸,1.04
2026-04-16 19:12:00,老庄节制闸,1.05
2026-04-16 19:18:00,老庄节制闸,1.05
2026-04-16 19:23:00,老庄节制闸,1.06
2026-04-16 19:28:00,老庄节制闸,1.07
2026-04-16 19:33:00,老庄节制闸,1.07
2026-04-16 19:38:00,老庄节制闸,1.07
2026-04-16 19:44:00,老庄节制闸,1.08
2026-04-16 19:49:00,老庄节制闸,1.08
2026-04-16 19:55:00,老庄节制闸,1.08
2026-04-16 20:00:00,老庄节制闸,1.08
2026-04-16 20:05:00,老庄节制闸,1.09
2026-04-16 20:10:00,老庄节制闸,1.09
2026-04-16 20:16:00,老庄节制闸,1.09
2026-04-16 20:22:00,老庄节制闸,1.09
2026-04-16 20:28:00,老庄节制闸,1.09
2026-04-16 20:34:00,老庄节制闸,1.1
2026-04-16 20:39:00,老庄节制闸,1.1
2026-04-16 20:45:00,老庄节制闸,1.1
2026-04-16 20:50:00,老庄节制闸,1.09
2026-04-16 20:55:00,老庄节制闸,1.09
2026-04-16 21:00:00,老庄节制闸,1.09
2026-04-16 21:05:00,老庄节制闸,1.09
2026-04-16 21:10:00,老庄节制闸,1.09
2026-04-16 21:15:00,老庄节制闸,1.09
2026-04-16 21:21:00,老庄节制闸,1.09
2026-04-16 21:27:00,老庄节制闸,1.09
2026-04-16 21:32:00,老庄节制闸,1.09
2026-04-16 21:37:00,老庄节制闸,1.09
2026-04-16 21:43:00,老庄节制闸,1.09
2026-04-16 21:48:00,老庄节制闸,1.09
2026-04-16 21:54:00,老庄节制闸,1.09
2026-04-16 21:59:00,老庄节制闸,1.09
2026-04-16 22:05:00,老庄节制闸,1.08
2026-04-16 22:10:00,老庄节制闸,1.09
2026-04-16 22:15:00,老庄节制闸,1.09
2026-04-16 22:21:00,老庄节制闸,1.09
2026-04-16 22:26:00,老庄节制闸,1.09
2026-04-16 22:31:00,老庄节制闸,1.09
2026-04-16 22:37:00,老庄节制闸,1.09
2026-04-16 22:42:00,老庄节制闸,1.09
2026-04-16 22:48:00,老庄节制闸,1.09
2026-04-16 22:53:00,老庄节制闸,1.1
2026-04-16 22:58:00,老庄节制闸,1.1
2026-04-16 23:02:00,老庄节制闸,1.1
2026-04-16 23:09:00,老庄节制闸,1.09
2026-04-16 23:15:00,老庄节制闸,1.1
2026-04-16 23:20:00,老庄节制闸,1.1
2026-04-16 23:26:00,老庄节制闸,1.1
2026-04-16 23:32:00,老庄节制闸,1.1
2026-04-16 23:37:00,老庄节制闸,1.1
2026-04-16 23:42:00,老庄节制闸,1.1
2026-04-16 23:48:00,老庄节制闸,1.1
2026-04-16 23:54:00,老庄节制闸,1.1
2026-04-17 00:00:00,老庄节制闸,1.1
2026-04-17 00:05:00,老庄节制闸,1.1
2026-04-17 00:11:00,老庄节制闸,1.1
2026-04-17 00:16:00,老庄节制闸,1.1
2026-04-17 00:21:00,老庄节制闸,1.1
2026-04-17 00:27:00,老庄节制闸,1.1
2026-04-17 00:32:00,老庄节制闸,1.1
2026-04-17 00:37:00,老庄节制闸,1.1
2026-04-17 00:42:00,老庄节制闸,1.1
2026-04-17 00:48:00,老庄节制闸,1.1
2026-04-17 00:53:00,老庄节制闸,1.1
2026-04-17 00:58:00,老庄节制闸,1.1
2026-04-17 01:04:00,老庄节制闸,1.1
2026-04-17 01:09:00,老庄节制闸,1.1
2026-04-17 01:14:00,老庄节制闸,1.1
2026-04-17 01:20:00,老庄节制闸,1.1
2026-04-17 01:26:00,老庄节制闸,1.1
2026-04-17 01:31:00,老庄节制闸,1.1
2026-04-17 01:37:00,老庄节制闸,1.1
2026-04-17 01:43:00,老庄节制闸,1.1
2026-04-17 01:48:00,老庄节制闸,1.11
2026-04-17 01:54:00,老庄节制闸,1.11
2026-04-17 01:59:00,老庄节制闸,1.1
2026-04-17 02:04:00,老庄节制闸,1.11
2026-04-17 02:09:00,老庄节制闸,1.11
2026-04-17 02:14:00,老庄节制闸,1.11
2026-04-17 02:19:00,老庄节制闸,1.11
2026-04-17 02:24:00,老庄节制闸,1.11
2026-04-17 02:30:00,老庄节制闸,1.02
2026-04-17 02:36:00,老庄节制闸,1.0
2026-04-17 02:42:00,老庄节制闸,0.98
2026-04-17 02:48:00,老庄节制闸,0.97
2026-04-17 02:54:00,老庄节制闸,0.96
2026-04-17 02:59:00,老庄节制闸,0.96
2026-04-17 03:04:00,老庄节制闸,0.95
2026-04-17 03:09:00,老庄节制闸,0.96
2026-04-17 03:14:00,老庄节制闸,0.99
2026-04-17 03:20:00,老庄节制闸,1.01
2026-04-17 03:25:00,老庄节制闸,1.03
2026-04-17 03:30:00,老庄节制闸,1.04
2026-04-17 03:36:00,老庄节制闸,1.07
2026-04-17 03:42:00,老庄节制闸,1.09
2026-04-17 03:47:00,老庄节制闸,1.1
2026-04-17 03:52:00,老庄节制闸,1.11
2026-04-17 03:57:00,老庄节制闸,1.12
2026-04-17 04:02:00,老庄节制闸,1.13
2026-04-17 04:08:00,老庄节制闸,1.14
2026-04-17 04:14:00,老庄节制闸,1.15
2026-04-17 04:20:00,老庄节制闸,1.16
2026-04-17 04:25:00,老庄节制闸,1.17
2026-04-17 04:30:00,老庄节制闸,1.17
2026-04-17 04:35:00,老庄节制闸,1.18
2026-04-17 04:41:00,老庄节制闸,1.18
2026-04-17 04:47:00,老庄节制闸,1.19
2026-04-17 04:53:00,老庄节制闸,1.19
2026-04-17 04:58:00,老庄节制闸,1.2
2026-04-17 05:03:00,老庄节制闸,1.28
2026-04-17 05:08:00,老庄节制闸,1.31
2026-04-17 05:13:00,老庄节制闸,1.36
2026-04-17 05:18:00,老庄节制闸,1.38
2026-04-17 05:24:00,老庄节制闸,1.41
2026-04-17 05:30:00,老庄节制闸,1.43
2026-04-17 05:36:00,老庄节制闸,1.44
2026-04-17 05:41:00,老庄节制闸,1.46
2026-04-17 05:47:00,老庄节制闸,1.47
2026-04-17 05:53:00,老庄节制闸,1.48
2026-04-17 05:58:00,老庄节制闸,1.46
2026-04-17 06:04:00,老庄节制闸,1.47
2026-04-17 06:09:00,老庄节制闸,1.48
2026-04-17 06:14:00,老庄节制闸,1.49
2026-04-17 06:20:00,老庄节制闸,1.48
2026-04-17 06:25:00,老庄节制闸,1.49
2026-04-17 06:30:00,老庄节制闸,1.49
2026-04-17 06:36:00,老庄节制闸,1.49
2026-04-17 06:41:00,老庄节制闸,1.46
2026-04-17 06:46:00,老庄节制闸,1.46
2026-04-17 06:51:00,老庄节制闸,1.46
2026-04-17 06:56:00,老庄节制闸,1.44
2026-04-17 07:02:00,老庄节制闸,1.44
2026-04-17 07:07:00,老庄节制闸,1.45
2026-04-17 07:12:00,老庄节制闸,1.44
2026-04-17 07:17:00,老庄节制闸,1.43
2026-04-17 07:22:00,老庄节制闸,1.44
2026-04-17 07:28:00,老庄节制闸,1.44
2026-04-17 07:33:00,老庄节制闸,1.43
2026-04-17 07:39:00,老庄节制闸,1.43
2026-04-17 07:45:00,老庄节制闸,1.42
2026-04-17 07:51:00,老庄节制闸,1.42
2026-04-17 07:56:00,老庄节制闸,1.42
2026-04-17 08:01:00,老庄节制闸,1.41
2026-04-17 08:07:00,老庄节制闸,1.41
2026-04-17 08:13:00,老庄节制闸,1.41
2026-04-17 08:18:00,老庄节制闸,1.4
2026-04-17 08:23:00,老庄节制闸,1.41
2026-04-17 08:28:00,老庄节制闸,1.42
2026-04-17 08:34:00,老庄节制闸,1.41
2026-04-17 08:39:00,老庄节制闸,1.41
2026-04-17 08:45:00,老庄节制闸,1.42
2026-04-17 08:51:00,老庄节制闸,1.42
2026-04-17 08:56:00,老庄节制闸,1.41
2026-04-17 09:01:00,老庄节制闸,1.43
2026-04-17 09:06:00,老庄节制闸,1.43
2026-04-17 09:12:00,老庄节制闸,1.43
2026-04-17 09:17:00,老庄节制闸,1.43
2026-04-17 09:22:00,老庄节制闸,1.43
2026-04-17 09:27:00,老庄节制闸,1.42
2026-04-17 09:33:00,老庄节制闸,1.44
2026-04-17 09:39:00,老庄节制闸,1.44
2026-04-17 09:44:00,老庄节制闸,1.45
2026-04-17 09:49:00,老庄节制闸,1.45
2026-04-17 09:54:00,老庄节制闸,1.45
2026-04-17 09:59:00,老庄节制闸,1.44
2026-04-17 10:05:00,老庄节制闸,1.42
2026-04-17 10:10:00,老庄节制闸,1.44
2026-04-17 10:16:00,老庄节制闸,1.43
2026-04-17 10:21:00,老庄节制闸,1.42
2026-04-17 10:26:00,老庄节制闸,1.42
2026-04-17 10:32:00,老庄节制闸,1.41
2026-04-17 10:38:00,老庄节制闸,1.42
2026-04-17 10:43:00,老庄节制闸,1.42
2026-04-17 10:49:00,老庄节制闸,1.4
2026-04-17 10:55:00,老庄节制闸,1.41
2026-04-17 11:01:00,老庄节制闸,1.4
2026-04-17 11:07:00,老庄节制闸,1.4
2026-04-17 11:13:00,老庄节制闸,1.41
2026-04-17 11:19:00,老庄节制闸,1.41
2026-04-17 11:24:00,老庄节制闸,1.4
2026-04-17 11:29:00,老庄节制闸,1.4
2026-04-17 11:34:00,老庄节制闸,1.4
2026-04-17 11:40:00,老庄节制闸,1.39
2026-04-17 11:46:00,老庄节制闸,1.38
2026-04-17 11:51:00,老庄节制闸,1.38
2026-04-17 11:57:00,老庄节制闸,1.4
2026-04-17 12:03:00,老庄节制闸,1.38
2026-04-17 12:08:00,老庄节制闸,1.39
2026-04-17 12:13:00,老庄节制闸,1.39
2026-04-17 12:19:00,老庄节制闸,1.38
2026-04-17 12:25:00,老庄节制闸,1.38
2026-04-17 12:30:00,老庄节制闸,1.39
2026-04-17 12:36:00,老庄节制闸,1.39
2026-04-17 12:41:00,老庄节制闸,1.39
2026-04-17 12:47:00,老庄节制闸,1.38
2026-04-17 12:52:00,老庄节制闸,1.37
2026-04-17 12:58:00,老庄节制闸,1.37
2026-04-17 13:03:00,老庄节制闸,1.37
2026-04-17 13:08:00,老庄节制闸,1.37
2026-04-17 13:14:00,老庄节制闸,1.38
2026-04-17 13:19:00,老庄节制闸,1.36
2026-04-17 13:25:00,老庄节制闸,1.36
2026-04-17 13:30:00,老庄节制闸,1.37
2026-04-17 13:35:00,老庄节制闸,1.35
2026-04-17 13:41:00,老庄节制闸,1.37
2026-04-17 13:46:00,老庄节制闸,1.36
2026-04-17 13:52:00,老庄节制闸,1.38
2026-04-17 13:58:00,老庄节制闸,1.39
2026-04-17 14:03:00,老庄节制闸,1.37
2026-04-17 14:09:00,老庄节制闸,1.38
2026-04-17 14:14:00,老庄节制闸,1.38
2026-04-17 14:19:00,老庄节制闸,1.39
2026-04-17 14:25:00,老庄节制闸,1.4
2026-04-17 14:30:00,老庄节制闸,1.4
2026-04-17 14:35:00,老庄节制闸,1.4
2026-04-17 14:40:00,老庄节制闸,1.4
2026-04-17 14:46:00,老庄节制闸,1.4
2026-04-17 14:52:00,老庄节制闸,1.39
2026-04-17 14:57:00,老庄节制闸,1.41
2026-04-17 15:02:00,老庄节制闸,1.39
2026-04-17 15:07:00,老庄节制闸,1.41
2026-04-17 15:13:00,老庄节制闸,1.41
2026-04-17 15:18:00,老庄节制闸,1.41
2026-04-17 15:23:00,老庄节制闸,1.41
2026-04-17 15:29:00,老庄节制闸,1.42
2026-04-17 15:34:00,老庄节制闸,1.42
2026-04-17 15:40:00,老庄节制闸,1.41
2026-04-17 15:45:00,老庄节制闸,1.4
2026-04-17 15:50:00,老庄节制闸,1.42
2026-04-17 15:55:00,老庄节制闸,1.42
2026-04-17 16:00:00,老庄节制闸,1.42
2026-04-17 16:05:00,老庄节制闸,1.4
2026-04-17 16:11:00,老庄节制闸,1.42
2026-04-17 16:16:00,老庄节制闸,1.43
2026-04-17 16:21:00,老庄节制闸,1.44
2026-04-17 16:26:00,老庄节制闸,1.45
2026-04-17 16:31:00,老庄节制闸,1.46
2026-04-17 16:37:00,老庄节制闸,1.47
2026-04-17 16:43:00,老庄节制闸,1.47
2026-04-17 16:49:00,老庄节制闸,1.47
2026-04-17 16:54:00,老庄节制闸,1.48
2026-04-17 16:59:00,老庄节制闸,1.48
2026-04-17 17:04:00,老庄节制闸,1.49
2026-04-17 17:10:00,老庄节制闸,1.49
2026-04-17 17:15:00,老庄节制闸,1.48
2026-04-17 17:21:00,老庄节制闸,1.5
2026-04-17 17:27:00,老庄节制闸,1.49
2026-04-17 17:33:00,老庄节制闸,1.5
2026-04-17 17:39:00,老庄节制闸,1.51
2026-04-17 17:45:00,老庄节制闸,1.51
2026-04-17 17:51:00,老庄节制闸,1.49
2026-04-17 17:56:00,老庄节制闸,1.53
2026-04-17 18:01:00,老庄节制闸,1.53
2026-04-17 18:06:00,老庄节制闸,1.55
2026-04-17 18:12:00,老庄节制闸,1.54
2026-04-17 18:18:00,老庄节制闸,1.56
2026-04-17 18:23:00,老庄节制闸,1.55
2026-04-17 18:28:00,老庄节制闸,1.56
2026-04-17 18:33:00,老庄节制闸,1.56
2026-04-17 18:38:00,老庄节制闸,1.57
2026-04-17 18:43:00,老庄节制闸,1.58
2026-04-17 18:49:00,老庄节制闸,1.58
2026-04-17 18:55:00,老庄节制闸,1.59
2026-04-17 19:01:00,老庄节制闸,1.59
2026-04-17 19:07:00,老庄节制闸,1.6
2026-04-17 19:12:00,老庄节制闸,1.59
2026-04-17 19:18:00,老庄节制闸,1.6
2026-04-17 19:23:00,老庄节制闸,1.61
2026-04-17 19:28:00,老庄节制闸,1.6
2026-04-17 19:34:00,老庄节制闸,1.62
2026-04-17 19:39:00,老庄节制闸,1.62
2026-04-17 19:44:00,老庄节制闸,1.62
2026-04-17 19:49:00,老庄节制闸,1.61
2026-04-17 19:55:00,老庄节制闸,1.63
2026-04-17 20:00:00,老庄节制闸,1.64
2026-04-17 20:06:00,老庄节制闸,1.64
2026-04-17 20:12:00,老庄节制闸,1.64
2026-04-17 20:17:00,老庄节制闸,1.63
2026-04-17 20:23:00,老庄节制闸,1.64
2026-04-17 20:29:00,老庄节制闸,1.65
2026-04-17 20:35:00,老庄节制闸,1.65
2026-04-17 20:40:00,老庄节制闸,1.65
2026-04-17 20:45:00,老庄节制闸,1.65
2026-04-17 20:50:00,老庄节制闸,1.66
2026-04-17 20:55:00,老庄节制闸,1.66
2026-04-17 21:01:00,老庄节制闸,1.66
2026-04-17 21:06:00,老庄节制闸,1.66
2026-04-17 21:11:00,老庄节制闸,1.67
2026-04-17 21:17:00,老庄节制闸,1.69
2026-04-17 21:22:00,老庄节制闸,1.71
2026-04-17 21:28:00,老庄节制闸,1.71
2026-04-17 21:33:00,老庄节制闸,1.72
2026-04-17 21:38:00,老庄节制闸,1.72
2026-04-17 21:43:00,老庄节制闸,1.73
2026-04-17 21:49:00,老庄节制闸,1.74
2026-04-17 21:54:00,老庄节制闸,1.74
2026-04-17 22:00:00,老庄节制闸,1.74
2026-04-17 22:06:00,老庄节制闸,1.75
2026-04-17 22:11:00,老庄节制闸,1.75
2026-04-17 22:16:00,老庄节制闸,1.75
2026-04-17 22:21:00,老庄节制闸,1.76
2026-04-17 22:26:00,老庄节制闸,1.77
2026-04-17 22:31:00,老庄节制闸,1.77
2026-04-17 22:36:00,老庄节制闸,1.77
2026-04-17 22:42:00,老庄节制闸,1.78
2026-04-17 22:47:00,老庄节制闸,1.77
2026-04-17 22:53:00,老庄节制闸,1.78
2026-04-17 22:58:00,老庄节制闸,1.78
2026-04-17 23:02:00,老庄节制闸,1.79
2026-04-17 23:09:00,老庄节制闸,1.79
2026-04-17 23:14:00,老庄节制闸,1.79
2026-04-17 23:20:00,老庄节制闸,1.79
2026-04-17 23:25:00,老庄节制闸,1.8
2026-04-17 23:30:00,老庄节制闸,1.81
2026-04-17 23:35:00,老庄节制闸,1.8
2026-04-17 23:41:00,老庄节制闸,1.8
2026-04-17 23:46:00,老庄节制闸,1.8
2026-04-17 23:52:00,老庄节制闸,1.81
2026-04-17 23:57:00,老庄节制闸,1.82
2026-04-18 00:02:00,老庄节制闸,1.81
2026-04-18 00:08:00,老庄节制闸,1.82
2026-04-18 00:13:00,老庄节制闸,1.83
2026-04-18 00:18:00,老庄节制闸,1.82
2026-04-18 00:24:00,老庄节制闸,1.83
2026-04-18 00:30:00,老庄节制闸,1.83
2026-04-18 00:36:00,老庄节制闸,1.84
2026-04-18 00:42:00,老庄节制闸,1.84
2026-04-18 00:48:00,老庄节制闸,1.83
2026-04-18 00:53:00,老庄节制闸,1.84
2026-04-18 00:58:00,老庄节制闸,1.84
2026-04-18 01:01:00,老庄节制闸,1.84
2026-04-18 01:10:00,老庄节制闸,1.85
2026-04-18 01:16:00,老庄节制闸,1.85
2026-04-18 01:21:00,老庄节制闸,1.85
2026-04-18 01:26:00,老庄节制闸,1.85
2026-04-18 01:31:00,老庄节制闸,1.85
2026-04-18 01:36:00,老庄节制闸,1.86
2026-04-18 01:42:00,老庄节制闸,1.86
2026-04-18 01:47:00,老庄节制闸,1.86
2026-04-18 01:53:00,老庄节制闸,1.86
2026-04-18 01:58:00,老庄节制闸,1.86
2026-04-18 02:03:00,老庄节制闸,1.87
2026-04-18 02:08:00,老庄节制闸,1.86
2026-04-18 02:14:00,老庄节制闸,1.87
2026-04-18 02:20:00,老庄节制闸,1.87
2026-04-18 02:25:00,老庄节制闸,1.88
2026-04-18 02:31:00,老庄节制闸,1.88
2026-04-18 02:36:00,老庄节制闸,1.86
2026-04-18 02:41:00,老庄节制闸,1.88
2026-04-18 02:46:00,老庄节制闸,1.88
2026-04-18 02:51:00,老庄节制闸,1.87
2026-04-18 02:57:00,老庄节制闸,1.88
2026-04-18 03:02:00,老庄节制闸,1.88
2026-04-18 03:07:00,老庄节制闸,1.88
2026-04-18 03:12:00,老庄节制闸,1.88
2026-04-18 03:18:00,老庄节制闸,1.88
2026-04-18 03:23:00,老庄节制闸,1.89
2026-04-18 03:29:00,老庄节制闸,1.89
2026-04-18 03:35:00,老庄节制闸,1.88
2026-04-18 03:41:00,老庄节制闸,1.89
2026-04-18 03:46:00,老庄节制闸,1.88
2026-04-18 03:52:00,老庄节制闸,1.89
2026-04-18 03:57:00,老庄节制闸,1.89
2026-04-18 04:03:00,老庄节制闸,1.89
2026-04-18 04:08:00,老庄节制闸,1.89
2026-04-18 04:13:00,老庄节制闸,1.89
2026-04-18 04:18:00,老庄节制闸,1.9
2026-04-18 04:23:00,老庄节制闸,1.9
2026-04-18 04:29:00,老庄节制闸,1.89
2026-04-18 04:34:00,老庄节制闸,1.88
2026-04-18 04:40:00,老庄节制闸,1.82
2026-04-18 04:45:00,老庄节制闸,1.82
2026-04-18 04:50:00,老庄节制闸,1.8
2026-04-18 04:56:00,老庄节制闸,1.77
2026-04-18 05:02:00,老庄节制闸,1.76
2026-04-18 05:08:00,老庄节制闸,1.75
2026-04-18 05:13:00,老庄节制闸,1.72
2026-04-18 05:19:00,老庄节制闸,1.71
2026-04-18 05:24:00,老庄节制闸,1.69
2026-04-18 05:29:00,老庄节制闸,1.68
2026-04-18 05:34:00,老庄节制闸,1.67
2026-04-18 05:40:00,老庄节制闸,1.65
2026-04-18 05:45:00,老庄节制闸,1.64
2026-04-18 05:51:00,老庄节制闸,1.62
2026-04-18 05:57:00,老庄节制闸,1.61
2026-04-18 06:02:00,老庄节制闸,1.6
2026-04-18 06:07:00,老庄节制闸,1.58
2026-04-18 06:12:00,老庄节制闸,1.57
2026-04-18 06:18:00,老庄节制闸,1.56
2026-04-18 06:23:00,老庄节制闸,1.55
2026-04-18 06:29:00,老庄节制闸,1.53
2026-04-18 06:35:00,老庄节制闸,1.52
2026-04-18 06:40:00,老庄节制闸,1.51
2026-04-18 06:46:00,老庄节制闸,1.5
2026-04-18 06:51:00,老庄节制闸,1.49
2026-04-18 06:57:00,老庄节制闸,1.48
2026-04-18 07:02:00,老庄节制闸,1.46
2026-04-18 07:07:00,老庄节制闸,1.45
2026-04-18 07:13:00,老庄节制闸,1.45
2026-04-18 07:19:00,老庄节制闸,1.43
2026-04-18 07:25:00,老庄节制闸,1.45
2026-04-18 07:31:00,老庄节制闸,1.44
2026-04-18 07:37:00,老庄节制闸,1.44
2026-04-18 07:42:00,老庄节制闸,1.43
2026-04-18 07:47:00,老庄节制闸,1.43
2026-04-18 07:52:00,老庄节制闸,1.43
2026-04-18 07:58:00,老庄节制闸,1.42
2026-04-18 08:03:00,老庄节制闸,1.42
2026-04-18 08:08:00,老庄节制闸,1.42
2026-04-18 08:14:00,老庄节制闸,1.41
2026-04-18 08:19:00,老庄节制闸,1.34
2026-04-18 08:24:00,老庄节制闸,1.33
2026-04-18 08:30:00,老庄节制闸,1.3
2026-04-18 08:35:00,老庄节制闸,1.28
2026-04-18 08:41:00,老庄节制闸,1.27
2026-04-18 08:46:00,老庄节制闸,1.25
2026-04-18 08:51:00,老庄节制闸,1.24
2026-04-18 08:56:00,老庄节制闸,1.23
2026-04-18 09:02:00,老庄节制闸,1.21
2026-04-18 09:07:00,老庄节制闸,1.2
2026-04-18 09:12:00,老庄节制闸,1.19
2026-04-18 09:18:00,老庄节制闸,1.18
2026-04-18 09:24:00,老庄节制闸,1.16
2026-04-18 09:29:00,老庄节制闸,1.16
2026-04-18 09:34:00,老庄节制闸,1.14
2026-04-18 09:40:00,老庄节制闸,1.13
2026-04-18 09:45:00,老庄节制闸,1.12
2026-04-18 09:51:00,老庄节制闸,1.11
2026-04-18 09:56:00,老庄节制闸,1.1
2026-04-18 10:02:00,老庄节制闸,1.1
2026-04-18 10:08:00,老庄节制闸,1.09
2026-04-18 10:14:00,老庄节制闸,1.09
2026-04-18 10:19:00,老庄节制闸,1.08
2026-04-18 10:24:00,老庄节制闸,1.07
2026-04-18 10:29:00,老庄节制闸,1.06
2026-04-18 10:35:00,老庄节制闸,1.06
2026-04-18 10:41:00,老庄节制闸,1.06
2026-04-18 10:47:00,老庄节制闸,1.05
2026-04-18 10:53:00,老庄节制闸,1.05
2026-04-18 10:58:00,老庄节制闸,1.04
2026-04-18 11:04:00,老庄节制闸,1.02
2026-04-18 11:09:00,老庄节制闸,1.02
2026-04-18 11:15:00,老庄节制闸,1.0
2026-04-18 11:21:00,老庄节制闸,1.0
2026-04-18 11:27:00,老庄节制闸,1.0
2026-04-18 11:33:00,老庄节制闸,1.0
2026-04-18 11:38:00,老庄节制闸,1.0
2026-04-18 11:43:00,老庄节制闸,0.99
2026-04-18 11:49:00,老庄节制闸,0.98
2026-04-18 11:54:00,老庄节制闸,1.02
2026-04-18 12:00:00,老庄节制闸,1.03
2026-04-18 12:05:00,老庄节制闸,1.06
2026-04-18 12:11:00,老庄节制闸,1.09
2026-04-18 12:17:00,老庄节制闸,1.12
2026-04-18 12:23:00,老庄节制闸,1.13
2026-04-18 12:29:00,老庄节制闸,1.16
2026-04-18 12:34:00,老庄节制闸,1.17
2026-04-18 12:39:00,老庄节制闸,1.18
2026-04-18 12:44:00,老庄节制闸,1.2
2026-04-18 12:49:00,老庄节制闸,1.2
2026-04-18 12:55:00,老庄节制闸,1.21
2026-04-18 13:01:00,老庄节制闸,1.23
2026-04-18 13:06:00,老庄节制闸,1.23
2026-04-18 13:11:00,老庄节制闸,1.23
2026-04-18 13:16:00,老庄节制闸,1.24
2026-04-18 13:22:00,老庄节制闸,1.25
2026-04-18 13:27:00,老庄节制闸,1.25
2026-04-18 13:32:00,老庄节制闸,1.25
2026-04-18 13:37:00,老庄节制闸,1.26
2026-04-18 13:43:00,老庄节制闸,1.24
2026-04-18 13:49:00,老庄节制闸,1.26
2026-04-18 13:54:00,老庄节制闸,1.26
2026-04-18 13:59:00,老庄节制闸,1.25
2026-04-18 14:05:00,老庄节制闸,1.19
2026-04-18 14:10:00,老庄节制闸,1.18
2026-04-18 14:16:00,老庄节制闸,1.17
2026-04-18 14:21:00,老庄节制闸,1.16
2026-04-18 14:26:00,老庄节制闸,1.16
2026-04-18 14:32:00,老庄节制闸,1.15
2026-04-18 14:38:00,老庄节制闸,1.15
2026-04-18 14:43:00,老庄节制闸,1.14
2026-04-18 14:49:00,老庄节制闸,1.14
2026-04-18 14:54:00,老庄节制闸,1.15
2026-04-18 15:00:00,老庄节制闸,1.15
2026-04-18 15:05:00,老庄节制闸,1.15
2026-04-18 15:11:00,老庄节制闸,1.14
2026-04-18 15:16:00,老庄节制闸,1.2
2026-04-18 15:21:00,老庄节制闸,1.23
2026-04-18 15:26:00,老庄节制闸,1.25
2026-04-18 15:32:00,老庄节制闸,1.26
2026-04-18 15:37:00,老庄节制闸,1.26
2026-04-18 15:42:00,老庄节制闸,1.27
2026-04-18 15:47:00,老庄节制闸,1.28
2026-04-18 15:53:00,老庄节制闸,1.3
2026-04-18 15:59:00,老庄节制闸,1.3
2026-04-18 16:05:00,老庄节制闸,1.27
2026-04-18 16:10:00,老庄节制闸,1.27
2026-04-18 16:16:00,老庄节制闸,1.27
2026-04-18 16:21:00,老庄节制闸,1.27
2026-04-18 16:27:00,老庄节制闸,1.27
2026-04-18 16:32:00,老庄节制闸,1.26
2026-04-18 16:37:00,老庄节制闸,1.27
2026-04-18 16:43:00,老庄节制闸,1.26
2026-04-18 16:48:00,老庄节制闸,1.27
2026-04-18 16:54:00,老庄节制闸,1.28
2026-04-18 16:59:00,老庄节制闸,1.28
2026-04-18 17:04:00,老庄节制闸,1.28
2026-04-18 17:09:00,老庄节制闸,1.27
2026-04-18 17:14:00,老庄节制闸,1.28
2026-04-18 17:19:00,老庄节制闸,1.29
2026-04-18 17:24:00,老庄节制闸,1.28
2026-04-18 17:29:00,老庄节制闸,1.29
2026-04-18 17:34:00,老庄节制闸,1.3
2026-04-18 17:39:00,老庄节制闸,1.3
2026-04-18 17:44:00,老庄节制闸,1.3
2026-04-18 17:49:00,老庄节制闸,1.31
2026-04-18 17:54:00,老庄节制闸,1.31
2026-04-18 17:59:00,老庄节制闸,1.3
2026-04-18 18:04:00,老庄节制闸,1.32
2026-04-18 18:10:00,老庄节制闸,1.32
2026-04-18 18:16:00,老庄节制闸,1.32
2026-04-18 18:21:00,老庄节制闸,1.32
2026-04-18 18:27:00,老庄节制闸,1.32
2026-04-18 18:33:00,老庄节制闸,1.32
2026-04-18 18:39:00,老庄节制闸,1.33
2026-04-18 18:44:00,老庄节制闸,1.35
2026-04-18 18:50:00,老庄节制闸,1.34
2026-04-18 18:55:00,老庄节制闸,1.35
2026-04-18 19:00:00,老庄节制闸,1.35
2026-04-18 19:06:00,老庄节制闸,1.35
2026-04-18 19:12:00,老庄节制闸,1.34
2026-04-18 19:17:00,老庄节制闸,1.36
2026-04-18 19:23:00,老庄节制闸,1.36
2026-04-18 19:28:00,老庄节制闸,1.37
2026-04-18 19:33:00,老庄节制闸,1.36
2026-04-18 19:38:00,老庄节制闸,1.35
2026-04-18 19:43:00,老庄节制闸,1.35
2026-04-18 19:49:00,老庄节制闸,1.37
2026-04-18 19:54:00,老庄节制闸,1.35
2026-04-18 19:59:00,老庄节制闸,1.35
2026-04-18 20:04:00,老庄节制闸,1.37
2026-04-18 20:10:00,老庄节制闸,1.37
2026-04-18 20:16:00,老庄节制闸,1.38
2026-04-18 20:22:00,老庄节制闸,1.38
2026-04-18 20:27:00,老庄节制闸,1.38
2026-04-18 20:32:00,老庄节制闸,1.39
2026-04-18 20:38:00,老庄节制闸,1.38
2026-04-18 20:44:00,老庄节制闸,1.37
2026-04-18 20:49:00,老庄节制闸,1.39
2026-04-18 20:54:00,老庄节制闸,1.37
2026-04-18 20:59:00,老庄节制闸,1.38
2026-04-18 21:05:00,老庄节制闸,1.4
2026-04-18 21:11:00,老庄节制闸,1.4
2026-04-18 21:17:00,老庄节制闸,1.39
2026-04-18 21:22:00,老庄节制闸,1.4
2026-04-18 21:27:00,老庄节制闸,1.4
2026-04-18 21:32:00,老庄节制闸,1.41
2026-04-18 21:37:00,老庄节制闸,1.4
2026-04-18 21:42:00,老庄节制闸,1.4
2026-04-18 21:48:00,老庄节制闸,1.39
2026-04-18 21:53:00,老庄节制闸,1.42
2026-04-18 21:59:00,老庄节制闸,1.41
2026-04-18 22:04:00,老庄节制闸,1.41
2026-04-18 22:10:00,老庄节制闸,1.4
2026-04-18 22:15:00,老庄节制闸,1.42
2026-04-18 22:21:00,老庄节制闸,1.41
2026-04-18 22:27:00,老庄节制闸,1.4
2026-04-18 22:32:00,老庄节制闸,1.42
2026-04-18 22:37:00,老庄节制闸,1.42
2026-04-18 22:43:00,老庄节制闸,1.41
2026-04-18 22:48:00,老庄节制闸,1.41
2026-04-18 22:54:00,老庄节制闸,1.42
2026-04-18 23:00:00,老庄节制闸,1.4
2026-04-18 23:06:00,老庄节制闸,1.4
2026-04-18 23:11:00,老庄节制闸,1.44
2026-04-18 23:16:00,老庄节制闸,1.45
2026-04-18 23:22:00,老庄节制闸,1.46
2026-04-18 23:28:00,老庄节制闸,1.47
2026-04-18 23:33:00,老庄节制闸,1.48
2026-04-18 23:38:00,老庄节制闸,1.48
2026-04-18 23:43:00,老庄节制闸,1.47
2026-04-18 23:49:00,老庄节制闸,1.48
2026-04-18 23:54:00,老庄节制闸,1.49
2026-04-19 00:00:00,老庄节制闸,1.49
2026-04-19 00:06:00,老庄节制闸,1.49
2026-04-19 00:12:00,老庄节制闸,1.51
2026-04-19 00:17:00,老庄节制闸,1.49
2026-04-19 00:22:00,老庄节制闸,1.5
2026-04-19 00:28:00,老庄节制闸,1.51
2026-04-19 00:33:00,老庄节制闸,1.52
2026-04-19 00:39:00,老庄节制闸,1.5
2026-04-19 00:44:00,老庄节制闸,1.5
2026-04-19 00:49:00,老庄节制闸,1.52
2026-04-19 00:55:00,老庄节制闸,1.51
2026-04-19 01:01:00,老庄节制闸,1.5
2026-04-19 01:06:00,老庄节制闸,1.52
2026-04-19 01:11:00,老庄节制闸,1.5
2026-04-19 01:17:00,老庄节制闸,1.51
2026-04-19 01:22:00,老庄节制闸,1.51
2026-04-19 01:27:00,老庄节制闸,1.52
2026-04-19 01:33:00,老庄节制闸,1.53
2026-04-19 01:38:00,老庄节制闸,1.53
2026-04-19 01:44:00,老庄节制闸,1.53
2026-04-19 01:50:00,老庄节制闸,1.53
2026-04-19 01:55:00,老庄节制闸,1.53
2026-04-19 02:00:00,老庄节制闸,1.53
2026-04-19 02:06:00,老庄节制闸,1.54
2026-04-19 02:11:00,老庄节制闸,1.53
2026-04-19 02:17:00,老庄节制闸,1.53
2026-04-19 02:23:00,老庄节制闸,1.55
2026-04-19 02:29:00,老庄节制闸,1.54
2026-04-19 02:34:00,老庄节制闸,1.53
2026-04-19 02:40:00,老庄节制闸,1.55
2026-04-19 02:45:00,老庄节制闸,1.54
2026-04-19 02:50:00,老庄节制闸,1.55
2026-04-19 02:56:00,老庄节制闸,1.55
2026-04-19 03:01:00,老庄节制闸,1.53
2026-04-19 03:07:00,老庄节制闸,1.55
2026-04-19 03:13:00,老庄节制闸,1.55
2026-04-19 03:18:00,老庄节制闸,1.56
2026-04-19 03:24:00,老庄节制闸,1.56
2026-04-19 03:30:00,老庄节制闸,1.63
2026-04-19 03:35:00,老庄节制闸,1.67
2026-04-19 03:40:00,老庄节制闸,1.71
2026-04-19 03:46:00,老庄节制闸,1.75
2026-04-19 03:51:00,老庄节制闸,1.78
2026-04-19 03:56:00,老庄节制闸,1.8
2026-04-19 04:01:00,老庄节制闸,1.83
2026-04-19 04:06:00,老庄节制闸,1.85
2026-04-19 04:12:00,老庄节制闸,1.87
2026-04-19 04:17:00,老庄节制闸,1.89
2026-04-19 04:22:00,老庄节制闸,1.9
2026-04-19 04:27:00,老庄节制闸,1.92
2026-04-19 04:33:00,老庄节制闸,1.93
2026-04-19 04:38:00,老庄节制闸,1.92
2026-04-19 04:44:00,老庄节制闸,1.93
2026-04-19 04:50:00,老庄节制闸,1.93
2026-04-19 04:55:00,老庄节制闸,1.93
2026-04-19 05:01:00,老庄节制闸,1.93
2026-04-19 05:06:00,老庄节制闸,1.93
2026-04-19 05:11:00,老庄节制闸,1.93
2026-04-19 05:17:00,老庄节制闸,1.94
2026-04-19 05:22:00,老庄节制闸,1.94
2026-04-19 05:28:00,老庄节制闸,1.94
2026-04-19 05:34:00,老庄节制闸,1.88
2026-04-19 05:39:00,老庄节制闸,1.88
2026-04-19 05:44:00,老庄节制闸,1.86
2026-04-19 05:50:00,老庄节制闸,1.88
2026-04-19 05:55:00,老庄节制闸,1.87
2026-04-19 06:00:00,老庄节制闸,1.87
2026-04-19 06:05:00,老庄节制闸,1.86
2026-04-19 06:11:00,老庄节制闸,1.85
2026-04-19 06:16:00,老庄节制闸,1.84
2026-04-19 06:21:00,老庄节制闸,1.84
2026-04-19 06:26:00,老庄节制闸,1.83
2026-04-19 06:32:00,老庄节制闸,1.83
2026-04-19 06:37:00,老庄节制闸,1.82
2026-04-19 06:42:00,老庄节制闸,1.81
2026-04-19 06:47:00,老庄节制闸,1.81
2026-04-19 06:53:00,老庄节制闸,1.8
2026-04-19 06:59:00,老庄节制闸,1.79
2026-04-19 07:04:00,老庄节制闸,1.79
2026-04-19 07:10:00,老庄节制闸,1.78
2026-04-19 07:15:00,老庄节制闸,1.77
2026-04-19 07:20:00,老庄节制闸,1.77
2026-04-19 07:25:00,老庄节制闸,1.75
2026-04-19 07:30:00,老庄节制闸,1.74
2026-04-19 07:36:00,老庄节制闸,1.74
2026-04-19 07:42:00,老庄节制闸,1.73
2026-04-19 07:48:00,老庄节制闸,1.72
2026-04-19 07:53:00,老庄节制闸,1.71
2026-04-19 07:58:00,老庄节制闸,1.71
2026-04-19 08:03:00,老庄节制闸,1.7
2026-04-19 08:09:00,老庄节制闸,1.69
2026-04-19 08:14:00,老庄节制闸,1.68
2026-04-19 08:19:00,老庄节制闸,1.67
2026-04-19 08:24:00,老庄节制闸,1.67
2026-04-19 08:29:00,老庄节制闸,1.66
2026-04-19 08:35:00,老庄节制闸,1.65
2026-04-19 08:41:00,老庄节制闸,1.64
2026-04-19 08:46:00,老庄节制闸,1.63
2026-04-19 08:52:00,老庄节制闸,1.57
2026-04-19 08:57:00,老庄节制闸,1.48
2026-04-19 09:02:00,老庄节制闸,1.4
2026-04-19 09:08:00,老庄节制闸,1.37
2026-04-19 09:14:00,老庄节制闸,1.34
2026-04-19 09:20:00,老庄节制闸,1.31
2026-04-19 09:25:00,老庄节制闸,1.3
2026-04-19 09:30:00,老庄节制闸,1.28
2026-04-19 09:36:00,老庄节制闸,1.26
2026-04-19 09:41:00,老庄节制闸,1.25
2026-04-19 09:46:00,老庄节制闸,1.25
2026-04-19 09:52:00,老庄节制闸,1.23
2026-04-19 09:57:00,老庄节制闸,1.22
2026-04-19 10:02:00,老庄节制闸,1.21
2026-04-19 10:07:00,老庄节制闸,1.2
2026-04-19 10:12:00,老庄节制闸,1.18
2026-04-19 10:17:00,老庄节制闸,1.2
2026-04-19 10:23:00,老庄节制闸,1.21
2026-04-19 10:28:00,老庄节制闸,1.23
2026-04-19 10:33:00,老庄节制闸,1.26
2026-04-19 10:39:00,老庄节制闸,1.28
2026-04-19 10:44:00,老庄节制闸,1.3
2026-04-19 10:49:00,老庄节制闸,1.31
2026-04-19 10:55:00,老庄节制闸,1.33
2026-04-19 11:01:00,老庄节制闸,1.34
2026-04-19 11:06:00,老庄节制闸,1.35
2026-04-19 11:12:00,老庄节制闸,1.37
2026-04-19 11:18:00,老庄节制闸,1.37
2026-04-19 11:24:00,老庄节制闸,1.39
2026-04-19 11:30:00,老庄节制闸,1.39
2026-04-19 11:35:00,老庄节制闸,1.39
2026-04-19 11:41:00,老庄节制闸,1.41
2026-04-19 11:47:00,老庄节制闸,1.41
2026-04-19 11:53:00,老庄节制闸,1.41
2026-04-19 11:58:00,老庄节制闸,1.42
2026-04-19 12:03:00,老庄节制闸,1.42
2026-04-19 12:09:00,老庄节制闸,1.41
2026-04-19 12:14:00,老庄节制闸,1.42
2026-04-19 12:20:00,老庄节制闸,1.41
2026-04-19 12:25:00,老庄节制闸,1.41
2026-04-19 12:31:00,老庄节制闸,1.41
2026-04-19 12:36:00,老庄节制闸,1.3
2026-04-19 12:41:00,老庄节制闸,1.26
2026-04-19 12:47:00,老庄节制闸,1.24
2026-04-19 12:52:00,老庄节制闸,1.23
2026-04-19 12:58:00,老庄节制闸,1.22
2026-04-19 13:04:00,老庄节制闸,1.21
2026-04-19 13:10:00,老庄节制闸,1.19
2026-04-19 13:15:00,老庄节制闸,1.18
2026-04-19 13:20:00,老庄节制闸,1.18
2026-04-19 13:25:00,老庄节制闸,1.18
2026-04-19 13:31:00,老庄节制闸,1.16
2026-04-19 13:37:00,老庄节制闸,1.15
2026-04-19 13:43:00,老庄节制闸,1.15
2026-04-19 13:48:00,老庄节制闸,1.16
2026-04-19 13:53:00,老庄节制闸,1.15
2026-04-19 13:59:00,老庄节制闸,1.14
2026-04-19 14:05:00,老庄节制闸,1.15
2026-04-19 14:10:00,老庄节制闸,1.15
2026-04-19 14:15:00,老庄节制闸,1.14
2026-04-19 14:20:00,老庄节制闸,1.15
2026-04-19 14:25:00,老庄节制闸,1.15
2026-04-19 14:30:00,老庄节制闸,1.14
2026-04-19 14:36:00,老庄节制闸,1.15
2026-04-19 14:41:00,老庄节制闸,1.14
2026-04-19 14:47:00,老庄节制闸,1.15
2026-04-19 14:52:00,老庄节制闸,1.14
2026-04-19 14:57:00,老庄节制闸,1.14
2026-04-19 15:03:00,老庄节制闸,1.14
2026-04-19 15:09:00,老庄节制闸,1.13
2026-04-19 15:14:00,老庄节制闸,1.14
2026-04-19 15:19:00,老庄节制闸,1.14
2026-04-19 15:25:00,老庄节制闸,1.15
2026-04-19 15:30:00,老庄节制闸,1.14
2026-04-19 15:36:00,老庄节制闸,1.14
2026-04-19 15:41:00,老庄节制闸,1.14
2026-04-19 15:47:00,老庄节制闸,1.15
2026-04-19 15:53:00,老庄节制闸,1.15
2026-04-19 15:58:00,老庄节制闸,1.15
2026-04-19 16:03:00,老庄节制闸,1.14
2026-04-19 16:09:00,老庄节制闸,1.16
2026-04-19 16:15:00,老庄节制闸,1.16
2026-04-19 16:20:00,老庄节制闸,1.16
2026-04-19 16:25:00,老庄节制闸,1.16
2026-04-19 16:31:00,老庄节制闸,1.15
2026-04-19 16:36:00,老庄节制闸,1.16
2026-04-19 16:42:00,老庄节制闸,1.16
2026-04-19 16:47:00,老庄节制闸,1.16
2026-04-19 16:52:00,老庄节制闸,1.16
2026-04-19 16:57:00,老庄节制闸,1.17
2026-04-19 17:03:00,老庄节制闸,1.15
2026-04-19 17:08:00,老庄节制闸,1.15
2026-04-19 17:13:00,老庄节制闸,1.15
2026-04-19 17:18:00,老庄节制闸,1.15
2026-04-19 17:24:00,老庄节制闸,1.15
2026-04-19 17:29:00,老庄节制闸,1.15
2026-04-19 17:34:00,老庄节制闸,1.15
2026-04-19 17:39:00,老庄节制闸,1.15
2026-04-19 17:44:00,老庄节制闸,1.16
2026-04-19 17:49:00,老庄节制闸,1.16
2026-04-19 17:55:00,老庄节制闸,1.16
2026-04-19 18:00:00,老庄节制闸,1.17
2026-04-19 18:05:00,老庄节制闸,1.17
2026-04-19 18:10:00,老庄节制闸,1.18
2026-04-19 18:16:00,老庄节制闸,1.18
2026-04-19 18:21:00,老庄节制闸,1.18
2026-04-19 18:26:00,老庄节制闸,1.19
2026-04-19 18:32:00,老庄节制闸,1.28
2026-04-19 18:38:00,老庄节制闸,1.32
2026-04-19 18:43:00,老庄节制闸,1.37
2026-04-19 18:48:00,老庄节制闸,1.4
2026-04-19 18:53:00,老庄节制闸,1.43
2026-04-19 18:59:00,老庄节制闸,1.44
2026-04-19 19:05:00,老庄节制闸,1.47
2026-04-19 19:11:00,老庄节制闸,1.47
2026-04-19 19:17:00,老庄节制闸,1.5
2026-04-19 19:22:00,老庄节制闸,1.52
2026-04-19 19:27:00,老庄节制闸,1.45
2026-04-19 19:33:00,老庄节制闸,1.44
2026-04-19 19:38:00,老庄节制闸,1.43
2026-04-19 19:44:00,老庄节制闸,1.43
2026-04-19 19:49:00,老庄节制闸,1.42
2026-04-19 19:54:00,老庄节制闸,1.43
2026-04-19 19:59:00,老庄节制闸,1.42
2026-04-19 20:05:00,老庄节制闸,1.43
2026-04-19 20:10:00,老庄节制闸,1.43
2026-04-19 20:15:00,老庄节制闸,1.41
2026-04-19 20:21:00,老庄节制闸,1.41
2026-04-19 20:27:00,老庄节制闸,1.41
2026-04-19 20:32:00,老庄节制闸,1.42
2026-04-19 20:37:00,老庄节制闸,1.4
2026-04-19 20:43:00,老庄节制闸,1.43
2026-04-19 20:49:00,老庄节制闸,1.43
2026-04-19 20:54:00,老庄节制闸,1.42
2026-04-19 20:59:00,老庄节制闸,1.43
2026-04-19 21:04:00,老庄节制闸,1.43
2026-04-19 21:09:00,老庄节制闸,1.42
2026-04-19 21:14:00,老庄节制闸,1.42
2026-04-19 21:20:00,老庄节制闸,1.42
2026-04-19 21:25:00,老庄节制闸,1.43
2026-04-19 21:31:00,老庄节制闸,1.49
2026-04-19 21:36:00,老庄节制闸,1.51
2026-04-19 21:42:00,老庄节制闸,1.52
2026-04-19 21:48:00,老庄节制闸,1.54
2026-04-19 21:53:00,老庄节制闸,1.55
2026-04-19 21:59:00,老庄节制闸,1.57
2026-04-19 22:04:00,老庄节制闸,1.59
2026-04-19 22:09:00,老庄节制闸,1.58
2026-04-19 22:15:00,老庄节制闸,1.6
2026-04-19 22:21:00,老庄节制闸,1.61
2026-04-19 22:27:00,老庄节制闸,1.61
2026-04-19 22:33:00,老庄节制闸,1.63
2026-04-19 22:38:00,老庄节制闸,1.63
2026-04-19 22:43:00,老庄节制闸,1.63
2026-04-19 22:49:00,老庄节制闸,1.64
2026-04-19 22:55:00,老庄节制闸,1.65
2026-04-19 23:00:00,老庄节制闸,1.67
2026-04-19 23:03:00,老庄节制闸,1.66
2026-04-19 23:11:00,老庄节制闸,1.67
2026-04-19 23:17:00,老庄节制闸,1.69
2026-04-19 23:22:00,老庄节制闸,1.69
2026-04-19 23:27:00,老庄节制闸,1.7
2026-04-19 23:32:00,老庄节制闸,1.71
2026-04-19 23:37:00,老庄节制闸,1.71
2026-04-19 23:42:00,老庄节制闸,1.7
2026-04-19 23:48:00,老庄节制闸,1.72
2026-04-19 23:53:00,老庄节制闸,1.73
2026-04-19 23:58:00,老庄节制闸,1.74
2026-04-20 00:03:00,老庄节制闸,1.74
2026-04-20 00:09:00,老庄节制闸,1.75
2026-04-20 00:14:00,老庄节制闸,1.75
2026-04-20 00:19:00,老庄节制闸,1.76
2026-04-20 00:24:00,老庄节制闸,1.77
2026-04-20 00:30:00,老庄节制闸,1.78
2026-04-20 00:36:00,老庄节制闸,1.79
2026-04-20 00:41:00,老庄节制闸,1.78
2026-04-20 00:46:00,老庄节制闸,1.79
2026-04-20 00:52:00,老庄节制闸,1.79
2026-04-20 00:57:00,老庄节制闸,1.81
2026-04-20 01:02:00,老庄节制闸,1.8
2026-04-20 01:08:00,老庄节制闸,1.81
2026-04-20 01:13:00,老庄节制闸,1.82
2026-04-20 01:18:00,老庄节制闸,1.84
2026-04-20 01:24:00,老庄节制闸,1.85
2026-04-20 01:29:00,老庄节制闸,1.86
2026-04-20 01:35:00,老庄节制闸,1.86
2026-04-20 01:40:00,老庄节制闸,1.87
2026-04-20 01:46:00,老庄节制闸,1.83
2026-04-20 01:51:00,老庄节制闸,1.82
2026-04-20 01:56:00,老庄节制闸,1.8
2026-04-20 02:01:00,老庄节制闸,1.79
2026-04-20 02:07:00,老庄节制闸,1.78
2026-04-20 02:13:00,老庄节制闸,1.77
2026-04-20 02:19:00,老庄节制闸,1.77
2026-04-20 02:24:00,老庄节制闸,1.75
2026-04-20 02:30:00,老庄节制闸,1.74
2026-04-20 02:36:00,老庄节制闸,1.73
2026-04-20 02:41:00,老庄节制闸,1.73
2026-04-20 02:47:00,老庄节制闸,1.71
2026-04-20 02:53:00,老庄节制闸,1.7
2026-04-20 02:58:00,老庄节制闸,1.69
2026-04-20 03:03:00,老庄节制闸,1.68
2026-04-20 03:08:00,老庄节制闸,1.68
2026-04-20 03:14:00,老庄节制闸,1.66
2026-04-20 03:20:00,老庄节制闸,1.66
2026-04-20 03:26:00,老庄节制闸,1.66
2026-04-20 03:31:00,老庄节制闸,1.65
2026-04-20 03:37:00,老庄节制闸,1.63
2026-04-20 03:43:00,老庄节制闸,1.63
2026-04-20 03:49:00,老庄节制闸,1.62
2026-04-20 03:55:00,老庄节制闸,1.62
2026-04-20 04:01:00,老庄节制闸,1.6
2026-04-20 04:06:00,老庄节制闸,1.6
2026-04-20 04:12:00,老庄节制闸,1.6
2026-04-20 04:17:00,老庄节制闸,1.59
2026-04-20 04:22:00,老庄节制闸,1.58
2026-04-20 04:27:00,老庄节制闸,1.58
2026-04-20 04:33:00,老庄节制闸,1.57
2026-04-20 04:38:00,老庄节制闸,1.57
2026-04-20 04:43:00,老庄节制闸,1.56
2026-04-20 04:48:00,老庄节制闸,1.54
2026-04-20 04:54:00,老庄节制闸,1.55
2026-04-20 04:59:00,老庄节制闸,1.55
2026-04-20 05:04:00,老庄节制闸,1.54
2026-04-20 05:10:00,老庄节制闸,1.54
2026-04-20 05:15:00,老庄节制闸,1.53
2026-04-20 05:20:00,老庄节制闸,1.53
2026-04-20 05:25:00,老庄节制闸,1.53
2026-04-20 05:30:00,老庄节制闸,1.52
2026-04-20 05:36:00,老庄节制闸,1.51
2026-04-20 05:42:00,老庄节制闸,1.51
2026-04-20 05:47:00,老庄节制闸,1.52
2026-04-20 05:52:00,老庄节制闸,1.51
2026-04-20 05:57:00,老庄节制闸,1.5
2026-04-20 06:02:00,老庄节制闸,1.51
2026-04-20 06:08:00,老庄节制闸,1.51
2026-04-20 06:14:00,老庄节制闸,1.5
2026-04-20 06:19:00,老庄节制闸,1.51
2026-04-20 06:24:00,老庄节制闸,1.49
2026-04-20 06:30:00,老庄节制闸,1.49
2026-04-20 06:36:00,老庄节制闸,1.49
2026-04-20 06:41:00,老庄节制闸,1.49
2026-04-20 06:46:00,老庄节制闸,1.49
2026-04-20 06:52:00,老庄节制闸,1.48
2026-04-20 06:58:00,老庄节制闸,1.48
2026-04-20 07:03:00,老庄节制闸,1.48
2026-04-20 07:09:00,老庄节制闸,1.48
2026-04-20 07:14:00,老庄节制闸,1.47
2026-04-20 07:20:00,老庄节制闸,1.48
2026-04-20 07:25:00,老庄节制闸,1.49
2026-04-20 07:30:00,老庄节制闸,1.48
2026-04-20 07:35:00,老庄节制闸,1.49
2026-04-20 07:41:00,老庄节制闸,1.49
2026-04-20 07:46:00,老庄节制闸,1.49
2026-04-20 07:52:00,老庄节制闸,1.49
2026-04-20 07:57:00,老庄节制闸,1.49
2026-04-20 08:03:00,老庄节制闸,1.49
2026-04-20 08:09:00,老庄节制闸,1.5
2026-04-20 08:14:00,老庄节制闸,1.49
2026-04-20 08:19:00,老庄节制闸,1.5
2026-04-20 08:24:00,老庄节制闸,1.5
2026-04-20 08:29:00,老庄节制闸,1.49
2026-04-20 08:35:00,老庄节制闸,1.49
2026-04-20 08:40:00,老庄节制闸,1.49
2026-04-20 08:46:00,老庄节制闸,1.49
2026-04-20 08:51:00,老庄节制闸,1.48
2026-04-20 08:56:00,老庄节制闸,1.49
2026-04-20 09:01:00,老庄节制闸,1.49
2026-04-20 09:07:00,老庄节制闸,1.49
2026-04-20 09:12:00,老庄节制闸,1.44
2026-04-20 09:17:00,老庄节制闸,1.45
2026-04-20 09:22:00,老庄节制闸,1.44
2026-04-20 09:27:00,老庄节制闸,1.42
2026-04-20 09:33:00,老庄节制闸,1.41
2026-04-20 09:39:00,老庄节制闸,1.42
2026-04-20 09:44:00,老庄节制闸,1.41
2026-04-20 09:49:00,老庄节制闸,1.4
2026-04-20 09:55:00,老庄节制闸,1.4
2026-04-20 10:01:00,老庄节制闸,1.39
2026-04-20 10:07:00,老庄节制闸,1.38
2026-04-20 10:12:00,老庄节制闸,1.39
2026-04-20 10:17:00,老庄节制闸,1.37
2026-04-20 10:22:00,老庄节制闸,1.37
2026-04-20 10:27:00,老庄节制闸,1.36
2026-04-20 10:33:00,老庄节制闸,1.37
2026-04-20 10:38:00,老庄节制闸,1.36
2026-04-20 10:43:00,老庄节制闸,1.35
2026-04-20 10:48:00,老庄节制闸,1.36
2026-04-20 10:53:00,老庄节制闸,1.35
2026-04-20 10:59:00,老庄节制闸,1.35
2026-04-20 11:04:00,老庄节制闸,1.35
2026-04-20 11:09:00,老庄节制闸,1.34
2026-04-20 11:14:00,老庄节制闸,1.34
2026-04-20 11:19:00,老庄节制闸,1.34
2026-04-20 11:25:00,老庄节制闸,1.33
2026-04-20 11:31:00,老庄节制闸,1.33
2026-04-20 11:36:00,老庄节制闸,1.33
2026-04-20 11:42:00,老庄节制闸,1.33
2026-04-20 11:48:00,老庄节制闸,1.33
2026-04-20 11:53:00,老庄节制闸,1.32
2026-04-20 11:59:00,老庄节制闸,1.3
2026-04-20 12:05:00,老庄节制闸,1.28
2026-04-20 12:10:00,老庄节制闸,1.29
2026-04-20 12:15:00,老庄节制闸,1.28
2026-04-20 12:20:00,老庄节制闸,1.27
2026-04-20 12:25:00,老庄节制闸,1.26
2026-04-20 12:30:00,老庄节制闸,1.26
2026-04-20 12:35:00,老庄节制闸,1.26
2026-04-20 12:40:00,老庄节制闸,1.26
2026-04-20 12:46:00,老庄节制闸,1.25
2026-04-20 12:52:00,老庄节制闸,1.25
2026-04-20 12:58:00,老庄节制闸,1.26
2026-04-20 13:03:00,老庄节制闸,1.25
2026-04-20 13:08:00,老庄节制闸,1.25
2026-04-20 13:13:00,老庄节制闸,1.25
2026-04-20 13:19:00,老庄节制闸,1.23
2026-04-20 13:25:00,老庄节制闸,1.23
2026-04-20 13:30:00,老庄节制闸,1.21
2026-04-20 13:35:00,老庄节制闸,1.21
2026-04-20 13:41:00,老庄节制闸,1.21
2026-04-20 13:46:00,老庄节制闸,1.21
2026-04-20 13:51:00,老庄节制闸,1.21
2026-04-20 13:57:00,老庄节制闸,1.2
2026-04-20 14:03:00,老庄节制闸,1.2
2026-04-20 14:08:00,老庄节制闸,1.2
2026-04-20 14:13:00,老庄节制闸,1.2
2026-04-20 14:18:00,老庄节制闸,1.19
2026-04-20 14:24:00,老庄节制闸,1.2
2026-04-20 14:29:00,老庄节制闸,1.2
2026-04-20 14:35:00,老庄节制闸,1.19
2026-04-20 14:40:00,老庄节制闸,1.19
2026-04-20 14:45:00,老庄节制闸,1.19
2026-04-20 14:51:00,老庄节制闸,1.16
2026-04-20 14:57:00,老庄节制闸,1.15
2026-04-20 15:02:00,老庄节制闸,1.15
2026-04-20 15:08:00,老庄节制闸,1.14
2026-04-20 15:14:00,老庄节制闸,1.13
2026-04-20 15:20:00,老庄节制闸,1.14
2026-04-20 15:25:00,老庄节制闸,1.13
2026-04-20 15:30:00,老庄节制闸,1.13
2026-04-20 15:35:00,老庄节制闸,1.13
2026-04-20 15:41:00,老庄节制闸,1.13
2026-04-20 15:46:00,老庄节制闸,1.12
2026-04-20 15:51:00,老庄节制闸,1.12
2026-04-20 15:57:00,老庄节制闸,1.13
2026-04-20 16:03:00,老庄节制闸,1.12
2026-04-20 16:08:00,老庄节制闸,1.14
2026-04-20 16:14:00,老庄节制闸,1.14
2026-04-20 16:20:00,老庄节制闸,1.14
2026-04-20 16:25:00,老庄节制闸,1.13
2026-04-20 16:31:00,老庄节制闸,1.13
2026-04-20 16:37:00,老庄节制闸,1.13
2026-04-20 16:42:00,老庄节制闸,1.14
2026-04-20 16:47:00,老庄节制闸,1.14
2026-04-20 16:52:00,老庄节制闸,1.14
2026-04-20 16:57:00,老庄节制闸,1.13
2026-04-20 17:03:00,老庄节制闸,1.14
2026-04-20 17:08:00,老庄节制闸,1.13
2026-04-20 17:13:00,老庄节制闸,1.14
2026-04-20 17:19:00,老庄节制闸,1.14
2026-04-20 17:24:00,老庄节制闸,1.13
2026-04-20 17:29:00,老庄节制闸,1.13
2026-04-20 17:35:00,老庄节制闸,1.14
2026-04-20 17:41:00,老庄节制闸,1.14
2026-04-20 17:47:00,老庄节制闸,1.14
2026-04-20 17:53:00,老庄节制闸,1.13
2026-04-20 17:58:00,老庄节制闸,1.13
2026-04-20 18:03:00,老庄节制闸,1.13
2026-04-20 18:09:00,老庄节制闸,1.14
2026-04-20 18:15:00,老庄节制闸,1.14
2026-04-20 18:20:00,老庄节制闸,1.13
2026-04-20 18:25:00,老庄节制闸,1.14
2026-04-20 18:31:00,老庄节制闸,1.13
2026-04-20 18:36:00,老庄节制闸,1.14
2026-04-20 18:41:00,老庄节制闸,1.14
2026-04-20 18:47:00,老庄节制闸,1.13
2026-04-20 18:52:00,老庄节制闸,1.13
2026-04-20 18:57:00,老庄节制闸,1.13
2026-04-20 19:03:00,老庄节制闸,1.13
2026-04-20 19:08:00,老庄节制闸,1.12
2026-04-20 19:14:00,老庄节制闸,1.12
2026-04-20 19:20:00,老庄节制闸,1.11
2026-04-20 19:26:00,老庄节制闸,1.12
2026-04-20 19:31:00,老庄节制闸,1.11
2026-04-20 19:36:00,老庄节制闸,1.12
2026-04-20 19:41:00,老庄节制闸,1.12
2026-04-20 19:46:00,老庄节制闸,1.12
2026-04-20 19:52:00,老庄节制闸,1.12
2026-04-20 19:57:00,老庄节制闸,1.12
2026-04-20 20:02:00,老庄节制闸,1.12
2026-04-20 20:07:00,老庄节制闸,1.12
2026-04-20 20:12:00,老庄节制闸,1.12
2026-04-20 20:17:00,老庄节制闸,1.11
2026-04-20 20:23:00,老庄节制闸,1.12
2026-04-20 20:28:00,老庄节制闸,1.12
2026-04-20 20:33:00,老庄节制闸,1.12
2026-04-20 20:39:00,老庄节制闸,1.12
2026-04-20 20:44:00,老庄节制闸,1.12
2026-04-20 20:49:00,老庄节制闸,1.12
2026-04-20 20:55:00,老庄节制闸,1.12
2026-04-20 21:00:00,老庄节制闸,1.12
2026-04-20 21:05:00,老庄节制闸,1.12
2026-04-20 21:10:00,老庄节制闸,1.12
2026-04-20 21:16:00,老庄节制闸,1.12
2026-04-20 21:21:00,老庄节制闸,1.12
2026-04-20 21:27:00,老庄节制闸,1.12
2026-04-20 21:33:00,老庄节制闸,1.12
2026-04-20 21:38:00,老庄节制闸,1.12
2026-04-20 21:44:00,老庄节制闸,1.12
2026-04-20 21:49:00,老庄节制闸,1.12
2026-04-20 21:54:00,老庄节制闸,1.13
2026-04-20 21:59:00,老庄节制闸,1.13
2026-04-20 22:05:00,老庄节制闸,1.12
2026-04-20 22:11:00,老庄节制闸,1.12
2026-04-20 22:17:00,老庄节制闸,1.13
2026-04-20 22:22:00,老庄节制闸,1.12
2026-04-20 22:27:00,老庄节制闸,1.12
2026-04-20 22:32:00,老庄节制闸,1.12
2026-04-20 22:38:00,老庄节制闸,1.12
2026-04-20 22:43:00,老庄节制闸,1.13
2026-04-20 22:49:00,老庄节制闸,1.12
2026-04-20 22:54:00,老庄节制闸,1.13
2026-04-20 23:00:00,老庄节制闸,1.13
2026-04-20 23:03:00,老庄节制闸,1.13
2026-04-20 23:11:00,老庄节制闸,1.13
2026-04-20 23:16:00,老庄节制闸,1.13
2026-04-20 23:21:00,老庄节制闸,1.14
2026-04-20 23:27:00,老庄节制闸,1.14
2026-04-20 23:32:00,老庄节制闸,1.14
2026-04-20 23:38:00,老庄节制闸,1.14
2026-04-20 23:43:00,老庄节制闸,1.14
2026-04-20 23:49:00,老庄节制闸,1.14
2026-04-20 23:54:00,老庄节制闸,1.15
2026-04-20 23:59:00,老庄节制闸,1.15
2026-04-21 00:04:00,老庄节制闸,1.14
2026-04-21 00:09:00,老庄节制闸,1.15
2026-04-21 00:15:00,老庄节制闸,1.15
2026-04-21 00:21:00,老庄节制闸,1.15
2026-04-21 00:27:00,老庄节制闸,1.15
2026-04-21 00:32:00,老庄节制闸,1.15
2026-04-21 00:37:00,老庄节制闸,1.16
2026-04-21 00:42:00,老庄节制闸,1.15
2026-04-21 00:48:00,老庄节制闸,1.16
2026-04-21 00:54:00,老庄节制闸,1.15
2026-04-21 01:00:00,老庄节制闸,1.16
2026-04-21 01:06:00,老庄节制闸,1.16
2026-04-21 01:11:00,老庄节制闸,1.16
2026-04-21 01:16:00,老庄节制闸,1.16
2026-04-21 01:22:00,老庄节制闸,1.16
2026-04-21 01:27:00,老庄节制闸,1.16
2026-04-21 01:33:00,老庄节制闸,1.16
2026-04-21 01:39:00,老庄节制闸,1.16
2026-04-21 01:44:00,老庄节制闸,1.16
2026-04-21 01:49:00,老庄节制闸,1.17
2026-04-21 01:55:00,老庄节制闸,1.17
2026-04-21 02:01:00,老庄节制闸,1.16
2026-04-21 02:07:00,老庄节制闸,1.16
2026-04-21 02:13:00,老庄节制闸,1.16
2026-04-21 02:18:00,老庄节制闸,1.16
2026-04-21 02:23:00,老庄节制闸,1.16
2026-04-21 02:28:00,老庄节制闸,1.16
2026-04-21 02:33:00,老庄节制闸,1.17
2026-04-21 02:39:00,老庄节制闸,1.17
2026-04-21 02:44:00,老庄节制闸,1.17
2026-04-21 02:49:00,老庄节制闸,1.17
2026-04-21 02:55:00,老庄节制闸,1.15
2026-04-21 03:00:00,老庄节制闸,1.16
2026-04-21 03:05:00,老庄节制闸,1.15
2026-04-21 03:11:00,老庄节制闸,1.17
2026-04-21 03:17:00,老庄节制闸,1.16
2026-04-21 03:22:00,老庄节制闸,1.16
2026-04-21 03:28:00,老庄节制闸,1.17
2026-04-21 03:33:00,老庄节制闸,1.16
2026-04-21 03:38:00,老庄节制闸,1.17
2026-04-21 03:44:00,老庄节制闸,1.16
2026-04-21 03:49:00,老庄节制闸,1.16
2026-04-21 03:54:00,老庄节制闸,1.16
2026-04-21 03:59:00,老庄节制闸,1.17
2026-04-21 04:05:00,老庄节制闸,1.13
2026-04-21 04:10:00,老庄节制闸,1.13
2026-04-21 04:16:00,老庄节制闸,1.13
2026-04-21 04:22:00,老庄节制闸,1.13
2026-04-21 04:27:00,老庄节制闸,1.12
2026-04-21 04:32:00,老庄节制闸,1.12
2026-04-21 04:37:00,老庄节制闸,1.12
2026-04-21 04:43:00,老庄节制闸,1.12
2026-04-21 04:48:00,老庄节制闸,1.11
2026-04-21 04:54:00,老庄节制闸,1.12
2026-04-21 04:59:00,老庄节制闸,1.12
2026-04-21 05:04:00,老庄节制闸,1.11
2026-04-21 05:09:00,老庄节制闸,1.11
2026-04-21 05:14:00,老庄节制闸,1.12
2026-04-21 05:20:00,老庄节制闸,1.11
2026-04-21 05:25:00,老庄节制闸,1.11
2026-04-21 05:31:00,老庄节制闸,1.11
2026-04-21 05:36:00,老庄节制闸,1.11
2026-04-21 05:41:00,老庄节制闸,1.11
2026-04-21 05:47:00,老庄节制闸,1.11
2026-04-21 05:52:00,老庄节制闸,1.11
2026-04-21 05:58:00,老庄节制闸,1.11
2026-04-21 06:03:00,老庄节制闸,1.11
2026-04-21 06:09:00,老庄节制闸,1.12
2026-04-21 06:15:00,老庄节制闸,1.11
2026-04-21 06:20:00,老庄节制闸,1.11
2026-04-21 06:25:00,老庄节制闸,1.11
2026-04-21 06:31:00,老庄节制闸,1.11
2026-04-21 06:36:00,老庄节制闸,1.11
2026-04-21 06:41:00,老庄节制闸,1.11
2026-04-21 06:46:00,老庄节制闸,1.11
2026-04-21 06:51:00,老庄节制闸,1.11
2026-04-21 06:57:00,老庄节制闸,1.12
2026-04-21 07:02:00,老庄节制闸,1.11
2026-04-21 07:08:00,老庄节制闸,1.11
2026-04-21 07:14:00,老庄节制闸,1.12
2026-04-21 07:19:00,老庄节制闸,1.12
2026-04-21 07:24:00,老庄节制闸,1.12
2026-04-21 07:30:00,老庄节制闸,1.12
2026-04-21 07:35:00,老庄节制闸,1.15
2026-04-21 07:41:00,老庄节制闸,1.16
2026-04-21 07:46:00,老庄节制闸,1.17
2026-04-21 07:52:00,老庄节制闸,1.17
2026-04-21 07:57:00,老庄节制闸,1.18
2026-04-21 08:02:00,老庄节制闸,1.19
2026-04-21 08:07:00,老庄节制闸,1.2
2026-04-21 08:13:00,老庄节制闸,1.11
2026-04-21 08:18:00,老庄节制闸,1.09
2026-04-21 08:24:00,老庄节制闸,1.07
2026-04-21 08:30:00,老庄节制闸,1.07
2026-04-21 08:35:00,老庄节制闸,1.07
2026-04-21 08:41:00,老庄节制闸,1.06
2026-04-21 08:47:00,老庄节制闸,1.05
2026-04-21 08:52:00,老庄节制闸,1.05
2026-04-21 08:58:00,老庄节制闸,1.05
2026-04-21 09:03:00,老庄节制闸,1.05
2026-04-21 09:08:00,老庄节制闸,1.04
2026-04-21 09:13:00,老庄节制闸,1.05
2026-04-21 09:19:00,老庄节制闸,1.05
2026-04-21 09:24:00,老庄节制闸,1.05
2026-04-21 09:30:00,老庄节制闸,1.05
2026-04-21 09:35:00,老庄节制闸,1.05
2026-04-21 09:41:00,老庄节制闸,1.04
2026-04-21 09:47:00,老庄节制闸,1.04
2026-04-21 09:53:00,老庄节制闸,1.04
2026-04-21 09:58:00,老庄节制闸,1.04
2026-04-21 10:03:00,老庄节制闸,1.04
2026-04-21 10:08:00,老庄节制闸,1.04
2026-04-21 10:13:00,老庄节制闸,1.04
2026-04-21 10:18:00,老庄节制闸,1.04
2026-04-21 10:24:00,老庄节制闸,1.03
2026-04-21 10:29:00,老庄节制闸,1.02
2026-04-21 10:35:00,老庄节制闸,1.0
2026-04-21 10:41:00,老庄节制闸,0.98
2026-04-21 10:46:00,老庄节制闸,0.95
2026-04-21 10:52:00,老庄节制闸,0.93
2026-04-21 10:57:00,老庄节制闸,0.92
2026-04-21 11:03:00,老庄节制闸,0.9
2026-04-21 11:09:00,老庄节制闸,0.88
2026-04-21 11:15:00,老庄节制闸,0.87
2026-04-21 11:20:00,老庄节制闸,0.85
2026-04-21 11:25:00,老庄节制闸,0.84
2026-04-21 11:30:00,老庄节制闸,0.83
2026-04-21 11:36:00,老庄节制闸,0.82
2026-04-21 11:41:00,老庄节制闸,0.82
2026-04-21 11:47:00,老庄节制闸,0.8
2026-04-21 11:52:00,老庄节制闸,0.79
2026-04-21 11:57:00,老庄节制闸,0.79
2026-04-21 12:03:00,老庄节制闸,0.79
2026-04-21 12:08:00,老庄节制闸,0.79
2026-04-21 12:13:00,老庄节制闸,0.79
2026-04-21 12:18:00,老庄节制闸,0.94
2026-04-21 12:23:00,老庄节制闸,1.01
2026-04-21 12:28:00,老庄节制闸,1.08
2026-04-21 12:33:00,老庄节制闸,1.1
2026-04-21 12:38:00,老庄节制闸,1.12
2026-04-21 12:43:00,老庄节制闸,1.13
2026-04-21 12:49:00,老庄节制闸,1.13
2026-04-21 12:55:00,老庄节制闸,1.13
2026-04-21 13:01:00,老庄节制闸,1.13
2026-04-21 13:06:00,老庄节制闸,1.13
2026-04-21 13:11:00,老庄节制闸,1.13
2026-04-21 13:16:00,老庄节制闸,1.12
2026-04-21 13:22:00,老庄节制闸,1.12
2026-04-21 13:27:00,老庄节制闸,1.12
2026-04-21 13:32:00,老庄节制闸,1.12
2026-04-21 13:38:00,老庄节制闸,1.12
2026-04-21 13:43:00,老庄节制闸,1.12
2026-04-21 13:48:00,老庄节制闸,1.12
2026-04-21 13:54:00,老庄节制闸,1.13
2026-04-21 13:59:00,老庄节制闸,1.13
2026-04-21 14:05:00,老庄节制闸,1.12
2026-04-21 14:10:00,老庄节制闸,1.12
2026-04-21 14:15:00,老庄节制闸,1.12
2026-04-21 14:20:00,老庄节制闸,1.12
2026-04-21 14:26:00,老庄节制闸,1.12
2026-04-21 14:32:00,老庄节制闸,1.12
2026-04-21 14:38:00,老庄节制闸,1.12
2026-04-21 14:44:00,老庄节制闸,1.12
2026-04-21 14:49:00,老庄节制闸,1.12
2026-04-21 14:54:00,老庄节制闸,1.12
2026-04-21 15:00:00,老庄节制闸,1.12
2026-04-21 15:06:00,老庄节制闸,1.12
2026-04-21 15:12:00,老庄节制闸,1.12
2026-04-21 15:17:00,老庄节制闸,1.12
2026-04-21 15:22:00,老庄节制闸,1.12
2026-04-21 15:27:00,老庄节制闸,1.12
2026-04-21 15:32:00,老庄节制闸,1.12
2026-04-21 15:38:00,老庄节制闸,1.12
2026-04-21 15:44:00,老庄节制闸,1.12
2026-04-21 15:50:00,老庄节制闸,1.12
2026-04-21 15:55:00,老庄节制闸,1.11
2026-04-21 16:01:00,老庄节制闸,1.11
2026-04-21 16:07:00,老庄节制闸,1.11
2026-04-21 16:13:00,老庄节制闸,1.11
2026-04-21 16:18:00,老庄节制闸,1.11
2026-04-21 16:23:00,老庄节制闸,1.11
2026-04-21 16:29:00,老庄节制闸,1.11
2026-04-21 16:34:00,老庄节制闸,1.11
2026-04-21 16:40:00,老庄节制闸,1.11
2026-04-21 16:46:00,老庄节制闸,1.11
2026-04-21 16:51:00,老庄节制闸,1.11
2026-04-21 16:56:00,老庄节制闸,1.11
2026-04-21 17:02:00,老庄节制闸,1.11
2026-04-21 17:08:00,老庄节制闸,1.11
2026-04-21 17:13:00,老庄节制闸,1.11
2026-04-21 17:19:00,老庄节制闸,0.91
2026-04-21 17:25:00,老庄节制闸,0.86
2026-04-21 17:31:00,老庄节制闸,0.83
2026-04-14 00:00:00,阳院节制闸,1.61
2026-04-14 00:02:00,阳院节制闸,1.61
2026-04-14 00:07:00,阳院节制闸,1.61
2026-04-14 00:13:00,阳院节制闸,1.61
2026-04-14 00:18:00,阳院节制闸,1.61
2026-04-14 00:23:00,阳院节制闸,1.61
2026-04-14 00:28:00,阳院节制闸,1.61
2026-04-14 00:33:00,阳院节制闸,1.61
2026-04-14 00:38:00,阳院节制闸,1.62
2026-04-14 00:43:00,阳院节制闸,1.62
2026-04-14 00:49:00,阳院节制闸,1.62
2026-04-14 00:54:00,阳院节制闸,1.62
2026-04-14 00:59:00,阳院节制闸,1.62
2026-04-14 01:04:00,阳院节制闸,1.62
2026-04-14 01:10:00,阳院节制闸,1.62
2026-04-14 01:15:00,阳院节制闸,1.62
2026-04-14 01:20:00,阳院节制闸,1.62
2026-04-14 01:25:00,阳院节制闸,1.62
2026-04-14 01:30:00,阳院节制闸,1.63
2026-04-14 01:36:00,阳院节制闸,1.63
2026-04-14 01:41:00,阳院节制闸,1.63
2026-04-14 01:46:00,阳院节制闸,1.63
2026-04-14 01:51:00,阳院节制闸,1.63
2026-04-14 01:57:00,阳院节制闸,1.63
2026-04-14 02:02:00,阳院节制闸,1.63
2026-04-14 02:08:00,阳院节制闸,1.63
2026-04-14 02:13:00,阳院节制闸,1.63
2026-04-14 02:19:00,阳院节制闸,1.64
2026-04-14 02:24:00,阳院节制闸,1.64
2026-04-14 02:30:00,阳院节制闸,1.64
2026-04-14 02:35:00,阳院节制闸,1.64
2026-04-14 02:41:00,阳院节制闸,1.64
2026-04-14 02:46:00,阳院节制闸,1.64
2026-04-14 02:52:00,阳院节制闸,1.64
2026-04-14 02:57:00,阳院节制闸,1.64
2026-04-14 03:03:00,阳院节制闸,1.64
2026-04-14 03:08:00,阳院节制闸,1.65
2026-04-14 03:14:00,阳院节制闸,1.65
2026-04-14 03:19:00,阳院节制闸,1.65
2026-04-14 03:25:00,阳院节制闸,1.65
2026-04-14 03:30:00,阳院节制闸,1.65
2026-04-14 03:35:00,阳院节制闸,1.65
2026-04-14 03:40:00,阳院节制闸,1.65
2026-04-14 03:45:00,阳院节制闸,1.65
2026-04-14 03:50:00,阳院节制闸,1.65
2026-04-14 03:56:00,阳院节制闸,1.65
2026-04-14 04:01:00,阳院节制闸,1.65
2026-04-14 04:06:00,阳院节制闸,1.66
2026-04-14 04:12:00,阳院节制闸,1.66
2026-04-14 04:17:00,阳院节制闸,1.66
2026-04-14 04:23:00,阳院节制闸,1.66
2026-04-14 04:28:00,阳院节制闸,1.66
2026-04-14 04:33:00,阳院节制闸,1.66
2026-04-14 04:38:00,阳院节制闸,1.66
2026-04-14 04:44:00,阳院节制闸,1.66
2026-04-14 04:49:00,阳院节制闸,1.66
2026-04-14 04:54:00,阳院节制闸,1.66
2026-04-14 04:59:00,阳院节制闸,1.66
2026-04-14 05:05:00,阳院节制闸,1.67
2026-04-14 05:10:00,阳院节制闸,1.67
2026-04-14 05:16:00,阳院节制闸,1.67
2026-04-14 05:21:00,阳院节制闸,1.67
2026-04-14 05:26:00,阳院节制闸,1.67
2026-04-14 05:31:00,阳院节制闸,1.67
2026-04-14 05:36:00,阳院节制闸,1.67
2026-04-14 05:42:00,阳院节制闸,1.67
2026-04-14 05:47:00,阳院节制闸,1.66
2026-04-14 05:52:00,阳院节制闸,1.66
2026-04-14 05:58:00,阳院节制闸,1.66
2026-04-14 06:03:00,阳院节制闸,1.66
2026-04-14 06:08:00,阳院节制闸,1.66
2026-04-14 06:13:00,阳院节制闸,1.66
2026-04-14 06:18:00,阳院节制闸,1.66
2026-04-14 06:24:00,阳院节制闸,1.66
2026-04-14 06:29:00,阳院节制闸,1.66
2026-04-14 06:34:00,阳院节制闸,1.66
2026-04-14 06:40:00,阳院节制闸,1.66
2026-04-14 06:45:00,阳院节制闸,1.66
2026-04-14 06:50:00,阳院节制闸,1.65
2026-04-14 06:55:00,阳院节制闸,1.65
2026-04-14 07:00:00,阳院节制闸,1.65
2026-04-14 07:05:00,阳院节制闸,1.65
2026-04-14 07:11:00,阳院节制闸,1.65
2026-04-14 07:16:00,阳院节制闸,1.65
2026-04-14 07:21:00,阳院节制闸,1.65
2026-04-14 07:26:00,阳院节制闸,1.65
2026-04-14 07:32:00,阳院节制闸,1.65
2026-04-14 07:37:00,阳院节制闸,1.64
2026-04-14 07:42:00,阳院节制闸,1.64
2026-04-14 07:47:00,阳院节制闸,1.64
2026-04-14 07:52:00,阳院节制闸,1.64
2026-04-14 07:58:00,阳院节制闸,1.64
2026-04-14 08:03:00,阳院节制闸,1.64
2026-04-14 08:08:00,阳院节制闸,1.64
2026-04-14 08:14:00,阳院节制闸,1.64
2026-04-14 08:19:00,阳院节制闸,1.64
2026-04-14 08:24:00,阳院节制闸,1.63
2026-04-14 08:29:00,阳院节制闸,1.63
2026-04-14 08:35:00,阳院节制闸,1.63
2026-04-14 08:40:00,阳院节制闸,1.63
2026-04-14 08:46:00,阳院节制闸,1.63
2026-04-14 08:51:00,阳院节制闸,1.63
2026-04-14 08:56:00,阳院节制闸,1.63
2026-04-14 09:02:00,阳院节制闸,1.63
2026-04-14 09:07:00,阳院节制闸,1.63
2026-04-14 09:12:00,阳院节制闸,1.63
2026-04-14 09:17:00,阳院节制闸,1.62
2026-04-14 09:22:00,阳院节制闸,1.62
2026-04-14 09:27:00,阳院节制闸,1.62
2026-04-14 09:32:00,阳院节制闸,1.62
2026-04-14 09:38:00,阳院节制闸,1.62
2026-04-14 09:43:00,阳院节制闸,1.62
2026-04-14 09:48:00,阳院节制闸,1.61
2026-04-14 09:53:00,阳院节制闸,1.61
2026-04-14 09:59:00,阳院节制闸,1.61
2026-04-14 10:04:00,阳院节制闸,1.61
2026-04-14 10:09:00,阳院节制闸,1.61
2026-04-14 10:15:00,阳院节制闸,1.61
2026-04-14 10:20:00,阳院节制闸,1.61
2026-04-14 10:25:00,阳院节制闸,1.61
2026-04-14 10:31:00,阳院节制闸,1.61
2026-04-14 10:36:00,阳院节制闸,1.57
2026-04-14 10:41:00,阳院节制闸,1.6
2026-04-14 10:46:00,阳院节制闸,1.59
2026-04-14 10:52:00,阳院节制闸,1.6
2026-04-14 10:57:00,阳院节制闸,1.59
2026-04-14 11:02:00,阳院节制闸,1.59
2026-04-14 11:08:00,阳院节制闸,1.59
2026-04-14 11:13:00,阳院节制闸,1.6
2026-04-14 11:18:00,阳院节制闸,1.61
2026-04-14 11:24:00,阳院节制闸,1.58
2026-04-14 11:29:00,阳院节制闸,1.59
2026-04-14 11:34:00,阳院节制闸,1.59
2026-04-14 11:39:00,阳院节制闸,1.59
2026-04-14 11:44:00,阳院节制闸,1.59
2026-04-14 11:49:00,阳院节制闸,1.58
2026-04-14 11:54:00,阳院节制闸,1.58
2026-04-14 11:59:00,阳院节制闸,1.58
2026-04-14 12:05:00,阳院节制闸,1.58
2026-04-14 12:10:00,阳院节制闸,1.58
2026-04-14 12:15:00,阳院节制闸,1.58
2026-04-14 12:21:00,阳院节制闸,1.58
2026-04-14 12:26:00,阳院节制闸,1.58
2026-04-14 12:32:00,阳院节制闸,1.57
2026-04-14 12:37:00,阳院节制闸,1.57
2026-04-14 12:42:00,阳院节制闸,1.57
2026-04-14 12:48:00,阳院节制闸,1.57
2026-04-14 12:53:00,阳院节制闸,1.57
2026-04-14 12:58:00,阳院节制闸,1.56
2026-04-14 13:03:00,阳院节制闸,1.59
2026-04-14 13:09:00,阳院节制闸,1.59
2026-04-14 13:14:00,阳院节制闸,1.59
2026-04-14 13:20:00,阳院节制闸,1.58
2026-04-14 13:25:00,阳院节制闸,1.58
2026-04-14 13:30:00,阳院节制闸,1.58
2026-04-14 13:36:00,阳院节制闸,1.58
2026-04-14 13:41:00,阳院节制闸,1.59
2026-04-14 13:47:00,阳院节制闸,1.59
2026-04-14 13:52:00,阳院节制闸,1.6
2026-04-14 13:58:00,阳院节制闸,1.6
2026-04-14 14:03:00,阳院节制闸,1.6
2026-04-14 14:08:00,阳院节制闸,1.61
2026-04-14 14:13:00,阳院节制闸,1.61
2026-04-14 14:18:00,阳院节制闸,1.61
2026-04-14 14:24:00,阳院节制闸,1.61
2026-04-14 14:29:00,阳院节制闸,1.61
2026-04-14 14:34:00,阳院节制闸,1.62
2026-04-14 14:40:00,阳院节制闸,1.62
2026-04-14 14:45:00,阳院节制闸,1.62
2026-04-14 14:51:00,阳院节制闸,1.62
2026-04-14 14:56:00,阳院节制闸,1.62
2026-04-14 15:01:00,阳院节制闸,1.63
2026-04-14 15:07:00,阳院节制闸,1.63
2026-04-14 15:12:00,阳院节制闸,1.63
2026-04-14 15:18:00,阳院节制闸,1.63
2026-04-14 15:23:00,阳院节制闸,1.64
2026-04-14 15:28:00,阳院节制闸,1.64
2026-04-14 15:34:00,阳院节制闸,1.64
2026-04-14 15:39:00,阳院节制闸,1.64
2026-04-14 15:44:00,阳院节制闸,1.64
2026-04-14 15:49:00,阳院节制闸,1.64
2026-04-14 15:55:00,阳院节制闸,1.64
2026-04-14 16:00:00,阳院节制闸,1.64
2026-04-14 16:05:00,阳院节制闸,1.64
2026-04-14 16:11:00,阳院节制闸,1.65
2026-04-14 16:16:00,阳院节制闸,1.65
2026-04-14 16:22:00,阳院节制闸,1.65
2026-04-14 16:27:00,阳院节制闸,1.65
2026-04-14 16:32:00,阳院节制闸,1.65
2026-04-14 16:54:00,阳院节制闸,1.65
2026-04-14 16:59:00,阳院节制闸,1.65
2026-04-14 17:05:00,阳院节制闸,1.65
2026-04-14 17:10:00,阳院节制闸,1.65
2026-04-14 17:15:00,阳院节制闸,1.65
2026-04-14 17:21:00,阳院节制闸,1.65
2026-04-14 17:26:00,阳院节制闸,1.65
2026-04-14 17:31:00,阳院节制闸,1.65
2026-04-14 17:37:00,阳院节制闸,1.65
2026-04-14 17:42:00,阳院节制闸,1.65
2026-04-14 17:48:00,阳院节制闸,1.65
2026-04-14 17:53:00,阳院节制闸,1.65
2026-04-14 17:58:00,阳院节制闸,1.65
2026-04-14 18:04:00,阳院节制闸,1.65
2026-04-14 18:09:00,阳院节制闸,1.65
2026-04-14 18:15:00,阳院节制闸,1.65
2026-04-14 18:20:00,阳院节制闸,1.65
2026-04-14 18:26:00,阳院节制闸,1.65
2026-04-14 18:31:00,阳院节制闸,1.65
2026-04-14 18:36:00,阳院节制闸,1.65
2026-04-14 18:41:00,阳院节制闸,1.65
2026-04-14 18:47:00,阳院节制闸,1.65
2026-04-14 18:52:00,阳院节制闸,1.65
2026-04-14 18:58:00,阳院节制闸,1.65
2026-04-14 19:03:00,阳院节制闸,1.65
2026-04-14 19:08:00,阳院节制闸,1.65
2026-04-14 19:14:00,阳院节制闸,1.65
2026-04-14 19:19:00,阳院节制闸,1.65
2026-04-14 19:25:00,阳院节制闸,1.65
2026-04-14 19:30:00,阳院节制闸,1.65
2026-04-14 19:35:00,阳院节制闸,1.65
2026-04-14 19:41:00,阳院节制闸,1.65
2026-04-14 19:46:00,阳院节制闸,1.65
2026-04-14 19:52:00,阳院节制闸,1.65
2026-04-14 19:57:00,阳院节制闸,1.65
2026-04-14 20:02:00,阳院节制闸,1.65
2026-04-14 20:08:00,阳院节制闸,1.65
2026-04-14 20:13:00,阳院节制闸,1.65
2026-04-14 20:18:00,阳院节制闸,1.65
2026-04-14 20:24:00,阳院节制闸,1.65
2026-04-14 20:29:00,阳院节制闸,1.65
2026-04-14 20:35:00,阳院节制闸,1.65
2026-04-14 20:40:00,阳院节制闸,1.65
2026-04-14 20:45:00,阳院节制闸,1.65
2026-04-14 20:51:00,阳院节制闸,1.65
2026-04-14 20:56:00,阳院节制闸,1.65
2026-04-14 21:02:00,阳院节制闸,1.65
2026-04-14 21:07:00,阳院节制闸,1.65
2026-04-14 21:12:00,阳院节制闸,1.65
2026-04-14 21:17:00,阳院节制闸,1.65
2026-04-14 21:23:00,阳院节制闸,1.65
2026-04-14 21:28:00,阳院节制闸,1.65
2026-04-14 21:33:00,阳院节制闸,1.65
2026-04-14 21:39:00,阳院节制闸,1.65
2026-04-14 21:44:00,阳院节制闸,1.65
2026-04-14 21:49:00,阳院节制闸,1.65
2026-04-14 21:54:00,阳院节制闸,1.64
2026-04-14 21:59:00,阳院节制闸,1.64
2026-04-14 22:05:00,阳院节制闸,1.64
2026-04-14 22:10:00,阳院节制闸,1.64
2026-04-14 22:16:00,阳院节制闸,1.64
2026-04-14 22:21:00,阳院节制闸,1.64
2026-04-14 22:26:00,阳院节制闸,1.64
2026-04-14 22:31:00,阳院节制闸,1.64
2026-04-14 22:37:00,阳院节制闸,1.64
2026-04-14 22:42:00,阳院节制闸,1.64
2026-04-14 22:47:00,阳院节制闸,1.64
2026-04-14 22:53:00,阳院节制闸,1.64
2026-04-14 22:58:00,阳院节制闸,1.64
2026-04-14 23:02:00,阳院节制闸,1.64
2026-04-14 23:09:00,阳院节制闸,1.63
2026-04-14 23:14:00,阳院节制闸,1.63
2026-04-14 23:19:00,阳院节制闸,1.63
2026-04-14 23:24:00,阳院节制闸,1.63
2026-04-14 23:30:00,阳院节制闸,1.63
2026-04-14 23:35:00,阳院节制闸,1.63
2026-04-14 23:40:00,阳院节制闸,1.63
2026-04-14 23:45:00,阳院节制闸,1.63
2026-04-14 23:50:00,阳院节制闸,1.63
2026-04-14 23:56:00,阳院节制闸,1.63
2026-04-15 00:01:00,阳院节制闸,1.63
2026-04-15 00:06:00,阳院节制闸,1.63
2026-04-15 00:12:00,阳院节制闸,1.63
2026-04-15 00:17:00,阳院节制闸,1.63
2026-04-15 00:23:00,阳院节制闸,1.63
2026-04-15 00:28:00,阳院节制闸,1.63
2026-04-15 00:33:00,阳院节制闸,1.63
2026-04-15 00:38:00,阳院节制闸,1.63
2026-04-15 00:43:00,阳院节制闸,1.62
2026-04-15 00:49:00,阳院节制闸,1.62
2026-04-15 00:54:00,阳院节制闸,1.62
2026-04-15 01:00:00,阳院节制闸,1.62
2026-04-15 01:05:00,阳院节制闸,1.62
2026-04-15 01:10:00,阳院节制闸,1.62
2026-04-15 01:16:00,阳院节制闸,1.62
2026-04-15 01:21:00,阳院节制闸,1.62
2026-04-15 01:26:00,阳院节制闸,1.62
2026-04-15 01:32:00,阳院节制闸,1.62
2026-04-15 01:37:00,阳院节制闸,1.62
2026-04-15 01:43:00,阳院节制闸,1.62
2026-04-15 01:48:00,阳院节制闸,1.62
2026-04-15 01:54:00,阳院节制闸,1.62
2026-04-15 01:59:00,阳院节制闸,1.62
2026-04-15 02:04:00,阳院节制闸,1.62
2026-04-15 02:10:00,阳院节制闸,1.62
2026-04-15 02:15:00,阳院节制闸,1.62
2026-04-15 02:21:00,阳院节制闸,1.62
2026-04-15 02:26:00,阳院节制闸,1.62
2026-04-15 02:31:00,阳院节制闸,1.61
2026-04-15 02:37:00,阳院节制闸,1.62
2026-04-15 02:42:00,阳院节制闸,1.62
2026-04-15 02:48:00,阳院节制闸,1.61
2026-04-15 02:53:00,阳院节制闸,1.61
2026-04-15 02:58:00,阳院节制闸,1.61
2026-04-15 03:03:00,阳院节制闸,1.61
2026-04-15 03:08:00,阳院节制闸,1.61
2026-04-15 03:14:00,阳院节制闸,1.61
2026-04-15 03:19:00,阳院节制闸,1.61
2026-04-15 03:24:00,阳院节制闸,1.61
2026-04-15 03:29:00,阳院节制闸,1.61
2026-04-15 03:35:00,阳院节制闸,1.61
2026-04-15 03:40:00,阳院节制闸,1.61
2026-04-15 03:45:00,阳院节制闸,1.61
2026-04-15 03:50:00,阳院节制闸,1.61
2026-04-15 03:55:00,阳院节制闸,1.61
2026-04-15 04:01:00,阳院节制闸,1.61
2026-04-15 04:06:00,阳院节制闸,1.61
2026-04-15 04:12:00,阳院节制闸,1.61
2026-04-15 04:17:00,阳院节制闸,1.61
2026-04-15 04:22:00,阳院节制闸,1.61
2026-04-15 04:27:00,阳院节制闸,1.61
2026-04-15 04:33:00,阳院节制闸,1.61
2026-04-15 04:38:00,阳院节制闸,1.61
2026-04-15 04:43:00,阳院节制闸,1.61
2026-04-15 04:49:00,阳院节制闸,1.61
2026-04-15 04:54:00,阳院节制闸,1.61
2026-04-15 04:59:00,阳院节制闸,1.61
2026-04-15 05:04:00,阳院节制闸,1.61
2026-04-15 05:10:00,阳院节制闸,1.6
2026-04-15 05:15:00,阳院节制闸,1.6
2026-04-15 05:21:00,阳院节制闸,1.6
2026-04-15 05:26:00,阳院节制闸,1.6
2026-04-15 05:31:00,阳院节制闸,1.6
2026-04-15 05:36:00,阳院节制闸,1.6
2026-04-15 05:41:00,阳院节制闸,1.6
2026-04-15 05:47:00,阳院节制闸,1.6
2026-04-15 05:52:00,阳院节制闸,1.6
2026-04-15 05:58:00,阳院节制闸,1.6
2026-04-15 06:03:00,阳院节制闸,1.6
2026-04-15 06:08:00,阳院节制闸,1.6
2026-04-15 06:13:00,阳院节制闸,1.6
2026-04-15 06:18:00,阳院节制闸,1.6
2026-04-15 06:23:00,阳院节制闸,1.6
2026-04-15 06:29:00,阳院节制闸,1.6
2026-04-15 06:34:00,阳院节制闸,1.6
2026-04-15 06:39:00,阳院节制闸,1.59
2026-04-15 06:45:00,阳院节制闸,1.59
2026-04-15 06:50:00,阳院节制闸,1.59
2026-04-15 06:56:00,阳院节制闸,1.59
2026-04-15 07:01:00,阳院节制闸,1.58
2026-04-15 07:06:00,阳院节制闸,1.58
2026-04-15 07:12:00,阳院节制闸,1.58
2026-04-15 07:17:00,阳院节制闸,1.57
2026-04-15 07:23:00,阳院节制闸,1.58
2026-04-15 07:28:00,阳院节制闸,1.57
2026-04-15 07:34:00,阳院节制闸,1.57
2026-04-15 07:39:00,阳院节制闸,1.57
2026-04-15 07:44:00,阳院节制闸,1.56
2026-04-15 07:49:00,阳院节制闸,1.56
2026-04-15 07:55:00,阳院节制闸,1.56
2026-04-15 08:00:00,阳院节制闸,1.56
2026-04-15 08:05:00,阳院节制闸,1.56
2026-04-15 08:11:00,阳院节制闸,1.55
2026-04-15 08:16:00,阳院节制闸,1.56
2026-04-15 08:22:00,阳院节制闸,1.55
2026-04-15 08:27:00,阳院节制闸,1.55
2026-04-15 08:32:00,阳院节制闸,1.55
2026-04-15 08:37:00,阳院节制闸,1.55
2026-04-15 08:42:00,阳院节制闸,1.55
2026-04-15 08:47:00,阳院节制闸,1.54
2026-04-15 08:53:00,阳院节制闸,1.54
2026-04-15 08:58:00,阳院节制闸,1.54
2026-04-15 09:03:00,阳院节制闸,1.54
2026-04-15 09:08:00,阳院节制闸,1.54
2026-04-15 09:14:00,阳院节制闸,1.53
2026-04-15 09:19:00,阳院节制闸,1.59
2026-04-15 09:24:00,阳院节制闸,1.55
2026-04-15 09:30:00,阳院节制闸,1.54
2026-04-15 09:35:00,阳院节制闸,1.54
2026-04-15 09:40:00,阳院节制闸,1.54
2026-04-15 09:46:00,阳院节制闸,1.54
2026-04-15 09:51:00,阳院节制闸,1.54
2026-04-15 09:57:00,阳院节制闸,1.54
2026-04-15 10:02:00,阳院节制闸,1.53
2026-04-15 10:07:00,阳院节制闸,1.55
2026-04-15 10:13:00,阳院节制闸,1.54
2026-04-15 10:18:00,阳院节制闸,1.53
2026-04-15 10:23:00,阳院节制闸,1.53
2026-04-15 10:29:00,阳院节制闸,1.53
2026-04-15 10:34:00,阳院节制闸,1.53
2026-04-15 10:40:00,阳院节制闸,1.53
2026-04-15 10:45:00,阳院节制闸,1.53
2026-04-15 10:50:00,阳院节制闸,1.53
2026-04-15 10:56:00,阳院节制闸,1.54
2026-04-15 11:01:00,阳院节制闸,1.53
2026-04-15 11:06:00,阳院节制闸,1.53
2026-04-15 11:11:00,阳院节制闸,1.52
2026-04-15 11:17:00,阳院节制闸,1.52
2026-04-15 11:22:00,阳院节制闸,1.52
2026-04-15 11:27:00,阳院节制闸,1.53
2026-04-15 11:33:00,阳院节制闸,1.52
2026-04-15 11:38:00,阳院节制闸,1.52
2026-04-15 11:43:00,阳院节制闸,1.53
2026-04-15 11:49:00,阳院节制闸,1.52
2026-04-15 11:54:00,阳院节制闸,1.52
2026-04-15 12:00:00,阳院节制闸,1.52
2026-04-15 12:05:00,阳院节制闸,1.52
2026-04-15 12:10:00,阳院节制闸,1.51
2026-04-15 12:16:00,阳院节制闸,1.51
2026-04-15 12:21:00,阳院节制闸,1.51
2026-04-15 12:27:00,阳院节制闸,1.51
2026-04-15 12:32:00,阳院节制闸,1.51
2026-04-15 12:38:00,阳院节制闸,1.51
2026-04-15 12:43:00,阳院节制闸,1.51
2026-04-15 12:48:00,阳院节制闸,1.51
2026-04-15 12:54:00,阳院节制闸,1.5
2026-04-15 12:59:00,阳院节制闸,1.5
2026-04-15 13:04:00,阳院节制闸,1.5
2026-04-15 13:10:00,阳院节制闸,1.5
2026-04-15 13:15:00,阳院节制闸,1.49
2026-04-15 13:20:00,阳院节制闸,1.5
2026-04-15 13:26:00,阳院节制闸,1.49
2026-04-15 13:31:00,阳院节制闸,1.49
2026-04-15 13:37:00,阳院节制闸,1.49
2026-04-15 13:42:00,阳院节制闸,1.49
2026-04-15 13:47:00,阳院节制闸,1.49
2026-04-15 13:52:00,阳院节制闸,1.49
2026-04-15 13:58:00,阳院节制闸,1.48
2026-04-15 14:03:00,阳院节制闸,1.48
2026-04-15 14:09:00,阳院节制闸,1.48
2026-04-15 14:14:00,阳院节制闸,1.47
2026-04-15 14:19:00,阳院节制闸,1.47
2026-04-15 14:24:00,阳院节制闸,1.47
2026-04-15 14:30:00,阳院节制闸,1.47
2026-04-15 14:35:00,阳院节制闸,1.47
2026-04-15 14:40:00,阳院节制闸,1.46
2026-04-15 14:45:00,阳院节制闸,1.46
2026-04-15 14:50:00,阳院节制闸,1.46
2026-04-15 14:56:00,阳院节制闸,1.46
2026-04-15 15:01:00,阳院节制闸,1.46
2026-04-15 15:06:00,阳院节制闸,1.45
2026-04-15 15:12:00,阳院节制闸,1.45
2026-04-15 15:17:00,阳院节制闸,1.45
2026-04-15 15:22:00,阳院节制闸,1.44
2026-04-15 15:28:00,阳院节制闸,1.44
2026-04-15 15:33:00,阳院节制闸,1.44
2026-04-15 15:38:00,阳院节制闸,1.44
2026-04-15 15:44:00,阳院节制闸,1.43
2026-04-15 15:49:00,阳院节制闸,1.43
2026-04-15 15:54:00,阳院节制闸,1.43
2026-04-15 16:00:00,阳院节制闸,1.43
2026-04-15 16:05:00,阳院节制闸,1.43
2026-04-15 16:10:00,阳院节制闸,1.43
2026-04-15 16:16:00,阳院节制闸,1.42
2026-04-15 16:21:00,阳院节制闸,1.42
2026-04-15 16:27:00,阳院节制闸,1.42
2026-04-15 16:32:00,阳院节制闸,1.42
2026-04-15 16:37:00,阳院节制闸,1.42
2026-04-15 16:43:00,阳院节制闸,1.42
2026-04-15 16:48:00,阳院节制闸,1.42
2026-04-15 16:54:00,阳院节制闸,1.41
2026-04-15 16:59:00,阳院节制闸,1.41
2026-04-15 17:04:00,阳院节制闸,1.41
2026-04-15 17:09:00,阳院节制闸,1.41
2026-04-15 17:14:00,阳院节制闸,1.41
2026-04-15 17:20:00,阳院节制闸,1.41
2026-04-15 17:25:00,阳院节制闸,1.4
2026-04-15 17:30:00,阳院节制闸,1.4
2026-04-15 17:36:00,阳院节制闸,1.4
2026-04-15 17:41:00,阳院节制闸,1.4
2026-04-15 17:46:00,阳院节制闸,1.4
2026-04-15 17:51:00,阳院节制闸,1.39
2026-04-15 17:56:00,阳院节制闸,1.39
2026-04-15 18:02:00,阳院节制闸,1.39
2026-04-15 18:07:00,阳院节制闸,1.39
2026-04-15 18:12:00,阳院节制闸,1.38
2026-04-15 18:17:00,阳院节制闸,1.38
2026-04-15 18:22:00,阳院节制闸,1.38
2026-04-15 18:28:00,阳院节制闸,1.37
2026-04-15 18:33:00,阳院节制闸,1.37
2026-04-15 18:38:00,阳院节制闸,1.37
2026-04-15 18:43:00,阳院节制闸,1.37
2026-04-15 18:48:00,阳院节制闸,1.37
2026-04-15 18:53:00,阳院节制闸,1.36
2026-04-15 18:58:00,阳院节制闸,1.36
2026-04-15 19:04:00,阳院节制闸,1.36
2026-04-15 19:09:00,阳院节制闸,1.36
2026-04-15 19:15:00,阳院节制闸,1.36
2026-04-15 19:20:00,阳院节制闸,1.36
2026-04-15 19:25:00,阳院节制闸,1.36
2026-04-15 19:31:00,阳院节制闸,1.36
2026-04-15 19:36:00,阳院节制闸,1.36
2026-04-15 19:42:00,阳院节制闸,1.35
2026-04-15 19:47:00,阳院节制闸,1.35
2026-04-15 19:52:00,阳院节制闸,1.38
2026-04-15 19:58:00,阳院节制闸,1.38
2026-04-15 20:03:00,阳院节制闸,1.38
2026-04-15 20:08:00,阳院节制闸,1.37
2026-04-15 20:13:00,阳院节制闸,1.37
2026-04-15 20:18:00,阳院节制闸,1.37
2026-04-15 20:24:00,阳院节制闸,1.37
2026-04-15 20:29:00,阳院节制闸,1.37
2026-04-15 20:35:00,阳院节制闸,1.37
2026-04-15 20:40:00,阳院节制闸,1.37
2026-04-15 20:45:00,阳院节制闸,1.37
2026-04-15 20:50:00,阳院节制闸,1.37
2026-04-15 20:55:00,阳院节制闸,1.37
2026-04-15 21:00:00,阳院节制闸,1.37
2026-04-15 21:05:00,阳院节制闸,1.37
2026-04-15 21:11:00,阳院节制闸,1.37
2026-04-15 21:16:00,阳院节制闸,1.37
2026-04-15 21:22:00,阳院节制闸,1.37
2026-04-15 21:27:00,阳院节制闸,1.37
2026-04-15 21:32:00,阳院节制闸,1.37
2026-04-15 21:37:00,阳院节制闸,1.38
2026-04-15 21:43:00,阳院节制闸,1.38
2026-04-15 21:48:00,阳院节制闸,1.38
2026-04-15 21:53:00,阳院节制闸,1.38
2026-04-15 21:59:00,阳院节制闸,1.38
2026-04-15 22:04:00,阳院节制闸,1.38
2026-04-15 22:10:00,阳院节制闸,1.38
2026-04-15 22:15:00,阳院节制闸,1.38
2026-04-15 22:21:00,阳院节制闸,1.38
2026-04-15 22:26:00,阳院节制闸,1.38
2026-04-15 22:31:00,阳院节制闸,1.38
2026-04-15 22:36:00,阳院节制闸,1.38
2026-04-15 22:42:00,阳院节制闸,1.38
2026-04-15 22:47:00,阳院节制闸,1.38
2026-04-15 22:53:00,阳院节制闸,1.38
2026-04-15 22:58:00,阳院节制闸,1.38
2026-04-15 23:03:00,阳院节制闸,1.38
2026-04-15 23:09:00,阳院节制闸,1.38
2026-04-15 23:15:00,阳院节制闸,1.38
2026-04-15 23:20:00,阳院节制闸,1.38
2026-04-15 23:25:00,阳院节制闸,1.38
2026-04-15 23:30:00,阳院节制闸,1.38
2026-04-15 23:36:00,阳院节制闸,1.38
2026-04-15 23:41:00,阳院节制闸,1.38
2026-04-15 23:46:00,阳院节制闸,1.38
2026-04-15 23:52:00,阳院节制闸,1.38
2026-04-15 23:57:00,阳院节制闸,1.38
2026-04-16 00:02:00,阳院节制闸,1.38
2026-04-16 00:08:00,阳院节制闸,1.38
2026-04-16 00:13:00,阳院节制闸,1.38
2026-04-16 00:18:00,阳院节制闸,1.38
2026-04-16 00:24:00,阳院节制闸,1.38
2026-04-16 00:29:00,阳院节制闸,1.38
2026-04-16 00:34:00,阳院节制闸,1.38
2026-04-16 00:39:00,阳院节制闸,1.38
2026-04-16 00:45:00,阳院节制闸,1.38
2026-04-16 00:50:00,阳院节制闸,1.38
2026-04-16 00:55:00,阳院节制闸,1.38
2026-04-16 01:00:00,阳院节制闸,1.39
2026-04-16 01:05:00,阳院节制闸,1.38
2026-04-16 01:11:00,阳院节制闸,1.38
2026-04-16 01:16:00,阳院节制闸,1.38
2026-04-16 01:22:00,阳院节制闸,1.39
2026-04-16 01:27:00,阳院节制闸,1.39
2026-04-16 01:32:00,阳院节制闸,1.39
2026-04-16 01:37:00,阳院节制闸,1.39
2026-04-16 01:43:00,阳院节制闸,1.39
2026-04-16 01:48:00,阳院节制闸,1.39
2026-04-16 01:54:00,阳院节制闸,1.39
2026-04-16 01:59:00,阳院节制闸,1.39
2026-04-16 02:04:00,阳院节制闸,1.39
2026-04-16 02:10:00,阳院节制闸,1.39
2026-04-16 02:15:00,阳院节制闸,1.39
2026-04-16 02:20:00,阳院节制闸,1.39
2026-04-16 02:25:00,阳院节制闸,1.39
2026-04-16 02:31:00,阳院节制闸,1.39
2026-04-16 02:36:00,阳院节制闸,1.39
2026-04-16 02:41:00,阳院节制闸,1.39
2026-04-16 02:47:00,阳院节制闸,1.39
2026-04-16 02:52:00,阳院节制闸,1.39
2026-04-16 02:58:00,阳院节制闸,1.4
2026-04-16 03:03:00,阳院节制闸,1.4
2026-04-16 03:08:00,阳院节制闸,1.4
2026-04-16 03:13:00,阳院节制闸,1.4
2026-04-16 03:19:00,阳院节制闸,1.4
2026-04-16 03:24:00,阳院节制闸,1.4
2026-04-16 03:29:00,阳院节制闸,1.41
2026-04-16 03:35:00,阳院节制闸,1.41
2026-04-16 03:40:00,阳院节制闸,1.41
2026-04-16 03:45:00,阳院节制闸,1.41
2026-04-16 03:50:00,阳院节制闸,1.41
2026-04-16 03:55:00,阳院节制闸,1.41
2026-04-16 04:01:00,阳院节制闸,1.41
2026-04-16 04:06:00,阳院节制闸,1.41
2026-04-16 04:11:00,阳院节制闸,1.41
2026-04-16 04:17:00,阳院节制闸,1.41
2026-04-16 04:22:00,阳院节制闸,1.42
2026-04-16 04:28:00,阳院节制闸,1.42
2026-04-16 04:33:00,阳院节制闸,1.42
2026-04-16 04:38:00,阳院节制闸,1.42
2026-04-16 04:44:00,阳院节制闸,1.42
2026-04-16 04:49:00,阳院节制闸,1.42
2026-04-16 04:55:00,阳院节制闸,1.42
2026-04-16 05:00:00,阳院节制闸,1.42
2026-04-16 05:06:00,阳院节制闸,1.42
2026-04-16 05:11:00,阳院节制闸,1.42
2026-04-16 05:16:00,阳院节制闸,1.43
2026-04-16 05:22:00,阳院节制闸,1.43
2026-04-16 05:27:00,阳院节制闸,1.42
2026-04-16 05:33:00,阳院节制闸,1.42
2026-04-16 05:38:00,阳院节制闸,1.42
2026-04-16 05:43:00,阳院节制闸,1.42
2026-04-16 05:49:00,阳院节制闸,1.42
2026-04-16 05:54:00,阳院节制闸,1.42
2026-04-16 05:59:00,阳院节制闸,1.42
2026-04-16 06:04:00,阳院节制闸,1.41
2026-04-16 06:09:00,阳院节制闸,1.41
2026-04-16 06:15:00,阳院节制闸,1.41
2026-04-16 06:20:00,阳院节制闸,1.41
2026-04-16 06:26:00,阳院节制闸,1.41
2026-04-16 06:31:00,阳院节制闸,1.41
2026-04-16 06:36:00,阳院节制闸,1.23
2026-04-16 06:41:00,阳院节制闸,1.19
2026-04-16 06:46:00,阳院节制闸,1.32
2026-04-16 06:51:00,阳院节制闸,1.33
2026-04-16 06:57:00,阳院节制闸,1.35
2026-04-16 07:02:00,阳院节制闸,1.35
2026-04-16 07:08:00,阳院节制闸,1.32
2026-04-16 07:13:00,阳院节制闸,1.32
2026-04-16 07:19:00,阳院节制闸,1.27
2026-04-16 07:24:00,阳院节制闸,1.27
2026-04-16 07:30:00,阳院节制闸,1.23
2026-04-16 07:35:00,阳院节制闸,1.21
2026-04-16 07:41:00,阳院节制闸,1.21
2026-04-16 07:46:00,阳院节制闸,1.2
2026-04-16 07:51:00,阳院节制闸,1.2
2026-04-16 07:56:00,阳院节制闸,1.19
2026-04-16 08:02:00,阳院节制闸,1.18
2026-04-16 08:07:00,阳院节制闸,1.17
2026-04-16 08:12:00,阳院节制闸,1.15
2026-04-16 08:17:00,阳院节制闸,1.14
2026-04-16 08:23:00,阳院节制闸,1.13
2026-04-16 08:28:00,阳院节制闸,1.12
2026-04-16 08:33:00,阳院节制闸,1.1
2026-04-16 08:38:00,阳院节制闸,1.09
2026-04-16 08:44:00,阳院节制闸,1.08
2026-04-16 08:49:00,阳院节制闸,1.07
2026-04-16 08:54:00,阳院节制闸,1.06
2026-04-16 08:59:00,阳院节制闸,1.05
2026-04-16 09:04:00,阳院节制闸,1.04
2026-04-16 09:09:00,阳院节制闸,1.03
2026-04-16 09:14:00,阳院节制闸,1.02
2026-04-16 09:20:00,阳院节制闸,1.01
2026-04-16 09:25:00,阳院节制闸,1.0
2026-04-16 09:30:00,阳院节制闸,0.99
2026-04-16 09:35:00,阳院节制闸,0.97
2026-04-16 09:41:00,阳院节制闸,0.96
2026-04-16 09:46:00,阳院节制闸,0.91
2026-04-16 09:51:00,阳院节制闸,0.91
2026-04-16 09:57:00,阳院节制闸,0.9
2026-04-16 10:02:00,阳院节制闸,0.9
2026-04-16 10:07:00,阳院节制闸,0.89
2026-04-16 10:12:00,阳院节制闸,0.88
2026-04-16 10:17:00,阳院节制闸,0.87
2026-04-16 10:22:00,阳院节制闸,0.86
2026-04-16 10:28:00,阳院节制闸,0.85
2026-04-16 10:33:00,阳院节制闸,0.83
2026-04-16 10:38:00,阳院节制闸,0.82
2026-04-16 10:44:00,阳院节制闸,0.81
2026-04-16 10:49:00,阳院节制闸,0.8
2026-04-16 10:54:00,阳院节制闸,0.79
2026-04-16 11:00:00,阳院节制闸,0.77
2026-04-16 11:05:00,阳院节制闸,0.76
2026-04-16 11:10:00,阳院节制闸,0.75
2026-04-16 11:16:00,阳院节制闸,0.73
2026-04-16 11:21:00,阳院节制闸,0.72
2026-04-16 11:26:00,阳院节制闸,0.7
2026-04-16 11:31:00,阳院节制闸,0.69
2026-04-16 11:37:00,阳院节制闸,0.68
2026-04-16 11:42:00,阳院节制闸,0.66
2026-04-16 11:47:00,阳院节制闸,0.65
2026-04-16 11:53:00,阳院节制闸,0.63
2026-04-16 11:58:00,阳院节制闸,0.62
2026-04-16 12:03:00,阳院节制闸,0.6
2026-04-16 12:09:00,阳院节制闸,0.58
2026-04-16 12:14:00,阳院节制闸,0.57
2026-04-16 12:19:00,阳院节制闸,0.55
2026-04-16 12:24:00,阳院节制闸,0.53
2026-04-16 12:30:00,阳院节制闸,0.51
2026-04-16 12:35:00,阳院节制闸,0.5
2026-04-16 12:40:00,阳院节制闸,0.48
2026-04-16 12:46:00,阳院节制闸,0.46
2026-04-16 12:51:00,阳院节制闸,0.45
2026-04-16 12:56:00,阳院节制闸,0.44
2026-04-16 13:01:00,阳院节制闸,0.44
2026-04-16 13:06:00,阳院节制闸,0.43
2026-04-16 13:12:00,阳院节制闸,0.43
2026-04-16 13:17:00,阳院节制闸,0.43
2026-04-16 13:22:00,阳院节制闸,0.43
2026-04-16 13:27:00,阳院节制闸,0.42
2026-04-16 13:32:00,阳院节制闸,0.42
2026-04-16 13:37:00,阳院节制闸,0.42
2026-04-16 13:43:00,阳院节制闸,0.42
2026-04-16 13:48:00,阳院节制闸,0.42
2026-04-16 13:54:00,阳院节制闸,0.42
2026-04-16 13:59:00,阳院节制闸,0.42
2026-04-16 14:04:00,阳院节制闸,0.42
2026-04-16 14:10:00,阳院节制闸,0.42
2026-04-16 14:15:00,阳院节制闸,0.42
2026-04-16 14:21:00,阳院节制闸,0.42
2026-04-16 14:26:00,阳院节制闸,0.42
2026-04-16 14:31:00,阳院节制闸,0.42
2026-04-16 14:36:00,阳院节制闸,0.42
2026-04-16 14:41:00,阳院节制闸,0.42
2026-04-16 14:47:00,阳院节制闸,0.42
2026-04-16 14:52:00,阳院节制闸,0.42
2026-04-16 14:58:00,阳院节制闸,0.42
2026-04-16 15:03:00,阳院节制闸,0.42
2026-04-16 15:09:00,阳院节制闸,0.42
2026-04-16 15:14:00,阳院节制闸,0.42
2026-04-16 15:19:00,阳院节制闸,0.42
2026-04-16 15:25:00,阳院节制闸,0.42
2026-04-16 15:30:00,阳院节制闸,0.42
2026-04-16 15:35:00,阳院节制闸,0.42
2026-04-16 15:41:00,阳院节制闸,0.42
2026-04-16 15:46:00,阳院节制闸,0.42
2026-04-16 15:52:00,阳院节制闸,0.42
2026-04-16 15:57:00,阳院节制闸,0.42
2026-04-16 16:02:00,阳院节制闸,0.42
2026-04-16 16:08:00,阳院节制闸,0.42
2026-04-16 16:13:00,阳院节制闸,0.42
2026-04-16 16:18:00,阳院节制闸,0.42
2026-04-16 16:24:00,阳院节制闸,0.42
2026-04-16 20:54:00,阳院节制闸,0.42
2026-04-16 20:59:00,阳院节制闸,0.42
2026-04-16 21:05:00,阳院节制闸,0.42
2026-04-16 21:10:00,阳院节制闸,0.42
2026-04-16 21:15:00,阳院节制闸,0.42
2026-04-16 21:20:00,阳院节制闸,0.42
2026-04-16 21:25:00,阳院节制闸,0.42
2026-04-16 21:30:00,阳院节制闸,0.42
2026-04-16 21:35:00,阳院节制闸,0.42
2026-04-16 21:41:00,阳院节制闸,0.42
2026-04-16 21:46:00,阳院节制闸,0.42
2026-04-16 21:51:00,阳院节制闸,0.42
2026-04-16 22:08:00,阳院节制闸,0.42
2026-04-16 22:13:00,阳院节制闸,0.42
2026-04-16 22:19:00,阳院节制闸,0.42
2026-04-16 22:24:00,阳院节制闸,0.42
2026-04-16 22:29:00,阳院节制闸,0.42
2026-04-16 22:35:00,阳院节制闸,0.42
2026-04-16 22:40:00,阳院节制闸,0.42
2026-04-16 22:46:00,阳院节制闸,0.42
2026-04-16 22:51:00,阳院节制闸,0.42
2026-04-16 22:56:00,阳院节制闸,0.42
2026-04-16 23:01:00,阳院节制闸,0.42
2026-04-16 23:06:00,阳院节制闸,0.42
2026-04-16 23:12:00,阳院节制闸,0.42
2026-04-16 23:17:00,阳院节制闸,0.42
2026-04-16 23:22:00,阳院节制闸,0.42
2026-04-16 23:27:00,阳院节制闸,0.42
2026-04-16 23:32:00,阳院节制闸,0.42
2026-04-16 23:38:00,阳院节制闸,0.42
2026-04-16 23:43:00,阳院节制闸,0.42
2026-04-16 23:48:00,阳院节制闸,0.42
2026-04-16 23:54:00,阳院节制闸,0.42
2026-04-16 23:59:00,阳院节制闸,0.42
2026-04-17 00:04:00,阳院节制闸,0.42
2026-04-17 00:10:00,阳院节制闸,0.42
2026-04-17 00:15:00,阳院节制闸,0.42
2026-04-17 00:20:00,阳院节制闸,0.42
2026-04-17 00:26:00,阳院节制闸,0.42
2026-04-17 00:31:00,阳院节制闸,0.42
2026-04-17 00:36:00,阳院节制闸,0.42
2026-04-17 00:42:00,阳院节制闸,0.42
2026-04-17 00:47:00,阳院节制闸,0.42
2026-04-17 00:53:00,阳院节制闸,0.42
2026-04-17 00:58:00,阳院节制闸,0.42
2026-04-17 01:03:00,阳院节制闸,0.42
2026-04-17 01:08:00,阳院节制闸,0.42
2026-04-17 01:13:00,阳院节制闸,0.42
2026-04-17 01:19:00,阳院节制闸,0.42
2026-04-17 01:24:00,阳院节制闸,0.42
2026-04-17 01:29:00,阳院节制闸,0.42
2026-04-17 01:35:00,阳院节制闸,0.42
2026-04-17 01:40:00,阳院节制闸,0.42
2026-04-17 01:45:00,阳院节制闸,0.42
2026-04-17 01:50:00,阳院节制闸,0.42
2026-04-17 01:56:00,阳院节制闸,0.42
2026-04-17 02:01:00,阳院节制闸,0.42
2026-04-17 02:06:00,阳院节制闸,0.42
2026-04-17 02:12:00,阳院节制闸,0.42
2026-04-17 02:17:00,阳院节制闸,0.42
2026-04-17 02:22:00,阳院节制闸,0.42
2026-04-17 02:28:00,阳院节制闸,0.55
2026-04-17 02:33:00,阳院节制闸,0.74
2026-04-17 02:39:00,阳院节制闸,0.86
2026-04-17 02:44:00,阳院节制闸,0.97
2026-04-17 02:49:00,阳院节制闸,1.05
2026-04-17 02:54:00,阳院节制闸,1.11
2026-04-17 02:59:00,阳院节制闸,1.17
2026-04-17 03:05:00,阳院节制闸,1.23
2026-04-17 03:10:00,阳院节制闸,1.27
2026-04-17 03:15:00,阳院节制闸,1.31
2026-04-17 03:20:00,阳院节制闸,1.35
2026-04-17 03:25:00,阳院节制闸,1.39
2026-04-17 03:31:00,阳院节制闸,1.42
2026-04-17 03:36:00,阳院节制闸,1.46
2026-04-17 03:41:00,阳院节制闸,1.49
2026-04-17 03:46:00,阳院节制闸,1.51
2026-04-17 03:51:00,阳院节制闸,1.54
2026-04-17 03:56:00,阳院节制闸,1.57
2026-04-17 04:02:00,阳院节制闸,1.59
2026-04-17 04:07:00,阳院节制闸,1.62
2026-04-17 04:12:00,阳院节制闸,1.64
2026-04-17 04:17:00,阳院节制闸,1.66
2026-04-17 04:22:00,阳院节制闸,1.66
2026-04-17 04:27:00,阳院节制闸,1.68
2026-04-17 04:32:00,阳院节制闸,1.53
2026-04-17 04:38:00,阳院节制闸,1.52
2026-04-17 04:43:00,阳院节制闸,1.69
2026-04-17 04:48:00,阳院节制闸,1.72
2026-04-17 04:53:00,阳院节制闸,1.74
2026-04-17 04:59:00,阳院节制闸,1.73
2026-04-17 05:04:00,阳院节制闸,1.74
2026-04-17 05:09:00,阳院节制闸,1.76
2026-04-17 05:14:00,阳院节制闸,1.77
2026-04-17 05:20:00,阳院节制闸,1.75
2026-04-17 05:25:00,阳院节制闸,1.76
2026-04-17 05:30:00,阳院节制闸,1.73
2026-04-17 05:36:00,阳院节制闸,1.75
2026-04-17 05:41:00,阳院节制闸,1.68
2026-04-17 05:47:00,阳院节制闸,1.76
2026-04-17 05:52:00,阳院节制闸,1.8
2026-04-17 05:58:00,阳院节制闸,1.71
2026-04-17 06:03:00,阳院节制闸,1.69
2026-04-17 06:09:00,阳院节制闸,1.68
2026-04-17 06:14:00,阳院节制闸,1.68
2026-04-17 06:19:00,阳院节制闸,1.67
2026-04-17 06:24:00,阳院节制闸,1.64
2026-04-17 06:29:00,阳院节制闸,1.66
2026-04-17 06:35:00,阳院节制闸,1.66
2026-04-17 06:40:00,阳院节制闸,1.62
2026-04-17 06:45:00,阳院节制闸,1.6
2026-04-17 06:50:00,阳院节制闸,1.62
2026-04-17 06:56:00,阳院节制闸,1.62
2026-04-17 07:01:00,阳院节制闸,1.62
2026-04-17 07:06:00,阳院节制闸,1.62
2026-04-17 07:11:00,阳院节制闸,1.62
2026-04-17 07:17:00,阳院节制闸,1.61
2026-04-17 07:22:00,阳院节制闸,1.61
2026-04-17 07:27:00,阳院节制闸,1.61
2026-04-17 07:33:00,阳院节制闸,1.63
2026-04-17 07:38:00,阳院节制闸,1.63
2026-04-17 07:44:00,阳院节制闸,1.63
2026-04-17 07:49:00,阳院节制闸,1.63
2026-04-17 07:55:00,阳院节制闸,1.63
2026-04-17 08:00:00,阳院节制闸,1.63
2026-04-17 08:05:00,阳院节制闸,1.62
2026-04-17 08:11:00,阳院节制闸,1.62
2026-04-17 08:16:00,阳院节制闸,1.62
2026-04-17 08:21:00,阳院节制闸,1.62
2026-04-17 08:26:00,阳院节制闸,1.62
2026-04-17 08:32:00,阳院节制闸,1.61
2026-04-17 08:37:00,阳院节制闸,1.61
2026-04-17 08:42:00,阳院节制闸,1.61
2026-04-17 08:47:00,阳院节制闸,1.6
2026-04-17 08:52:00,阳院节制闸,1.6
2026-04-17 08:58:00,阳院节制闸,1.6
2026-04-17 09:03:00,阳院节制闸,1.6
2026-04-17 09:08:00,阳院节制闸,1.6
2026-04-17 09:14:00,阳院节制闸,1.6
2026-04-17 09:19:00,阳院节制闸,1.59
2026-04-17 09:24:00,阳院节制闸,1.59
2026-04-17 09:30:00,阳院节制闸,1.59
2026-04-17 09:35:00,阳院节制闸,1.59
2026-04-17 09:41:00,阳院节制闸,1.59
2026-04-17 09:46:00,阳院节制闸,1.59
2026-04-17 09:51:00,阳院节制闸,1.59
2026-04-17 09:57:00,阳院节制闸,1.59
2026-04-17 10:02:00,阳院节制闸,1.59
2026-04-17 10:07:00,阳院节制闸,1.59
2026-04-17 10:13:00,阳院节制闸,1.59
2026-04-17 10:18:00,阳院节制闸,1.59
2026-04-17 10:23:00,阳院节制闸,1.59
2026-04-17 10:29:00,阳院节制闸,1.59
2026-04-17 10:34:00,阳院节制闸,1.57
2026-04-17 10:39:00,阳院节制闸,1.57
2026-04-17 10:45:00,阳院节制闸,1.56
2026-04-17 10:50:00,阳院节制闸,1.56
2026-04-17 10:55:00,阳院节制闸,1.55
2026-04-17 11:00:00,阳院节制闸,1.55
2026-04-17 11:06:00,阳院节制闸,1.55
2026-04-17 11:11:00,阳院节制闸,1.55
2026-04-17 11:17:00,阳院节制闸,1.54
2026-04-17 11:22:00,阳院节制闸,1.54
2026-04-17 11:28:00,阳院节制闸,1.54
2026-04-17 11:33:00,阳院节制闸,1.54
2026-04-17 11:38:00,阳院节制闸,1.53
2026-04-17 11:44:00,阳院节制闸,1.53
2026-04-17 11:49:00,阳院节制闸,1.53
2026-04-17 11:55:00,阳院节制闸,1.53
2026-04-17 12:00:00,阳院节制闸,1.53
2026-04-17 12:05:00,阳院节制闸,1.53
2026-04-17 12:10:00,阳院节制闸,1.53
2026-04-17 12:15:00,阳院节制闸,1.53
2026-04-17 12:21:00,阳院节制闸,1.52
2026-04-17 12:26:00,阳院节制闸,1.52
2026-04-17 12:32:00,阳院节制闸,1.52
2026-04-17 12:37:00,阳院节制闸,1.54
2026-04-17 12:42:00,阳院节制闸,1.54
2026-04-17 12:48:00,阳院节制闸,1.54
2026-04-17 12:53:00,阳院节制闸,1.54
2026-04-17 12:59:00,阳院节制闸,1.54
2026-04-17 13:04:00,阳院节制闸,1.55
2026-04-17 13:10:00,阳院节制闸,1.55
2026-04-17 13:15:00,阳院节制闸,1.55
2026-04-17 13:20:00,阳院节制闸,1.55
2026-04-17 13:26:00,阳院节制闸,1.55
2026-04-17 13:31:00,阳院节制闸,1.55
2026-04-17 13:37:00,阳院节制闸,1.55
2026-04-17 13:42:00,阳院节制闸,1.56
2026-04-17 13:47:00,阳院节制闸,1.56
2026-04-17 13:53:00,阳院节制闸,1.56
2026-04-17 13:58:00,阳院节制闸,1.56
2026-04-17 14:03:00,阳院节制闸,1.56
2026-04-17 14:09:00,阳院节制闸,1.56
2026-04-17 14:14:00,阳院节制闸,1.56
2026-04-17 14:19:00,阳院节制闸,1.56
2026-04-17 14:25:00,阳院节制闸,1.56
2026-04-17 14:30:00,阳院节制闸,1.56
2026-04-17 14:35:00,阳院节制闸,1.57
2026-04-17 14:41:00,阳院节制闸,1.57
2026-04-17 14:46:00,阳院节制闸,1.57
2026-04-17 14:51:00,阳院节制闸,1.57
2026-04-17 14:56:00,阳院节制闸,1.57
2026-04-17 15:02:00,阳院节制闸,1.53
2026-04-17 15:12:00,阳院节制闸,1.5
2026-04-17 15:18:00,阳院节制闸,1.56
2026-04-17 15:23:00,阳院节制闸,1.57
2026-04-17 15:29:00,阳院节制闸,1.58
2026-04-17 15:34:00,阳院节制闸,1.54
2026-04-17 15:40:00,阳院节制闸,1.57
2026-04-17 15:45:00,阳院节制闸,1.58
2026-04-17 15:51:00,阳院节制闸,1.58
2026-04-17 15:56:00,阳院节制闸,1.58
2026-04-17 16:01:00,阳院节制闸,1.59
2026-04-17 16:06:00,阳院节制闸,1.6
2026-04-17 16:12:00,阳院节制闸,1.6
2026-04-17 16:17:00,阳院节制闸,1.61
2026-04-17 16:23:00,阳院节制闸,1.6
2026-04-17 16:28:00,阳院节制闸,1.61
2026-04-17 16:33:00,阳院节制闸,1.61
2026-04-17 16:39:00,阳院节制闸,1.62
2026-04-17 16:44:00,阳院节制闸,1.61
2026-04-17 16:49:00,阳院节制闸,1.61
2026-04-17 16:55:00,阳院节制闸,1.61
2026-04-17 17:00:00,阳院节制闸,1.61
2026-04-17 17:06:00,阳院节制闸,1.62
2026-04-17 17:11:00,阳院节制闸,1.62
2026-04-17 17:16:00,阳院节制闸,1.62
2026-04-17 17:22:00,阳院节制闸,1.62
2026-04-17 17:27:00,阳院节制闸,1.63
2026-04-17 17:32:00,阳院节制闸,1.63
2026-04-17 17:38:00,阳院节制闸,1.63
2026-04-17 17:43:00,阳院节制闸,1.63
2026-04-17 17:49:00,阳院节制闸,1.63
2026-04-17 17:54:00,阳院节制闸,1.64
2026-04-17 17:59:00,阳院节制闸,1.63
2026-04-17 18:04:00,阳院节制闸,1.63
2026-04-17 18:10:00,阳院节制闸,1.63
2026-04-17 18:15:00,阳院节制闸,1.62
2026-04-17 18:20:00,阳院节制闸,1.62
2026-04-17 18:26:00,阳院节制闸,1.62
2026-04-17 18:31:00,阳院节制闸,1.62
2026-04-17 18:36:00,阳院节制闸,1.62
2026-04-17 18:41:00,阳院节制闸,1.6
2026-04-17 18:47:00,阳院节制闸,1.59
2026-04-17 18:52:00,阳院节制闸,1.59
2026-04-17 18:57:00,阳院节制闸,1.59
2026-04-17 19:03:00,阳院节制闸,1.58
2026-04-17 19:08:00,阳院节制闸,1.58
2026-04-17 19:14:00,阳院节制闸,1.58
2026-04-17 19:19:00,阳院节制闸,1.57
2026-04-17 19:24:00,阳院节制闸,1.57
2026-04-17 19:30:00,阳院节制闸,1.57
2026-04-17 19:35:00,阳院节制闸,1.56
2026-04-17 19:40:00,阳院节制闸,1.56
2026-04-17 19:46:00,阳院节制闸,1.56
2026-04-17 19:51:00,阳院节制闸,1.56
2026-04-17 19:56:00,阳院节制闸,1.55
2026-04-17 20:02:00,阳院节制闸,1.55
2026-04-17 20:07:00,阳院节制闸,1.55
2026-04-17 20:12:00,阳院节制闸,1.55
2026-04-17 20:17:00,阳院节制闸,1.55
2026-04-17 20:22:00,阳院节制闸,1.54
2026-04-17 20:28:00,阳院节制闸,1.54
2026-04-17 20:33:00,阳院节制闸,1.54
2026-04-17 20:39:00,阳院节制闸,1.54
2026-04-17 20:44:00,阳院节制闸,1.54
2026-04-17 20:49:00,阳院节制闸,1.54
2026-04-17 20:54:00,阳院节制闸,1.54
2026-04-17 20:59:00,阳院节制闸,1.54
2026-04-17 21:04:00,阳院节制闸,1.54
2026-04-17 21:09:00,阳院节制闸,1.54
2026-04-17 21:15:00,阳院节制闸,1.54
2026-04-17 21:20:00,阳院节制闸,1.54
2026-04-17 21:25:00,阳院节制闸,1.53
2026-04-17 21:31:00,阳院节制闸,1.54
2026-04-17 21:36:00,阳院节制闸,1.54
2026-04-17 21:42:00,阳院节制闸,1.54
2026-04-17 21:47:00,阳院节制闸,1.54
2026-04-17 21:52:00,阳院节制闸,1.54
2026-04-17 21:57:00,阳院节制闸,1.54
2026-04-17 22:03:00,阳院节制闸,1.54
2026-04-17 22:08:00,阳院节制闸,1.54
2026-04-17 22:13:00,阳院节制闸,1.54
2026-04-17 22:18:00,阳院节制闸,1.54
2026-04-17 22:24:00,阳院节制闸,1.54
2026-04-17 22:29:00,阳院节制闸,1.55
2026-04-17 22:34:00,阳院节制闸,1.55
2026-04-17 22:39:00,阳院节制闸,1.55
2026-04-17 22:45:00,阳院节制闸,1.55
2026-04-17 22:50:00,阳院节制闸,1.55
2026-04-17 22:56:00,阳院节制闸,1.55
2026-04-17 23:01:00,阳院节制闸,1.55
2026-04-17 23:04:00,阳院节制闸,1.55
2026-04-17 23:11:00,阳院节制闸,1.55
2026-04-17 23:17:00,阳院节制闸,1.55
2026-04-17 23:22:00,阳院节制闸,1.55
2026-04-17 23:27:00,阳院节制闸,1.55
2026-04-17 23:32:00,阳院节制闸,1.56
2026-04-17 23:37:00,阳院节制闸,1.56
2026-04-17 23:43:00,阳院节制闸,1.56
2026-04-17 23:48:00,阳院节制闸,1.56
2026-04-17 23:53:00,阳院节制闸,1.57
2026-04-17 23:59:00,阳院节制闸,1.57
2026-04-18 00:04:00,阳院节制闸,1.58
2026-04-18 00:09:00,阳院节制闸,1.58
2026-04-18 00:15:00,阳院节制闸,1.58
2026-04-18 00:20:00,阳院节制闸,1.59
2026-04-18 00:25:00,阳院节制闸,1.59
2026-04-18 00:31:00,阳院节制闸,1.59
2026-04-18 00:36:00,阳院节制闸,1.6
2026-04-18 00:41:00,阳院节制闸,1.6
2026-04-18 00:46:00,阳院节制闸,1.6
2026-04-18 00:52:00,阳院节制闸,1.61
2026-04-18 00:57:00,阳院节制闸,1.61
2026-04-18 01:01:00,阳院节制闸,1.61
2026-04-18 01:09:00,阳院节制闸,1.62
2026-04-18 01:15:00,阳院节制闸,1.62
2026-04-18 01:20:00,阳院节制闸,1.62
2026-04-18 01:25:00,阳院节制闸,1.63
2026-04-18 01:31:00,阳院节制闸,1.63
2026-04-18 01:36:00,阳院节制闸,1.63
2026-04-18 01:41:00,阳院节制闸,1.64
2026-04-18 01:47:00,阳院节制闸,1.64
2026-04-18 01:52:00,阳院节制闸,1.64
2026-04-18 01:57:00,阳院节制闸,1.64
2026-04-18 02:03:00,阳院节制闸,1.65
2026-04-18 02:08:00,阳院节制闸,1.65
2026-04-18 02:14:00,阳院节制闸,1.65
2026-04-18 02:19:00,阳院节制闸,1.66
2026-04-18 02:24:00,阳院节制闸,1.66
2026-04-18 02:30:00,阳院节制闸,1.66
2026-04-18 02:35:00,阳院节制闸,1.66
2026-04-18 02:40:00,阳院节制闸,1.66
2026-04-18 02:46:00,阳院节制闸,1.66
2026-04-18 02:51:00,阳院节制闸,1.67
2026-04-18 02:56:00,阳院节制闸,1.67
2026-04-18 03:01:00,阳院节制闸,1.67
2026-04-18 03:07:00,阳院节制闸,1.67
2026-04-18 03:12:00,阳院节制闸,1.67
2026-04-18 03:18:00,阳院节制闸,1.67
2026-04-18 03:23:00,阳院节制闸,1.68
2026-04-18 03:29:00,阳院节制闸,1.68
2026-04-18 03:34:00,阳院节制闸,1.68
2026-04-18 03:39:00,阳院节制闸,1.68
2026-04-18 03:45:00,阳院节制闸,1.68
2026-04-18 03:50:00,阳院节制闸,1.68
2026-04-18 03:55:00,阳院节制闸,1.69
2026-04-18 04:01:00,阳院节制闸,1.69
2026-04-18 04:06:00,阳院节制闸,1.69
2026-04-18 04:11:00,阳院节制闸,1.69
2026-04-18 04:17:00,阳院节制闸,1.69
2026-04-18 04:22:00,阳院节制闸,1.7
2026-04-18 04:28:00,阳院节制闸,1.7
2026-04-18 04:33:00,阳院节制闸,1.7
2026-04-18 04:39:00,阳院节制闸,1.7
2026-04-18 04:44:00,阳院节制闸,1.7
2026-04-18 04:49:00,阳院节制闸,1.71
2026-04-18 04:54:00,阳院节制闸,1.71
2026-04-18 05:00:00,阳院节制闸,1.71
2026-04-18 05:05:00,阳院节制闸,1.71
2026-04-18 05:10:00,阳院节制闸,1.71
2026-04-18 05:16:00,阳院节制闸,1.71
2026-04-18 05:21:00,阳院节制闸,1.72
2026-04-18 05:27:00,阳院节制闸,1.72
2026-04-18 05:32:00,阳院节制闸,1.72
2026-04-18 05:37:00,阳院节制闸,1.72
2026-04-18 05:43:00,阳院节制闸,1.72
2026-04-18 05:48:00,阳院节制闸,1.72
2026-04-18 05:53:00,阳院节制闸,1.72
2026-04-18 05:59:00,阳院节制闸,1.73
2026-04-18 06:04:00,阳院节制闸,1.73
2026-04-18 06:10:00,阳院节制闸,1.73
2026-04-18 06:15:00,阳院节制闸,1.73
2026-04-18 06:20:00,阳院节制闸,1.73
2026-04-18 06:25:00,阳院节制闸,1.73
2026-04-18 06:31:00,阳院节制闸,1.73
2026-04-18 06:36:00,阳院节制闸,1.73
2026-04-18 06:42:00,阳院节制闸,1.73
2026-04-18 06:47:00,阳院节制闸,1.72
2026-04-18 06:52:00,阳院节制闸,1.72
2026-04-18 06:58:00,阳院节制闸,1.71
2026-04-18 07:03:00,阳院节制闸,1.71
2026-04-18 07:08:00,阳院节制闸,1.71
2026-04-18 07:14:00,阳院节制闸,1.71
2026-04-18 07:19:00,阳院节制闸,1.71
2026-04-18 07:24:00,阳院节制闸,1.7
2026-04-18 07:29:00,阳院节制闸,1.69
2026-04-18 07:35:00,阳院节制闸,1.69
2026-04-18 07:40:00,阳院节制闸,1.69
2026-04-18 07:45:00,阳院节制闸,1.68
2026-04-18 07:51:00,阳院节制闸,1.68
2026-04-18 07:56:00,阳院节制闸,1.68
2026-04-18 08:01:00,阳院节制闸,1.67
2026-04-18 08:06:00,阳院节制闸,1.67
2026-04-18 08:12:00,阳院节制闸,1.67
2026-04-18 08:17:00,阳院节制闸,1.67
2026-04-18 08:22:00,阳院节制闸,1.66
2026-04-18 08:28:00,阳院节制闸,1.66
2026-04-18 08:33:00,阳院节制闸,1.66
2026-04-18 08:38:00,阳院节制闸,1.66
2026-04-18 08:44:00,阳院节制闸,1.66
2026-04-18 08:49:00,阳院节制闸,1.66
2026-04-18 08:55:00,阳院节制闸,1.65
2026-04-18 09:00:00,阳院节制闸,1.65
2026-04-18 09:05:00,阳院节制闸,1.65
2026-04-18 09:10:00,阳院节制闸,1.65
2026-04-18 09:16:00,阳院节制闸,1.65
2026-04-18 09:21:00,阳院节制闸,1.65
2026-04-18 09:26:00,阳院节制闸,1.64
2026-04-18 09:31:00,阳院节制闸,1.64
2026-04-18 09:36:00,阳院节制闸,1.64
2026-04-18 09:41:00,阳院节制闸,1.64
2026-04-18 09:47:00,阳院节制闸,1.64
2026-04-18 09:52:00,阳院节制闸,1.64
2026-04-18 09:57:00,阳院节制闸,1.65
2026-04-18 10:03:00,阳院节制闸,1.65
2026-04-18 10:08:00,阳院节制闸,1.65
2026-04-18 10:13:00,阳院节制闸,1.65
2026-04-18 10:18:00,阳院节制闸,1.66
2026-04-18 10:23:00,阳院节制闸,1.66
2026-04-18 10:29:00,阳院节制闸,1.65
2026-04-18 10:34:00,阳院节制闸,1.66
2026-04-18 10:39:00,阳院节制闸,1.66
2026-04-18 10:45:00,阳院节制闸,1.66
2026-04-18 10:50:00,阳院节制闸,1.62
2026-04-18 10:55:00,阳院节制闸,1.62
2026-04-18 11:01:00,阳院节制闸,1.57
2026-04-18 11:06:00,阳院节制闸,1.55
2026-04-18 11:12:00,阳院节制闸,1.54
2026-04-18 11:17:00,阳院节制闸,1.52
2026-04-18 11:22:00,阳院节制闸,1.52
2026-04-18 11:28:00,阳院节制闸,1.51
2026-04-18 11:33:00,阳院节制闸,1.54
2026-04-18 11:39:00,阳院节制闸,1.56
2026-04-18 11:44:00,阳院节制闸,1.57
2026-04-18 11:49:00,阳院节制闸,1.58
2026-04-18 11:54:00,阳院节制闸,1.54
2026-04-18 12:00:00,阳院节制闸,1.55
2026-04-18 12:05:00,阳院节制闸,1.55
2026-04-18 12:10:00,阳院节制闸,1.53
2026-04-18 12:16:00,阳院节制闸,1.57
2026-04-18 12:21:00,阳院节制闸,1.57
2026-04-18 12:26:00,阳院节制闸,1.58
2026-04-18 12:32:00,阳院节制闸,1.58
2026-04-18 12:37:00,阳院节制闸,1.58
2026-04-18 12:42:00,阳院节制闸,1.58
2026-04-18 12:47:00,阳院节制闸,1.59
2026-04-18 12:53:00,阳院节制闸,1.59
2026-04-18 12:58:00,阳院节制闸,1.59
2026-04-18 13:03:00,阳院节制闸,1.59
2026-04-18 13:08:00,阳院节制闸,1.59
2026-04-18 13:13:00,阳院节制闸,1.6
2026-04-18 13:18:00,阳院节制闸,1.6
2026-04-18 13:24:00,阳院节制闸,1.6
2026-04-18 13:29:00,阳院节制闸,1.6
2026-04-18 13:35:00,阳院节制闸,1.6
2026-04-18 13:40:00,阳院节制闸,1.6
2026-04-18 13:45:00,阳院节制闸,1.6
2026-04-18 13:50:00,阳院节制闸,1.6
2026-04-18 13:56:00,阳院节制闸,1.6
2026-04-18 14:01:00,阳院节制闸,1.6
2026-04-18 14:07:00,阳院节制闸,1.61
2026-04-18 14:12:00,阳院节制闸,1.61
2026-04-18 14:17:00,阳院节制闸,1.61
2026-04-18 14:23:00,阳院节制闸,1.61
2026-04-18 14:28:00,阳院节制闸,1.61
2026-04-18 14:34:00,阳院节制闸,1.61
2026-04-18 14:39:00,阳院节制闸,1.61
2026-04-18 14:44:00,阳院节制闸,1.61
2026-04-18 14:49:00,阳院节制闸,1.61
2026-04-18 14:55:00,阳院节制闸,1.62
2026-04-18 15:00:00,阳院节制闸,1.62
2026-04-18 15:05:00,阳院节制闸,1.62
2026-04-18 15:11:00,阳院节制闸,1.62
2026-04-18 15:16:00,阳院节制闸,1.62
2026-04-18 15:22:00,阳院节制闸,1.62
2026-04-18 15:27:00,阳院节制闸,1.62
2026-04-18 15:32:00,阳院节制闸,1.62
2026-04-18 15:37:00,阳院节制闸,1.62
2026-04-18 15:43:00,阳院节制闸,1.62
2026-04-18 15:48:00,阳院节制闸,1.62
2026-04-18 15:53:00,阳院节制闸,1.61
2026-04-18 15:59:00,阳院节制闸,1.61
2026-04-18 16:04:00,阳院节制闸,1.62
2026-04-18 16:09:00,阳院节制闸,1.61
2026-04-18 16:14:00,阳院节制闸,1.61
2026-04-18 16:20:00,阳院节制闸,1.61
2026-04-18 16:25:00,阳院节制闸,1.61
2026-04-18 16:30:00,阳院节制闸,1.6
2026-04-18 16:36:00,阳院节制闸,1.6
2026-04-18 16:41:00,阳院节制闸,1.61
2026-04-18 16:46:00,阳院节制闸,1.61
2026-04-18 16:52:00,阳院节制闸,1.6
2026-04-18 16:57:00,阳院节制闸,1.59
2026-04-18 17:02:00,阳院节制闸,1.59
2026-04-18 17:07:00,阳院节制闸,1.59
2026-04-18 17:13:00,阳院节制闸,1.58
2026-04-18 17:18:00,阳院节制闸,1.58
2026-04-18 17:23:00,阳院节制闸,1.58
2026-04-18 17:28:00,阳院节制闸,1.58
2026-04-18 17:33:00,阳院节制闸,1.57
2026-04-18 17:39:00,阳院节制闸,1.57
2026-04-18 17:44:00,阳院节制闸,1.56
2026-04-18 17:49:00,阳院节制闸,1.56
2026-04-18 17:54:00,阳院节制闸,1.55
2026-04-18 18:00:00,阳院节制闸,1.55
2026-04-18 18:05:00,阳院节制闸,1.55
2026-04-18 18:10:00,阳院节制闸,1.55
2026-04-18 18:15:00,阳院节制闸,1.55
2026-04-18 18:21:00,阳院节制闸,1.54
2026-04-18 18:26:00,阳院节制闸,1.54
2026-04-18 18:31:00,阳院节制闸,1.54
2026-04-18 18:37:00,阳院节制闸,1.54
2026-04-18 18:42:00,阳院节制闸,1.54
2026-04-18 18:48:00,阳院节制闸,1.52
2026-04-18 18:53:00,阳院节制闸,1.52
2026-04-18 18:58:00,阳院节制闸,1.52
2026-04-18 19:03:00,阳院节制闸,1.51
2026-04-18 19:09:00,阳院节制闸,1.51
2026-04-18 19:14:00,阳院节制闸,1.51
2026-04-18 19:19:00,阳院节制闸,1.51
2026-04-18 19:24:00,阳院节制闸,1.5
2026-04-18 19:29:00,阳院节制闸,1.5
2026-04-18 19:35:00,阳院节制闸,1.5
2026-04-18 19:40:00,阳院节制闸,1.49
2026-04-18 19:45:00,阳院节制闸,1.48
2026-04-18 19:50:00,阳院节制闸,1.47
2026-04-18 19:55:00,阳院节制闸,1.47
2026-04-18 20:00:00,阳院节制闸,1.46
2026-04-18 20:06:00,阳院节制闸,1.46
2026-04-18 20:11:00,阳院节制闸,1.45
2026-04-18 20:16:00,阳院节制闸,1.45
2026-04-18 20:22:00,阳院节制闸,1.45
2026-04-18 20:27:00,阳院节制闸,1.44
2026-04-18 20:33:00,阳院节制闸,1.43
2026-04-18 20:38:00,阳院节制闸,1.45
2026-04-18 20:43:00,阳院节制闸,1.45
2026-04-18 20:49:00,阳院节制闸,1.45
2026-04-18 20:54:00,阳院节制闸,1.45
2026-04-18 20:59:00,阳院节制闸,1.46
2026-04-18 21:05:00,阳院节制闸,1.46
2026-04-18 21:10:00,阳院节制闸,1.46
2026-04-18 21:15:00,阳院节制闸,1.47
2026-04-18 21:21:00,阳院节制闸,1.47
2026-04-18 21:26:00,阳院节制闸,1.47
2026-04-18 21:32:00,阳院节制闸,1.47
2026-04-18 21:37:00,阳院节制闸,1.47
2026-04-18 21:42:00,阳院节制闸,1.47
2026-04-18 21:47:00,阳院节制闸,1.48
2026-04-18 21:52:00,阳院节制闸,1.48
2026-04-18 21:58:00,阳院节制闸,1.48
2026-04-18 22:03:00,阳院节制闸,1.48
2026-04-18 22:09:00,阳院节制闸,1.49
2026-04-18 22:14:00,阳院节制闸,1.49
2026-04-18 22:19:00,阳院节制闸,1.49
2026-04-18 22:25:00,阳院节制闸,1.49
2026-04-18 22:30:00,阳院节制闸,1.49
2026-04-18 22:35:00,阳院节制闸,1.5
2026-04-18 22:40:00,阳院节制闸,1.5
2026-04-18 22:46:00,阳院节制闸,1.51
2026-04-18 22:51:00,阳院节制闸,1.51
2026-04-18 22:56:00,阳院节制闸,1.51
2026-04-18 23:01:00,阳院节制闸,1.52
2026-04-18 23:06:00,阳院节制闸,1.52
2026-04-18 23:12:00,阳院节制闸,1.52
2026-04-18 23:17:00,阳院节制闸,1.53
2026-04-18 23:23:00,阳院节制闸,1.53
2026-04-18 23:28:00,阳院节制闸,1.53
2026-04-18 23:33:00,阳院节制闸,1.54
2026-04-18 23:39:00,阳院节制闸,1.54
2026-04-18 23:44:00,阳院节制闸,1.54
2026-04-18 23:50:00,阳院节制闸,1.54
2026-04-18 23:55:00,阳院节制闸,1.54
2026-04-19 00:00:00,阳院节制闸,1.54
2026-04-19 00:06:00,阳院节制闸,1.54
2026-04-19 00:11:00,阳院节制闸,1.53
2026-04-19 00:16:00,阳院节制闸,1.54
2026-04-19 00:21:00,阳院节制闸,1.54
2026-04-19 00:26:00,阳院节制闸,1.54
2026-04-19 00:32:00,阳院节制闸,1.54
2026-04-19 00:37:00,阳院节制闸,1.54
2026-04-19 00:42:00,阳院节制闸,1.54
2026-04-19 00:47:00,阳院节制闸,1.54
2026-04-19 00:53:00,阳院节制闸,1.54
2026-04-19 00:58:00,阳院节制闸,1.54
2026-04-19 01:04:00,阳院节制闸,1.54
2026-04-19 01:09:00,阳院节制闸,1.55
2026-04-19 01:14:00,阳院节制闸,1.55
2026-04-19 01:20:00,阳院节制闸,1.55
2026-04-19 01:25:00,阳院节制闸,1.55
2026-04-19 01:31:00,阳院节制闸,1.55
2026-04-19 01:36:00,阳院节制闸,1.57
2026-04-19 01:41:00,阳院节制闸,1.58
2026-04-19 01:47:00,阳院节制闸,1.58
2026-04-19 01:52:00,阳院节制闸,1.58
2026-04-19 01:57:00,阳院节制闸,1.59
2026-04-19 02:02:00,阳院节制闸,1.59
2026-04-19 02:08:00,阳院节制闸,1.6
2026-04-19 02:13:00,阳院节制闸,1.6
2026-04-19 02:18:00,阳院节制闸,1.61
2026-04-19 02:24:00,阳院节制闸,1.61
2026-04-19 02:29:00,阳院节制闸,1.62
2026-04-19 02:34:00,阳院节制闸,1.62
2026-04-19 02:39:00,阳院节制闸,1.63
2026-04-19 02:45:00,阳院节制闸,1.63
2026-04-19 02:50:00,阳院节制闸,1.64
2026-04-19 02:56:00,阳院节制闸,1.64
2026-04-19 03:01:00,阳院节制闸,1.65
2026-04-19 03:07:00,阳院节制闸,1.65
2026-04-19 03:12:00,阳院节制闸,1.66
2026-04-19 03:18:00,阳院节制闸,1.66
2026-04-19 03:23:00,阳院节制闸,1.67
2026-04-19 03:28:00,阳院节制闸,1.67
2026-04-19 03:34:00,阳院节制闸,1.68
2026-04-19 03:39:00,阳院节制闸,1.68
2026-04-19 03:44:00,阳院节制闸,1.68
2026-04-19 03:49:00,阳院节制闸,1.69
2026-04-19 03:55:00,阳院节制闸,1.69
2026-04-19 04:00:00,阳院节制闸,1.7
2026-04-19 04:05:00,阳院节制闸,1.7
2026-04-19 04:10:00,阳院节制闸,1.71
2026-04-19 04:15:00,阳院节制闸,1.71
2026-04-19 04:20:00,阳院节制闸,1.71
2026-04-19 04:26:00,阳院节制闸,1.72
2026-04-19 04:31:00,阳院节制闸,1.72
2026-04-19 04:36:00,阳院节制闸,1.73
2026-04-19 04:41:00,阳院节制闸,1.73
2026-04-19 04:47:00,阳院节制闸,1.74
2026-04-19 04:52:00,阳院节制闸,1.74
2026-04-19 04:57:00,阳院节制闸,1.75
2026-04-19 05:03:00,阳院节制闸,1.75
2026-04-19 05:08:00,阳院节制闸,1.76
2026-04-19 05:13:00,阳院节制闸,1.76
2026-04-19 05:19:00,阳院节制闸,1.76
2026-04-19 05:24:00,阳院节制闸,1.77
2026-04-19 05:29:00,阳院节制闸,1.77
2026-04-19 05:35:00,阳院节制闸,1.78
2026-04-19 05:40:00,阳院节制闸,1.78
2026-04-19 05:45:00,阳院节制闸,1.79
2026-04-19 05:51:00,阳院节制闸,1.79
2026-04-19 05:56:00,阳院节制闸,1.79
2026-04-19 06:02:00,阳院节制闸,1.8
2026-04-19 06:07:00,阳院节制闸,1.8
2026-04-19 06:12:00,阳院节制闸,1.81
2026-04-19 06:18:00,阳院节制闸,1.81
2026-04-19 06:23:00,阳院节制闸,1.81
2026-04-19 06:29:00,阳院节制闸,1.82
2026-04-19 06:34:00,阳院节制闸,1.82
2026-04-19 06:39:00,阳院节制闸,1.81
2026-04-19 06:44:00,阳院节制闸,1.82
2026-04-19 06:50:00,阳院节制闸,1.82
2026-04-19 06:55:00,阳院节制闸,1.82
2026-04-19 07:00:00,阳院节制闸,1.82
2026-04-19 07:06:00,阳院节制闸,1.82
2026-04-19 07:11:00,阳院节制闸,1.82
2026-04-19 07:17:00,阳院节制闸,1.82
2026-04-19 07:22:00,阳院节制闸,1.82
2026-04-19 07:27:00,阳院节制闸,1.82
2026-04-19 07:32:00,阳院节制闸,1.82
2026-04-19 07:38:00,阳院节制闸,1.81
2026-04-19 07:43:00,阳院节制闸,1.81
2026-04-19 07:49:00,阳院节制闸,1.79
2026-04-19 07:54:00,阳院节制闸,1.79
2026-04-19 08:00:00,阳院节制闸,1.78
2026-04-19 08:05:00,阳院节制闸,1.78
2026-04-19 08:10:00,阳院节制闸,1.77
2026-04-19 08:15:00,阳院节制闸,1.76
2026-04-19 08:21:00,阳院节制闸,1.75
2026-04-19 08:26:00,阳院节制闸,1.75
2026-04-19 08:31:00,阳院节制闸,1.74
2026-04-19 08:37:00,阳院节制闸,1.73
2026-04-19 08:42:00,阳院节制闸,1.72
2026-04-19 08:47:00,阳院节制闸,1.71
2026-04-19 08:53:00,阳院节制闸,1.7
2026-04-19 08:58:00,阳院节制闸,1.7
2026-04-19 09:03:00,阳院节制闸,1.69
2026-04-19 09:08:00,阳院节制闸,1.68
2026-04-19 09:13:00,阳院节制闸,1.67
2026-04-19 09:18:00,阳院节制闸,1.67
2026-04-19 09:23:00,阳院节制闸,1.66
2026-04-19 09:28:00,阳院节制闸,1.65
2026-04-19 09:34:00,阳院节制闸,1.65
2026-04-19 09:39:00,阳院节制闸,1.64
2026-04-19 09:45:00,阳院节制闸,1.63
2026-04-19 09:50:00,阳院节制闸,1.63
2026-04-19 09:55:00,阳院节制闸,1.62
2026-04-19 10:01:00,阳院节制闸,1.61
2026-04-19 10:06:00,阳院节制闸,1.61
2026-04-19 10:11:00,阳院节制闸,1.6
2026-04-19 10:16:00,阳院节制闸,1.62
2026-04-19 10:21:00,阳院节制闸,1.62
2026-04-19 10:26:00,阳院节制闸,1.62
2026-04-19 10:32:00,阳院节制闸,1.62
2026-04-19 10:37:00,阳院节制闸,1.62
2026-04-19 10:42:00,阳院节制闸,1.62
2026-04-19 10:47:00,阳院节制闸,1.62
2026-04-19 10:53:00,阳院节制闸,1.62
2026-04-19 10:58:00,阳院节制闸,1.62
2026-04-19 11:04:00,阳院节制闸,1.62
2026-04-19 11:09:00,阳院节制闸,1.62
2026-04-19 11:14:00,阳院节制闸,1.62
2026-04-19 11:19:00,阳院节制闸,1.62
2026-04-19 11:25:00,阳院节制闸,1.61
2026-04-19 11:30:00,阳院节制闸,1.56
2026-04-19 11:36:00,阳院节制闸,1.55
2026-04-19 11:41:00,阳院节制闸,1.54
2026-04-19 11:46:00,阳院节制闸,1.56
2026-04-19 11:52:00,阳院节制闸,1.56
2026-04-19 11:57:00,阳院节制闸,1.56
2026-04-19 12:02:00,阳院节制闸,1.54
2026-04-19 12:08:00,阳院节制闸,1.53
2026-04-19 12:13:00,阳院节制闸,1.5
2026-04-19 12:18:00,阳院节制闸,1.46
2026-04-19 12:23:00,阳院节制闸,1.45
2026-04-19 12:28:00,阳院节制闸,1.47
2026-04-19 12:34:00,阳院节制闸,1.47
2026-04-19 12:39:00,阳院节制闸,1.48
2026-04-19 12:44:00,阳院节制闸,1.47
2026-04-19 12:49:00,阳院节制闸,1.46
2026-04-19 12:54:00,阳院节制闸,1.45
2026-04-19 13:00:00,阳院节制闸,1.45
2026-04-19 13:05:00,阳院节制闸,1.45
2026-04-19 13:10:00,阳院节制闸,1.46
2026-04-19 13:16:00,阳院节制闸,1.46
2026-04-19 13:21:00,阳院节制闸,1.46
2026-04-19 13:27:00,阳院节制闸,1.46
2026-04-19 13:32:00,阳院节制闸,1.47
2026-04-19 13:37:00,阳院节制闸,1.48
2026-04-19 13:43:00,阳院节制闸,1.49
2026-04-19 13:48:00,阳院节制闸,1.49
2026-04-19 13:53:00,阳院节制闸,1.49
2026-04-19 13:59:00,阳院节制闸,1.49
2026-04-19 14:04:00,阳院节制闸,1.49
2026-04-19 14:10:00,阳院节制闸,1.49
2026-04-19 14:15:00,阳院节制闸,1.51
2026-04-19 14:20:00,阳院节制闸,1.52
2026-04-19 14:26:00,阳院节制闸,1.53
2026-04-19 14:31:00,阳院节制闸,1.53
2026-04-19 14:36:00,阳院节制闸,1.53
2026-04-19 14:42:00,阳院节制闸,1.54
2026-04-19 14:47:00,阳院节制闸,1.56
2026-04-19 14:52:00,阳院节制闸,1.56
2026-04-19 14:58:00,阳院节制闸,1.57
2026-04-19 15:03:00,阳院节制闸,1.57
2026-04-19 15:08:00,阳院节制闸,1.57
2026-04-19 15:14:00,阳院节制闸,1.58
2026-04-19 15:19:00,阳院节制闸,1.59
2026-04-19 15:25:00,阳院节制闸,1.59
2026-04-19 15:30:00,阳院节制闸,1.6
2026-04-19 15:35:00,阳院节制闸,1.6
2026-04-19 15:41:00,阳院节制闸,1.61
2026-04-19 15:46:00,阳院节制闸,1.62
2026-04-19 15:51:00,阳院节制闸,1.62
2026-04-19 15:57:00,阳院节制闸,1.62
2026-04-19 16:02:00,阳院节制闸,1.63
2026-04-19 16:07:00,阳院节制闸,1.63
2026-04-19 16:13:00,阳院节制闸,1.63
2026-04-19 16:18:00,阳院节制闸,1.64
2026-04-19 16:24:00,阳院节制闸,1.64
2026-04-19 16:29:00,阳院节制闸,1.65
2026-04-19 16:34:00,阳院节制闸,1.65
2026-04-19 16:40:00,阳院节制闸,1.65
2026-04-19 16:45:00,阳院节制闸,1.65
2026-04-19 16:50:00,阳院节制闸,1.66
2026-04-19 16:56:00,阳院节制闸,1.65
2026-04-19 17:01:00,阳院节制闸,1.65
2026-04-19 17:07:00,阳院节制闸,1.66
2026-04-19 17:12:00,阳院节制闸,1.66
2026-04-19 17:17:00,阳院节制闸,1.66
2026-04-19 17:22:00,阳院节制闸,1.66
2026-04-19 17:28:00,阳院节制闸,1.66
2026-04-19 17:33:00,阳院节制闸,1.64
2026-04-19 17:39:00,阳院节制闸,1.64
2026-04-19 17:44:00,阳院节制闸,1.64
2026-04-19 17:49:00,阳院节制闸,1.63
2026-04-19 17:55:00,阳院节制闸,1.63
2026-04-19 18:00:00,阳院节制闸,1.63
2026-04-19 18:05:00,阳院节制闸,1.63
2026-04-19 18:11:00,阳院节制闸,1.63
2026-04-19 18:16:00,阳院节制闸,1.63
2026-04-19 18:21:00,阳院节制闸,1.62
2026-04-19 18:27:00,阳院节制闸,1.62
2026-04-19 18:32:00,阳院节制闸,1.62
2026-04-19 18:38:00,阳院节制闸,1.61
2026-04-19 18:43:00,阳院节制闸,1.61
2026-04-19 18:48:00,阳院节制闸,1.61
2026-04-19 18:54:00,阳院节制闸,1.61
2026-04-19 18:59:00,阳院节制闸,1.6
2026-04-19 19:04:00,阳院节制闸,1.6
2026-04-19 19:10:00,阳院节制闸,1.59
2026-04-19 19:15:00,阳院节制闸,1.59
2026-04-19 19:20:00,阳院节制闸,1.59
2026-04-19 19:26:00,阳院节制闸,1.59
2026-04-19 19:31:00,阳院节制闸,1.59
2026-04-19 19:36:00,阳院节制闸,1.58
2026-04-19 19:41:00,阳院节制闸,1.58
2026-04-19 19:47:00,阳院节制闸,1.58
2026-04-19 19:52:00,阳院节制闸,1.57
2026-04-19 19:58:00,阳院节制闸,1.57
2026-04-19 20:03:00,阳院节制闸,1.57
2026-04-19 20:08:00,阳院节制闸,1.55
2026-04-19 20:13:00,阳院节制闸,1.54
2026-04-19 20:18:00,阳院节制闸,1.54
2026-04-19 20:23:00,阳院节制闸,1.53
2026-04-19 20:28:00,阳院节制闸,1.53
2026-04-19 20:34:00,阳院节制闸,1.53
2026-04-19 20:39:00,阳院节制闸,1.53
2026-04-19 20:44:00,阳院节制闸,1.53
2026-04-19 20:49:00,阳院节制闸,1.52
2026-04-19 20:55:00,阳院节制闸,1.52
2026-04-19 21:00:00,阳院节制闸,1.52
2026-04-19 21:05:00,阳院节制闸,1.52
2026-04-19 21:11:00,阳院节制闸,1.52
2026-04-19 21:16:00,阳院节制闸,1.52
2026-04-19 21:21:00,阳院节制闸,1.52
2026-04-19 21:26:00,阳院节制闸,1.53
2026-04-19 21:32:00,阳院节制闸,1.53
2026-04-19 21:37:00,阳院节制闸,1.53
2026-04-19 21:42:00,阳院节制闸,1.53
2026-04-19 21:48:00,阳院节制闸,1.54
2026-04-19 21:53:00,阳院节制闸,1.55
2026-04-19 21:59:00,阳院节制闸,1.55
2026-04-19 22:04:00,阳院节制闸,1.55
2026-04-19 22:09:00,阳院节制闸,1.56
2026-04-19 22:15:00,阳院节制闸,1.56
2026-04-19 22:20:00,阳院节制闸,1.56
2026-04-19 22:25:00,阳院节制闸,1.56
2026-04-19 22:31:00,阳院节制闸,1.56
2026-04-19 22:36:00,阳院节制闸,1.55
2026-04-19 22:41:00,阳院节制闸,1.55
2026-04-19 22:46:00,阳院节制闸,1.55
2026-04-19 22:52:00,阳院节制闸,1.55
2026-04-19 22:57:00,阳院节制闸,1.55
2026-04-19 23:01:00,阳院节制闸,1.55
2026-04-19 23:08:00,阳院节制闸,1.56
2026-04-19 23:13:00,阳院节制闸,1.57
2026-04-19 23:18:00,阳院节制闸,1.57
2026-04-19 23:23:00,阳院节制闸,1.57
2026-04-19 23:29:00,阳院节制闸,1.57
2026-04-19 23:34:00,阳院节制闸,1.57
2026-04-19 23:40:00,阳院节制闸,1.57
2026-04-19 23:45:00,阳院节制闸,1.57
2026-04-19 23:50:00,阳院节制闸,1.57
2026-04-19 23:55:00,阳院节制闸,1.57
2026-04-20 00:01:00,阳院节制闸,1.57
2026-04-20 00:06:00,阳院节制闸,1.58
2026-04-20 00:11:00,阳院节制闸,1.58
2026-04-20 00:16:00,阳院节制闸,1.58
2026-04-20 00:22:00,阳院节制闸,1.58
2026-04-20 00:27:00,阳院节制闸,1.58
2026-04-20 00:32:00,阳院节制闸,1.58
2026-04-20 00:38:00,阳院节制闸,1.59
2026-04-20 00:43:00,阳院节制闸,1.59
2026-04-20 00:48:00,阳院节制闸,1.59
2026-04-20 00:53:00,阳院节制闸,1.59
2026-04-20 00:59:00,阳院节制闸,1.59
2026-04-20 01:04:00,阳院节制闸,1.6
2026-04-20 01:09:00,阳院节制闸,1.6
2026-04-20 01:15:00,阳院节制闸,1.6
2026-04-20 01:20:00,阳院节制闸,1.6
2026-04-20 01:25:00,阳院节制闸,1.61
2026-04-20 01:30:00,阳院节制闸,1.62
2026-04-20 01:36:00,阳院节制闸,1.62
2026-04-20 01:41:00,阳院节制闸,1.63
2026-04-20 01:46:00,阳院节制闸,1.63
2026-04-20 01:51:00,阳院节制闸,1.63
2026-04-20 01:56:00,阳院节制闸,1.63
2026-04-20 02:02:00,阳院节制闸,1.64
2026-04-20 02:07:00,阳院节制闸,1.64
2026-04-20 02:12:00,阳院节制闸,1.65
2026-04-20 02:17:00,阳院节制闸,1.65
2026-04-20 02:23:00,阳院节制闸,1.65
2026-04-20 02:28:00,阳院节制闸,1.65
2026-04-20 02:33:00,阳院节制闸,1.66
2026-04-20 02:38:00,阳院节制闸,1.66
2026-04-20 02:44:00,阳院节制闸,1.66
2026-04-20 02:49:00,阳院节制闸,1.67
2026-04-20 02:54:00,阳院节制闸,1.67
2026-04-20 03:00:00,阳院节制闸,1.67
2026-04-20 03:05:00,阳院节制闸,1.67
2026-04-20 03:11:00,阳院节制闸,1.68
2026-04-20 03:16:00,阳院节制闸,1.68
2026-04-20 03:21:00,阳院节制闸,1.68
2026-04-20 03:26:00,阳院节制闸,1.68
2026-04-20 03:32:00,阳院节制闸,1.69
2026-04-20 03:37:00,阳院节制闸,1.69
2026-04-20 03:42:00,阳院节制闸,1.69
2026-04-20 03:47:00,阳院节制闸,1.69
2026-04-20 03:52:00,阳院节制闸,1.69
2026-04-20 03:58:00,阳院节制闸,1.69
2026-04-20 04:03:00,阳院节制闸,1.69
2026-04-20 04:08:00,阳院节制闸,1.69
2026-04-20 04:13:00,阳院节制闸,1.69
2026-04-20 04:19:00,阳院节制闸,1.68
2026-04-20 04:24:00,阳院节制闸,1.68
2026-04-20 04:29:00,阳院节制闸,1.68
2026-04-20 04:34:00,阳院节制闸,1.68
2026-04-20 04:40:00,阳院节制闸,1.68
2026-04-20 04:45:00,阳院节制闸,1.68
2026-04-20 04:50:00,阳院节制闸,1.68
2026-04-20 04:55:00,阳院节制闸,1.68
2026-04-20 05:01:00,阳院节制闸,1.68
2026-04-20 05:06:00,阳院节制闸,1.68
2026-04-20 05:11:00,阳院节制闸,1.68
2026-04-20 05:17:00,阳院节制闸,1.68
2026-04-20 05:22:00,阳院节制闸,1.68
2026-04-20 05:27:00,阳院节制闸,1.68
2026-04-20 05:32:00,阳院节制闸,1.67
2026-04-20 05:38:00,阳院节制闸,1.67
2026-04-20 05:43:00,阳院节制闸,1.67
2026-04-20 05:48:00,阳院节制闸,1.67
2026-04-20 05:54:00,阳院节制闸,1.67
2026-04-20 05:59:00,阳院节制闸,1.67
2026-04-20 06:05:00,阳院节制闸,1.67
2026-04-20 06:10:00,阳院节制闸,1.67
2026-04-20 06:15:00,阳院节制闸,1.66
2026-04-20 06:21:00,阳院节制闸,1.66
2026-04-20 06:26:00,阳院节制闸,1.66
2026-04-20 06:32:00,阳院节制闸,1.65
2026-04-20 06:37:00,阳院节制闸,1.65
2026-04-20 06:42:00,阳院节制闸,1.65
2026-04-20 06:48:00,阳院节制闸,1.65
2026-04-20 06:53:00,阳院节制闸,1.65
2026-04-20 06:58:00,阳院节制闸,1.64
2026-04-20 07:04:00,阳院节制闸,1.64
2026-04-20 07:09:00,阳院节制闸,1.64
2026-04-20 07:14:00,阳院节制闸,1.64
2026-04-20 07:20:00,阳院节制闸,1.63
2026-04-20 07:25:00,阳院节制闸,1.63
2026-04-20 07:30:00,阳院节制闸,1.63
2026-04-20 07:36:00,阳院节制闸,1.63
2026-04-20 07:41:00,阳院节制闸,1.62
2026-04-20 07:46:00,阳院节制闸,1.63
2026-04-20 07:52:00,阳院节制闸,1.63
2026-04-20 07:57:00,阳院节制闸,1.64
2026-04-20 08:02:00,阳院节制闸,1.64
2026-04-20 08:08:00,阳院节制闸,1.64
2026-04-20 08:13:00,阳院节制闸,1.64
2026-04-20 08:18:00,阳院节制闸,1.64
2026-04-20 08:24:00,阳院节制闸,1.64
2026-04-20 08:29:00,阳院节制闸,1.63
2026-04-20 08:35:00,阳院节制闸,1.64
2026-04-20 08:40:00,阳院节制闸,1.65
2026-04-20 08:45:00,阳院节制闸,1.65
2026-04-20 08:50:00,阳院节制闸,1.65
2026-04-20 08:56:00,阳院节制闸,1.65
2026-04-20 09:01:00,阳院节制闸,1.65
2026-04-20 09:07:00,阳院节制闸,1.65
2026-04-20 09:12:00,阳院节制闸,1.65
2026-04-20 09:17:00,阳院节制闸,1.66
2026-04-20 09:23:00,阳院节制闸,1.66
2026-04-20 09:28:00,阳院节制闸,1.66
2026-04-20 09:34:00,阳院节制闸,1.67
2026-04-20 09:39:00,阳院节制闸,1.68
2026-04-20 09:44:00,阳院节制闸,1.69
2026-04-20 09:50:00,阳院节制闸,1.7
2026-04-20 09:55:00,阳院节制闸,1.71
2026-04-20 10:00:00,阳院节制闸,1.71
2026-04-20 10:06:00,阳院节制闸,1.72
2026-04-20 10:11:00,阳院节制闸,1.72
2026-04-20 10:17:00,阳院节制闸,1.72
2026-04-20 10:22:00,阳院节制闸,1.73
2026-04-20 10:27:00,阳院节制闸,1.73
2026-04-20 10:33:00,阳院节制闸,1.74
2026-04-20 10:38:00,阳院节制闸,1.74
2026-04-20 10:43:00,阳院节制闸,1.74
2026-04-20 10:49:00,阳院节制闸,1.75
2026-04-20 10:54:00,阳院节制闸,1.75
2026-04-20 10:59:00,阳院节制闸,1.75
2026-04-20 11:04:00,阳院节制闸,1.75
2026-04-20 11:10:00,阳院节制闸,1.76
2026-04-20 11:15:00,阳院节制闸,1.76
2026-04-20 11:20:00,阳院节制闸,1.76
2026-04-20 11:26:00,阳院节制闸,1.76
2026-04-20 11:31:00,阳院节制闸,1.77
2026-04-20 11:37:00,阳院节制闸,1.78
2026-04-20 11:42:00,阳院节制闸,1.78
2026-04-20 11:48:00,阳院节制闸,1.78
2026-04-20 11:53:00,阳院节制闸,1.78
2026-04-20 11:58:00,阳院节制闸,1.78
2026-04-20 12:04:00,阳院节制闸,1.78
2026-04-20 12:09:00,阳院节制闸,1.78
2026-04-20 12:14:00,阳院节制闸,1.78
2026-04-20 12:20:00,阳院节制闸,1.78
2026-04-20 12:25:00,阳院节制闸,1.78
2026-04-20 12:31:00,阳院节制闸,1.79
2026-04-20 12:36:00,阳院节制闸,1.79
2026-04-20 12:41:00,阳院节制闸,1.78
2026-04-20 12:47:00,阳院节制闸,1.78
2026-04-20 12:52:00,阳院节制闸,1.78
2026-04-20 12:57:00,阳院节制闸,1.78
2026-04-20 13:02:00,阳院节制闸,1.78
2026-04-20 13:08:00,阳院节制闸,1.78
2026-04-20 13:13:00,阳院节制闸,1.78
2026-04-20 13:18:00,阳院节制闸,1.78
2026-04-20 13:23:00,阳院节制闸,1.78
2026-04-20 13:28:00,阳院节制闸,1.78
2026-04-20 13:33:00,阳院节制闸,1.78
2026-04-20 13:38:00,阳院节制闸,1.77
2026-04-20 13:43:00,阳院节制闸,1.77
2026-04-20 13:49:00,阳院节制闸,1.76
2026-04-20 13:54:00,阳院节制闸,1.75
2026-04-20 13:59:00,阳院节制闸,1.75
2026-04-20 14:04:00,阳院节制闸,1.74
2026-04-20 14:10:00,阳院节制闸,1.74
2026-04-20 14:15:00,阳院节制闸,1.74
2026-04-20 14:20:00,阳院节制闸,1.73
2026-04-20 14:25:00,阳院节制闸,1.73
2026-04-20 14:30:00,阳院节制闸,1.73
2026-04-20 14:36:00,阳院节制闸,1.73
2026-04-20 14:41:00,阳院节制闸,1.72
2026-04-20 14:46:00,阳院节制闸,1.72
2026-04-20 14:51:00,阳院节制闸,1.72
2026-04-20 14:57:00,阳院节制闸,1.72
2026-04-20 15:02:00,阳院节制闸,1.71
2026-04-20 15:08:00,阳院节制闸,1.71
2026-04-20 15:13:00,阳院节制闸,1.71
2026-04-20 15:19:00,阳院节制闸,1.71
2026-04-20 15:24:00,阳院节制闸,1.7
2026-04-20 15:29:00,阳院节制闸,1.7
2026-04-20 15:35:00,阳院节制闸,1.7
2026-04-20 15:40:00,阳院节制闸,1.69
2026-04-20 15:46:00,阳院节制闸,1.69
2026-04-20 15:51:00,阳院节制闸,1.69
2026-04-20 15:56:00,阳院节制闸,1.69
2026-04-20 16:01:00,阳院节制闸,1.68
2026-04-20 16:06:00,阳院节制闸,1.68
2026-04-20 16:12:00,阳院节制闸,1.68
2026-04-20 16:17:00,阳院节制闸,1.68
2026-04-20 16:22:00,阳院节制闸,1.67
2026-04-20 16:28:00,阳院节制闸,1.67
2026-04-20 16:33:00,阳院节制闸,1.67
2026-04-20 16:39:00,阳院节制闸,1.67
2026-04-20 16:44:00,阳院节制闸,1.66
2026-04-20 16:49:00,阳院节制闸,1.66
2026-04-20 16:54:00,阳院节制闸,1.66
2026-04-20 17:00:00,阳院节制闸,1.66
2026-04-20 17:05:00,阳院节制闸,1.66
2026-04-20 17:10:00,阳院节制闸,1.65
2026-04-20 17:15:00,阳院节制闸,1.65
2026-04-20 17:20:00,阳院节制闸,1.65
2026-04-20 17:25:00,阳院节制闸,1.65
2026-04-20 17:31:00,阳院节制闸,1.65
2026-04-20 17:36:00,阳院节制闸,1.65
2026-04-20 17:41:00,阳院节制闸,1.65
2026-04-20 17:47:00,阳院节制闸,1.65
2026-04-20 17:52:00,阳院节制闸,1.65
2026-04-20 17:57:00,阳院节制闸,1.65
2026-04-20 18:03:00,阳院节制闸,1.65
2026-04-20 18:08:00,阳院节制闸,1.65
2026-04-20 18:14:00,阳院节制闸,1.65
2026-04-20 18:19:00,阳院节制闸,1.64
2026-04-20 18:25:00,阳院节制闸,1.64
2026-04-20 18:30:00,阳院节制闸,1.64
2026-04-20 18:35:00,阳院节制闸,1.64
2026-04-20 18:41:00,阳院节制闸,1.64
2026-04-20 18:46:00,阳院节制闸,1.64
2026-04-20 18:51:00,阳院节制闸,1.64
2026-04-20 18:56:00,阳院节制闸,1.64
2026-04-20 19:02:00,阳院节制闸,1.64
2026-04-20 19:07:00,阳院节制闸,1.63
2026-04-20 19:13:00,阳院节制闸,1.63
2026-04-20 19:18:00,阳院节制闸,1.63
2026-04-20 19:23:00,阳院节制闸,1.63
2026-04-20 19:29:00,阳院节制闸,1.63
2026-04-20 19:34:00,阳院节制闸,1.62
2026-04-20 19:39:00,阳院节制闸,1.62
2026-04-20 19:45:00,阳院节制闸,1.62
2026-04-20 19:50:00,阳院节制闸,1.62
2026-04-20 19:55:00,阳院节制闸,1.61
2026-04-20 20:01:00,阳院节制闸,1.61
2026-04-20 20:06:00,阳院节制闸,1.61
2026-04-20 20:11:00,阳院节制闸,1.6
2026-04-20 20:17:00,阳院节制闸,1.6
2026-04-20 20:22:00,阳院节制闸,1.6
2026-04-20 20:27:00,阳院节制闸,1.59
2026-04-20 20:32:00,阳院节制闸,1.59
2026-04-20 20:38:00,阳院节制闸,1.59
2026-04-20 20:43:00,阳院节制闸,1.58
2026-04-20 20:49:00,阳院节制闸,1.58
2026-04-20 20:54:00,阳院节制闸,1.58
2026-04-20 20:59:00,阳院节制闸,1.58
2026-04-20 21:05:00,阳院节制闸,1.57
2026-04-20 21:10:00,阳院节制闸,1.57
2026-04-20 21:15:00,阳院节制闸,1.57
2026-04-20 21:21:00,阳院节制闸,1.57
2026-04-20 21:26:00,阳院节制闸,1.57
2026-04-20 21:32:00,阳院节制闸,1.57
2026-04-20 21:37:00,阳院节制闸,1.57
2026-04-20 21:42:00,阳院节制闸,1.56
2026-04-20 21:47:00,阳院节制闸,1.56
2026-04-20 21:52:00,阳院节制闸,1.56
2026-04-20 21:58:00,阳院节制闸,1.56
2026-04-20 22:03:00,阳院节制闸,1.56
2026-04-20 22:08:00,阳院节制闸,1.57
2026-04-20 22:14:00,阳院节制闸,1.57
2026-04-20 22:19:00,阳院节制闸,1.57
2026-04-20 22:24:00,阳院节制闸,1.57
2026-04-20 22:29:00,阳院节制闸,1.57
2026-04-20 22:34:00,阳院节制闸,1.57
2026-04-20 22:40:00,阳院节制闸,1.57
2026-04-20 22:45:00,阳院节制闸,1.57
2026-04-20 22:50:00,阳院节制闸,1.57
2026-04-20 22:55:00,阳院节制闸,1.57
2026-04-20 23:01:00,阳院节制闸,1.57
2026-04-20 23:03:00,阳院节制闸,1.57
2026-04-20 23:11:00,阳院节制闸,1.57
2026-04-20 23:16:00,阳院节制闸,1.57
2026-04-20 23:21:00,阳院节制闸,1.57
2026-04-20 23:26:00,阳院节制闸,1.57
2026-04-20 23:32:00,阳院节制闸,1.57
2026-04-20 23:37:00,阳院节制闸,1.57
2026-04-20 23:43:00,阳院节制闸,1.57
2026-04-20 23:48:00,阳院节制闸,1.57
2026-04-20 23:53:00,阳院节制闸,1.56
2026-04-20 23:59:00,阳院节制闸,1.56
2026-04-21 00:04:00,阳院节制闸,1.56
2026-04-21 00:09:00,阳院节制闸,1.56
2026-04-21 00:15:00,阳院节制闸,1.56
2026-04-21 00:20:00,阳院节制闸,1.55
2026-04-21 00:25:00,阳院节制闸,1.55
2026-04-21 00:31:00,阳院节制闸,1.55
2026-04-21 00:36:00,阳院节制闸,1.55
2026-04-21 00:41:00,阳院节制闸,1.55
2026-04-21 00:46:00,阳院节制闸,1.55
2026-04-21 00:52:00,阳院节制闸,1.51
2026-04-21 00:57:00,阳院节制闸,1.48
2026-04-21 01:02:00,阳院节制闸,1.47
2026-04-21 01:08:00,阳院节制闸,1.46
2026-04-21 01:13:00,阳院节制闸,1.44
2026-04-21 01:18:00,阳院节制闸,1.43
2026-04-21 01:23:00,阳院节制闸,1.42
2026-04-21 01:28:00,阳院节制闸,1.41
2026-04-21 01:34:00,阳院节制闸,1.39
2026-04-21 01:39:00,阳院节制闸,1.38
2026-04-21 01:44:00,阳院节制闸,1.37
2026-04-21 01:49:00,阳院节制闸,1.36
2026-04-21 01:55:00,阳院节制闸,1.36
2026-04-21 02:00:00,阳院节制闸,1.35
2026-04-21 02:05:00,阳院节制闸,1.34
2026-04-21 02:10:00,阳院节制闸,1.33
2026-04-21 02:16:00,阳院节制闸,1.36
2026-04-21 02:21:00,阳院节制闸,1.36
2026-04-21 02:27:00,阳院节制闸,1.36
2026-04-21 02:32:00,阳院节制闸,1.36
2026-04-21 02:37:00,阳院节制闸,1.36
2026-04-21 02:42:00,阳院节制闸,1.36
2026-04-21 02:48:00,阳院节制闸,1.35
2026-04-21 02:53:00,阳院节制闸,1.35
2026-04-21 02:59:00,阳院节制闸,1.35
2026-04-21 03:04:00,阳院节制闸,1.35
2026-04-21 03:09:00,阳院节制闸,1.35
2026-04-21 03:15:00,阳院节制闸,1.35
2026-04-21 03:20:00,阳院节制闸,1.34
2026-04-21 03:26:00,阳院节制闸,1.34
2026-04-21 03:31:00,阳院节制闸,1.33
2026-04-21 03:36:00,阳院节制闸,1.33
2026-04-21 03:41:00,阳院节制闸,1.32
2026-04-21 03:47:00,阳院节制闸,1.32
2026-04-21 03:52:00,阳院节制闸,1.32
2026-04-21 03:58:00,阳院节制闸,1.32
2026-04-21 04:03:00,阳院节制闸,1.32
2026-04-21 04:08:00,阳院节制闸,1.31
2026-04-21 04:14:00,阳院节制闸,1.28
2026-04-21 04:19:00,阳院节制闸,1.28
2026-04-21 04:24:00,阳院节制闸,1.27
2026-04-21 04:30:00,阳院节制闸,1.27
2026-04-21 04:35:00,阳院节制闸,1.26
2026-04-21 04:41:00,阳院节制闸,1.26
2026-04-21 04:46:00,阳院节制闸,1.26
2026-04-21 04:51:00,阳院节制闸,1.25
2026-04-21 04:57:00,阳院节制闸,1.25
2026-04-21 05:02:00,阳院节制闸,1.25
2026-04-21 05:07:00,阳院节制闸,1.25
2026-04-21 05:13:00,阳院节制闸,1.24
2026-04-21 05:18:00,阳院节制闸,1.24
2026-04-21 05:24:00,阳院节制闸,1.24
2026-04-21 05:29:00,阳院节制闸,1.24
2026-04-21 05:34:00,阳院节制闸,1.24
2026-04-21 05:39:00,阳院节制闸,1.24
2026-04-21 05:44:00,阳院节制闸,1.23
2026-04-21 05:50:00,阳院节制闸,1.23
2026-04-21 05:55:00,阳院节制闸,1.23
2026-04-21 06:00:00,阳院节制闸,1.23
2026-04-21 06:06:00,阳院节制闸,1.24
2026-04-21 06:11:00,阳院节制闸,1.24
2026-04-21 06:16:00,阳院节制闸,1.25
2026-04-21 06:21:00,阳院节制闸,1.25
2026-04-21 06:26:00,阳院节制闸,1.25
2026-04-21 06:32:00,阳院节制闸,1.26
2026-04-21 06:37:00,阳院节制闸,1.26
2026-04-21 06:43:00,阳院节制闸,1.26
2026-04-21 06:48:00,阳院节制闸,1.27
2026-04-21 06:54:00,阳院节制闸,1.27
2026-04-21 06:59:00,阳院节制闸,1.28
2026-04-21 07:04:00,阳院节制闸,1.28
2026-04-21 07:10:00,阳院节制闸,1.28
2026-04-21 07:15:00,阳院节制闸,1.29
2026-04-21 07:20:00,阳院节制闸,1.29
2026-04-21 07:26:00,阳院节制闸,1.3
2026-04-21 07:31:00,阳院节制闸,1.3
2026-04-21 07:36:00,阳院节制闸,1.3
2026-04-21 07:41:00,阳院节制闸,1.31
2026-04-21 07:46:00,阳院节制闸,1.31
2026-04-21 07:52:00,阳院节制闸,1.31
2026-04-21 07:57:00,阳院节制闸,1.35
2026-04-21 08:02:00,阳院节制闸,1.37
2026-04-21 08:07:00,阳院节制闸,1.38
2026-04-21 08:12:00,阳院节制闸,1.39
2026-04-21 08:17:00,阳院节制闸,1.41
2026-04-21 08:23:00,阳院节制闸,1.42
2026-04-21 08:28:00,阳院节制闸,1.43
2026-04-21 08:33:00,阳院节制闸,1.47
2026-04-21 08:38:00,阳院节制闸,1.49
2026-04-21 08:44:00,阳院节制闸,1.51
2026-04-21 08:49:00,阳院节制闸,1.52
2026-04-21 08:55:00,阳院节制闸,1.54
2026-04-21 09:00:00,阳院节制闸,1.55
2026-04-21 09:05:00,阳院节制闸,1.57
2026-04-21 09:11:00,阳院节制闸,1.58
2026-04-21 09:16:00,阳院节制闸,1.59
2026-04-21 09:21:00,阳院节制闸,1.61
2026-04-21 09:26:00,阳院节制闸,1.62
2026-04-21 09:32:00,阳院节制闸,1.63
2026-04-21 09:37:00,阳院节制闸,1.65
2026-04-21 09:43:00,阳院节制闸,1.66
2026-04-21 09:48:00,阳院节制闸,1.67
2026-04-21 09:53:00,阳院节制闸,1.68
2026-04-21 09:59:00,阳院节制闸,1.68
2026-04-21 10:04:00,阳院节制闸,1.69
2026-04-21 10:09:00,阳院节制闸,1.7
2026-04-21 10:15:00,阳院节制闸,1.69
2026-04-21 10:20:00,阳院节制闸,1.69
2026-04-21 10:25:00,阳院节制闸,1.7
2026-04-21 10:30:00,阳院节制闸,1.7
2026-04-21 10:35:00,阳院节制闸,1.71
2026-04-21 10:41:00,阳院节制闸,1.7
2026-04-21 10:46:00,阳院节制闸,1.7
2026-04-21 10:51:00,阳院节制闸,1.7
2026-04-21 10:56:00,阳院节制闸,1.7
2026-04-21 11:01:00,阳院节制闸,1.7
2026-04-21 11:07:00,阳院节制闸,1.7
2026-04-21 11:12:00,阳院节制闸,1.71
2026-04-21 11:17:00,阳院节制闸,1.71
2026-04-21 11:23:00,阳院节制闸,1.71
2026-04-21 11:28:00,阳院节制闸,1.71
2026-04-21 11:33:00,阳院节制闸,1.71
2026-04-21 11:39:00,阳院节制闸,1.71
2026-04-21 11:44:00,阳院节制闸,1.71
2026-04-21 11:49:00,阳院节制闸,1.72
2026-04-21 11:55:00,阳院节制闸,1.72
2026-04-21 12:00:00,阳院节制闸,1.72
2026-04-21 12:05:00,阳院节制闸,1.72
2026-04-21 12:11:00,阳院节制闸,1.72
2026-04-21 12:16:00,阳院节制闸,1.73
2026-04-21 12:21:00,阳院节制闸,1.73
2026-04-21 12:27:00,阳院节制闸,1.73
2026-04-21 12:32:00,阳院节制闸,1.73
2026-04-21 12:38:00,阳院节制闸,1.74
2026-04-21 12:43:00,阳院节制闸,1.74
2026-04-21 12:49:00,阳院节制闸,1.74
2026-04-21 12:54:00,阳院节制闸,1.74
2026-04-21 12:59:00,阳院节制闸,1.75
2026-04-21 13:04:00,阳院节制闸,1.75
2026-04-21 13:10:00,阳院节制闸,1.75
2026-04-21 13:15:00,阳院节制闸,1.75
2026-04-21 13:21:00,阳院节制闸,1.75
2026-04-21 13:26:00,阳院节制闸,1.75
2026-04-21 13:31:00,阳院节制闸,1.75
2026-04-21 13:37:00,阳院节制闸,1.75
2026-04-21 13:42:00,阳院节制闸,1.73
2026-04-21 13:47:00,阳院节制闸,1.73
2026-04-21 13:53:00,阳院节制闸,1.73
2026-04-21 13:58:00,阳院节制闸,1.73
2026-04-21 14:03:00,阳院节制闸,1.73
2026-04-21 14:09:00,阳院节制闸,1.72
2026-04-21 14:14:00,阳院节制闸,1.72
2026-04-21 14:19:00,阳院节制闸,1.72
2026-04-21 14:25:00,阳院节制闸,1.71
2026-04-21 14:30:00,阳院节制闸,1.71
2026-04-21 14:36:00,阳院节制闸,1.71
2026-04-21 14:41:00,阳院节制闸,1.71
2026-04-21 14:46:00,阳院节制闸,1.7
2026-04-21 14:52:00,阳院节制闸,1.7
2026-04-21 14:57:00,阳院节制闸,1.7
2026-04-21 15:02:00,阳院节制闸,1.7
2026-04-21 15:08:00,阳院节制闸,1.69
2026-04-21 15:13:00,阳院节制闸,1.69
2026-04-21 15:18:00,阳院节制闸,1.69
2026-04-21 15:24:00,阳院节制闸,1.69
2026-04-21 15:29:00,阳院节制闸,1.68
2026-04-21 15:35:00,阳院节制闸,1.68
2026-04-21 15:40:00,阳院节制闸,1.68
2026-04-21 15:45:00,阳院节制闸,1.67
2026-04-21 15:51:00,阳院节制闸,1.67
2026-04-21 15:56:00,阳院节制闸,1.67
2026-04-21 16:01:00,阳院节制闸,1.66
2026-04-21 16:06:00,阳院节制闸,1.66
2026-04-21 16:11:00,阳院节制闸,1.64
2026-04-21 16:16:00,阳院节制闸,1.63
2026-04-21 16:22:00,阳院节制闸,1.62
2026-04-21 16:27:00,阳院节制闸,1.62
2026-04-21 16:32:00,阳院节制闸,1.61
2026-04-21 16:37:00,阳院节制闸,1.6
2026-04-21 16:42:00,阳院节制闸,1.6
2026-04-21 16:48:00,阳院节制闸,1.59
2026-04-21 16:53:00,阳院节制闸,1.59
2026-04-21 16:58:00,阳院节制闸,1.57
2026-04-21 17:03:00,阳院节制闸,1.57
2026-04-21 17:09:00,阳院节制闸,1.56
2026-04-21 17:14:00,阳院节制闸,1.55
2026-04-21 17:20:00,阳院节制闸,1.55
2026-04-21 17:25:00,阳院节制闸,1.54
2026-04-21 17:30:00,阳院节制闸,1.53
