0	-72545.075768	3853555.624059	522.000000	Q20251012161706	0	0	2.400000	1.000000	
1	-72541.320399	3853570.561515	521.996250	Q20251012161706	15	0	2.400000	1.000000	
2	-72537.565030	3853585.498971	521.992500	Q20251012161706	30	0	2.400000	1.000000	
3	-72533.809662	3853600.436426	521.988750	Q20251012161706	45	0	2.400000	1.000000	
4	-72529.132952	3853619.038633	521.984500	Q20251012161706	62	0	2.400000	1.000000	
5	-72513.923949	3853621.473762	521.981000	Q20251012161706	76	0	2.400000	1.000000	
6	-72498.714946	3853623.908891	521.977250	Q20251012161706	91	0	2.400000	1.000000	
7	-72483.505943	3853626.344019	521.973500	Q20251012161706	106	0	2.400000	1.000000	
8	-72468.296941	3853628.779148	521.969750	Q20251012161706	121	0	2.400000	1.000000	
9	-72453.087938	3853631.214277	521.966000	Q20251012161706	136	0	2.400000	1.000000	
10	-72437.878935	3853633.649405	521.962250	Q20251012161706	151	0	2.400000	1.000000	
11	-72422.669932	3853636.084534	521.958500	Q20251012161706	166	0	2.400000	1.000000	
12	-72407.460929	3853638.519663	521.954750	Q20251012161706	181	0	2.400000	1.000000	
13	-72392.251926	3853640.954791	521.951000	Q20251012161706	196	0	2.400000	1.000000	
14	-72377.042923	3853643.389920	521.947250	Q20251012161706	211	0	2.400000	1.000000	
15	-72361.833920	3853645.825049	521.943500	Q20251012161706	226	0	2.400000	1.000000	
16	-72346.624918	3853648.260177	521.939750	Q20251012161706	241	0	2.400000	1.000000	
17	-72331.415915	3853650.695306	521.936000	Q20251012161706	256	0	2.400000	1.000000	
18	-72316.206912	3853653.130435	521.932250	Q20251012161706	271	0	2.400000	1.000000	
19	-72300.997909	3853655.565563	521.928500	Q20251012161706	286	0	2.400000	1.000000	
20	-72285.788906	3853658.000692	521.924750	Q20251012161706	301	0	2.400000	1.000000	
21	-72270.579903	3853660.435821	521.921000	Q20251012161706	316	0	2.400000	1.000000	
22	-72255.370900	3853662.870949	521.917250	Q20251012161706	331	0	2.400000	1.000000	
23	-72240.161897	3853665.306078	521.913500	Q20251012161706	346	0	2.400000	1.000000	
24	-72224.952895	3853667.741207	521.909750	Q20251012161706	361	0	2.400000	1.000000	
25	-72209.743892	3853670.176335	521.906000	Q20251012161706	376	0	2.400000	1.000000	
26	-72194.534889	3853672.611464	521.902250	Q20251012161706	391	0	2.400000	1.000000	
27	-72179.325886	3853675.046593	521.898500	Q20251012161706	406	0	2.400000	1.000000	
28	-72164.116883	3853677.481721	521.894750	Q20251012161706	421	0	2.400000	1.000000	
29	-72148.907880	3853679.916850	521.891000	Q20251012161706	436	0	2.400000	1.000000	
30	-72133.698877	3853682.351979	521.887250	Q20251012161706	451	0	2.400000	1.000000	
31	-72118.489874	3853684.787107	521.883500	Q20251012161706	466	0	2.400000	1.000000	
32	-72103.280871	3853687.222236	521.879750	Q20251012161706	481	0	2.400000	1.000000	
33	-72088.071869	3853689.657365	521.876000	Q20251012161706	496	0	2.400000	1.000000	
34	-72072.862866	3853692.092493	521.872250	Q20251012161706	511	0	2.400000	1.000000	
35	-72057.653863	3853694.527622	521.868500	Q20251012161706	526	0	2.400000	1.000000	
36	-72042.444860	3853696.962751	521.864750	Q20251012161706	541	0	2.400000	1.000000	
37	-72027.235857	3853699.397879	521.861000	Q20251012161706	556	0	2.400000	1.000000	
38	-72012.026854	3853701.833008	521.857250	Q20251012161706	571	0	2.400000	1.000000	
39	-71996.817851	3853704.268137	521.853500	Q20251012161706	586	0	2.400000	1.000000	
40	-71981.608848	3853706.703265	521.849750	Q20251012161706	601	0	2.400000	1.000000	
41	-71966.399846	3853709.138394	521.846000	Q20251012161706	616	0	2.400000	1.000000	
42	-71951.190843	3853711.573523	521.842250	Q20251012161706	631	0	2.400000	1.000000	
43	-71935.981840	3853714.008651	521.838500	Q20251012161706	646	0	2.400000	1.000000	
44	-71920.772837	3853716.443780	521.834750	Q20251012161706	661	0	2.400000	1.000000	
45	-71905.563834	3853718.878909	521.831000	Q20251012161706	676	0	2.400000	1.000000	
46	-71890.354831	3853721.314037	521.827250	Q20251012161706	691	0	2.400000	1.000000	
47	-71875.145828	3853723.749166	521.823500	Q20251012161706	706	0	2.400000	1.000000	
48	-71859.936825	3853726.184295	521.819750	Q20251012161706	721	0	2.400000	1.000000	
49	-71844.727823	3853728.619423	521.816000	Q20251012161706	736	0	2.400000	1.000000	
50	-71829.518820	3853731.054552	521.812250	Q20251012161706	751	0	2.400000	1.000000	
51	-71814.309817	3853733.489681	521.808500	Q20251012161706	766	0	2.400000	1.000000	
52	-71799.100814	3853735.924809	521.804750	Q20251012161706	781	0	2.400000	1.000000	
53	-71783.891811	3853738.359938	521.801000	Q20251012161706	796	0	2.400000	1.000000	
54	-71768.682808	3853740.795067	521.797250	Q20251012161706	811	0	2.400000	1.000000	
55	-71753.473805	3853743.230195	521.793500	Q20251012161706	826	0	2.400000	1.000000	
56	-71738.264802	3853745.665324	521.789750	Q20251012161706	841	0	2.400000	1.000000	
57	-71723.055800	3853748.100453	521.786000	Q20251012161706	856	0	2.400000	1.000000	
58	-71707.846797	3853750.535581	521.782250	Q20251012161706	871	0	2.400000	1.000000	
59	-71692.637794	3853752.970710	521.778500	Q20251012161706	886	0	2.400000	1.000000	
60	-71677.428791	3853755.405839	521.774750	Q20251012161706	901	0	2.400000	1.000000	
61	-71662.219788	3853757.840967	521.771000	Q20251012161706	916	0	2.400000	1.000000	
62	-71647.010785	3853760.276096	521.767250	Q20251012161706	931	0	2.400000	1.000000	
63	-71631.801782	3853762.711225	521.763500	Q20251012161706	946	0	2.400000	1.000000	
64	-71616.592779	3853765.146353	521.759750	Q20251012161706	961	0	2.400000	1.000000	
65	-71601.383777	3853767.581482	521.756000	Q20251012161706	976	0	2.400000	1.000000	
66	-71586.174774	3853770.016611	521.752250	Q20251012161706	991	0	2.400000	1.000000	
67	-71570.965771	3853772.451739	521.748500	Q20251012161706	1006	0	2.400000	1.000000	
68	-71555.756768	3853774.886868	521.744750	Q20251012161706	1021	0	2.400000	1.000000	
69	-71540.547765	3853777.321997	521.741000	Q20251012161706	1036	0	2.400000	1.000000	
70	-71525.338762	3853779.757125	521.737250	Q20251012161706	1051	0	2.400000	1.000000	
71	-71510.129759	3853782.192254	521.733500	Q20251012161706	1066	0	2.400000	1.000000	
72	-71494.920756	3853784.627383	521.729750	Q20251012161706	1081	0	2.400000	1.000000	
73	-71479.711753	3853787.062511	521.726000	Q20251012161706	1096	0	2.400000	1.000000	
74	-71464.502751	3853789.497640	521.722250	Q20251012161706	1111	0	2.400000	1.000000	
75	-71449.293748	3853791.932769	521.718500	Q20251012161706	1126	0	2.400000	1.000000	
76	-71434.084745	3853794.367897	521.714750	Q20251012161706	1141	0	2.400000	1.000000	
77	-71418.875742	3853796.803026	521.711000	Q20251012161706	1156	0	2.400000	1.000000	
78	-71403.666739	3853799.238155	521.707250	Q20251012161706	1171	0	2.400000	1.000000	
79	-71388.457736	3853801.673283	521.703500	Q20251012161706	1186	0	2.400000	1.000000	
80	-71373.248733	3853804.108412	521.699750	Q20251012161706	1201	0	2.400000	1.000000	
81	-71358.039730	3853806.543541	521.696000	Q20251012161706	1216	0	2.400000	1.000000	
82	-71344.820476	3853808.660089	521.692500	Q20251012161706	1230	0	2.400000	1.000000	
83	-71329.652744	3853811.340293	521.689000	Q20251012161706	1244	0	2.400000	1.000000	
84	-71314.485011	3853814.020497	521.685250	Q20251012161706	1259	0	2.400000	1.000000	
85	-71299.317279	3853816.700701	521.681500	Q20251012161706	1274	0	2.400000	1.000000	
86	-71284.149546	3853819.380905	521.677750	Q20251012161706	1289	0	2.400000	1.000000	
87	-71268.981814	3853822.061110	521.674000	Q20251012161706	1304	0	2.400000	1.000000	
88	-71253.814081	3853824.741314	521.670250	Q20251012161706	1319	0	2.400000	1.000000	
89	-71238.646349	3853827.421518	521.666500	Q20251012161706	1334	0	2.400000	1.000000	
90	-71223.478616	3853830.101722	521.662750	Q20251012161706	1349	0	2.400000	1.000000	
91	-71208.310884	3853832.781926	521.659000	Q20251012161706	1364	0	2.400000	1.000000	
92	-71193.143151	3853835.462130	521.655250	Q20251012161706	1379	0	2.400000	1.000000	
93	-71177.975418	3853838.142335	521.651500	Q20251012161706	1394	0	2.400000	1.000000	
94	-71162.807686	3853840.822539	521.647750	Q20251012161706	1409	0	2.400000	1.000000	
95	-71147.639953	3853843.502743	521.644000	Q20251012161706	1424	0	2.400000	1.000000	
96	-71132.472221	3853846.182947	521.640250	Q20251012161706	1439	0	2.400000	1.000000	
97	-71117.304488	3853848.863151	521.636500	Q20251012161706	1454	0	2.400000	1.000000	
98	-71102.136756	3853851.543355	521.632750	Q20251012161706	1469	0	2.400000	1.000000	
99	-71086.969023	3853854.223560	521.629000	Q20251012161706	1484	0	2.400000	1.000000	
100	-71071.801291	3853856.903764	521.625250	Q20251012161706	1499	0	2.400000	1.000000	
101	-71056.633558	3853859.583968	521.621500	Q20251012161706	1514	0	2.400000	1.000000	
102	-71041.465826	3853862.264172	521.617750	Q20251012161706	1529	0	2.400000	1.000000	
103	-71026.298093	3853864.944376	521.614000	Q20251012161706	1544	0	2.400000	1.000000	
104	-71011.130361	3853867.624580	521.610250	Q20251012161706	1559	0	2.400000	1.000000	
105	-70995.962628	3853870.304785	521.606500	Q20251012161706	1574	0	2.400000	1.000000	
106	-70980.794896	3853872.984989	521.602750	Q20251012161706	1589	0	2.400000	1.000000	
107	-70965.627163	3853875.665193	521.599000	Q20251012161706	1604	0	2.400000	1.000000	
108	-70950.459431	3853878.345397	521.595250	Q20251012161706	1619	0	2.400000	1.000000	
109	-70935.291698	3853881.025601	521.591500	Q20251012161706	1634	0	2.400000	1.000000	
110	-70920.123966	3853883.705805	521.587750	Q20251012161706	1649	0	2.400000	1.000000	
111	-70904.956233	3853886.386010	521.584000	Q20251012161706	1664	0	2.400000	1.000000	
112	-70889.788501	3853889.066214	521.580250	Q20251012161706	1679	0	2.400000	1.000000	
113	-70874.620768	3853891.746418	521.576500	Q20251012161706	1694	0	2.400000	1.000000	
114	-70859.453036	3853894.426622	521.572750	Q20251012161706	1709	0	2.400000	1.000000	
115	-70844.285303	3853897.106826	521.569000	Q20251012161706	1724	0	2.400000	1.000000	
116	-70829.117571	3853899.787030	521.565250	Q20251012161706	1739	0	2.400000	1.000000	
117	-70813.949838	3853902.467235	521.561500	Q20251012161706	1754	0	2.400000	1.000000	
118	-70798.782105	3853905.147439	521.557750	Q20251012161706	1769	0	2.400000	1.000000	
119	-70783.614373	3853907.827643	521.554000	Q20251012161706	1784	0	2.400000	1.000000	
120	-70768.446640	3853910.507847	521.550250	Q20251012161706	1799	0	2.400000	1.000000	
121	-70753.278908	3853913.188051	521.546500	Q20251012161706	1814	0	2.400000	1.000000	
122	-70738.111175	3853915.868255	521.542750	Q20251012161706	1829	0	2.400000	1.000000	
123	-70722.943443	3853918.548460	521.539000	Q20251012161706	1844	0	2.400000	1.000000	
124	-70707.775710	3853921.228664	521.535250	Q20251012161706	1859	0	2.400000	1.000000	
125	-70692.607978	3853923.908868	521.531500	Q20251012161706	1874	0	2.400000	1.000000	
126	-70677.440245	3853926.589072	521.527750	Q20251012161706	1889	0	2.400000	1.000000	
127	-70662.272513	3853929.269276	521.524000	Q20251012161706	1904	0	2.400000	1.000000	
128	-70647.104780	3853931.949480	521.520250	Q20251012161706	1919	0	2.400000	1.000000	
129	-70631.937048	3853934.629685	521.516500	Q20251012161706	1934	0	2.400000	1.000000	
130	-70616.769315	3853937.309889	521.512750	Q20251012161706	1949	0	2.400000	1.000000	
131	-70601.601583	3853939.990093	521.509000	Q20251012161706	1964	0	2.400000	1.000000	
132	-70586.433850	3853942.670297	521.505250	Q20251012161706	1979	0	2.400000	1.000000	
133	-70571.266118	3853945.350501	521.501500	Q20251012161706	1994	0	2.400000	1.000000	
134	-70556.098385	3853948.030705	521.497750	Q20251012161706	2009	0	2.400000	1.000000	
135	-70540.930653	3853950.710910	521.494000	Q20251012161706	2024	0	2.400000	1.000000	
136	-70525.762920	3853953.391114	521.490250	Q20251012161706	2039	0	2.400000	1.000000	
137	-70510.595188	3853956.071318	521.486500	Q20251012161706	2054	0	2.400000	1.000000	
138	-70495.427455	3853958.751522	521.482750	Q20251012161706	2069	0	2.400000	1.000000	
139	-70480.259723	3853961.431726	521.479000	Q20251012161706	2084	0	2.400000	1.000000	
140	-70465.091990	3853964.111930	521.475250	Q20251012161706	2099	0	2.400000	1.000000	
141	-70449.924257	3853966.792135	521.471500	Q20251012161706	2114	0	2.400000	1.000000	
142	-70435.959817	3853969.259712	521.468000	Q20251012161706	2128	0	2.400000	1.000000	
143	-70424.297812	3853979.321585	521.464500	Q20251012161706	2142	0	2.400000	1.000000	
144	-70412.635807	3853989.383457	521.460750	Q20251012161706	2157	0	2.400000	1.000000	
145	-70400.973802	3853999.445330	521.457000	Q20251012161706	2172	0	2.400000	1.000000	
146	-70389.311797	3854009.507203	521.453250	Q20251012161706	2187	0	2.400000	1.000000	
147	-70377.649792	3854019.569076	521.449500	Q20251012161706	2202	0	2.400000	1.000000	
148	-70365.987787	3854029.630948	521.445750	Q20251012161706	2217	0	2.400000	1.000000	
149	-70354.325782	3854039.692821	521.442000	Q20251012161706	2232	0	2.400000	1.000000	
150	-70342.663777	3854049.754694	521.438250	Q20251012161706	2247	0	2.400000	1.000000	
151	-70331.001772	3854059.816567	521.434500	Q20251012161706	2262	0	2.400000	1.000000	
152	-70319.339767	3854069.878440	521.430750	Q20251012161706	2277	0	2.400000	1.000000	
153	-70307.677762	3854079.940312	521.427000	Q20251012161706	2292	0	2.400000	1.000000	
154	-70296.015757	3854090.002185	521.423250	Q20251012161706	2307	0	2.400000	1.000000	
155	-70284.353752	3854100.064058	521.419500	Q20251012161706	2322	0	2.400000	1.000000	
156	-70272.691747	3854110.125931	521.415750	Q20251012161706	2337	0	2.400000	1.000000	
157	-70261.029742	3854120.187803	521.412000	Q20251012161706	2352	0	2.400000	1.000000	
158	-70249.367737	3854130.249676	521.408250	Q20251012161706	2367	0	2.400000	1.000000	
159	-70237.705732	3854140.311549	521.404500	Q20251012161706	2382	0	2.400000	1.000000	
160	-70226.043727	3854150.373422	521.400750	Q20251012161706	2397	0	2.400000	1.000000	
161	-70214.381722	3854160.435294	521.397000	Q20251012161706	2412	0	2.400000	1.000000	
162	-70202.719717	3854170.497167	521.393250	Q20251012161706	2427	0	2.400000	1.000000	
163	-70191.057712	3854180.559040	521.389500	Q20251012161706	2442	0	2.400000	1.000000	
164	-70179.395707	3854190.620913	521.385750	Q20251012161706	2457	0	2.400000	1.000000	
165	-70167.733702	3854200.682785	521.382000	Q20251012161706	2472	0	2.400000	1.000000	
166	-70156.071697	3854210.744658	521.378250	Q20251012161706	2487	0	2.400000	1.000000	
167	-70144.409692	3854220.806531	521.374500	Q20251012161706	2502	0	2.400000	1.000000	
168	-70132.747687	3854230.868404	521.370750	Q20251012161706	2517	0	2.400000	1.000000	
169	-70121.085682	3854240.930276	521.367000	Q20251012161706	2532	0	2.400000	1.000000	
170	-70109.423677	3854250.992149	521.363250	Q20251012161706	2547	0	2.400000	1.000000	
171	-70097.761672	3854261.054022	521.359500	Q20251012161706	2562	0	2.400000	1.000000	
172	-70086.099667	3854271.115895	521.355750	Q20251012161706	2577	0	2.400000	1.000000	
173	-70074.437662	3854281.177767	521.352000	Q20251012161706	2592	0	2.400000	1.000000	
174	-70062.775657	3854291.239640	521.348250	Q20251012161706	2607	0	2.400000	1.000000	
175	-70051.113652	3854301.301513	521.344500	Q20251012161706	2622	0	2.400000	1.000000	
176	-70039.451647	3854311.363386	521.340750	Q20251012161706	2637	0	2.400000	1.000000	
177	-70027.789642	3854321.425258	521.337000	Q20251012161706	2652	0	2.400000	1.000000	
178	-70016.127637	3854331.487131	521.333250	Q20251012161706	2667	0	2.400000	1.000000	
179	-69999.227807	3854346.068152	521.328750	Q20251012161706	2685	0	2.400000	1.000000	
180	-69997.494216	3854361.372998	521.324500	Q20251012161706	2702	0	2.400000	1.000000	
181	-69995.760624	3854376.677844	521.320750	Q20251012161706	2717	0	2.400000	1.000000	
182	-69994.027032	3854391.982690	521.317000	Q20251012161706	2732	0	2.400000	1.000000	
183	-69992.293441	3854407.287535	521.313250	Q20251012161706	2747	0	2.400000	1.000000	
184	-69990.559849	3854422.592381	521.309500	Q20251012161706	2762	0	2.400000	1.000000	
185	-69988.826258	3854437.897227	521.305750	Q20251012161706	2777	0	2.400000	1.000000	
186	-69987.092666	3854453.202072	521.302000	Q20251012161706	2792	0	2.400000	1.000000	
187	-69985.359075	3854468.506918	521.298250	Q20251012161706	2807	0	2.400000	1.000000	
188	-69983.625483	3854483.811764	521.294500	Q20251012161706	2822	0	2.400000	1.000000	
189	-69981.891891	3854499.116610	521.290750	Q20251012161706	2837	0	2.400000	1.000000	
190	-69980.158300	3854514.421455	521.287000	Q20251012161706	2852	0	2.400000	1.000000	
191	-69978.424708	3854529.726301	521.283250	Q20251012161706	2867	0	2.400000	1.000000	
192	-69976.691117	3854545.031147	521.279500	Q20251012161706	2882	0	2.400000	1.000000	
193	-69974.957525	3854560.335992	521.275750	Q20251012161706	2897	0	2.400000	1.000000	
194	-69973.223934	3854575.640838	521.272000	Q20251012161706	2912	0	2.400000	1.000000	
195	-69971.490342	3854590.945684	521.268250	Q20251012161706	2927	0	2.400000	1.000000	
196	-69969.756751	3854606.250530	521.264500	Q20251012161706	2942	0	2.400000	1.000000	
197	-69968.023159	3854621.555375	521.260750	Q20251012161706	2957	0	2.400000	1.000000	
198	-69966.289567	3854636.860221	521.257000	Q20251012161706	2972	0	2.400000	1.000000	
199	-69964.555976	3854652.165067	521.253250	Q20251012161706	2987	0	2.400000	1.000000	
200	-69962.822384	3854667.469912	521.249500	Q20251012161706	3002	0	2.400000	1.000000	
201	-69961.088793	3854682.774758	521.245750	Q20251012161706	3017	0	2.400000	1.000000	
202	-69959.355201	3854698.079604	521.242000	Q20251012161706	3032	0	2.400000	1.000000	
203	-69957.621610	3854713.384450	521.238250	Q20251012161706	3047	0	2.400000	1.000000	
204	-69955.888018	3854728.689295	521.234500	Q20251012161706	3062	0	2.400000	1.000000	
205	-69954.154426	3854743.994141	521.230750	Q20251012161706	3077	0	2.400000	1.000000	
206	-69952.420835	3854759.298987	521.227000	Q20251012161706	3092	0	2.400000	1.000000	
207	-69950.687243	3854774.603833	521.223250	Q20251012161706	3107	0	2.400000	1.000000	
208	-69948.953652	3854789.908678	521.219500	Q20251012161706	3122	0	2.400000	1.000000	
209	-69947.220060	3854805.213524	521.215750	Q20251012161706	3137	0	2.400000	1.000000	
210	-69945.486469	3854820.518370	521.212000	Q20251012161706	3152	0	2.400000	1.000000	
211	-69943.752877	3854835.823215	521.208250	Q20251012161706	3167	0	2.400000	1.000000	
212	-69942.019285	3854851.128061	521.204500	Q20251012161706	3182	0	2.400000	1.000000	
213	-69940.285694	3854866.432907	521.200750	Q20251012161706	3197	0	2.400000	1.000000	
214	-69938.552102	3854881.737753	521.197000	Q20251012161706	3212	0	2.400000	1.000000	
215	-69936.818511	3854897.042598	521.193250	Q20251012161706	3227	0	2.400000	1.000000	
216	-69935.084919	3854912.347444	521.189500	Q20251012161706	3242	0	2.400000	1.000000	
217	-69933.351328	3854927.652290	521.185750	Q20251012161706	3257	0	2.400000	1.000000	
218	-69931.617736	3854942.957135	521.182000	Q20251012161706	3272	0	2.400000	1.000000	
219	-69929.884144	3854958.261981	521.178250	Q20251012161706	3287	0	2.400000	1.000000	
220	-69928.150553	3854973.566827	521.174500	Q20251012161706	3302	0	2.400000	1.000000	
221	-69926.416961	3854988.871673	521.170750	Q20251012161706	3317	0	2.400000	1.000000	
222	-69924.683370	3855004.176518	521.167000	Q20251012161706	3332	0	2.400000	1.000000	
223	-69922.949778	3855019.481364	521.163250	Q20251012161706	3347	0	2.400000	1.000000	
224	-69921.216187	3855034.786210	521.159500	Q20251012161706	3362	0	2.400000	1.000000	
225	-69919.482595	3855050.091055	521.155750	Q20251012161706	3377	0	2.400000	1.000000	
226	-69917.749004	3855065.395901	521.152000	Q20251012161706	3392	0	2.400000	1.000000	
227	-69916.015412	3855080.700747	521.148250	Q20251012161706	3407	0	2.400000	1.000000	
228	-69914.281820	3855096.005593	521.144500	Q20251012161706	3422	0	2.400000	1.000000	
229	-69912.548229	3855111.310438	521.140750	Q20251012161706	3437	0	2.400000	1.000000	
230	-69910.814637	3855126.615284	521.137000	Q20251012161706	3452	0	2.400000	1.000000	
231	-69909.081046	3855141.920130	521.133250	Q20251012161706	3467	0	2.400000	1.000000	
232	-69907.347454	3855157.224975	521.129500	Q20251012161706	3482	0	2.400000	1.000000	
233	-69905.613863	3855172.529821	521.125750	Q20251012161706	3497	0	2.400000	1.000000	
234	-69903.880271	3855187.834667	521.122000	Q20251012161706	3512	0	2.400000	1.000000	
235	-69902.146679	3855203.139513	521.118250	Q20251012161706	3527	0	2.400000	1.000000	
236	-69900.413088	3855218.444358	521.114500	Q20251012161706	3542	0	2.400000	1.000000	
237	-69898.679496	3855233.749204	521.110750	Q20251012161706	3557	0	2.400000	1.000000	
238	-69896.945905	3855249.054050	521.107000	Q20251012161706	3572	0	2.400000	1.000000	
239	-69895.212313	3855264.358896	521.103250	Q20251012161706	3587	0	2.400000	1.000000	
240	-69893.478722	3855279.663741	521.099500	Q20251012161706	3602	0	2.400000	1.000000	
241	-69891.745130	3855294.968587	521.095750	Q20251012161706	3617	0	2.400000	1.000000	
242	-69890.734334	3855303.892299	521.092750	Q20251012161706	3629	0	2.400000	1.000000	
243	-69878.641079	3855313.431525	521.090000	Q20251012161706	3640	0	2.400000	1.000000	
244	-69866.547824	3855322.970751	521.086250	Q20251012161706	3655	0	2.400000	1.000000	
245	-69854.454569	3855332.509977	521.082500	Q20251012161706	3670	0	2.400000	1.000000	
246	-69842.361314	3855342.049202	521.078750	Q20251012161706	3685	0	2.400000	1.000000	
247	-69830.268060	3855351.588428	521.075000	Q20251012161706	3700	0	2.400000	1.000000	
248	-69818.174805	3855361.127654	521.071250	Q20251012161706	3715	0	2.400000	1.000000	
249	-69806.081550	3855370.666880	521.067500	Q20251012161706	3730	0	2.400000	1.000000	
250	-69793.988295	3855380.206105	521.063750	Q20251012161706	3745	0	2.400000	1.000000	
251	-69781.895040	3855389.745331	521.060000	Q20251012161706	3760	0	2.400000	1.000000	
252	-69769.801785	3855399.284557	521.056250	Q20251012161706	3775	0	2.400000	1.000000	
253	-69757.708530	3855408.823783	521.052500	Q20251012161706	3790	0	2.400000	1.000000	
254	-69745.615275	3855418.363009	521.048750	Q20251012161706	3805	0	2.400000	1.000000	
255	-69733.522020	3855427.902234	521.045000	Q20251012161706	3820	0	2.400000	1.000000	
256	-69721.428765	3855437.441460	521.041250	Q20251012161706	3835	0	2.400000	1.000000	
257	-69709.335510	3855446.980686	521.037500	Q20251012161706	3850	0	2.400000	1.000000	
258	-69697.242255	3855456.519912	521.033750	Q20251012161706	3865	0	2.400000	1.000000	
259	-69685.149000	3855466.059137	521.030000	Q20251012161706	3880	0	2.400000	1.000000	
260	-69673.055745	3855475.598363	521.026250	Q20251012161706	3895	0	2.400000	1.000000	
261	-69660.962490	3855485.137589	521.022500	Q20251012161706	3910	0	2.400000	1.000000	
262	-69648.869235	3855494.676815	521.018750	Q20251012161706	3925	0	2.400000	1.000000	
263	-69636.775980	3855504.216040	521.015000	Q20251012161706	3940	0	2.400000	1.000000	
264	-69624.682725	3855513.755266	521.011250	Q20251012161706	3955	0	2.400000	1.000000	
265	-69612.589470	3855523.294492	521.007500	Q20251012161706	3970	0	2.400000	1.000000	
266	-69600.496215	3855532.833718	521.003750	Q20251012161706	3985	0	2.400000	1.000000	
267	-69588.402960	3855542.372943	521.000000	Q20251012161706	4000	0	2.400000	1.000000	
268	-69576.309705	3855551.912169	520.996250	Q20251012161706	4015	0	2.400000	1.000000	
269	-69564.216450	3855561.451395	520.992500	Q20251012161706	4030	0	2.400000	1.000000	
270	-69552.123195	3855570.990621	520.988750	Q20251012161706	4045	0	2.400000	1.000000	
271	-69540.029941	3855580.529846	520.985000	Q20251012161706	4060	0	2.400000	1.000000	
272	-69527.936686	3855590.069072	520.981250	Q20251012161706	4075	0	2.400000	1.000000	
273	-69515.843431	3855599.608298	520.977500	Q20251012161706	4090	0	2.400000	1.000000	
274	-69503.750176	3855609.147524	520.973750	Q20251012161706	4105	0	2.400000	1.000000	
275	-69491.656921	3855618.686749	520.970000	Q20251012161706	4120	0	2.400000	1.000000	
276	-69479.563666	3855628.225975	520.966250	Q20251012161706	4135	0	2.400000	1.000000	
277	-69467.470411	3855637.765201	520.962500	Q20251012161706	4150	0	2.400000	1.000000	
278	-69455.377156	3855647.304427	520.958750	Q20251012161706	4165	0	2.400000	1.000000	
279	-69443.283901	3855656.843653	520.955000	Q20251012161706	4180	0	2.400000	1.000000	
280	-69431.190646	3855666.382878	520.951250	Q20251012161706	4195	0	2.400000	1.000000	
281	-69419.097391	3855675.922104	520.947500	Q20251012161706	4210	0	2.400000	1.000000	
282	-69407.004136	3855685.461330	520.943750	Q20251012161706	4225	0	2.400000	1.000000	
283	-69394.910881	3855695.000556	520.940000	Q20251012161706	4240	0	2.400000	1.000000	
284	-69382.817626	3855704.539781	520.936250	Q20251012161706	4255	0	2.400000	1.000000	
285	-69370.724371	3855714.079007	520.932500	Q20251012161706	4270	0	2.400000	1.000000	
286	-69358.631116	3855723.618233	520.928750	Q20251012161706	4285	0	2.400000	1.000000	
287	-69346.537861	3855733.157459	520.925000	Q20251012161706	4300	0	2.400000	1.000000	
288	-69334.444606	3855742.696684	520.921250	Q20251012161706	4315	0	2.400000	1.000000	
289	-69322.351351	3855752.235910	520.917500	Q20251012161706	4330	0	2.400000	1.000000	
290	-69310.258096	3855761.775136	520.913750	Q20251012161706	4345	0	2.400000	1.000000	
291	-69298.164841	3855771.314362	520.910000	Q20251012161706	4360	0	2.400000	1.000000	
292	-69286.071586	3855780.853587	520.906250	Q20251012161706	4375	0	2.400000	1.000000	
293	-69273.978331	3855790.392813	520.902500	Q20251012161706	4390	0	2.400000	1.000000	
294	-69261.885076	3855799.932039	520.898750	Q20251012161706	4405	0	2.400000	1.000000	
295	-69249.791821	3855809.471265	520.895000	Q20251012161706	4420	0	2.400000	1.000000	
296	-69237.698567	3855819.010490	520.891250	Q20251012161706	4435	0	2.400000	1.000000	
297	-69225.605312	3855828.549716	520.887500	Q20251012161706	4450	0	2.400000	1.000000	
298	-69213.512057	3855838.088942	520.883750	Q20251012161706	4465	0	2.400000	1.000000	
299	-69201.418802	3855847.628168	520.880000	Q20251012161706	4480	0	2.400000	1.000000	
300	-69189.325547	3855857.167394	520.876250	Q20251012161706	4495	0	2.400000	1.000000	
301	-69177.232292	3855866.706619	520.872500	Q20251012161706	4510	0	2.400000	1.000000	
302	-69165.139037	3855876.245845	520.868750	Q20251012161706	4525	0	2.400000	1.000000	
303	-69153.045782	3855885.785071	520.865000	Q20251012161706	4540	0	2.400000	1.000000	
304	-69140.952527	3855895.324297	520.861250	Q20251012161706	4555	0	2.400000	1.000000	
305	-69128.859272	3855904.863522	520.857500	Q20251012161706	4570	0	2.400000	1.000000	
306	-69116.766017	3855914.402748	520.853750	Q20251012161706	4585	0	2.400000	1.000000	
307	-69104.672762	3855923.941974	520.850000	Q20251012161706	4600	0	2.400000	1.000000	
308	-69092.579507	3855933.481200	520.846250	Q20251012161706	4615	0	2.400000	1.000000	
309	-69080.486252	3855943.020425	520.842500	Q20251012161706	4630	0	2.400000	1.000000	
310	-69068.392997	3855952.559651	520.838750	Q20251012161706	4645	0	2.400000	1.000000	
311	-69056.299742	3855962.098877	520.835000	Q20251012161706	4660	0	2.400000	1.000000	
312	-69044.206487	3855971.638103	520.831250	Q20251012161706	4675	0	2.400000	1.000000	
313	-69032.113232	3855981.177328	520.827500	Q20251012161706	4690	0	2.400000	1.000000	
314	-69020.019977	3855990.716554	520.823750	Q20251012161706	4705	0	2.400000	1.000000	
315	-69007.926722	3856000.255780	520.820000	Q20251012161706	4720	0	2.400000	1.000000	
316	-68995.833467	3856009.795006	520.816250	Q20251012161706	4735	0	2.400000	1.000000	
317	-68983.740212	3856019.334231	520.812500	Q20251012161706	4750	0	2.400000	1.000000	
318	-68971.646957	3856028.873457	520.808750	Q20251012161706	4765	0	2.400000	1.000000	
319	-68959.553702	3856038.412683	520.805000	Q20251012161706	4780	0	2.400000	1.000000	
320	-68947.460448	3856047.951909	520.801250	Q20251012161706	4795	0	2.400000	1.000000	
321	-68935.367193	3856057.491135	520.797500	Q20251012161706	4810	0	2.400000	1.000000	
322	-68927.132730	3856063.986524	520.794500	Q20251012161706	4822	0	2.400000	1.000000	
323	-68914.501825	3856072.801504	520.791500	Q20251012161706	4834	0	2.400000	1.000000	
324	-68901.870920	3856081.616485	520.787750	Q20251012161706	4849	0	2.400000	1.000000	
325	-68889.240015	3856090.431465	520.784000	Q20251012161706	4864	0	2.400000	1.000000	
326	-68876.609110	3856099.246445	520.780250	Q20251012161706	4879	0	2.400000	1.000000	
327	-68863.978204	3856108.061426	520.776500	Q20251012161706	4894	0	2.400000	1.000000	
328	-68851.347299	3856116.876406	520.772750	Q20251012161706	4909	0	2.400000	1.000000	
329	-68838.716394	3856125.691387	520.769000	Q20251012161706	4924	0	2.400000	1.000000	
330	-68826.085489	3856134.506367	520.765250	Q20251012161706	4939	0	2.400000	1.000000	
331	-68813.454584	3856143.321347	520.761500	Q20251012161706	4954	0	2.400000	1.000000	
332	-68800.823679	3856152.136328	520.757750	Q20251012161706	4969	0	2.400000	1.000000	
333	-68788.192774	3856160.951308	520.754224	Q20251012161706	4984	0	2.400000	1.000000	
334	-68775.561869	3856169.766289	520.750713	Q20251012161706	4999	0	2.400000	1.000000	
335	-68762.930964	3856178.581269	520.747203	Q20251012161706	5014	0	2.400000	1.000000	
336	-68750.300058	3856187.396250	520.743692	Q20251012161706	5029	0	2.400000	1.000000	
337	-68737.669153	3856196.211230	520.740182	Q20251012161706	5044	0	2.400000	1.000000	
338	-68725.038248	3856205.026210	520.736672	Q20251012161706	5059	0	2.400000	1.000000	
339	-68712.407343	3856213.841191	520.733161	Q20251012161706	5074	0	2.400000	1.000000	
340	-68699.776438	3856222.656171	520.729651	Q20251012161706	5089	0	2.400000	1.000000	
341	-68687.145533	3856231.471152	520.726140	Q20251012161706	5104	0	2.400000	1.000000	
342	-68674.514628	3856240.286132	520.722630	Q20251012161706	5119	0	2.400000	1.000000	
343	-68661.883723	3856249.101112	520.719119	Q20251012161706	5134	0	2.400000	1.000000	
344	-68649.252818	3856257.916093	520.715609	Q20251012161706	5149	0	2.400000	1.000000	
345	-68636.621912	3856266.731073	520.712099	Q20251012161706	5164	0	2.400000	1.000000	
346	-68623.991007	3856275.546054	520.708588	Q20251012161706	5179	0	2.400000	1.000000	
347	-68611.360102	3856284.361034	520.705078	Q20251012161706	5194	0	2.400000	1.000000	
348	-68598.729197	3856293.176014	520.701567	Q20251012161706	5209	0	2.400000	1.000000	
349	-68586.098292	3856301.990995	520.698057	Q20251012161706	5224	0	2.400000	1.000000	
350	-68573.467387	3856310.805975	520.694547	Q20251012161706	5239	0	2.400000	1.000000	
351	-68560.836482	3856319.620956	520.691036	Q20251012161706	5254	0	2.400000	1.000000	
352	-68548.205577	3856328.435936	520.687526	Q20251012161706	5269	0	2.400000	1.000000	
353	-68535.574672	3856337.250917	520.684015	Q20251012161706	5284	0	2.400000	1.000000	
354	-68522.943766	3856346.065897	520.680505	Q20251012161706	5299	0	2.400000	1.000000	
355	-68510.312861	3856354.880877	520.676994	Q20251012161706	5314	0	2.400000	1.000000	
356	-68497.681956	3856363.695858	520.673484	Q20251012161706	5329	0	2.400000	1.000000	
357	-68485.051051	3856372.510838	520.669974	Q20251012161706	5344	0	2.400000	1.000000	
358	-68472.420146	3856381.325819	520.666463	Q20251012161706	5359	0	2.512500	1.000000	
359	-68459.789241	3856390.140799	520.662953	Q20251012161706	5374	0	2.700000	1.000000	
360	-68447.158336	3856398.955779	520.659442	Q20251012161706	5389	0	2.887500	1.000000	
361	-68434.527431	3856407.770760	520.655932	Q20251012161706	5404	0	3.075000	1.000000	
362	-68421.896526	3856416.585740	520.652422	Q20251012161706	5419	0	3.262500	1.000000	
363	-68409.265620	3856425.400721	520.648911	Q20251012161706	5434	0	3.396899	1.000000	
364	-68396.634715	3856434.215701	520.645402	Q20251012161706	5449	0	3.385271	1.000000	
365	-68384.003810	3856443.030682	520.641892	Q20251012161706	5464	0	3.373643	1.000000	
366	-68371.372905	3856451.845662	520.638383	Q20251012161706	5479	0	3.362016	1.000000	
367	-68358.742000	3856460.660642	520.634873	Q20251012161706	5494	0	3.350388	1.000000	
368	-68346.111095	3856469.475623	520.631363	Q20251012161706	5509	0	3.338760	1.000000	
369	-68333.480190	3856478.290603	520.627854	Q20251012161706	5524	0	3.327132	1.000000	
370	-68320.849285	3856487.105584	520.624344	Q20251012161706	5539	0	3.315504	1.000000	
371	-68308.218380	3856495.920564	520.620835	Q20251012161706	5554	0	3.303876	1.000000	
372	-68295.587474	3856504.735544	520.617325	Q20251012161706	5569	0	3.292248	1.000000	
373	-68282.956569	3856513.550525	520.613815	Q20251012161706	5584	0	3.280620	1.000000	
374	-68270.325664	3856522.365505	520.610306	Q20251012161706	5599	0	3.268992	1.000000	
375	-68257.694759	3856531.180486	520.606796	Q20251012161706	5614	0	3.257364	1.000000	
376	-68245.063854	3856539.995466	520.603287	Q20251012161706	5629	0	3.245736	1.000000	
377	-68232.432949	3856548.810446	520.599777	Q20251012161706	5644	0	3.234109	1.000000	
378	-68219.802044	3856557.625427	520.596268	Q20251012161706	5659	0	3.222481	1.000000	
379	-68207.171139	3856566.440407	520.592758	Q20251012161706	5674	0	3.210853	1.000000	
380	-68194.540234	3856575.255388	520.589248	Q20251012161706	5689	0	3.199225	1.000000	
381	-68181.909328	3856584.070368	520.585739	Q20251012161706	5704	0	3.187597	1.000000	
382	-68169.278423	3856592.885349	520.582229	Q20251012161706	5719	0	3.175969	1.000000	
383	-68156.647518	3856601.700329	520.578720	Q20251012161706	5734	0	3.164341	1.000000	
384	-68144.016613	3856610.515309	520.575210	Q20251012161706	5749	0	3.152713	1.000000	
385	-68131.385708	3856619.330290	520.571700	Q20251012161706	5764	0	3.141085	1.000000	
386	-68118.754803	3856628.145270	520.568191	Q20251012161706	5779	0	3.129457	1.000000	
387	-68106.123898	3856636.960251	520.564681	Q20251012161706	5794	0	3.117829	1.000000	
388	-68093.492993	3856645.775231	520.561172	Q20251012161706	5809	0	3.106202	1.000000	
389	-68080.862088	3856654.590211	520.557662	Q20251012161706	5824	0	3.094574	1.000000	
390	-68065.022106	3856665.644774	520.553684	Q20251012161706	5841	0	3.081395	1.000000	
391	-68052.070502	3856673.981415	520.549707	Q20251012161706	5858	0	3.068217	1.000000	
392	-68039.118898	3856682.318057	520.546197	Q20251012161706	5873	0	3.056589	1.000000	
393	-68026.167294	3856690.654698	520.542688	Q20251012161706	5888	0	3.044961	1.000000	
394	-68013.215690	3856698.991339	520.539178	Q20251012161706	5903	0	3.033333	1.000000	
395	-68000.264086	3856707.327981	520.535669	Q20251012161706	5918	0	3.021705	1.000000	
396	-67987.312482	3856715.664622	520.532159	Q20251012161706	5933	0	3.010078	1.000000	
397	-67974.360878	3856724.001263	520.528649	Q20251012161706	5948	0	2.998450	1.000000	
398	-67961.409274	3856732.337905	520.525140	Q20251012161706	5963	0	2.986822	1.000000	
399	-67948.457670	3856740.674546	520.521630	Q20251012161706	5978	0	2.975194	1.000000	
400	-67935.506066	3856749.011187	520.518121	Q20251012161706	5993	0	2.963566	1.000000	
401	-67922.554463	3856757.347829	520.514611	Q20251012161706	6008	0	2.951938	1.000000	
402	-67909.602859	3856765.684470	520.511101	Q20251012161706	6023	0	2.940310	1.000000	
403	-67896.651255	3856774.021111	520.507592	Q20251012161706	6038	0	2.928682	1.000000	
404	-67883.699651	3856782.357753	520.504082	Q20251012161706	6053	0	2.917054	1.000000	
405	-67870.748047	3856790.694394	520.500573	Q20251012161706	6068	0	2.905426	1.000000	
406	-67857.796443	3856799.031035	520.497063	Q20251012161706	6083	0	2.893798	1.000000	
407	-67844.844839	3856807.367677	520.493553	Q20251012161706	6098	0	2.882171	1.000000	
408	-67831.893235	3856815.704318	520.490044	Q20251012161706	6113	0	2.870543	1.000000	
409	-67818.941631	3856824.040959	520.486534	Q20251012161706	6128	0	2.858915	1.000000	
410	-67805.990027	3856832.377601	520.483025	Q20251012161706	6143	0	2.847287	1.000000	
411	-67793.038423	3856840.714242	520.479515	Q20251012161706	6158	0	2.835659	1.000000	
412	-67780.086820	3856849.050883	520.476005	Q20251012161706	6173	0	2.824031	1.000000	
413	-67767.135216	3856857.387525	520.472496	Q20251012161706	6188	0	2.812403	1.000000	
414	-67754.183612	3856865.724166	520.468986	Q20251012161706	6203	0	2.800775	1.000000	
415	-67741.232008	3856874.060807	520.465477	Q20251012161706	6218	0	2.789147	1.000000	
416	-67728.280404	3856882.397449	520.461967	Q20251012161706	6233	0	2.777519	1.000000	
417	-67715.328800	3856890.734090	520.458457	Q20251012161706	6248	0	2.765891	1.000000	
418	-67702.377196	3856899.070731	520.454948	Q20251012161706	6263	0	2.754264	1.000000	
419	-67689.425592	3856907.407373	520.451438	Q20251012161706	6278	0	2.742636	1.000000	
420	-67676.473988	3856915.744014	520.447929	Q20251012161706	6293	0	2.731008	1.000000	
421	-67663.522384	3856924.080655	520.444419	Q20251012161706	6308	0	2.719380	1.000000	
422	-67650.570781	3856932.417296	520.440910	Q20251012161706	6323	0	2.707752	1.000000	
423	-67637.619177	3856940.753938	520.437400	Q20251012161706	6338	0	2.696124	1.000000	
424	-67624.667573	3856949.090579	520.433890	Q20251012161706	6353	0	2.684496	1.000000	
425	-67611.715969	3856957.427220	520.430381	Q20251012161706	6368	0	2.672868	1.000000	
426	-67598.764365	3856965.763862	520.426871	Q20251012161706	6383	0	2.661240	1.000000	
427	-67585.812761	3856974.100503	520.423362	Q20251012161706	6398	0	2.649612	1.000000	
428	-67572.861157	3856982.437144	520.419852	Q20251012161706	6413	0	2.637984	1.000000	
429	-67559.909553	3856990.773786	520.416342	Q20251012161706	6428	0	2.626357	1.000000	
430	-67546.957949	3856999.110427	520.412833	Q20251012161706	6443	0	2.614729	1.000000	
431	-67534.006345	3857007.447068	520.409323	Q20251012161706	6458	0	2.603101	1.000000	
432	-67521.054741	3857015.783710	520.405814	Q20251012161706	6473	0	2.591473	1.000000	
433	-67508.103138	3857024.120351	520.402304	Q20251012161706	6488	0	2.579845	1.000000	
434	-67495.151534	3857032.456992	520.398794	Q20251012161706	6503	0	2.568217	1.000000	
435	-67482.199930	3857040.793634	520.395285	Q20251012161706	6518	0	2.556589	1.000000	
436	-67469.248326	3857049.130275	520.391775	Q20251012161706	6533	0	2.544961	1.000000	
437	-67456.296722	3857057.466916	520.388266	Q20251012161706	6548	0	2.533333	1.000000	
438	-67443.345118	3857065.803558	520.384756	Q20251012161706	6563	0	2.521705	1.000000	
439	-67430.393514	3857074.140199	520.381246	Q20251012161706	6578	0	2.510078	1.000000	
440	-67417.441910	3857082.476840	520.377737	Q20251012161706	6593	0	2.498450	1.000000	
441	-67404.490306	3857090.813482	520.374227	Q20251012161706	6608	0	2.486822	1.000000	
442	-67391.538702	3857099.150123	520.370718	Q20251012161706	6623	0	2.475194	1.000000	
443	-67378.587098	3857107.486764	520.367208	Q20251012161706	6638	0	2.463566	1.000000	
444	-67365.635495	3857115.823406	520.363698	Q20251012161706	6653	0	2.451938	1.000000	
445	-67352.683891	3857124.160047	520.360189	Q20251012161706	6668	0	2.440310	1.000000	
446	-67339.732287	3857132.496688	520.356679	Q20251012161706	6683	0	2.428682	1.000000	
447	-67326.780683	3857140.833330	520.353170	Q20251012161706	6698	0	2.417054	1.000000	
448	-67313.829079	3857149.169971	520.349660	Q20251012161706	6713	0	2.405426	1.000000	
449	-67300.877475	3857157.506612	520.346150	Q20251012161706	6728	0	2.488889	1.000000	
450	-67287.925871	3857165.843254	520.342640	Q20251012161706	6743	0	2.655556	1.000000	
451	-67274.974267	3857174.179895	520.339129	Q20251012161706	6758	0	2.822222	1.000000	
452	-67262.022663	3857182.516536	520.335619	Q20251012161706	6773	0	2.988889	1.000000	
453	-67249.071059	3857190.853178	520.332108	Q20251012161706	6788	0	3.155556	1.000000	
454	-67236.119455	3857199.189819	520.328598	Q20251012161706	6803	0	3.322222	1.000000	
455	-67223.167852	3857207.526460	520.325088	Q20251012161706	6818	0	3.396574	1.000000	
456	-67210.216248	3857215.863102	520.321578	Q20251012161706	6833	0	3.390150	1.000000	
457	-67197.264644	3857224.199743	520.318069	Q20251012161706	6848	0	3.383726	1.000000	
458	-67184.313040	3857232.536384	520.314559	Q20251012161706	6863	0	3.377302	1.000000	
459	-67171.361436	3857240.873026	520.311050	Q20251012161706	6878	0	3.370878	1.000000	
460	-67158.409832	3857249.209667	520.307540	Q20251012161706	6893	0	3.364454	1.000000	
461	-67145.458228	3857257.546308	520.304030	Q20251012161706	6908	0	3.358030	1.000000	
462	-67132.506624	3857265.882950	520.300521	Q20251012161706	6923	0	3.351606	1.000000	
463	-67119.555020	3857274.219591	520.297011	Q20251012161706	6938	0	3.345182	1.000000	
464	-67106.603416	3857282.556232	520.293502	Q20251012161706	6953	0	3.338758	1.000000	
465	-67093.651812	3857290.892874	520.289992	Q20251012161706	6968	0	3.332334	1.000000	
466	-67080.700209	3857299.229515	520.286482	Q20251012161706	6983	0	3.325910	1.000000	
467	-67067.748605	3857307.566156	520.282973	Q20251012161706	6998	0	3.319486	1.000000	
468	-67054.797001	3857315.902798	520.279463	Q20251012161706	7013	0	3.313062	1.000000	
469	-67041.845397	3857324.239439	520.275954	Q20251012161706	7028	0	3.306638	1.000000	
470	-67028.893793	3857332.576080	520.272444	Q20251012161706	7043	0	3.300214	1.000000	
471	-67015.942189	3857340.912722	520.268935	Q20251012161706	7058	0	3.293790	1.000000	
472	-67002.990585	3857349.249363	520.265425	Q20251012161706	7073	0	3.287366	1.000000	
473	-66990.038981	3857357.586004	520.261915	Q20251012161706	7088	0	3.280942	1.000000	
474	-66977.087377	3857365.922646	520.258406	Q20251012161706	7103	0	3.274518	1.000000	
475	-66964.135773	3857374.259287	520.254896	Q20251012161706	7118	0	3.268094	1.000000	
476	-66951.184170	3857382.595928	520.251387	Q20251012161706	7133	0	3.261670	1.000000	
477	-66938.232566	3857390.932570	520.247877	Q20251012161706	7148	0	3.255246	1.000000	
478	-66925.280962	3857399.269211	520.244367	Q20251012161706	7163	0	3.248822	1.000000	
479	-66912.329358	3857407.605852	520.240858	Q20251012161706	7178	0	3.242398	1.000000	
480	-66899.365637	3857415.950293	520.237348	Q20251012161706	7193	0	3.235974	1.000000	
481	-66897.796268	3857431.272849	520.234307	Q20251012161706	7206	0	3.230407	1.000000	
482	-66896.226900	3857446.595405	520.230797	Q20251012161706	7221	2	3.223983	1.000000	
483	-66894.657531	3857461.917961	520.227287	Q20251012161706	7236	2	3.217559	1.000000	
484	-66893.088162	3857477.240517	520.223778	Q20251012161706	7251	2	3.211135	1.000000	
485	-66891.518794	3857492.563073	520.220268	Q20251012161706	7266	2	3.204711	1.000000	
486	-66889.949425	3857507.885629	520.216759	Q20251012161706	7281	2	3.198287	1.000000	
487	-66888.380056	3857523.208186	520.213249	Q20251012161706	7296	2	3.191863	1.000000	
488	-66886.810688	3857538.530742	520.209739	Q20251012161706	7311	2	3.185439	1.000000	
489	-66885.241319	3857553.853298	520.206230	Q20251012161706	7326	2	3.179015	1.000000	
490	-66883.671950	3857569.175854	520.202720	Q20251012161706	7341	2	3.172591	1.000000	
491	-66882.102582	3857584.498410	520.199211	Q20251012161706	7356	2	3.166167	1.000000	
492	-66880.533213	3857599.820966	520.195701	Q20251012161706	7371	2	3.159743	1.000000	
493	-66878.963844	3857615.143522	520.192191	Q20251012161706	7386	2	3.153319	1.000000	
494	-66877.394476	3857630.466078	520.188682	Q20251012161706	7401	2	3.146895	1.000000	
495	-66875.825107	3857645.788634	520.185172	Q20251012161706	7416	2	3.140471	1.000000	
496	-66874.255738	3857661.111191	520.181663	Q20251012161706	7431	2	3.134047	1.000000	
497	-66872.686370	3857676.433747	520.178153	Q20251012161706	7446	2	3.127623	1.000000	
498	-66871.117001	3857691.756303	520.174643	Q20251012161706	7461	2	3.121199	1.000000	
499	-66869.547632	3857707.078859	520.171134	Q20251012161706	7476	2	3.114775	1.000000	
500	-66867.978264	3857722.401415	520.167624	Q20251012161706	7491	2	3.108351	1.000000	
501	-66866.408895	3857737.723971	520.164115	Q20251012161706	7506	2	3.101927	1.000000	
502	-66864.839526	3857753.046527	520.160605	Q20251012161706	7521	2	3.095503	1.000000	
503	-66863.270158	3857768.369083	520.157096	Q20251012161706	7536	2	3.089079	1.000000	
504	-66861.700789	3857783.691639	520.153586	Q20251012161706	7551	2	3.082655	1.000000	
505	-66860.131420	3857799.014195	520.150076	Q20251012161706	7566	2	3.076231	1.000000	
506	-66858.562052	3857814.336752	520.146567	Q20251012161706	7581	2	3.069807	1.000000	
507	-66856.992683	3857829.659308	520.143057	Q20251012161706	7596	2	3.063383	1.000000	
508	-66855.423314	3857844.981864	520.139548	Q20251012161706	7611	2	3.056959	1.000000	
509	-66853.853946	3857860.304420	520.136038	Q20251012161706	7626	2	3.050535	1.000000	
510	-66852.284577	3857875.626976	520.132528	Q20251012161706	7641	2	3.044111	1.000000	
511	-66850.715208	3857890.949532	520.129019	Q20251012161706	7656	2	3.037687	1.000000	
512	-66849.145840	3857906.272088	520.125509	Q20251012161706	7671	2	3.031263	1.000000	
513	-66847.576471	3857921.594644	520.122000	Q20251012161706	7686	2	3.024839	1.000000	
514	-66846.007102	3857936.917200	520.118490	Q20251012161706	7701	2	3.018415	1.000000	
515	-66844.437734	3857952.239756	520.114980	Q20251012161706	7716	2	3.011991	1.000000	
516	-66842.868365	3857967.562313	520.111471	Q20251012161706	7731	2	3.005567	1.000000	
517	-66841.298997	3857982.884869	520.107961	Q20251012161706	7746	2	2.999143	1.000000	
518	-66839.729628	3857998.207425	520.104452	Q20251012161706	7761	2	2.992719	1.000000	
519	-66838.160259	3858013.529981	520.100942	Q20251012161706	7776	2	2.986296	1.000000	
520	-66836.590891	3858028.852537	520.097432	Q20251012161706	7791	2	2.979872	1.000000	
521	-66835.021522	3858044.175093	520.093923	Q20251012161706	7806	2	2.973448	1.000000	
522	-66833.452153	3858059.497649	520.090413	Q20251012161706	7821	2	2.967024	1.000000	
523	-66831.882785	3858074.820205	520.086904	Q20251012161706	7836	2	2.960600	1.000000	
524	-66830.313416	3858090.142761	520.083394	Q20251012161706	7851	2	2.954176	1.000000	
525	-66828.744047	3858105.465317	520.079884	Q20251012161706	7866	2	2.947752	1.000000	
526	-66827.174679	3858120.787874	520.076375	Q20251012161706	7881	2	2.941328	1.000000	
527	-66825.605310	3858136.110430	520.072865	Q20251012161706	7896	2	2.934904	1.000000	
528	-66824.035941	3858151.432986	520.069356	Q20251012161706	7911	2	2.928480	1.000000	
529	-66822.466573	3858166.755542	520.065846	Q20251012161706	7926	2	2.922056	1.000000	
530	-66820.897204	3858182.078098	520.062337	Q20251012161706	7941	2	2.915632	1.000000	
531	-66819.327835	3858197.400654	520.058827	Q20251012161706	7956	2	2.909208	1.000000	
532	-66817.758467	3858212.723210	520.055317	Q20251012161706	7971	2	2.902784	1.000000	
533	-66816.189098	3858228.045766	520.051808	Q20251012161706	7986	2	2.896360	1.000000	
534	-66814.619729	3858243.368322	520.048298	Q20251012161706	8001	2	2.889936	1.000000	
535	-66813.050361	3858258.690879	520.044789	Q20251012161706	8016	2	2.883512	1.000000	
536	-66811.480992	3858274.013435	520.041279	Q20251012161706	8031	2	2.877088	1.000000	
537	-66810.145270	3858287.054776	520.038003	Q20251012161706	8045	2	2.871092	1.000000	
538	-66825.445752	3858288.826460	520.035664	Q20251012161706	8055	2	2.866809	1.000000	
539	-66840.746234	3858290.598144	520.032154	Q20251012161706	8070	2	2.860385	1.000000	
540	-66856.046717	3858292.369828	520.028644	Q20251012161706	8085	2	2.853961	1.000000	
541	-66871.347199	3858294.141512	520.025135	Q20251012161706	8100	2	2.847537	1.000000	
542	-66886.647681	3858295.913196	520.021625	Q20251012161706	8115	2	2.841113	1.000000	
543	-66901.948163	3858297.684881	520.018116	Q20251012161706	8130	2	2.834690	1.000000	
544	-66917.248645	3858299.456565	520.014606	Q20251012161706	8145	2	2.828266	1.000000	
545	-66932.549127	3858301.228249	520.011096	Q20251012161706	8160	2	2.821842	1.000000	
546	-66947.849610	3858302.999933	520.007587	Q20251012161706	8175	2	2.815418	1.000000	
547	-66963.150092	3858304.771617	520.004077	Q20251012161706	8190	2	2.808994	1.000000	
548	-66978.450574	3858306.543301	520.000568	Q20251012161706	8205	2	2.802570	1.000000	
549	-66993.751056	3858308.314985	519.997058	Q20251012161706	8220	2	2.796146	1.000000	
550	-67009.051538	3858310.086669	519.993548	Q20251012161706	8235	2	2.789722	1.000000	
551	-67024.352020	3858311.858354	519.990039	Q20251012161706	8250	2	2.783298	1.000000	
552	-67039.652502	3858313.630038	519.986529	Q20251012161706	8265	2	2.776874	1.000000	
553	-67054.952985	3858315.401722	519.983020	Q20251012161706	8280	2	2.770450	1.000000	
554	-67070.253467	3858317.173406	519.979510	Q20251012161706	8295	2	2.764026	1.000000	
555	-67085.553949	3858318.945090	519.976001	Q20251012161706	8310	2	2.757602	1.000000	
556	-67100.854431	3858320.716774	519.972491	Q20251012161706	8325	2	2.751178	1.000000	
557	-67116.154913	3858322.488458	519.968981	Q20251012161706	8340	2	2.744754	1.000000	
558	-67131.455395	3858324.260142	519.965472	Q20251012161706	8355	2	2.738330	1.000000	
559	-67146.755877	3858326.031826	519.961962	Q20251012161706	8370	2	2.731906	1.000000	
560	-67162.056360	3858327.803511	519.958453	Q20251012161706	8385	2	2.725482	1.000000	
561	-67177.356842	3858329.575195	519.954943	Q20251012161706	8400	2	2.719058	1.000000	
562	-67192.657324	3858331.346879	519.951433	Q20251012161706	8415	2	2.712634	1.000000	
563	-67207.957806	3858333.118563	519.947924	Q20251012161706	8430	2	2.706210	1.000000	
564	-67223.258288	3858334.890247	519.944414	Q20251012161706	8445	2	2.699786	1.000000	
565	-67238.558770	3858336.661931	519.940905	Q20251012161706	8460	2	2.693362	1.000000	
566	-67253.859252	3858338.433615	519.937395	Q20251012161706	8475	2	2.686938	1.000000	
567	-67269.159735	3858340.205299	519.933885	Q20251012161706	8490	2	2.680514	1.000000	
568	-67284.460217	3858341.976984	519.930376	Q20251012161706	8505	2	2.674090	1.000000	
569	-67299.760699	3858343.748668	519.926866	Q20251012161706	8520	2	2.667666	1.000000	
570	-67315.061181	3858345.520352	519.923357	Q20251012161706	8535	2	2.661242	1.000000	
571	-67330.361663	3858347.292036	519.919847	Q20251012161706	8550	2	2.654818	1.000000	
572	-67345.662145	3858349.063720	519.916337	Q20251012161706	8565	2	2.648394	1.000000	
573	-67360.962627	3858350.835404	519.912828	Q20251012161706	8580	2	2.641970	1.000000	
574	-67376.263110	3858352.607088	519.909318	Q20251012161706	8595	2	2.635546	1.000000	
575	-67391.563592	3858354.378772	519.905809	Q20251012161706	8610	2	2.629122	1.000000	
576	-67406.864074	3858356.150457	519.902299	Q20251012161706	8625	2	2.622698	1.000000	
577	-67422.164556	3858357.922141	519.898789	Q20251012161706	8640	2	2.616274	1.000000	
578	-67437.465038	3858359.693825	519.895280	Q20251012161706	8655	2	2.609850	1.000000	
579	-67452.765520	3858361.465509	519.891770	Q20251012161706	8670	2	2.603426	1.000000	
580	-67468.066003	3858363.237193	519.888261	Q20251012161706	8685	2	2.597002	1.000000	
581	-67483.366485	3858365.008877	519.884751	Q20251012161706	8700	2	2.590578	1.000000	
582	-67498.666967	3858366.780561	519.881242	Q20251012161706	8715	2	2.584154	1.000000	
583	-67513.967449	3858368.552245	519.877732	Q20251012161706	8730	2	2.577730	1.000000	
584	-67529.267931	3858370.323929	519.874222	Q20251012161706	8745	2	2.571306	1.000000	
585	-67544.568413	3858372.095614	519.870713	Q20251012161706	8760	2	2.564882	1.000000	
586	-67559.868895	3858373.867298	519.867203	Q20251012161706	8775	2	2.558458	1.000000	
587	-67575.169378	3858375.638982	519.863694	Q20251012161706	8790	2	2.552034	1.000000	
588	-67590.469860	3858377.410666	519.860184	Q20251012161706	8805	2	2.545610	1.000000	
589	-67605.770342	3858379.182350	519.856674	Q20251012161706	8820	2	2.539186	1.000000	
590	-67621.070824	3858380.954034	519.853165	Q20251012161706	8835	2	2.532762	1.000000	
591	-67636.371306	3858382.725718	519.849655	Q20251012161706	8850	2	2.526338	1.000000	
592	-67651.671788	3858384.497402	519.846146	Q20251012161706	8865	2	2.519914	1.000000	
593	-67666.972270	3858386.269087	519.842636	Q20251012161706	8880	2	2.513490	1.000000	
594	-67682.272753	3858388.040771	519.839126	Q20251012161706	8895	2	2.507066	1.000000	
595	-67697.573235	3858389.812455	519.835617	Q20251012161706	8910	2	2.500642	1.000000	
596	-67712.873717	3858391.584139	519.832107	Q20251012161706	8925	2	2.494218	1.000000	
597	-67728.174199	3858393.355823	519.828598	Q20251012161706	8940	2	2.487794	1.000000	
598	-67743.474681	3858395.127507	519.825088	Q20251012161706	8955	2	2.481370	1.000000	
599	-67758.775163	3858396.899191	519.821578	Q20251012161706	8970	2	2.474946	1.000000	
600	-67774.075645	3858398.670875	519.818069	Q20251012161706	8985	2	2.468522	1.000000	
601	-67789.376128	3858400.442560	519.814559	Q20251012161706	9000	2	2.462099	1.000000	
602	-67804.676610	3858402.214244	519.811050	Q20251012161706	9015	2	2.455675	1.000000	
603	-67819.977092	3858403.985928	519.807540	Q20251012161706	9030	2	2.449251	1.000000	
604	-67835.277574	3858405.757612	519.804030	Q20251012161706	9045	2	2.442827	1.000000	
605	-67850.578056	3858407.529296	519.800521	Q20251012161706	9060	2	2.436403	1.000000	
606	-67865.878538	3858409.300980	519.797011	Q20251012161706	9075	2	2.429979	1.000000	
607	-67881.179021	3858411.072664	519.793502	Q20251012161706	9090	2	2.423555	1.000000	
608	-67896.479503	3858412.844348	519.789992	Q20251012161706	9105	2	2.417131	1.000000	
609	-67911.779985	3858414.616032	519.786483	Q20251012161706	9120	2	2.410707	1.000000	
610	-67927.080467	3858416.387717	519.782973	Q20251012161706	9135	2	2.404283	1.000000	
611	-67942.380949	3858418.159401	519.779463	Q20251012161706	9150	2	2.416129	1.000000	
612	-67957.681431	3858419.931085	519.775953	Q20251012161706	9165	2	2.464516	1.000000	
613	-67972.981913	3858421.702769	519.772442	Q20251012161706	9180	2	2.512903	1.000000	
614	-67988.282396	3858423.474453	519.768932	Q20251012161706	9195	2	2.561290	1.000000	
615	-68003.582878	3858425.246137	519.765421	Q20251012161706	9210	2	2.609677	1.000000	
616	-68018.883360	3858427.017821	519.761911	Q20251012161706	9225	2	2.658065	1.000000	
617	-68034.183842	3858428.789505	519.758401	Q20251012161706	9240	2	2.706452	1.000000	
618	-68049.484324	3858430.561190	519.754890	Q20251012161706	9255	2	2.754839	1.000000	
619	-68064.784806	3858432.332874	519.751380	Q20251012161706	9270	2	2.803226	1.000000	
620	-68080.085288	3858434.104558	519.747869	Q20251012161706	9285	2	2.851613	1.000000	
621	-68095.385771	3858435.876242	519.744359	Q20251012161706	9300	2	2.900000	1.000000	
622	-68110.686253	3858437.647926	519.740848	Q20251012161706	9315	2	2.948387	1.000000	
623	-68125.986735	3858439.419610	519.737338	Q20251012161706	9330	2	2.996774	1.000000	
624	-68141.287217	3858441.191294	519.733828	Q20251012161706	9345	2	3.045161	1.000000	
625	-68156.587699	3858442.962978	519.730317	Q20251012161706	9360	2	3.093548	1.000000	
626	-68171.888181	3858444.734663	519.726807	Q20251012161706	9375	2	3.141935	1.000000	
627	-68187.188663	3858446.506347	519.723296	Q20251012161706	9390	2	3.190323	1.000000	
628	-68202.489146	3858448.278031	519.719786	Q20251012161706	9405	2	3.238710	1.000000	
629	-68217.789628	3858450.049715	519.716276	Q20251012161706	9420	2	3.287097	1.000000	
630	-68233.090110	3858451.821399	519.712765	Q20251012161706	9435	2	3.335484	1.000000	
631	-68248.390592	3858453.593083	519.709255	Q20251012161706	9450	2	3.383871	1.000000	
632	-68263.691074	3858455.364767	519.705745	Q20251012161706	9465	2	3.389028	1.000000	
633	-68278.991556	3858457.136451	519.702235	Q20251012161706	9480	2	3.372571	1.000000	
634	-68294.292038	3858458.908135	519.698726	Q20251012161706	9495	2	3.356113	1.000000	
635	-68309.592521	3858460.679820	519.695216	Q20251012161706	9510	2	3.339655	1.000000	
636	-68324.893003	3858462.451504	519.691707	Q20251012161706	9525	2	3.323197	1.000000	
637	-68340.193485	3858464.223188	519.688197	Q20251012161706	9540	2	3.306740	1.000000	
638	-68355.493967	3858465.994872	519.684687	Q20251012161706	9555	2	3.290282	1.000000	
639	-68370.794449	3858467.766556	519.681178	Q20251012161706	9570	2	3.273824	1.000000	
640	-68386.094931	3858469.538240	519.677668	Q20251012161706	9585	2	3.257367	1.000000	
641	-68401.395414	3858471.309924	519.674159	Q20251012161706	9600	2	3.240909	1.000000	
642	-68416.695896	3858473.081608	519.670649	Q20251012161706	9615	2	3.224451	1.000000	
643	-68431.996378	3858474.853293	519.667139	Q20251012161706	9630	2	3.207994	1.000000	
644	-68447.296860	3858476.624977	519.663630	Q20251012161706	9645	2	3.191536	1.000000	
645	-68462.597342	3858478.396661	519.660120	Q20251012161706	9660	2	3.175078	1.000000	
646	-68479.610591	3858480.366671	519.656377	Q20251012161706	9676	2	3.157524	1.000000	
647	-68494.230775	3858485.213718	519.652633	Q20251012161706	9692	2	3.139969	1.000000	
648	-68508.850959	3858490.060765	519.649123	Q20251012161706	9707	2	3.123511	1.000000	
649	-68523.471142	3858494.907812	519.645614	Q20251012161706	9722	2	3.107053	1.000000	
650	-68538.091326	3858499.754859	519.642104	Q20251012161706	9737	2	3.090596	1.000000	
651	-68552.711510	3858504.601906	519.638595	Q20251012161706	9752	2	3.074138	1.000000	
652	-68567.331694	3858509.448953	519.635085	Q20251012161706	9767	2	3.057680	1.000000	
653	-68581.951878	3858514.296000	519.631575	Q20251012161706	9782	2	3.041223	1.000000	
654	-68596.572062	3858519.143047	519.628066	Q20251012161706	9797	2	3.024765	1.000000	
655	-68611.192246	3858523.990094	519.624556	Q20251012161706	9812	2	3.008307	1.000000	
656	-68625.812430	3858528.837141	519.621047	Q20251012161706	9827	2	2.991850	1.000000	
657	-68640.432614	3858533.684188	519.617537	Q20251012161706	9842	2	2.975392	1.000000	
658	-68655.052798	3858538.531235	519.614028	Q20251012161706	9857	2	2.958934	1.000000	
659	-68669.672981	3858543.378282	519.610518	Q20251012161706	9872	2	2.942476	1.000000	
660	-68684.293165	3858548.225329	519.607008	Q20251012161706	9887	2	2.926019	1.000000	
661	-68698.913349	3858553.072376	519.603499	Q20251012161706	9902	2	2.909561	1.000000	
662	-68713.533533	3858557.919423	519.599989	Q20251012161706	9917	2	2.893103	1.000000	
663	-68728.153717	3858562.766470	519.596480	Q20251012161706	9932	2	2.876646	1.000000	
664	-68742.773901	3858567.613517	519.592970	Q20251012161706	9947	2	2.860188	1.000000	
665	-68757.394085	3858572.460564	519.589460	Q20251012161706	9962	2	2.843730	1.000000	
666	-68772.014269	3858577.307611	519.585951	Q20251012161706	9977	2	2.827273	1.000000	
667	-68786.634453	3858582.154658	519.582441	Q20251012161706	9992	2	2.810815	1.000000	
668	-68801.254636	3858587.001705	519.578932	Q20251012161706	10007	2	2.794357	1.000000	
669	-68815.874820	3858591.848752	519.575422	Q20251012161706	10022	2	2.777900	1.000000	
670	-68830.495004	3858596.695799	519.571912	Q20251012161706	10037	2	2.761442	1.000000	
671	-68845.115188	3858601.542846	519.568403	Q20251012161706	10052	2	2.744984	1.000000	
672	-68859.735372	3858606.389893	519.564893	Q20251012161706	10067	2	2.728527	1.000000	
673	-68874.355556	3858611.236940	519.561384	Q20251012161706	10082	2	2.712069	1.000000	
674	-68888.975740	3858616.083987	519.557874	Q20251012161706	10097	2	2.695611	1.000000	
675	-68903.595924	3858620.931034	519.554364	Q20251012161706	10112	2	2.679154	1.000000	
676	-68918.216108	3858625.778081	519.550855	Q20251012161706	10127	2	2.662696	1.000000	
677	-68932.836292	3858630.625128	519.547345	Q20251012161706	10142	2	2.646238	1.000000	
678	-68947.456475	3858635.472175	519.543836	Q20251012161706	10157	2	2.629781	1.000000	
679	-68962.076659	3858640.319222	519.540326	Q20251012161706	10172	2	2.613323	1.000000	
680	-68976.696843	3858645.166269	519.536817	Q20251012161706	10187	2	2.596865	1.000000	
681	-68991.317027	3858650.013316	519.533307	Q20251012161706	10202	2	2.580408	1.000000	
682	-69005.937211	3858654.860363	519.529797	Q20251012161706	10217	2	2.563950	1.000000	
683	-69020.557395	3858659.707410	519.526288	Q20251012161706	10232	2	2.547492	1.000000	
684	-69035.177579	3858664.554457	519.522778	Q20251012161706	10247	2	2.531034	1.000000	
685	-69049.797763	3858669.401504	519.519269	Q20251012161706	10262	2	2.514577	1.000000	
686	-69064.417947	3858674.248551	519.515759	Q20251012161706	10277	2	2.498119	1.000000	
687	-69079.038131	3858679.095598	519.512249	Q20251012161706	10292	2	2.481661	1.000000	
688	-69093.658314	3858683.942645	519.508740	Q20251012161706	10307	2	2.465204	1.000000	
689	-69108.278498	3858688.789692	519.505230	Q20251012161706	10322	2	2.448746	1.000000	
690	-69122.898682	3858693.636739	519.501721	Q20251012161706	10337	2	2.432288	1.000000	
691	-69137.518866	3858698.483786	519.498211	Q20251012161706	10352	2	2.415831	1.000000	
692	-69152.139050	3858703.330833	519.494701	Q20251012161706	10367	2	2.399373	1.000000	
693	-69166.759234	3858708.177880	519.491192	Q20251012161706	10382	2	2.382915	1.000000	
694	-69181.379418	3858713.024927	519.487682	Q20251012161706	10397	2	2.366458	1.000000	
695	-69195.999602	3858717.871974	519.484173	Q20251012161706	10412	2	2.350000	1.000000	
696	-69210.619786	3858722.719021	519.480663	Q20251012161706	10427	2	2.333542	1.000000	
697	-69225.239970	3858727.566068	519.477153	Q20251012161706	10442	2	2.317085	1.000000	
698	-69239.860153	3858732.413115	519.473644	Q20251012161706	10457	2	2.300627	1.000000	
699	-69258.275871	3858738.518499	519.469666	Q20251012161706	10474	2	2.281975	1.000000	
700	-69272.895457	3858743.367349	519.465689	Q20251012161706	10491	2	2.263323	1.000000	
701	-69287.515043	3858748.216199	519.462179	Q20251012161706	10506	2	2.246865	1.000000	
702	-69302.134629	3858753.065049	519.458670	Q20251012161706	10521	2	2.230408	1.000000	
703	-69316.754215	3858757.913899	519.455160	Q20251012161706	10536	2	2.213950	1.000000	
704	-69331.373801	3858762.762749	519.451650	Q20251012161706	10551	2	2.197492	1.000000	
705	-69345.993387	3858767.611598	519.448141	Q20251012161706	10566	2	2.181034	1.000000	
706	-69360.612973	3858772.460448	519.444631	Q20251012161706	10581	2	2.164577	1.000000	
707	-69375.232560	3858777.309298	519.441122	Q20251012161706	10596	2	2.148119	1.000000	
708	-69389.852146	3858782.158148	519.437612	Q20251012161706	10611	2	2.131661	1.000000	
709	-69404.471732	3858787.006998	519.434102	Q20251012161706	10626	2	2.115204	1.000000	
710	-69419.091318	3858791.855848	519.430593	Q20251012161706	10641	2	2.098746	1.000000	
711	-69433.710904	3858796.704698	519.427083	Q20251012161706	10656	2	2.082288	1.000000	
712	-69448.330490	3858801.553548	519.423574	Q20251012161706	10671	2	2.065831	1.000000	
713	-69462.950076	3858806.402397	519.420064	Q20251012161706	10686	2	2.049373	1.000000	
714	-69477.569662	3858811.251247	519.416554	Q20251012161706	10701	2	2.032915	1.000000	
715	-69492.189248	3858816.100097	519.413045	Q20251012161706	10716	2	2.016458	1.000000	
716	-69506.808834	3858820.948947	519.409535	Q20251012161706	10731	2	2.000000	1.000000	
717	-69521.428420	3858825.797797	519.405785	Q20251012161706	10746	2	2.016234	1.000000	
718	-69536.048006	3858830.646647	519.402035	Q20251012161706	10761	2	2.032468	1.000000	
719	-69550.667592	3858835.495497	519.398285	Q20251012161706	10776	2	2.048701	1.000000	
720	-69565.287178	3858840.344346	519.394535	Q20251012161706	10791	2	2.064935	1.000000	
721	-69579.906765	3858845.193196	519.390785	Q20251012161706	10806	2	2.081169	1.000000	
722	-69594.526351	3858850.042046	519.387035	Q20251012161706	10821	2	2.097403	1.000000	
723	-69609.145937	3858854.890896	519.383285	Q20251012161706	10836	2	2.113636	1.000000	
724	-69623.765523	3858859.739746	519.379535	Q20251012161706	10851	2	2.129870	1.000000	
725	-69638.385109	3858864.588596	519.375785	Q20251012161706	10866	2	2.146104	1.000000	
726	-69653.004695	3858869.437446	519.372035	Q20251012161706	10881	2	2.162338	1.000000	
727	-69667.624281	3858874.286295	519.368285	Q20251012161706	10896	2	2.178571	1.000000	
728	-69682.243867	3858879.135145	519.364535	Q20251012161706	10911	2	2.194805	1.000000	
729	-69696.863453	3858883.983995	519.360785	Q20251012161706	10926	2	2.211039	1.000000	
730	-69711.483039	3858888.832845	519.357035	Q20251012161706	10941	2	2.227273	1.000000	
731	-69726.102625	3858893.681695	519.353285	Q20251012161706	10956	2	2.243506	1.000000	
732	-69740.722211	3858898.530545	519.349535	Q20251012161706	10971	2	2.259740	1.000000	
733	-69755.341797	3858903.379395	519.345785	Q20251012161706	10986	2	2.275974	1.000000	
734	-69769.961383	3858908.228245	519.342035	Q20251012161706	11001	2	2.292208	1.000000	
735	-69784.580970	3858913.077094	519.338285	Q20251012161706	11016	2	2.308442	1.000000	
736	-69799.200556	3858917.925944	519.334535	Q20251012161706	11031	2	2.324675	1.000000	
737	-69813.820142	3858922.774794	519.330785	Q20251012161706	11046	2	2.340909	1.000000	
738	-69828.439728	3858927.623644	519.327035	Q20251012161706	11061	2	2.357143	1.000000	
739	-69843.059314	3858932.472494	519.323285	Q20251012161706	11076	2	2.373377	1.000000	
740	-69857.678900	3858937.321344	519.319535	Q20251012161706	11091	2	2.389610	1.000000	
741	-69872.298486	3858942.170194	519.315785	Q20251012161706	11106	2	2.405844	1.000000	
742	-69886.918072	3858947.019043	519.312035	Q20251012161706	11121	2	2.422078	1.000000	
743	-69901.537658	3858951.867893	519.308285	Q20251012161706	11136	2	2.438312	1.000000	
744	-69916.157244	3858956.716743	519.304535	Q20251012161706	11151	2	2.454545	1.000000	
745	-69930.776830	3858961.565593	519.300785	Q20251012161706	11166	2	2.470779	1.000000	
746	-69945.396416	3858966.414443	519.297035	Q20251012161706	11181	2	2.487013	1.000000	
747	-69960.016002	3858971.263293	519.293285	Q20251012161706	11196	2	2.503247	1.000000	
748	-69974.635589	3858976.112143	519.289535	Q20251012161706	11211	2	2.519481	1.000000	
749	-69989.255175	3858980.960993	519.285785	Q20251012161706	11226	2	2.535714	1.000000	
750	-70003.874761	3858985.809842	519.282035	Q20251012161706	11241	2	2.551948	1.000000	
751	-70018.494347	3858990.658692	519.278285	Q20251012161706	11256	2	2.568182	1.000000	
752	-70033.113933	3858995.507542	519.274535	Q20251012161706	11271	2	2.584416	1.000000	
753	-70047.733519	3859000.356392	519.270785	Q20251012161706	11286	2	2.600649	1.000000	
754	-70062.353105	3859005.205242	519.267035	Q20251012161706	11301	2	2.616883	1.000000	
755	-70078.393099	3859010.525196	519.263035	Q20251012161706	11317	3	2.634199	1.000000	
756	-70093.318942	3859014.328189	519.259035	Q20251012161706	11333	3	2.651515	1.000000	
757	-70108.244785	3859018.131182	519.255285	Q20251012161706	11348	3	2.667749	1.000000	
758	-70123.170628	3859021.934176	519.251535	Q20251012161706	11363	3	2.683983	1.000000	
759	-70138.096471	3859025.737169	519.247785	Q20251012161706	11378	3	2.700216	1.000000	
760	-70153.022314	3859029.540162	519.244035	Q20251012161706	11393	3	2.716450	1.000000	
761	-70167.948157	3859033.343156	519.240285	Q20251012161706	11408	3	2.732684	1.000000	
762	-70182.874000	3859037.146149	519.236535	Q20251012161706	11423	3	2.748918	1.000000	
763	-70197.799843	3859040.949142	519.232785	Q20251012161706	11438	3	2.765152	1.000000	
764	-70212.725686	3859044.752136	519.229035	Q20251012161706	11453	3	2.781385	1.000000	
765	-70227.651529	3859048.555129	519.225285	Q20251012161706	11468	3	2.797619	1.000000	
766	-70242.577373	3859052.358123	519.221535	Q20251012161706	11483	3	2.813853	1.000000	
767	-70257.503216	3859056.161116	519.217785	Q20251012161706	11498	3	2.830087	1.000000	
768	-70272.429059	3859059.964109	519.214035	Q20251012161706	11513	3	2.846320	1.000000	
769	-70287.354902	3859063.767103	519.210285	Q20251012161706	11528	3	2.862554	1.000000	
770	-70302.280745	3859067.570096	519.206535	Q20251012161706	11543	3	2.878788	1.000000	
771	-70317.206588	3859071.373089	519.202785	Q20251012161706	11558	3	2.895022	1.000000	
772	-70332.132431	3859075.176083	519.199035	Q20251012161706	11573	3	2.911255	1.000000	
773	-70347.058274	3859078.979076	519.195285	Q20251012161706	11588	3	2.927489	1.000000	
774	-70361.984117	3859082.782069	519.191535	Q20251012161706	11603	3	2.943723	1.000000	
775	-70376.909960	3859086.585063	519.187785	Q20251012161706	11618	3	2.959957	1.000000	
776	-70391.835803	3859090.388056	519.184035	Q20251012161706	11633	3	2.976190	1.000000	
777	-70406.761646	3859094.191049	519.180285	Q20251012161706	11648	3	2.992424	1.000000	
778	-70421.687489	3859097.994043	519.176536	Q20251012161706	11663	3	2.777778	1.000000	
779	-70436.613332	3859101.797036	519.172787	Q20251012161706	11678	3	2.361111	1.000000	
780	-70451.539175	3859105.600030	519.168966	Q20251012161706	11693	3	1.997778	1.000000	
781	-70466.465018	3859109.403023	519.164680	Q20251012161706	11708	3	1.981111	1.000000	
782	-70481.390861	3859113.206016	519.160395	Q20251012161706	11723	3	1.964444	1.000000	
783	-70496.316704	3859117.009010	519.156109	Q20251012161706	11738	3	1.947778	1.000000	
784	-70511.242547	3859120.812003	519.151823	Q20251012161706	11753	3	1.931111	1.000000	
785	-70526.168390	3859124.614996	519.147538	Q20251012161706	11768	3	1.914444	1.000000	
786	-70541.094233	3859128.417990	519.143252	Q20251012161706	11783	3	1.897778	1.000000	
787	-70556.020077	3859132.220983	519.138966	Q20251012161706	11798	3	1.881111	1.000000	
788	-70570.945920	3859136.023976	519.134680	Q20251012161706	11813	3	1.864444	1.000000	
789	-70585.871763	3859139.826970	519.130395	Q20251012161706	11828	3	1.847778	1.000000	
790	-70600.797606	3859143.629963	519.126109	Q20251012161706	11843	3	1.831111	1.000000	
791	-70615.723449	3859147.432956	519.121823	Q20251012161706	11858	3	1.814444	1.000000	
792	-70630.649292	3859151.235950	519.117538	Q20251012161706	11873	3	1.797778	1.000000	
793	-70648.271686	3859155.726004	519.112966	Q20251012161706	11889	3	1.780000	1.000000	
794	-70663.575362	3859157.469894	519.108395	Q20251012161755	11905	3	1.762222	1.000000	
795	-70678.879037	3859159.213784	519.104109	Q20251012161755	11920	3	1.745556	1.000000	
796	-70694.182713	3859160.957674	519.099823	Q20251012161755	11935	3	1.728889	1.000000	
797	-70709.486389	3859162.701564	519.095538	Q20251012161755	11950	3	1.712222	1.000000	
798	-70724.790064	3859164.445454	519.091252	Q20251012161755	11965	3	1.695556	1.000000	
799	-70740.093740	3859166.189344	519.086966	Q20251012161755	11980	3	1.678889	1.000000	
800	-70755.397416	3859167.933234	519.082680	Q20251012161755	11995	3	1.662222	1.000000	
801	-70770.701091	3859169.677124	519.078395	Q20251012161755	12010	3	1.645556	1.000000	
802	-70786.004767	3859171.421014	519.074109	Q20251012161755	12025	3	1.628889	1.000000	
803	-70801.308443	3859173.164904	519.069823	Q20251012161755	12040	3	1.612222	1.000000	
804	-70816.612119	3859174.908794	519.065538	Q20251012161755	12055	3	1.595556	1.000000	
805	-70831.915794	3859176.652684	519.061252	Q20251012161755	12070	3	1.578889	1.000000	
806	-70847.219470	3859178.396574	519.056966	Q20251012161755	12085	3	1.562222	1.000000	
807	-70862.523146	3859180.140464	519.052680	Q20251012161755	12100	3	1.545556	1.000000	
808	-70877.826821	3859181.884354	519.048395	Q20251012161755	12115	3	1.528889	1.000000	
809	-70893.130497	3859183.628244	519.044109	Q20251012161755	12130	3	1.512222	1.000000	
810	-70908.434173	3859185.372134	519.039823	Q20251012161755	12145	3	1.495556	1.000000	
811	-70923.737848	3859187.116024	519.035538	Q20251012161755	12160	3	1.478889	1.000000	
812	-70939.041524	3859188.859914	519.031252	Q20251012161755	12175	3	1.462222	1.000000	
813	-70954.345200	3859190.603803	519.026966	Q20251012161755	12190	3	1.445556	1.000000	
814	-70969.648875	3859192.347693	519.022680	Q20251012161755	12205	3	1.428889	1.000000	
815	-70984.952551	3859194.091583	519.018395	Q20251012161755	12220	3	1.412222	1.000000	
816	-71000.256227	3859195.835473	519.014109	Q20251012161755	12235	3	1.395556	1.000000	
817	-71015.559903	3859197.579363	519.009823	Q20251012161755	12250	3	1.378889	1.000000	
818	-71030.863578	3859199.323253	519.005538	Q20251012161755	12265	3	1.362222	1.000000	
819	-71046.167254	3859201.067143	519.001252	Q20251012161755	12280	3	1.345556	1.000000	
820	-71061.470930	3859202.811033	518.996966	Q20251012161755	12295	3	1.328889	1.000000	
821	-71076.774605	3859204.554923	518.992680	Q20251012161755	12310	3	1.312222	1.000000	
822	-71092.078281	3859206.298813	518.988395	Q20251012161755	12325	3	1.295556	1.000000	
823	-71107.381957	3859208.042703	518.984109	Q20251012161755	12340	3	1.278889	1.000000	
824	-71122.685632	3859209.786593	518.979823	Q20251012161755	12355	3	1.262222	1.000000	
825	-71137.989308	3859211.530483	518.975538	Q20251012161755	12370	3	1.245556	1.000000	
826	-71153.292984	3859213.274373	518.971252	Q20251012161755	12385	3	1.228889	1.000000	
827	-71168.596660	3859215.018263	518.966966	Q20251012161755	12400	3	1.212222	1.000000	
828	-71183.900335	3859216.762153	518.962680	Q20251012161755	12415	3	1.195556	1.000000	
829	-71199.204011	3859218.506043	518.958395	Q20251012161755	12430	3	1.178889	1.000000	
830	-71214.507687	3859220.249933	518.954109	Q20251012161755	12445	3	1.162222	1.000000	
831	-71229.811362	3859221.993823	518.949823	Q20251012161755	12460	3	1.145556	1.000000	
832	-71245.115038	3859223.737713	518.945538	Q20251012161755	12475	3	1.128889	1.000000	
833	-71260.418714	3859225.481603	518.941252	Q20251012161755	12490	3	1.112222	1.000000	
834	-71275.722389	3859227.225493	518.936966	Q20251012161755	12505	3	1.095556	1.000000	
835	-71291.026065	3859228.969383	518.932680	Q20251012161755	12520	3	1.078889	1.000000	
836	-71306.329741	3859230.713273	518.928395	Q20251012161755	12535	3	1.062222	1.000000	
837	-71321.633417	3859232.457163	518.924109	Q20251012161755	12550	3	1.045556	1.000000	
838	-71336.937092	3859234.201053	518.919823	Q20251012161755	12565	3	1.028889	1.000000	
839	-71352.240768	3859235.944943	518.915538	Q20251012161755	12580	3	1.012222	1.000000	
840	-71367.544444	3859237.688832	518.911252	Q20251012161755	12595	3	1.003115	1.000000	
841	-71382.848119	3859239.432722	518.906966	Q20251012161755	12610	3	1.014798	1.000000	
842	-71398.151795	3859241.176612	518.902680	Q20251012161755	12625	3	1.026480	1.000000	
843	-71413.455471	3859242.920502	518.898395	Q20251012161755	12640	3	1.038162	1.000000	
844	-71428.759146	3859244.664392	518.894109	Q20251012161755	12655	3	1.049844	1.000000	
845	-71444.062822	3859246.408282	518.889823	Q20251012161755	12670	3	1.061526	1.000000	
846	-71459.366498	3859248.152172	518.885538	Q20251012161755	12685	3	1.073209	1.000000	
847	-71474.670173	3859249.896062	518.881252	Q20251012161755	12700	3	1.084891	1.000000	
848	-71489.973849	3859251.639952	518.876966	Q20251012161755	12715	3	1.096573	1.000000	
849	-71505.277525	3859253.383842	518.872680	Q20251012161755	12730	3	1.108255	1.000000	
850	-71520.581201	3859255.127732	518.868395	Q20251012161755	12745	3	1.119938	1.000000	
851	-71535.884876	3859256.871622	518.864109	Q20251012161755	12760	3	1.131620	1.000000	
852	-71551.188552	3859258.615512	518.859823	Q20251012161755	12775	3	1.143302	1.000000	
853	-71566.492228	3859260.359402	518.855538	Q20251012161755	12790	3	1.154984	1.000000	
854	-71581.795903	3859262.103292	518.851252	Q20251012161755	12805	3	1.166667	1.000000	
855	-71597.099579	3859263.847182	518.846966	Q20251012161755	12820	3	1.178349	1.000000	
856	-71612.403255	3859265.591072	518.842680	Q20251012161755	12835	3	1.190031	1.000000	
857	-71627.706930	3859267.334962	518.838395	Q20251012161755	12850	3	1.201713	1.000000	
858	-71637.999116	3859268.507781	518.834966	Q20251012161755	12862	3	1.211059	1.000000	
859	-71653.330216	3859269.991358	518.831538	Q20251012161755	12874	3	1.220405	1.000000	
860	-71668.661317	3859271.474936	518.827252	Q20251012161755	12889	3	1.232087	1.000000	
861	-71683.992417	3859272.958514	518.822966	Q20251012161755	12904	3	1.243769	1.000000	
862	-71699.323517	3859274.442092	518.818680	Q20251012161755	12919	3	1.255452	1.000000	
863	-71714.654618	3859275.925670	518.814395	Q20251012161755	12934	3	1.267134	1.000000	
864	-71729.985718	3859277.409248	518.810109	Q20251012161755	12949	3	1.278816	1.000000	
865	-71745.316818	3859278.892825	518.805823	Q20251012161755	12964	3	1.290498	1.000000	
866	-71760.647919	3859280.376403	518.801538	Q20251012161755	12979	3	1.302181	1.000000	
867	-71775.979019	3859281.859981	518.797252	Q20251012161755	12994	3	1.313863	1.000000	
868	-71791.310119	3859283.343559	518.792966	Q20251012161755	13009	3	1.325545	1.000000	
869	-71806.641220	3859284.827137	518.788680	Q20251012161755	13024	3	1.337227	1.000000	
870	-71821.972320	3859286.310714	518.784395	Q20251012161755	13039	3	1.348910	1.000000	
871	-71837.303420	3859287.794292	518.780109	Q20251012161755	13054	3	1.360592	1.000000	
872	-71852.634521	3859289.277870	518.775823	Q20251012161755	13069	3	1.372274	1.000000	
873	-71867.965621	3859290.761448	518.771538	Q20251012161755	13084	3	1.383956	1.000000	
874	-71883.296721	3859292.245026	518.767252	Q20251012161755	13099	3	1.395639	1.000000	
875	-71898.627821	3859293.728603	518.762966	Q20251012161755	13114	3	1.407321	1.000000	
876	-71913.958922	3859295.212181	518.758680	Q20251012161755	13129	3	1.419003	1.000000	
877	-71929.290022	3859296.695759	518.754395	Q20251012161755	13144	3	1.430685	1.000000	
878	-71944.621122	3859298.179337	518.750109	Q20251012161755	13159	3	1.442368	1.000000	
879	-71959.952223	3859299.662915	518.745823	Q20251012161755	13174	3	1.454050	1.000000	
880	-71975.283323	3859301.146493	518.741538	Q20251012161755	13189	3	1.465732	1.000000	
881	-71990.614423	3859302.630070	518.737252	Q20251012161755	13204	3	1.477414	1.000000	
882	-72005.945524	3859304.113648	518.732966	Q20251012161755	13219	3	1.489097	1.000000	
883	-72021.276624	3859305.597226	518.728680	Q20251012161755	13234	3	1.500779	1.000000	
884	-72036.607724	3859307.080804	518.724395	Q20251012161755	13249	3	1.512461	1.000000	
885	-72051.938825	3859308.564382	518.720109	Q20251012161755	13264	3	1.524143	1.000000	
886	-72067.269925	3859310.047959	518.715823	Q20251012161755	13279	3	1.535826	1.000000	
887	-72082.601025	3859311.531537	518.711538	Q20251012161755	13294	3	1.547508	1.000000	
888	-72097.932126	3859313.015115	518.707252	Q20251012161755	13309	3	1.559190	1.000000	
889	-72113.263226	3859314.498693	518.702966	Q20251012161755	13324	3	1.570872	1.000000	
890	-72128.594326	3859315.982271	518.698680	Q20251012161755	13339	3	1.582555	1.000000	
891	-72143.925427	3859317.465848	518.694395	Q20251012161755	13354	3	1.594237	1.000000	
892	-72159.256527	3859318.949426	518.690109	Q20251012161755	13369	3	1.605919	1.000000	
893	-72174.587627	3859320.433004	518.685823	Q20251012161755	13384	3	1.617601	1.000000	
894	-72189.918728	3859321.916582	518.681538	Q20251012161755	13399	3	1.629283	1.000000	
895	-72205.249828	3859323.400160	518.677252	Q20251012161755	13414	3	1.640966	1.000000	
896	-72220.580928	3859324.883738	518.672966	Q20251012161755	13429	3	1.652648	1.000000	
897	-72235.912029	3859326.367315	518.668680	Q20251012161755	13444	3	1.664330	1.000000	
898	-72251.243129	3859327.850893	518.664395	Q20251012161755	13459	3	1.676012	1.000000	
899	-72266.574229	3859329.334471	518.660109	Q20251012161755	13474	3	1.687695	1.000000	
900	-72281.905330	3859330.818049	518.655823	Q20251012161755	13489	3	1.699377	1.000000	
901	-72297.236430	3859332.301627	518.651538	Q20251012161755	13504	3	1.711059	1.000000	
902	-72312.567530	3859333.785204	518.647252	Q20251012161755	13519	3	1.722741	1.000000	
903	-72327.898631	3859335.268782	518.642966	Q20251012161755	13534	3	1.734424	1.000000	
904	-72343.229731	3859336.752360	518.638680	Q20251012161755	13549	3	1.746106	1.000000	
905	-72358.560831	3859338.235938	518.634395	Q20251012161755	13564	3	1.757788	1.000000	
906	-72373.891932	3859339.719516	518.630109	Q20251012161755	13579	3	1.769470	1.000000	
907	-72387.255329	3859341.012680	518.626109	Q20251012161755	13593	3	1.780374	1.000000	
908	-72402.418986	3859338.309508	518.622109	Q20251012161755	13607	3	1.791277	1.000000	
909	-72417.582643	3859335.606336	518.617823	Q20251012161755	13622	3	1.802960	1.000000	
910	-72432.746300	3859332.903164	518.613538	Q20251012161755	13637	3	1.814642	1.000000	
911	-72447.909957	3859330.199992	518.609252	Q20251012161755	13652	3	1.826324	1.000000	
912	-72463.073614	3859327.496819	518.604966	Q20251012161755	13667	3	1.838006	1.000000	
913	-72478.237271	3859324.793647	518.600680	Q20251012161755	13682	3	1.849688	1.000000	
914	-72493.400928	3859322.090475	518.596395	Q20251012161755	13697	3	1.861371	1.000000	
915	-72508.564585	3859319.387303	518.592109	Q20251012161755	13712	3	1.873053	1.000000	
916	-72523.728242	3859316.684131	518.587823	Q20251012161755	13727	3	1.884735	1.000000	
917	-72538.891899	3859313.980958	518.583538	Q20251012161755	13742	3	1.896417	1.000000	
918	-72554.055556	3859311.277786	518.579252	Q20251012161755	13757	3	1.908100	1.000000	
919	-72569.219213	3859308.574614	518.574966	Q20251012161755	13772	3	1.919782	1.000000	
920	-72584.382870	3859305.871442	518.570680	Q20251012161755	13787	3	1.931464	1.000000	
921	-72599.546527	3859303.168269	518.566395	Q20251012161755	13802	3	1.943146	1.000000	
922	-72614.710184	3859300.465097	518.562109	Q20251012161755	13817	3	1.954829	1.000000	
923	-72629.873841	3859297.761925	518.557823	Q20251012161755	13832	3	1.966511	1.000000	
924	-72645.037498	3859295.058753	518.553538	Q20251012161755	13847	3	1.978193	1.000000	
925	-72660.201155	3859292.355581	518.549252	Q20251012161755	13862	3	1.989875	1.000000	
926	-72675.364812	3859289.652408	518.544966	Q20251012161755	13877	3	1.997778	1.000000	
927	-72690.528469	3859286.949236	518.540682	Q20251012161755	13892	3	1.981111	1.000000	
928	-72705.692126	3859284.246064	518.536397	Q20251012161755	13907	3	1.964444	1.000000	
929	-72720.855783	3859281.542892	518.532113	Q20251012161755	13922	3	1.947778	1.000000	
930	-72736.019440	3859278.839720	518.527828	Q20251012161755	13937	3	1.931111	1.000000	
931	-72751.183097	3859276.136547	518.523544	Q20251012161755	13952	3	1.914444	1.000000	
932	-72766.346754	3859273.433375	518.519259	Q20251012161755	13967	3	1.897778	1.000000	
933	-72781.510411	3859270.730203	518.514975	Q20251012161755	13982	3	1.881111	1.000000	
934	-72796.674068	3859268.027031	518.510690	Q20251012161755	13997	3	1.864444	1.000000	
935	-72811.837725	3859265.323859	518.506406	Q20251012161755	14012	3	1.847778	1.000000	
936	-72827.001382	3859262.620686	518.502121	Q20251012161755	14027	3	1.831111	1.000000	
937	-72842.165039	3859259.917514	518.497837	Q20251012161755	14042	3	1.814444	1.000000	
938	-72857.328696	3859257.214342	518.493552	Q20251012161755	14057	3	1.797778	1.000000	
939	-72872.492353	3859254.511170	518.489268	Q20251012161755	14072	3	1.781111	1.000000	
940	-72887.656010	3859251.807997	518.484983	Q20251012161755	14087	3	1.764444	1.000000	
941	-72902.819667	3859249.104825	518.480699	Q20251012161755	14102	3	1.747778	1.000000	
942	-72917.983324	3859246.401653	518.476414	Q20251012161755	14117	3	1.731111	1.000000	
943	-72933.146981	3859243.698481	518.472130	Q20251012161755	14132	3	1.714444	1.000000	
944	-72948.310638	3859240.995309	518.467845	Q20251012161755	14147	3	1.697778	1.000000	
945	-72963.474295	3859238.292136	518.463561	Q20251012161755	14162	3	1.681111	1.000000	
946	-72978.637952	3859235.588964	518.459276	Q20251012161755	14177	3	1.664444	1.000000	
947	-72993.801609	3859232.885792	518.454992	Q20251012161755	14192	3	1.647778	1.000000	
948	-73008.965266	3859230.182620	518.450707	Q20251012161755	14207	3	1.631111	1.000000	
949	-73024.128923	3859227.479448	518.446423	Q20251012161755	14222	3	1.614444	1.000000	
950	-73039.292580	3859224.776275	518.442138	Q20251012161755	14237	3	1.597778	1.000000	
951	-73054.456237	3859222.073103	518.437854	Q20251012161755	14252	3	1.581111	1.000000	
952	-73069.619894	3859219.369931	518.433569	Q20251012161755	14267	3	1.564444	1.000000	
953	-73084.783551	3859216.666759	518.429285	Q20251012161755	14282	3	1.547778	1.000000	
954	-73099.947208	3859213.963586	518.425001	Q20251012161755	14297	3	1.531111	1.000000	
955	-73115.110865	3859211.260414	518.420716	Q20251012161755	14312	3	1.514444	1.000000	
956	-73130.274522	3859208.557242	518.416432	Q20251012161755	14327	3	1.497778	1.000000	
957	-73145.438179	3859205.854070	518.412147	Q20251012161755	14342	3	1.481111	1.000000	
958	-73160.601836	3859203.150898	518.407863	Q20251012161755	14357	3	1.464444	1.000000	
959	-73175.765493	3859200.447725	518.403578	Q20251012161755	14372	3	1.447778	1.000000	
960	-73190.929150	3859197.744553	518.399294	Q20251012161755	14387	3	1.431111	1.000000	
961	-73212.549540	3859193.890362	518.394152	Q20251012161755	14405	3	1.411111	1.000000	
962	-73227.821595	3859195.892337	518.389011	Q20251012161755	14423	3	1.391111	1.000000	
963	-73243.093650	3859197.894313	518.384726	Q20251012161755	14438	3	1.374444	1.000000	
964	-73258.365705	3859199.896289	518.380442	Q20251012161755	14453	3	1.357778	1.000000	
965	-73273.637760	3859201.898265	518.376157	Q20251012161755	14468	3	1.341111	1.000000	
966	-73288.909816	3859203.900240	518.371873	Q20251012161755	14483	3	1.324444	1.000000	
967	-73304.181871	3859205.902216	518.367588	Q20251012161755	14498	3	1.307778	1.000000	
968	-73319.453926	3859207.904192	518.363304	Q20251012161755	14513	3	1.291111	1.000000	
969	-73334.725981	3859209.906168	518.359019	Q20251012161755	14528	3	1.274444	1.000000	
970	-73349.998036	3859211.908143	518.354735	Q20251012161755	14543	3	1.257778	1.000000	
971	-73365.270091	3859213.910119	518.350450	Q20251012161755	14558	3	1.241111	1.000000	
972	-73380.542146	3859215.912095	518.346166	Q20251012161755	14573	3	1.224444	1.000000	
973	-73395.814202	3859217.914071	518.341881	Q20251012161755	14588	3	1.207778	1.000000	
974	-73411.086257	3859219.916046	518.337597	Q20251012161755	14603	3	1.191111	1.000000	
975	-73426.358312	3859221.918022	518.333312	Q20251012161755	14618	3	1.174444	1.000000	
976	-73441.630367	3859223.919998	518.329028	Q20251012161755	14633	3	1.157778	1.000000	
977	-73456.902422	3859225.921974	518.324743	Q20251012161755	14648	3	1.141111	1.000000	
978	-73472.174477	3859227.923949	518.320459	Q20251012161755	14663	3	1.124444	1.000000	
979	-73487.446532	3859229.925925	518.316174	Q20251012161755	14678	3	1.107778	1.000000	
980	-73502.718587	3859231.927901	518.311890	Q20251012161755	14693	3	1.091111	1.000000	
981	-73517.990643	3859233.929877	518.307605	Q20251012161755	14708	3	1.074444	1.000000	
982	-73528.146774	3859235.261218	518.304178	Q20251012161755	14720	4	1.061111	1.000000	
983	-73543.417124	3859237.276166	518.300750	Q20251012161755	14732	4	1.047778	1.000000	
984	-73558.687474	3859239.291114	518.296466	Q20251012161755	14747	4	1.031111	1.000000	
985	-73573.957824	3859241.306061	518.292181	Q20251012161755	14762	4	1.014444	1.000000	
986	-73589.228174	3859243.321009	518.287897	Q20251012161755	14777	4	1.000000	1.000000	
987	-73604.498524	3859245.335956	518.283611	Q20251012161755	14792	4	1.000000	1.000000	
988	-73619.768874	3859247.350904	518.279325	Q20251012161755	14807	4	1.000000	1.000000	
989	-73635.039225	3859249.365851	518.275040	Q20251012161755	14822	4	1.000000	1.000000	
990	-73650.309575	3859251.380799	518.270754	Q20251012161755	14837	4	1.000000	1.000000	
991	-73665.579925	3859253.395746	518.266468	Q20251012161755	14852	4	1.000000	1.000000	
992	-73680.850275	3859255.410694	518.262182	Q20251012161755	14867	4	1.000000	1.000000	
993	-73696.120625	3859257.425642	518.257897	Q20251012161755	14882	4	1.000000	1.000000	
994	-73711.390975	3859259.440589	518.253611	Q20251012161755	14897	4	1.000000	1.000000	
995	-73726.661325	3859261.455537	518.249325	Q20251012161755	14912	4	1.000000	1.000000	
996	-73741.931675	3859263.470484	518.245040	Q20251012161755	14927	4	1.000000	1.000000	
997	-73757.202025	3859265.485432	518.240754	Q20251012161755	14942	4	1.000000	1.000000	
998	-73772.472376	3859267.500379	518.236468	Q20251012161755	14957	4	1.000000	1.000000	
999	-73787.742726	3859269.515327	518.232182	Q20251012161755	14972	4	1.000000	1.000000	
1000	-73803.013076	3859271.530274	518.227897	Q20251012161755	14987	4	1.000000	1.000000	
1001	-73818.283426	3859273.545222	518.223611	Q20251012161755	15002	4	1.000000	1.000000	
1002	-73833.553776	3859275.560170	518.219325	Q20251012161755	15017	4	1.000000	1.000000	
1003	-73848.824126	3859277.575117	518.215040	Q20251012161755	15032	4	1.000000	1.000000	
1004	-73864.094476	3859279.590065	518.210754	Q20251012161755	15047	4	1.000000	1.000000	
1005	-73879.364826	3859281.605012	518.206468	Q20251012161755	15062	4	1.000000	1.000000	
1006	-73894.635176	3859283.619960	518.202182	Q20251012161755	15077	4	1.000000	1.000000	
1007	-73909.905527	3859285.634907	518.197897	Q20251012161755	15092	4	1.000000	1.000000	
1008	-73925.175877	3859287.649855	518.193611	Q20251012161755	15107	4	1.000000	1.000000	
1009	-73940.446227	3859289.664802	518.189325	Q20251012161755	15122	4	1.000000	1.000000	
1010	-73955.194520	3859291.610864	518.185040	Q20251012161755	15137	4	1.000000	1.000000	
1011	-73967.362135	3859301.055056	518.181040	Q20251012161755	15151	4	1.000000	1.000000	
1012	-73979.529750	3859310.499249	518.176754	Q20251012161755	15166	4	1.000000	1.000000	
1013	-73991.697365	3859319.943441	518.172468	Q20251012161755	15181	4	1.000000	1.000000	
1014	-74003.864979	3859329.387634	518.168182	Q20251012161755	15196	4	1.000000	1.000000	
1015	-74016.032594	3859338.831826	518.163897	Q20251012161755	15211	4	1.000000	1.000000	
1016	-74028.200209	3859348.276019	518.159611	Q20251012161755	15226	4	1.000000	1.000000	
1017	-74040.367824	3859357.720211	518.155325	Q20251012161755	15241	4	1.000000	1.000000	
1018	-74052.535439	3859367.164404	518.151040	Q20251012161755	15256	4	1.000000	1.000000	
1019	-74064.703054	3859376.608596	518.146932	Q20251012161755	15271	4	1.004468	1.000000	
1020	-74076.870669	3859386.052788	518.143182	Q20251012161755	15286	4	1.017873	1.000000	
1021	-74089.038283	3859395.496981	518.139432	Q20251012161755	15301	4	1.031278	1.000000	
1022	-74101.205898	3859404.941173	518.135682	Q20251012161755	15316	4	1.044683	1.000000	
1023	-74113.373513	3859414.385366	518.131932	Q20251012161755	15331	4	1.058088	1.000000	
1024	-74125.541128	3859423.829558	518.128182	Q20251012161755	15346	4	1.071492	1.000000	
1025	-74137.708743	3859433.273751	518.124432	Q20251012161755	15361	4	1.084897	1.000000	
1026	-74149.876358	3859442.717943	518.120682	Q20251012161755	15376	4	1.098302	1.000000	
1027	-74162.043972	3859452.162136	518.116932	Q20251012161755	15391	4	1.111707	1.000000	
1028	-74174.211587	3859461.606328	518.113182	Q20251012161755	15406	4	1.125112	1.000000	
1029	-74186.379202	3859471.050521	518.109432	Q20251012161755	15421	4	1.138517	1.000000	
1030	-74198.546817	3859480.494713	518.105682	Q20251012161755	15436	4	1.151921	1.000000	
1031	-74210.714432	3859489.938906	518.101932	Q20251012161755	15451	4	1.165326	1.000000	
1032	-74222.882047	3859499.383098	518.098182	Q20251012161755	15466	4	1.178731	1.000000	
1033	-74235.049662	3859508.827291	518.094432	Q20251012161755	15481	4	1.192136	1.000000	
1034	-74247.217276	3859518.271483	518.090682	Q20251012161755	15496	4	1.205541	1.000000	
1035	-74259.384891	3859527.715676	518.086932	Q20251012161755	15511	4	1.218945	1.000000	
1036	-74271.552506	3859537.159868	518.083182	Q20251012161755	15526	4	1.232350	1.000000	
1037	-74283.720121	3859546.604060	518.079432	Q20251012161755	15541	4	1.245755	1.000000	
1038	-74295.887736	3859556.048253	518.075682	Q20251012161755	15556	4	1.259160	1.000000	
1039	-74308.055351	3859565.492445	518.071932	Q20251012161755	15571	4	1.272565	1.000000	
1040	-74320.222966	3859574.936638	518.068182	Q20251012161755	15586	4	1.285970	1.000000	
1041	-74332.390580	3859584.380830	518.064432	Q20251012161755	15601	4	1.299374	1.000000	
1042	-74344.558195	3859593.825023	518.060682	Q20251012161755	15616	4	1.312779	1.000000	
1043	-74356.725810	3859603.269215	518.056932	Q20251012161755	15631	4	1.326184	1.000000	
1044	-74368.893425	3859612.713408	518.053182	Q20251012161755	15646	4	1.339589	1.000000	
1045	-74381.061040	3859622.157600	518.049432	Q20251012161755	15661	4	1.352994	1.000000	
1046	-74393.228655	3859631.601793	518.045682	Q20251012161755	15676	4	1.366399	1.000000	
1047	-74408.694437	3859643.605939	518.041432	Q20251012161755	15693	4	1.381591	1.000000	
1048	-74424.004537	3859645.292490	518.037432	Q20251012161755	15709	4	1.395889	1.000000	
1049	-74439.314637	3859646.979041	518.033682	Q20251012161755	15724	4	1.409294	1.000000	
1050	-74454.624738	3859648.665592	518.029932	Q20251012161755	15739	4	1.422699	1.000000	
1051	-74469.934838	3859650.352143	518.026182	Q20251012161755	15754	4	1.436104	1.000000	
1052	-74485.244938	3859652.038694	518.022432	Q20251012161755	15769	4	1.449508	1.000000	
1053	-74500.555039	3859653.725245	518.018682	Q20251012161755	15784	4	1.462913	1.000000	
1054	-74515.865139	3859655.411796	518.014932	Q20251012161755	15799	4	1.476318	1.000000	
1055	-74531.175239	3859657.098347	518.011182	Q20251012161755	15814	4	1.489723	1.000000	
1056	-74546.485339	3859658.784898	518.007432	Q20251012161755	15829	4	1.503128	1.000000	
1057	-74561.795440	3859660.471449	518.003682	Q20251012161755	15844	4	1.516533	1.000000	
1058	-74577.105540	3859662.158000	517.999932	Q20251012161755	15859	4	1.529937	1.000000	
1059	-74592.415640	3859663.844551	517.996182	Q20251012161755	15874	4	1.543342	1.000000	
1060	-74607.725741	3859665.531102	517.992432	Q20251012161755	15889	4	1.556747	1.000000	
1061	-74623.035841	3859667.217653	517.988682	Q20251012161755	15904	4	1.570152	1.000000	
1062	-74638.345941	3859668.904203	517.984932	Q20251012161755	15919	4	1.583557	1.000000	
1063	-74653.656041	3859670.590754	517.981182	Q20251012161755	15934	4	1.596962	1.000000	
1064	-74668.966142	3859672.277305	517.977432	Q20251012161755	15949	4	1.610366	1.000000	
1065	-74684.276242	3859673.963856	517.973682	Q20251012161755	15964	4	1.623771	1.000000	
1066	-74699.586342	3859675.650407	517.969932	Q20251012161755	15979	4	1.637176	1.000000	
1067	-74714.896443	3859677.336958	517.966182	Q20251012161755	15994	4	1.650581	1.000000	
1068	-74730.206543	3859679.023509	517.962432	Q20251012161755	16009	4	1.663986	1.000000	
1069	-74745.516643	3859680.710060	517.958682	Q20251012161755	16024	4	1.677391	1.000000	
1070	-74760.826744	3859682.396611	517.954932	Q20251012161755	16039	4	1.690795	1.000000	
1071	-74776.136844	3859684.083162	517.951182	Q20251012161755	16054	4	1.704200	1.000000	
1072	-74791.446944	3859685.769713	517.947432	Q20251012161755	16069	4	1.717605	1.000000	
1073	-74806.757044	3859687.456264	517.943682	Q20251012161755	16084	4	1.731010	1.000000	
1074	-74822.067145	3859689.142815	517.939932	Q20251012161755	16099	4	1.744415	1.000000	
1075	-74837.377245	3859690.829366	517.936182	Q20251012161755	16114	4	1.757819	1.000000	
1076	-74852.687345	3859692.515917	517.932432	Q20251012161755	16129	4	1.771224	1.000000	
1077	-74867.997446	3859694.202468	517.928682	Q20251012161755	16144	4	1.784629	1.000000	
1078	-74883.307546	3859695.889019	517.924932	Q20251012161755	16159	4	1.798034	1.000000	
1079	-74898.617646	3859697.575570	517.921182	Q20251012161755	16174	4	1.811439	1.000000	
1080	-74913.927746	3859699.262121	517.917432	Q20251012161755	16189	4	1.824844	1.000000	
1081	-74929.237847	3859700.948672	517.913682	Q20251012161755	16204	4	1.838248	1.000000	
1082	-74944.547947	3859702.635223	517.909932	Q20251012161755	16219	4	1.851653	1.000000	
1083	-74959.858047	3859704.321774	517.906182	Q20251012161755	16234	4	1.865058	1.000000	
1084	-74975.168148	3859706.008325	517.902432	Q20251012161755	16249	4	1.878463	1.000000	
1085	-74990.478248	3859707.694876	517.898682	Q20251012161755	16264	4	1.891868	1.000000	
1086	-75005.788348	3859709.381427	517.894932	Q20251012161755	16279	4	1.905273	1.000000	
1087	-75020.921083	3859711.048440	517.891182	Q20251012161755	16294	4	1.918677	1.000000	
1088	-75035.450188	3859705.934860	517.887682	Q20251012161755	16308	4	1.931189	1.000000	
1089	-75049.979292	3859700.821281	517.883932	Q20251012161755	16323	4	1.944593	1.000000	
1090	-75064.508397	3859695.707701	517.880182	Q20251012161755	16338	4	1.957998	1.000000	
1091	-75079.037501	3859690.594121	517.876432	Q20251012161755	16353	4	1.971403	1.000000	
1092	-75093.566606	3859685.480542	517.872682	Q20251012161755	16368	4	1.984808	1.000000	
1093	-75108.095710	3859680.366962	517.868932	Q20251012161755	16383	4	1.998213	1.000000	
1094	-75122.624815	3859675.253383	517.865183	Q20251012161755	16398	4	2.006859	1.000000	
1095	-75137.153919	3859670.139803	517.861434	Q20251012161755	16413	4	2.014773	1.000000	
1096	-75151.683024	3859665.026223	517.857685	Q20251012161755	16428	4	2.022687	1.000000	
1097	-75166.212128	3859659.912644	517.853936	Q20251012161755	16443	4	2.030601	1.000000	
1098	-75180.741233	3859654.799064	517.850187	Q20251012161755	16458	4	2.038516	1.000000	
1099	-75195.270337	3859649.685485	517.846438	Q20251012161755	16473	4	2.046430	1.000000	
1100	-75209.799442	3859644.571905	517.842689	Q20251012161755	16488	4	2.054344	1.000000	
1101	-75224.328546	3859639.458325	517.838940	Q20251012161755	16503	4	2.062258	1.000000	
1102	-75238.857651	3859634.344746	517.835191	Q20251012161755	16518	4	2.070172	1.000000	
1103	-75253.386755	3859629.231166	517.831442	Q20251012161755	16533	4	2.078087	1.000000	
1104	-75267.915860	3859624.117587	517.827693	Q20251012161755	16548	4	2.086001	1.000000	
1105	-75282.444964	3859619.004007	517.823944	Q20251012161755	16563	4	2.093915	1.000000	
1106	-75296.974069	3859613.890427	517.820194	Q20251012161755	16578	4	2.101829	1.000000	
1107	-75311.503173	3859608.776848	517.816445	Q20251012161755	16593	4	2.109743	1.000000	
1108	-75319.332525	3859606.021274	517.813696	Q20251012161755	16604	4	2.115547	1.000000	
1109	-75334.640253	3859607.729231	517.810947	Q20251012161755	16615	4	2.121351	1.000000	
1110	-75349.947980	3859609.437188	517.807198	Q20251012161755	16630	4	2.129265	1.000000	
1111	-75365.255708	3859611.145144	517.803449	Q20251012161755	16645	4	2.137179	1.000000	
1112	-75380.563435	3859612.853101	517.799700	Q20251012161755	16660	4	2.145093	1.000000	
1113	-75395.871163	3859614.561058	517.795951	Q20251012161755	16675	4	2.153007	1.000000	
1114	-75411.178891	3859616.269015	517.792201	Q20251012161755	16690	4	2.160922	1.000000	
1115	-75426.486618	3859617.976971	517.788452	Q20251012161755	16705	4	2.168836	1.000000	
1116	-75441.794346	3859619.684928	517.784703	Q20251012161755	16720	4	2.176750	1.000000	
1117	-75457.102073	3859621.392885	517.780954	Q20251012161755	16735	4	2.184664	1.000000	
1118	-75472.409801	3859623.100841	517.777205	Q20251012161755	16750	4	2.192578	1.000000	
1119	-75487.717528	3859624.808798	517.773456	Q20251012161755	16765	4	2.200492	1.000000	
1120	-75503.025256	3859626.516755	517.769707	Q20251012161755	16780	4	2.208407	1.000000	
1121	-75518.332983	3859628.224712	517.765958	Q20251012161755	16795	4	2.216321	1.000000	
1122	-75533.640711	3859629.932668	517.762209	Q20251012161755	16810	4	2.224235	1.000000	
1123	-75548.948438	3859631.640625	517.758460	Q20251012161755	16825	4	2.232149	1.000000	
1124	-75564.256166	3859633.348582	517.754711	Q20251012161755	16840	4	2.240063	1.000000	
1125	-75579.563893	3859635.056539	517.750962	Q20251012161755	16855	4	2.247977	1.000000	
1126	-75594.871621	3859636.764495	517.747213	Q20251012161755	16870	4	2.255892	1.000000	
1127	-75610.179348	3859638.472452	517.743464	Q20251012161755	16885	4	2.263806	1.000000	
1128	-75625.487076	3859640.180409	517.739715	Q20251012161755	16900	4	2.271720	1.000000	
1129	-75640.794803	3859641.888365	517.735966	Q20251012161755	16915	4	2.279634	1.000000	
1130	-75656.102531	3859643.596322	517.732216	Q20251012161755	16930	4	2.287548	1.000000	
1131	-75671.410258	3859645.304279	517.728467	Q20251012161755	16945	4	2.295463	1.000000	
1132	-75686.717986	3859647.012236	517.724718	Q20251012161755	16960	4	2.303377	1.000000	
1133	-75702.025714	3859648.720192	517.720969	Q20251012161755	16975	4	2.311291	1.000000	
1134	-75717.333441	3859650.428149	517.717220	Q20251012161755	16990	4	2.319205	1.000000	
1135	-75732.641169	3859652.136106	517.713471	Q20251012161755	17005	4	2.327119	1.000000	
1136	-75747.948896	3859653.844063	517.709722	Q20251012161755	17020	4	2.335033	1.000000	
1137	-75763.256624	3859655.552019	517.705973	Q20251012161755	17035	4	2.342948	1.000000	
1138	-75778.564351	3859657.259976	517.702224	Q20251012161755	17050	4	2.350862	1.000000	
1139	-75793.872079	3859658.967933	517.698475	Q20251012161755	17065	4	2.358776	1.000000	
1140	-75809.179806	3859660.675889	517.694726	Q20251012161755	17080	4	2.366690	1.000000	
1141	-75824.487534	3859662.383846	517.690977	Q20251012161755	17095	4	2.374604	1.000000	
1142	-75839.795261	3859664.091803	517.687228	Q20251012161755	17110	4	2.382518	1.000000	
1143	-75855.102989	3859665.799760	517.683479	Q20251012161755	17125	4	2.390433	1.000000	
1144	-75870.410716	3859667.507716	517.679730	Q20251012161755	17140	4	2.398347	1.000000	
1145	-75885.718444	3859669.215673	517.675981	Q20251012161755	17155	4	2.406261	1.000000	
1146	-75901.026171	3859670.923630	517.672231	Q20251012161755	17170	4	2.414175	1.000000	
1147	-75916.333899	3859672.631586	517.668482	Q20251012161755	17185	4	2.422089	1.000000	
1148	-75931.641626	3859674.339543	517.664733	Q20251012161755	17200	4	2.430004	1.000000	
1149	-75946.949354	3859676.047500	517.660984	Q20251012161755	17215	4	2.437918	1.000000	
1150	-75962.257082	3859677.755457	517.657235	Q20251012161755	17230	4	2.445832	1.000000	
1151	-75977.564809	3859679.463413	517.653486	Q20251012161755	17245	4	2.453746	1.000000	
1152	-75992.872537	3859681.171370	517.649737	Q20251012161755	17260	4	2.461660	1.000000	
1153	-76008.180264	3859682.879327	517.645988	Q20251012161755	17275	4	2.469574	1.000000	
1154	-76023.487992	3859684.587284	517.642239	Q20251012161755	17290	4	2.477489	1.000000	
1155	-76038.795719	3859686.295240	517.638490	Q20251012161755	17305	4	2.485403	1.000000	
1156	-76054.103447	3859688.003197	517.634741	Q20251012161755	17320	4	2.493317	1.000000	
1157	-76069.411174	3859689.711154	517.630992	Q20251012161755	17335	4	2.501231	1.000000	
1158	-76084.718902	3859691.419110	517.627243	Q20251012161755	17350	4	2.509145	1.000000	
1159	-76100.026629	3859693.127067	517.623494	Q20251012161755	17365	4	2.517059	1.000000	
1160	-76115.334357	3859694.835024	517.619745	Q20251012161755	17380	4	2.524974	1.000000	
1161	-76130.642084	3859696.542981	517.615995	Q20251012161755	17395	4	2.532888	1.000000	
1162	-76145.949812	3859698.250937	517.612246	Q20251012161755	17410	4	2.540802	1.000000	
1163	-76161.257539	3859699.958894	517.608497	Q20251012161755	17425	4	2.548716	1.000000	
1164	-76176.565267	3859701.666851	517.604748	Q20251012161755	17440	4	2.556630	1.000000	
1165	-76191.872994	3859703.374808	517.600999	Q20251012161755	17455	4	2.564544	1.000000	
1166	-76207.180722	3859705.082764	517.597250	Q20251012161755	17470	4	2.572459	1.000000	
1167	-76222.488450	3859706.790721	517.593501	Q20251012161755	17485	4	2.580373	1.000000	
1168	-76237.796177	3859708.498678	517.589752	Q20251012161755	17500	4	2.588287	1.000000	
1169	-76253.103905	3859710.206634	517.586003	Q20251012161755	17515	4	2.596201	1.000000	
1170	-76268.411632	3859711.914591	517.582254	Q20251012161755	17530	4	2.604115	1.000000	
1171	-76283.719360	3859713.622548	517.578505	Q20251012161755	17545	4	2.612030	1.000000	
1172	-76299.027087	3859715.330505	517.574756	Q20251012161755	17560	4	2.619944	1.000000	
1173	-76314.334815	3859717.038461	517.571007	Q20251012161755	17575	4	2.627858	1.000000	
1174	-76329.642542	3859718.746418	517.567258	Q20251012161755	17590	4	2.635772	1.000000	
1175	-76344.950270	3859720.454375	517.563509	Q20251012161755	17605	4	2.643686	1.000000	
1176	-76360.257997	3859722.162331	517.559760	Q20251012161755	17620	4	2.651600	1.000000	
1177	-76375.565725	3859723.870288	517.556010	Q20251012161755	17635	4	2.659515	1.000000	
1178	-76390.873452	3859725.578245	517.552261	Q20251012161755	17650	4	2.667429	1.000000	
1179	-76406.181180	3859727.286202	517.548512	Q20251012161755	17665	4	2.675343	1.000000	
1180	-76421.488907	3859728.994158	517.544763	Q20251012161755	17680	4	2.683257	1.000000	
1181	-76436.796635	3859730.702115	517.541014	Q20251012161755	17695	4	2.691171	1.000000	
1182	-76452.130085	3859732.412942	517.537265	Q20251012161755	17710	4	2.699085	1.000000	
1183	-76465.418747	3859724.624805	517.533766	Q20251012161755	17724	4	2.706472	1.000000	
1184	-76478.707409	3859716.836667	517.530017	Q20251012161755	17739	4	2.714386	1.000000	
1185	-76491.996071	3859709.048530	517.526268	Q20251012161755	17754	4	2.722300	1.000000	
1186	-76505.284733	3859701.260393	517.522519	Q20251012161755	17769	4	2.730215	1.000000	
1187	-76518.573395	3859693.472255	517.518770	Q20251012161755	17784	4	2.738129	1.000000	
1188	-76531.862057	3859685.684118	517.515021	Q20251012161755	17799	4	2.746043	1.000000	
1189	-76545.150719	3859677.895981	517.511272	Q20251012161755	17814	4	2.753957	1.000000	
1190	-76558.439381	3859670.107844	517.507523	Q20251012161755	17829	4	2.761871	1.000000	
1191	-76571.728043	3859662.319706	517.503774	Q20251012161755	17844	4	2.769785	1.000000	
1192	-76585.016705	3859654.531569	517.500024	Q20251012161755	17859	4	2.777700	1.000000	
1193	-76598.305367	3859646.743432	517.496275	Q20251012161755	17874	4	2.785614	1.000000	
1194	-76611.594028	3859638.955295	517.492526	Q20251012161755	17889	4	2.793528	1.000000	
1195	-76624.882690	3859631.167157	517.488777	Q20251012161755	17904	4	2.801442	1.000000	
1196	-76638.171352	3859623.379020	517.485028	Q20251012161755	17919	4	2.809356	1.000000	
1197	-76651.460014	3859615.590883	517.481279	Q20251012161755	17934	4	2.817270	1.000000	
1198	-76664.748676	3859607.802746	517.477530	Q20251012161755	17949	4	2.825185	1.000000	
1199	-76678.037338	3859600.014608	517.473781	Q20251012161755	17964	4	2.833099	1.000000	
1200	-76691.326000	3859592.226471	517.470032	Q20251012161755	17979	4	2.841013	1.000000	
1201	-76704.614662	3859584.438334	517.466283	Q20251012161755	17994	4	2.848927	1.000000	
1202	-76717.903324	3859576.650196	517.462534	Q20251012161755	18009	4	2.856841	1.000000	
1203	-76731.191986	3859568.862059	517.458785	Q20251012161755	18024	4	2.864756	1.000000	
1204	-76744.480648	3859561.073922	517.455036	Q20251012161755	18039	4	2.872670	1.000000	
1205	-76757.769310	3859553.285785	517.451287	Q20251012161755	18054	4	2.880584	1.000000	
1206	-76771.057972	3859545.497647	517.447538	Q20251012161755	18069	4	2.888498	1.000000	
1207	-76784.346634	3859537.709510	517.443789	Q20251012161755	18084	4	2.896412	1.000000	
1208	-76797.635296	3859529.921373	517.440039	Q20251012161755	18099	4	2.904326	1.000000	
1209	-76810.923958	3859522.133236	517.436290	Q20251012161755	18114	4	2.912241	1.000000	
1210	-76824.212620	3859514.345098	517.432541	Q20251012161755	18129	4	2.920155	1.000000	
1211	-76837.501282	3859506.556961	517.428792	Q20251012161755	18144	4	2.928069	1.000000	
1212	-76850.789944	3859498.768824	517.425043	Q20251012161755	18159	4	2.935983	1.000000	
1213	-76864.078605	3859490.980686	517.421294	Q20251012161755	18174	4	2.943897	1.000000	
1214	-76877.367267	3859483.192549	517.417545	Q20251012161755	18189	4	2.951811	1.000000	
1215	-76890.655929	3859475.404412	517.413796	Q20251012161755	18204	4	2.959726	1.000000	
1216	-76905.864364	3859466.491146	517.409797	Q20251012161755	18220	4	2.968167	1.000000	
1217	-76916.576665	3859455.427894	517.405798	Q20251012161755	18236	4	2.976609	1.000000	
1218	-76930.602257	3859440.942802	517.401549	Q20251012161755	18253	4	2.985579	1.000000	
1219	-76945.913761	3859442.616563	517.397550	Q20251012161921	18269	4	2.994020	1.000000	
1220	-76961.225265	3859444.290324	517.393801	Q20251012161921	18284	4	3.001935	1.000000	
1221	-76976.536769	3859445.964085	517.390052	Q20251012161921	18299	4	3.009849	1.000000	
1222	-76991.848273	3859447.637846	517.386303	Q20251012161921	18314	4	3.017763	1.000000	
1223	-77007.159778	3859449.311607	517.382554	Q20251012161921	18329	4	3.025677	1.000000	
1224	-77022.471282	3859450.985368	517.378805	Q20251012161921	18344	4	3.033591	1.000000	
1225	-77037.782786	3859452.659129	517.375056	Q20251012161921	18359	4	3.041505	1.000000	
1226	-77053.094290	3859454.332890	517.371307	Q20251012161921	18374	4	3.049420	1.000000	
1227	-77068.405794	3859456.006651	517.367558	Q20251012161921	18389	4	3.057334	1.000000	
1228	-77083.717298	3859457.680412	517.363809	Q20251012161921	18404	4	3.065248	1.000000	
1229	-77099.028802	3859459.354173	517.360059	Q20251012161921	18419	4	3.073162	1.000000	
1230	-77108.096852	3859460.345437	517.357060	Q20251012161921	18431	4	3.079493	1.000000	
1231	-77118.598152	3859449.077503	517.354311	Q20251012161921	18442	4	3.085297	1.000000	
1232	-77129.099451	3859437.809569	517.350562	Q20251012161921	18457	4	3.093211	1.000000	
1233	-77139.600751	3859426.541636	517.346813	Q20251012161921	18472	4	3.101126	1.000000	
1234	-77150.102050	3859415.273702	517.343064	Q20251012161921	18487	4	3.109040	1.000000	
1235	-77160.603349	3859404.005768	517.339315	Q20251012161921	18502	4	3.116954	1.000000	
1236	-77171.104649	3859392.737834	517.335566	Q20251012161921	18517	4	3.124868	1.000000	
1237	-77181.605948	3859381.469900	517.331817	Q20251012161921	18532	4	3.132782	1.000000	
1238	-77187.588695	3859375.050390	517.328817	Q20251012161921	18544	5	3.139114	1.000000	
1239	-77199.946363	3859365.856299	517.325818	Q20251012161921	18556	5	3.145445	1.000000	
1240	-77210.853186	3859357.741636	517.322319	Q20251012161921	18570	5	3.152832	1.000000	
1241	-77213.047830	3859342.496073	517.319070	Q20251012161921	18583	5	3.159690	1.000000	
1242	-77215.242475	3859327.250511	517.315321	Q20251012161921	18598	5	3.167605	1.000000	
1243	-77217.437119	3859312.004949	517.311572	Q20251012161921	18613	5	3.175519	1.000000	
1244	-77219.631764	3859296.759386	517.307823	Q20251012161921	18628	5	3.183433	1.000000	
1245	-77221.826409	3859281.513824	517.304073	Q20251012161921	18643	5	3.191347	1.000000	
1246	-77224.021053	3859266.268261	517.300324	Q20251012161921	18658	5	3.199261	1.000000	
1247	-77226.215698	3859251.022699	517.296575	Q20251012161921	18673	5	3.207176	1.000000	
1248	-77228.410342	3859235.777137	517.292826	Q20251012161921	18688	5	3.215090	1.000000	
1249	-77230.604987	3859220.531574	517.289077	Q20251012161921	18703	5	3.223004	1.000000	
1250	-77232.799632	3859205.286012	517.285328	Q20251012161921	18718	5	3.230918	1.000000	
1251	-77234.994276	3859190.040450	517.281579	Q20251012161921	18733	5	3.238832	1.000000	
1252	-77237.188921	3859174.794887	517.277830	Q20251012161921	18748	5	3.246746	1.000000	
1253	-77238.904737	3859162.875605	517.274581	Q20251012161921	18761	5	3.253605	1.000000	
1254	-77254.300903	3859163.324740	517.272081	Q20251012161921	18771	5	3.258881	1.000000	
1255	-77269.697069	3859163.773875	517.268332	Q20251012161921	18786	5	3.266796	1.000000	
1256	-77285.093235	3859164.223010	517.264583	Q20251012161921	18801	5	3.274710	1.000000	
1257	-77300.489400	3859164.672145	517.260834	Q20251012161921	18816	5	3.282624	1.000000	
1258	-77315.885566	3859165.121280	517.257085	Q20251012161921	18831	5	3.290538	1.000000	
1259	-77331.281732	3859165.570415	517.253336	Q20251012161921	18846	5	3.298452	1.000000	
1260	-77346.677898	3859166.019550	517.249587	Q20251012161921	18861	5	3.306367	1.000000	
1261	-77362.074063	3859166.468684	517.245838	Q20251012161921	18876	5	3.314281	1.000000	
1262	-77377.470229	3859166.917819	517.242089	Q20251012161921	18891	5	3.322195	1.000000	
1263	-77392.866395	3859167.366954	517.238340	Q20251012161921	18906	5	3.330109	1.000000	
1264	-77408.262560	3859167.816089	517.234591	Q20251012161921	18921	5	3.338023	1.000000	
1265	-77423.658726	3859168.265224	517.230842	Q20251012161921	18936	5	3.345937	1.000000	
1266	-77439.054892	3859168.714359	517.227093	Q20251012161921	18951	5	3.353852	1.000000	
1267	-77454.451058	3859169.163494	517.223344	Q20251012161921	18966	5	3.361766	1.000000	
1268	-77469.847223	3859169.612629	517.219595	Q20251012161921	18981	5	3.369680	1.000000	
1269	-77485.243389	3859170.061764	517.215846	Q20251012161921	18996	5	3.377594	1.000000	
1270	-77500.639555	3859170.510899	517.212096	Q20251012161921	19011	5	3.385508	1.000000	
1271	-77516.035721	3859170.960034	517.208347	Q20251012161921	19026	5	3.393422	1.000000	
1272	-77531.431886	3859171.409169	517.204598	Q20251012161921	19041	5	3.401337	1.000000	
1273	-77546.828052	3859171.858304	517.200849	Q20251012161921	19056	5	3.409251	1.000000	
1274	-77562.224218	3859172.307439	517.197100	Q20251012161921	19071	5	3.417165	1.000000	
1275	-77577.620383	3859172.756574	517.193351	Q20251012161921	19086	5	3.425079	1.000000	
1276	-77593.016549	3859173.205709	517.189602	Q20251012161921	19101	5	3.432993	1.000000	
1277	-77604.350043	3859173.536328	517.186353	Q20251012161921	19114	5	3.439852	1.000000	
1278	-77607.161890	3859158.392447	517.183854	Q20251012161921	19124	5	3.445128	1.000000	
1279	-77609.973738	3859143.248565	517.180104	Q20251012161921	19139	5	3.453043	1.000000	
1280	-77612.785585	3859128.104683	517.176355	Q20251012161921	19154	5	3.460957	1.000000	
1281	-77615.597432	3859112.960802	517.172606	Q20251012161921	19169	5	3.468871	1.000000	
1282	-77618.409279	3859097.816920	517.168857	Q20251012161921	19184	5	3.476785	1.000000	
1283	-77621.221126	3859082.673038	517.165108	Q20251012161921	19199	5	3.484699	1.000000	
1284	-77624.032974	3859067.529157	517.161359	Q20251012161921	19214	5	3.492613	1.000000	
1285	-77626.844821	3859052.385275	517.157610	Q20251012161921	19229	5	3.503401	1.000000	
1286	-77629.656668	3859037.241393	517.153861	Q20251012161921	19244	5	3.554422	1.000000	
1287	-77632.468515	3859022.097512	517.150112	Q20251012161921	19259	5	3.605442	1.000000	
1288	-77635.280362	3859006.953630	517.146363	Q20251012161921	19274	5	3.656463	1.000000	
1289	-77638.092210	3858991.809748	517.142614	Q20251012161921	19289	5	3.707483	1.000000	
1290	-77640.904057	3858976.665867	517.138865	Q20251012161921	19304	5	3.758503	1.000000	
1291	-77643.246208	3858964.051647	517.135366	Q20251012161921	19318	5	3.806122	1.000000	
1292	-77658.580950	3858965.497091	517.132866	Q20251012161921	19328	5	3.840136	1.000000	
1293	-77673.915693	3858966.942536	517.129117	Q20251012161921	19343	5	3.891156	1.000000	
1294	-77689.250435	3858968.387980	517.125368	Q20251012161921	19358	5	3.942177	1.000000	
1295	-77704.585178	3858969.833424	517.121619	Q20251012161921	19373	5	3.993197	1.000000	
1296	-77719.919920	3858971.278868	517.117870	Q20251012161921	19388	5	4.044218	1.000000	
1297	-77735.254663	3858972.724313	517.114121	Q20251012161921	19403	5	4.095238	1.000000	
1298	-77750.589405	3858974.169757	517.110372	Q20251012161921	19418	5	4.146259	1.000000	
1299	-77765.924147	3858975.615201	517.106623	Q20251012161921	19433	5	4.197279	1.000000	
1300	-77781.258890	3858977.060645	517.102874	Q20251012161921	19448	5	4.248299	1.000000	
1301	-77796.593632	3858978.506090	517.099125	Q20251012161921	19463	5	4.299320	1.000000	
1302	-77811.928375	3858979.951534	517.095376	Q20251012161921	19478	5	4.350340	1.000000	
1303	-77827.997176	3858981.466170	517.091627	Q20251012161921	19493	5	4.401361	1.000000	
1304	-77839.322969	3858971.027298	517.088127	Q20251012161921	19507	5	4.448980	1.000000	
1305	-77850.648763	3858960.588427	517.084378	Q20251012161921	19522	5	4.500000	1.000000	
1306	-77861.974556	3858950.149555	517.080630	Q20251012161921	19537	5	4.493724	1.000000	
1307	-77873.300350	3858939.710683	517.076882	Q20251012161921	19552	5	4.487448	1.000000	
1308	-77884.626143	3858929.271811	517.073134	Q20251012161921	19567	5	4.481172	1.000000	
1309	-77895.951937	3858918.832939	517.069386	Q20251012161921	19582	5	4.474895	1.000000	
1310	-77907.277730	3858908.394068	517.065638	Q20251012161921	19597	5	4.468619	1.000000	
1311	-77918.603524	3858897.955196	517.061890	Q20251012161921	19612	5	4.462343	1.000000	
1312	-77929.929317	3858887.516324	517.058142	Q20251012161921	19627	5	4.456067	1.000000	
1313	-77941.255111	3858877.077452	517.054393	Q20251012161921	19642	5	4.449791	1.000000	
1314	-77952.580904	3858866.638580	517.050645	Q20251012161921	19657	5	4.443515	1.000000	
1315	-77963.906698	3858856.199709	517.046897	Q20251012161921	19672	5	4.437238	1.000000	
1316	-77975.232491	3858845.760837	517.043149	Q20251012161921	19687	5	4.430962	1.000000	
1317	-77986.558285	3858835.321965	517.039401	Q20251012161921	19702	5	4.424686	1.000000	
1318	-77997.884078	3858824.883093	517.035653	Q20251012161921	19717	5	4.418410	1.000000	
1319	-78009.209872	3858814.444222	517.031905	Q20251012161921	19732	5	4.412134	1.000000	
1320	-78020.535665	3858804.005350	517.028157	Q20251012161921	19747	5	4.405858	1.000000	
1321	-78031.861459	3858793.566478	517.024408	Q20251012161921	19762	5	4.399582	1.000000	
1322	-78043.187252	3858783.127606	517.020660	Q20251012161921	19777	5	4.393305	1.000000	
1323	-78054.513046	3858772.688734	517.016912	Q20251012161921	19792	5	4.387029	1.000000	
1324	-78065.838839	3858762.249863	517.013164	Q20251012161921	19807	5	4.380753	1.000000	
1325	-78077.164633	3858751.810991	517.009416	Q20251012161921	19822	5	4.374477	1.000000	
1326	-78088.490426	3858741.372119	517.005668	Q20251012161921	19837	5	4.368201	1.000000	
1327	-78099.816220	3858730.933247	517.001920	Q20251012161921	19852	5	4.361925	1.000000	
1328	-78111.142013	3858720.494375	516.998171	Q20251012161921	19867	5	4.355649	1.000000	
1329	-78122.467807	3858710.055504	516.994423	Q20251012161921	19882	5	4.349372	1.000000	
1330	-78133.793600	3858699.616632	516.990675	Q20251012161921	19897	5	4.343096	1.000000	
1331	-78145.119394	3858689.177760	516.986927	Q20251012161921	19912	5	4.336820	1.000000	
1332	-78156.445188	3858678.738888	516.983179	Q20251012161921	19927	5	4.330544	1.000000	
1333	-78167.770981	3858668.300017	516.979431	Q20251012161921	19942	5	4.324268	1.000000	
1334	-78179.096775	3858657.861145	516.975683	Q20251012161921	19957	5	4.317992	1.000000	
1335	-78190.422568	3858647.422273	516.971935	Q20251012161921	19972	5	4.311715	1.000000	
1336	-78201.748362	3858636.983401	516.968186	Q20251012161921	19987	5	4.305439	1.000000	
1337	-78213.074155	3858626.544529	516.964438	Q20251012161921	20002	5	4.299163	1.000000	
1338	-78224.399949	3858616.105658	516.960690	Q20251012161921	20017	5	4.292887	1.000000	
1339	-78235.725742	3858605.666786	516.956942	Q20251012161921	20032	5	4.286611	1.000000	
1340	-78246.893368	3858595.373695	516.953194	Q20251012161921	20047	5	4.280335	1.000000	
1341	-78262.210046	3858596.999431	516.949946	Q20251012161921	20060	5	4.274895	1.000000	
1342	-78277.526724	3858598.625166	516.946197	Q20251012161921	20075	5	4.268619	1.000000	
1343	-78292.843402	3858600.250901	516.942449	Q20251012161921	20090	5	4.262343	1.000000	
1344	-78308.160080	3858601.876637	516.938701	Q20251012161921	20105	5	4.256067	1.000000	
1345	-78323.476759	3858603.502372	516.934953	Q20251012161921	20120	5	4.249791	1.000000	
1346	-78338.793437	3858605.128108	516.931205	Q20251012161921	20135	5	4.243515	1.000000	
1347	-78354.110115	3858606.753843	516.927457	Q20251012161921	20150	5	4.237238	1.000000	
1348	-78369.426793	3858608.379578	516.923709	Q20251012161921	20165	5	4.230962	1.000000	
1349	-78384.743471	3858610.005314	516.919961	Q20251012161921	20180	5	4.224686	1.000000	
1350	-78400.060149	3858611.631049	516.916212	Q20251012161921	20195	5	4.218410	1.000000	
1351	-78415.376827	3858613.256785	516.912464	Q20251012161921	20210	5	4.212134	1.000000	
1352	-78430.693505	3858614.882520	516.908716	Q20251012161921	20225	5	4.205858	1.000000	
1353	-78446.010183	3858616.508255	516.904968	Q20251012161921	20240	5	4.199582	1.000000	
1354	-78461.326861	3858618.133991	516.901220	Q20251012161921	20255	5	4.193305	1.000000	
1355	-78476.643539	3858619.759726	516.897472	Q20251012161921	20270	5	4.187029	1.000000	
1356	-78491.960217	3858621.385462	516.893724	Q20251012161921	20285	5	4.180753	1.000000	
1357	-78507.276895	3858623.011197	516.889976	Q20251012161921	20300	5	4.174477	1.000000	
1358	-78522.593573	3858624.636932	516.886227	Q20251012161921	20315	5	4.168201	1.000000	
1359	-78537.910251	3858626.262668	516.882479	Q20251012161921	20330	5	4.161925	1.000000	
1360	-78553.226929	3858627.888403	516.878731	Q20251012161921	20345	5	4.155649	1.000000	
1361	-78568.543607	3858629.514139	516.874983	Q20251012161921	20360	5	4.149372	1.000000	
1362	-78583.860285	3858631.139874	516.871235	Q20251012161921	20375	5	4.143096	1.000000	
1363	-78599.176963	3858632.765609	516.867487	Q20251012161921	20390	5	4.136820	1.000000	
1364	-78614.493641	3858634.391345	516.863739	Q20251012161921	20405	5	4.130544	1.000000	
1365	-78629.810319	3858636.017080	516.859991	Q20251012161921	20420	5	4.124268	1.000000	
1366	-78639.811637	3858637.078635	516.856992	Q20251012161921	20432	5	4.119247	1.000000	
1367	-78641.776415	3858621.801748	516.854743	Q20251012161921	20441	5	4.115481	1.000000	
1368	-78643.741194	3858606.524860	516.850995	Q20251012161921	20456	5	4.109205	1.000000	
1369	-78645.705972	3858591.247973	516.847247	Q20251012161921	20471	5	4.102929	1.000000	
1370	-78647.670751	3858575.971086	516.843499	Q20251012161921	20486	5	4.096653	1.000000	
1371	-78649.635529	3858560.694198	516.839751	Q20251012161921	20501	5	4.090377	1.000000	
1372	-78651.600308	3858545.417311	516.836003	Q20251012161921	20516	5	4.084100	1.000000	
1373	-78653.565086	3858530.140424	516.832254	Q20251012161921	20531	5	4.077824	1.000000	
1374	-78655.529865	3858514.863536	516.828506	Q20251012161921	20546	5	4.071548	1.000000	
1375	-78657.494643	3858499.586649	516.824758	Q20251012161921	20561	5	4.065272	1.000000	
1376	-78659.459422	3858484.309762	516.821010	Q20251012161921	20576	5	4.058996	1.000000	
1377	-78661.424200	3858469.032874	516.817262	Q20251012161921	20591	5	4.052720	1.000000	
1378	-78663.388979	3858453.755987	516.813514	Q20251012161921	20606	5	4.046444	1.000000	
1379	-78665.353757	3858438.479100	516.809766	Q20251012161921	20621	5	4.040167	1.000000	
1380	-78667.318536	3858423.202212	516.806018	Q20251012161921	20636	5	4.033891	1.000000	
1381	-78669.283314	3858407.925325	516.802269	Q20251012161921	20651	5	4.027615	1.000000	
1382	-78671.248092	3858392.648438	516.798521	Q20251012161921	20666	5	4.021339	1.000000	
1383	-78673.212871	3858377.371550	516.794773	Q20251012161921	20681	5	4.015063	1.000000	
1384	-78675.177649	3858362.094663	516.791025	Q20251012161921	20696	5	4.008787	1.000000	
1385	-78677.142428	3858346.817776	516.787277	Q20251012161921	20711	5	4.002510	1.000000	
1386	-78679.107206	3858331.540888	516.783529	Q20251012161921	20726	5	3.996234	1.000000	
1387	-78681.071985	3858316.264001	516.779781	Q20251012161921	20741	5	3.989958	1.000000	
1388	-78683.036763	3858300.987114	516.776033	Q20251012161921	20756	5	3.983682	1.000000	
1389	-78685.001542	3858285.710226	516.772284	Q20251012161921	20771	5	3.977406	1.000000	
1390	-78686.145005	3858276.819372	516.769286	Q20251012161921	20783	5	3.972385	1.000000	
1391	-78701.421585	3858278.786538	516.767287	Q20251012161921	20791	5	3.969038	1.000000	
1392	-78716.698165	3858280.753705	516.763539	Q20251012161921	20806	5	3.962762	1.000000	
1393	-78731.974745	3858282.720871	516.759791	Q20251012161921	20821	5	3.956485	1.000000	
1394	-78747.251325	3858284.688038	516.756043	Q20251012161921	20836	5	3.950209	1.000000	
1395	-78762.527905	3858286.655204	516.752294	Q20251012161921	20851	5	3.943933	1.000000	
1396	-78777.804485	3858288.622370	516.748546	Q20251012161921	20866	5	3.937657	1.000000	
1397	-78793.081065	3858290.589537	516.744798	Q20251012161921	20881	5	3.931381	1.000000	
1398	-78808.357645	3858292.556703	516.741050	Q20251012161921	20896	5	3.925105	1.000000	
1399	-78823.634225	3858294.523870	516.737302	Q20251012161921	20911	5	3.918828	1.000000	
1400	-78838.910805	3858296.491036	516.733554	Q20251012161921	20926	5	3.912552	1.000000	
1401	-78854.187385	3858298.458202	516.729806	Q20251012161921	20941	5	3.906276	1.000000	
1402	-78869.463965	3858300.425369	516.726058	Q20251012161921	20956	5	3.900000	1.000000	
1403	-78884.740545	3858302.392535	516.722309	Q20251012161921	20971	5	3.893724	1.000000	
1404	-78900.017125	3858304.359702	516.718561	Q20251012161921	20986	5	3.887448	1.000000	
1405	-78915.293705	3858306.326868	516.714813	Q20251012161921	21001	5	3.881172	1.000000	
1406	-78934.155197	3858308.755664	516.710565	Q20251012161921	21018	5	3.874059	1.000000	
1407	-78936.162055	3858293.484248	516.707567	Q20251012161921	21030	5	3.869038	1.000000	
1408	-78938.168914	3858278.212831	516.703819	Q20251012161921	21045	5	3.862762	1.000000	
1409	-78940.175772	3858262.941415	516.700071	Q20251012161921	21060	5	3.856485	1.000000	
1410	-78942.182630	3858247.669998	516.696322	Q20251012161921	21075	5	3.850209	1.000000	
1411	-78944.189488	3858232.398582	516.692574	Q20251012161921	21090	5	3.843933	1.000000	
1412	-78946.196346	3858217.127165	516.688826	Q20251012161921	21105	5	3.837657	1.000000	
1413	-78948.203204	3858201.855749	516.685078	Q20251012161921	21120	5	3.831381	1.000000	
1414	-78950.210062	3858186.584332	516.681330	Q20251012161921	21135	5	3.825105	1.000000	
1415	-78952.216921	3858171.312916	516.677582	Q20251012161921	21150	5	3.818828	1.000000	
1416	-78954.223779	3858156.041499	516.673834	Q20251012161921	21165	5	3.812552	1.000000	
1417	-78956.230637	3858140.770083	516.670086	Q20251012161921	21180	5	3.806276	1.000000	
1418	-78958.237495	3858125.498666	516.666337	Q20251012161921	21195	5	3.800000	1.000000	
1419	-78960.244353	3858110.227250	516.662589	Q20251012161921	21210	5	3.825997	1.000000	
1420	-78962.251211	3858094.955833	516.658841	Q20251012161921	21225	5	3.851993	1.000000	
1421	-78964.258069	3858079.684417	516.655093	Q20251012161921	21240	5	3.877990	1.000000	
1422	-78966.264928	3858064.413000	516.651345	Q20251012161921	21255	5	3.903986	1.000000	
1423	-78968.271786	3858049.141584	516.647597	Q20251012161921	21270	5	3.929983	1.000000	
1424	-78970.278644	3858033.870167	516.643849	Q20251012161921	21285	5	3.955979	1.000000	
1425	-78972.285502	3858018.598751	516.640101	Q20251012161921	21300	5	3.981976	1.000000	
1426	-78974.292360	3858003.327334	516.636352	Q20251012161921	21315	5	4.007972	1.000000	
1427	-78976.299218	3857988.055918	516.632604	Q20251012161921	21330	5	4.033969	1.000000	
1428	-78978.306076	3857972.784501	516.628856	Q20251012161921	21345	5	4.059965	1.000000	
1429	-78980.312934	3857957.513085	516.625108	Q20251012161921	21360	5	4.085962	1.000000	
1430	-78982.319793	3857942.241668	516.621360	Q20251012161921	21375	5	4.111958	1.000000	
1431	-78984.264568	3857927.442677	516.617612	Q20251012161921	21390	5	4.137955	1.000000	
1432	-78999.509304	3857929.643052	516.615113	Q20251012161921	21400	5	4.155286	1.000000	
1433	-79014.754041	3857931.843428	516.611365	Q20251012161921	21415	5	4.181282	1.000000	
1434	-79029.998777	3857934.043804	516.607617	Q20251012161921	21430	5	4.207279	1.000000	
1435	-79045.243513	3857936.244179	516.603869	Q20251012161921	21445	5	4.233276	1.000000	
1436	-79060.488250	3857938.444555	516.600121	Q20251012161921	21460	5	4.259272	1.000000	
1437	-79075.732986	3857940.644930	516.596372	Q20251012161921	21475	5	4.285269	1.000000	
1438	-79090.977722	3857942.845306	516.592624	Q20251012161921	21490	5	4.311265	1.000000	
1439	-79106.222459	3857945.045682	516.588876	Q20251012161921	21505	5	4.337262	1.000000	
1440	-79121.467195	3857947.246057	516.585128	Q20251012161921	21520	5	4.363258	1.000000	
1441	-79136.711931	3857949.446433	516.581380	Q20251012161921	21535	5	4.389255	1.000000	
1442	-79151.956668	3857951.646808	516.577632	Q20251012161921	21550	5	4.415251	1.000000	
1443	-79167.201404	3857953.847184	516.573884	Q20251012161921	21565	5	4.441248	1.000000	
1444	-79182.446140	3857956.047560	516.570136	Q20251012161921	21580	5	4.467244	1.000000	
1445	-79197.690877	3857958.247935	516.566387	Q20251012161921	21595	5	4.493241	1.000000	
1446	-79212.935613	3857960.448311	516.562639	Q20251012161921	21610	5	4.519237	1.000000	
1447	-79221.682553	3857961.710816	516.559641	Q20251012161921	21622	5	4.540035	1.000000	
1448	-79223.912179	3857946.470330	516.557642	Q20251012161921	21630	5	4.553899	1.000000	
1449	-79226.141805	3857931.229845	516.553894	Q20251012161921	21645	5	4.579896	1.000000	
1450	-79228.371431	3857915.989359	516.550146	Q20251012161921	21660	5	4.605893	1.000000	
1451	-79230.601058	3857900.748873	516.546397	Q20251012161921	21675	5	4.631889	1.000000	
1452	-79232.830684	3857885.508388	516.542649	Q20251012161921	21690	5	4.657886	1.000000	
1453	-79235.060310	3857870.267902	516.538901	Q20251012161921	21705	5	4.683882	1.000000	
1454	-79237.289936	3857855.027417	516.535153	Q20251012161921	21720	5	4.709879	1.000000	
1455	-79239.519563	3857839.786931	516.531405	Q20251012161921	21735	5	4.735875	1.000000	
1456	-79241.749189	3857824.546445	516.527657	Q20251012161921	21750	5	4.761872	1.000000	
1457	-79243.978815	3857809.305960	516.523909	Q20251012161921	21765	5	4.787868	1.000000	
1458	-79246.945116	3857789.029977	516.519661	Q20251012161921	21782	5	4.794283	1.000000	
1459	-79262.199927	3857791.159383	516.516664	Q20251012161921	21794	5	4.787422	1.000000	
1460	-79277.454739	3857793.288789	516.512916	Q20251012161921	21809	5	4.778846	1.000000	
1461	-79292.709550	3857795.418195	516.509169	Q20251012161921	21824	5	4.770269	1.000000	
1462	-79307.964362	3857797.547601	516.505422	Q20251012161921	21839	5	4.761693	1.000000	
1463	-79323.219173	3857799.677008	516.501675	Q20251012161921	21854	5	4.753117	1.000000	
1464	-79338.473984	3857801.806414	516.497928	Q20251012161921	21869	5	4.744541	1.000000	
1465	-79353.728796	3857803.935820	516.494180	Q20251012161921	21884	5	4.735965	1.000000	
1466	-79368.983607	3857806.065226	516.490433	Q20251012161921	21899	5	4.727389	1.000000	
1467	-79384.238419	3857808.194632	516.486686	Q20251012161921	21914	5	4.718813	1.000000	
1468	-79399.493230	3857810.324039	516.482939	Q20251012161921	21929	5	4.710236	1.000000	
1469	-79414.748042	3857812.453445	516.479192	Q20251012161921	21944	5	4.701660	1.000000	
1470	-79430.002853	3857814.582851	516.475445	Q20251012161921	21959	5	4.693084	1.000000	
1471	-79445.257665	3857816.712257	516.471697	Q20251012161921	21974	5	4.684508	1.000000	
1472	-79460.512476	3857818.841663	516.467950	Q20251012161921	21989	5	4.675932	1.000000	
1473	-79475.767287	3857820.971070	516.464203	Q20251012161921	22004	5	4.667356	1.000000	
1474	-79491.022099	3857823.100476	516.460456	Q20251012161921	22019	5	4.658780	1.000000	
1475	-79506.276910	3857825.229882	516.456709	Q20251012161921	22034	5	4.650203	1.000000	
1476	-79521.531722	3857827.359288	516.452961	Q20251012161921	22049	5	4.641627	1.000000	
1477	-79536.786533	3857829.488695	516.449214	Q20251012161921	22064	5	4.633051	1.000000	
1478	-79552.041345	3857831.618101	516.445467	Q20251012161921	22079	5	4.624475	1.000000	
1479	-79567.296156	3857833.747507	516.441720	Q20251012161921	22094	5	4.615899	1.000000	
1480	-79582.550968	3857835.876913	516.437973	Q20251012161921	22109	5	4.607323	1.000000	
1481	-79597.805779	3857838.006319	516.434225	Q20251012161921	22124	5	4.598747	1.000000	
1482	-79613.060590	3857840.135726	516.430478	Q20251012161921	22139	5	4.590170	1.000000	
1483	-79628.315402	3857842.265132	516.426731	Q20251012161921	22154	5	4.581594	1.000000	
1484	-79643.570213	3857844.394538	516.422984	Q20251012161921	22169	5	4.573018	1.000000	
1485	-79658.825025	3857846.523944	516.419237	Q20251012161921	22184	5	4.564442	1.000000	
1486	-79674.079836	3857848.653350	516.415490	Q20251012161921	22199	5	4.555866	1.000000	
1487	-79689.334648	3857850.782757	516.411742	Q20251012161921	22214	5	4.547290	1.000000	
1488	-79704.589459	3857852.912163	516.407995	Q20251012161921	22229	5	4.538714	1.000000	
1489	-79719.844271	3857855.041569	516.404248	Q20251012161921	22244	5	4.530137	1.000000	
1490	-79735.099082	3857857.170975	516.400501	Q20251012161921	22259	5	4.521561	1.000000	
1491	-79750.353894	3857859.300382	516.396754	Q20251012161921	22274	5	4.512985	1.000000	
1492	-79765.608705	3857861.429788	516.393006	Q20251012161921	22289	5	4.504409	1.000000	
1493	-79780.863516	3857863.559194	516.389259	Q20251012161921	22304	5	4.495833	1.000000	
1494	-79796.118328	3857865.688600	516.385512	Q20251012161921	22319	5	4.487257	1.000000	
1495	-79811.373139	3857867.818006	516.381765	Q20251012161921	22334	5	4.478681	1.000000	
1496	-79826.627951	3857869.947413	516.378018	Q20251012161921	22349	5	4.470104	1.000000	
1497	-79841.882762	3857872.076819	516.374270	Q20251012161921	22364	5	4.461528	1.000000	
1498	-79857.137574	3857874.206225	516.370523	Q20251012161921	22379	5	4.452952	1.000000	
1499	-79872.392385	3857876.335631	516.366776	Q20251012161921	22394	5	4.444376	1.000000	
1500	-79887.647197	3857878.465037	516.363029	Q20251012161921	22409	5	4.435800	1.000000	
1501	-79902.902008	3857880.594444	516.359282	Q20251012161921	22424	5	4.427224	1.000000	
1502	-79918.156819	3857882.723850	516.355534	Q20251012161921	22439	5	4.418648	1.000000	
1503	-79933.411631	3857884.853256	516.351787	Q20251012161921	22454	5	4.410071	1.000000	
1504	-79948.666442	3857886.982662	516.348040	Q20251012161921	22469	5	4.401495	1.000000	
1505	-79963.921254	3857889.112068	516.344293	Q20251012161921	22484	5	4.392919	1.000000	
1506	-79979.176065	3857891.241475	516.340546	Q20251012161921	22499	5	4.384343	1.000000	
1507	-79994.430877	3857893.370881	516.336799	Q20251012161921	22514	5	4.375767	1.000000	
1508	-80011.214840	3857895.713740	516.332802	Q20251012161921	22530	5	4.366619	1.000000	
1509	-80023.861700	3857886.921666	516.329054	Q20251012161921	22545	5	4.358043	1.000000	
1510	-80036.508560	3857878.129592	516.325307	Q20251012161921	22560	5	4.349467	1.000000	
1511	-80049.155420	3857869.337518	516.321560	Q20251012161921	22575	5	4.340891	1.000000	
1512	-80061.802281	3857860.545444	516.317813	Q20251012161921	22590	5	4.332314	1.000000	
1513	-80074.449141	3857851.753369	516.314066	Q20251012161921	22605	5	4.323738	1.000000	
1514	-80087.096001	3857842.961295	516.310318	Q20251012161921	22620	5	4.315162	1.000000	
1515	-80099.742861	3857834.169221	516.306571	Q20251012161921	22635	5	4.306586	1.000000	
1516	-80112.389721	3857825.377147	516.302824	Q20251012161921	22650	5	4.298010	1.000000	
1517	-80125.036581	3857816.585073	516.299077	Q20251012161921	22665	5	4.289434	1.000000	
1518	-80137.683441	3857807.792999	516.295330	Q20251012161921	22680	5	4.280858	1.000000	
1519	-80150.330301	3857799.000924	516.291582	Q20251012161921	22695	5	4.272281	1.000000	
1520	-80162.977161	3857790.208850	516.287835	Q20251012161921	22710	5	4.263705	1.000000	
1521	-80175.624021	3857781.416776	516.284088	Q20251012161921	22725	5	4.255129	1.000000	
1522	-80185.201792	3857774.758327	516.280840	Q20251012161921	22738	5	4.247697	1.000000	
1523	-80195.715348	3857763.501828	516.277593	Q20251012161921	22751	5	4.240264	1.000000	
1524	-80206.228904	3857752.245329	516.273846	Q20251012161921	22766	5	4.231688	1.000000	
1525	-80216.742460	3857740.988829	516.270099	Q20251012161921	22781	5	4.223112	1.000000	
1526	-80227.256016	3857729.732330	516.266351	Q20251012161921	22796	5	4.214535	1.000000	
1527	-80237.769572	3857718.475831	516.262604	Q20251012161921	22811	5	4.205959	1.000000	
1528	-80248.283128	3857707.219332	516.258857	Q20251012161921	22826	5	4.197383	1.000000	
1529	-80258.796684	3857695.962832	516.255110	Q20251012161921	22841	5	4.188807	1.000000	
1530	-80269.310241	3857684.706333	516.251363	Q20251012161921	22856	5	4.180231	1.000000	
1531	-80279.823797	3857673.449834	516.247615	Q20251012161921	22871	5	4.171655	1.000000	
1532	-80290.337353	3857662.193334	516.243868	Q20251012161921	22886	5	4.163079	1.000000	
1533	-80300.850909	3857650.936835	516.240121	Q20251012161921	22901	5	4.154502	1.000000	
1534	-80311.364465	3857639.680336	516.236374	Q20251012161921	22916	5	4.145926	1.000000	
1535	-80321.878021	3857628.423836	516.232627	Q20251012161921	22931	5	4.137350	1.000000	
1536	-80332.391577	3857617.167337	516.228879	Q20251012161921	22946	5	4.128774	1.000000	
1537	-80344.342416	3857604.371989	516.224882	Q20251012161921	22962	6	4.119626	1.000000	
1538	-80355.841151	3857594.123929	516.220885	Q20251012161921	22978	6	4.110478	1.000000	
1539	-80367.339886	3857583.875870	516.217138	Q20251012161921	22993	6	4.101902	1.000000	
1540	-80378.838621	3857573.627810	516.213391	Q20251012161921	23008	6	4.093326	1.000000	
1541	-80390.337357	3857563.379750	516.209644	Q20251012161921	23023	6	4.084750	1.000000	
1542	-80401.836092	3857553.131690	516.205897	Q20251012161921	23038	6	4.076174	1.000000	
1543	-80413.334827	3857542.883630	516.202150	Q20251012161921	23053	6	4.067598	1.000000	
1544	-80424.833562	3857532.635570	516.198402	Q20251012161921	23068	6	4.059021	1.000000	
1545	-80436.332297	3857522.387510	516.194655	Q20251012161921	23083	6	4.050445	1.000000	
1546	-80447.831032	3857512.139450	516.190908	Q20251012161921	23098	6	4.041869	1.000000	
1547	-80459.329768	3857501.891390	516.187161	Q20251012161921	23113	6	4.033293	1.000000	
1548	-80470.828503	3857491.643330	516.183414	Q20251012161921	23128	6	4.024717	1.000000	
1549	-80482.327238	3857481.395270	516.179666	Q20251012161921	23143	6	4.016141	1.000000	
1550	-80493.825973	3857471.147210	516.175919	Q20251012161921	23158	6	4.007565	1.000000	
1551	-80505.324708	3857460.899150	516.172172	Q20251012161921	23173	6	3.998988	1.000000	
1552	-80516.823443	3857450.651090	516.168425	Q20251012161921	23188	6	3.990412	1.000000	
1553	-80528.322179	3857440.403031	516.164678	Q20251012161921	23203	6	3.981836	1.000000	
1554	-80539.820914	3857430.154971	516.160930	Q20251012161921	23218	6	3.973260	1.000000	
1555	-80551.319649	3857419.906911	516.157183	Q20251012161921	23233	6	3.964684	1.000000	
1556	-80562.818384	3857409.658851	516.153436	Q20251012161921	23248	6	3.956108	1.000000	
1557	-80574.317119	3857399.410791	516.149689	Q20251012161921	23263	6	3.947532	1.000000	
1558	-80585.815854	3857389.162731	516.145942	Q20251012161921	23278	6	3.938955	1.000000	
1559	-80597.314590	3857378.914671	516.142194	Q20251012161921	23293	6	3.930379	1.000000	
1560	-80608.813325	3857368.666611	516.138447	Q20251012161921	23308	6	3.921803	1.000000	
1561	-80620.312060	3857358.418551	516.134700	Q20251012161921	23323	6	3.913227	1.000000	
1562	-80631.810795	3857348.170491	516.130953	Q20251012161921	23338	6	3.904651	1.000000	
1563	-80643.309530	3857337.922431	516.127206	Q20251012161921	23353	6	3.896075	1.000000	
1564	-80654.808265	3857327.674371	516.123459	Q20251012161921	23368	6	3.887499	1.000000	
1565	-80666.307001	3857317.426311	516.119711	Q20251012161921	23383	6	3.878922	1.000000	
1566	-80677.805736	3857307.178252	516.115964	Q20251012161921	23398	6	3.870346	1.000000	
1567	-80689.304471	3857296.930192	516.112217	Q20251012161921	23413	6	3.861770	1.000000	
1568	-80700.803206	3857286.682132	516.108470	Q20251012161921	23428	6	3.853194	1.000000	
1569	-80712.301941	3857276.434072	516.104723	Q20251012161921	23443	6	3.844618	1.000000	
1570	-80723.800676	3857266.186012	516.100975	Q20251012161921	23458	6	3.836042	1.000000	
1571	-80735.299412	3857255.937952	516.097228	Q20251012161921	23473	6	3.827466	1.000000	
1572	-80744.877239	3857247.401870	516.093731	Q20251012161921	23487	6	3.819461	1.000000	
1573	-80760.141024	3857245.337798	516.090483	Q20251012161953	23500	6	3.812029	1.000000	
1574	-80775.404809	3857243.273725	516.086736	Q20251012161953	23515	6	3.803452	1.000000	
1575	-80790.668594	3857241.209653	516.082989	Q20251012161953	23530	6	3.794876	1.000000	
1576	-80805.932379	3857239.145581	516.079242	Q20251012161953	23545	6	3.786300	1.000000	
1577	-80821.196163	3857237.081509	516.075494	Q20251012161953	23560	6	3.777724	1.000000	
1578	-80836.459948	3857235.017437	516.071747	Q20251012161953	23575	6	3.769148	1.000000	
1579	-80851.723733	3857232.953365	516.068000	Q20251012161953	23590	6	3.760572	1.000000	
1580	-80866.987518	3857230.889293	516.064253	Q20251012161953	23605	6	3.760000	1.000000	
1581	-80882.251303	3857228.825221	516.060506	Q20251012161953	23620	6	3.760000	1.000000	
1582	-80897.515088	3857226.761149	516.056759	Q20251012161953	23635	6	3.760000	1.000000	
1583	-80912.778873	3857224.697076	516.053011	Q20251012161953	23650	6	3.760000	1.000000	
1584	-80928.042658	3857222.633004	516.049264	Q20251012161953	23665	6	3.760000	1.000000	
1585	-80943.306443	3857220.568932	516.045517	Q20251012161953	23680	6	3.760000	1.000000	
1586	-80958.570228	3857218.504860	516.041770	Q20251012161953	23695	6	3.760000	1.000000	
1587	-80973.834012	3857216.440788	516.038023	Q20251012161953	23710	6	3.760000	1.000000	
1588	-80989.097797	3857214.376716	516.034275	Q20251012161953	23725	6	3.760000	1.000000	
1589	-81004.361582	3857212.312644	516.030528	Q20251012161953	23740	6	3.760000	1.000000	
1590	-81019.625367	3857210.248572	516.026781	Q20251012161953	23755	6	3.760000	1.000000	
1591	-81034.889152	3857208.184500	516.023034	Q20251012161953	23770	6	3.760000	1.000000	
1592	-81050.152937	3857206.120428	516.019287	Q20251012161953	23785	6	3.760000	1.000000	
1593	-81065.416722	3857204.056355	516.015539	Q20251012161953	23800	6	3.760000	1.000000	
1594	-81080.680507	3857201.992283	516.011792	Q20251012161953	23815	6	3.760000	1.000000	
1595	-81095.944292	3857199.928211	516.008045	Q20251012161953	23830	6	3.760000	1.000000	
1596	-81111.208076	3857197.864139	516.004298	Q20251012161953	23845	6	3.760000	1.000000	
1597	-81126.471861	3857195.800067	516.000551	Q20251012161953	23860	6	3.713623	1.000000	
1598	-81141.735646	3857193.735995	515.996805	Q20251012161953	23875	6	3.539710	1.000000	
1599	-81156.999431	3857191.671923	515.993058	Q20251012161953	23890	6	3.365797	1.000000	
1600	-81172.263216	3857189.607851	515.989312	Q20251012161953	23905	6	3.191884	1.000000	
1601	-81187.527001	3857187.543779	515.985566	Q20251012161953	23920	6	3.017971	1.000000	
1602	-81202.790786	3857185.479707	515.981820	Q20251012161953	23935	6	2.960000	1.000000	
1603	-81218.054571	3857183.415634	515.978075	Q20251012161953	23950	6	2.960000	1.000000	
1604	-81233.318356	3857181.351562	515.974330	Q20251012161953	23965	6	2.960000	1.000000	
1605	-81248.582141	3857179.287490	515.970584	Q20251012161953	23980	6	2.960000	1.000000	
1606	-81263.845925	3857177.223418	515.966839	Q20251012161953	23995	6	2.960000	1.000000	
1607	-81279.109710	3857175.159346	515.963094	Q20251012161953	24010	6	2.960000	1.000000	
1608	-81294.373495	3857173.095274	515.959348	Q20251012161953	24025	6	2.960000	1.000000	
1609	-81309.637280	3857171.031202	515.955603	Q20251012161953	24040	6	2.960000	1.000000	
1610	-81324.901065	3857168.967130	515.951858	Q20251012161953	24055	6	2.960000	1.000000	
1611	-81340.164850	3857166.903058	515.948112	Q20251012161953	24070	6	2.960000	1.000000	
1612	-81355.428635	3857164.838986	515.944367	Q20251012161953	24085	6	2.960000	1.000000	
1613	-81370.692420	3857162.774913	515.940622	Q20251012161953	24100	6	2.960000	1.000000	
1614	-81385.956205	3857160.710841	515.936876	Q20251012161953	24115	6	2.960000	1.000000	
1615	-81401.219990	3857158.646769	515.933131	Q20251012161953	24130	6	2.960000	1.000000	
1616	-81416.483774	3857156.582697	515.929387	Q20251012161953	24145	6	2.960000	1.000000	
1617	-81431.747559	3857154.518625	515.925642	Q20251012161953	24160	6	2.960000	1.000000	
1618	-81447.011344	3857152.454553	515.921898	Q20251012161953	24175	6	2.960000	1.000000	
1619	-81462.275129	3857150.390481	515.918153	Q20251012161953	24190	6	2.960000	1.000000	
1620	-81477.538914	3857148.326409	515.914409	Q20251012161953	24205	6	2.960000	1.000000	
1621	-81492.802699	3857146.262337	515.910665	Q20251012161953	24220	6	2.960000	1.000000	
1622	-81508.066484	3857144.198265	515.906920	Q20251012161953	24235	6	2.960000	1.000000	
1623	-81517.874043	3857142.872020	515.903925	Q20251012161953	24247	6	2.960000	1.000000	
1624	-81532.432716	3857137.843233	515.900929	Q20251012161953	24259	6	2.960000	1.000000	
1625	-81546.991389	3857132.814447	515.897185	Q20251012161953	24274	6	2.960000	1.000000	
1626	-81561.550061	3857127.785660	515.893441	Q20251012161953	24289	6	2.960000	1.000000	
1627	-81576.108734	3857122.756873	515.889696	Q20251012161953	24304	6	2.960000	1.000000	
1628	-81590.667406	3857117.728086	515.885952	Q20251012161953	24319	6	2.960000	1.000000	
1629	-81605.226079	3857112.699300	515.882207	Q20251012161953	24334	6	2.960000	1.000000	
1630	-81619.784751	3857107.670513	515.878463	Q20251012161953	24349	6	2.960000	1.000000	
1631	-81634.343424	3857102.641726	515.874719	Q20251012161953	24364	6	2.960000	1.000000	
1632	-81648.902096	3857097.612940	515.870974	Q20251012161953	24379	6	2.960000	1.000000	
1633	-81663.460769	3857092.584153	515.867230	Q20251012161953	24394	6	2.960000	1.000000	
1634	-81678.019441	3857087.555366	515.863486	Q20251012161953	24409	6	2.960000	1.000000	
1635	-81692.578114	3857082.526579	515.859743	Q20251012161953	24424	6	2.960000	1.000000	
1636	-81707.136787	3857077.497793	515.855999	Q20251012161953	24439	6	2.960000	1.000000	
1637	-81721.695459	3857072.469006	515.852256	Q20251012161953	24454	6	2.960000	1.000000	
1638	-81736.254132	3857067.440219	515.848513	Q20251012161953	24469	6	2.960000	1.000000	
1639	-81750.812804	3857062.411432	515.844769	Q20251012161953	24484	6	2.960000	1.000000	
1640	-81765.371477	3857057.382646	515.841026	Q20251012161953	24499	6	2.960000	1.000000	
1641	-81779.930149	3857052.353859	515.837282	Q20251012161953	24514	6	2.960000	1.000000	
1642	-81794.488822	3857047.325072	515.833539	Q20251012161953	24529	6	2.960000	1.000000	
1643	-81809.047494	3857042.296286	515.829795	Q20251012161953	24544	6	2.960000	1.000000	
1644	-81823.606167	3857037.267499	515.826052	Q20251012161953	24559	6	2.960000	1.000000	
1645	-81838.164839	3857032.238712	515.822308	Q20251012161953	24574	6	2.960000	1.000000	
1646	-81852.723512	3857027.209925	515.818565	Q20251012161953	24589	6	2.960000	1.000000	
1647	-81867.282185	3857022.181139	515.814822	Q20251012161953	24604	6	2.960000	1.000000	
1648	-81881.840857	3857017.152352	515.811078	Q20251012161953	24619	6	2.960000	1.000000	
1649	-81896.399530	3857012.123565	515.807335	Q20251012161953	24634	6	2.960000	1.000000	
1650	-81910.958202	3857007.094778	515.803591	Q20251012161953	24649	6	2.960000	1.000000	
1651	-81925.516875	3857002.065992	515.799848	Q20251012161953	24664	6	2.960000	1.000000	
1652	-81940.075547	3856997.037205	515.796104	Q20251012161953	24679	6	2.960000	1.000000	
1653	-81954.634220	3856992.008418	515.792362	Q20251012161953	24694	6	2.960000	1.000000	
1654	-81969.192892	3856986.979631	515.788619	Q20251012161953	24709	6	2.960000	1.000000	
1655	-81983.751565	3856981.950845	515.784877	Q20251012161953	24724	6	2.960000	1.000000	
1656	-81998.310237	3856976.922058	515.781134	Q20251012161953	24739	6	2.960000	1.000000	
1657	-82012.868910	3856971.893271	515.777392	Q20251012161953	24754	6	2.960000	1.000000	
1658	-82027.427583	3856966.864485	515.773649	Q20251012161953	24769	6	2.960000	1.000000	
1659	-82041.986255	3856961.835698	515.769907	Q20251012161953	24784	6	2.960000	1.000000	
1660	-82056.544928	3856956.806911	515.766164	Q20251012161953	24799	6	2.960000	1.000000	
1661	-82071.103600	3856951.778124	515.762422	Q20251012161953	24814	6	2.960000	1.000000	
1662	-82085.662273	3856946.749338	515.758679	Q20251012161953	24829	6	2.960000	1.000000	
1663	-82100.220945	3856941.720551	515.754937	Q20251012161953	24844	6	2.960000	1.000000	
1664	-82114.779618	3856936.691764	515.751194	Q20251012161953	24859	6	2.960000	1.000000	
1665	-82129.338290	3856931.662977	515.747452	Q20251012161953	24874	6	2.960000	1.000000	
1666	-82143.896963	3856926.634191	515.743709	Q20251012161953	24889	6	2.960000	1.000000	
1667	-82158.455635	3856921.605404	515.739967	Q20251012161953	24904	6	2.960000	1.000000	
1668	-82173.014308	3856916.576617	515.736224	Q20251012161953	24919	6	2.960000	1.000000	
1669	-82187.572981	3856911.547831	515.732482	Q20251012161953	24934	6	2.960000	1.000000	
1670	-82202.131653	3856906.519044	515.728739	Q20251012161953	24949	6	2.960000	1.000000	
1671	-82216.690326	3856901.490257	515.724997	Q20251012161953	24964	6	2.960000	1.000000	
1672	-82231.248998	3856896.461470	515.721254	Q20251012161953	24979	6	2.960000	1.000000	
1673	-82245.807671	3856891.432684	515.717512	Q20251012161953	24994	6	2.960000	1.000000	
1674	-82260.366343	3856886.403897	515.713769	Q20251012161953	25009	6	2.960000	1.000000	
1675	-82274.925016	3856881.375110	515.710027	Q20251012161953	25024	6	2.960000	1.000000	
1676	-82289.483688	3856876.346323	515.706284	Q20251012161953	25039	6	2.960000	1.000000	
1677	-82304.042361	3856871.317537	515.702542	Q20251012161953	25054	6	2.960000	1.000000	
1678	-82318.601033	3856866.288750	515.698799	Q20251012161953	25069	6	2.960000	1.000000	
1679	-82333.159706	3856861.259963	515.695057	Q20251012161953	25084	6	2.960000	1.000000	
1680	-82347.718379	3856856.231177	515.691314	Q20251012161953	25099	6	2.960000	1.000000	
1681	-82362.277051	3856851.202390	515.687572	Q20251012161953	25114	6	2.960000	1.000000	
1682	-82376.835724	3856846.173603	515.683829	Q20251012161953	25129	6	2.960000	1.000000	
1683	-82391.394396	3856841.144816	515.680087	Q20251012161953	25144	6	2.960000	1.000000	
1684	-82405.953069	3856836.116030	515.676344	Q20251012161953	25159	6	2.960000	1.000000	
1685	-82420.511741	3856831.087243	515.672602	Q20251012161953	25174	6	2.960000	1.000000	
1686	-82435.070414	3856826.058456	515.668860	Q20251012161953	25189	6	2.954342	1.000000	
1687	-82449.629086	3856821.029669	515.665118	Q20251012161953	25204	6	2.946626	1.000000	
1688	-82464.187759	3856816.000883	515.661377	Q20251012161953	25219	6	2.938909	1.000000	
1689	-82478.746431	3856810.972096	515.657635	Q20251012161953	25234	6	2.931193	1.000000	
1690	-82493.305104	3856805.943309	515.653893	Q20251012161953	25249	6	2.923477	1.000000	
1691	-82507.863777	3856800.914522	515.650152	Q20251012161953	25264	6	2.915761	1.000000	
1692	-82522.422449	3856795.885736	515.646410	Q20251012161953	25279	6	2.908045	1.000000	
1693	-82536.981122	3856790.856949	515.642669	Q20251012161953	25294	6	2.900329	1.000000	
1694	-82551.539794	3856785.828162	515.638927	Q20251012161953	25309	6	2.892613	1.000000	
1695	-82566.098467	3856780.799376	515.635185	Q20251012161953	25324	6	2.884897	1.000000	
1696	-82580.657139	3856775.770589	515.631444	Q20251012161953	25339	6	2.877181	1.000000	
1697	-82595.215812	3856770.741802	515.627702	Q20251012161953	25354	6	2.869465	1.000000	
1698	-82609.774484	3856765.713015	515.623961	Q20251012161953	25369	6	2.861749	1.000000	
1699	-82624.333157	3856760.684229	515.620219	Q20251012161953	25384	6	2.854033	1.000000	
1700	-82638.891829	3856755.655442	515.616478	Q20251012161953	25399	6	2.846317	1.000000	
1701	-82653.450502	3856750.626655	515.612736	Q20251012161953	25414	6	2.838601	1.000000	
1702	-82668.009175	3856745.597868	515.608994	Q20251012161953	25429	6	2.830885	1.000000	
1703	-82682.567847	3856740.569082	515.605253	Q20251012161953	25444	6	2.823169	1.000000	
1704	-82697.126520	3856735.540295	515.601511	Q20251012161953	25459	6	2.815453	1.000000	
1705	-82711.685192	3856730.511508	515.597770	Q20251012161953	25474	6	2.807737	1.000000	
1706	-82726.243865	3856725.482722	515.594028	Q20251012161953	25489	6	2.800021	1.000000	
1707	-82740.802537	3856720.453935	515.590286	Q20251012161953	25504	6	2.792305	1.000000	
1708	-82755.361210	3856715.425148	515.586545	Q20251012161953	25519	6	2.784588	1.000000	
1709	-82769.919882	3856710.396361	515.582803	Q20251012161953	25534	6	2.776872	1.000000	
1710	-82783.882550	3856705.573444	515.579062	Q20251012161953	25549	6	2.769156	1.000000	
1711	-82799.163427	3856703.639936	515.575320	Q20251012161953	25564	6	2.761440	1.000000	
1712	-82814.444303	3856701.706428	515.571579	Q20251012161953	25579	6	2.753724	1.000000	
1713	-82829.725180	3856699.772919	515.567837	Q20251012161953	25594	6	2.746008	1.000000	
1714	-82845.006057	3856697.839411	515.564095	Q20251012161953	25609	6	2.738292	1.000000	
1715	-82860.286933	3856695.905903	515.560354	Q20251012161953	25624	6	2.730576	1.000000	
1716	-82875.567810	3856693.972395	515.556612	Q20251012161953	25639	6	2.722860	1.000000	
1717	-82890.848686	3856692.038887	515.552871	Q20251012161953	25654	6	2.715144	1.000000	
1718	-82906.129563	3856690.105379	515.549129	Q20251012161953	25669	6	2.707428	1.000000	
1719	-82921.410440	3856688.171871	515.545387	Q20251012161953	25684	6	2.699712	1.000000	
1720	-82936.691316	3856686.238363	515.541646	Q20251012161953	25699	6	2.691996	1.000000	
1721	-82951.972193	3856684.304855	515.537904	Q20251012161953	25714	6	2.684280	1.000000	
1722	-82967.253069	3856682.371347	515.534163	Q20251012161953	25729	6	2.676564	1.000000	
1723	-82982.533946	3856680.437839	515.530421	Q20251012161953	25744	6	2.668848	1.000000	
1724	-82997.814822	3856678.504331	515.526680	Q20251012161953	25759	6	2.661132	1.000000	
1725	-83013.095699	3856676.570823	515.522938	Q20251012161953	25774	6	2.653416	1.000000	
1726	-83028.376576	3856674.637314	515.519196	Q20251012161953	25789	6	2.645700	1.000000	
1727	-83043.657452	3856672.703806	515.515455	Q20251012161953	25804	6	2.637984	1.000000	
1728	-83058.938329	3856670.770298	515.511713	Q20251012161953	25819	6	2.630267	1.000000	
1729	-83074.219205	3856668.836790	515.507972	Q20251012161953	25834	6	2.622551	1.000000	
1730	-83089.500082	3856666.903282	515.504230	Q20251012161953	25849	6	2.614835	1.000000	
1731	-83104.780959	3856664.969774	515.500488	Q20251012161953	25864	6	2.607119	1.000000	
1732	-83120.061835	3856663.036266	515.496747	Q20251012161953	25879	6	2.599403	1.000000	
1733	-83135.342712	3856661.102758	515.493005	Q20251012161953	25894	6	2.591687	1.000000	
1734	-83150.623588	3856659.169250	515.489264	Q20251012161953	25909	6	2.583971	1.000000	
1735	-83165.904465	3856657.235742	515.485522	Q20251012161953	25924	6	2.576255	1.000000	
1736	-83181.185341	3856655.302234	515.481781	Q20251012161953	25939	6	2.568539	1.000000	
1737	-83196.466218	3856653.368726	515.478039	Q20251012161953	25954	6	2.560823	1.000000	
1738	-83211.747095	3856651.435218	515.474297	Q20251012161953	25969	6	2.553107	1.000000	
1739	-83227.027971	3856649.501710	515.470556	Q20251012161953	25984	6	2.545391	1.000000	
1740	-83242.308848	3856647.568201	515.466814	Q20251012161953	25999	6	2.537675	1.000000	
1741	-83257.589724	3856645.634693	515.463073	Q20251012161953	26014	6	2.529959	1.000000	
1742	-83272.870601	3856643.701185	515.459331	Q20251012161953	26029	6	2.522243	1.000000	
1743	-83288.151478	3856641.767677	515.455590	Q20251012161953	26044	6	2.514527	1.000000	
1744	-83303.432354	3856639.834169	515.451848	Q20251012161953	26059	6	2.506811	1.000000	
1745	-83318.713231	3856637.900661	515.448106	Q20251012161953	26074	6	2.499095	1.000000	
1746	-83333.994107	3856635.967153	515.444365	Q20251012161953	26089	6	2.491379	1.000000	
1747	-83349.274984	3856634.033645	515.440623	Q20251012161953	26104	6	2.483663	1.000000	
1748	-83364.555861	3856632.100137	515.436882	Q20251012161953	26119	6	2.475947	1.000000	
1749	-83379.836737	3856630.166629	515.433140	Q20251012161953	26134	6	2.468230	1.000000	
1750	-83395.117614	3856628.233121	515.429398	Q20251012161953	26149	6	2.460514	1.000000	
1751	-83410.398490	3856626.299613	515.425658	Q20251012161953	26164	6	2.460000	1.000000	
1752	-83425.679367	3856624.366105	515.421917	Q20251012161953	26179	6	2.460000	1.000000	
1753	-83440.960243	3856622.432597	515.418176	Q20251012161953	26194	6	2.460000	1.000000	
1754	-83456.241120	3856620.499088	515.414436	Q20251012161953	26209	6	2.460000	1.000000	
1755	-83471.521997	3856618.565580	515.410695	Q20251012161953	26224	6	2.460000	1.000000	
1756	-83486.802873	3856616.632072	515.406954	Q20251012161953	26239	6	2.460000	1.000000	
1757	-83502.083750	3856614.698564	515.403214	Q20251012161953	26254	6	2.460000	1.000000	
1758	-83517.364626	3856612.765056	515.399473	Q20251012161953	26269	6	2.460000	1.000000	
1759	-83532.645503	3856610.831548	515.395733	Q20251012161953	26284	6	2.460000	1.000000	
1760	-83547.926380	3856608.898040	515.391992	Q20251012161953	26299	6	2.460000	1.000000	
1761	-83563.207256	3856606.964532	515.388251	Q20251012161953	26314	6	2.460000	1.000000	
1762	-83578.488133	3856605.031024	515.384511	Q20251012161953	26329	6	2.460000	1.000000	
1763	-83593.769009	3856603.097516	515.380770	Q20251012161953	26344	6	2.460000	1.000000	
1764	-83609.049886	3856601.164008	515.377029	Q20251012161953	26359	6	2.460000	1.000000	
1765	-83624.330762	3856599.230500	515.373289	Q20251012161953	26374	6	2.460000	1.000000	
1766	-83639.611639	3856597.296992	515.369548	Q20251012161953	26389	6	2.460000	1.000000	
1767	-83654.892516	3856595.363484	515.365807	Q20251012161953	26404	6	2.460000	1.000000	
1768	-83670.173392	3856593.429975	515.362067	Q20251012161953	26419	6	2.467458	1.000000	
1769	-83685.454269	3856591.496467	515.358328	Q20251012161953	26434	6	2.477627	1.000000	
1770	-83700.735145	3856589.562959	515.354588	Q20251012161953	26449	6	2.487797	1.000000	
1771	-83716.016022	3856587.629451	515.350848	Q20251012161953	26464	6	2.497966	1.000000	
1772	-83731.296899	3856585.695943	515.347108	Q20251012161953	26479	6	2.508136	1.000000	
1773	-83746.577775	3856583.762435	515.343369	Q20251012161953	26494	6	2.518305	1.000000	
1774	-83761.858652	3856581.828927	515.339629	Q20251012161953	26509	6	2.528475	1.000000	
1775	-83777.139528	3856579.895419	515.335889	Q20251012161953	26524	6	2.538644	1.000000	
1776	-83792.420405	3856577.961911	515.332150	Q20251012161953	26539	6	2.548814	1.000000	
1777	-83807.701281	3856576.028403	515.328410	Q20251012161953	26554	6	2.558983	1.000000	
1778	-83822.982158	3856574.094895	515.324670	Q20251012161953	26569	6	2.569153	1.000000	
1779	-83838.263035	3856572.161387	515.320930	Q20251012161953	26584	6	2.579322	1.000000	
1780	-83853.543911	3856570.227879	515.317191	Q20251012161953	26599	6	2.589492	1.000000	
1781	-83868.824788	3856568.294371	515.313451	Q20251012161953	26614	6	2.599661	1.000000	
1782	-83884.105664	3856566.360862	515.309711	Q20251012161953	26629	6	2.609831	1.000000	
1783	-83899.386541	3856564.427354	515.305972	Q20251012161953	26644	6	2.620000	1.000000	
1784	-83914.667418	3856562.493846	515.302232	Q20251012161953	26659	6	2.630169	1.000000	
1785	-83929.948294	3856560.560338	515.298492	Q20251012161953	26674	6	2.640339	1.000000	
1786	-83945.229171	3856558.626830	515.294752	Q20251012161953	26689	6	2.650508	1.000000	
1787	-83960.510047	3856556.693322	515.291013	Q20251012161953	26704	6	2.660678	1.000000	
1788	-83975.790924	3856554.759814	515.287273	Q20251012161953	26719	6	2.670847	1.000000	
1789	-83991.071800	3856552.826306	515.283533	Q20251012161953	26734	6	2.681017	1.000000	
1790	-84006.352677	3856550.892798	515.279794	Q20251012161953	26749	6	2.691186	1.000000	
1791	-84021.633554	3856548.959290	515.276054	Q20251012161953	26764	6	2.701356	1.000000	
1792	-84036.914430	3856547.025782	515.272314	Q20251012161953	26779	6	2.711525	1.000000	
1793	-84052.195307	3856545.092274	515.268574	Q20251012161953	26794	6	2.721695	1.000000	
1794	-84067.476183	3856543.158766	515.264835	Q20251012161953	26809	6	2.731864	1.000000	
1795	-84082.757060	3856541.225258	515.261095	Q20251012161953	26824	6	2.742034	1.000000	
1796	-84098.037937	3856539.291749	515.257355	Q20251012161953	26839	6	2.752203	1.000000	
1797	-84113.318813	3856537.358241	515.253616	Q20251012161953	26854	6	2.762373	1.000000	
1798	-84128.599690	3856535.424733	515.249876	Q20251012161953	26869	6	2.772542	1.000000	
1799	-84143.880566	3856533.491225	515.246136	Q20251012161953	26884	6	2.782712	1.000000	
1800	-84159.161443	3856531.557717	515.242396	Q20251012161953	26899	6	2.792881	1.000000	
1801	-84174.442319	3856529.624209	515.238657	Q20251012161953	26914	6	2.803051	1.000000	
1802	-84189.723196	3856527.690701	515.234917	Q20251012161953	26929	6	2.813220	1.000000	
1803	-84205.004073	3856525.757193	515.231177	Q20251012161953	26944	6	2.823390	1.000000	
1804	-84220.284949	3856523.823685	515.227438	Q20251012161953	26959	6	2.833559	1.000000	
1805	-84235.565826	3856521.890177	515.223698	Q20251012161953	26974	6	2.843729	1.000000	
1806	-84250.846702	3856519.956669	515.219958	Q20251012161953	26989	6	2.853898	1.000000	
1807	-84266.127579	3856518.023161	515.216218	Q20251012161953	27004	6	2.864068	1.000000	
1808	-84281.408456	3856516.089653	515.212479	Q20251012161953	27019	6	2.874237	1.000000	
1809	-84296.689332	3856514.156145	515.208739	Q20251012161953	27034	6	2.884407	1.000000	
1810	-84311.970209	3856512.222636	515.204999	Q20251012161953	27049	6	2.894576	1.000000	
1811	-84327.251085	3856510.289128	515.201260	Q20251012161953	27064	6	2.904746	1.000000	
1812	-84342.531962	3856508.355620	515.197520	Q20251012161953	27079	6	2.914915	1.000000	
1813	-84358.478986	3856506.337824	515.193780	Q20251012161953	27094	7	2.925085	1.000000	
1814	-84373.736833	3856508.445371	515.190040	Q20251012161953	27109	7	2.935254	1.000000	
1815	-84388.994680	3856510.552917	515.186301	Q20251012161953	27124	7	2.945424	1.000000	
1816	-84404.252526	3856512.660464	515.182561	Q20251012161953	27139	7	2.955593	1.000000	
1817	-84419.510373	3856514.768011	515.178821	Q20251012161953	27154	7	2.965763	1.000000	
1818	-84434.768220	3856516.875557	515.175082	Q20251012161953	27169	7	2.975932	1.000000	
1819	-84450.026067	3856518.983104	515.171342	Q20251012161953	27184	7	2.986102	1.000000	
1820	-84465.283914	3856521.090651	515.167602	Q20251012161953	27199	7	2.996271	1.000000	
1821	-84480.541761	3856523.198198	515.163862	Q20251012161953	27214	7	3.006441	1.000000	
1822	-84495.799607	3856525.305744	515.160123	Q20251012161953	27229	7	3.016610	1.000000	
1823	-84511.057454	3856527.413291	515.156383	Q20251012161953	27244	7	3.026780	1.000000	
1824	-84526.315301	3856529.520838	515.152643	Q20251012161953	27259	7	3.036949	1.000000	
1825	-84536.114779	3856530.874427	515.149651	Q20251012161953	27271	7	3.045085	1.000000	
1826	-84551.451794	3856532.295553	515.146660	Q20251012161953	27283	7	3.053220	1.000000	
1827	-84566.788810	3856533.716679	515.142920	Q20251012161953	27298	7	3.063390	1.000000	
1828	-84582.125825	3856535.137804	515.139180	Q20251012161953	27313	7	3.073559	1.000000	
1829	-84597.462840	3856536.558930	515.135441	Q20251012161953	27328	7	3.083729	1.000000	
1830	-84612.799856	3856537.980056	515.131701	Q20251012161953	27343	7	3.093898	1.000000	
1831	-84628.136871	3856539.401182	515.127961	Q20251012161953	27358	7	3.104068	1.000000	
1832	-84643.473887	3856540.822308	515.124221	Q20251012161953	27373	7	3.114237	1.000000	
1833	-84658.810902	3856542.243434	515.120482	Q20251012161953	27388	7	3.124407	1.000000	
1834	-84674.147918	3856543.664559	515.116742	Q20251012161953	27403	7	3.134576	1.000000	
1835	-84694.127711	3856545.515884	515.112504	Q20251012161953	27420	7	3.146102	1.000000	
1836	-84709.369369	3856547.737485	515.108265	Q20251012161953	27437	7	3.157627	1.000000	
1837	-84724.611027	3856549.959085	515.104526	Q20251012161953	27452	7	3.167797	1.000000	
1838	-84739.852685	3856552.180685	515.100786	Q20251012161953	27467	7	3.177966	1.000000	
1839	-84755.094343	3856554.402285	515.097046	Q20251012161953	27482	7	3.188136	1.000000	
1840	-84770.336001	3856556.623885	515.093306	Q20251012161953	27497	7	3.198305	1.000000	
1841	-84785.577659	3856558.845486	515.089567	Q20251012161953	27512	7	3.208475	1.000000	
1842	-84800.819317	3856561.067086	515.085827	Q20251012161953	27527	7	3.218644	1.000000	
1843	-84816.060975	3856563.288686	515.082087	Q20251012161953	27542	7	3.228814	1.000000	
1844	-84831.302632	3856565.510286	515.078348	Q20251012161953	27557	7	3.238983	1.000000	
1845	-84846.544290	3856567.731886	515.074608	Q20251012161953	27572	7	3.249153	1.000000	
1846	-84861.785948	3856569.953487	515.070868	Q20251012161953	27587	7	3.259322	1.000000	
1847	-84877.027606	3856572.175087	515.067128	Q20251012161953	27602	7	3.269492	1.000000	
1848	-84892.269264	3856574.396687	515.063389	Q20251012161953	27617	7	3.279661	1.000000	
1849	-84907.510922	3856576.618287	515.059649	Q20251012161953	27632	7	3.289831	1.000000	
1850	-84922.752580	3856578.839887	515.055909	Q20251012161953	27647	7	3.300000	1.000000	
1851	-84937.994238	3856581.061488	515.052170	Q20251012161953	27662	7	3.310169	1.000000	
1852	-84953.235896	3856583.283088	515.048430	Q20251012161953	27677	7	3.320339	1.000000	
1853	-84968.477554	3856585.504688	515.044690	Q20251012161953	27692	7	3.330508	1.000000	
1854	-84983.719211	3856587.726288	515.040950	Q20251012161953	27707	7	3.340678	1.000000	
1855	-84998.960869	3856589.947888	515.037211	Q20251012161953	27722	7	3.350847	1.000000	
1856	-85014.202527	3856592.169488	515.033471	Q20251012161953	27737	7	3.361017	1.000000	
1857	-85029.444185	3856594.391089	515.029731	Q20251012161953	27752	7	3.371186	1.000000	
1858	-85044.685843	3856596.612689	515.025992	Q20251012161953	27767	7	3.381356	1.000000	
1859	-85059.927501	3856598.834289	515.022252	Q20251012161953	27782	8	3.391525	1.000000	
1860	-85075.169159	3856601.055889	515.018512	Q20251012161953	27797	8	3.401695	1.000000	
1861	-85090.410817	3856603.277489	515.014772	Q20251012161953	27812	8	3.411864	1.000000	
1862	-85105.652475	3856605.499090	515.011033	Q20251012161953	27827	8	3.422034	1.000000	
1863	-85120.894132	3856607.720690	515.007293	Q20251012161953	27842	8	3.432203	1.000000	
1864	-85136.135790	3856609.942290	515.003553	Q20251012161953	27857	8	3.442373	1.000000	
1865	-85151.377448	3856612.163890	514.999814	Q20251012161953	27872	8	3.452542	1.000000	
1866	-85166.619106	3856614.385490	514.996074	Q20251012161953	27887	8	3.458408	1.000000	
1867	-85181.860764	3856616.607091	514.992334	Q20251012161953	27902	8	3.452438	1.000000	
1868	-85197.102422	3856618.828691	514.988595	Q20251012161953	27917	8	3.446468	1.000000	
1869	-85212.344080	3856621.050291	514.984855	Q20251012161953	27932	8	3.440498	1.000000	
1870	-85227.585738	3856623.271891	514.981116	Q20251012161953	27947	8	3.434527	1.000000	
1871	-85245.358820	3856625.862468	514.977127	Q20251012161953	27963	8	3.428159	1.000000	
1872	-85260.609575	3856628.020723	514.973138	Q20251012161953	27979	8	3.421791	1.000000	
1873	-85275.860331	3856630.178978	514.969398	Q20251012161953	27994	8	3.415821	1.000000	
1874	-85291.111086	3856632.337233	514.965659	Q20251012161953	28009	8	3.409851	1.000000	
1875	-85306.361842	3856634.495488	514.961919	Q20251012161953	28024	8	3.403881	1.000000	
1876	-85321.612597	3856636.653743	514.958180	Q20251012161953	28039	8	3.397910	1.000000	
1877	-85336.863353	3856638.811999	514.954440	Q20251012161953	28054	8	3.391940	1.000000	
1878	-85352.114108	3856640.970254	514.950701	Q20251012161953	28069	8	3.385970	1.000000	
1879	-85367.364864	3856643.128509	514.946961	Q20251012161953	28084	8	3.380000	1.000000	
1880	-85382.615619	3856645.286764	514.943221	Q20251012161953	28099	8	3.374030	1.000000	
1881	-85397.866375	3856647.445019	514.939482	Q20251012161953	28114	8	3.368060	1.000000	
1882	-85413.117130	3856649.603274	514.935742	Q20251012161953	28129	8	3.362090	1.000000	
1883	-85428.367886	3856651.761529	514.932003	Q20251012161953	28144	8	3.356119	1.000000	
1884	-85443.618641	3856653.919784	514.928263	Q20251012161953	28159	8	3.350149	1.000000	
1885	-85465.541735	3856657.022295	514.923776	Q20251012161953	28177	8	3.342985	1.000000	
1886	-85480.711676	3856659.689974	514.919288	Q20251012161953	28195	8	3.335821	1.000000	
1887	-85495.881618	3856662.357654	514.915549	Q20251012161953	28210	8	3.329851	1.000000	
1888	-85511.051559	3856665.025333	514.911809	Q20251012161953	28225	8	3.323881	1.000000	
1889	-85526.221500	3856667.693012	514.908070	Q20251012161953	28240	8	3.317910	1.000000	
1890	-85541.391442	3856670.360692	514.904330	Q20251012161953	28255	8	3.311940	1.000000	
1891	-85556.561383	3856673.028371	514.900590	Q20251012161953	28270	8	3.305970	1.000000	
1892	-85571.731325	3856675.696050	514.896851	Q20251012161953	28285	8	3.300000	1.000000	
1893	-85586.901266	3856678.363730	514.893111	Q20251012161953	28300	8	3.294030	1.000000	
1894	-85602.071207	3856681.031409	514.889372	Q20251012161953	28315	8	3.288060	1.000000	
1895	-85617.241149	3856683.699089	514.885632	Q20251012161953	28330	8	3.282090	1.000000	
1896	-85632.411090	3856686.366768	514.881893	Q20251012161953	28345	8	3.276119	1.000000	
1897	-85647.581032	3856689.034447	514.878153	Q20251012161953	28360	8	3.270149	1.000000	
1898	-85662.750973	3856691.702127	514.874414	Q20251012161953	28375	8	3.264179	1.000000	
1899	-85677.920914	3856694.369806	514.870674	Q20251012161953	28390	8	3.258209	1.000000	
1900	-85693.090856	3856697.037485	514.866934	Q20251012161953	28405	8	3.252239	1.000000	
1901	-85708.260797	3856699.705165	514.863195	Q20251012161953	28420	8	3.246269	1.000000	
1902	-85723.430738	3856702.372844	514.859455	Q20251012161953	28435	8	3.240299	1.000000	
1903	-85738.600680	3856705.040524	514.855716	Q20251012161953	28450	8	3.234328	1.000000	
1904	-85753.770621	3856707.708203	514.851976	Q20251012161953	28465	8	3.228358	1.000000	
1905	-85768.940563	3856710.375882	514.848237	Q20251012161953	28480	8	3.222388	1.000000	
1906	-85784.110504	3856713.043562	514.844497	Q20251012161953	28495	8	3.216418	1.000000	
1907	-85799.280445	3856715.711241	514.840758	Q20251012161953	28510	8	3.210448	1.000000	
1908	-85814.450387	3856718.378921	514.837018	Q20251012161953	28525	8	3.204478	1.000000	
1909	-85829.620328	3856721.046600	514.833278	Q20251012161953	28540	8	3.198507	1.000000	
1910	-85844.790269	3856723.714279	514.829539	Q20251012161953	28555	8	3.192537	1.000000	
1911	-85861.147619	3856726.590768	514.825550	Q20251012161953	28571	8	3.186169	1.000000	
1912	-85875.746926	3856731.500328	514.821810	Q20251012161953	28586	8	3.180199	1.000000	
1913	-85890.346233	3856736.409888	514.818071	Q20251012161953	28601	8	3.174229	1.000000	
1914	-85904.945539	3856741.319448	514.814331	Q20251012161953	28616	8	3.168259	1.000000	
1915	-85919.544846	3856746.229008	514.810592	Q20251012161953	28631	8	3.162289	1.000000	
1916	-85934.144153	3856751.138568	514.806852	Q20251012161953	28646	8	3.156318	1.000000	
1917	-85948.743460	3856756.048128	514.803113	Q20251012161953	28661	8	3.150348	1.000000	
1918	-85963.342767	3856760.957688	514.799373	Q20251012161953	28676	8	3.144378	1.000000	
1919	-85977.942074	3856765.867249	514.795634	Q20251012161953	28691	8	3.138408	1.000000	
1920	-85992.541381	3856770.776809	514.791894	Q20251012161953	28706	8	3.132438	1.000000	
1921	-86009.135098	3856776.357063	514.787905	Q20251012161953	28722	8	3.126070	1.000000	
1922	-86017.176641	3856789.493926	514.784166	Q20251012161953	28737	8	3.120100	1.000000	
1923	-86025.218183	3856802.630789	514.780426	Q20251012161953	28752	8	3.114129	1.000000	
1924	-86033.259726	3856815.767652	514.776686	Q20251012161953	28767	8	3.108159	1.000000	
1925	-86041.301268	3856828.904515	514.772947	Q20251012161953	28782	8	3.102189	1.000000	
1926	-86049.342811	3856842.041378	514.769207	Q20251012161953	28797	8	3.096219	1.000000	
1927	-86057.384353	3856855.178241	514.765468	Q20251012161953	28812	8	3.090249	1.000000	
1928	-86065.425896	3856868.315104	514.761728	Q20251012161953	28827	8	3.084279	1.000000	
1929	-86073.467438	3856881.451966	514.757989	Q20251012161953	28842	8	3.078308	1.000000	
1930	-86081.508981	3856894.588829	514.754249	Q20251012161953	28857	8	3.072338	1.000000	
1931	-86089.550524	3856907.725692	514.750510	Q20251012161953	28872	8	3.066368	1.000000	
1932	-86097.592066	3856920.862555	514.746770	Q20251012161953	28887	8	3.060398	1.000000	
1933	-86106.882665	3856936.039908	514.742781	Q20251012161953	28903	8	3.054030	1.000000	
1934	-86116.549947	3856948.031035	514.738792	Q20251012161953	28919	8	3.047662	1.000000	
1935	-86126.217229	3856960.022161	514.735053	Q20251012161953	28934	8	3.041692	1.000000	
1936	-86135.884511	3856972.013288	514.731313	Q20251012161953	28949	8	3.035721	1.000000	
1937	-86145.551792	3856984.004415	514.727574	Q20251012161953	28964	8	3.029751	1.000000	
1938	-86155.219074	3856995.995542	514.723834	Q20251012161953	28979	8	3.023781	1.000000	
1939	-86164.886356	3857007.986669	514.720094	Q20251012161953	28994	8	3.017811	1.000000	
1940	-86174.553638	3857019.977796	514.716355	Q20251012161953	29009	8	3.011841	1.000000	
1941	-86179.790198	3857026.473134	514.713613	Q20251012161953	29020	8	3.007463	1.000000	
1942	-86195.181971	3857025.892654	514.711120	Q20251012161953	29030	-1	3.003483	1.000000	
1943	-86210.573744	3857025.312175	514.707380	Q20251012161953	29045	-1	2.997512	1.000000	
1944	-86225.965517	3857024.731696	514.703640	Q20251012161953	29060	-1	2.991542	1.000000	
1945	-86241.357290	3857024.151217	514.699901	Q20251012161953	29075	-1	2.985572	1.000000	
1946	-86256.749063	3857023.570737	514.696161	Q20251012161953	29090	-1	2.979602	1.000000	
1947	-86272.140836	3857022.990258	514.692422	Q20251012161953	29105	-1	2.973632	1.000000	
1948	-86287.532609	3857022.409779	514.688682	Q20251012161953	29120	-1	2.967662	1.000000	
1949	-86302.924382	3857021.829299	514.684943	Q20251012161953	29135	-1	2.961692	1.000000	
1950	-86318.316154	3857021.248820	514.681203	Q20251012161953	29150	-1	2.955721	1.000000	
1951	-86333.707927	3857020.668341	514.677464	Q20251012161953	29165	-1	2.949751	1.000000	
1952	-86349.099700	3857020.087862	514.673724	Q20251012161953	29180	-1	2.943781	1.000000	
1953	-86364.491473	3857019.507382	514.669984	Q20251012161953	29195	-1	2.937811	1.000000	
1954	-86379.883246	3857018.926903	514.666245	Q20251012161953	29210	-1	2.931841	1.000000	
1955	-86395.275019	3857018.346424	514.662505	Q20251012161953	29225	-1	2.925871	1.000000	
1956	-86410.666792	3857017.765944	514.658766	Q20251012161953	29240	-1	2.919900	1.000000	
1957	-86426.058565	3857017.185465	514.655026	Q20251012161953	29255	-1	2.913930	1.000000	
1958	-86441.450338	3857016.604986	514.651287	Q20251012161953	29270	-1	2.907960	1.000000	
1959	-86456.842111	3857016.024507	514.647547	Q20251012161953	29285	-1	2.901990	1.000000	
1960	-86472.233883	3857015.444027	514.643807	Q20251012161953	29300	-1	2.896020	1.000000	
1961	-86487.625656	3857014.863548	514.640068	Q20251012161953	29315	-1	2.890050	1.000000	
1962	-86503.017429	3857014.283069	514.636328	Q20251012161953	29330	-1	2.884080	1.000000	
1963	-86518.409202	3857013.702589	514.632589	Q20251012161953	29345	-1	2.878109	1.000000	
1964	-86533.800975	3857013.122110	514.628849	Q20251012161953	29360	-1	2.872139	1.000000	
1965	-86549.192748	3857012.541631	514.625110	Q20251012161953	29375	-1	2.866169	1.000000	
1966	-86564.584521	3857011.961152	514.621370	Q20251012161953	29390	-1	2.860199	1.000000	
1967	-86579.976294	3857011.380672	514.617631	Q20251012161953	29405	-1	2.854229	1.000000	
1968	-86591.250321	3857010.955488	514.614390	Q20251012161953	29418	-1	2.849055	1.000000	
1969	-86604.860671	3857003.744261	514.611149	Q20251012161953	29431	-1	2.843881	1.000000	
1970	-86618.471021	3856996.533034	514.607409	Q20251012161953	29446	-1	2.837910	1.000000	
1971	-86632.081371	3856989.321807	514.603670	Q20251012161953	29461	-1	2.831940	1.000000	
1972	-86645.691721	3856982.110579	514.599930	Q20251012161953	29476	-1	2.825970	1.000000	
1973	-86659.302071	3856974.899352	514.596190	Q20251012161953	29491	-1	2.820000	1.000000	
1974	-86672.912421	3856967.688125	514.592451	Q20251012161953	29506	-1	2.814030	1.000000	
1975	-86684.764171	3856961.408664	514.588961	Q20251012161953	29520	-1	2.808458	1.000000	
1976	-86696.110814	3856971.824852	514.586218	Q20251012161953	29531	-1	2.804080	1.000000	
1977	-86707.457456	3856982.241040	514.582479	Q20251012161953	29546	-1	2.798109	1.000000	
1978	-86718.804099	3856992.657228	514.578739	Q20251012161953	29561	-1	2.792139	1.000000	
1979	-86730.150742	3857003.073416	514.575000	Q20251012161953	29576	-1	2.786169	1.000000	
1980	-86741.497384	3857013.489604	514.571260	Q20251012161953	29591	-1	2.780199	1.000000	
1981	-86752.844027	3857023.905792	514.567520	Q20251012161953	29606	-1	2.774229	1.000000	
1982	-86764.190669	3857034.321980	514.563781	Q20251012161953	29621	-1	2.768259	1.000000	
1983	-86775.537312	3857044.738168	514.560041	Q20251012161953	29636	-1	2.762289	1.000000	
1984	-86786.883955	3857055.154356	514.556302	Q20251012161953	29651	-1	2.756318	1.000000	
1985	-86798.230597	3857065.570544	514.552562	Q20251012161953	29666	-1	2.750348	1.000000	
1986	-86804.496435	3857071.322566	514.549820	Q20251012161953	29677	-1	2.745970	1.000000	
1987	-86819.333091	3857067.185267	514.547327	Q20251012161953	29687	-1	2.741990	1.000000	
1988	-86834.169746	3857063.047968	514.543587	Q20251012161953	29702	-1	2.736020	1.000000	
1989	-86849.006402	3857058.910669	514.539848	Q20251012161953	29717	-1	2.730050	1.000000	
1990	-86863.843058	3857054.773370	514.536108	Q20251012161953	29732	-1	2.724080	1.000000	
1991	-86878.679714	3857050.636071	514.532369	Q20251012161953	29747	-1	2.718109	1.000000	
1992	-86893.516369	3857046.498772	514.528629	Q20251012161953	29762	-1	2.712139	1.000000	
1993	-86908.353025	3857042.361473	514.524890	Q20251012161953	29777	-1	2.706169	1.000000	
1994	-86923.189681	3857038.224173	514.521150	Q20251012161953	29792	-1	2.700199	1.000000	
1995	-86938.026337	3857034.086874	514.517410	Q20251012161953	29807	-1	2.694229	1.000000	
1996	-86952.862992	3857029.949575	514.513671	Q20251012161953	29822	-1	2.688259	1.000000	
1997	-86967.699648	3857025.812276	514.509931	Q20251012161953	29837	-1	2.682289	1.000000	
1998	-86982.536304	3857021.674977	514.506192	Q20251012161953	29852	-1	2.676318	1.000000	
1999	-86997.372960	3857017.537678	514.502452	Q20251012161953	29867	-1	2.670348	1.000000	
2000	-87012.209616	3857013.400379	514.498713	Q20251012161953	29882	-1	2.664378	1.000000	
2001	-87028.506401	3857008.855913	514.494724	Q20251012161953	29898	-1	2.658010	1.000000	
2002	-87034.857079	3856994.823388	514.491233	Q20251012161953	29912	-1	2.652438	1.000000	
2003	-87041.207757	3856980.790862	514.487494	Q20251012161953	29927	-1	2.646468	1.000000	
2004	-87047.558434	3856966.758337	514.483754	Q20251012161953	29942	-1	2.640498	1.000000	
2005	-87051.796640	3856957.393555	514.480763	Q20251012161953	29954	-1	2.635721	1.000000	
2006	-87066.123815	3856963.048256	514.478519	Q20251012161953	29963	-1	2.632139	1.000000	
2007	-87080.450990	3856968.702957	514.474779	Q20251012161953	29978	-1	2.626169	1.000000	
2008	-87094.778166	3856974.357658	514.471040	Q20251012161953	29993	-1	2.620199	1.000000	
2009	-87109.105341	3856980.012360	514.467300	Q20251012161953	30008	-1	2.614229	1.000000	
2010	-87123.432517	3856985.667061	514.463561	Q20251012161953	30023	-1	2.608259	1.000000	
2011	-87137.759692	3856991.321762	514.459821	Q20251012161953	30038	-1	2.602289	1.000000	
2012	-87152.086868	3856996.976464	514.456082	Q20251012161953	30053	-1	2.596318	1.000000	
2013	-87166.414043	3857002.631165	514.452342	Q20251012161953	30068	-1	2.590348	1.000000	
2014	-87180.741218	3857008.285866	514.448603	Q20251012161953	30083	-1	2.584378	1.000000	
2015	-87195.068394	3857013.940568	514.444863	Q20251012161953	30098	-1	2.578408	1.000000	
2016	-87209.395569	3857019.595269	514.441123	Q20251012161953	30113	-1	2.572438	1.000000	
2017	-87223.722745	3857025.249970	514.437384	Q20251012161953	30128	-1	2.566468	1.000000	
2018	-87238.049920	3857030.904672	514.433644	Q20251012161953	30143	-1	2.560498	1.000000	
2019	-87252.377096	3857036.559373	514.429905	Q20251012161953	30158	-1	2.554527	1.000000	
2020	-87266.704271	3857042.214074	514.426165	Q20251012161953	30173	-1	2.548557	1.000000	
2021	-87281.031447	3857047.868776	514.422426	Q20251012161953	30188	-1	2.542587	1.000000	
2022	-87295.358622	3857053.523477	514.418686	Q20251012161953	30203	-1	2.536617	1.000000	
2023	-87309.685797	3857059.178178	514.414947	Q20251012161953	30218	-1	2.530647	1.000000	
2024	-87324.012973	3857064.832880	514.411207	Q20251012161953	30233	-1	2.524677	1.000000	
2025	-87338.340148	3857070.487581	514.407467	Q20251012161953	30248	-1	2.518706	1.000000	
2026	-87352.667324	3857076.142282	514.403728	Q20251012161953	30263	-1	2.512736	1.000000	
2027	-87366.994499	3857081.796984	514.399988	Q20251012161953	30278	-1	2.506766	1.000000	
2028	-87381.321675	3857087.451685	514.396249	Q20251012161953	30293	-1	2.500796	1.000000	
2029	-87395.648850	3857093.106386	514.389951	Q20251012161953	30308	-1	2.599237	1.000000	
2030	-87409.976026	3857098.761088	514.383259	Q20251012161953	30323	-1	2.713740	1.000000	
2031	-87424.303201	3857104.415789	514.376567	Q20251012161953	30338	-1	2.828244	1.000000	
2032	-87438.630376	3857110.070490	514.369875	Q20251012161953	30353	-1	2.942748	1.000000	
2033	-87452.957552	3857115.725192	514.363183	Q20251012161953	30368	-1	3.057252	1.000000	
2034	-87467.284727	3857121.379893	514.356492	Q20251012161953	30383	-1	3.171756	1.000000	
2035	-87481.611903	3857127.034594	514.349800	Q20251012161953	30398	-1	3.286260	1.000000	
2036	-87495.939078	3857132.689296	514.343108	Q20251012161953	30413	-1	3.400763	1.000000	
2037	-87510.266254	3857138.343997	514.337308	Q20251012161953	30428	-1	3.500000	1.000000	
2038	-87524.593429	3857143.998698	514.337308	Q20251012161953	30443	-1	3.500000	1.000000	
2039	-87538.920604	3857149.653400	514.337308	Q20251012161953	30458	-1	3.500000	1.000000	
2040	-87553.247780	3857155.308101	514.337308	Q20251012161953	30473	-1	3.500000	1.000000	
2041	-87567.574955	3857160.962802	514.337308	Q20251012161953	30488	-1	3.500000	1.000000	
2042	-87581.902131	3857166.617503	514.337308	Q20251012161953	30503	-1	3.500000	1.000000	
2043	-87596.229306	3857172.272205	514.337308	Q20251012161953	30518	-1	3.500000	1.000000	
2044	-87610.556482	3857177.926906	514.337308	Q20251012161953	30533	-1	3.500000	1.000000	
2045	-87624.883657	3857183.581607	514.337308	Q20251012161953	30548	-1	3.500000	1.000000	
2046	-87639.210833	3857189.236309	514.337308	Q20251012161953	30563	-1	3.500000	1.000000	
2047	-87653.538008	3857194.891010	514.337308	Q20251012161953	30578	-1	3.500000	1.000000	
2048	-87667.865183	3857200.545711	514.337308	Q20251012161953	30593	-1	3.500000	1.000000	
2049	-87682.192359	3857206.200413	514.337308	Q20251012161953	30608	-1	3.500000	1.000000	
2050	-87696.519534	3857211.855114	514.337308	Q20251012161953	30623	-1	3.500000	1.000000	
2051	-87710.846710	3857217.509815	514.337308	Q20251012161953	30638	-1	3.500000	1.000000	
2052	-87725.173885	3857223.164517	514.337308	Q20251012161953	30653	-1	3.500000	1.000000	
2053	-87739.275026	3857228.730006	514.337308	Q20251012161953	30668	-1	3.500000	1.000000	
2054	-70426.519809	3853957.088849	520.757520	Q20251022154230	0	-1	2.000000	0.466308	
2055	-70417.079801	3853944.917987	520.757541	Q20251022154230	0	-1	2.000000	0.466308	
2056	-70407.639794	3853932.747124	520.757561	Q20251022154230	0	-1	2.000000	0.466308	
2057	-70398.199786	3853920.576261	520.757581	Q20251022154230	0	-1	2.000000	0.466308	
2058	-70388.759778	3853908.405399	520.757602	Q20251022154230	0	-1	2.000000	0.466308	
2059	-70379.319770	3853896.234536	520.757622	Q20251022154230	0	-1	2.000000	0.466308	
2060	-70369.879763	3853884.063673	520.757642	Q20251022154230	0	-1	2.000000	0.466308	
2061	-70360.439755	3853871.892811	520.757663	Q20251022154230	0	-1	2.000000	0.466308	
2062	-70350.999747	3853859.721948	520.757683	Q20251022154230	0	-1	2.000000	0.466308	
2063	-70341.559740	3853847.551085	520.757703	Q20251022154230	0	-1	2.000000	0.466308	
2064	-70332.119732	3853835.380223	520.757724	Q20251022154230	0	-1	2.000000	0.466308	
2065	-70322.679724	3853823.209360	520.757744	Q20251022154230	0	-1	2.000000	0.466308	
2066	-70313.239716	3853811.038497	520.757764	Q20251022154230	0	-1	2.000000	0.466308	
2067	-70303.799709	3853798.867635	520.757785	Q20251022154230	0	-1	2.000000	0.466308	
2068	-70294.359701	3853786.696772	520.757805	Q20251022154230	0	-1	2.000000	0.466308	
2069	-70284.919693	3853774.525909	520.757825	Q20251022154230	0	-1	2.000000	0.466308	
2070	-70275.479686	3853762.355047	520.757846	Q20251022154230	0	-1	2.000000	0.466308	
2071	-70266.039678	3853750.184184	520.757866	Q20251022154230	0	-1	2.000000	0.466308	
2072	-70256.599670	3853738.013321	520.757886	Q20251022154230	0	-1	2.000000	0.466308	
2073	-70247.159662	3853725.842459	520.757907	Q20251022154230	0	-1	2.000000	0.466308	
2074	-70237.719655	3853713.671596	520.757927	Q20251022154230	0	-1	2.000000	0.466308	
2075	-70228.279647	3853701.500733	520.757947	Q20251022154230	0	-1	2.000000	0.466308	
2076	-70218.839639	3853689.329871	520.757968	Q20251022154230	0	-1	2.000000	0.466308	
2077	-70209.399632	3853677.159008	520.757988	Q20251022154230	0	-1	2.000000	0.466308	
2078	-70203.902849	3853670.072088	520.758000	Q20251022154230	0	-1	2.000000	0.466308	
2079	-70193.777585	3853658.465078	520.758000	Q20251022154230	0	-1	2.000000	0.466308	
2080	-70183.652321	3853646.858068	520.758000	Q20251022154230	0	-1	2.000000	0.466308	
2081	-70173.527058	3853635.251059	520.758000	Q20251022154230	0	-1	2.000000	0.466308	
2082	-70163.401794	3853623.644049	520.758000	Q20251022154230	0	-1	2.000000	0.466308	
2083	-70153.276530	3853612.037039	520.758000	Q20251022154230	0	-1	2.000000	0.466308	
2084	-70143.151266	3853600.430029	520.758000	Q20251022154230	0	-1	2.000000	0.466308	
2085	-70133.026002	3853588.823020	520.758000	Q20251022154230	0	-1	2.000000	0.466308	
2086	-70122.900738	3853577.216010	520.758000	Q20251022154230	0	-1	2.000000	0.466308	
2087	-70112.775474	3853565.609000	520.758000	Q20251022154230	0	-1	2.000000	0.466308	
2088	-70102.650210	3853554.001991	520.758000	Q20251022154230	0	-1	2.000000	0.466308	
2089	-70092.524946	3853542.394981	520.758000	Q20251022154230	0	-1	2.000000	0.466308	
2090	-70082.399682	3853530.787971	520.758000	Q20251022154230	0	-1	2.000000	0.466308	
2091	-70072.274418	3853519.180961	520.758000	Q20251022154230	0	-1	2.000000	0.466308	
2092	-70062.149155	3853507.573952	520.758000	Q20251022154230	0	-1	2.000000	0.466308	
2093	-70052.023891	3853495.966942	520.758000	Q20251022154230	0	-1	2.000000	0.466308	
2094	-70041.898627	3853484.359932	520.758000	Q20251022154230	0	-1	2.000000	0.466308	
2095	-70031.773363	3853472.752923	520.758000	Q20251022154230	0	-1	2.000000	0.466308	
2096	-70021.648099	3853461.145913	520.758000	Q20251022154230	0	-1	2.000000	0.466308	
2097	-70011.522835	3853449.538903	520.758000	Q20251022154230	0	-1	2.000000	0.466308	
2098	-70001.397571	3853437.931894	520.758000	Q20251022154230	0	-1	2.000000	0.466308	
2099	-69991.272307	3853426.324884	520.758000	Q20251022154230	0	-1	2.000000	0.466308	
2100	-69981.147043	3853414.717874	520.758000	Q20251022154230	0	-1	2.000000	0.466308	
2101	-69971.021779	3853403.110864	520.758000	Q20251022154230	0	-1	2.000000	0.466308	
2102	-69960.896515	3853391.503855	520.758000	Q20251022154230	0	-1	2.000000	0.466308	
2103	-69950.771251	3853379.896845	520.758000	Q20251022154230	0	-1	2.000000	0.466308	
2104	-69940.645988	3853368.289835	520.758000	Q20251022154230	0	-1	2.000000	0.466308	
2105	-69930.520724	3853356.682826	520.758000	Q20251022154230	0	-1	2.000000	0.466308	
2106	-69920.395460	3853345.075816	520.758000	Q20251022154230	0	-1	2.000000	0.466308	
2107	-69906.849086	3853329.547047	520.758000	Q20251022154230	0	-1	2.000000	0.466308	
2108	-68054.064385	3856654.820172	520.649851	Q20251022154254	0	-1	2.000000	0.466308	
2109	-68043.106665	3856643.995570	520.649855	Q20251022154254	0	-1	2.000000	0.466308	
2110	-68032.148945	3856633.170968	520.649859	Q20251022154254	0	-1	2.000000	0.466308	
2111	-68021.191225	3856622.346366	520.649863	Q20251022154254	0	-1	2.000000	0.466308	
2112	-68010.233504	3856611.521764	520.649867	Q20251022154254	0	-1	2.000000	0.466308	
2113	-67999.275784	3856600.697161	520.649872	Q20251022154254	0	-1	2.000000	0.466308	
2114	-67988.318064	3856589.872559	520.649876	Q20251022154254	0	-1	2.000000	0.466308	
2115	-67977.360343	3856579.047957	520.649880	Q20251022154254	0	-1	2.000000	0.466308	
2116	-67966.402623	3856568.223355	520.649884	Q20251022154254	0	-1	2.000000	0.466308	
2117	-67955.444903	3856557.398753	520.649888	Q20251022154254	0	-1	2.000000	0.466308	
2118	-67944.487183	3856546.574151	520.649892	Q20251022154254	0	-1	2.000000	0.466308	
2119	-67933.529462	3856535.749549	520.649896	Q20251022154254	0	-1	2.000000	0.466308	
2120	-67922.571742	3856524.924947	520.649900	Q20251022154254	0	-1	2.000000	0.466308	
2121	-67911.614022	3856514.100345	520.649904	Q20251022154254	0	-1	2.000000	0.466308	
2122	-67900.656302	3856503.275743	520.649908	Q20251022154254	0	-1	2.000000	0.466308	
2123	-67889.698581	3856492.451141	520.649912	Q20251022154254	0	-1	2.000000	0.466308	
2124	-67878.740861	3856481.626539	520.649916	Q20251022154254	0	-1	2.000000	0.466308	
2125	-67867.783141	3856470.801936	520.649920	Q20251022154254	0	-1	2.000000	0.466308	
2126	-67856.825421	3856459.977334	520.649924	Q20251022154254	0	-1	2.000000	0.466308	
2127	-67845.867700	3856449.152732	520.649928	Q20251022154254	0	-1	2.000000	0.466308	
2128	-67834.909980	3856438.328130	520.649932	Q20251022154254	0	-1	2.000000	0.466308	
2129	-67823.952260	3856427.503528	520.649936	Q20251022154254	0	-1	2.000000	0.466308	
2130	-67812.994540	3856416.678926	520.649940	Q20251022154254	0	-1	2.000000	0.466308	
2131	-67802.036819	3856405.854324	520.649944	Q20251022154254	0	-1	2.000000	0.466308	
2132	-67791.079099	3856395.029722	520.649948	Q20251022154254	0	-1	2.000000	0.466308	
2133	-67780.121379	3856384.205120	520.649952	Q20251022154254	0	-1	2.000000	0.466308	
2134	-67769.163659	3856373.380518	520.649956	Q20251022154254	0	-1	2.000000	0.466308	
2135	-67758.205938	3856362.555916	520.649960	Q20251022154254	0	-1	2.000000	0.466308	
2136	-67747.248218	3856351.731313	520.649964	Q20251022154254	0	-1	2.000000	0.466308	
2137	-67736.290498	3856340.906711	520.649968	Q20251022154254	0	-1	2.000000	0.466308	
2138	-67725.332778	3856330.082109	520.649972	Q20251022154254	0	-1	2.000000	0.466308	
2139	-67714.375057	3856319.257507	520.649976	Q20251022154254	0	-1	2.000000	0.466308	
2140	-67703.417337	3856308.432905	520.649980	Q20251022154254	0	-1	2.000000	0.466308	
2141	-67692.459617	3856297.608303	520.649984	Q20251022154254	0	-1	2.000000	0.466308	
2142	-67681.501897	3856286.783701	520.649988	Q20251022154254	0	-1	2.000000	0.466308	
2143	-67670.544176	3856275.959099	520.649993	Q20251022154254	0	-1	2.000000	0.466308	
2144	-67659.586456	3856265.134497	520.649997	Q20251022154254	0	-1	2.000000	0.466308	
2145	-67650.227499	3856255.889236	520.650000	Q20251022154254	0	-1	2.000000	0.466308	
2146	-67638.921692	3856245.428722	520.650000	Q20251022154254	0	-1	2.000000	0.466308	
2147	-67627.615884	3856234.968208	520.650000	Q20251022154254	0	-1	2.000000	0.466308	
2148	-67616.310076	3856224.507694	520.650000	Q20251022154254	0	-1	2.000000	0.466308	
2149	-67605.004268	3856214.047180	520.650000	Q20251022154254	0	-1	2.000000	0.466308	
2150	-67593.698460	3856203.586666	520.650000	Q20251022154254	0	-1	2.000000	0.466308	
2151	-67582.392653	3856193.126152	520.650000	Q20251022154254	0	-1	2.000000	0.466308	
2152	-67571.086845	3856182.665638	520.650000	Q20251022154254	0	-1	2.000000	0.466308	
2153	-67559.781037	3856172.205124	520.650000	Q20251022154254	0	-1	2.000000	0.466308	
2154	-67548.475229	3856161.744610	520.650000	Q20251022154254	0	-1	2.000000	0.466308	
2155	-67537.169421	3856151.284096	520.650000	Q20251022154254	0	-1	2.000000	0.466308	
2156	-67525.863614	3856140.823582	520.650000	Q20251022154254	0	-1	2.000000	0.466308	
2157	-67514.557806	3856130.363068	520.650000	Q20251022154254	0	-1	2.000000	0.466308	
2158	-67503.251998	3856119.902554	520.650000	Q20251022154254	0	-1	2.000000	0.466308	
2159	-67491.946190	3856109.442040	520.650000	Q20251022154254	0	-1	2.000000	0.466308	
2160	-67480.640382	3856098.981526	520.650000	Q20251022154254	0	-1	2.000000	0.466308	
2161	-67469.334574	3856088.521012	520.650000	Q20251022154254	0	-1	2.000000	0.466308	
2162	-67458.028767	3856078.060498	520.650000	Q20251022154254	0	-1	2.000000	0.466308	
2163	-67446.722959	3856067.599984	520.650000	Q20251022154254	0	-1	2.000000	0.466308	
2164	-67435.417151	3856057.139470	520.650000	Q20251022154254	0	-1	2.000000	0.466308	
2165	-67424.111343	3856046.678955	520.650000	Q20251022154254	0	-1	2.000000	0.466308	
2166	-67412.805535	3856036.218441	520.650000	Q20251022154254	0	-1	2.000000	0.466308	
2167	-67401.499728	3856025.757927	520.650000	Q20251022154254	0	-1	2.000000	0.466308	
2168	-67390.193920	3856015.297413	520.650000	Q20251022154254	0	-1	2.000000	0.466308	
2169	-67378.888112	3856004.836899	520.650000	Q20251022154254	0	-1	2.000000	0.466308	
2170	-67367.582304	3855994.376385	520.650000	Q20251022154254	0	-1	2.000000	0.466308	
2171	-67356.276496	3855983.915871	520.650000	Q20251022154254	0	-1	2.000000	0.466308	
2172	-67344.970689	3855973.455357	520.650000	Q20251022154254	0	-1	2.000000	0.466308	
2173	-67333.664881	3855962.994843	520.650000	Q20251022154254	0	-1	2.000000	0.466308	
2174	-67322.359073	3855952.534329	520.650000	Q20251022154254	0	-1	2.000000	0.466308	
2175	-67311.053265	3855942.073815	520.650000	Q20251022154254	0	-1	2.000000	0.466308	
2176	-67299.747457	3855931.613301	520.650000	Q20251022154254	0	-1	2.000000	0.466308	
2177	-67288.441650	3855921.152787	520.650000	Q20251022154254	0	-1	2.000000	0.466308	
2178	-67277.135842	3855910.692273	520.650000	Q20251022154254	0	-1	2.000000	0.466308	
2179	-67265.830034	3855900.231759	520.650000	Q20251022154254	0	-1	2.000000	0.466308	
2180	-67254.524226	3855889.771245	520.650000	Q20251022154254	0	-1	2.000000	0.466308	
2181	-67243.218418	3855879.310731	520.650000	Q20251022154254	0	-1	2.000000	0.466308	
2182	-67231.912611	3855868.850217	520.650000	Q20251022154254	0	-1	2.000000	0.466308	
2183	-67220.606803	3855858.389703	520.650000	Q20251022154254	0	-1	2.000000	0.466308	
2184	-67209.300995	3855847.929189	520.650000	Q20251022154254	0	-1	2.000000	0.466308	
2185	-67197.995187	3855837.468675	520.650000	Q20251022154254	0	-1	2.000000	0.466308	
2186	-67186.689379	3855827.008161	520.650000	Q20251022154254	0	-1	2.000000	0.466308	
2187	-67175.383572	3855816.547647	520.650000	Q20251022154254	0	-1	2.000000	0.466308	
2188	-67164.077764	3855806.087133	520.650000	Q20251022154254	0	-1	2.000000	0.466308	
2189	-67148.889724	3855792.034647	520.650000	Q20251022154254	0	-1	2.000000	0.466308	
2190	-68475.498960	3858495.210462	519.780646	Q20251022154302	0	-1	2.000000	0.466308	
2191	-68471.387330	3858510.054253	519.780659	Q20251022154302	0	-1	2.000000	0.466308	
2192	-68467.275699	3858524.898045	519.780672	Q20251022154302	0	-1	2.000000	0.466308	
2193	-68463.164069	3858539.741836	519.780684	Q20251022154302	0	-1	2.000000	0.466308	
2194	-68459.052438	3858554.585627	519.780697	Q20251022154302	0	-1	2.000000	0.466308	
2195	-68454.940808	3858569.429418	519.780710	Q20251022154302	0	-1	2.000000	0.466308	
2196	-68450.829177	3858584.273210	519.780723	Q20251022154302	0	-1	2.000000	0.466308	
2197	-68446.717547	3858599.117001	519.780736	Q20251022154302	0	-1	2.000000	0.466308	
2198	-68442.605917	3858613.960792	519.780749	Q20251022154302	0	-1	2.000000	0.466308	
2199	-68438.494286	3858628.804583	519.780761	Q20251022154302	0	-1	2.000000	0.466308	
2200	-68434.382656	3858643.648374	519.780774	Q20251022154302	0	-1	2.000000	0.466308	
2201	-68430.271025	3858658.492166	519.780787	Q20251022154302	0	-1	2.000000	0.466308	
2202	-68426.159395	3858673.335957	519.780800	Q20251022154302	0	-1	2.000000	0.466308	
2203	-68422.047764	3858688.179748	519.780813	Q20251022154302	0	-1	2.000000	0.466308	
2204	-68417.936134	3858703.023539	519.780825	Q20251022154302	0	-1	2.000000	0.466308	
2205	-68413.824503	3858717.867331	519.780838	Q20251022154302	0	-1	2.000000	0.466308	
2206	-68409.712873	3858732.711122	519.780851	Q20251022154302	0	-1	2.000000	0.466308	
2207	-68405.601242	3858747.554913	519.780864	Q20251022154302	0	-1	2.000000	0.466308	
2208	-68401.489612	3858762.398704	519.780877	Q20251022154302	0	-1	2.000000	0.466308	
2209	-68397.377981	3858777.242496	519.780890	Q20251022154302	0	-1	2.000000	0.466308	
2210	-68393.266351	3858792.086287	519.780902	Q20251022154302	0	-1	2.000000	0.466308	
2211	-68389.154720	3858806.930078	519.780915	Q20251022154302	0	-1	2.000000	0.466308	
2212	-68385.043090	3858821.773869	519.780928	Q20251022154302	0	-1	2.000000	0.466308	
2213	-68380.931460	3858836.617661	519.780941	Q20251022154302	0	-1	2.000000	0.466308	
2214	-68376.819829	3858851.461452	519.780954	Q20251022154302	0	-1	2.000000	0.466308	
2215	-68372.708199	3858866.305243	519.780966	Q20251022154302	0	-1	2.000000	0.466308	
2216	-68368.596568	3858881.149034	519.780979	Q20251022154302	0	-1	2.000000	0.466308	
2217	-68364.484938	3858895.992826	519.780992	Q20251022154302	0	-1	2.000000	0.466308	
2218	-68361.950263	3858905.143496	519.781000	Q20251022154302	0	-1	2.000000	0.466308	
2219	-68357.780046	3858919.970934	519.781000	Q20251022154302	0	-1	2.000000	0.466308	
2220	-68353.609829	3858934.798373	519.781000	Q20251022154302	0	-1	2.000000	0.466308	
2221	-68349.439612	3858949.625812	519.781000	Q20251022154302	0	-1	2.000000	0.466308	
2222	-68345.269395	3858964.453250	519.781000	Q20251022154302	0	-1	2.000000	0.466308	
2223	-68341.099178	3858979.280689	519.781000	Q20251022154302	0	-1	2.000000	0.466308	
2224	-68336.928961	3858994.108127	519.781000	Q20251022154302	0	-1	2.000000	0.466308	
2225	-68332.758743	3859008.935566	519.781000	Q20251022154302	0	-1	2.000000	0.466308	
2226	-68328.588526	3859023.763004	519.781000	Q20251022154302	0	-1	2.000000	0.466308	
2227	-68324.418309	3859038.590443	519.781000	Q20251022154302	0	-1	2.000000	0.466308	
2228	-68320.248092	3859053.417881	519.781000	Q20251022154302	0	-1	2.000000	0.466308	
2229	-68316.077875	3859068.245320	519.781000	Q20251022154302	0	-1	2.000000	0.466308	
2230	-68311.907658	3859083.072758	519.781000	Q20251022154302	0	-1	2.000000	0.466308	
2231	-68307.737441	3859097.900197	519.781000	Q20251022154302	0	-1	2.000000	0.466308	
2232	-68303.567223	3859112.727635	519.781000	Q20251022154302	0	-1	2.000000	0.466308	
2233	-68299.397006	3859127.555074	519.781000	Q20251022154302	0	-1	2.000000	0.466308	
2234	-68295.226789	3859142.382512	519.781000	Q20251022154302	0	-1	2.000000	0.466308	
2235	-68291.056572	3859157.209951	519.781000	Q20251022154302	0	-1	2.000000	0.466308	
2236	-68286.886355	3859172.037389	519.781000	Q20251022154302	0	-1	2.000000	0.466308	
2237	-68282.716138	3859186.864828	519.781000	Q20251022154302	0	-1	2.000000	0.466308	
2238	-68278.545921	3859201.692266	519.781000	Q20251022154302	0	-1	2.000000	0.466308	
2239	-68274.375703	3859216.519705	519.781000	Q20251022154302	0	-1	2.000000	0.466308	
2240	-68270.205486	3859231.347143	519.781000	Q20251022154302	0	-1	2.000000	0.466308	
2241	-68266.035269	3859246.174582	519.781000	Q20251022154302	0	-1	2.000000	0.466308	
2242	-68261.865052	3859261.002020	519.781000	Q20251022154302	0	-1	2.000000	0.466308	
2243	-68257.694835	3859275.829459	519.781000	Q20251022154302	0	-1	2.000000	0.466308	
2244	-68253.524618	3859290.656897	519.781000	Q20251022154302	0	-1	2.000000	0.466308	
2245	-68249.354401	3859305.484336	519.781000	Q20251022154302	0	-1	2.000000	0.466308	
2246	-68245.620564	3859318.760199	519.781000	Q20251022154302	0	-1	2.000000	0.466308	
2247	-72387.036892	3859356.413847	519.238292	Q20251022154310	0	-1	2.000000	0.466308	
2248	-72386.818456	3859371.815013	519.238278	Q20251022154310	0	-1	2.000000	0.466308	
2249	-72386.600020	3859387.216180	519.238265	Q20251022154310	0	-1	2.000000	0.466308	
2250	-72386.381584	3859402.617346	519.238251	Q20251022154310	0	-1	2.000000	0.466308	
2251	-72386.163148	3859418.018513	519.238238	Q20251022154310	0	-1	2.000000	0.466308	
2252	-72385.944712	3859433.419679	519.238224	Q20251022154310	0	-1	2.000000	0.466308	
2253	-72385.726276	3859448.820846	519.238210	Q20251022154310	0	-1	2.000000	0.466308	
2254	-72385.507840	3859464.222012	519.238197	Q20251022154310	0	-1	2.000000	0.466308	
2255	-72385.289404	3859479.623179	519.238183	Q20251022154310	0	-1	2.000000	0.466308	
2256	-72385.070967	3859495.024345	519.238170	Q20251022154310	0	-1	2.000000	0.466308	
2257	-72384.852531	3859510.425512	519.238156	Q20251022154310	0	-1	2.000000	0.466308	
2258	-72384.634095	3859525.826678	519.238143	Q20251022154310	0	-1	2.000000	0.466308	
2259	-72384.415659	3859541.227845	519.238129	Q20251022154310	0	-1	2.000000	0.466308	
2260	-72384.197223	3859556.629011	519.238115	Q20251022154310	0	-1	2.000000	0.466308	
2261	-72383.978787	3859572.030178	519.238102	Q20251022154310	0	-1	2.000000	0.466308	
2262	-72383.760351	3859587.431344	519.238088	Q20251022154310	0	-1	2.000000	0.466308	
2263	-72383.541915	3859602.832511	519.238075	Q20251022154310	0	-1	2.000000	0.466308	
2264	-72383.323479	3859618.233677	519.238061	Q20251022154310	0	-1	2.000000	0.466308	
2265	-72383.105042	3859633.634844	519.238048	Q20251022154310	0	-1	2.000000	0.466308	
2266	-72382.886606	3859649.036010	519.238034	Q20251022154310	0	-1	2.000000	0.466308	
2267	-72382.668170	3859664.437177	519.238021	Q20251022154310	0	-1	2.000000	0.466308	
2268	-72382.449734	3859679.838343	519.238007	Q20251022154310	0	-1	2.000000	0.466308	
2269	-72382.336567	3859687.817374	519.238000	Q20251022154310	0	-1	2.000000	0.466308	
2270	-72381.470182	3859703.195703	519.238000	Q20251022154310	0	-1	2.000000	0.466308	
2271	-72380.603797	3859718.574033	519.238000	Q20251022154310	0	-1	2.000000	0.466308	
2272	-72379.737413	3859733.952362	519.238000	Q20251022154310	0	-1	2.000000	0.466308	
2273	-72378.871028	3859749.330692	519.238000	Q20251022154310	0	-1	2.000000	0.466308	
2274	-72378.004643	3859764.709022	519.238000	Q20251022154310	0	-1	2.000000	0.466308	
2275	-72377.138258	3859780.087351	519.238000	Q20251022154310	0	-1	2.000000	0.466308	
2276	-72376.271874	3859795.465681	519.238000	Q20251022154310	0	-1	2.000000	0.466308	
2277	-72375.405489	3859810.844010	519.238000	Q20251022154310	0	-1	2.000000	0.466308	
2278	-72374.539104	3859826.222340	519.238000	Q20251022154310	0	-1	2.000000	0.466308	
2279	-72373.672719	3859841.600670	519.238000	Q20251022154310	0	-1	2.000000	0.466308	
2280	-72372.806335	3859856.978999	519.238000	Q20251022154310	0	-1	2.000000	0.466308	
2281	-72371.939950	3859872.357329	519.238000	Q20251022154310	0	-1	2.000000	0.466308	
2282	-72371.073565	3859887.735658	519.238000	Q20251022154310	0	-1	2.000000	0.466308	
2283	-72370.207180	3859903.113988	519.238000	Q20251022154310	0	-1	2.000000	0.466308	
2284	-72369.340796	3859918.492318	519.238000	Q20251022154310	0	-1	2.000000	0.466308	
2285	-72368.474411	3859933.870647	519.238000	Q20251022154310	0	-1	2.000000	0.466308	
2286	-72367.608026	3859949.248977	519.238000	Q20251022154310	0	-1	2.000000	0.466308	
2287	-72366.741642	3859964.627306	519.238000	Q20251022154310	0	-1	2.000000	0.466308	
2288	-72365.875257	3859980.005636	519.238000	Q20251022154310	0	-1	2.000000	0.466308	
2289	-72365.008872	3859995.383966	519.238000	Q20251022154310	0	-1	2.000000	0.466308	
2290	-72364.142487	3860010.762295	519.238000	Q20251022154310	0	-1	2.000000	0.466308	
2291	-72363.276103	3860026.140625	519.238000	Q20251022154310	0	-1	2.000000	0.466308	
2292	-72362.409718	3860041.518954	519.238000	Q20251022154310	0	-1	2.000000	0.466308	
2293	-72361.304764	3860061.131879	519.238000	Q20251022154310	0	-1	2.000000	0.466308	
2294	-74408.019545	3859658.993861	518.553366	Q20251022154319	0	-1	2.000000	0.466308	
2295	-74407.344654	3859674.381784	518.553348	Q20251022154319	0	-1	2.000000	0.466308	
2296	-74406.669763	3859689.769707	518.553329	Q20251022154319	0	-1	2.000000	0.466308	
2297	-74405.994871	3859705.157629	518.553310	Q20251022154319	0	-1	2.000000	0.466308	
2298	-74405.319980	3859720.545552	518.553291	Q20251022154319	0	-1	2.000000	0.466308	
2299	-74404.645088	3859735.933475	518.553272	Q20251022154319	0	-1	2.000000	0.466308	
2300	-74403.970197	3859751.321398	518.553253	Q20251022154319	0	-1	2.000000	0.466308	
2301	-74403.295305	3859766.709320	518.553234	Q20251022154319	0	-1	2.000000	0.466308	
2302	-74402.620414	3859782.097243	518.553215	Q20251022154319	0	-1	2.000000	0.466308	
2303	-74401.945523	3859797.485166	518.553196	Q20251022154319	0	-1	2.000000	0.466308	
2304	-74401.270631	3859812.873088	518.553178	Q20251022154319	0	-1	2.000000	0.466308	
2305	-74400.595740	3859828.261011	518.553159	Q20251022154319	0	-1	2.000000	0.466308	
2306	-74399.920848	3859843.648934	518.553140	Q20251022154319	0	-1	2.000000	0.466308	
2307	-74399.245957	3859859.036856	518.553121	Q20251022154319	0	-1	2.000000	0.466308	
2308	-74398.571066	3859874.424779	518.553102	Q20251022154319	0	-1	2.000000	0.466308	
2309	-74397.896174	3859889.812702	518.553083	Q20251022154319	0	-1	2.000000	0.466308	
2310	-74397.221283	3859905.200625	518.553064	Q20251022154319	0	-1	2.000000	0.466308	
2311	-74396.546391	3859920.588547	518.553045	Q20251022154319	0	-1	2.000000	0.466308	
2312	-74395.871500	3859935.976470	518.553027	Q20251022154319	0	-1	2.000000	0.466308	
2313	-74394.923071	3859957.601218	518.553000	Q20251022154319	0	-1	2.000000	0.466308	
2314	-74394.923071	3859973.003934	518.553000	Q20251022154319	0	-1	2.000000	0.466308	
2315	-74394.923071	3859988.406649	518.553000	Q20251022154319	0	-1	2.000000	0.466308	
2316	-74394.923071	3860003.809364	518.553000	Q20251022154319	0	-1	2.000000	0.466308	
2317	-74394.923071	3860019.212080	518.553000	Q20251022154319	0	-1	2.000000	0.466308	
2318	-74394.923071	3860034.614795	518.553000	Q20251022154319	0	-1	2.000000	0.466308	
2319	-74394.923071	3860050.017511	518.553000	Q20251022154319	0	-1	2.000000	0.466308	
2320	-74394.923071	3860065.420226	518.553000	Q20251022154319	0	-1	2.000000	0.466308	
2321	-74394.923071	3860080.822942	518.553000	Q20251022154319	0	-1	2.000000	0.466308	
2322	-74394.923071	3860096.225657	518.553000	Q20251022154319	0	-1	2.000000	0.466308	
2323	-74394.923071	3860111.628373	518.553000	Q20251022154319	0	-1	2.000000	0.466308	
2324	-74394.923071	3860127.031088	518.553000	Q20251022154319	0	-1	2.000000	0.466308	
2325	-74394.923071	3860142.433804	518.553000	Q20251022154319	0	-1	2.000000	0.466308	
2326	-74394.923071	3860157.836519	518.553000	Q20251022154319	0	-1	2.000000	0.466308	
2327	-74394.923071	3860173.239235	518.553000	Q20251022154319	0	-1	2.000000	0.466308	
2328	-74394.923071	3860188.641950	518.553000	Q20251022154319	0	-1	2.000000	0.466308	
2329	-74394.923071	3860204.044665	518.553000	Q20251022154319	0	-1	2.000000	0.466308	
2330	-74394.923071	3860219.447381	518.553000	Q20251022154319	0	-1	2.000000	0.466308	
2331	-74394.923071	3860234.850096	518.553000	Q20251022154319	0	-1	2.000000	0.466308	
2332	-74394.923071	3860250.252812	518.553000	Q20251022154319	0	-1	2.000000	0.466308	
2333	-74394.923071	3860265.655527	518.553000	Q20251022154319	0	-1	2.000000	0.466308	
2334	-74394.923071	3860281.058243	518.553000	Q20251022154319	0	-1	2.000000	0.466308	
2335	-74394.923071	3860296.319320	518.553000	Q20251022154319	0	-1	2.000000	0.466308	
2336	-78254.742627	3858608.626347	516.875082	Q20251022154328	0	-1	2.000000	0.466308	
2337	-78262.591886	3858621.878999	516.875078	Q20251022154328	0	-1	2.000000	0.466308	
2338	-78270.441145	3858635.131650	516.875073	Q20251022154328	0	-1	2.000000	0.466308	
2339	-78278.290404	3858648.384302	516.875069	Q20251022154328	0	-1	2.000000	0.466308	
2340	-78286.139663	3858661.636954	516.875064	Q20251022154328	0	-1	2.000000	0.466308	
2341	-78293.988922	3858674.889606	516.875060	Q20251022154328	0	-1	2.000000	0.466308	
2342	-78301.838180	3858688.142258	516.875056	Q20251022154328	0	-1	2.000000	0.466308	
2343	-78309.687439	3858701.394909	516.875051	Q20251022154328	0	-1	2.000000	0.466308	
2344	-78317.536698	3858714.647561	516.875047	Q20251022154328	0	-1	2.000000	0.466308	
2345	-78325.385957	3858727.900213	516.875042	Q20251022154328	0	-1	2.000000	0.466308	
2346	-78333.235216	3858741.152865	516.875038	Q20251022154328	0	-1	2.000000	0.466308	
2347	-78341.084475	3858754.405516	516.875034	Q20251022154328	0	-1	2.000000	0.466308	
2348	-78348.933734	3858767.658168	516.875029	Q20251022154328	0	-1	2.000000	0.466308	
2349	-78356.782993	3858780.910820	516.875025	Q20251022154328	0	-1	2.000000	0.466308	
2350	-78364.632252	3858794.163472	516.875021	Q20251022154328	0	-1	2.000000	0.466308	
2351	-78372.481510	3858807.416123	516.875016	Q20251022154328	0	-1	2.000000	0.466308	
2352	-78380.330769	3858820.668775	516.875012	Q20251022154328	0	-1	2.000000	0.466308	
2353	-78388.180028	3858833.921427	516.875007	Q20251022154328	0	-1	2.000000	0.466308	
2354	-78396.029287	3858847.174079	516.875003	Q20251022154328	0	-1	2.000000	0.466308	
2355	-78401.341256	3858856.142783	516.875000	Q20251022154328	0	-1	2.000000	0.466308	
2356	-78408.496578	3858869.782615	516.875000	Q20251022154328	0	-1	2.000000	0.466308	
2357	-78415.651899	3858883.422447	516.875000	Q20251022154328	0	-1	2.000000	0.466308	
2358	-78422.807220	3858897.062279	516.875000	Q20251022154328	0	-1	2.000000	0.466308	
2359	-78429.962542	3858910.702111	516.875000	Q20251022154328	0	-1	2.000000	0.466308	
2360	-78437.117863	3858924.341943	516.875000	Q20251022154328	0	-1	2.000000	0.466308	
2361	-78444.273185	3858937.981775	516.875000	Q20251022154328	0	-1	2.000000	0.466308	
2362	-78451.428506	3858951.621607	516.875000	Q20251022154328	0	-1	2.000000	0.466308	
2363	-78458.583827	3858965.261439	516.875000	Q20251022154328	0	-1	2.000000	0.466308	
2364	-78465.739149	3858978.901271	516.875000	Q20251022154328	0	-1	2.000000	0.466308	
2365	-78472.894470	3858992.541103	516.875000	Q20251022154328	0	-1	2.000000	0.466308	
2366	-78480.049791	3859006.180936	516.875000	Q20251022154328	0	-1	2.000000	0.466308	
2367	-78487.205113	3859019.820768	516.875000	Q20251022154328	0	-1	2.000000	0.466308	
2368	-78494.360434	3859033.460600	516.875000	Q20251022154328	0	-1	2.000000	0.466308	
2369	-78501.515756	3859047.100432	516.875000	Q20251022154328	0	-1	2.000000	0.466308	
2370	-78508.671077	3859060.740264	516.875000	Q20251022154328	0	-1	2.000000	0.466308	
2371	-78515.826398	3859074.380096	516.875000	Q20251022154328	0	-1	2.000000	0.466308	
2372	-78522.981720	3859088.019928	516.875000	Q20251022154328	0	-1	2.000000	0.466308	
2373	-78530.137041	3859101.659760	516.875000	Q20251022154328	0	-1	2.000000	0.466308	
2374	-78537.292363	3859115.299592	516.875000	Q20251022154328	0	-1	2.000000	0.466308	
2375	-78544.447684	3859128.939424	516.875000	Q20251022154328	0	-1	2.000000	0.466308	
2376	-78554.562022	3859148.219882	516.875000	Q20251022154328	0	-1	2.000000	0.466308	
2377	-81523.193522	3857157.327012	515.965961	Q20251022154337	0	-1	2.000000	0.466308	
2378	-81528.513001	3857171.782004	515.965963	Q20251022154337	0	-1	2.000000	0.466308	
2379	-81533.832480	3857186.236996	515.965965	Q20251022154337	0	-1	2.000000	0.466308	
2380	-81539.151959	3857200.691987	515.965967	Q20251022154337	0	-1	2.000000	0.466308	
2381	-81544.471438	3857215.146979	515.965969	Q20251022154337	0	-1	2.000000	0.466308	
2382	-81549.790917	3857229.601971	515.965971	Q20251022154337	0	-1	2.000000	0.466308	
2383	-81555.110396	3857244.056963	515.965973	Q20251022154337	0	-1	2.000000	0.466308	
2384	-81560.429875	3857258.511955	515.965974	Q20251022154337	0	-1	2.000000	0.466308	
2385	-81565.749353	3857272.966946	515.965976	Q20251022154337	0	-1	2.000000	0.466308	
2386	-81571.068832	3857287.421938	515.965978	Q20251022154337	0	-1	2.000000	0.466308	
2387	-81576.388311	3857301.876930	515.965980	Q20251022154337	0	-1	2.000000	0.466308	
2388	-81581.707790	3857316.331922	515.965982	Q20251022154337	0	-1	2.000000	0.466308	
2389	-81587.027269	3857330.786914	515.965984	Q20251022154337	0	-1	2.000000	0.466308	
2390	-81592.346748	3857345.241905	515.965986	Q20251022154337	0	-1	2.000000	0.466308	
2391	-81597.666227	3857359.696897	515.965987	Q20251022154337	0	-1	2.000000	0.466308	
2392	-81602.985706	3857374.151889	515.965989	Q20251022154337	0	-1	2.000000	0.466308	
2393	-81608.305185	3857388.606881	515.965991	Q20251022154337	0	-1	2.000000	0.466308	
2394	-81613.624663	3857403.061873	515.965993	Q20251022154337	0	-1	2.000000	0.466308	
2395	-81618.944142	3857417.516864	515.965995	Q20251022154337	0	-1	2.000000	0.466308	
2396	-81624.263621	3857431.971856	515.965997	Q20251022154337	0	-1	2.000000	0.466308	
2397	-81629.583100	3857446.426848	515.965999	Q20251022154337	0	-1	2.000000	0.466308	
2398	-81633.865175	3857458.062829	515.966000	Q20251022154337	0	-1	2.000000	0.466308	
2399	-81638.535334	3857472.740473	515.966000	Q20251022154337	0	-1	2.000000	0.466308	
2400	-81643.205494	3857487.418118	515.966000	Q20251022154337	0	-1	2.000000	0.466308	
2401	-81647.875654	3857502.095763	515.966000	Q20251022154337	0	-1	2.000000	0.466308	
2402	-81652.545814	3857516.773407	515.966000	Q20251022154337	0	-1	2.000000	0.466308	
2403	-81657.215973	3857531.451052	515.966000	Q20251022154337	0	-1	2.000000	0.466308	
2404	-81661.886133	3857546.128696	515.966000	Q20251022154337	0	-1	2.000000	0.466308	
2405	-81666.556293	3857560.806341	515.966000	Q20251022154337	0	-1	2.000000	0.466308	
2406	-81671.226452	3857575.483986	515.966000	Q20251022154337	0	-1	2.000000	0.466308	
2407	-81675.896612	3857590.161630	515.966000	Q20251022154337	0	-1	2.000000	0.466308	
2408	-81680.566772	3857604.839275	515.966000	Q20251022154337	0	-1	2.000000	0.466308	
2409	-81685.236932	3857619.516920	515.966000	Q20251022154337	0	-1	2.000000	0.466308	
2410	-81689.907091	3857634.194564	515.966000	Q20251022154337	0	-1	2.000000	0.466308	
2411	-81694.577251	3857648.872209	515.966000	Q20251022154337	0	-1	2.000000	0.466308	
2412	-81699.247411	3857663.549854	515.966000	Q20251022154337	0	-1	2.000000	0.466308	
2413	-81703.917570	3857678.227498	515.966000	Q20251022154337	0	-1	2.000000	0.466308	
2414	-81708.587730	3857692.905143	515.966000	Q20251022154337	0	-1	2.000000	0.466308	
2415	-81713.257890	3857707.582787	515.966000	Q20251022154337	0	-1	2.000000	0.466308	
2416	-81717.928049	3857722.260432	515.966000	Q20251022154337	0	-1	2.000000	0.466308	
2417	-81722.598209	3857736.938077	515.966000	Q20251022154337	0	-1	2.000000	0.466308	
2418	-81727.268369	3857751.615721	515.966000	Q20251022154337	0	-1	2.000000	0.466308	
2419	-81731.938529	3857766.293366	515.966000	Q20251022154337	0	-1	2.000000	0.466308	
2420	-81736.608688	3857780.971011	515.966000	Q20251022154337	0	-1	2.000000	0.466308	
2421	-81741.278848	3857795.648655	515.966000	Q20251022154337	0	-1	2.000000	0.466308	
2422	-81748.092590	3857817.063272	515.966000	Q20251022154337	0	-1	2.000000	0.466308	
2423	-84691.258109	3856560.648928	515.754203	Q20251022154347	0	-1	2.000000	0.466308	
2424	-84688.388506	3856575.781973	515.754191	Q20251022154347	0	-1	2.000000	0.466308	
2425	-84685.518903	3856590.915017	515.754178	Q20251022154347	0	-1	2.000000	0.466308	
2426	-84682.649300	3856606.048061	515.754165	Q20251022154347	0	-1	2.000000	0.466308	
2427	-84679.779698	3856621.181105	515.754153	Q20251022154347	0	-1	2.000000	0.466308	
2428	-84676.910095	3856636.314149	515.754140	Q20251022154347	0	-1	2.000000	0.466308	
2429	-84674.040492	3856651.447193	515.754127	Q20251022154347	0	-1	2.000000	0.466308	
2430	-84671.170889	3856666.580237	515.754115	Q20251022154347	0	-1	2.000000	0.466308	
2431	-84668.301286	3856681.713281	515.754102	Q20251022154347	0	-1	2.000000	0.466308	
2432	-84665.431684	3856696.846325	515.754089	Q20251022154347	0	-1	2.000000	0.466308	
2433	-84662.562081	3856711.979369	515.754077	Q20251022154347	0	-1	2.000000	0.466308	
2434	-84659.692478	3856727.112414	515.754064	Q20251022154347	0	-1	2.000000	0.466308	
2435	-84656.822875	3856742.245458	515.754051	Q20251022154347	0	-1	2.000000	0.466308	
2436	-84653.953273	3856757.378502	515.754039	Q20251022154347	0	-1	2.000000	0.466308	
2437	-84651.083670	3856772.511546	515.754026	Q20251022154347	0	-1	2.000000	0.466308	
2438	-84648.214067	3856787.644590	515.754014	Q20251022154347	0	-1	2.000000	0.466308	
2439	-84645.131185	3856803.902377	515.754000	Q20251022154347	0	-1	2.000000	0.466308	
2440	-84642.552544	3856819.087707	515.754000	Q20251022154347	0	-1	2.000000	0.466308	
2441	-84639.973903	3856834.273037	515.754000	Q20251022154347	0	-1	2.000000	0.466308	
2442	-84637.395262	3856849.458367	515.754000	Q20251022154347	0	-1	2.000000	0.466308	
2443	-84634.816621	3856864.643698	515.754000	Q20251022154347	0	-1	2.000000	0.466308	
2444	-84632.237980	3856879.829028	515.754000	Q20251022154347	0	-1	2.000000	0.466308	
2445	-84629.659339	3856895.014358	515.754000	Q20251022154347	0	-1	2.000000	0.466308	
2446	-84627.080698	3856910.199688	515.754000	Q20251022154347	0	-1	2.000000	0.466308	
2447	-84624.502057	3856925.385018	515.754000	Q20251022154347	0	-1	2.000000	0.466308	
2448	-84621.923416	3856940.570349	515.754000	Q20251022154347	0	-1	2.000000	0.466308	
2449	-84619.344775	3856955.755679	515.754000	Q20251022154347	0	-1	2.000000	0.466308	
2450	-84616.766134	3856970.941009	515.754000	Q20251022154347	0	-1	2.000000	0.466308	
2451	-84614.187493	3856986.126339	515.754000	Q20251022154347	0	-1	2.000000	0.466308	
2452	-84612.420411	3856996.532492	515.754000	Q20251022154347	0	-1	2.000000	0.466308	
2453	-85462.040618	3856672.021822	515.636431	Q20251022154353	0	-1	2.000000	0.466308	
2454	-85458.539501	3856687.021350	515.636404	Q20251022154353	0	-1	2.000000	0.466308	
2455	-85455.038385	3856702.020877	515.636376	Q20251022154353	0	-1	2.000000	0.466308	
2456	-85451.537268	3856717.020405	515.636348	Q20251022154353	0	-1	2.000000	0.466308	
2457	-85448.036151	3856732.019932	515.636321	Q20251022154353	0	-1	2.000000	0.466308	
2458	-85444.535034	3856747.019460	515.636293	Q20251022154353	0	-1	2.000000	0.466308	
2459	-85441.033918	3856762.018987	515.636266	Q20251022154353	0	-1	2.000000	0.466308	
2460	-85437.532801	3856777.018515	515.636238	Q20251022154353	0	-1	2.000000	0.466308	
2461	-85434.031684	3856792.018042	515.636211	Q20251022154353	0	-1	2.000000	0.466308	
2462	-85430.530567	3856807.017570	515.636183	Q20251022154353	0	-1	2.000000	0.466308	
2463	-85427.029451	3856822.017097	515.636155	Q20251022154353	0	-1	2.000000	0.466308	
2464	-85423.528334	3856837.016625	515.636128	Q20251022154353	0	-1	2.000000	0.466308	
2465	-85420.027217	3856852.016152	515.636100	Q20251022154353	0	-1	2.000000	0.466308	
2466	-85416.526100	3856867.015680	515.636073	Q20251022154353	0	-1	2.000000	0.466308	
2467	-85413.024984	3856882.015207	515.636045	Q20251022154353	0	-1	2.000000	0.466308	
2468	-85409.523867	3856897.014735	515.636017	Q20251022154353	0	-1	2.000000	0.466308	
2469	-85407.306860	3856906.512861	515.636000	Q20251022154353	0	-1	2.000000	0.466308	
2470	-85404.039712	3856921.565082	515.636000	Q20251022154353	0	-1	2.000000	0.466308	
2471	-85400.772563	3856936.617304	515.636000	Q20251022154353	0	-1	2.000000	0.466308	
2472	-85397.505414	3856951.669526	515.636000	Q20251022154353	0	-1	2.000000	0.466308	
2473	-85394.238265	3856966.721748	515.636000	Q20251022154353	0	-1	2.000000	0.466308	
2474	-85390.971116	3856981.773970	515.636000	Q20251022154353	0	-1	2.000000	0.466308	
2475	-85387.703967	3856996.826192	515.636000	Q20251022154353	0	-1	2.000000	0.466308	
2476	-85384.436818	3857011.878413	515.636000	Q20251022154353	0	-1	2.000000	0.466308	
2477	-85381.169670	3857026.930635	515.636000	Q20251022154353	0	-1	2.000000	0.466308	
2478	-85377.902521	3857041.982857	515.636000	Q20251022154353	0	-1	2.000000	0.466308	
2479	-85374.635372	3857057.035079	515.636000	Q20251022154353	0	-1	2.000000	0.466308	
2480	-85371.368223	3857072.087301	515.636000	Q20251022154353	0	-1	2.000000	0.466308	
2481	-85368.101074	3857087.139523	515.636000	Q20251022154353	0	-1	2.000000	0.466308	
2482	-85365.909300	3857097.237339	515.636000	Q20251022154353	0	-1	2.000000	0.466308	
2483	-86095.050026	3856945.900551	515.355197	Q20251022154400	0	-1	2.000000	0.466308	
2484	-86083.217386	3856955.761194	515.355178	Q20251022154400	0	-1	2.000000	0.466308	
2485	-86071.384747	3856965.621838	515.355160	Q20251022154400	0	-1	2.000000	0.466308	
2486	-86059.552107	3856975.482481	515.355141	Q20251022154400	0	-1	2.000000	0.466308	
2487	-86047.719468	3856985.343124	515.355123	Q20251022154400	0	-1	2.000000	0.466308	
2488	-86035.886828	3856995.203768	515.355104	Q20251022154400	0	-1	2.000000	0.466308	
2489	-86024.054189	3857005.064411	515.355086	Q20251022154400	0	-1	2.000000	0.466308	
2490	-86012.221549	3857014.925054	515.355068	Q20251022154400	0	-1	2.000000	0.466308	
2491	-86000.388910	3857024.785698	515.355049	Q20251022154400	0	-1	2.000000	0.466308	
2492	-85988.556270	3857034.646341	515.355031	Q20251022154400	0	-1	2.000000	0.466308	
2493	-85976.723631	3857044.506984	515.355012	Q20251022154400	0	-1	2.000000	0.466308	
2494	-85969.014557	3857050.931285	515.355000	Q20251022154400	0	-1	2.000000	0.466308	
2495	-85957.556157	3857061.224424	515.355000	Q20251022154400	0	-1	2.000000	0.466308	
2496	-85946.097757	3857071.517563	515.355000	Q20251022154400	0	-1	2.000000	0.466308	
2497	-85934.639357	3857081.810702	515.355000	Q20251022154400	0	-1	2.000000	0.466308	
2498	-85923.180957	3857092.103842	515.355000	Q20251022154400	0	-1	2.000000	0.466308	
2499	-85911.722558	3857102.396981	515.355000	Q20251022154400	0	-1	2.000000	0.466308	
2500	-85900.264158	3857112.690120	515.355000	Q20251022154400	0	-1	2.000000	0.466308	
2501	-85888.805758	3857122.983259	515.355000	Q20251022154400	0	-1	2.000000	0.466308	
2502	-85877.347358	3857133.276399	515.355000	Q20251022154400	0	-1	2.000000	0.466308	
2503	-85865.888958	3857143.569538	515.355000	Q20251022154400	0	-1	2.000000	0.466308	
2504	-85854.430558	3857153.862677	515.355000	Q20251022154400	0	-1	2.000000	0.466308	
2505	-85842.972158	3857164.155816	515.355000	Q20251022154400	0	-1	2.000000	0.466308	
2506	-85831.513758	3857174.448956	515.355000	Q20251022154400	0	-1	2.000000	0.466308	
2507	-85820.055359	3857184.742095	515.355000	Q20251022154400	0	-1	2.000000	0.466308	
2508	-85808.596959	3857195.035234	515.355000	Q20251022154400	0	-1	2.000000	0.466308	
2509	-85799.596036	3857203.120809	515.355000	Q20251022154400	0	-1	2.000000	0.466308	
2510	-86803.388346	3857086.685372	514.846243	Q20251022154405	0	-1	2.000000	0.466308	
2511	-86802.280257	3857102.048177	514.846224	Q20251022154405	0	-1	2.000000	0.466308	
2512	-86801.172168	3857117.410982	514.846205	Q20251022154405	0	-1	2.000000	0.466308	
2513	-86800.064079	3857132.773787	514.846187	Q20251022154405	0	-1	2.000000	0.466308	
2514	-86798.955990	3857148.136592	514.846168	Q20251022154405	0	-1	2.000000	0.466308	
2515	-86797.847901	3857163.499397	514.846149	Q20251022154405	0	-1	2.000000	0.466308	
2516	-86796.739812	3857178.862203	514.846130	Q20251022154405	0	-1	2.000000	0.466308	
2517	-86795.631723	3857194.225008	514.846111	Q20251022154405	0	-1	2.000000	0.466308	
2518	-86794.523634	3857209.587813	514.846092	Q20251022154405	0	-1	2.000000	0.466308	
2519	-86793.415545	3857224.950618	514.846074	Q20251022154405	0	-1	2.000000	0.466308	
2520	-86792.307456	3857240.313423	514.846055	Q20251022154405	0	-1	2.000000	0.466308	
2521	-86791.199367	3857255.676228	514.846036	Q20251022154405	0	-1	2.000000	0.466308	
2522	-86790.091278	3857271.039034	514.846017	Q20251022154405	0	-1	2.000000	0.466308	
2523	-86789.082240	3857285.028565	514.846000	Q20251022154405	0	-1	2.000000	0.466308	
2524	-86787.687744	3857300.368024	514.846000	Q20251022154405	0	-1	2.000000	0.466308	
2525	-86786.293248	3857315.707484	514.846000	Q20251022154405	0	-1	2.000000	0.466308	
2526	-86784.898751	3857331.046944	514.846000	Q20251022154405	0	-1	2.000000	0.466308	
2527	-86783.504255	3857346.386403	514.846000	Q20251022154405	0	-1	2.000000	0.466308	
2528	-86782.109759	3857361.725863	514.846000	Q20251022154405	0	-1	2.000000	0.466308	
2529	-86780.715262	3857377.065323	514.846000	Q20251022154405	0	-1	2.000000	0.466308	
2530	-86779.320766	3857392.404782	514.846000	Q20251022154405	0	-1	2.000000	0.466308	
2531	-86777.926270	3857407.744242	514.846000	Q20251022154405	0	-1	2.000000	0.466308	
2532	-86776.531773	3857423.083702	514.846000	Q20251022154405	0	-1	2.000000	0.466308	
2533	-86775.137277	3857438.423161	514.846000	Q20251022154405	0	-1	2.000000	0.466308	
2534	-86773.742781	3857453.762621	514.846000	Q20251022154405	0	-1	2.000000	0.466308	
2535	-86772.348284	3857469.102081	514.846000	Q20251022154405	0	-1	2.000000	0.466308	
2536	-86771.239225	3857481.301731	514.846000	Q20251022154405	0	-1	2.000000	0.466308	
2537	-71341.803665	3853793.555702	521.133757	Q20251024235647	0	-1	2.000000	0.466308	
2538	-71338.786854	3853778.451316	521.133767	Q20251024235647	0	-1	2.000000	0.466308	
2539	-71335.770043	3853763.346929	521.133776	Q20251024235647	0	-1	2.000000	0.466308	
2540	-71332.753232	3853748.242542	521.133785	Q20251024235647	0	-1	2.000000	0.466308	
2541	-71329.736421	3853733.138156	521.133795	Q20251024235647	0	-1	2.000000	0.466308	
2542	-71326.719610	3853718.033769	521.133804	Q20251024235647	0	-1	2.000000	0.466308	
2543	-71323.702799	3853702.929383	521.133813	Q20251024235647	0	-1	2.000000	0.466308	
2544	-71320.685988	3853687.824996	521.133822	Q20251024235647	0	-1	2.000000	0.466308	
2545	-71317.669177	3853672.720609	521.133832	Q20251024235647	0	-1	2.000000	0.466308	
2546	-71314.652366	3853657.616223	521.133841	Q20251024235647	0	-1	2.000000	0.466308	
2547	-71311.635555	3853642.511836	521.133850	Q20251024235647	0	-1	2.000000	0.466308	
2548	-71308.618744	3853627.407449	521.133860	Q20251024235647	0	-1	2.000000	0.466308	
2549	-71305.601933	3853612.303063	521.133869	Q20251024235647	0	-1	2.000000	0.466308	
2550	-71302.585122	3853597.198676	521.133878	Q20251024235647	0	-1	2.000000	0.466308	
2551	-71299.568311	3853582.094290	521.133888	Q20251024235647	0	-1	2.000000	0.466308	
2552	-71296.551500	3853566.989903	521.133897	Q20251024235647	0	-1	2.000000	0.466308	
2553	-71293.534689	3853551.885516	521.133906	Q20251024235647	0	-1	2.000000	0.466308	
2554	-71290.517878	3853536.781130	521.133916	Q20251024235647	0	-1	2.000000	0.466308	
2555	-71287.501067	3853521.676743	521.133925	Q20251024235647	0	-1	2.000000	0.466308	
2556	-71284.484256	3853506.572357	521.133934	Q20251024235647	0	-1	2.000000	0.466308	
2557	-71281.467445	3853491.467970	521.133944	Q20251024235647	0	-1	2.000000	0.466308	
2558	-71278.450634	3853476.363583	521.133953	Q20251024235647	0	-1	2.000000	0.466308	
2559	-71275.433823	3853461.259197	521.133962	Q20251024235647	0	-1	2.000000	0.466308	
2560	-71272.417012	3853446.154810	521.133972	Q20251024235647	0	-1	2.000000	0.466308	
2561	-71269.400201	3853431.050424	521.133981	Q20251024235647	0	-1	2.000000	0.466308	
2562	-71266.383390	3853415.946037	521.133990	Q20251024235647	0	-1	2.000000	0.466308	
2563	-71263.217679	3853400.096149	521.134000	Q20251024235647	0	-1	2.000000	0.466308	
2564	-71259.689851	3853385.102881	521.134000	Q20251024235647	0	-1	2.000000	0.466308	
2565	-71256.162024	3853370.109614	521.134000	Q20251024235647	0	-1	2.000000	0.466308	
2566	-71252.634196	3853355.116346	521.134000	Q20251024235647	0	-1	2.000000	0.466308	
2567	-71249.106368	3853340.123078	521.134000	Q20251024235647	0	-1	2.000000	0.466308	
2568	-71245.578540	3853325.129811	521.134000	Q20251024235647	0	-1	2.000000	0.466308	
2569	-71242.050713	3853310.136543	521.134000	Q20251024235647	0	-1	2.000000	0.466308	
2570	-71238.522885	3853295.143275	521.134000	Q20251024235647	0	-1	2.000000	0.466308	
2571	-71234.995057	3853280.150008	521.134000	Q20251024235647	0	-1	2.000000	0.466308	
2572	-71231.467229	3853265.156740	521.134000	Q20251024235647	0	-1	2.000000	0.466308	
2573	-71227.939401	3853250.163472	521.134000	Q20251024235647	0	-1	2.000000	0.466308	
2574	-71224.411574	3853235.170205	521.134000	Q20251024235647	0	-1	2.000000	0.466308	
2575	-71220.883746	3853220.176937	521.134000	Q20251024235647	0	-1	2.000000	0.466308	
2576	-71217.355918	3853205.183669	521.134000	Q20251024235647	0	-1	2.000000	0.466308	
2577	-71213.828090	3853190.190402	521.134000	Q20251024235647	0	-1	2.000000	0.466308	
2578	-71210.300263	3853175.197134	521.134000	Q20251024235647	0	-1	2.000000	0.466308	
2579	-71206.772435	3853160.203867	521.134000	Q20251024235647	0	-1	2.000000	0.466308	
2580	-71203.244607	3853145.210599	521.134000	Q20251024235647	0	-1	2.000000	0.466308	
2581	-71199.716779	3853130.217331	521.134000	Q20251024235647	0	-1	2.000000	0.466308	
2582	-71196.188951	3853115.224064	521.134000	Q20251024235647	0	-1	2.000000	0.466308	
2583	-71192.661124	3853100.230796	521.134000	Q20251024235647	0	-1	2.000000	0.466308	
2584	-71189.133296	3853085.237528	521.134000	Q20251024235647	0	-1	2.000000	0.466308	
2585	-71185.605468	3853070.244261	521.134000	Q20251024235647	0	-1	2.000000	0.466308	
2586	-71182.077640	3853055.250993	521.134000	Q20251024235647	0	-1	2.000000	0.466308	
2587	-71178.549813	3853040.257725	521.134000	Q20251024235647	0	-1	2.000000	0.466308	
2588	-71174.800895	3853024.324828	521.134000	Q20251024235647	0	-1	2.000000	0.466308	
2589	-68916.854375	3856052.514860	520.659471	Q20251024235657	0	-1	2.000000	0.466308	
2590	-68906.576020	3856041.043197	520.659452	Q20251024235657	0	-1	2.000000	0.466308	
2591	-68896.297665	3856029.571534	520.659432	Q20251024235657	0	-1	2.000000	0.466308	
2592	-68886.019310	3856018.099870	520.659412	Q20251024235657	0	-1	2.000000	0.466308	
2593	-68875.740955	3856006.628207	520.659393	Q20251024235657	0	-1	2.000000	0.466308	
2594	-68865.462600	3855995.156543	520.659373	Q20251024235657	0	-1	2.000000	0.466308	
2595	-68855.184245	3855983.684880	520.659353	Q20251024235657	0	-1	2.000000	0.466308	
2596	-68844.905889	3855972.213217	520.659334	Q20251024235657	0	-1	2.000000	0.466308	
2597	-68834.627534	3855960.741553	520.659314	Q20251024235657	0	-1	2.000000	0.466308	
2598	-68824.349179	3855949.269890	520.659295	Q20251024235657	0	-1	2.000000	0.466308	
2599	-68814.070824	3855937.798226	520.659275	Q20251024235657	0	-1	2.000000	0.466308	
2600	-68803.792469	3855926.326563	520.659255	Q20251024235657	0	-1	2.000000	0.466308	
2601	-68793.514114	3855914.854900	520.659236	Q20251024235657	0	-1	2.000000	0.466308	
2602	-68783.235759	3855903.383236	520.659216	Q20251024235657	0	-1	2.000000	0.466308	
2603	-68772.957404	3855891.911573	520.659197	Q20251024235657	0	-1	2.000000	0.466308	
2604	-68762.679049	3855880.439910	520.659177	Q20251024235657	0	-1	2.000000	0.466308	
2605	-68752.400694	3855868.968246	520.659157	Q20251024235657	0	-1	2.000000	0.466308	
2606	-68742.122339	3855857.496583	520.659138	Q20251024235657	0	-1	2.000000	0.466308	
2607	-68731.843984	3855846.024919	520.659118	Q20251024235657	0	-1	2.000000	0.466308	
2608	-68721.565629	3855834.553256	520.659099	Q20251024235657	0	-1	2.000000	0.466308	
2609	-68711.287274	3855823.081593	520.659079	Q20251024235657	0	-1	2.000000	0.466308	
2610	-68701.008919	3855811.609929	520.659059	Q20251024235657	0	-1	2.000000	0.466308	
2611	-68690.730564	3855800.138266	520.659040	Q20251024235657	0	-1	2.000000	0.466308	
2612	-68680.452209	3855788.666602	520.659020	Q20251024235657	0	-1	2.000000	0.466308	
2613	-68669.852313	3855776.836068	520.659000	Q20251024235657	0	-1	2.000000	0.466308	
2614	-68659.229751	3855765.682378	520.659000	Q20251024235657	0	-1	2.000000	0.466308	
2615	-68648.607189	3855754.528687	520.659000	Q20251024235657	0	-1	2.000000	0.466308	
2616	-68637.984626	3855743.374996	520.659000	Q20251024235657	0	-1	2.000000	0.466308	
2617	-68627.362064	3855732.221306	520.659000	Q20251024235657	0	-1	2.000000	0.466308	
2618	-68616.739502	3855721.067615	520.659000	Q20251024235657	0	-1	2.000000	0.466308	
2619	-68606.116939	3855709.913925	520.659000	Q20251024235657	0	-1	2.000000	0.466308	
2620	-68595.494377	3855698.760234	520.659000	Q20251024235657	0	-1	2.000000	0.466308	
2621	-68584.871815	3855687.606544	520.659000	Q20251024235657	0	-1	2.000000	0.466308	
2622	-68574.249252	3855676.452853	520.659000	Q20251024235657	0	-1	2.000000	0.466308	
2623	-68563.626690	3855665.299162	520.659000	Q20251024235657	0	-1	2.000000	0.466308	
2624	-68553.004128	3855654.145472	520.659000	Q20251024235657	0	-1	2.000000	0.466308	
2625	-68542.381565	3855642.991781	520.659000	Q20251024235657	0	-1	2.000000	0.466308	
2626	-68531.759003	3855631.838091	520.659000	Q20251024235657	0	-1	2.000000	0.466308	
2627	-68521.136441	3855620.684400	520.659000	Q20251024235657	0	-1	2.000000	0.466308	
2628	-68510.513878	3855609.530710	520.659000	Q20251024235657	0	-1	2.000000	0.466308	
2629	-68499.891316	3855598.377019	520.659000	Q20251024235657	0	-1	2.000000	0.466308	
2630	-68489.268754	3855587.223328	520.659000	Q20251024235657	0	-1	2.000000	0.466308	
2631	-68478.646191	3855576.069638	520.659000	Q20251024235657	0	-1	2.000000	0.466308	
2632	-68468.023629	3855564.915947	520.659000	Q20251024235657	0	-1	2.000000	0.466308	
2633	-68457.401067	3855553.762257	520.659000	Q20251024235657	0	-1	2.000000	0.466308	
2634	-68446.778504	3855542.608566	520.659000	Q20251024235657	0	-1	2.000000	0.466308	
2635	-68436.155942	3855531.454876	520.659000	Q20251024235657	0	-1	2.000000	0.466308	
2636	-68425.533380	3855520.301185	520.659000	Q20251024235657	0	-1	2.000000	0.466308	
2637	-68414.910817	3855509.147494	520.659000	Q20251024235657	0	-1	2.000000	0.466308	
2638	-68404.288255	3855497.993804	520.659000	Q20251024235657	0	-1	2.000000	0.466308	
2639	-68393.665693	3855486.840113	520.659000	Q20251024235657	0	-1	2.000000	0.466308	
2640	-68383.043130	3855475.686423	520.659000	Q20251024235657	0	-1	2.000000	0.466308	
2641	-68372.420568	3855464.532732	520.659000	Q20251024235657	0	-1	2.000000	0.466308	
2642	-68361.798006	3855453.379042	520.659000	Q20251024235657	0	-1	2.000000	0.466308	
2643	-68351.175444	3855442.225351	520.659000	Q20251024235657	0	-1	2.000000	0.466308	
2644	-68340.552881	3855431.071660	520.659000	Q20251024235657	0	-1	2.000000	0.466308	
2645	-68332.089896	3855422.185526	520.659000	Q20251024235657	0	-1	2.000000	0.466308	
2646	-66806.092381	3858301.914713	520.326962	Q20251024235707	0	-1	2.000000	0.466308	
2647	-66802.039491	3858316.774650	520.326963	Q20251024235707	0	-1	2.000000	0.466308	
2648	-66797.986602	3858331.634587	520.326965	Q20251024235707	0	-1	2.000000	0.466308	
2649	-66793.933712	3858346.494524	520.326967	Q20251024235707	0	-1	2.000000	0.466308	
2650	-66789.880823	3858361.354461	520.326969	Q20251024235707	0	-1	2.000000	0.466308	
2651	-66785.827934	3858376.214398	520.326971	Q20251024235707	0	-1	2.000000	0.466308	
2652	-66781.775044	3858391.074336	520.326972	Q20251024235707	0	-1	2.000000	0.466308	
2653	-66777.722155	3858405.934273	520.326974	Q20251024235707	0	-1	2.000000	0.466308	
2654	-66773.669265	3858420.794210	520.326976	Q20251024235707	0	-1	2.000000	0.466308	
2655	-66769.616376	3858435.654147	520.326978	Q20251024235707	0	-1	2.000000	0.466308	
2656	-66765.563486	3858450.514084	520.326980	Q20251024235707	0	-1	2.000000	0.466308	
2657	-66761.510597	3858465.374021	520.326981	Q20251024235707	0	-1	2.000000	0.466308	
2658	-66757.457708	3858480.233958	520.326983	Q20251024235707	0	-1	2.000000	0.466308	
2659	-66753.404818	3858495.093895	520.326985	Q20251024235707	0	-1	2.000000	0.466308	
2660	-66749.351929	3858509.953832	520.326987	Q20251024235707	0	-1	2.000000	0.466308	
2661	-66745.299039	3858524.813770	520.326988	Q20251024235707	0	-1	2.000000	0.466308	
2662	-66741.246150	3858539.673707	520.326990	Q20251024235707	0	-1	2.000000	0.466308	
2663	-66737.193260	3858554.533644	520.326992	Q20251024235707	0	-1	2.000000	0.466308	
2664	-66733.140371	3858569.393581	520.326994	Q20251024235707	0	-1	2.000000	0.466308	
2665	-66729.087482	3858584.253518	520.326996	Q20251024235707	0	-1	2.000000	0.466308	
2666	-66725.034592	3858599.113455	520.326997	Q20251024235707	0	-1	2.000000	0.466308	
2667	-66719.201018	3858620.502282	520.327000	Q20251024235707	0	-1	2.000000	0.466308	
2668	-66715.737571	3858635.510553	520.327000	Q20251024235707	0	-1	2.000000	0.466308	
2669	-66712.274124	3858650.518823	520.327000	Q20251024235707	0	-1	2.000000	0.466308	
2670	-66708.810677	3858665.527093	520.327000	Q20251024235707	0	-1	2.000000	0.466308	
2671	-66705.347230	3858680.535364	520.327000	Q20251024235707	0	-1	2.000000	0.466308	
2672	-66701.883783	3858695.543634	520.327000	Q20251024235707	0	-1	2.000000	0.466308	
2673	-66698.420336	3858710.551905	520.327000	Q20251024235707	0	-1	2.000000	0.466308	
2674	-66694.956889	3858725.560175	520.327000	Q20251024235707	0	-1	2.000000	0.466308	
2675	-66691.493442	3858740.568445	520.327000	Q20251024235707	0	-1	2.000000	0.466308	
2676	-66688.029995	3858755.576716	520.327000	Q20251024235707	0	-1	2.000000	0.466308	
2677	-66684.566548	3858770.584986	520.327000	Q20251024235707	0	-1	2.000000	0.466308	
2678	-66681.103101	3858785.593256	520.327000	Q20251024235707	0	-1	2.000000	0.466308	
2679	-66677.639654	3858800.601527	520.327000	Q20251024235707	0	-1	2.000000	0.466308	
2680	-66674.176207	3858815.609797	520.327000	Q20251024235707	0	-1	2.000000	0.466308	
2681	-66670.712760	3858830.618067	520.327000	Q20251024235707	0	-1	2.000000	0.466308	
2682	-66667.249313	3858845.626338	520.327000	Q20251024235707	0	-1	2.000000	0.466308	
2683	-66663.785866	3858860.634608	520.327000	Q20251024235707	0	-1	2.000000	0.466308	
2684	-66660.322420	3858875.642878	520.327000	Q20251024235707	0	-1	2.000000	0.466308	
2685	-66656.858973	3858890.651149	520.327000	Q20251024235707	0	-1	2.000000	0.466308	
2686	-66653.395526	3858905.659419	520.327000	Q20251024235707	0	-1	2.000000	0.466308	
2687	-66649.932079	3858920.667689	520.327000	Q20251024235707	0	-1	2.000000	0.466308	
2688	-66647.018817	3858933.291823	520.327000	Q20251024235707	0	-1	2.000000	0.466308	
2689	-71635.176069	3859283.649579	519.327849	Q20251024235722	0	-1	2.000000	0.466308	
2690	-71632.353022	3859298.791377	519.327855	Q20251024235722	0	-1	2.000000	0.466308	
2691	-71629.529975	3859313.933175	519.327862	Q20251024235722	0	-1	2.000000	0.466308	
2692	-71626.706928	3859329.074973	519.327868	Q20251024235722	0	-1	2.000000	0.466308	
2693	-71623.883880	3859344.216771	519.327875	Q20251024235722	0	-1	2.000000	0.466308	
2694	-71621.060833	3859359.358569	519.327882	Q20251024235722	0	-1	2.000000	0.466308	
2695	-71618.237786	3859374.500367	519.327888	Q20251024235722	0	-1	2.000000	0.466308	
2696	-71615.414739	3859389.642165	519.327895	Q20251024235722	0	-1	2.000000	0.466308	
2697	-71612.591692	3859404.783963	519.327901	Q20251024235722	0	-1	2.000000	0.466308	
2698	-71609.768645	3859419.925761	519.327908	Q20251024235722	0	-1	2.000000	0.466308	
2699	-71606.945598	3859435.067559	519.327915	Q20251024235722	0	-1	2.000000	0.466308	
2700	-71604.122551	3859450.209357	519.327921	Q20251024235722	0	-1	2.000000	0.466308	
2701	-71601.299504	3859465.351156	519.327928	Q20251024235722	0	-1	2.000000	0.466308	
2702	-71598.476457	3859480.492954	519.327934	Q20251024235722	0	-1	2.000000	0.466308	
2703	-71595.653409	3859495.634752	519.327941	Q20251024235722	0	-1	2.000000	0.466308	
2704	-71592.830362	3859510.776550	519.327948	Q20251024235722	0	-1	2.000000	0.466308	
2705	-71590.007315	3859525.918348	519.327954	Q20251024235722	0	-1	2.000000	0.466308	
2706	-71587.184268	3859541.060146	519.327961	Q20251024235722	0	-1	2.000000	0.466308	
2707	-71584.361221	3859556.201944	519.327967	Q20251024235722	0	-1	2.000000	0.466308	
2708	-71581.538174	3859571.343742	519.327974	Q20251024235722	0	-1	2.000000	0.466308	
2709	-71578.715127	3859586.485540	519.327981	Q20251024235722	0	-1	2.000000	0.466308	
2710	-71575.892080	3859601.627338	519.327987	Q20251024235722	0	-1	2.000000	0.466308	
2711	-71573.069033	3859616.769136	519.327994	Q20251024235722	0	-1	2.000000	0.466308	
2712	-71570.380503	3859631.189432	519.328000	Q20251024235722	0	-1	2.000000	0.466308	
2713	-71567.411702	3859646.303328	519.328000	Q20251024235722	0	-1	2.000000	0.466308	
2714	-71564.442901	3859661.417224	519.328000	Q20251024235722	0	-1	2.000000	0.466308	
2715	-71561.474100	3859676.531121	519.328000	Q20251024235722	0	-1	2.000000	0.466308	
2716	-71558.505299	3859691.645017	519.328000	Q20251024235722	0	-1	2.000000	0.466308	
2717	-71555.536498	3859706.758913	519.328000	Q20251024235722	0	-1	2.000000	0.466308	
2718	-71552.567697	3859721.872810	519.328000	Q20251024235722	0	-1	2.000000	0.466308	
2719	-71549.598895	3859736.986706	519.328000	Q20251024235722	0	-1	2.000000	0.466308	
2720	-71546.630094	3859752.100603	519.328000	Q20251024235722	0	-1	2.000000	0.466308	
2721	-71543.661293	3859767.214499	519.328000	Q20251024235722	0	-1	2.000000	0.466308	
2722	-71540.692492	3859782.328395	519.328000	Q20251024235722	0	-1	2.000000	0.466308	
2723	-71537.723691	3859797.442292	519.328000	Q20251024235722	0	-1	2.000000	0.466308	
2724	-71534.754890	3859812.556188	519.328000	Q20251024235722	0	-1	2.000000	0.466308	
2725	-71531.786089	3859827.670084	519.328000	Q20251024235722	0	-1	2.000000	0.466308	
2726	-71528.817288	3859842.783981	519.328000	Q20251024235722	0	-1	2.000000	0.466308	
2727	-71525.848487	3859857.897877	519.328000	Q20251024235722	0	-1	2.000000	0.466308	
2728	-71522.879686	3859873.011774	519.328000	Q20251024235722	0	-1	2.000000	0.466308	
2729	-71519.910885	3859888.125670	519.328000	Q20251024235722	0	-1	2.000000	0.466308	
2730	-71516.942084	3859903.239566	519.328000	Q20251024235722	0	-1	2.000000	0.466308	
2731	-71513.973282	3859918.353463	519.328000	Q20251024235722	0	-1	2.000000	0.466308	
2732	-71511.004481	3859933.467359	519.328000	Q20251024235722	0	-1	2.000000	0.466308	
2733	-71508.035680	3859948.581255	519.328000	Q20251024235722	0	-1	2.000000	0.466308	
2734	-71505.066879	3859963.695152	519.328000	Q20251024235722	0	-1	2.000000	0.466308	
2735	-71502.761890	3859975.429642	519.328000	Q20251024235722	0	-1	2.000000	0.466308	
2736	-75318.559605	3859621.404585	518.210929	Q20251024235734	0	-1	2.000000	0.466308	
2737	-75317.786684	3859636.787895	518.210932	Q20251024235734	0	-1	2.000000	0.466308	
2738	-75317.013764	3859652.171205	518.210935	Q20251024235734	0	-1	2.000000	0.466308	
2739	-75316.240843	3859667.554516	518.210938	Q20251024235734	0	-1	2.000000	0.466308	
2740	-75315.467923	3859682.937826	518.210942	Q20251024235734	0	-1	2.000000	0.466308	
2741	-75314.695002	3859698.321136	518.210945	Q20251024235734	0	-1	2.000000	0.466308	
2742	-75313.922082	3859713.704447	518.210948	Q20251024235734	0	-1	2.000000	0.466308	
2743	-75313.149161	3859729.087757	518.210951	Q20251024235734	0	-1	2.000000	0.466308	
2744	-75312.376241	3859744.471067	518.210955	Q20251024235734	0	-1	2.000000	0.466308	
2745	-75311.603320	3859759.854378	518.210958	Q20251024235734	0	-1	2.000000	0.466308	
2746	-75310.830400	3859775.237688	518.210961	Q20251024235734	0	-1	2.000000	0.466308	
2747	-75310.057479	3859790.620999	518.210965	Q20251024235734	0	-1	2.000000	0.466308	
2748	-75309.284559	3859806.004309	518.210968	Q20251024235734	0	-1	2.000000	0.466308	
2749	-75308.511638	3859821.387619	518.210971	Q20251024235734	0	-1	2.000000	0.466308	
2750	-75307.738718	3859836.770930	518.210974	Q20251024235734	0	-1	2.000000	0.466308	
2751	-75306.965797	3859852.154240	518.210978	Q20251024235734	0	-1	2.000000	0.466308	
2752	-75306.192877	3859867.537550	518.210981	Q20251024235734	0	-1	2.000000	0.466308	
2753	-75305.419956	3859882.920861	518.210984	Q20251024235734	0	-1	2.000000	0.466308	
2754	-75304.647036	3859898.304171	518.210988	Q20251024235734	0	-1	2.000000	0.466308	
2755	-75303.874115	3859913.687481	518.210991	Q20251024235734	0	-1	2.000000	0.466308	
2756	-75303.101195	3859929.070792	518.210994	Q20251024235734	0	-1	2.000000	0.466308	
2757	-75302.328274	3859944.454102	518.210997	Q20251024235734	0	-1	2.000000	0.466308	
2758	-75301.698510	3859956.988203	518.211000	Q20251024235734	0	-1	2.000000	0.466308	
2759	-75300.874546	3859972.368863	518.211000	Q20251024235734	0	-1	2.000000	0.466308	
2760	-75300.050582	3859987.749524	518.211000	Q20251024235734	0	-1	2.000000	0.466308	
2761	-75299.226618	3860003.130185	518.211000	Q20251024235734	0	-1	2.000000	0.466308	
2762	-75298.402654	3860018.510846	518.211000	Q20251024235734	0	-1	2.000000	0.466308	
2763	-75297.578690	3860033.891507	518.211000	Q20251024235734	0	-1	2.000000	0.466308	
2764	-75296.754726	3860049.272167	518.211000	Q20251024235734	0	-1	2.000000	0.466308	
2765	-75295.930762	3860064.652828	518.211000	Q20251024235734	0	-1	2.000000	0.466308	
2766	-75295.106798	3860080.033489	518.211000	Q20251024235734	0	-1	2.000000	0.466308	
2767	-75294.282834	3860095.414150	518.211000	Q20251024235734	0	-1	2.000000	0.466308	
2768	-75293.458870	3860110.794811	518.211000	Q20251024235734	0	-1	2.000000	0.466308	
2769	-75292.634906	3860126.175472	518.211000	Q20251024235734	0	-1	2.000000	0.466308	
2770	-75291.810942	3860141.556132	518.211000	Q20251024235734	0	-1	2.000000	0.466308	
2771	-75290.986978	3860156.936793	518.211000	Q20251024235734	0	-1	2.000000	0.466308	
2772	-75290.163014	3860172.317454	518.211000	Q20251024235734	0	-1	2.000000	0.466308	
2773	-75289.339050	3860187.698115	518.211000	Q20251024235734	0	-1	2.000000	0.466308	
2774	-75288.515086	3860203.078776	518.211000	Q20251024235734	0	-1	2.000000	0.466308	
2775	-75287.691122	3860218.459436	518.211000	Q20251024235734	0	-1	2.000000	0.466308	
2776	-75286.867158	3860233.840097	518.211000	Q20251024235734	0	-1	2.000000	0.466308	
2777	-75286.043194	3860249.220758	518.211000	Q20251024235734	0	-1	2.000000	0.466308	
2778	-75285.219230	3860264.601419	518.211000	Q20251024235734	0	-1	2.000000	0.466308	
2779	-75284.395266	3860279.982080	518.211000	Q20251024235734	0	-1	2.000000	0.466308	
2780	-75283.257070	3860301.228414	518.211000	Q20251024235734	0	-1	2.000000	0.466308	
2781	-77836.854755	3858994.067239	516.910413	Q20251024235742	0	-1	2.000000	0.466308	
2782	-77845.712334	3859006.668308	516.910394	Q20251024235742	0	-1	2.000000	0.466308	
2783	-77854.569913	3859019.269377	516.910374	Q20251024235742	0	-1	2.000000	0.466308	
2784	-77863.427493	3859031.870445	516.910355	Q20251024235742	0	-1	2.000000	0.466308	
2785	-77872.285072	3859044.471514	516.910335	Q20251024235742	0	-1	2.000000	0.466308	
2786	-77881.142651	3859057.072583	516.910315	Q20251024235742	0	-1	2.000000	0.466308	
2787	-77890.000230	3859069.673652	516.910296	Q20251024235742	0	-1	2.000000	0.466308	
2788	-77898.857809	3859082.274720	516.910276	Q20251024235742	0	-1	2.000000	0.466308	
2789	-77907.715388	3859094.875789	516.910257	Q20251024235742	0	-1	2.000000	0.466308	
2790	-77916.572968	3859107.476858	516.910237	Q20251024235742	0	-1	2.000000	0.466308	
2791	-77925.430547	3859120.077927	516.910217	Q20251024235742	0	-1	2.000000	0.466308	
2792	-77934.288126	3859132.678996	516.910198	Q20251024235742	0	-1	2.000000	0.466308	
2793	-77943.145705	3859145.280064	516.910178	Q20251024235742	0	-1	2.000000	0.466308	
2794	-77952.003284	3859157.881133	516.910158	Q20251024235742	0	-1	2.000000	0.466308	
2795	-77960.860864	3859170.482202	516.910139	Q20251024235742	0	-1	2.000000	0.466308	
2796	-77969.718443	3859183.083271	516.910119	Q20251024235742	0	-1	2.000000	0.466308	
2797	-77978.576022	3859195.684340	516.910100	Q20251024235742	0	-1	2.000000	0.466308	
2798	-77987.433601	3859208.285408	516.910080	Q20251024235742	0	-1	2.000000	0.466308	
2799	-77996.291180	3859220.886477	516.910060	Q20251024235742	0	-1	2.000000	0.466308	
2800	-78005.148759	3859233.487546	516.910041	Q20251024235742	0	-1	2.000000	0.466308	
2801	-78014.006339	3859246.088615	516.910021	Q20251024235742	0	-1	2.000000	0.466308	
2802	-78023.535916	3859259.645689	516.910000	Q20251024235742	0	-1	2.000000	0.466308	
2803	-78032.655501	3859272.058457	516.910000	Q20251024235742	0	-1	2.000000	0.466308	
2804	-78041.775086	3859284.471225	516.910000	Q20251024235742	0	-1	2.000000	0.466308	
2805	-78050.894671	3859296.883993	516.910000	Q20251024235742	0	-1	2.000000	0.466308	
2806	-78060.014256	3859309.296761	516.910000	Q20251024235742	0	-1	2.000000	0.466308	
2807	-78069.133842	3859321.709529	516.910000	Q20251024235742	0	-1	2.000000	0.466308	
2808	-78078.253427	3859334.122297	516.910000	Q20251024235742	0	-1	2.000000	0.466308	
2809	-78087.373012	3859346.535066	516.910000	Q20251024235742	0	-1	2.000000	0.466308	
2810	-78096.492597	3859358.947834	516.910000	Q20251024235742	0	-1	2.000000	0.466308	
2811	-78105.612182	3859371.360602	516.910000	Q20251024235742	0	-1	2.000000	0.466308	
2812	-78114.731767	3859383.773370	516.910000	Q20251024235742	0	-1	2.000000	0.466308	
2813	-78123.851352	3859396.186138	516.910000	Q20251024235742	0	-1	2.000000	0.466308	
2814	-78132.970937	3859408.598906	516.910000	Q20251024235742	0	-1	2.000000	0.466308	
2815	-78142.090522	3859421.011674	516.910000	Q20251024235742	0	-1	2.000000	0.466308	
2816	-78151.210108	3859433.424442	516.910000	Q20251024235742	0	-1	2.000000	0.466308	
2817	-78160.329693	3859445.837210	516.910000	Q20251024235742	0	-1	2.000000	0.466308	
2818	-78169.449278	3859458.249978	516.910000	Q20251024235742	0	-1	2.000000	0.466308	
2819	-78178.568863	3859470.662746	516.910000	Q20251024235742	0	-1	2.000000	0.466308	
2820	-78187.688448	3859483.075514	516.910000	Q20251024235742	0	-1	2.000000	0.466308	
2821	-78196.808033	3859495.488282	516.910000	Q20251024235742	0	-1	2.000000	0.466308	
2822	-78205.927618	3859507.901050	516.910000	Q20251024235742	0	-1	2.000000	0.466308	
2823	-78215.047203	3859520.313818	516.910000	Q20251024235742	0	-1	2.000000	0.466308	
2824	-78224.166788	3859532.726586	516.910000	Q20251024235742	0	-1	2.000000	0.466308	
2825	-78233.286374	3859545.139355	516.910000	Q20251024235742	0	-1	2.000000	0.466308	
2826	-78239.745421	3859553.930835	516.910000	Q20251024235742	0	-1	2.000000	0.466308	
2827	-82787.029245	3856720.651307	515.864163	Q20251024235753	0	-1	2.000000	0.466308	
2828	-82790.175939	3856735.729170	515.864157	Q20251024235753	0	-1	2.000000	0.466308	
2829	-82793.322634	3856750.807033	515.864151	Q20251024235753	0	-1	2.000000	0.466308	
2830	-82796.469328	3856765.884896	515.864146	Q20251024235753	0	-1	2.000000	0.466308	
2831	-82799.616022	3856780.962759	515.864140	Q20251024235753	0	-1	2.000000	0.466308	
2832	-82802.762717	3856796.040623	515.864134	Q20251024235753	0	-1	2.000000	0.466308	
2833	-82805.909411	3856811.118486	515.864128	Q20251024235753	0	-1	2.000000	0.466308	
2834	-82809.056106	3856826.196349	515.864122	Q20251024235753	0	-1	2.000000	0.466308	
2835	-82812.202800	3856841.274212	515.864116	Q20251024235753	0	-1	2.000000	0.466308	
2836	-82815.349495	3856856.352075	515.864111	Q20251024235753	0	-1	2.000000	0.466308	
2837	-82818.496189	3856871.429939	515.864105	Q20251024235753	0	-1	2.000000	0.466308	
2838	-82821.642883	3856886.507802	515.864099	Q20251024235753	0	-1	2.000000	0.466308	
2839	-82824.789578	3856901.585665	515.864093	Q20251024235753	0	-1	2.000000	0.466308	
2840	-82827.936272	3856916.663528	515.864087	Q20251024235753	0	-1	2.000000	0.466308	
2841	-82831.082967	3856931.741391	515.864081	Q20251024235753	0	-1	2.000000	0.466308	
2842	-82834.229661	3856946.819254	515.864076	Q20251024235753	0	-1	2.000000	0.466308	
2843	-82837.376356	3856961.897118	515.864070	Q20251024235753	0	-1	2.000000	0.466308	
2844	-82840.523050	3856976.974981	515.864064	Q20251024235753	0	-1	2.000000	0.466308	
2845	-82843.669745	3856992.052844	515.864058	Q20251024235753	0	-1	2.000000	0.466308	
2846	-82846.816439	3857007.130707	515.864052	Q20251024235753	0	-1	2.000000	0.466308	
2847	-82849.963133	3857022.208570	515.864047	Q20251024235753	0	-1	2.000000	0.466308	
2848	-82853.109828	3857037.286433	515.864041	Q20251024235753	0	-1	2.000000	0.466308	
2849	-82856.256522	3857052.364297	515.864035	Q20251024235753	0	-1	2.000000	0.466308	
2850	-82859.403217	3857067.442160	515.864029	Q20251024235753	0	-1	2.000000	0.466308	
2851	-82862.549911	3857082.520023	515.864023	Q20251024235753	0	-1	2.000000	0.466308	
2852	-82865.696606	3857097.597886	515.864017	Q20251024235753	0	-1	2.000000	0.466308	
2853	-82868.843300	3857112.675749	515.864012	Q20251024235753	0	-1	2.000000	0.466308	
2854	-82871.989994	3857127.753612	515.864006	Q20251024235753	0	-1	2.000000	0.466308	
2855	-82875.076774	3857142.544386	515.864000	Q20251024235753	0	-1	2.000000	0.466308	
2856	-82878.591540	3857157.540721	515.864000	Q20251024235753	0	-1	2.000000	0.466308	
2857	-82882.106306	3857172.537056	515.864000	Q20251024235753	0	-1	2.000000	0.466308	
2858	-82885.621072	3857187.533391	515.864000	Q20251024235753	0	-1	2.000000	0.466308	
2859	-82889.135838	3857202.529726	515.864000	Q20251024235753	0	-1	2.000000	0.466308	
2860	-82892.650604	3857217.526061	515.864000	Q20251024235753	0	-1	2.000000	0.466308	
2861	-82896.165370	3857232.522396	515.864000	Q20251024235753	0	-1	2.000000	0.466308	
2862	-82899.680136	3857247.518731	515.864000	Q20251024235753	0	-1	2.000000	0.466308	
2863	-82903.194902	3857262.515066	515.864000	Q20251024235753	0	-1	2.000000	0.466308	
2864	-82906.709668	3857277.511401	515.864000	Q20251024235753	0	-1	2.000000	0.466308	
2865	-82910.224433	3857292.507736	515.864000	Q20251024235753	0	-1	2.000000	0.466308	
2866	-82913.739199	3857307.504071	515.864000	Q20251024235753	0	-1	2.000000	0.466308	
2867	-82917.253965	3857322.500406	515.864000	Q20251024235753	0	-1	2.000000	0.466308	
2868	-82920.768731	3857337.496741	515.864000	Q20251024235753	0	-1	2.000000	0.466308	
2869	-82924.283497	3857352.493076	515.864000	Q20251024235753	0	-1	2.000000	0.466308	
2870	-82927.798263	3857367.489412	515.864000	Q20251024235753	0	-1	2.000000	0.466308	
2871	-82931.313029	3857382.485747	515.864000	Q20251024235753	0	-1	2.000000	0.466308	
2872	-82934.827795	3857397.482082	515.864000	Q20251024235753	0	-1	2.000000	0.466308	
2873	-82938.342561	3857412.478417	515.864000	Q20251024235753	0	-1	2.000000	0.466308	
2874	-82941.857327	3857427.474752	515.864000	Q20251024235753	0	-1	2.000000	0.466308	
2875	-82945.372092	3857442.471087	515.864000	Q20251024235753	0	-1	2.000000	0.466308	
2876	-82948.886858	3857457.467422	515.864000	Q20251024235753	0	-1	2.000000	0.466308	
2877	-82952.401624	3857472.463757	515.864000	Q20251024235753	0	-1	2.000000	0.466308	
2878	-82955.916390	3857487.460092	515.864000	Q20251024235753	0	-1	2.000000	0.466308	
2879	-82959.431156	3857502.456427	515.864000	Q20251024235753	0	-1	2.000000	0.466308	
2880	-82962.945922	3857517.452762	515.864000	Q20251024235753	0	-1	2.000000	0.466308	
2881	-82966.460688	3857532.449097	515.864000	Q20251024235753	0	-1	2.000000	0.466308	
2882	-82969.975454	3857547.445432	515.864000	Q20251024235753	0	-1	2.000000	0.466308	
2883	-82973.151875	3857560.998163	515.864000	Q20251024235753	0	-1	2.000000	0.466308	
2884	-84533.251542	3856546.008677	515.767234	Q20251024235801	0	-1	2.000000	0.466308	
2885	-84530.388306	3856561.142927	515.767218	Q20251024235801	0	-1	2.000000	0.466308	
2886	-84527.525069	3856576.277177	515.767201	Q20251024235801	0	-1	2.000000	0.466308	
2887	-84524.661833	3856591.411427	515.767185	Q20251024235801	0	-1	2.000000	0.466308	
2888	-84521.798596	3856606.545677	515.767169	Q20251024235801	0	-1	2.000000	0.466308	
2889	-84518.935360	3856621.679927	515.767153	Q20251024235801	0	-1	2.000000	0.466308	
2890	-84516.072123	3856636.814176	515.767137	Q20251024235801	0	-1	2.000000	0.466308	
2891	-84513.208887	3856651.948426	515.767121	Q20251024235801	0	-1	2.000000	0.466308	
2892	-84510.345650	3856667.082676	515.767105	Q20251024235801	0	-1	2.000000	0.466308	
2893	-84507.482414	3856682.216926	515.767088	Q20251024235801	0	-1	2.000000	0.466308	
2894	-84504.619177	3856697.351176	515.767072	Q20251024235801	0	-1	2.000000	0.466308	
2895	-84501.755941	3856712.485426	515.767056	Q20251024235801	0	-1	2.000000	0.466308	
2896	-84498.892704	3856727.619676	515.767040	Q20251024235801	0	-1	2.000000	0.466308	
2897	-84496.029468	3856742.753926	515.767024	Q20251024235801	0	-1	2.000000	0.466308	
2898	-84491.787026	3856765.178261	515.767000	Q20251024235801	0	-1	2.000000	0.466308	
2899	-84489.086563	3856780.342401	515.767000	Q20251024235801	0	-1	2.000000	0.466308	
2900	-84486.386099	3856795.506541	515.767000	Q20251024235801	0	-1	2.000000	0.466308	
2901	-84483.685636	3856810.670681	515.767000	Q20251024235801	0	-1	2.000000	0.466308	
2902	-84480.985173	3856825.834821	515.767000	Q20251024235801	0	-1	2.000000	0.466308	
2903	-84478.284710	3856840.998961	515.767000	Q20251024235801	0	-1	2.000000	0.466308	
2904	-84475.584246	3856856.163101	515.767000	Q20251024235801	0	-1	2.000000	0.466308	
2905	-84472.883783	3856871.327241	515.767000	Q20251024235801	0	-1	2.000000	0.466308	
2906	-84470.183320	3856886.491381	515.767000	Q20251024235801	0	-1	2.000000	0.466308	
2907	-84467.482856	3856901.655521	515.767000	Q20251024235801	0	-1	2.000000	0.466308	
2908	-84464.782393	3856916.819661	515.767000	Q20251024235801	0	-1	2.000000	0.466308	
2909	-84462.081930	3856931.983801	515.767000	Q20251024235801	0	-1	2.000000	0.466308	
2910	-84459.381466	3856947.147941	515.767000	Q20251024235801	0	-1	2.000000	0.466308	
2911	-84456.681003	3856962.312081	515.767000	Q20251024235801	0	-1	2.000000	0.466308	
2912	-84453.980540	3856977.476221	515.767000	Q20251024235801	0	-1	2.000000	0.466308	
2913	-84450.625541	3856996.315827	515.767000	Q20251024235801	0	-1	2.000000	0.466308	
2914	-85242.195079	3856640.936763	515.721280	Q20251024235809	0	-1	2.000000	0.466308	
2915	-85239.031338	3856656.011059	515.721262	Q20251024235809	0	-1	2.000000	0.466308	
2916	-85235.867597	3856671.085354	515.721245	Q20251024235809	0	-1	2.000000	0.466308	
2917	-85232.703855	3856686.159650	515.721227	Q20251024235809	0	-1	2.000000	0.466308	
2918	-85229.540114	3856701.233946	515.721210	Q20251024235809	0	-1	2.000000	0.466308	
2919	-85226.376373	3856716.308241	515.721192	Q20251024235809	0	-1	2.000000	0.466308	
2920	-85223.212632	3856731.382537	515.721175	Q20251024235809	0	-1	2.000000	0.466308	
2921	-85220.048891	3856746.456832	515.721158	Q20251024235809	0	-1	2.000000	0.466308	
2922	-85216.885150	3856761.531128	515.721140	Q20251024235809	0	-1	2.000000	0.466308	
2923	-85213.721409	3856776.605423	515.721123	Q20251024235809	0	-1	2.000000	0.466308	
2924	-85210.557668	3856791.679719	515.721105	Q20251024235809	0	-1	2.000000	0.466308	
2925	-85207.393927	3856806.754014	515.721088	Q20251024235809	0	-1	2.000000	0.466308	
2926	-85204.230186	3856821.828310	515.721070	Q20251024235809	0	-1	2.000000	0.466308	
2927	-85201.066445	3856836.902605	515.721053	Q20251024235809	0	-1	2.000000	0.466308	
2928	-85197.902704	3856851.976901	515.721035	Q20251024235809	0	-1	2.000000	0.466308	
2929	-85194.738963	3856867.051197	515.721018	Q20251024235809	0	-1	2.000000	0.466308	
2930	-85191.532263	3856882.330178	515.721000	Q20251024235809	0	-1	2.000000	0.466308	
2931	-85188.754724	3856897.480390	515.721000	Q20251024235809	0	-1	2.000000	0.466308	
2932	-85185.977185	3856912.630602	515.721000	Q20251024235809	0	-1	2.000000	0.466308	
2933	-85183.199646	3856927.780814	515.721000	Q20251024235809	0	-1	2.000000	0.466308	
2934	-85180.422108	3856942.931026	515.721000	Q20251024235809	0	-1	2.000000	0.466308	
2935	-85177.644569	3856958.081238	515.721000	Q20251024235809	0	-1	2.000000	0.466308	
2936	-85174.867030	3856973.231450	515.721000	Q20251024235809	0	-1	2.000000	0.466308	
2937	-85172.089491	3856988.381661	515.721000	Q20251024235809	0	-1	2.000000	0.466308	
2938	-85169.311952	3857003.531873	515.721000	Q20251024235809	0	-1	2.000000	0.466308	
2939	-85166.534413	3857018.682085	515.721000	Q20251024235809	0	-1	2.000000	0.466308	
2940	-85163.756874	3857033.832297	515.721000	Q20251024235809	0	-1	2.000000	0.466308	
2941	-85160.979335	3857048.982509	515.721000	Q20251024235809	0	-1	2.000000	0.466308	
2942	-85158.201797	3857064.132721	515.721000	Q20251024235809	0	-1	2.000000	0.466308	
2943	-85156.703315	3857072.306259	515.721000	Q20251024235809	0	-1	2.000000	0.466308	
2944	-85999.491925	3856788.367594	515.457006	Q20251024235817	0	-1	2.000000	0.466308	
2945	-85989.848751	3856800.378125	515.457005	Q20251024235817	0	-1	2.000000	0.466308	
2946	-85980.205578	3856812.388656	515.457005	Q20251024235817	0	-1	2.000000	0.466308	
2947	-85970.562404	3856824.399187	515.457005	Q20251024235817	0	-1	2.000000	0.466308	
2948	-85960.919231	3856836.409717	515.457004	Q20251024235817	0	-1	2.000000	0.466308	
2949	-85951.276058	3856848.420248	515.457004	Q20251024235817	0	-1	2.000000	0.466308	
2950	-85941.632884	3856860.430779	515.457004	Q20251024235817	0	-1	2.000000	0.466308	
2951	-85931.989711	3856872.441310	515.457003	Q20251024235817	0	-1	2.000000	0.466308	
2952	-85922.346538	3856884.451841	515.457003	Q20251024235817	0	-1	2.000000	0.466308	
2953	-85912.703364	3856896.462372	515.457002	Q20251024235817	0	-1	2.000000	0.466308	
2954	-85903.060191	3856908.472902	515.457002	Q20251024235817	0	-1	2.000000	0.466308	
2955	-85893.417017	3856920.483433	515.457002	Q20251024235817	0	-1	2.000000	0.466308	
2956	-85883.773844	3856932.493964	515.457001	Q20251024235817	0	-1	2.000000	0.466308	
2957	-85874.130671	3856944.504495	515.457001	Q20251024235817	0	-1	2.000000	0.466308	
2958	-85864.487497	3856956.515026	515.457001	Q20251024235817	0	-1	2.000000	0.466308	
2959	-85854.844324	3856968.525557	515.457000	Q20251024235817	0	-1	2.000000	0.466308	
2960	-85848.152074	3856976.860725	515.457000	Q20251024235817	0	-1	2.000000	0.466308	
2961	-85838.817362	3856989.112534	515.457000	Q20251024235817	0	-1	2.000000	0.466308	
2962	-85829.482651	3857001.364342	515.457000	Q20251024235817	0	-1	2.000000	0.466308	
2963	-85820.147940	3857013.616150	515.457000	Q20251024235817	0	-1	2.000000	0.466308	
2964	-85810.813229	3857025.867959	515.457000	Q20251024235817	0	-1	2.000000	0.466308	
2965	-85801.478517	3857038.119767	515.457000	Q20251024235817	0	-1	2.000000	0.466308	
2966	-85792.143806	3857050.371576	515.457000	Q20251024235817	0	-1	2.000000	0.466308	
2967	-85782.809095	3857062.623384	515.457000	Q20251024235817	0	-1	2.000000	0.466308	
2968	-85773.474383	3857074.875192	515.457000	Q20251024235817	0	-1	2.000000	0.466308	
2969	-85764.139672	3857087.127001	515.457000	Q20251024235817	0	-1	2.000000	0.466308	
2970	-85754.804961	3857099.378809	515.457000	Q20251024235817	0	-1	2.000000	0.466308	
2971	-85745.470250	3857111.630618	515.457000	Q20251024235817	0	-1	2.000000	0.466308	
2972	-85736.135538	3857123.882426	515.457000	Q20251024235817	0	-1	2.000000	0.466308	
2973	-85726.800827	3857136.134234	515.457000	Q20251024235817	0	-1	2.000000	0.466308	
2974	-85717.466116	3857148.386043	515.457000	Q20251024235817	0	-1	2.000000	0.466308	
2975	-85708.131404	3857160.637851	515.457000	Q20251024235817	0	-1	2.000000	0.466308	
2976	-85697.700274	3857174.328710	515.457000	Q20251024235817	0	-1	2.000000	0.466308	
2977	-86588.633344	3857026.134259	515.151658	Q20251024235825	0	-1	2.000000	0.466308	
2978	-86586.016367	3857041.313029	515.151682	Q20251024235825	0	-1	2.000000	0.466308	
2979	-86583.399390	3857056.491800	515.151706	Q20251024235825	0	-1	2.000000	0.466308	
2980	-86580.782414	3857071.670570	515.151730	Q20251024235825	0	-1	2.000000	0.466308	
2981	-86578.165437	3857086.849341	515.151754	Q20251024235825	0	-1	2.000000	0.466308	
2982	-86575.548460	3857102.028112	515.151777	Q20251024235825	0	-1	2.000000	0.466308	
2983	-86572.931484	3857117.206882	515.151801	Q20251024235825	0	-1	2.000000	0.466308	
2984	-86570.314507	3857132.385653	515.151825	Q20251024235825	0	-1	2.000000	0.466308	
2985	-86567.697530	3857147.564423	515.151849	Q20251024235825	0	-1	2.000000	0.466308	
2986	-86565.080553	3857162.743194	515.151873	Q20251024235825	0	-1	2.000000	0.466308	
2987	-86562.463577	3857177.921965	515.151897	Q20251024235825	0	-1	2.000000	0.466308	
2988	-86559.846600	3857193.100735	515.151921	Q20251024235825	0	-1	2.000000	0.466308	
2989	-86557.229623	3857208.279506	515.151945	Q20251024235825	0	-1	2.000000	0.466308	
2990	-86554.612647	3857223.458276	515.151969	Q20251024235825	0	-1	2.000000	0.466308	
2991	-86551.175373	3857243.394863	515.152000	Q20251024235825	0	-1	2.000000	0.466308	
2992	-86549.183199	3857258.668202	515.152000	Q20251024235825	0	-1	2.000000	0.466308	
2993	-86547.191024	3857273.941541	515.152000	Q20251024235825	0	-1	2.000000	0.466308	
2994	-86545.198849	3857289.214880	515.152000	Q20251024235825	0	-1	2.000000	0.466308	
2995	-86543.206675	3857304.488218	515.152000	Q20251024235825	0	-1	2.000000	0.466308	
2996	-86541.214500	3857319.761557	515.152000	Q20251024235825	0	-1	2.000000	0.466308	
2997	-86539.222326	3857335.034896	515.152000	Q20251024235825	0	-1	2.000000	0.466308	
2998	-86537.230151	3857350.308235	515.152000	Q20251024235825	0	-1	2.000000	0.466308	
2999	-86535.237976	3857365.581574	515.152000	Q20251024235825	0	-1	2.000000	0.466308	
3000	-86533.245802	3857380.854913	515.152000	Q20251024235825	0	-1	2.000000	0.466308	
3001	-86531.253627	3857396.128252	515.152000	Q20251024235825	0	-1	2.000000	0.466308	
3002	-86529.261452	3857411.401591	515.152000	Q20251024235825	0	-1	2.000000	0.466308	
3003	-86527.269278	3857426.674930	515.152000	Q20251024235825	0	-1	2.000000	0.466308	
3004	-86524.410851	3857448.589537	515.152000	Q20251024235825	0	-1	2.000000	0.466308	
