;pt1	;pt2	distance	type	
0	1	50.000000	Q20251012161706	
1	0	50.000000	Q20251012161706	
1	2	50.000000	Q20251012161706	
2	1	50.000000	Q20251012161706	
2	3	50.000000	Q20251012161706	
3	2	50.000000	Q20251012161706	
3	4	50.000000	Q20251012161706	
4	3	50.000000	Q20251012161706	
4	5	50.000000	Q20251012161706	
5	4	50.000000	Q20251012161706	
5	6	50.000000	Q20251012161706	
6	5	50.000000	Q20251012161706	
6	7	50.000000	Q20251012161706	
7	6	50.000000	Q20251012161706	
7	8	50.000000	Q20251012161706	
8	7	50.000000	Q20251012161706	
8	9	50.000000	Q20251012161706	
9	8	50.000000	Q20251012161706	
9	10	50.000000	Q20251012161706	
10	9	50.000000	Q20251012161706	
10	11	50.000000	Q20251012161706	
11	10	50.000000	Q20251012161706	
11	12	50.000000	Q20251012161706	
12	11	50.000000	Q20251012161706	
12	13	50.000000	Q20251012161706	
13	12	50.000000	Q20251012161706	
13	14	50.000000	Q20251012161706	
14	13	50.000000	Q20251012161706	
14	15	50.000000	Q20251012161706	
15	14	50.000000	Q20251012161706	
15	16	50.000000	Q20251012161706	
16	15	50.000000	Q20251012161706	
16	17	50.000000	Q20251012161706	
17	16	50.000000	Q20251012161706	
17	18	50.000000	Q20251012161706	
18	17	50.000000	Q20251012161706	
18	19	50.000000	Q20251012161706	
19	18	50.000000	Q20251012161706	
19	20	50.000000	Q20251012161706	
20	19	50.000000	Q20251012161706	
20	21	50.000000	Q20251012161706	
21	20	50.000000	Q20251012161706	
21	22	50.000000	Q20251012161706	
22	21	50.000000	Q20251012161706	
22	23	50.000000	Q20251012161706	
23	22	50.000000	Q20251012161706	
23	24	50.000000	Q20251012161706	
24	23	50.000000	Q20251012161706	
24	25	50.000000	Q20251012161706	
25	24	50.000000	Q20251012161706	
25	26	50.000000	Q20251012161706	
26	25	50.000000	Q20251012161706	
26	27	50.000000	Q20251012161706	
27	26	50.000000	Q20251012161706	
27	28	50.000000	Q20251012161706	
28	27	50.000000	Q20251012161706	
28	29	50.000000	Q20251012161706	
29	28	50.000000	Q20251012161706	
29	30	50.000000	Q20251012161706	
30	29	50.000000	Q20251012161706	
30	31	50.000000	Q20251012161706	
31	30	50.000000	Q20251012161706	
31	32	50.000000	Q20251012161706	
32	31	50.000000	Q20251012161706	
32	33	50.000000	Q20251012161706	
33	32	50.000000	Q20251012161706	
33	34	50.000000	Q20251012161706	
34	33	50.000000	Q20251012161706	
34	35	50.000000	Q20251012161706	
35	34	50.000000	Q20251012161706	
35	36	50.000000	Q20251012161706	
36	35	50.000000	Q20251012161706	
36	37	50.000000	Q20251012161706	
37	36	50.000000	Q20251012161706	
37	38	50.000000	Q20251012161706	
38	37	50.000000	Q20251012161706	
38	39	50.000000	Q20251012161706	
39	38	50.000000	Q20251012161706	
39	40	50.000000	Q20251012161706	
40	39	50.000000	Q20251012161706	
40	41	50.000000	Q20251012161706	
41	40	50.000000	Q20251012161706	
41	42	50.000000	Q20251012161706	
42	41	50.000000	Q20251012161706	
42	43	50.000000	Q20251012161706	
43	42	50.000000	Q20251012161706	
43	44	50.000000	Q20251012161706	
44	43	50.000000	Q20251012161706	
44	45	50.000000	Q20251012161706	
45	44	50.000000	Q20251012161706	
45	46	50.000000	Q20251012161706	
46	45	50.000000	Q20251012161706	
46	47	50.000000	Q20251012161706	
47	46	50.000000	Q20251012161706	
47	48	50.000000	Q20251012161706	
48	47	50.000000	Q20251012161706	
48	49	50.000000	Q20251012161706	
49	48	50.000000	Q20251012161706	
49	50	50.000000	Q20251012161706	
50	49	50.000000	Q20251012161706	
50	51	50.000000	Q20251012161706	
51	50	50.000000	Q20251012161706	
51	52	50.000000	Q20251012161706	
52	51	50.000000	Q20251012161706	
52	53	50.000000	Q20251012161706	
53	52	50.000000	Q20251012161706	
53	54	50.000000	Q20251012161706	
54	53	50.000000	Q20251012161706	
54	55	50.000000	Q20251012161706	
55	54	50.000000	Q20251012161706	
55	56	50.000000	Q20251012161706	
56	55	50.000000	Q20251012161706	
56	57	50.000000	Q20251012161706	
57	56	50.000000	Q20251012161706	
57	58	50.000000	Q20251012161706	
58	57	50.000000	Q20251012161706	
58	59	50.000000	Q20251012161706	
59	58	50.000000	Q20251012161706	
59	60	50.000000	Q20251012161706	
60	59	50.000000	Q20251012161706	
60	61	50.000000	Q20251012161706	
61	60	50.000000	Q20251012161706	
61	62	50.000000	Q20251012161706	
62	61	50.000000	Q20251012161706	
62	63	50.000000	Q20251012161706	
63	62	50.000000	Q20251012161706	
63	64	50.000000	Q20251012161706	
64	63	50.000000	Q20251012161706	
64	65	50.000000	Q20251012161706	
65	64	50.000000	Q20251012161706	
65	66	50.000000	Q20251012161706	
66	65	50.000000	Q20251012161706	
66	67	50.000000	Q20251012161706	
67	66	50.000000	Q20251012161706	
67	68	50.000000	Q20251012161706	
68	67	50.000000	Q20251012161706	
68	69	50.000000	Q20251012161706	
69	68	50.000000	Q20251012161706	
69	70	50.000000	Q20251012161706	
70	69	50.000000	Q20251012161706	
70	71	50.000000	Q20251012161706	
71	70	50.000000	Q20251012161706	
71	72	50.000000	Q20251012161706	
72	71	50.000000	Q20251012161706	
72	73	50.000000	Q20251012161706	
73	72	50.000000	Q20251012161706	
73	74	50.000000	Q20251012161706	
74	73	50.000000	Q20251012161706	
74	75	50.000000	Q20251012161706	
75	74	50.000000	Q20251012161706	
75	76	50.000000	Q20251012161706	
76	75	50.000000	Q20251012161706	
76	77	50.000000	Q20251012161706	
77	76	50.000000	Q20251012161706	
77	78	50.000000	Q20251012161706	
78	77	50.000000	Q20251012161706	
78	79	50.000000	Q20251012161706	
79	78	50.000000	Q20251012161706	
79	80	50.000000	Q20251012161706	
80	79	50.000000	Q20251012161706	
80	81	50.000000	Q20251012161706	
81	80	50.000000	Q20251012161706	
81	82	50.000000	Q20251012161706	
82	81	50.000000	Q20251012161706	
82	83	50.000000	Q20251012161706	
82	2537	50.000000	Q20251012161706	
83	82	50.000000	Q20251012161706	
83	84	50.000000	Q20251012161706	
84	83	50.000000	Q20251012161706	
84	85	50.000000	Q20251012161706	
85	84	50.000000	Q20251012161706	
85	86	50.000000	Q20251012161706	
86	85	50.000000	Q20251012161706	
86	87	50.000000	Q20251012161706	
87	86	50.000000	Q20251012161706	
87	88	50.000000	Q20251012161706	
88	87	50.000000	Q20251012161706	
88	89	50.000000	Q20251012161706	
89	88	50.000000	Q20251012161706	
89	90	50.000000	Q20251012161706	
90	89	50.000000	Q20251012161706	
90	91	50.000000	Q20251012161706	
91	90	50.000000	Q20251012161706	
91	92	50.000000	Q20251012161706	
92	91	50.000000	Q20251012161706	
92	93	50.000000	Q20251012161706	
93	92	50.000000	Q20251012161706	
93	94	50.000000	Q20251012161706	
94	93	50.000000	Q20251012161706	
94	95	50.000000	Q20251012161706	
95	94	50.000000	Q20251012161706	
95	96	50.000000	Q20251012161706	
96	95	50.000000	Q20251012161706	
96	97	50.000000	Q20251012161706	
97	96	50.000000	Q20251012161706	
97	98	50.000000	Q20251012161706	
98	97	50.000000	Q20251012161706	
98	99	50.000000	Q20251012161706	
99	98	50.000000	Q20251012161706	
99	100	50.000000	Q20251012161706	
100	99	50.000000	Q20251012161706	
100	101	50.000000	Q20251012161706	
101	100	50.000000	Q20251012161706	
101	102	50.000000	Q20251012161706	
102	101	50.000000	Q20251012161706	
102	103	50.000000	Q20251012161706	
103	102	50.000000	Q20251012161706	
103	104	50.000000	Q20251012161706	
104	103	50.000000	Q20251012161706	
104	105	50.000000	Q20251012161706	
105	104	50.000000	Q20251012161706	
105	106	50.000000	Q20251012161706	
106	105	50.000000	Q20251012161706	
106	107	50.000000	Q20251012161706	
107	106	50.000000	Q20251012161706	
107	108	50.000000	Q20251012161706	
108	107	50.000000	Q20251012161706	
108	109	50.000000	Q20251012161706	
109	108	50.000000	Q20251012161706	
109	110	50.000000	Q20251012161706	
110	109	50.000000	Q20251012161706	
110	111	50.000000	Q20251012161706	
111	110	50.000000	Q20251012161706	
111	112	50.000000	Q20251012161706	
112	111	50.000000	Q20251012161706	
112	113	50.000000	Q20251012161706	
113	112	50.000000	Q20251012161706	
113	114	50.000000	Q20251012161706	
114	113	50.000000	Q20251012161706	
114	115	50.000000	Q20251012161706	
115	114	50.000000	Q20251012161706	
115	116	50.000000	Q20251012161706	
116	115	50.000000	Q20251012161706	
116	117	50.000000	Q20251012161706	
117	116	50.000000	Q20251012161706	
117	118	50.000000	Q20251012161706	
118	117	50.000000	Q20251012161706	
118	119	50.000000	Q20251012161706	
119	118	50.000000	Q20251012161706	
119	120	50.000000	Q20251012161706	
120	119	50.000000	Q20251012161706	
120	121	50.000000	Q20251012161706	
121	120	50.000000	Q20251012161706	
121	122	50.000000	Q20251012161706	
122	121	50.000000	Q20251012161706	
122	123	50.000000	Q20251012161706	
123	122	50.000000	Q20251012161706	
123	124	50.000000	Q20251012161706	
124	123	50.000000	Q20251012161706	
124	125	50.000000	Q20251012161706	
125	124	50.000000	Q20251012161706	
125	126	50.000000	Q20251012161706	
126	125	50.000000	Q20251012161706	
126	127	50.000000	Q20251012161706	
127	126	50.000000	Q20251012161706	
127	128	50.000000	Q20251012161706	
128	127	50.000000	Q20251012161706	
128	129	50.000000	Q20251012161706	
129	128	50.000000	Q20251012161706	
129	130	50.000000	Q20251012161706	
130	129	50.000000	Q20251012161706	
130	131	50.000000	Q20251012161706	
131	130	50.000000	Q20251012161706	
131	132	50.000000	Q20251012161706	
132	131	50.000000	Q20251012161706	
132	133	50.000000	Q20251012161706	
133	132	50.000000	Q20251012161706	
133	134	50.000000	Q20251012161706	
134	133	50.000000	Q20251012161706	
134	135	50.000000	Q20251012161706	
135	134	50.000000	Q20251012161706	
135	136	50.000000	Q20251012161706	
136	135	50.000000	Q20251012161706	
136	137	50.000000	Q20251012161706	
137	136	50.000000	Q20251012161706	
137	138	50.000000	Q20251012161706	
138	137	50.000000	Q20251012161706	
138	139	50.000000	Q20251012161706	
139	138	50.000000	Q20251012161706	
139	140	50.000000	Q20251012161706	
140	139	50.000000	Q20251012161706	
140	141	50.000000	Q20251012161706	
141	140	50.000000	Q20251012161706	
141	142	50.000000	Q20251012161706	
142	141	50.000000	Q20251012161706	
142	143	50.000000	Q20251012161706	
142	2054	50.000000	Q20251012161706	
143	142	50.000000	Q20251012161706	
143	144	50.000000	Q20251012161706	
144	143	50.000000	Q20251012161706	
144	145	50.000000	Q20251012161706	
145	144	50.000000	Q20251012161706	
145	146	50.000000	Q20251012161706	
146	145	50.000000	Q20251012161706	
146	147	50.000000	Q20251012161706	
147	146	50.000000	Q20251012161706	
147	148	50.000000	Q20251012161706	
148	147	50.000000	Q20251012161706	
148	149	50.000000	Q20251012161706	
149	148	50.000000	Q20251012161706	
149	150	50.000000	Q20251012161706	
150	149	50.000000	Q20251012161706	
150	151	50.000000	Q20251012161706	
151	150	50.000000	Q20251012161706	
151	152	50.000000	Q20251012161706	
152	151	50.000000	Q20251012161706	
152	153	50.000000	Q20251012161706	
153	152	50.000000	Q20251012161706	
153	154	50.000000	Q20251012161706	
154	153	50.000000	Q20251012161706	
154	155	50.000000	Q20251012161706	
155	154	50.000000	Q20251012161706	
155	156	50.000000	Q20251012161706	
156	155	50.000000	Q20251012161706	
156	157	50.000000	Q20251012161706	
157	156	50.000000	Q20251012161706	
157	158	50.000000	Q20251012161706	
158	157	50.000000	Q20251012161706	
158	159	50.000000	Q20251012161706	
159	158	50.000000	Q20251012161706	
159	160	50.000000	Q20251012161706	
160	159	50.000000	Q20251012161706	
160	161	50.000000	Q20251012161706	
161	160	50.000000	Q20251012161706	
161	162	50.000000	Q20251012161706	
162	161	50.000000	Q20251012161706	
162	163	50.000000	Q20251012161706	
163	162	50.000000	Q20251012161706	
163	164	50.000000	Q20251012161706	
164	163	50.000000	Q20251012161706	
164	165	50.000000	Q20251012161706	
165	164	50.000000	Q20251012161706	
165	166	50.000000	Q20251012161706	
166	165	50.000000	Q20251012161706	
166	167	50.000000	Q20251012161706	
167	166	50.000000	Q20251012161706	
167	168	50.000000	Q20251012161706	
168	167	50.000000	Q20251012161706	
168	169	50.000000	Q20251012161706	
169	168	50.000000	Q20251012161706	
169	170	50.000000	Q20251012161706	
170	169	50.000000	Q20251012161706	
170	171	50.000000	Q20251012161706	
171	170	50.000000	Q20251012161706	
171	172	50.000000	Q20251012161706	
172	171	50.000000	Q20251012161706	
172	173	50.000000	Q20251012161706	
173	172	50.000000	Q20251012161706	
173	174	50.000000	Q20251012161706	
174	173	50.000000	Q20251012161706	
174	175	50.000000	Q20251012161706	
175	174	50.000000	Q20251012161706	
175	176	50.000000	Q20251012161706	
176	175	50.000000	Q20251012161706	
176	177	50.000000	Q20251012161706	
177	176	50.000000	Q20251012161706	
177	178	50.000000	Q20251012161706	
178	177	50.000000	Q20251012161706	
178	179	50.000000	Q20251012161706	
179	178	50.000000	Q20251012161706	
179	180	50.000000	Q20251012161706	
180	179	50.000000	Q20251012161706	
180	181	50.000000	Q20251012161706	
181	180	50.000000	Q20251012161706	
181	182	50.000000	Q20251012161706	
182	181	50.000000	Q20251012161706	
182	183	50.000000	Q20251012161706	
183	182	50.000000	Q20251012161706	
183	184	50.000000	Q20251012161706	
184	183	50.000000	Q20251012161706	
184	185	50.000000	Q20251012161706	
185	184	50.000000	Q20251012161706	
185	186	50.000000	Q20251012161706	
186	185	50.000000	Q20251012161706	
186	187	50.000000	Q20251012161706	
187	186	50.000000	Q20251012161706	
187	188	50.000000	Q20251012161706	
188	187	50.000000	Q20251012161706	
188	189	50.000000	Q20251012161706	
189	188	50.000000	Q20251012161706	
189	190	50.000000	Q20251012161706	
190	189	50.000000	Q20251012161706	
190	191	50.000000	Q20251012161706	
191	190	50.000000	Q20251012161706	
191	192	50.000000	Q20251012161706	
192	191	50.000000	Q20251012161706	
192	193	50.000000	Q20251012161706	
193	192	50.000000	Q20251012161706	
193	194	50.000000	Q20251012161706	
194	193	50.000000	Q20251012161706	
194	195	50.000000	Q20251012161706	
195	194	50.000000	Q20251012161706	
195	196	50.000000	Q20251012161706	
196	195	50.000000	Q20251012161706	
196	197	50.000000	Q20251012161706	
197	196	50.000000	Q20251012161706	
197	198	50.000000	Q20251012161706	
198	197	50.000000	Q20251012161706	
198	199	50.000000	Q20251012161706	
199	198	50.000000	Q20251012161706	
199	200	50.000000	Q20251012161706	
200	199	50.000000	Q20251012161706	
200	201	50.000000	Q20251012161706	
201	200	50.000000	Q20251012161706	
201	202	50.000000	Q20251012161706	
202	201	50.000000	Q20251012161706	
202	203	50.000000	Q20251012161706	
203	202	50.000000	Q20251012161706	
203	204	50.000000	Q20251012161706	
204	203	50.000000	Q20251012161706	
204	205	50.000000	Q20251012161706	
205	204	50.000000	Q20251012161706	
205	206	50.000000	Q20251012161706	
206	205	50.000000	Q20251012161706	
206	207	50.000000	Q20251012161706	
207	206	50.000000	Q20251012161706	
207	208	50.000000	Q20251012161706	
208	207	50.000000	Q20251012161706	
208	209	50.000000	Q20251012161706	
209	208	50.000000	Q20251012161706	
209	210	50.000000	Q20251012161706	
210	209	50.000000	Q20251012161706	
210	211	50.000000	Q20251012161706	
211	210	50.000000	Q20251012161706	
211	212	50.000000	Q20251012161706	
212	211	50.000000	Q20251012161706	
212	213	50.000000	Q20251012161706	
213	212	50.000000	Q20251012161706	
213	214	50.000000	Q20251012161706	
214	213	50.000000	Q20251012161706	
214	215	50.000000	Q20251012161706	
215	214	50.000000	Q20251012161706	
215	216	50.000000	Q20251012161706	
216	215	50.000000	Q20251012161706	
216	217	50.000000	Q20251012161706	
217	216	50.000000	Q20251012161706	
217	218	50.000000	Q20251012161706	
218	217	50.000000	Q20251012161706	
218	219	50.000000	Q20251012161706	
219	218	50.000000	Q20251012161706	
219	220	50.000000	Q20251012161706	
220	219	50.000000	Q20251012161706	
220	221	50.000000	Q20251012161706	
221	220	50.000000	Q20251012161706	
221	222	50.000000	Q20251012161706	
222	221	50.000000	Q20251012161706	
222	223	50.000000	Q20251012161706	
223	222	50.000000	Q20251012161706	
223	224	50.000000	Q20251012161706	
224	223	50.000000	Q20251012161706	
224	225	50.000000	Q20251012161706	
225	224	50.000000	Q20251012161706	
225	226	50.000000	Q20251012161706	
226	225	50.000000	Q20251012161706	
226	227	50.000000	Q20251012161706	
227	226	50.000000	Q20251012161706	
227	228	50.000000	Q20251012161706	
228	227	50.000000	Q20251012161706	
228	229	50.000000	Q20251012161706	
229	228	50.000000	Q20251012161706	
229	230	50.000000	Q20251012161706	
230	229	50.000000	Q20251012161706	
230	231	50.000000	Q20251012161706	
231	230	50.000000	Q20251012161706	
231	232	50.000000	Q20251012161706	
232	231	50.000000	Q20251012161706	
232	233	50.000000	Q20251012161706	
233	232	50.000000	Q20251012161706	
233	234	50.000000	Q20251012161706	
234	233	50.000000	Q20251012161706	
234	235	50.000000	Q20251012161706	
235	234	50.000000	Q20251012161706	
235	236	50.000000	Q20251012161706	
236	235	50.000000	Q20251012161706	
236	237	50.000000	Q20251012161706	
237	236	50.000000	Q20251012161706	
237	238	50.000000	Q20251012161706	
238	237	50.000000	Q20251012161706	
238	239	50.000000	Q20251012161706	
239	238	50.000000	Q20251012161706	
239	240	50.000000	Q20251012161706	
240	239	50.000000	Q20251012161706	
240	241	50.000000	Q20251012161706	
241	240	50.000000	Q20251012161706	
241	242	50.000000	Q20251012161706	
242	241	50.000000	Q20251012161706	
242	243	50.000000	Q20251012161706	
243	242	50.000000	Q20251012161706	
243	244	50.000000	Q20251012161706	
244	243	50.000000	Q20251012161706	
244	245	50.000000	Q20251012161706	
245	244	50.000000	Q20251012161706	
245	246	50.000000	Q20251012161706	
246	245	50.000000	Q20251012161706	
246	247	50.000000	Q20251012161706	
247	246	50.000000	Q20251012161706	
247	248	50.000000	Q20251012161706	
248	247	50.000000	Q20251012161706	
248	249	50.000000	Q20251012161706	
249	248	50.000000	Q20251012161706	
249	250	50.000000	Q20251012161706	
250	249	50.000000	Q20251012161706	
250	251	50.000000	Q20251012161706	
251	250	50.000000	Q20251012161706	
251	252	50.000000	Q20251012161706	
252	251	50.000000	Q20251012161706	
252	253	50.000000	Q20251012161706	
253	252	50.000000	Q20251012161706	
253	254	50.000000	Q20251012161706	
254	253	50.000000	Q20251012161706	
254	255	50.000000	Q20251012161706	
255	254	50.000000	Q20251012161706	
255	256	50.000000	Q20251012161706	
256	255	50.000000	Q20251012161706	
256	257	50.000000	Q20251012161706	
257	256	50.000000	Q20251012161706	
257	258	50.000000	Q20251012161706	
258	257	50.000000	Q20251012161706	
258	259	50.000000	Q20251012161706	
259	258	50.000000	Q20251012161706	
259	260	50.000000	Q20251012161706	
260	259	50.000000	Q20251012161706	
260	261	50.000000	Q20251012161706	
261	260	50.000000	Q20251012161706	
261	262	50.000000	Q20251012161706	
262	261	50.000000	Q20251012161706	
262	263	50.000000	Q20251012161706	
263	262	50.000000	Q20251012161706	
263	264	50.000000	Q20251012161706	
264	263	50.000000	Q20251012161706	
264	265	50.000000	Q20251012161706	
265	264	50.000000	Q20251012161706	
265	266	50.000000	Q20251012161706	
266	265	50.000000	Q20251012161706	
266	267	50.000000	Q20251012161706	
267	266	50.000000	Q20251012161706	
267	268	50.000000	Q20251012161706	
268	267	50.000000	Q20251012161706	
268	269	50.000000	Q20251012161706	
269	268	50.000000	Q20251012161706	
269	270	50.000000	Q20251012161706	
270	269	50.000000	Q20251012161706	
270	271	50.000000	Q20251012161706	
271	270	50.000000	Q20251012161706	
271	272	50.000000	Q20251012161706	
272	271	50.000000	Q20251012161706	
272	273	50.000000	Q20251012161706	
273	272	50.000000	Q20251012161706	
273	274	50.000000	Q20251012161706	
274	273	50.000000	Q20251012161706	
274	275	50.000000	Q20251012161706	
275	274	50.000000	Q20251012161706	
275	276	50.000000	Q20251012161706	
276	275	50.000000	Q20251012161706	
276	277	50.000000	Q20251012161706	
277	276	50.000000	Q20251012161706	
277	278	50.000000	Q20251012161706	
278	277	50.000000	Q20251012161706	
278	279	50.000000	Q20251012161706	
279	278	50.000000	Q20251012161706	
279	280	50.000000	Q20251012161706	
280	279	50.000000	Q20251012161706	
280	281	50.000000	Q20251012161706	
281	280	50.000000	Q20251012161706	
281	282	50.000000	Q20251012161706	
282	281	50.000000	Q20251012161706	
282	283	50.000000	Q20251012161706	
283	282	50.000000	Q20251012161706	
283	284	50.000000	Q20251012161706	
284	283	50.000000	Q20251012161706	
284	285	50.000000	Q20251012161706	
285	284	50.000000	Q20251012161706	
285	286	50.000000	Q20251012161706	
286	285	50.000000	Q20251012161706	
286	287	50.000000	Q20251012161706	
287	286	50.000000	Q20251012161706	
287	288	50.000000	Q20251012161706	
288	287	50.000000	Q20251012161706	
288	289	50.000000	Q20251012161706	
289	288	50.000000	Q20251012161706	
289	290	50.000000	Q20251012161706	
290	289	50.000000	Q20251012161706	
290	291	50.000000	Q20251012161706	
291	290	50.000000	Q20251012161706	
291	292	50.000000	Q20251012161706	
292	291	50.000000	Q20251012161706	
292	293	50.000000	Q20251012161706	
293	292	50.000000	Q20251012161706	
293	294	50.000000	Q20251012161706	
294	293	50.000000	Q20251012161706	
294	295	50.000000	Q20251012161706	
295	294	50.000000	Q20251012161706	
295	296	50.000000	Q20251012161706	
296	295	50.000000	Q20251012161706	
296	297	50.000000	Q20251012161706	
297	296	50.000000	Q20251012161706	
297	298	50.000000	Q20251012161706	
298	297	50.000000	Q20251012161706	
298	299	50.000000	Q20251012161706	
299	298	50.000000	Q20251012161706	
299	300	50.000000	Q20251012161706	
300	299	50.000000	Q20251012161706	
300	301	50.000000	Q20251012161706	
301	300	50.000000	Q20251012161706	
301	302	50.000000	Q20251012161706	
302	301	50.000000	Q20251012161706	
302	303	50.000000	Q20251012161706	
303	302	50.000000	Q20251012161706	
303	304	50.000000	Q20251012161706	
304	303	50.000000	Q20251012161706	
304	305	50.000000	Q20251012161706	
305	304	50.000000	Q20251012161706	
305	306	50.000000	Q20251012161706	
306	305	50.000000	Q20251012161706	
306	307	50.000000	Q20251012161706	
307	306	50.000000	Q20251012161706	
307	308	50.000000	Q20251012161706	
308	307	50.000000	Q20251012161706	
308	309	50.000000	Q20251012161706	
309	308	50.000000	Q20251012161706	
309	310	50.000000	Q20251012161706	
310	309	50.000000	Q20251012161706	
310	311	50.000000	Q20251012161706	
311	310	50.000000	Q20251012161706	
311	312	50.000000	Q20251012161706	
312	311	50.000000	Q20251012161706	
312	313	50.000000	Q20251012161706	
313	312	50.000000	Q20251012161706	
313	314	50.000000	Q20251012161706	
314	313	50.000000	Q20251012161706	
314	315	50.000000	Q20251012161706	
315	314	50.000000	Q20251012161706	
315	316	50.000000	Q20251012161706	
316	315	50.000000	Q20251012161706	
316	317	50.000000	Q20251012161706	
317	316	50.000000	Q20251012161706	
317	318	50.000000	Q20251012161706	
318	317	50.000000	Q20251012161706	
318	319	50.000000	Q20251012161706	
319	318	50.000000	Q20251012161706	
319	320	50.000000	Q20251012161706	
320	319	50.000000	Q20251012161706	
320	321	50.000000	Q20251012161706	
321	320	50.000000	Q20251012161706	
321	322	50.000000	Q20251012161706	
322	321	50.000000	Q20251012161706	
322	323	50.000000	Q20251012161706	
322	2589	50.000000	Q20251012161706	
323	322	50.000000	Q20251012161706	
323	324	50.000000	Q20251012161706	
324	323	50.000000	Q20251012161706	
324	325	50.000000	Q20251012161706	
325	324	50.000000	Q20251012161706	
325	326	50.000000	Q20251012161706	
326	325	50.000000	Q20251012161706	
326	327	50.000000	Q20251012161706	
327	326	50.000000	Q20251012161706	
327	328	50.000000	Q20251012161706	
328	327	50.000000	Q20251012161706	
328	329	50.000000	Q20251012161706	
329	328	50.000000	Q20251012161706	
329	330	50.000000	Q20251012161706	
330	329	50.000000	Q20251012161706	
330	331	50.000000	Q20251012161706	
331	330	50.000000	Q20251012161706	
331	332	50.000000	Q20251012161706	
332	331	50.000000	Q20251012161706	
332	333	50.000000	Q20251012161706	
333	332	50.000000	Q20251012161706	
333	334	50.000000	Q20251012161706	
334	333	50.000000	Q20251012161706	
334	335	50.000000	Q20251012161706	
335	334	50.000000	Q20251012161706	
335	336	50.000000	Q20251012161706	
336	335	50.000000	Q20251012161706	
336	337	50.000000	Q20251012161706	
337	336	50.000000	Q20251012161706	
337	338	50.000000	Q20251012161706	
338	337	50.000000	Q20251012161706	
338	339	50.000000	Q20251012161706	
339	338	50.000000	Q20251012161706	
339	340	50.000000	Q20251012161706	
340	339	50.000000	Q20251012161706	
340	341	50.000000	Q20251012161706	
341	340	50.000000	Q20251012161706	
341	342	50.000000	Q20251012161706	
342	341	50.000000	Q20251012161706	
342	343	50.000000	Q20251012161706	
343	342	50.000000	Q20251012161706	
343	344	50.000000	Q20251012161706	
344	343	50.000000	Q20251012161706	
344	345	50.000000	Q20251012161706	
345	344	50.000000	Q20251012161706	
345	346	50.000000	Q20251012161706	
346	345	50.000000	Q20251012161706	
346	347	50.000000	Q20251012161706	
347	346	50.000000	Q20251012161706	
347	348	50.000000	Q20251012161706	
348	347	50.000000	Q20251012161706	
348	349	50.000000	Q20251012161706	
349	348	50.000000	Q20251012161706	
349	350	50.000000	Q20251012161706	
350	349	50.000000	Q20251012161706	
350	351	50.000000	Q20251012161706	
351	350	50.000000	Q20251012161706	
351	352	50.000000	Q20251012161706	
352	351	50.000000	Q20251012161706	
352	353	50.000000	Q20251012161706	
353	352	50.000000	Q20251012161706	
353	354	50.000000	Q20251012161706	
354	353	50.000000	Q20251012161706	
354	355	50.000000	Q20251012161706	
355	354	50.000000	Q20251012161706	
355	356	50.000000	Q20251012161706	
356	355	50.000000	Q20251012161706	
356	357	50.000000	Q20251012161706	
357	356	50.000000	Q20251012161706	
357	358	50.000000	Q20251012161706	
358	357	50.000000	Q20251012161706	
358	359	50.000000	Q20251012161706	
359	358	50.000000	Q20251012161706	
359	360	50.000000	Q20251012161706	
360	359	50.000000	Q20251012161706	
360	361	50.000000	Q20251012161706	
361	360	50.000000	Q20251012161706	
361	362	50.000000	Q20251012161706	
362	361	50.000000	Q20251012161706	
362	363	50.000000	Q20251012161706	
363	362	50.000000	Q20251012161706	
363	364	50.000000	Q20251012161706	
364	363	50.000000	Q20251012161706	
364	365	50.000000	Q20251012161706	
365	364	50.000000	Q20251012161706	
365	366	50.000000	Q20251012161706	
366	365	50.000000	Q20251012161706	
366	367	50.000000	Q20251012161706	
367	366	50.000000	Q20251012161706	
367	368	50.000000	Q20251012161706	
368	367	50.000000	Q20251012161706	
368	369	50.000000	Q20251012161706	
369	368	50.000000	Q20251012161706	
369	370	50.000000	Q20251012161706	
370	369	50.000000	Q20251012161706	
370	371	50.000000	Q20251012161706	
371	370	50.000000	Q20251012161706	
371	372	50.000000	Q20251012161706	
372	371	50.000000	Q20251012161706	
372	373	50.000000	Q20251012161706	
373	372	50.000000	Q20251012161706	
373	374	50.000000	Q20251012161706	
374	373	50.000000	Q20251012161706	
374	375	50.000000	Q20251012161706	
375	374	50.000000	Q20251012161706	
375	376	50.000000	Q20251012161706	
376	375	50.000000	Q20251012161706	
376	377	50.000000	Q20251012161706	
377	376	50.000000	Q20251012161706	
377	378	50.000000	Q20251012161706	
378	377	50.000000	Q20251012161706	
378	379	50.000000	Q20251012161706	
379	378	50.000000	Q20251012161706	
379	380	50.000000	Q20251012161706	
380	379	50.000000	Q20251012161706	
380	381	50.000000	Q20251012161706	
381	380	50.000000	Q20251012161706	
381	382	50.000000	Q20251012161706	
382	381	50.000000	Q20251012161706	
382	383	50.000000	Q20251012161706	
383	382	50.000000	Q20251012161706	
383	384	50.000000	Q20251012161706	
384	383	50.000000	Q20251012161706	
384	385	50.000000	Q20251012161706	
385	384	50.000000	Q20251012161706	
385	386	50.000000	Q20251012161706	
386	385	50.000000	Q20251012161706	
386	387	50.000000	Q20251012161706	
387	386	50.000000	Q20251012161706	
387	388	50.000000	Q20251012161706	
388	387	50.000000	Q20251012161706	
388	389	50.000000	Q20251012161706	
389	388	50.000000	Q20251012161706	
389	390	50.000000	Q20251012161706	
390	389	50.000000	Q20251012161706	
390	391	50.000000	Q20251012161706	
390	2108	50.000000	Q20251012161706	
391	390	50.000000	Q20251012161706	
391	392	50.000000	Q20251012161706	
392	391	50.000000	Q20251012161706	
392	393	50.000000	Q20251012161706	
393	392	50.000000	Q20251012161706	
393	394	50.000000	Q20251012161706	
394	393	50.000000	Q20251012161706	
394	395	50.000000	Q20251012161706	
395	394	50.000000	Q20251012161706	
395	396	50.000000	Q20251012161706	
396	395	50.000000	Q20251012161706	
396	397	50.000000	Q20251012161706	
397	396	50.000000	Q20251012161706	
397	398	50.000000	Q20251012161706	
398	397	50.000000	Q20251012161706	
398	399	50.000000	Q20251012161706	
399	398	50.000000	Q20251012161706	
399	400	50.000000	Q20251012161706	
400	399	50.000000	Q20251012161706	
400	401	50.000000	Q20251012161706	
401	400	50.000000	Q20251012161706	
401	402	50.000000	Q20251012161706	
402	401	50.000000	Q20251012161706	
402	403	50.000000	Q20251012161706	
403	402	50.000000	Q20251012161706	
403	404	50.000000	Q20251012161706	
404	403	50.000000	Q20251012161706	
404	405	50.000000	Q20251012161706	
405	404	50.000000	Q20251012161706	
405	406	50.000000	Q20251012161706	
406	405	50.000000	Q20251012161706	
406	407	50.000000	Q20251012161706	
407	406	50.000000	Q20251012161706	
407	408	50.000000	Q20251012161706	
408	407	50.000000	Q20251012161706	
408	409	50.000000	Q20251012161706	
409	408	50.000000	Q20251012161706	
409	410	50.000000	Q20251012161706	
410	409	50.000000	Q20251012161706	
410	411	50.000000	Q20251012161706	
411	410	50.000000	Q20251012161706	
411	412	50.000000	Q20251012161706	
412	411	50.000000	Q20251012161706	
412	413	50.000000	Q20251012161706	
413	412	50.000000	Q20251012161706	
413	414	50.000000	Q20251012161706	
414	413	50.000000	Q20251012161706	
414	415	50.000000	Q20251012161706	
415	414	50.000000	Q20251012161706	
415	416	50.000000	Q20251012161706	
416	415	50.000000	Q20251012161706	
416	417	50.000000	Q20251012161706	
417	416	50.000000	Q20251012161706	
417	418	50.000000	Q20251012161706	
418	417	50.000000	Q20251012161706	
418	419	50.000000	Q20251012161706	
419	418	50.000000	Q20251012161706	
419	420	50.000000	Q20251012161706	
420	419	50.000000	Q20251012161706	
420	421	50.000000	Q20251012161706	
421	420	50.000000	Q20251012161706	
421	422	50.000000	Q20251012161706	
422	421	50.000000	Q20251012161706	
422	423	50.000000	Q20251012161706	
423	422	50.000000	Q20251012161706	
423	424	50.000000	Q20251012161706	
424	423	50.000000	Q20251012161706	
424	425	50.000000	Q20251012161706	
425	424	50.000000	Q20251012161706	
425	426	50.000000	Q20251012161706	
426	425	50.000000	Q20251012161706	
426	427	50.000000	Q20251012161706	
427	426	50.000000	Q20251012161706	
427	428	50.000000	Q20251012161706	
428	427	50.000000	Q20251012161706	
428	429	50.000000	Q20251012161706	
429	428	50.000000	Q20251012161706	
429	430	50.000000	Q20251012161706	
430	429	50.000000	Q20251012161706	
430	431	50.000000	Q20251012161706	
431	430	50.000000	Q20251012161706	
431	432	50.000000	Q20251012161706	
432	431	50.000000	Q20251012161706	
432	433	50.000000	Q20251012161706	
433	432	50.000000	Q20251012161706	
433	434	50.000000	Q20251012161706	
434	433	50.000000	Q20251012161706	
434	435	50.000000	Q20251012161706	
435	434	50.000000	Q20251012161706	
435	436	50.000000	Q20251012161706	
436	435	50.000000	Q20251012161706	
436	437	50.000000	Q20251012161706	
437	436	50.000000	Q20251012161706	
437	438	50.000000	Q20251012161706	
438	437	50.000000	Q20251012161706	
438	439	50.000000	Q20251012161706	
439	438	50.000000	Q20251012161706	
439	440	50.000000	Q20251012161706	
440	439	50.000000	Q20251012161706	
440	441	50.000000	Q20251012161706	
441	440	50.000000	Q20251012161706	
441	442	50.000000	Q20251012161706	
442	441	50.000000	Q20251012161706	
442	443	50.000000	Q20251012161706	
443	442	50.000000	Q20251012161706	
443	444	50.000000	Q20251012161706	
444	443	50.000000	Q20251012161706	
444	445	50.000000	Q20251012161706	
445	444	50.000000	Q20251012161706	
445	446	50.000000	Q20251012161706	
446	445	50.000000	Q20251012161706	
446	447	50.000000	Q20251012161706	
447	446	50.000000	Q20251012161706	
447	448	50.000000	Q20251012161706	
448	447	50.000000	Q20251012161706	
448	449	50.000000	Q20251012161706	
449	448	50.000000	Q20251012161706	
449	450	50.000000	Q20251012161706	
450	449	50.000000	Q20251012161706	
450	451	50.000000	Q20251012161706	
451	450	50.000000	Q20251012161706	
451	452	50.000000	Q20251012161706	
452	451	50.000000	Q20251012161706	
452	453	50.000000	Q20251012161706	
453	452	50.000000	Q20251012161706	
453	454	50.000000	Q20251012161706	
454	453	50.000000	Q20251012161706	
454	455	50.000000	Q20251012161706	
455	454	50.000000	Q20251012161706	
455	456	50.000000	Q20251012161706	
456	455	50.000000	Q20251012161706	
456	457	50.000000	Q20251012161706	
457	456	50.000000	Q20251012161706	
457	458	50.000000	Q20251012161706	
458	457	50.000000	Q20251012161706	
458	459	50.000000	Q20251012161706	
459	458	50.000000	Q20251012161706	
459	460	50.000000	Q20251012161706	
460	459	50.000000	Q20251012161706	
460	461	50.000000	Q20251012161706	
461	460	50.000000	Q20251012161706	
461	462	50.000000	Q20251012161706	
462	461	50.000000	Q20251012161706	
462	463	50.000000	Q20251012161706	
463	462	50.000000	Q20251012161706	
463	464	50.000000	Q20251012161706	
464	463	50.000000	Q20251012161706	
464	465	50.000000	Q20251012161706	
465	464	50.000000	Q20251012161706	
465	466	50.000000	Q20251012161706	
466	465	50.000000	Q20251012161706	
466	467	50.000000	Q20251012161706	
467	466	50.000000	Q20251012161706	
467	468	50.000000	Q20251012161706	
468	467	50.000000	Q20251012161706	
468	469	50.000000	Q20251012161706	
469	468	50.000000	Q20251012161706	
469	470	50.000000	Q20251012161706	
470	469	50.000000	Q20251012161706	
470	471	50.000000	Q20251012161706	
471	470	50.000000	Q20251012161706	
471	472	50.000000	Q20251012161706	
472	471	50.000000	Q20251012161706	
472	473	50.000000	Q20251012161706	
473	472	50.000000	Q20251012161706	
473	474	50.000000	Q20251012161706	
474	473	50.000000	Q20251012161706	
474	475	50.000000	Q20251012161706	
475	474	50.000000	Q20251012161706	
475	476	50.000000	Q20251012161706	
476	475	50.000000	Q20251012161706	
476	477	50.000000	Q20251012161706	
477	476	50.000000	Q20251012161706	
477	478	50.000000	Q20251012161706	
478	477	50.000000	Q20251012161706	
478	479	50.000000	Q20251012161706	
479	478	50.000000	Q20251012161706	
479	480	50.000000	Q20251012161706	
480	479	50.000000	Q20251012161706	
480	481	50.000000	Q20251012161706	
481	480	50.000000	Q20251012161706	
481	482	50.000000	Q20251012161706	
482	481	50.000000	Q20251012161706	
482	483	50.000000	Q20251012161706	
483	482	50.000000	Q20251012161706	
483	484	50.000000	Q20251012161706	
484	483	50.000000	Q20251012161706	
484	485	50.000000	Q20251012161706	
485	484	50.000000	Q20251012161706	
485	486	50.000000	Q20251012161706	
486	485	50.000000	Q20251012161706	
486	487	50.000000	Q20251012161706	
487	486	50.000000	Q20251012161706	
487	488	50.000000	Q20251012161706	
488	487	50.000000	Q20251012161706	
488	489	50.000000	Q20251012161706	
489	488	50.000000	Q20251012161706	
489	490	50.000000	Q20251012161706	
490	489	50.000000	Q20251012161706	
490	491	50.000000	Q20251012161706	
491	490	50.000000	Q20251012161706	
491	492	50.000000	Q20251012161706	
492	491	50.000000	Q20251012161706	
492	493	50.000000	Q20251012161706	
493	492	50.000000	Q20251012161706	
493	494	50.000000	Q20251012161706	
494	493	50.000000	Q20251012161706	
494	495	50.000000	Q20251012161706	
495	494	50.000000	Q20251012161706	
495	496	50.000000	Q20251012161706	
496	495	50.000000	Q20251012161706	
496	497	50.000000	Q20251012161706	
497	496	50.000000	Q20251012161706	
497	498	50.000000	Q20251012161706	
498	497	50.000000	Q20251012161706	
498	499	50.000000	Q20251012161706	
499	498	50.000000	Q20251012161706	
499	500	50.000000	Q20251012161706	
500	499	50.000000	Q20251012161706	
500	501	50.000000	Q20251012161706	
501	500	50.000000	Q20251012161706	
501	502	50.000000	Q20251012161706	
502	501	50.000000	Q20251012161706	
502	503	50.000000	Q20251012161706	
503	502	50.000000	Q20251012161706	
503	504	50.000000	Q20251012161706	
504	503	50.000000	Q20251012161706	
504	505	50.000000	Q20251012161706	
505	504	50.000000	Q20251012161706	
505	506	50.000000	Q20251012161706	
506	505	50.000000	Q20251012161706	
506	507	50.000000	Q20251012161706	
507	506	50.000000	Q20251012161706	
507	508	50.000000	Q20251012161706	
508	507	50.000000	Q20251012161706	
508	509	50.000000	Q20251012161706	
509	508	50.000000	Q20251012161706	
509	510	50.000000	Q20251012161706	
510	509	50.000000	Q20251012161706	
510	511	50.000000	Q20251012161706	
511	510	50.000000	Q20251012161706	
511	512	50.000000	Q20251012161706	
512	511	50.000000	Q20251012161706	
512	513	50.000000	Q20251012161706	
513	512	50.000000	Q20251012161706	
513	514	50.000000	Q20251012161706	
514	513	50.000000	Q20251012161706	
514	515	50.000000	Q20251012161706	
515	514	50.000000	Q20251012161706	
515	516	50.000000	Q20251012161706	
516	515	50.000000	Q20251012161706	
516	517	50.000000	Q20251012161706	
517	516	50.000000	Q20251012161706	
517	518	50.000000	Q20251012161706	
518	517	50.000000	Q20251012161706	
518	519	50.000000	Q20251012161706	
519	518	50.000000	Q20251012161706	
519	520	50.000000	Q20251012161706	
520	519	50.000000	Q20251012161706	
520	521	50.000000	Q20251012161706	
521	520	50.000000	Q20251012161706	
521	522	50.000000	Q20251012161706	
522	521	50.000000	Q20251012161706	
522	523	50.000000	Q20251012161706	
523	522	50.000000	Q20251012161706	
523	524	50.000000	Q20251012161706	
524	523	50.000000	Q20251012161706	
524	525	50.000000	Q20251012161706	
525	524	50.000000	Q20251012161706	
525	526	50.000000	Q20251012161706	
526	525	50.000000	Q20251012161706	
526	527	50.000000	Q20251012161706	
527	526	50.000000	Q20251012161706	
527	528	50.000000	Q20251012161706	
528	527	50.000000	Q20251012161706	
528	529	50.000000	Q20251012161706	
529	528	50.000000	Q20251012161706	
529	530	50.000000	Q20251012161706	
530	529	50.000000	Q20251012161706	
530	531	50.000000	Q20251012161706	
531	530	50.000000	Q20251012161706	
531	532	50.000000	Q20251012161706	
532	531	50.000000	Q20251012161706	
532	533	50.000000	Q20251012161706	
533	532	50.000000	Q20251012161706	
533	534	50.000000	Q20251012161706	
534	533	50.000000	Q20251012161706	
534	535	50.000000	Q20251012161706	
535	534	50.000000	Q20251012161706	
535	536	50.000000	Q20251012161706	
536	535	50.000000	Q20251012161706	
536	537	50.000000	Q20251012161706	
537	536	50.000000	Q20251012161706	
537	538	50.000000	Q20251012161706	
537	2646	50.000000	Q20251012161706	
538	537	50.000000	Q20251012161706	
538	539	50.000000	Q20251012161706	
539	538	50.000000	Q20251012161706	
539	540	50.000000	Q20251012161706	
540	539	50.000000	Q20251012161706	
540	541	50.000000	Q20251012161706	
541	540	50.000000	Q20251012161706	
541	542	50.000000	Q20251012161706	
542	541	50.000000	Q20251012161706	
542	543	50.000000	Q20251012161706	
543	542	50.000000	Q20251012161706	
543	544	50.000000	Q20251012161706	
544	543	50.000000	Q20251012161706	
544	545	50.000000	Q20251012161706	
545	544	50.000000	Q20251012161706	
545	546	50.000000	Q20251012161706	
546	545	50.000000	Q20251012161706	
546	547	50.000000	Q20251012161706	
547	546	50.000000	Q20251012161706	
547	548	50.000000	Q20251012161706	
548	547	50.000000	Q20251012161706	
548	549	50.000000	Q20251012161706	
549	548	50.000000	Q20251012161706	
549	550	50.000000	Q20251012161706	
550	549	50.000000	Q20251012161706	
550	551	50.000000	Q20251012161706	
551	550	50.000000	Q20251012161706	
551	552	50.000000	Q20251012161706	
552	551	50.000000	Q20251012161706	
552	553	50.000000	Q20251012161706	
553	552	50.000000	Q20251012161706	
553	554	50.000000	Q20251012161706	
554	553	50.000000	Q20251012161706	
554	555	50.000000	Q20251012161706	
555	554	50.000000	Q20251012161706	
555	556	50.000000	Q20251012161706	
556	555	50.000000	Q20251012161706	
556	557	50.000000	Q20251012161706	
557	556	50.000000	Q20251012161706	
557	558	50.000000	Q20251012161706	
558	557	50.000000	Q20251012161706	
558	559	50.000000	Q20251012161706	
559	558	50.000000	Q20251012161706	
559	560	50.000000	Q20251012161706	
560	559	50.000000	Q20251012161706	
560	561	50.000000	Q20251012161706	
561	560	50.000000	Q20251012161706	
561	562	50.000000	Q20251012161706	
562	561	50.000000	Q20251012161706	
562	563	50.000000	Q20251012161706	
563	562	50.000000	Q20251012161706	
563	564	50.000000	Q20251012161706	
564	563	50.000000	Q20251012161706	
564	565	50.000000	Q20251012161706	
565	564	50.000000	Q20251012161706	
565	566	50.000000	Q20251012161706	
566	565	50.000000	Q20251012161706	
566	567	50.000000	Q20251012161706	
567	566	50.000000	Q20251012161706	
567	568	50.000000	Q20251012161706	
568	567	50.000000	Q20251012161706	
568	569	50.000000	Q20251012161706	
569	568	50.000000	Q20251012161706	
569	570	50.000000	Q20251012161706	
570	569	50.000000	Q20251012161706	
570	571	50.000000	Q20251012161706	
571	570	50.000000	Q20251012161706	
571	572	50.000000	Q20251012161706	
572	571	50.000000	Q20251012161706	
572	573	50.000000	Q20251012161706	
573	572	50.000000	Q20251012161706	
573	574	50.000000	Q20251012161706	
574	573	50.000000	Q20251012161706	
574	575	50.000000	Q20251012161706	
575	574	50.000000	Q20251012161706	
575	576	50.000000	Q20251012161706	
576	575	50.000000	Q20251012161706	
576	577	50.000000	Q20251012161706	
577	576	50.000000	Q20251012161706	
577	578	50.000000	Q20251012161706	
578	577	50.000000	Q20251012161706	
578	579	50.000000	Q20251012161706	
579	578	50.000000	Q20251012161706	
579	580	50.000000	Q20251012161706	
580	579	50.000000	Q20251012161706	
580	581	50.000000	Q20251012161706	
581	580	50.000000	Q20251012161706	
581	582	50.000000	Q20251012161706	
582	581	50.000000	Q20251012161706	
582	583	50.000000	Q20251012161706	
583	582	50.000000	Q20251012161706	
583	584	50.000000	Q20251012161706	
584	583	50.000000	Q20251012161706	
584	585	50.000000	Q20251012161706	
585	584	50.000000	Q20251012161706	
585	586	50.000000	Q20251012161706	
586	585	50.000000	Q20251012161706	
586	587	50.000000	Q20251012161706	
587	586	50.000000	Q20251012161706	
587	588	50.000000	Q20251012161706	
588	587	50.000000	Q20251012161706	
588	589	50.000000	Q20251012161706	
589	588	50.000000	Q20251012161706	
589	590	50.000000	Q20251012161706	
590	589	50.000000	Q20251012161706	
590	591	50.000000	Q20251012161706	
591	590	50.000000	Q20251012161706	
591	592	50.000000	Q20251012161706	
592	591	50.000000	Q20251012161706	
592	593	50.000000	Q20251012161706	
593	592	50.000000	Q20251012161706	
593	594	50.000000	Q20251012161706	
594	593	50.000000	Q20251012161706	
594	595	50.000000	Q20251012161706	
595	594	50.000000	Q20251012161706	
595	596	50.000000	Q20251012161706	
596	595	50.000000	Q20251012161706	
596	597	50.000000	Q20251012161706	
597	596	50.000000	Q20251012161706	
597	598	50.000000	Q20251012161706	
598	597	50.000000	Q20251012161706	
598	599	50.000000	Q20251012161706	
599	598	50.000000	Q20251012161706	
599	600	50.000000	Q20251012161706	
600	599	50.000000	Q20251012161706	
600	601	50.000000	Q20251012161706	
601	600	50.000000	Q20251012161706	
601	602	50.000000	Q20251012161706	
602	601	50.000000	Q20251012161706	
602	603	50.000000	Q20251012161706	
603	602	50.000000	Q20251012161706	
603	604	50.000000	Q20251012161706	
604	603	50.000000	Q20251012161706	
604	605	50.000000	Q20251012161706	
605	604	50.000000	Q20251012161706	
605	606	50.000000	Q20251012161706	
606	605	50.000000	Q20251012161706	
606	607	50.000000	Q20251012161706	
607	606	50.000000	Q20251012161706	
607	608	50.000000	Q20251012161706	
608	607	50.000000	Q20251012161706	
608	609	50.000000	Q20251012161706	
609	608	50.000000	Q20251012161706	
609	610	50.000000	Q20251012161706	
610	609	50.000000	Q20251012161706	
610	611	50.000000	Q20251012161706	
611	610	50.000000	Q20251012161706	
611	612	50.000000	Q20251012161706	
612	611	50.000000	Q20251012161706	
612	613	50.000000	Q20251012161706	
613	612	50.000000	Q20251012161706	
613	614	50.000000	Q20251012161706	
614	613	50.000000	Q20251012161706	
614	615	50.000000	Q20251012161706	
615	614	50.000000	Q20251012161706	
615	616	50.000000	Q20251012161706	
616	615	50.000000	Q20251012161706	
616	617	50.000000	Q20251012161706	
617	616	50.000000	Q20251012161706	
617	618	50.000000	Q20251012161706	
618	617	50.000000	Q20251012161706	
618	619	50.000000	Q20251012161706	
619	618	50.000000	Q20251012161706	
619	620	50.000000	Q20251012161706	
620	619	50.000000	Q20251012161706	
620	621	50.000000	Q20251012161706	
621	620	50.000000	Q20251012161706	
621	622	50.000000	Q20251012161706	
622	621	50.000000	Q20251012161706	
622	623	50.000000	Q20251012161706	
623	622	50.000000	Q20251012161706	
623	624	50.000000	Q20251012161706	
624	623	50.000000	Q20251012161706	
624	625	50.000000	Q20251012161706	
625	624	50.000000	Q20251012161706	
625	626	50.000000	Q20251012161706	
626	625	50.000000	Q20251012161706	
626	627	50.000000	Q20251012161706	
627	626	50.000000	Q20251012161706	
627	628	50.000000	Q20251012161706	
628	627	50.000000	Q20251012161706	
628	629	50.000000	Q20251012161706	
629	628	50.000000	Q20251012161706	
629	630	50.000000	Q20251012161706	
630	629	50.000000	Q20251012161706	
630	631	50.000000	Q20251012161706	
631	630	50.000000	Q20251012161706	
631	632	50.000000	Q20251012161706	
632	631	50.000000	Q20251012161706	
632	633	50.000000	Q20251012161706	
633	632	50.000000	Q20251012161706	
633	634	50.000000	Q20251012161706	
634	633	50.000000	Q20251012161706	
634	635	50.000000	Q20251012161706	
635	634	50.000000	Q20251012161706	
635	636	50.000000	Q20251012161706	
636	635	50.000000	Q20251012161706	
636	637	50.000000	Q20251012161706	
637	636	50.000000	Q20251012161706	
637	638	50.000000	Q20251012161706	
638	637	50.000000	Q20251012161706	
638	639	50.000000	Q20251012161706	
639	638	50.000000	Q20251012161706	
639	640	50.000000	Q20251012161706	
640	639	50.000000	Q20251012161706	
640	641	50.000000	Q20251012161706	
641	640	50.000000	Q20251012161706	
641	642	50.000000	Q20251012161706	
642	641	50.000000	Q20251012161706	
642	643	50.000000	Q20251012161706	
643	642	50.000000	Q20251012161706	
643	644	50.000000	Q20251012161706	
644	643	50.000000	Q20251012161706	
644	645	50.000000	Q20251012161706	
645	644	50.000000	Q20251012161706	
645	646	50.000000	Q20251012161706	
646	645	50.000000	Q20251012161706	
646	647	50.000000	Q20251012161706	
646	2190	50.000000	Q20251012161706	
647	646	50.000000	Q20251012161706	
647	648	50.000000	Q20251012161706	
648	647	50.000000	Q20251012161706	
648	649	50.000000	Q20251012161706	
649	648	50.000000	Q20251012161706	
649	650	50.000000	Q20251012161706	
650	649	50.000000	Q20251012161706	
650	651	50.000000	Q20251012161706	
651	650	50.000000	Q20251012161706	
651	652	50.000000	Q20251012161706	
652	651	50.000000	Q20251012161706	
652	653	50.000000	Q20251012161706	
653	652	50.000000	Q20251012161706	
653	654	50.000000	Q20251012161706	
654	653	50.000000	Q20251012161706	
654	655	50.000000	Q20251012161706	
655	654	50.000000	Q20251012161706	
655	656	50.000000	Q20251012161706	
656	655	50.000000	Q20251012161706	
656	657	50.000000	Q20251012161706	
657	656	50.000000	Q20251012161706	
657	658	50.000000	Q20251012161706	
658	657	50.000000	Q20251012161706	
658	659	50.000000	Q20251012161706	
659	658	50.000000	Q20251012161706	
659	660	50.000000	Q20251012161706	
660	659	50.000000	Q20251012161706	
660	661	50.000000	Q20251012161706	
661	660	50.000000	Q20251012161706	
661	662	50.000000	Q20251012161706	
662	661	50.000000	Q20251012161706	
662	663	50.000000	Q20251012161706	
663	662	50.000000	Q20251012161706	
663	664	50.000000	Q20251012161706	
664	663	50.000000	Q20251012161706	
664	665	50.000000	Q20251012161706	
665	664	50.000000	Q20251012161706	
665	666	50.000000	Q20251012161706	
666	665	50.000000	Q20251012161706	
666	667	50.000000	Q20251012161706	
667	666	50.000000	Q20251012161706	
667	668	50.000000	Q20251012161706	
668	667	50.000000	Q20251012161706	
668	669	50.000000	Q20251012161706	
669	668	50.000000	Q20251012161706	
669	670	50.000000	Q20251012161706	
670	669	50.000000	Q20251012161706	
670	671	50.000000	Q20251012161706	
671	670	50.000000	Q20251012161706	
671	672	50.000000	Q20251012161706	
672	671	50.000000	Q20251012161706	
672	673	50.000000	Q20251012161706	
673	672	50.000000	Q20251012161706	
673	674	50.000000	Q20251012161706	
674	673	50.000000	Q20251012161706	
674	675	50.000000	Q20251012161706	
675	674	50.000000	Q20251012161706	
675	676	50.000000	Q20251012161706	
676	675	50.000000	Q20251012161706	
676	677	50.000000	Q20251012161706	
677	676	50.000000	Q20251012161706	
677	678	50.000000	Q20251012161706	
678	677	50.000000	Q20251012161706	
678	679	50.000000	Q20251012161706	
679	678	50.000000	Q20251012161706	
679	680	50.000000	Q20251012161706	
680	679	50.000000	Q20251012161706	
680	681	50.000000	Q20251012161706	
681	680	50.000000	Q20251012161706	
681	682	50.000000	Q20251012161706	
682	681	50.000000	Q20251012161706	
682	683	50.000000	Q20251012161706	
683	682	50.000000	Q20251012161706	
683	684	50.000000	Q20251012161706	
684	683	50.000000	Q20251012161706	
684	685	50.000000	Q20251012161706	
685	684	50.000000	Q20251012161706	
685	686	50.000000	Q20251012161706	
686	685	50.000000	Q20251012161706	
686	687	50.000000	Q20251012161706	
687	686	50.000000	Q20251012161706	
687	688	50.000000	Q20251012161706	
688	687	50.000000	Q20251012161706	
688	689	50.000000	Q20251012161706	
689	688	50.000000	Q20251012161706	
689	690	50.000000	Q20251012161706	
690	689	50.000000	Q20251012161706	
690	691	50.000000	Q20251012161706	
691	690	50.000000	Q20251012161706	
691	692	50.000000	Q20251012161706	
692	691	50.000000	Q20251012161706	
692	693	50.000000	Q20251012161706	
693	692	50.000000	Q20251012161706	
693	694	50.000000	Q20251012161706	
694	693	50.000000	Q20251012161706	
694	695	50.000000	Q20251012161706	
695	694	50.000000	Q20251012161706	
695	696	50.000000	Q20251012161706	
696	695	50.000000	Q20251012161706	
696	697	50.000000	Q20251012161706	
697	696	50.000000	Q20251012161706	
697	698	50.000000	Q20251012161706	
698	697	50.000000	Q20251012161706	
698	699	50.000000	Q20251012161706	
699	698	50.000000	Q20251012161706	
699	700	50.000000	Q20251012161706	
700	699	50.000000	Q20251012161706	
700	701	50.000000	Q20251012161706	
701	700	50.000000	Q20251012161706	
701	702	50.000000	Q20251012161706	
702	701	50.000000	Q20251012161706	
702	703	50.000000	Q20251012161706	
703	702	50.000000	Q20251012161706	
703	704	50.000000	Q20251012161706	
704	703	50.000000	Q20251012161706	
704	705	50.000000	Q20251012161706	
705	704	50.000000	Q20251012161706	
705	706	50.000000	Q20251012161706	
706	705	50.000000	Q20251012161706	
706	707	50.000000	Q20251012161706	
707	706	50.000000	Q20251012161706	
707	708	50.000000	Q20251012161706	
708	707	50.000000	Q20251012161706	
708	709	50.000000	Q20251012161706	
709	708	50.000000	Q20251012161706	
709	710	50.000000	Q20251012161706	
710	709	50.000000	Q20251012161706	
710	711	50.000000	Q20251012161706	
711	710	50.000000	Q20251012161706	
711	712	50.000000	Q20251012161706	
712	711	50.000000	Q20251012161706	
712	713	50.000000	Q20251012161706	
713	712	50.000000	Q20251012161706	
713	714	50.000000	Q20251012161706	
714	713	50.000000	Q20251012161706	
714	715	50.000000	Q20251012161706	
715	714	50.000000	Q20251012161706	
715	716	50.000000	Q20251012161706	
716	715	50.000000	Q20251012161706	
716	717	50.000000	Q20251012161706	
717	716	50.000000	Q20251012161706	
717	718	50.000000	Q20251012161706	
718	717	50.000000	Q20251012161706	
718	719	50.000000	Q20251012161706	
719	718	50.000000	Q20251012161706	
719	720	50.000000	Q20251012161706	
720	719	50.000000	Q20251012161706	
720	721	50.000000	Q20251012161706	
721	720	50.000000	Q20251012161706	
721	722	50.000000	Q20251012161706	
722	721	50.000000	Q20251012161706	
722	723	50.000000	Q20251012161706	
723	722	50.000000	Q20251012161706	
723	724	50.000000	Q20251012161706	
724	723	50.000000	Q20251012161706	
724	725	50.000000	Q20251012161706	
725	724	50.000000	Q20251012161706	
725	726	50.000000	Q20251012161706	
726	725	50.000000	Q20251012161706	
726	727	50.000000	Q20251012161706	
727	726	50.000000	Q20251012161706	
727	728	50.000000	Q20251012161706	
728	727	50.000000	Q20251012161706	
728	729	50.000000	Q20251012161706	
729	728	50.000000	Q20251012161706	
729	730	50.000000	Q20251012161706	
730	729	50.000000	Q20251012161706	
730	731	50.000000	Q20251012161706	
731	730	50.000000	Q20251012161706	
731	732	50.000000	Q20251012161706	
732	731	50.000000	Q20251012161706	
732	733	50.000000	Q20251012161706	
733	732	50.000000	Q20251012161706	
733	734	50.000000	Q20251012161706	
734	733	50.000000	Q20251012161706	
734	735	50.000000	Q20251012161706	
735	734	50.000000	Q20251012161706	
735	736	50.000000	Q20251012161706	
736	735	50.000000	Q20251012161706	
736	737	50.000000	Q20251012161706	
737	736	50.000000	Q20251012161706	
737	738	50.000000	Q20251012161706	
738	737	50.000000	Q20251012161706	
738	739	50.000000	Q20251012161706	
739	738	50.000000	Q20251012161706	
739	740	50.000000	Q20251012161706	
740	739	50.000000	Q20251012161706	
740	741	50.000000	Q20251012161706	
741	740	50.000000	Q20251012161706	
741	742	50.000000	Q20251012161706	
742	741	50.000000	Q20251012161706	
742	743	50.000000	Q20251012161706	
743	742	50.000000	Q20251012161706	
743	744	50.000000	Q20251012161706	
744	743	50.000000	Q20251012161706	
744	745	50.000000	Q20251012161706	
745	744	50.000000	Q20251012161706	
745	746	50.000000	Q20251012161706	
746	745	50.000000	Q20251012161706	
746	747	50.000000	Q20251012161706	
747	746	50.000000	Q20251012161706	
747	748	50.000000	Q20251012161706	
748	747	50.000000	Q20251012161706	
748	749	50.000000	Q20251012161706	
749	748	50.000000	Q20251012161706	
749	750	50.000000	Q20251012161706	
750	749	50.000000	Q20251012161706	
750	751	50.000000	Q20251012161706	
751	750	50.000000	Q20251012161706	
751	752	50.000000	Q20251012161706	
752	751	50.000000	Q20251012161706	
752	753	50.000000	Q20251012161706	
753	752	50.000000	Q20251012161706	
753	754	50.000000	Q20251012161706	
754	753	50.000000	Q20251012161706	
754	755	50.000000	Q20251012161706	
755	754	50.000000	Q20251012161706	
755	756	50.000000	Q20251012161706	
756	755	50.000000	Q20251012161706	
756	757	50.000000	Q20251012161706	
757	756	50.000000	Q20251012161706	
757	758	50.000000	Q20251012161706	
758	757	50.000000	Q20251012161706	
758	759	50.000000	Q20251012161706	
759	758	50.000000	Q20251012161706	
759	760	50.000000	Q20251012161706	
760	759	50.000000	Q20251012161706	
760	761	50.000000	Q20251012161706	
761	760	50.000000	Q20251012161706	
761	762	50.000000	Q20251012161706	
762	761	50.000000	Q20251012161706	
762	763	50.000000	Q20251012161706	
763	762	50.000000	Q20251012161706	
763	764	50.000000	Q20251012161706	
764	763	50.000000	Q20251012161706	
764	765	50.000000	Q20251012161706	
765	764	50.000000	Q20251012161706	
765	766	50.000000	Q20251012161706	
766	765	50.000000	Q20251012161706	
766	767	50.000000	Q20251012161706	
767	766	50.000000	Q20251012161706	
767	768	50.000000	Q20251012161706	
768	767	50.000000	Q20251012161706	
768	769	50.000000	Q20251012161706	
769	768	50.000000	Q20251012161706	
769	770	50.000000	Q20251012161706	
770	769	50.000000	Q20251012161706	
770	771	50.000000	Q20251012161706	
771	770	50.000000	Q20251012161706	
771	772	50.000000	Q20251012161706	
772	771	50.000000	Q20251012161706	
772	773	50.000000	Q20251012161706	
773	772	50.000000	Q20251012161706	
773	774	50.000000	Q20251012161706	
774	773	50.000000	Q20251012161706	
774	775	50.000000	Q20251012161706	
775	774	50.000000	Q20251012161706	
775	776	50.000000	Q20251012161706	
776	775	50.000000	Q20251012161706	
776	777	50.000000	Q20251012161706	
777	776	50.000000	Q20251012161706	
777	778	50.000000	Q20251012161706	
778	777	50.000000	Q20251012161706	
778	779	50.000000	Q20251012161706	
779	778	50.000000	Q20251012161706	
779	780	50.000000	Q20251012161706	
780	779	50.000000	Q20251012161706	
780	781	50.000000	Q20251012161706	
781	780	50.000000	Q20251012161706	
781	782	50.000000	Q20251012161706	
782	781	50.000000	Q20251012161706	
782	783	50.000000	Q20251012161706	
783	782	50.000000	Q20251012161706	
783	784	50.000000	Q20251012161706	
784	783	50.000000	Q20251012161706	
784	785	50.000000	Q20251012161706	
785	784	50.000000	Q20251012161706	
785	786	50.000000	Q20251012161706	
786	785	50.000000	Q20251012161706	
786	787	50.000000	Q20251012161706	
787	786	50.000000	Q20251012161706	
787	788	50.000000	Q20251012161706	
788	787	50.000000	Q20251012161706	
788	789	50.000000	Q20251012161706	
789	788	50.000000	Q20251012161706	
789	790	50.000000	Q20251012161706	
790	789	50.000000	Q20251012161706	
790	791	50.000000	Q20251012161706	
791	790	50.000000	Q20251012161706	
791	792	50.000000	Q20251012161706	
792	791	50.000000	Q20251012161706	
792	793	50.000000	Q20251012161706	
793	792	50.000000	Q20251012161706	
793	794	50.000000	Q20251012161706	
794	793	50.000000	Q20251012161755	
794	795	50.000000	Q20251012161755	
795	794	50.000000	Q20251012161755	
795	796	50.000000	Q20251012161755	
796	795	50.000000	Q20251012161755	
796	797	50.000000	Q20251012161755	
797	796	50.000000	Q20251012161755	
797	798	50.000000	Q20251012161755	
798	797	50.000000	Q20251012161755	
798	799	50.000000	Q20251012161755	
799	798	50.000000	Q20251012161755	
799	800	50.000000	Q20251012161755	
800	799	50.000000	Q20251012161755	
800	801	50.000000	Q20251012161755	
801	800	50.000000	Q20251012161755	
801	802	50.000000	Q20251012161755	
802	801	50.000000	Q20251012161755	
802	803	50.000000	Q20251012161755	
803	802	50.000000	Q20251012161755	
803	804	50.000000	Q20251012161755	
804	803	50.000000	Q20251012161755	
804	805	50.000000	Q20251012161755	
805	804	50.000000	Q20251012161755	
805	806	50.000000	Q20251012161755	
806	805	50.000000	Q20251012161755	
806	807	50.000000	Q20251012161755	
807	806	50.000000	Q20251012161755	
807	808	50.000000	Q20251012161755	
808	807	50.000000	Q20251012161755	
808	809	50.000000	Q20251012161755	
809	808	50.000000	Q20251012161755	
809	810	50.000000	Q20251012161755	
810	809	50.000000	Q20251012161755	
810	811	50.000000	Q20251012161755	
811	810	50.000000	Q20251012161755	
811	812	50.000000	Q20251012161755	
812	811	50.000000	Q20251012161755	
812	813	50.000000	Q20251012161755	
813	812	50.000000	Q20251012161755	
813	814	50.000000	Q20251012161755	
814	813	50.000000	Q20251012161755	
814	815	50.000000	Q20251012161755	
815	814	50.000000	Q20251012161755	
815	816	50.000000	Q20251012161755	
816	815	50.000000	Q20251012161755	
816	817	50.000000	Q20251012161755	
817	816	50.000000	Q20251012161755	
817	818	50.000000	Q20251012161755	
818	817	50.000000	Q20251012161755	
818	819	50.000000	Q20251012161755	
819	818	50.000000	Q20251012161755	
819	820	50.000000	Q20251012161755	
820	819	50.000000	Q20251012161755	
820	821	50.000000	Q20251012161755	
821	820	50.000000	Q20251012161755	
821	822	50.000000	Q20251012161755	
822	821	50.000000	Q20251012161755	
822	823	50.000000	Q20251012161755	
823	822	50.000000	Q20251012161755	
823	824	50.000000	Q20251012161755	
824	823	50.000000	Q20251012161755	
824	825	50.000000	Q20251012161755	
825	824	50.000000	Q20251012161755	
825	826	50.000000	Q20251012161755	
826	825	50.000000	Q20251012161755	
826	827	50.000000	Q20251012161755	
827	826	50.000000	Q20251012161755	
827	828	50.000000	Q20251012161755	
828	827	50.000000	Q20251012161755	
828	829	50.000000	Q20251012161755	
829	828	50.000000	Q20251012161755	
829	830	50.000000	Q20251012161755	
830	829	50.000000	Q20251012161755	
830	831	50.000000	Q20251012161755	
831	830	50.000000	Q20251012161755	
831	832	50.000000	Q20251012161755	
832	831	50.000000	Q20251012161755	
832	833	50.000000	Q20251012161755	
833	832	50.000000	Q20251012161755	
833	834	50.000000	Q20251012161755	
834	833	50.000000	Q20251012161755	
834	835	50.000000	Q20251012161755	
835	834	50.000000	Q20251012161755	
835	836	50.000000	Q20251012161755	
836	835	50.000000	Q20251012161755	
836	837	50.000000	Q20251012161755	
837	836	50.000000	Q20251012161755	
837	838	50.000000	Q20251012161755	
838	837	50.000000	Q20251012161755	
838	839	50.000000	Q20251012161755	
839	838	50.000000	Q20251012161755	
839	840	50.000000	Q20251012161755	
840	839	50.000000	Q20251012161755	
840	841	50.000000	Q20251012161755	
841	840	50.000000	Q20251012161755	
841	842	50.000000	Q20251012161755	
842	841	50.000000	Q20251012161755	
842	843	50.000000	Q20251012161755	
843	842	50.000000	Q20251012161755	
843	844	50.000000	Q20251012161755	
844	843	50.000000	Q20251012161755	
844	845	50.000000	Q20251012161755	
845	844	50.000000	Q20251012161755	
845	846	50.000000	Q20251012161755	
846	845	50.000000	Q20251012161755	
846	847	50.000000	Q20251012161755	
847	846	50.000000	Q20251012161755	
847	848	50.000000	Q20251012161755	
848	847	50.000000	Q20251012161755	
848	849	50.000000	Q20251012161755	
849	848	50.000000	Q20251012161755	
849	850	50.000000	Q20251012161755	
850	849	50.000000	Q20251012161755	
850	851	50.000000	Q20251012161755	
851	850	50.000000	Q20251012161755	
851	852	50.000000	Q20251012161755	
852	851	50.000000	Q20251012161755	
852	853	50.000000	Q20251012161755	
853	852	50.000000	Q20251012161755	
853	854	50.000000	Q20251012161755	
854	853	50.000000	Q20251012161755	
854	855	50.000000	Q20251012161755	
855	854	50.000000	Q20251012161755	
855	856	50.000000	Q20251012161755	
856	855	50.000000	Q20251012161755	
856	857	50.000000	Q20251012161755	
857	856	50.000000	Q20251012161755	
857	858	50.000000	Q20251012161755	
858	857	50.000000	Q20251012161755	
858	859	50.000000	Q20251012161755	
858	2689	50.000000	Q20251012161755	
859	858	50.000000	Q20251012161755	
859	860	50.000000	Q20251012161755	
860	859	50.000000	Q20251012161755	
860	861	50.000000	Q20251012161755	
861	860	50.000000	Q20251012161755	
861	862	50.000000	Q20251012161755	
862	861	50.000000	Q20251012161755	
862	863	50.000000	Q20251012161755	
863	862	50.000000	Q20251012161755	
863	864	50.000000	Q20251012161755	
864	863	50.000000	Q20251012161755	
864	865	50.000000	Q20251012161755	
865	864	50.000000	Q20251012161755	
865	866	50.000000	Q20251012161755	
866	865	50.000000	Q20251012161755	
866	867	50.000000	Q20251012161755	
867	866	50.000000	Q20251012161755	
867	868	50.000000	Q20251012161755	
868	867	50.000000	Q20251012161755	
868	869	50.000000	Q20251012161755	
869	868	50.000000	Q20251012161755	
869	870	50.000000	Q20251012161755	
870	869	50.000000	Q20251012161755	
870	871	50.000000	Q20251012161755	
871	870	50.000000	Q20251012161755	
871	872	50.000000	Q20251012161755	
872	871	50.000000	Q20251012161755	
872	873	50.000000	Q20251012161755	
873	872	50.000000	Q20251012161755	
873	874	50.000000	Q20251012161755	
874	873	50.000000	Q20251012161755	
874	875	50.000000	Q20251012161755	
875	874	50.000000	Q20251012161755	
875	876	50.000000	Q20251012161755	
876	875	50.000000	Q20251012161755	
876	877	50.000000	Q20251012161755	
877	876	50.000000	Q20251012161755	
877	878	50.000000	Q20251012161755	
878	877	50.000000	Q20251012161755	
878	879	50.000000	Q20251012161755	
879	878	50.000000	Q20251012161755	
879	880	50.000000	Q20251012161755	
880	879	50.000000	Q20251012161755	
880	881	50.000000	Q20251012161755	
881	880	50.000000	Q20251012161755	
881	882	50.000000	Q20251012161755	
882	881	50.000000	Q20251012161755	
882	883	50.000000	Q20251012161755	
883	882	50.000000	Q20251012161755	
883	884	50.000000	Q20251012161755	
884	883	50.000000	Q20251012161755	
884	885	50.000000	Q20251012161755	
885	884	50.000000	Q20251012161755	
885	886	50.000000	Q20251012161755	
886	885	50.000000	Q20251012161755	
886	887	50.000000	Q20251012161755	
887	886	50.000000	Q20251012161755	
887	888	50.000000	Q20251012161755	
888	887	50.000000	Q20251012161755	
888	889	50.000000	Q20251012161755	
889	888	50.000000	Q20251012161755	
889	890	50.000000	Q20251012161755	
890	889	50.000000	Q20251012161755	
890	891	50.000000	Q20251012161755	
891	890	50.000000	Q20251012161755	
891	892	50.000000	Q20251012161755	
892	891	50.000000	Q20251012161755	
892	893	50.000000	Q20251012161755	
893	892	50.000000	Q20251012161755	
893	894	50.000000	Q20251012161755	
894	893	50.000000	Q20251012161755	
894	895	50.000000	Q20251012161755	
895	894	50.000000	Q20251012161755	
895	896	50.000000	Q20251012161755	
896	895	50.000000	Q20251012161755	
896	897	50.000000	Q20251012161755	
897	896	50.000000	Q20251012161755	
897	898	50.000000	Q20251012161755	
898	897	50.000000	Q20251012161755	
898	899	50.000000	Q20251012161755	
899	898	50.000000	Q20251012161755	
899	900	50.000000	Q20251012161755	
900	899	50.000000	Q20251012161755	
900	901	50.000000	Q20251012161755	
901	900	50.000000	Q20251012161755	
901	902	50.000000	Q20251012161755	
902	901	50.000000	Q20251012161755	
902	903	50.000000	Q20251012161755	
903	902	50.000000	Q20251012161755	
903	904	50.000000	Q20251012161755	
904	903	50.000000	Q20251012161755	
904	905	50.000000	Q20251012161755	
905	904	50.000000	Q20251012161755	
905	906	50.000000	Q20251012161755	
906	905	50.000000	Q20251012161755	
906	907	50.000000	Q20251012161755	
907	906	50.000000	Q20251012161755	
907	908	50.000000	Q20251012161755	
907	2247	50.000000	Q20251012161755	
908	907	50.000000	Q20251012161755	
908	909	50.000000	Q20251012161755	
909	908	50.000000	Q20251012161755	
909	910	50.000000	Q20251012161755	
910	909	50.000000	Q20251012161755	
910	911	50.000000	Q20251012161755	
911	910	50.000000	Q20251012161755	
911	912	50.000000	Q20251012161755	
912	911	50.000000	Q20251012161755	
912	913	50.000000	Q20251012161755	
913	912	50.000000	Q20251012161755	
913	914	50.000000	Q20251012161755	
914	913	50.000000	Q20251012161755	
914	915	50.000000	Q20251012161755	
915	914	50.000000	Q20251012161755	
915	916	50.000000	Q20251012161755	
916	915	50.000000	Q20251012161755	
916	917	50.000000	Q20251012161755	
917	916	50.000000	Q20251012161755	
917	918	50.000000	Q20251012161755	
918	917	50.000000	Q20251012161755	
918	919	50.000000	Q20251012161755	
919	918	50.000000	Q20251012161755	
919	920	50.000000	Q20251012161755	
920	919	50.000000	Q20251012161755	
920	921	50.000000	Q20251012161755	
921	920	50.000000	Q20251012161755	
921	922	50.000000	Q20251012161755	
922	921	50.000000	Q20251012161755	
922	923	50.000000	Q20251012161755	
923	922	50.000000	Q20251012161755	
923	924	50.000000	Q20251012161755	
924	923	50.000000	Q20251012161755	
924	925	50.000000	Q20251012161755	
925	924	50.000000	Q20251012161755	
925	926	50.000000	Q20251012161755	
926	925	50.000000	Q20251012161755	
926	927	50.000000	Q20251012161755	
927	926	50.000000	Q20251012161755	
927	928	50.000000	Q20251012161755	
928	927	50.000000	Q20251012161755	
928	929	50.000000	Q20251012161755	
929	928	50.000000	Q20251012161755	
929	930	50.000000	Q20251012161755	
930	929	50.000000	Q20251012161755	
930	931	50.000000	Q20251012161755	
931	930	50.000000	Q20251012161755	
931	932	50.000000	Q20251012161755	
932	931	50.000000	Q20251012161755	
932	933	50.000000	Q20251012161755	
933	932	50.000000	Q20251012161755	
933	934	50.000000	Q20251012161755	
934	933	50.000000	Q20251012161755	
934	935	50.000000	Q20251012161755	
935	934	50.000000	Q20251012161755	
935	936	50.000000	Q20251012161755	
936	935	50.000000	Q20251012161755	
936	937	50.000000	Q20251012161755	
937	936	50.000000	Q20251012161755	
937	938	50.000000	Q20251012161755	
938	937	50.000000	Q20251012161755	
938	939	50.000000	Q20251012161755	
939	938	50.000000	Q20251012161755	
939	940	50.000000	Q20251012161755	
940	939	50.000000	Q20251012161755	
940	941	50.000000	Q20251012161755	
941	940	50.000000	Q20251012161755	
941	942	50.000000	Q20251012161755	
942	941	50.000000	Q20251012161755	
942	943	50.000000	Q20251012161755	
943	942	50.000000	Q20251012161755	
943	944	50.000000	Q20251012161755	
944	943	50.000000	Q20251012161755	
944	945	50.000000	Q20251012161755	
945	944	50.000000	Q20251012161755	
945	946	50.000000	Q20251012161755	
946	945	50.000000	Q20251012161755	
946	947	50.000000	Q20251012161755	
947	946	50.000000	Q20251012161755	
947	948	50.000000	Q20251012161755	
948	947	50.000000	Q20251012161755	
948	949	50.000000	Q20251012161755	
949	948	50.000000	Q20251012161755	
949	950	50.000000	Q20251012161755	
950	949	50.000000	Q20251012161755	
950	951	50.000000	Q20251012161755	
951	950	50.000000	Q20251012161755	
951	952	50.000000	Q20251012161755	
952	951	50.000000	Q20251012161755	
952	953	50.000000	Q20251012161755	
953	952	50.000000	Q20251012161755	
953	954	50.000000	Q20251012161755	
954	953	50.000000	Q20251012161755	
954	955	50.000000	Q20251012161755	
955	954	50.000000	Q20251012161755	
955	956	50.000000	Q20251012161755	
956	955	50.000000	Q20251012161755	
956	957	50.000000	Q20251012161755	
957	956	50.000000	Q20251012161755	
957	958	50.000000	Q20251012161755	
958	957	50.000000	Q20251012161755	
958	959	50.000000	Q20251012161755	
959	958	50.000000	Q20251012161755	
959	960	50.000000	Q20251012161755	
960	959	50.000000	Q20251012161755	
960	961	50.000000	Q20251012161755	
961	960	50.000000	Q20251012161755	
961	962	50.000000	Q20251012161755	
962	961	50.000000	Q20251012161755	
962	963	50.000000	Q20251012161755	
963	962	50.000000	Q20251012161755	
963	964	50.000000	Q20251012161755	
964	963	50.000000	Q20251012161755	
964	965	50.000000	Q20251012161755	
965	964	50.000000	Q20251012161755	
965	966	50.000000	Q20251012161755	
966	965	50.000000	Q20251012161755	
966	967	50.000000	Q20251012161755	
967	966	50.000000	Q20251012161755	
967	968	50.000000	Q20251012161755	
968	967	50.000000	Q20251012161755	
968	969	50.000000	Q20251012161755	
969	968	50.000000	Q20251012161755	
969	970	50.000000	Q20251012161755	
970	969	50.000000	Q20251012161755	
970	971	50.000000	Q20251012161755	
971	970	50.000000	Q20251012161755	
971	972	50.000000	Q20251012161755	
972	971	50.000000	Q20251012161755	
972	973	50.000000	Q20251012161755	
973	972	50.000000	Q20251012161755	
973	974	50.000000	Q20251012161755	
974	973	50.000000	Q20251012161755	
974	975	50.000000	Q20251012161755	
975	974	50.000000	Q20251012161755	
975	976	50.000000	Q20251012161755	
976	975	50.000000	Q20251012161755	
976	977	50.000000	Q20251012161755	
977	976	50.000000	Q20251012161755	
977	978	50.000000	Q20251012161755	
978	977	50.000000	Q20251012161755	
978	979	50.000000	Q20251012161755	
979	978	50.000000	Q20251012161755	
979	980	50.000000	Q20251012161755	
980	979	50.000000	Q20251012161755	
980	981	50.000000	Q20251012161755	
981	980	50.000000	Q20251012161755	
981	982	50.000000	Q20251012161755	
982	981	50.000000	Q20251012161755	
982	983	50.000000	Q20251012161755	
983	982	50.000000	Q20251012161755	
983	984	50.000000	Q20251012161755	
984	983	50.000000	Q20251012161755	
984	985	50.000000	Q20251012161755	
985	984	50.000000	Q20251012161755	
985	986	50.000000	Q20251012161755	
986	985	50.000000	Q20251012161755	
986	987	50.000000	Q20251012161755	
987	986	50.000000	Q20251012161755	
987	988	50.000000	Q20251012161755	
988	987	50.000000	Q20251012161755	
988	989	50.000000	Q20251012161755	
989	988	50.000000	Q20251012161755	
989	990	50.000000	Q20251012161755	
990	989	50.000000	Q20251012161755	
990	991	50.000000	Q20251012161755	
991	990	50.000000	Q20251012161755	
991	992	50.000000	Q20251012161755	
992	991	50.000000	Q20251012161755	
992	993	50.000000	Q20251012161755	
993	992	50.000000	Q20251012161755	
993	994	50.000000	Q20251012161755	
994	993	50.000000	Q20251012161755	
994	995	50.000000	Q20251012161755	
995	994	50.000000	Q20251012161755	
995	996	50.000000	Q20251012161755	
996	995	50.000000	Q20251012161755	
996	997	50.000000	Q20251012161755	
997	996	50.000000	Q20251012161755	
997	998	50.000000	Q20251012161755	
998	997	50.000000	Q20251012161755	
998	999	50.000000	Q20251012161755	
999	998	50.000000	Q20251012161755	
999	1000	50.000000	Q20251012161755	
1000	999	50.000000	Q20251012161755	
1000	1001	50.000000	Q20251012161755	
1001	1000	50.000000	Q20251012161755	
1001	1002	50.000000	Q20251012161755	
1002	1001	50.000000	Q20251012161755	
1002	1003	50.000000	Q20251012161755	
1003	1002	50.000000	Q20251012161755	
1003	1004	50.000000	Q20251012161755	
1004	1003	50.000000	Q20251012161755	
1004	1005	50.000000	Q20251012161755	
1005	1004	50.000000	Q20251012161755	
1005	1006	50.000000	Q20251012161755	
1006	1005	50.000000	Q20251012161755	
1006	1007	50.000000	Q20251012161755	
1007	1006	50.000000	Q20251012161755	
1007	1008	50.000000	Q20251012161755	
1008	1007	50.000000	Q20251012161755	
1008	1009	50.000000	Q20251012161755	
1009	1008	50.000000	Q20251012161755	
1009	1010	50.000000	Q20251012161755	
1010	1009	50.000000	Q20251012161755	
1010	1011	50.000000	Q20251012161755	
1011	1010	50.000000	Q20251012161755	
1011	1012	50.000000	Q20251012161755	
1012	1011	50.000000	Q20251012161755	
1012	1013	50.000000	Q20251012161755	
1013	1012	50.000000	Q20251012161755	
1013	1014	50.000000	Q20251012161755	
1014	1013	50.000000	Q20251012161755	
1014	1015	50.000000	Q20251012161755	
1015	1014	50.000000	Q20251012161755	
1015	1016	50.000000	Q20251012161755	
1016	1015	50.000000	Q20251012161755	
1016	1017	50.000000	Q20251012161755	
1017	1016	50.000000	Q20251012161755	
1017	1018	50.000000	Q20251012161755	
1018	1017	50.000000	Q20251012161755	
1018	1019	50.000000	Q20251012161755	
1019	1018	50.000000	Q20251012161755	
1019	1020	50.000000	Q20251012161755	
1020	1019	50.000000	Q20251012161755	
1020	1021	50.000000	Q20251012161755	
1021	1020	50.000000	Q20251012161755	
1021	1022	50.000000	Q20251012161755	
1022	1021	50.000000	Q20251012161755	
1022	1023	50.000000	Q20251012161755	
1023	1022	50.000000	Q20251012161755	
1023	1024	50.000000	Q20251012161755	
1024	1023	50.000000	Q20251012161755	
1024	1025	50.000000	Q20251012161755	
1025	1024	50.000000	Q20251012161755	
1025	1026	50.000000	Q20251012161755	
1026	1025	50.000000	Q20251012161755	
1026	1027	50.000000	Q20251012161755	
1027	1026	50.000000	Q20251012161755	
1027	1028	50.000000	Q20251012161755	
1028	1027	50.000000	Q20251012161755	
1028	1029	50.000000	Q20251012161755	
1029	1028	50.000000	Q20251012161755	
1029	1030	50.000000	Q20251012161755	
1030	1029	50.000000	Q20251012161755	
1030	1031	50.000000	Q20251012161755	
1031	1030	50.000000	Q20251012161755	
1031	1032	50.000000	Q20251012161755	
1032	1031	50.000000	Q20251012161755	
1032	1033	50.000000	Q20251012161755	
1033	1032	50.000000	Q20251012161755	
1033	1034	50.000000	Q20251012161755	
1034	1033	50.000000	Q20251012161755	
1034	1035	50.000000	Q20251012161755	
1035	1034	50.000000	Q20251012161755	
1035	1036	50.000000	Q20251012161755	
1036	1035	50.000000	Q20251012161755	
1036	1037	50.000000	Q20251012161755	
1037	1036	50.000000	Q20251012161755	
1037	1038	50.000000	Q20251012161755	
1038	1037	50.000000	Q20251012161755	
1038	1039	50.000000	Q20251012161755	
1039	1038	50.000000	Q20251012161755	
1039	1040	50.000000	Q20251012161755	
1040	1039	50.000000	Q20251012161755	
1040	1041	50.000000	Q20251012161755	
1041	1040	50.000000	Q20251012161755	
1041	1042	50.000000	Q20251012161755	
1042	1041	50.000000	Q20251012161755	
1042	1043	50.000000	Q20251012161755	
1043	1042	50.000000	Q20251012161755	
1043	1044	50.000000	Q20251012161755	
1044	1043	50.000000	Q20251012161755	
1044	1045	50.000000	Q20251012161755	
1045	1044	50.000000	Q20251012161755	
1045	1046	50.000000	Q20251012161755	
1046	1045	50.000000	Q20251012161755	
1046	1047	50.000000	Q20251012161755	
1047	1046	50.000000	Q20251012161755	
1047	1048	50.000000	Q20251012161755	
1047	2294	50.000000	Q20251012161755	
1048	1047	50.000000	Q20251012161755	
1048	1049	50.000000	Q20251012161755	
1049	1048	50.000000	Q20251012161755	
1049	1050	50.000000	Q20251012161755	
1050	1049	50.000000	Q20251012161755	
1050	1051	50.000000	Q20251012161755	
1051	1050	50.000000	Q20251012161755	
1051	1052	50.000000	Q20251012161755	
1052	1051	50.000000	Q20251012161755	
1052	1053	50.000000	Q20251012161755	
1053	1052	50.000000	Q20251012161755	
1053	1054	50.000000	Q20251012161755	
1054	1053	50.000000	Q20251012161755	
1054	1055	50.000000	Q20251012161755	
1055	1054	50.000000	Q20251012161755	
1055	1056	50.000000	Q20251012161755	
1056	1055	50.000000	Q20251012161755	
1056	1057	50.000000	Q20251012161755	
1057	1056	50.000000	Q20251012161755	
1057	1058	50.000000	Q20251012161755	
1058	1057	50.000000	Q20251012161755	
1058	1059	50.000000	Q20251012161755	
1059	1058	50.000000	Q20251012161755	
1059	1060	50.000000	Q20251012161755	
1060	1059	50.000000	Q20251012161755	
1060	1061	50.000000	Q20251012161755	
1061	1060	50.000000	Q20251012161755	
1061	1062	50.000000	Q20251012161755	
1062	1061	50.000000	Q20251012161755	
1062	1063	50.000000	Q20251012161755	
1063	1062	50.000000	Q20251012161755	
1063	1064	50.000000	Q20251012161755	
1064	1063	50.000000	Q20251012161755	
1064	1065	50.000000	Q20251012161755	
1065	1064	50.000000	Q20251012161755	
1065	1066	50.000000	Q20251012161755	
1066	1065	50.000000	Q20251012161755	
1066	1067	50.000000	Q20251012161755	
1067	1066	50.000000	Q20251012161755	
1067	1068	50.000000	Q20251012161755	
1068	1067	50.000000	Q20251012161755	
1068	1069	50.000000	Q20251012161755	
1069	1068	50.000000	Q20251012161755	
1069	1070	50.000000	Q20251012161755	
1070	1069	50.000000	Q20251012161755	
1070	1071	50.000000	Q20251012161755	
1071	1070	50.000000	Q20251012161755	
1071	1072	50.000000	Q20251012161755	
1072	1071	50.000000	Q20251012161755	
1072	1073	50.000000	Q20251012161755	
1073	1072	50.000000	Q20251012161755	
1073	1074	50.000000	Q20251012161755	
1074	1073	50.000000	Q20251012161755	
1074	1075	50.000000	Q20251012161755	
1075	1074	50.000000	Q20251012161755	
1075	1076	50.000000	Q20251012161755	
1076	1075	50.000000	Q20251012161755	
1076	1077	50.000000	Q20251012161755	
1077	1076	50.000000	Q20251012161755	
1077	1078	50.000000	Q20251012161755	
1078	1077	50.000000	Q20251012161755	
1078	1079	50.000000	Q20251012161755	
1079	1078	50.000000	Q20251012161755	
1079	1080	50.000000	Q20251012161755	
1080	1079	50.000000	Q20251012161755	
1080	1081	50.000000	Q20251012161755	
1081	1080	50.000000	Q20251012161755	
1081	1082	50.000000	Q20251012161755	
1082	1081	50.000000	Q20251012161755	
1082	1083	50.000000	Q20251012161755	
1083	1082	50.000000	Q20251012161755	
1083	1084	50.000000	Q20251012161755	
1084	1083	50.000000	Q20251012161755	
1084	1085	50.000000	Q20251012161755	
1085	1084	50.000000	Q20251012161755	
1085	1086	50.000000	Q20251012161755	
1086	1085	50.000000	Q20251012161755	
1086	1087	50.000000	Q20251012161755	
1087	1086	50.000000	Q20251012161755	
1087	1088	50.000000	Q20251012161755	
1088	1087	50.000000	Q20251012161755	
1088	1089	50.000000	Q20251012161755	
1089	1088	50.000000	Q20251012161755	
1089	1090	50.000000	Q20251012161755	
1090	1089	50.000000	Q20251012161755	
1090	1091	50.000000	Q20251012161755	
1091	1090	50.000000	Q20251012161755	
1091	1092	50.000000	Q20251012161755	
1092	1091	50.000000	Q20251012161755	
1092	1093	50.000000	Q20251012161755	
1093	1092	50.000000	Q20251012161755	
1093	1094	50.000000	Q20251012161755	
1094	1093	50.000000	Q20251012161755	
1094	1095	50.000000	Q20251012161755	
1095	1094	50.000000	Q20251012161755	
1095	1096	50.000000	Q20251012161755	
1096	1095	50.000000	Q20251012161755	
1096	1097	50.000000	Q20251012161755	
1097	1096	50.000000	Q20251012161755	
1097	1098	50.000000	Q20251012161755	
1098	1097	50.000000	Q20251012161755	
1098	1099	50.000000	Q20251012161755	
1099	1098	50.000000	Q20251012161755	
1099	1100	50.000000	Q20251012161755	
1100	1099	50.000000	Q20251012161755	
1100	1101	50.000000	Q20251012161755	
1101	1100	50.000000	Q20251012161755	
1101	1102	50.000000	Q20251012161755	
1102	1101	50.000000	Q20251012161755	
1102	1103	50.000000	Q20251012161755	
1103	1102	50.000000	Q20251012161755	
1103	1104	50.000000	Q20251012161755	
1104	1103	50.000000	Q20251012161755	
1104	1105	50.000000	Q20251012161755	
1105	1104	50.000000	Q20251012161755	
1105	1106	50.000000	Q20251012161755	
1106	1105	50.000000	Q20251012161755	
1106	1107	50.000000	Q20251012161755	
1107	1106	50.000000	Q20251012161755	
1107	1108	50.000000	Q20251012161755	
1108	1107	50.000000	Q20251012161755	
1108	1109	50.000000	Q20251012161755	
1108	2736	50.000000	Q20251012161755	
1109	1108	50.000000	Q20251012161755	
1109	1110	50.000000	Q20251012161755	
1110	1109	50.000000	Q20251012161755	
1110	1111	50.000000	Q20251012161755	
1111	1110	50.000000	Q20251012161755	
1111	1112	50.000000	Q20251012161755	
1112	1111	50.000000	Q20251012161755	
1112	1113	50.000000	Q20251012161755	
1113	1112	50.000000	Q20251012161755	
1113	1114	50.000000	Q20251012161755	
1114	1113	50.000000	Q20251012161755	
1114	1115	50.000000	Q20251012161755	
1115	1114	50.000000	Q20251012161755	
1115	1116	50.000000	Q20251012161755	
1116	1115	50.000000	Q20251012161755	
1116	1117	50.000000	Q20251012161755	
1117	1116	50.000000	Q20251012161755	
1117	1118	50.000000	Q20251012161755	
1118	1117	50.000000	Q20251012161755	
1118	1119	50.000000	Q20251012161755	
1119	1118	50.000000	Q20251012161755	
1119	1120	50.000000	Q20251012161755	
1120	1119	50.000000	Q20251012161755	
1120	1121	50.000000	Q20251012161755	
1121	1120	50.000000	Q20251012161755	
1121	1122	50.000000	Q20251012161755	
1122	1121	50.000000	Q20251012161755	
1122	1123	50.000000	Q20251012161755	
1123	1122	50.000000	Q20251012161755	
1123	1124	50.000000	Q20251012161755	
1124	1123	50.000000	Q20251012161755	
1124	1125	50.000000	Q20251012161755	
1125	1124	50.000000	Q20251012161755	
1125	1126	50.000000	Q20251012161755	
1126	1125	50.000000	Q20251012161755	
1126	1127	50.000000	Q20251012161755	
1127	1126	50.000000	Q20251012161755	
1127	1128	50.000000	Q20251012161755	
1128	1127	50.000000	Q20251012161755	
1128	1129	50.000000	Q20251012161755	
1129	1128	50.000000	Q20251012161755	
1129	1130	50.000000	Q20251012161755	
1130	1129	50.000000	Q20251012161755	
1130	1131	50.000000	Q20251012161755	
1131	1130	50.000000	Q20251012161755	
1131	1132	50.000000	Q20251012161755	
1132	1131	50.000000	Q20251012161755	
1132	1133	50.000000	Q20251012161755	
1133	1132	50.000000	Q20251012161755	
1133	1134	50.000000	Q20251012161755	
1134	1133	50.000000	Q20251012161755	
1134	1135	50.000000	Q20251012161755	
1135	1134	50.000000	Q20251012161755	
1135	1136	50.000000	Q20251012161755	
1136	1135	50.000000	Q20251012161755	
1136	1137	50.000000	Q20251012161755	
1137	1136	50.000000	Q20251012161755	
1137	1138	50.000000	Q20251012161755	
1138	1137	50.000000	Q20251012161755	
1138	1139	50.000000	Q20251012161755	
1139	1138	50.000000	Q20251012161755	
1139	1140	50.000000	Q20251012161755	
1140	1139	50.000000	Q20251012161755	
1140	1141	50.000000	Q20251012161755	
1141	1140	50.000000	Q20251012161755	
1141	1142	50.000000	Q20251012161755	
1142	1141	50.000000	Q20251012161755	
1142	1143	50.000000	Q20251012161755	
1143	1142	50.000000	Q20251012161755	
1143	1144	50.000000	Q20251012161755	
1144	1143	50.000000	Q20251012161755	
1144	1145	50.000000	Q20251012161755	
1145	1144	50.000000	Q20251012161755	
1145	1146	50.000000	Q20251012161755	
1146	1145	50.000000	Q20251012161755	
1146	1147	50.000000	Q20251012161755	
1147	1146	50.000000	Q20251012161755	
1147	1148	50.000000	Q20251012161755	
1148	1147	50.000000	Q20251012161755	
1148	1149	50.000000	Q20251012161755	
1149	1148	50.000000	Q20251012161755	
1149	1150	50.000000	Q20251012161755	
1150	1149	50.000000	Q20251012161755	
1150	1151	50.000000	Q20251012161755	
1151	1150	50.000000	Q20251012161755	
1151	1152	50.000000	Q20251012161755	
1152	1151	50.000000	Q20251012161755	
1152	1153	50.000000	Q20251012161755	
1153	1152	50.000000	Q20251012161755	
1153	1154	50.000000	Q20251012161755	
1154	1153	50.000000	Q20251012161755	
1154	1155	50.000000	Q20251012161755	
1155	1154	50.000000	Q20251012161755	
1155	1156	50.000000	Q20251012161755	
1156	1155	50.000000	Q20251012161755	
1156	1157	50.000000	Q20251012161755	
1157	1156	50.000000	Q20251012161755	
1157	1158	50.000000	Q20251012161755	
1158	1157	50.000000	Q20251012161755	
1158	1159	50.000000	Q20251012161755	
1159	1158	50.000000	Q20251012161755	
1159	1160	50.000000	Q20251012161755	
1160	1159	50.000000	Q20251012161755	
1160	1161	50.000000	Q20251012161755	
1161	1160	50.000000	Q20251012161755	
1161	1162	50.000000	Q20251012161755	
1162	1161	50.000000	Q20251012161755	
1162	1163	50.000000	Q20251012161755	
1163	1162	50.000000	Q20251012161755	
1163	1164	50.000000	Q20251012161755	
1164	1163	50.000000	Q20251012161755	
1164	1165	50.000000	Q20251012161755	
1165	1164	50.000000	Q20251012161755	
1165	1166	50.000000	Q20251012161755	
1166	1165	50.000000	Q20251012161755	
1166	1167	50.000000	Q20251012161755	
1167	1166	50.000000	Q20251012161755	
1167	1168	50.000000	Q20251012161755	
1168	1167	50.000000	Q20251012161755	
1168	1169	50.000000	Q20251012161755	
1169	1168	50.000000	Q20251012161755	
1169	1170	50.000000	Q20251012161755	
1170	1169	50.000000	Q20251012161755	
1170	1171	50.000000	Q20251012161755	
1171	1170	50.000000	Q20251012161755	
1171	1172	50.000000	Q20251012161755	
1172	1171	50.000000	Q20251012161755	
1172	1173	50.000000	Q20251012161755	
1173	1172	50.000000	Q20251012161755	
1173	1174	50.000000	Q20251012161755	
1174	1173	50.000000	Q20251012161755	
1174	1175	50.000000	Q20251012161755	
1175	1174	50.000000	Q20251012161755	
1175	1176	50.000000	Q20251012161755	
1176	1175	50.000000	Q20251012161755	
1176	1177	50.000000	Q20251012161755	
1177	1176	50.000000	Q20251012161755	
1177	1178	50.000000	Q20251012161755	
1178	1177	50.000000	Q20251012161755	
1178	1179	50.000000	Q20251012161755	
1179	1178	50.000000	Q20251012161755	
1179	1180	50.000000	Q20251012161755	
1180	1179	50.000000	Q20251012161755	
1180	1181	50.000000	Q20251012161755	
1181	1180	50.000000	Q20251012161755	
1181	1182	50.000000	Q20251012161755	
1182	1181	50.000000	Q20251012161755	
1182	1183	50.000000	Q20251012161755	
1183	1182	50.000000	Q20251012161755	
1183	1184	50.000000	Q20251012161755	
1184	1183	50.000000	Q20251012161755	
1184	1185	50.000000	Q20251012161755	
1185	1184	50.000000	Q20251012161755	
1185	1186	50.000000	Q20251012161755	
1186	1185	50.000000	Q20251012161755	
1186	1187	50.000000	Q20251012161755	
1187	1186	50.000000	Q20251012161755	
1187	1188	50.000000	Q20251012161755	
1188	1187	50.000000	Q20251012161755	
1188	1189	50.000000	Q20251012161755	
1189	1188	50.000000	Q20251012161755	
1189	1190	50.000000	Q20251012161755	
1190	1189	50.000000	Q20251012161755	
1190	1191	50.000000	Q20251012161755	
1191	1190	50.000000	Q20251012161755	
1191	1192	50.000000	Q20251012161755	
1192	1191	50.000000	Q20251012161755	
1192	1193	50.000000	Q20251012161755	
1193	1192	50.000000	Q20251012161755	
1193	1194	50.000000	Q20251012161755	
1194	1193	50.000000	Q20251012161755	
1194	1195	50.000000	Q20251012161755	
1195	1194	50.000000	Q20251012161755	
1195	1196	50.000000	Q20251012161755	
1196	1195	50.000000	Q20251012161755	
1196	1197	50.000000	Q20251012161755	
1197	1196	50.000000	Q20251012161755	
1197	1198	50.000000	Q20251012161755	
1198	1197	50.000000	Q20251012161755	
1198	1199	50.000000	Q20251012161755	
1199	1198	50.000000	Q20251012161755	
1199	1200	50.000000	Q20251012161755	
1200	1199	50.000000	Q20251012161755	
1200	1201	50.000000	Q20251012161755	
1201	1200	50.000000	Q20251012161755	
1201	1202	50.000000	Q20251012161755	
1202	1201	50.000000	Q20251012161755	
1202	1203	50.000000	Q20251012161755	
1203	1202	50.000000	Q20251012161755	
1203	1204	50.000000	Q20251012161755	
1204	1203	50.000000	Q20251012161755	
1204	1205	50.000000	Q20251012161755	
1205	1204	50.000000	Q20251012161755	
1205	1206	50.000000	Q20251012161755	
1206	1205	50.000000	Q20251012161755	
1206	1207	50.000000	Q20251012161755	
1207	1206	50.000000	Q20251012161755	
1207	1208	50.000000	Q20251012161755	
1208	1207	50.000000	Q20251012161755	
1208	1209	50.000000	Q20251012161755	
1209	1208	50.000000	Q20251012161755	
1209	1210	50.000000	Q20251012161755	
1210	1209	50.000000	Q20251012161755	
1210	1211	50.000000	Q20251012161755	
1211	1210	50.000000	Q20251012161755	
1211	1212	50.000000	Q20251012161755	
1212	1211	50.000000	Q20251012161755	
1212	1213	50.000000	Q20251012161755	
1213	1212	50.000000	Q20251012161755	
1213	1214	50.000000	Q20251012161755	
1214	1213	50.000000	Q20251012161755	
1214	1215	50.000000	Q20251012161755	
1215	1214	50.000000	Q20251012161755	
1215	1216	50.000000	Q20251012161755	
1216	1215	50.000000	Q20251012161755	
1216	1217	50.000000	Q20251012161755	
1217	1216	50.000000	Q20251012161755	
1217	1218	50.000000	Q20251012161755	
1218	1217	50.000000	Q20251012161755	
1218	1219	50.000000	Q20251012161755	
1219	1218	50.000000	Q20251012161921	
1219	1220	50.000000	Q20251012161921	
1220	1219	50.000000	Q20251012161921	
1220	1221	50.000000	Q20251012161921	
1221	1220	50.000000	Q20251012161921	
1221	1222	50.000000	Q20251012161921	
1222	1221	50.000000	Q20251012161921	
1222	1223	50.000000	Q20251012161921	
1223	1222	50.000000	Q20251012161921	
1223	1224	50.000000	Q20251012161921	
1224	1223	50.000000	Q20251012161921	
1224	1225	50.000000	Q20251012161921	
1225	1224	50.000000	Q20251012161921	
1225	1226	50.000000	Q20251012161921	
1226	1225	50.000000	Q20251012161921	
1226	1227	50.000000	Q20251012161921	
1227	1226	50.000000	Q20251012161921	
1227	1228	50.000000	Q20251012161921	
1228	1227	50.000000	Q20251012161921	
1228	1229	50.000000	Q20251012161921	
1229	1228	50.000000	Q20251012161921	
1229	1230	50.000000	Q20251012161921	
1230	1229	50.000000	Q20251012161921	
1230	1231	50.000000	Q20251012161921	
1231	1230	50.000000	Q20251012161921	
1231	1232	50.000000	Q20251012161921	
1232	1231	50.000000	Q20251012161921	
1232	1233	50.000000	Q20251012161921	
1233	1232	50.000000	Q20251012161921	
1233	1234	50.000000	Q20251012161921	
1234	1233	50.000000	Q20251012161921	
1234	1235	50.000000	Q20251012161921	
1235	1234	50.000000	Q20251012161921	
1235	1236	50.000000	Q20251012161921	
1236	1235	50.000000	Q20251012161921	
1236	1237	50.000000	Q20251012161921	
1237	1236	50.000000	Q20251012161921	
1237	1238	50.000000	Q20251012161921	
1238	1237	50.000000	Q20251012161921	
1238	1239	50.000000	Q20251012161921	
1239	1238	50.000000	Q20251012161921	
1239	1240	50.000000	Q20251012161921	
1240	1239	50.000000	Q20251012161921	
1240	1241	50.000000	Q20251012161921	
1241	1240	50.000000	Q20251012161921	
1241	1242	50.000000	Q20251012161921	
1242	1241	50.000000	Q20251012161921	
1242	1243	50.000000	Q20251012161921	
1243	1242	50.000000	Q20251012161921	
1243	1244	50.000000	Q20251012161921	
1244	1243	50.000000	Q20251012161921	
1244	1245	50.000000	Q20251012161921	
1245	1244	50.000000	Q20251012161921	
1245	1246	50.000000	Q20251012161921	
1246	1245	50.000000	Q20251012161921	
1246	1247	50.000000	Q20251012161921	
1247	1246	50.000000	Q20251012161921	
1247	1248	50.000000	Q20251012161921	
1248	1247	50.000000	Q20251012161921	
1248	1249	50.000000	Q20251012161921	
1249	1248	50.000000	Q20251012161921	
1249	1250	50.000000	Q20251012161921	
1250	1249	50.000000	Q20251012161921	
1250	1251	50.000000	Q20251012161921	
1251	1250	50.000000	Q20251012161921	
1251	1252	50.000000	Q20251012161921	
1252	1251	50.000000	Q20251012161921	
1252	1253	50.000000	Q20251012161921	
1253	1252	50.000000	Q20251012161921	
1253	1254	50.000000	Q20251012161921	
1254	1253	50.000000	Q20251012161921	
1254	1255	50.000000	Q20251012161921	
1255	1254	50.000000	Q20251012161921	
1255	1256	50.000000	Q20251012161921	
1256	1255	50.000000	Q20251012161921	
1256	1257	50.000000	Q20251012161921	
1257	1256	50.000000	Q20251012161921	
1257	1258	50.000000	Q20251012161921	
1258	1257	50.000000	Q20251012161921	
1258	1259	50.000000	Q20251012161921	
1259	1258	50.000000	Q20251012161921	
1259	1260	50.000000	Q20251012161921	
1260	1259	50.000000	Q20251012161921	
1260	1261	50.000000	Q20251012161921	
1261	1260	50.000000	Q20251012161921	
1261	1262	50.000000	Q20251012161921	
1262	1261	50.000000	Q20251012161921	
1262	1263	50.000000	Q20251012161921	
1263	1262	50.000000	Q20251012161921	
1263	1264	50.000000	Q20251012161921	
1264	1263	50.000000	Q20251012161921	
1264	1265	50.000000	Q20251012161921	
1265	1264	50.000000	Q20251012161921	
1265	1266	50.000000	Q20251012161921	
1266	1265	50.000000	Q20251012161921	
1266	1267	50.000000	Q20251012161921	
1267	1266	50.000000	Q20251012161921	
1267	1268	50.000000	Q20251012161921	
1268	1267	50.000000	Q20251012161921	
1268	1269	50.000000	Q20251012161921	
1269	1268	50.000000	Q20251012161921	
1269	1270	50.000000	Q20251012161921	
1270	1269	50.000000	Q20251012161921	
1270	1271	50.000000	Q20251012161921	
1271	1270	50.000000	Q20251012161921	
1271	1272	50.000000	Q20251012161921	
1272	1271	50.000000	Q20251012161921	
1272	1273	50.000000	Q20251012161921	
1273	1272	50.000000	Q20251012161921	
1273	1274	50.000000	Q20251012161921	
1274	1273	50.000000	Q20251012161921	
1274	1275	50.000000	Q20251012161921	
1275	1274	50.000000	Q20251012161921	
1275	1276	50.000000	Q20251012161921	
1276	1275	50.000000	Q20251012161921	
1276	1277	50.000000	Q20251012161921	
1277	1276	50.000000	Q20251012161921	
1277	1278	50.000000	Q20251012161921	
1278	1277	50.000000	Q20251012161921	
1278	1279	50.000000	Q20251012161921	
1279	1278	50.000000	Q20251012161921	
1279	1280	50.000000	Q20251012161921	
1280	1279	50.000000	Q20251012161921	
1280	1281	50.000000	Q20251012161921	
1281	1280	50.000000	Q20251012161921	
1281	1282	50.000000	Q20251012161921	
1282	1281	50.000000	Q20251012161921	
1282	1283	50.000000	Q20251012161921	
1283	1282	50.000000	Q20251012161921	
1283	1284	50.000000	Q20251012161921	
1284	1283	50.000000	Q20251012161921	
1284	1285	50.000000	Q20251012161921	
1285	1284	50.000000	Q20251012161921	
1285	1286	50.000000	Q20251012161921	
1286	1285	50.000000	Q20251012161921	
1286	1287	50.000000	Q20251012161921	
1287	1286	50.000000	Q20251012161921	
1287	1288	50.000000	Q20251012161921	
1288	1287	50.000000	Q20251012161921	
1288	1289	50.000000	Q20251012161921	
1289	1288	50.000000	Q20251012161921	
1289	1290	50.000000	Q20251012161921	
1290	1289	50.000000	Q20251012161921	
1290	1291	50.000000	Q20251012161921	
1291	1290	50.000000	Q20251012161921	
1291	1292	50.000000	Q20251012161921	
1292	1291	50.000000	Q20251012161921	
1292	1293	50.000000	Q20251012161921	
1293	1292	50.000000	Q20251012161921	
1293	1294	50.000000	Q20251012161921	
1294	1293	50.000000	Q20251012161921	
1294	1295	50.000000	Q20251012161921	
1295	1294	50.000000	Q20251012161921	
1295	1296	50.000000	Q20251012161921	
1296	1295	50.000000	Q20251012161921	
1296	1297	50.000000	Q20251012161921	
1297	1296	50.000000	Q20251012161921	
1297	1298	50.000000	Q20251012161921	
1298	1297	50.000000	Q20251012161921	
1298	1299	50.000000	Q20251012161921	
1299	1298	50.000000	Q20251012161921	
1299	1300	50.000000	Q20251012161921	
1300	1299	50.000000	Q20251012161921	
1300	1301	50.000000	Q20251012161921	
1301	1300	50.000000	Q20251012161921	
1301	1302	50.000000	Q20251012161921	
1302	1301	50.000000	Q20251012161921	
1302	1303	50.000000	Q20251012161921	
1303	1302	50.000000	Q20251012161921	
1303	1304	50.000000	Q20251012161921	
1303	2781	50.000000	Q20251012161921	
1304	1303	50.000000	Q20251012161921	
1304	1305	50.000000	Q20251012161921	
1305	1304	50.000000	Q20251012161921	
1305	1306	50.000000	Q20251012161921	
1306	1305	50.000000	Q20251012161921	
1306	1307	50.000000	Q20251012161921	
1307	1306	50.000000	Q20251012161921	
1307	1308	50.000000	Q20251012161921	
1308	1307	50.000000	Q20251012161921	
1308	1309	50.000000	Q20251012161921	
1309	1308	50.000000	Q20251012161921	
1309	1310	50.000000	Q20251012161921	
1310	1309	50.000000	Q20251012161921	
1310	1311	50.000000	Q20251012161921	
1311	1310	50.000000	Q20251012161921	
1311	1312	50.000000	Q20251012161921	
1312	1311	50.000000	Q20251012161921	
1312	1313	50.000000	Q20251012161921	
1313	1312	50.000000	Q20251012161921	
1313	1314	50.000000	Q20251012161921	
1314	1313	50.000000	Q20251012161921	
1314	1315	50.000000	Q20251012161921	
1315	1314	50.000000	Q20251012161921	
1315	1316	50.000000	Q20251012161921	
1316	1315	50.000000	Q20251012161921	
1316	1317	50.000000	Q20251012161921	
1317	1316	50.000000	Q20251012161921	
1317	1318	50.000000	Q20251012161921	
1318	1317	50.000000	Q20251012161921	
1318	1319	50.000000	Q20251012161921	
1319	1318	50.000000	Q20251012161921	
1319	1320	50.000000	Q20251012161921	
1320	1319	50.000000	Q20251012161921	
1320	1321	50.000000	Q20251012161921	
1321	1320	50.000000	Q20251012161921	
1321	1322	50.000000	Q20251012161921	
1322	1321	50.000000	Q20251012161921	
1322	1323	50.000000	Q20251012161921	
1323	1322	50.000000	Q20251012161921	
1323	1324	50.000000	Q20251012161921	
1324	1323	50.000000	Q20251012161921	
1324	1325	50.000000	Q20251012161921	
1325	1324	50.000000	Q20251012161921	
1325	1326	50.000000	Q20251012161921	
1326	1325	50.000000	Q20251012161921	
1326	1327	50.000000	Q20251012161921	
1327	1326	50.000000	Q20251012161921	
1327	1328	50.000000	Q20251012161921	
1328	1327	50.000000	Q20251012161921	
1328	1329	50.000000	Q20251012161921	
1329	1328	50.000000	Q20251012161921	
1329	1330	50.000000	Q20251012161921	
1330	1329	50.000000	Q20251012161921	
1330	1331	50.000000	Q20251012161921	
1331	1330	50.000000	Q20251012161921	
1331	1332	50.000000	Q20251012161921	
1332	1331	50.000000	Q20251012161921	
1332	1333	50.000000	Q20251012161921	
1333	1332	50.000000	Q20251012161921	
1333	1334	50.000000	Q20251012161921	
1334	1333	50.000000	Q20251012161921	
1334	1335	50.000000	Q20251012161921	
1335	1334	50.000000	Q20251012161921	
1335	1336	50.000000	Q20251012161921	
1336	1335	50.000000	Q20251012161921	
1336	1337	50.000000	Q20251012161921	
1337	1336	50.000000	Q20251012161921	
1337	1338	50.000000	Q20251012161921	
1338	1337	50.000000	Q20251012161921	
1338	1339	50.000000	Q20251012161921	
1339	1338	50.000000	Q20251012161921	
1339	1340	50.000000	Q20251012161921	
1340	1339	50.000000	Q20251012161921	
1340	1341	50.000000	Q20251012161921	
1340	2336	50.000000	Q20251012161921	
1341	1340	50.000000	Q20251012161921	
1341	1342	50.000000	Q20251012161921	
1342	1341	50.000000	Q20251012161921	
1342	1343	50.000000	Q20251012161921	
1343	1342	50.000000	Q20251012161921	
1343	1344	50.000000	Q20251012161921	
1344	1343	50.000000	Q20251012161921	
1344	1345	50.000000	Q20251012161921	
1345	1344	50.000000	Q20251012161921	
1345	1346	50.000000	Q20251012161921	
1346	1345	50.000000	Q20251012161921	
1346	1347	50.000000	Q20251012161921	
1347	1346	50.000000	Q20251012161921	
1347	1348	50.000000	Q20251012161921	
1348	1347	50.000000	Q20251012161921	
1348	1349	50.000000	Q20251012161921	
1349	1348	50.000000	Q20251012161921	
1349	1350	50.000000	Q20251012161921	
1350	1349	50.000000	Q20251012161921	
1350	1351	50.000000	Q20251012161921	
1351	1350	50.000000	Q20251012161921	
1351	1352	50.000000	Q20251012161921	
1352	1351	50.000000	Q20251012161921	
1352	1353	50.000000	Q20251012161921	
1353	1352	50.000000	Q20251012161921	
1353	1354	50.000000	Q20251012161921	
1354	1353	50.000000	Q20251012161921	
1354	1355	50.000000	Q20251012161921	
1355	1354	50.000000	Q20251012161921	
1355	1356	50.000000	Q20251012161921	
1356	1355	50.000000	Q20251012161921	
1356	1357	50.000000	Q20251012161921	
1357	1356	50.000000	Q20251012161921	
1357	1358	50.000000	Q20251012161921	
1358	1357	50.000000	Q20251012161921	
1358	1359	50.000000	Q20251012161921	
1359	1358	50.000000	Q20251012161921	
1359	1360	50.000000	Q20251012161921	
1360	1359	50.000000	Q20251012161921	
1360	1361	50.000000	Q20251012161921	
1361	1360	50.000000	Q20251012161921	
1361	1362	50.000000	Q20251012161921	
1362	1361	50.000000	Q20251012161921	
1362	1363	50.000000	Q20251012161921	
1363	1362	50.000000	Q20251012161921	
1363	1364	50.000000	Q20251012161921	
1364	1363	50.000000	Q20251012161921	
1364	1365	50.000000	Q20251012161921	
1365	1364	50.000000	Q20251012161921	
1365	1366	50.000000	Q20251012161921	
1366	1365	50.000000	Q20251012161921	
1366	1367	50.000000	Q20251012161921	
1367	1366	50.000000	Q20251012161921	
1367	1368	50.000000	Q20251012161921	
1368	1367	50.000000	Q20251012161921	
1368	1369	50.000000	Q20251012161921	
1369	1368	50.000000	Q20251012161921	
1369	1370	50.000000	Q20251012161921	
1370	1369	50.000000	Q20251012161921	
1370	1371	50.000000	Q20251012161921	
1371	1370	50.000000	Q20251012161921	
1371	1372	50.000000	Q20251012161921	
1372	1371	50.000000	Q20251012161921	
1372	1373	50.000000	Q20251012161921	
1373	1372	50.000000	Q20251012161921	
1373	1374	50.000000	Q20251012161921	
1374	1373	50.000000	Q20251012161921	
1374	1375	50.000000	Q20251012161921	
1375	1374	50.000000	Q20251012161921	
1375	1376	50.000000	Q20251012161921	
1376	1375	50.000000	Q20251012161921	
1376	1377	50.000000	Q20251012161921	
1377	1376	50.000000	Q20251012161921	
1377	1378	50.000000	Q20251012161921	
1378	1377	50.000000	Q20251012161921	
1378	1379	50.000000	Q20251012161921	
1379	1378	50.000000	Q20251012161921	
1379	1380	50.000000	Q20251012161921	
1380	1379	50.000000	Q20251012161921	
1380	1381	50.000000	Q20251012161921	
1381	1380	50.000000	Q20251012161921	
1381	1382	50.000000	Q20251012161921	
1382	1381	50.000000	Q20251012161921	
1382	1383	50.000000	Q20251012161921	
1383	1382	50.000000	Q20251012161921	
1383	1384	50.000000	Q20251012161921	
1384	1383	50.000000	Q20251012161921	
1384	1385	50.000000	Q20251012161921	
1385	1384	50.000000	Q20251012161921	
1385	1386	50.000000	Q20251012161921	
1386	1385	50.000000	Q20251012161921	
1386	1387	50.000000	Q20251012161921	
1387	1386	50.000000	Q20251012161921	
1387	1388	50.000000	Q20251012161921	
1388	1387	50.000000	Q20251012161921	
1388	1389	50.000000	Q20251012161921	
1389	1388	50.000000	Q20251012161921	
1389	1390	50.000000	Q20251012161921	
1390	1389	50.000000	Q20251012161921	
1390	1391	50.000000	Q20251012161921	
1391	1390	50.000000	Q20251012161921	
1391	1392	50.000000	Q20251012161921	
1392	1391	50.000000	Q20251012161921	
1392	1393	50.000000	Q20251012161921	
1393	1392	50.000000	Q20251012161921	
1393	1394	50.000000	Q20251012161921	
1394	1393	50.000000	Q20251012161921	
1394	1395	50.000000	Q20251012161921	
1395	1394	50.000000	Q20251012161921	
1395	1396	50.000000	Q20251012161921	
1396	1395	50.000000	Q20251012161921	
1396	1397	50.000000	Q20251012161921	
1397	1396	50.000000	Q20251012161921	
1397	1398	50.000000	Q20251012161921	
1398	1397	50.000000	Q20251012161921	
1398	1399	50.000000	Q20251012161921	
1399	1398	50.000000	Q20251012161921	
1399	1400	50.000000	Q20251012161921	
1400	1399	50.000000	Q20251012161921	
1400	1401	50.000000	Q20251012161921	
1401	1400	50.000000	Q20251012161921	
1401	1402	50.000000	Q20251012161921	
1402	1401	50.000000	Q20251012161921	
1402	1403	50.000000	Q20251012161921	
1403	1402	50.000000	Q20251012161921	
1403	1404	50.000000	Q20251012161921	
1404	1403	50.000000	Q20251012161921	
1404	1405	50.000000	Q20251012161921	
1405	1404	50.000000	Q20251012161921	
1405	1406	50.000000	Q20251012161921	
1406	1405	50.000000	Q20251012161921	
1406	1407	50.000000	Q20251012161921	
1407	1406	50.000000	Q20251012161921	
1407	1408	50.000000	Q20251012161921	
1408	1407	50.000000	Q20251012161921	
1408	1409	50.000000	Q20251012161921	
1409	1408	50.000000	Q20251012161921	
1409	1410	50.000000	Q20251012161921	
1410	1409	50.000000	Q20251012161921	
1410	1411	50.000000	Q20251012161921	
1411	1410	50.000000	Q20251012161921	
1411	1412	50.000000	Q20251012161921	
1412	1411	50.000000	Q20251012161921	
1412	1413	50.000000	Q20251012161921	
1413	1412	50.000000	Q20251012161921	
1413	1414	50.000000	Q20251012161921	
1414	1413	50.000000	Q20251012161921	
1414	1415	50.000000	Q20251012161921	
1415	1414	50.000000	Q20251012161921	
1415	1416	50.000000	Q20251012161921	
1416	1415	50.000000	Q20251012161921	
1416	1417	50.000000	Q20251012161921	
1417	1416	50.000000	Q20251012161921	
1417	1418	50.000000	Q20251012161921	
1418	1417	50.000000	Q20251012161921	
1418	1419	50.000000	Q20251012161921	
1419	1418	50.000000	Q20251012161921	
1419	1420	50.000000	Q20251012161921	
1420	1419	50.000000	Q20251012161921	
1420	1421	50.000000	Q20251012161921	
1421	1420	50.000000	Q20251012161921	
1421	1422	50.000000	Q20251012161921	
1422	1421	50.000000	Q20251012161921	
1422	1423	50.000000	Q20251012161921	
1423	1422	50.000000	Q20251012161921	
1423	1424	50.000000	Q20251012161921	
1424	1423	50.000000	Q20251012161921	
1424	1425	50.000000	Q20251012161921	
1425	1424	50.000000	Q20251012161921	
1425	1426	50.000000	Q20251012161921	
1426	1425	50.000000	Q20251012161921	
1426	1427	50.000000	Q20251012161921	
1427	1426	50.000000	Q20251012161921	
1427	1428	50.000000	Q20251012161921	
1428	1427	50.000000	Q20251012161921	
1428	1429	50.000000	Q20251012161921	
1429	1428	50.000000	Q20251012161921	
1429	1430	50.000000	Q20251012161921	
1430	1429	50.000000	Q20251012161921	
1430	1431	50.000000	Q20251012161921	
1431	1430	50.000000	Q20251012161921	
1431	1432	50.000000	Q20251012161921	
1432	1431	50.000000	Q20251012161921	
1432	1433	50.000000	Q20251012161921	
1433	1432	50.000000	Q20251012161921	
1433	1434	50.000000	Q20251012161921	
1434	1433	50.000000	Q20251012161921	
1434	1435	50.000000	Q20251012161921	
1435	1434	50.000000	Q20251012161921	
1435	1436	50.000000	Q20251012161921	
1436	1435	50.000000	Q20251012161921	
1436	1437	50.000000	Q20251012161921	
1437	1436	50.000000	Q20251012161921	
1437	1438	50.000000	Q20251012161921	
1438	1437	50.000000	Q20251012161921	
1438	1439	50.000000	Q20251012161921	
1439	1438	50.000000	Q20251012161921	
1439	1440	50.000000	Q20251012161921	
1440	1439	50.000000	Q20251012161921	
1440	1441	50.000000	Q20251012161921	
1441	1440	50.000000	Q20251012161921	
1441	1442	50.000000	Q20251012161921	
1442	1441	50.000000	Q20251012161921	
1442	1443	50.000000	Q20251012161921	
1443	1442	50.000000	Q20251012161921	
1443	1444	50.000000	Q20251012161921	
1444	1443	50.000000	Q20251012161921	
1444	1445	50.000000	Q20251012161921	
1445	1444	50.000000	Q20251012161921	
1445	1446	50.000000	Q20251012161921	
1446	1445	50.000000	Q20251012161921	
1446	1447	50.000000	Q20251012161921	
1447	1446	50.000000	Q20251012161921	
1447	1448	50.000000	Q20251012161921	
1448	1447	50.000000	Q20251012161921	
1448	1449	50.000000	Q20251012161921	
1449	1448	50.000000	Q20251012161921	
1449	1450	50.000000	Q20251012161921	
1450	1449	50.000000	Q20251012161921	
1450	1451	50.000000	Q20251012161921	
1451	1450	50.000000	Q20251012161921	
1451	1452	50.000000	Q20251012161921	
1452	1451	50.000000	Q20251012161921	
1452	1453	50.000000	Q20251012161921	
1453	1452	50.000000	Q20251012161921	
1453	1454	50.000000	Q20251012161921	
1454	1453	50.000000	Q20251012161921	
1454	1455	50.000000	Q20251012161921	
1455	1454	50.000000	Q20251012161921	
1455	1456	50.000000	Q20251012161921	
1456	1455	50.000000	Q20251012161921	
1456	1457	50.000000	Q20251012161921	
1457	1456	50.000000	Q20251012161921	
1457	1458	50.000000	Q20251012161921	
1458	1457	50.000000	Q20251012161921	
1458	1459	50.000000	Q20251012161921	
1459	1458	50.000000	Q20251012161921	
1459	1460	50.000000	Q20251012161921	
1460	1459	50.000000	Q20251012161921	
1460	1461	50.000000	Q20251012161921	
1461	1460	50.000000	Q20251012161921	
1461	1462	50.000000	Q20251012161921	
1462	1461	50.000000	Q20251012161921	
1462	1463	50.000000	Q20251012161921	
1463	1462	50.000000	Q20251012161921	
1463	1464	50.000000	Q20251012161921	
1464	1463	50.000000	Q20251012161921	
1464	1465	50.000000	Q20251012161921	
1465	1464	50.000000	Q20251012161921	
1465	1466	50.000000	Q20251012161921	
1466	1465	50.000000	Q20251012161921	
1466	1467	50.000000	Q20251012161921	
1467	1466	50.000000	Q20251012161921	
1467	1468	50.000000	Q20251012161921	
1468	1467	50.000000	Q20251012161921	
1468	1469	50.000000	Q20251012161921	
1469	1468	50.000000	Q20251012161921	
1469	1470	50.000000	Q20251012161921	
1470	1469	50.000000	Q20251012161921	
1470	1471	50.000000	Q20251012161921	
1471	1470	50.000000	Q20251012161921	
1471	1472	50.000000	Q20251012161921	
1472	1471	50.000000	Q20251012161921	
1472	1473	50.000000	Q20251012161921	
1473	1472	50.000000	Q20251012161921	
1473	1474	50.000000	Q20251012161921	
1474	1473	50.000000	Q20251012161921	
1474	1475	50.000000	Q20251012161921	
1475	1474	50.000000	Q20251012161921	
1475	1476	50.000000	Q20251012161921	
1476	1475	50.000000	Q20251012161921	
1476	1477	50.000000	Q20251012161921	
1477	1476	50.000000	Q20251012161921	
1477	1478	50.000000	Q20251012161921	
1478	1477	50.000000	Q20251012161921	
1478	1479	50.000000	Q20251012161921	
1479	1478	50.000000	Q20251012161921	
1479	1480	50.000000	Q20251012161921	
1480	1479	50.000000	Q20251012161921	
1480	1481	50.000000	Q20251012161921	
1481	1480	50.000000	Q20251012161921	
1481	1482	50.000000	Q20251012161921	
1482	1481	50.000000	Q20251012161921	
1482	1483	50.000000	Q20251012161921	
1483	1482	50.000000	Q20251012161921	
1483	1484	50.000000	Q20251012161921	
1484	1483	50.000000	Q20251012161921	
1484	1485	50.000000	Q20251012161921	
1485	1484	50.000000	Q20251012161921	
1485	1486	50.000000	Q20251012161921	
1486	1485	50.000000	Q20251012161921	
1486	1487	50.000000	Q20251012161921	
1487	1486	50.000000	Q20251012161921	
1487	1488	50.000000	Q20251012161921	
1488	1487	50.000000	Q20251012161921	
1488	1489	50.000000	Q20251012161921	
1489	1488	50.000000	Q20251012161921	
1489	1490	50.000000	Q20251012161921	
1490	1489	50.000000	Q20251012161921	
1490	1491	50.000000	Q20251012161921	
1491	1490	50.000000	Q20251012161921	
1491	1492	50.000000	Q20251012161921	
1492	1491	50.000000	Q20251012161921	
1492	1493	50.000000	Q20251012161921	
1493	1492	50.000000	Q20251012161921	
1493	1494	50.000000	Q20251012161921	
1494	1493	50.000000	Q20251012161921	
1494	1495	50.000000	Q20251012161921	
1495	1494	50.000000	Q20251012161921	
1495	1496	50.000000	Q20251012161921	
1496	1495	50.000000	Q20251012161921	
1496	1497	50.000000	Q20251012161921	
1497	1496	50.000000	Q20251012161921	
1497	1498	50.000000	Q20251012161921	
1498	1497	50.000000	Q20251012161921	
1498	1499	50.000000	Q20251012161921	
1499	1498	50.000000	Q20251012161921	
1499	1500	50.000000	Q20251012161921	
1500	1499	50.000000	Q20251012161921	
1500	1501	50.000000	Q20251012161921	
1501	1500	50.000000	Q20251012161921	
1501	1502	50.000000	Q20251012161921	
1502	1501	50.000000	Q20251012161921	
1502	1503	50.000000	Q20251012161921	
1503	1502	50.000000	Q20251012161921	
1503	1504	50.000000	Q20251012161921	
1504	1503	50.000000	Q20251012161921	
1504	1505	50.000000	Q20251012161921	
1505	1504	50.000000	Q20251012161921	
1505	1506	50.000000	Q20251012161921	
1506	1505	50.000000	Q20251012161921	
1506	1507	50.000000	Q20251012161921	
1507	1506	50.000000	Q20251012161921	
1507	1508	50.000000	Q20251012161921	
1508	1507	50.000000	Q20251012161921	
1508	1509	50.000000	Q20251012161921	
1509	1508	50.000000	Q20251012161921	
1509	1510	50.000000	Q20251012161921	
1510	1509	50.000000	Q20251012161921	
1510	1511	50.000000	Q20251012161921	
1511	1510	50.000000	Q20251012161921	
1511	1512	50.000000	Q20251012161921	
1512	1511	50.000000	Q20251012161921	
1512	1513	50.000000	Q20251012161921	
1513	1512	50.000000	Q20251012161921	
1513	1514	50.000000	Q20251012161921	
1514	1513	50.000000	Q20251012161921	
1514	1515	50.000000	Q20251012161921	
1515	1514	50.000000	Q20251012161921	
1515	1516	50.000000	Q20251012161921	
1516	1515	50.000000	Q20251012161921	
1516	1517	50.000000	Q20251012161921	
1517	1516	50.000000	Q20251012161921	
1517	1518	50.000000	Q20251012161921	
1518	1517	50.000000	Q20251012161921	
1518	1519	50.000000	Q20251012161921	
1519	1518	50.000000	Q20251012161921	
1519	1520	50.000000	Q20251012161921	
1520	1519	50.000000	Q20251012161921	
1520	1521	50.000000	Q20251012161921	
1521	1520	50.000000	Q20251012161921	
1521	1522	50.000000	Q20251012161921	
1522	1521	50.000000	Q20251012161921	
1522	1523	50.000000	Q20251012161921	
1523	1522	50.000000	Q20251012161921	
1523	1524	50.000000	Q20251012161921	
1524	1523	50.000000	Q20251012161921	
1524	1525	50.000000	Q20251012161921	
1525	1524	50.000000	Q20251012161921	
1525	1526	50.000000	Q20251012161921	
1526	1525	50.000000	Q20251012161921	
1526	1527	50.000000	Q20251012161921	
1527	1526	50.000000	Q20251012161921	
1527	1528	50.000000	Q20251012161921	
1528	1527	50.000000	Q20251012161921	
1528	1529	50.000000	Q20251012161921	
1529	1528	50.000000	Q20251012161921	
1529	1530	50.000000	Q20251012161921	
1530	1529	50.000000	Q20251012161921	
1530	1531	50.000000	Q20251012161921	
1531	1530	50.000000	Q20251012161921	
1531	1532	50.000000	Q20251012161921	
1532	1531	50.000000	Q20251012161921	
1532	1533	50.000000	Q20251012161921	
1533	1532	50.000000	Q20251012161921	
1533	1534	50.000000	Q20251012161921	
1534	1533	50.000000	Q20251012161921	
1534	1535	50.000000	Q20251012161921	
1535	1534	50.000000	Q20251012161921	
1535	1536	50.000000	Q20251012161921	
1536	1535	50.000000	Q20251012161921	
1536	1537	50.000000	Q20251012161921	
1537	1536	50.000000	Q20251012161921	
1537	1538	50.000000	Q20251012161921	
1538	1537	50.000000	Q20251012161921	
1538	1539	50.000000	Q20251012161921	
1539	1538	50.000000	Q20251012161921	
1539	1540	50.000000	Q20251012161921	
1540	1539	50.000000	Q20251012161921	
1540	1541	50.000000	Q20251012161921	
1541	1540	50.000000	Q20251012161921	
1541	1542	50.000000	Q20251012161921	
1542	1541	50.000000	Q20251012161921	
1542	1543	50.000000	Q20251012161921	
1543	1542	50.000000	Q20251012161921	
1543	1544	50.000000	Q20251012161921	
1544	1543	50.000000	Q20251012161921	
1544	1545	50.000000	Q20251012161921	
1545	1544	50.000000	Q20251012161921	
1545	1546	50.000000	Q20251012161921	
1546	1545	50.000000	Q20251012161921	
1546	1547	50.000000	Q20251012161921	
1547	1546	50.000000	Q20251012161921	
1547	1548	50.000000	Q20251012161921	
1548	1547	50.000000	Q20251012161921	
1548	1549	50.000000	Q20251012161921	
1549	1548	50.000000	Q20251012161921	
1549	1550	50.000000	Q20251012161921	
1550	1549	50.000000	Q20251012161921	
1550	1551	50.000000	Q20251012161921	
1551	1550	50.000000	Q20251012161921	
1551	1552	50.000000	Q20251012161921	
1552	1551	50.000000	Q20251012161921	
1552	1553	50.000000	Q20251012161921	
1553	1552	50.000000	Q20251012161921	
1553	1554	50.000000	Q20251012161921	
1554	1553	50.000000	Q20251012161921	
1554	1555	50.000000	Q20251012161921	
1555	1554	50.000000	Q20251012161921	
1555	1556	50.000000	Q20251012161921	
1556	1555	50.000000	Q20251012161921	
1556	1557	50.000000	Q20251012161921	
1557	1556	50.000000	Q20251012161921	
1557	1558	50.000000	Q20251012161921	
1558	1557	50.000000	Q20251012161921	
1558	1559	50.000000	Q20251012161921	
1559	1558	50.000000	Q20251012161921	
1559	1560	50.000000	Q20251012161921	
1560	1559	50.000000	Q20251012161921	
1560	1561	50.000000	Q20251012161921	
1561	1560	50.000000	Q20251012161921	
1561	1562	50.000000	Q20251012161921	
1562	1561	50.000000	Q20251012161921	
1562	1563	50.000000	Q20251012161921	
1563	1562	50.000000	Q20251012161921	
1563	1564	50.000000	Q20251012161921	
1564	1563	50.000000	Q20251012161921	
1564	1565	50.000000	Q20251012161921	
1565	1564	50.000000	Q20251012161921	
1565	1566	50.000000	Q20251012161921	
1566	1565	50.000000	Q20251012161921	
1566	1567	50.000000	Q20251012161921	
1567	1566	50.000000	Q20251012161921	
1567	1568	50.000000	Q20251012161921	
1568	1567	50.000000	Q20251012161921	
1568	1569	50.000000	Q20251012161921	
1569	1568	50.000000	Q20251012161921	
1569	1570	50.000000	Q20251012161921	
1570	1569	50.000000	Q20251012161921	
1570	1571	50.000000	Q20251012161921	
1571	1570	50.000000	Q20251012161921	
1571	1572	50.000000	Q20251012161921	
1572	1571	50.000000	Q20251012161921	
1572	1573	50.000000	Q20251012161921	
1573	1572	50.000000	Q20251012161953	
1573	1574	50.000000	Q20251012161953	
1574	1573	50.000000	Q20251012161953	
1574	1575	50.000000	Q20251012161953	
1575	1574	50.000000	Q20251012161953	
1575	1576	50.000000	Q20251012161953	
1576	1575	50.000000	Q20251012161953	
1576	1577	50.000000	Q20251012161953	
1577	1576	50.000000	Q20251012161953	
1577	1578	50.000000	Q20251012161953	
1578	1577	50.000000	Q20251012161953	
1578	1579	50.000000	Q20251012161953	
1579	1578	50.000000	Q20251012161953	
1579	1580	50.000000	Q20251012161953	
1580	1579	50.000000	Q20251012161953	
1580	1581	50.000000	Q20251012161953	
1581	1580	50.000000	Q20251012161953	
1581	1582	50.000000	Q20251012161953	
1582	1581	50.000000	Q20251012161953	
1582	1583	50.000000	Q20251012161953	
1583	1582	50.000000	Q20251012161953	
1583	1584	50.000000	Q20251012161953	
1584	1583	50.000000	Q20251012161953	
1584	1585	50.000000	Q20251012161953	
1585	1584	50.000000	Q20251012161953	
1585	1586	50.000000	Q20251012161953	
1586	1585	50.000000	Q20251012161953	
1586	1587	50.000000	Q20251012161953	
1587	1586	50.000000	Q20251012161953	
1587	1588	50.000000	Q20251012161953	
1588	1587	50.000000	Q20251012161953	
1588	1589	50.000000	Q20251012161953	
1589	1588	50.000000	Q20251012161953	
1589	1590	50.000000	Q20251012161953	
1590	1589	50.000000	Q20251012161953	
1590	1591	50.000000	Q20251012161953	
1591	1590	50.000000	Q20251012161953	
1591	1592	50.000000	Q20251012161953	
1592	1591	50.000000	Q20251012161953	
1592	1593	50.000000	Q20251012161953	
1593	1592	50.000000	Q20251012161953	
1593	1594	50.000000	Q20251012161953	
1594	1593	50.000000	Q20251012161953	
1594	1595	50.000000	Q20251012161953	
1595	1594	50.000000	Q20251012161953	
1595	1596	50.000000	Q20251012161953	
1596	1595	50.000000	Q20251012161953	
1596	1597	50.000000	Q20251012161953	
1597	1596	50.000000	Q20251012161953	
1597	1598	50.000000	Q20251012161953	
1598	1597	50.000000	Q20251012161953	
1598	1599	50.000000	Q20251012161953	
1599	1598	50.000000	Q20251012161953	
1599	1600	50.000000	Q20251012161953	
1600	1599	50.000000	Q20251012161953	
1600	1601	50.000000	Q20251012161953	
1601	1600	50.000000	Q20251012161953	
1601	1602	50.000000	Q20251012161953	
1602	1601	50.000000	Q20251012161953	
1602	1603	50.000000	Q20251012161953	
1603	1602	50.000000	Q20251012161953	
1603	1604	50.000000	Q20251012161953	
1604	1603	50.000000	Q20251012161953	
1604	1605	50.000000	Q20251012161953	
1605	1604	50.000000	Q20251012161953	
1605	1606	50.000000	Q20251012161953	
1606	1605	50.000000	Q20251012161953	
1606	1607	50.000000	Q20251012161953	
1607	1606	50.000000	Q20251012161953	
1607	1608	50.000000	Q20251012161953	
1608	1607	50.000000	Q20251012161953	
1608	1609	50.000000	Q20251012161953	
1609	1608	50.000000	Q20251012161953	
1609	1610	50.000000	Q20251012161953	
1610	1609	50.000000	Q20251012161953	
1610	1611	50.000000	Q20251012161953	
1611	1610	50.000000	Q20251012161953	
1611	1612	50.000000	Q20251012161953	
1612	1611	50.000000	Q20251012161953	
1612	1613	50.000000	Q20251012161953	
1613	1612	50.000000	Q20251012161953	
1613	1614	50.000000	Q20251012161953	
1614	1613	50.000000	Q20251012161953	
1614	1615	50.000000	Q20251012161953	
1615	1614	50.000000	Q20251012161953	
1615	1616	50.000000	Q20251012161953	
1616	1615	50.000000	Q20251012161953	
1616	1617	50.000000	Q20251012161953	
1617	1616	50.000000	Q20251012161953	
1617	1618	50.000000	Q20251012161953	
1618	1617	50.000000	Q20251012161953	
1618	1619	50.000000	Q20251012161953	
1619	1618	50.000000	Q20251012161953	
1619	1620	50.000000	Q20251012161953	
1620	1619	50.000000	Q20251012161953	
1620	1621	50.000000	Q20251012161953	
1621	1620	50.000000	Q20251012161953	
1621	1622	50.000000	Q20251012161953	
1622	1621	50.000000	Q20251012161953	
1622	1623	50.000000	Q20251012161953	
1623	1622	50.000000	Q20251012161953	
1623	1624	50.000000	Q20251012161953	
1623	2377	50.000000	Q20251012161953	
1624	1623	50.000000	Q20251012161953	
1624	1625	50.000000	Q20251012161953	
1625	1624	50.000000	Q20251012161953	
1625	1626	50.000000	Q20251012161953	
1626	1625	50.000000	Q20251012161953	
1626	1627	50.000000	Q20251012161953	
1627	1626	50.000000	Q20251012161953	
1627	1628	50.000000	Q20251012161953	
1628	1627	50.000000	Q20251012161953	
1628	1629	50.000000	Q20251012161953	
1629	1628	50.000000	Q20251012161953	
1629	1630	50.000000	Q20251012161953	
1630	1629	50.000000	Q20251012161953	
1630	1631	50.000000	Q20251012161953	
1631	1630	50.000000	Q20251012161953	
1631	1632	50.000000	Q20251012161953	
1632	1631	50.000000	Q20251012161953	
1632	1633	50.000000	Q20251012161953	
1633	1632	50.000000	Q20251012161953	
1633	1634	50.000000	Q20251012161953	
1634	1633	50.000000	Q20251012161953	
1634	1635	50.000000	Q20251012161953	
1635	1634	50.000000	Q20251012161953	
1635	1636	50.000000	Q20251012161953	
1636	1635	50.000000	Q20251012161953	
1636	1637	50.000000	Q20251012161953	
1637	1636	50.000000	Q20251012161953	
1637	1638	50.000000	Q20251012161953	
1638	1637	50.000000	Q20251012161953	
1638	1639	50.000000	Q20251012161953	
1639	1638	50.000000	Q20251012161953	
1639	1640	50.000000	Q20251012161953	
1640	1639	50.000000	Q20251012161953	
1640	1641	50.000000	Q20251012161953	
1641	1640	50.000000	Q20251012161953	
1641	1642	50.000000	Q20251012161953	
1642	1641	50.000000	Q20251012161953	
1642	1643	50.000000	Q20251012161953	
1643	1642	50.000000	Q20251012161953	
1643	1644	50.000000	Q20251012161953	
1644	1643	50.000000	Q20251012161953	
1644	1645	50.000000	Q20251012161953	
1645	1644	50.000000	Q20251012161953	
1645	1646	50.000000	Q20251012161953	
1646	1645	50.000000	Q20251012161953	
1646	1647	50.000000	Q20251012161953	
1647	1646	50.000000	Q20251012161953	
1647	1648	50.000000	Q20251012161953	
1648	1647	50.000000	Q20251012161953	
1648	1649	50.000000	Q20251012161953	
1649	1648	50.000000	Q20251012161953	
1649	1650	50.000000	Q20251012161953	
1650	1649	50.000000	Q20251012161953	
1650	1651	50.000000	Q20251012161953	
1651	1650	50.000000	Q20251012161953	
1651	1652	50.000000	Q20251012161953	
1652	1651	50.000000	Q20251012161953	
1652	1653	50.000000	Q20251012161953	
1653	1652	50.000000	Q20251012161953	
1653	1654	50.000000	Q20251012161953	
1654	1653	50.000000	Q20251012161953	
1654	1655	50.000000	Q20251012161953	
1655	1654	50.000000	Q20251012161953	
1655	1656	50.000000	Q20251012161953	
1656	1655	50.000000	Q20251012161953	
1656	1657	50.000000	Q20251012161953	
1657	1656	50.000000	Q20251012161953	
1657	1658	50.000000	Q20251012161953	
1658	1657	50.000000	Q20251012161953	
1658	1659	50.000000	Q20251012161953	
1659	1658	50.000000	Q20251012161953	
1659	1660	50.000000	Q20251012161953	
1660	1659	50.000000	Q20251012161953	
1660	1661	50.000000	Q20251012161953	
1661	1660	50.000000	Q20251012161953	
1661	1662	50.000000	Q20251012161953	
1662	1661	50.000000	Q20251012161953	
1662	1663	50.000000	Q20251012161953	
1663	1662	50.000000	Q20251012161953	
1663	1664	50.000000	Q20251012161953	
1664	1663	50.000000	Q20251012161953	
1664	1665	50.000000	Q20251012161953	
1665	1664	50.000000	Q20251012161953	
1665	1666	50.000000	Q20251012161953	
1666	1665	50.000000	Q20251012161953	
1666	1667	50.000000	Q20251012161953	
1667	1666	50.000000	Q20251012161953	
1667	1668	50.000000	Q20251012161953	
1668	1667	50.000000	Q20251012161953	
1668	1669	50.000000	Q20251012161953	
1669	1668	50.000000	Q20251012161953	
1669	1670	50.000000	Q20251012161953	
1670	1669	50.000000	Q20251012161953	
1670	1671	50.000000	Q20251012161953	
1671	1670	50.000000	Q20251012161953	
1671	1672	50.000000	Q20251012161953	
1672	1671	50.000000	Q20251012161953	
1672	1673	50.000000	Q20251012161953	
1673	1672	50.000000	Q20251012161953	
1673	1674	50.000000	Q20251012161953	
1674	1673	50.000000	Q20251012161953	
1674	1675	50.000000	Q20251012161953	
1675	1674	50.000000	Q20251012161953	
1675	1676	50.000000	Q20251012161953	
1676	1675	50.000000	Q20251012161953	
1676	1677	50.000000	Q20251012161953	
1677	1676	50.000000	Q20251012161953	
1677	1678	50.000000	Q20251012161953	
1678	1677	50.000000	Q20251012161953	
1678	1679	50.000000	Q20251012161953	
1679	1678	50.000000	Q20251012161953	
1679	1680	50.000000	Q20251012161953	
1680	1679	50.000000	Q20251012161953	
1680	1681	50.000000	Q20251012161953	
1681	1680	50.000000	Q20251012161953	
1681	1682	50.000000	Q20251012161953	
1682	1681	50.000000	Q20251012161953	
1682	1683	50.000000	Q20251012161953	
1683	1682	50.000000	Q20251012161953	
1683	1684	50.000000	Q20251012161953	
1684	1683	50.000000	Q20251012161953	
1684	1685	50.000000	Q20251012161953	
1685	1684	50.000000	Q20251012161953	
1685	1686	50.000000	Q20251012161953	
1686	1685	50.000000	Q20251012161953	
1686	1687	50.000000	Q20251012161953	
1687	1686	50.000000	Q20251012161953	
1687	1688	50.000000	Q20251012161953	
1688	1687	50.000000	Q20251012161953	
1688	1689	50.000000	Q20251012161953	
1689	1688	50.000000	Q20251012161953	
1689	1690	50.000000	Q20251012161953	
1690	1689	50.000000	Q20251012161953	
1690	1691	50.000000	Q20251012161953	
1691	1690	50.000000	Q20251012161953	
1691	1692	50.000000	Q20251012161953	
1692	1691	50.000000	Q20251012161953	
1692	1693	50.000000	Q20251012161953	
1693	1692	50.000000	Q20251012161953	
1693	1694	50.000000	Q20251012161953	
1694	1693	50.000000	Q20251012161953	
1694	1695	50.000000	Q20251012161953	
1695	1694	50.000000	Q20251012161953	
1695	1696	50.000000	Q20251012161953	
1696	1695	50.000000	Q20251012161953	
1696	1697	50.000000	Q20251012161953	
1697	1696	50.000000	Q20251012161953	
1697	1698	50.000000	Q20251012161953	
1698	1697	50.000000	Q20251012161953	
1698	1699	50.000000	Q20251012161953	
1699	1698	50.000000	Q20251012161953	
1699	1700	50.000000	Q20251012161953	
1700	1699	50.000000	Q20251012161953	
1700	1701	50.000000	Q20251012161953	
1701	1700	50.000000	Q20251012161953	
1701	1702	50.000000	Q20251012161953	
1702	1701	50.000000	Q20251012161953	
1702	1703	50.000000	Q20251012161953	
1703	1702	50.000000	Q20251012161953	
1703	1704	50.000000	Q20251012161953	
1704	1703	50.000000	Q20251012161953	
1704	1705	50.000000	Q20251012161953	
1705	1704	50.000000	Q20251012161953	
1705	1706	50.000000	Q20251012161953	
1706	1705	50.000000	Q20251012161953	
1706	1707	50.000000	Q20251012161953	
1707	1706	50.000000	Q20251012161953	
1707	1708	50.000000	Q20251012161953	
1708	1707	50.000000	Q20251012161953	
1708	1709	50.000000	Q20251012161953	
1709	1708	50.000000	Q20251012161953	
1709	1710	50.000000	Q20251012161953	
1710	1709	50.000000	Q20251012161953	
1710	1711	50.000000	Q20251012161953	
1710	2827	50.000000	Q20251012161953	
1711	1710	50.000000	Q20251012161953	
1711	1712	50.000000	Q20251012161953	
1712	1711	50.000000	Q20251012161953	
1712	1713	50.000000	Q20251012161953	
1713	1712	50.000000	Q20251012161953	
1713	1714	50.000000	Q20251012161953	
1714	1713	50.000000	Q20251012161953	
1714	1715	50.000000	Q20251012161953	
1715	1714	50.000000	Q20251012161953	
1715	1716	50.000000	Q20251012161953	
1716	1715	50.000000	Q20251012161953	
1716	1717	50.000000	Q20251012161953	
1717	1716	50.000000	Q20251012161953	
1717	1718	50.000000	Q20251012161953	
1718	1717	50.000000	Q20251012161953	
1718	1719	50.000000	Q20251012161953	
1719	1718	50.000000	Q20251012161953	
1719	1720	50.000000	Q20251012161953	
1720	1719	50.000000	Q20251012161953	
1720	1721	50.000000	Q20251012161953	
1721	1720	50.000000	Q20251012161953	
1721	1722	50.000000	Q20251012161953	
1722	1721	50.000000	Q20251012161953	
1722	1723	50.000000	Q20251012161953	
1723	1722	50.000000	Q20251012161953	
1723	1724	50.000000	Q20251012161953	
1724	1723	50.000000	Q20251012161953	
1724	1725	50.000000	Q20251012161953	
1725	1724	50.000000	Q20251012161953	
1725	1726	50.000000	Q20251012161953	
1726	1725	50.000000	Q20251012161953	
1726	1727	50.000000	Q20251012161953	
1727	1726	50.000000	Q20251012161953	
1727	1728	50.000000	Q20251012161953	
1728	1727	50.000000	Q20251012161953	
1728	1729	50.000000	Q20251012161953	
1729	1728	50.000000	Q20251012161953	
1729	1730	50.000000	Q20251012161953	
1730	1729	50.000000	Q20251012161953	
1730	1731	50.000000	Q20251012161953	
1731	1730	50.000000	Q20251012161953	
1731	1732	50.000000	Q20251012161953	
1732	1731	50.000000	Q20251012161953	
1732	1733	50.000000	Q20251012161953	
1733	1732	50.000000	Q20251012161953	
1733	1734	50.000000	Q20251012161953	
1734	1733	50.000000	Q20251012161953	
1734	1735	50.000000	Q20251012161953	
1735	1734	50.000000	Q20251012161953	
1735	1736	50.000000	Q20251012161953	
1736	1735	50.000000	Q20251012161953	
1736	1737	50.000000	Q20251012161953	
1737	1736	50.000000	Q20251012161953	
1737	1738	50.000000	Q20251012161953	
1738	1737	50.000000	Q20251012161953	
1738	1739	50.000000	Q20251012161953	
1739	1738	50.000000	Q20251012161953	
1739	1740	50.000000	Q20251012161953	
1740	1739	50.000000	Q20251012161953	
1740	1741	50.000000	Q20251012161953	
1741	1740	50.000000	Q20251012161953	
1741	1742	50.000000	Q20251012161953	
1742	1741	50.000000	Q20251012161953	
1742	1743	50.000000	Q20251012161953	
1743	1742	50.000000	Q20251012161953	
1743	1744	50.000000	Q20251012161953	
1744	1743	50.000000	Q20251012161953	
1744	1745	50.000000	Q20251012161953	
1745	1744	50.000000	Q20251012161953	
1745	1746	50.000000	Q20251012161953	
1746	1745	50.000000	Q20251012161953	
1746	1747	50.000000	Q20251012161953	
1747	1746	50.000000	Q20251012161953	
1747	1748	50.000000	Q20251012161953	
1748	1747	50.000000	Q20251012161953	
1748	1749	50.000000	Q20251012161953	
1749	1748	50.000000	Q20251012161953	
1749	1750	50.000000	Q20251012161953	
1750	1749	50.000000	Q20251012161953	
1750	1751	50.000000	Q20251012161953	
1751	1750	50.000000	Q20251012161953	
1751	1752	50.000000	Q20251012161953	
1752	1751	50.000000	Q20251012161953	
1752	1753	50.000000	Q20251012161953	
1753	1752	50.000000	Q20251012161953	
1753	1754	50.000000	Q20251012161953	
1754	1753	50.000000	Q20251012161953	
1754	1755	50.000000	Q20251012161953	
1755	1754	50.000000	Q20251012161953	
1755	1756	50.000000	Q20251012161953	
1756	1755	50.000000	Q20251012161953	
1756	1757	50.000000	Q20251012161953	
1757	1756	50.000000	Q20251012161953	
1757	1758	50.000000	Q20251012161953	
1758	1757	50.000000	Q20251012161953	
1758	1759	50.000000	Q20251012161953	
1759	1758	50.000000	Q20251012161953	
1759	1760	50.000000	Q20251012161953	
1760	1759	50.000000	Q20251012161953	
1760	1761	50.000000	Q20251012161953	
1761	1760	50.000000	Q20251012161953	
1761	1762	50.000000	Q20251012161953	
1762	1761	50.000000	Q20251012161953	
1762	1763	50.000000	Q20251012161953	
1763	1762	50.000000	Q20251012161953	
1763	1764	50.000000	Q20251012161953	
1764	1763	50.000000	Q20251012161953	
1764	1765	50.000000	Q20251012161953	
1765	1764	50.000000	Q20251012161953	
1765	1766	50.000000	Q20251012161953	
1766	1765	50.000000	Q20251012161953	
1766	1767	50.000000	Q20251012161953	
1767	1766	50.000000	Q20251012161953	
1767	1768	50.000000	Q20251012161953	
1768	1767	50.000000	Q20251012161953	
1768	1769	50.000000	Q20251012161953	
1769	1768	50.000000	Q20251012161953	
1769	1770	50.000000	Q20251012161953	
1770	1769	50.000000	Q20251012161953	
1770	1771	50.000000	Q20251012161953	
1771	1770	50.000000	Q20251012161953	
1771	1772	50.000000	Q20251012161953	
1772	1771	50.000000	Q20251012161953	
1772	1773	50.000000	Q20251012161953	
1773	1772	50.000000	Q20251012161953	
1773	1774	50.000000	Q20251012161953	
1774	1773	50.000000	Q20251012161953	
1774	1775	50.000000	Q20251012161953	
1775	1774	50.000000	Q20251012161953	
1775	1776	50.000000	Q20251012161953	
1776	1775	50.000000	Q20251012161953	
1776	1777	50.000000	Q20251012161953	
1777	1776	50.000000	Q20251012161953	
1777	1778	50.000000	Q20251012161953	
1778	1777	50.000000	Q20251012161953	
1778	1779	50.000000	Q20251012161953	
1779	1778	50.000000	Q20251012161953	
1779	1780	50.000000	Q20251012161953	
1780	1779	50.000000	Q20251012161953	
1780	1781	50.000000	Q20251012161953	
1781	1780	50.000000	Q20251012161953	
1781	1782	50.000000	Q20251012161953	
1782	1781	50.000000	Q20251012161953	
1782	1783	50.000000	Q20251012161953	
1783	1782	50.000000	Q20251012161953	
1783	1784	50.000000	Q20251012161953	
1784	1783	50.000000	Q20251012161953	
1784	1785	50.000000	Q20251012161953	
1785	1784	50.000000	Q20251012161953	
1785	1786	50.000000	Q20251012161953	
1786	1785	50.000000	Q20251012161953	
1786	1787	50.000000	Q20251012161953	
1787	1786	50.000000	Q20251012161953	
1787	1788	50.000000	Q20251012161953	
1788	1787	50.000000	Q20251012161953	
1788	1789	50.000000	Q20251012161953	
1789	1788	50.000000	Q20251012161953	
1789	1790	50.000000	Q20251012161953	
1790	1789	50.000000	Q20251012161953	
1790	1791	50.000000	Q20251012161953	
1791	1790	50.000000	Q20251012161953	
1791	1792	50.000000	Q20251012161953	
1792	1791	50.000000	Q20251012161953	
1792	1793	50.000000	Q20251012161953	
1793	1792	50.000000	Q20251012161953	
1793	1794	50.000000	Q20251012161953	
1794	1793	50.000000	Q20251012161953	
1794	1795	50.000000	Q20251012161953	
1795	1794	50.000000	Q20251012161953	
1795	1796	50.000000	Q20251012161953	
1796	1795	50.000000	Q20251012161953	
1796	1797	50.000000	Q20251012161953	
1797	1796	50.000000	Q20251012161953	
1797	1798	50.000000	Q20251012161953	
1798	1797	50.000000	Q20251012161953	
1798	1799	50.000000	Q20251012161953	
1799	1798	50.000000	Q20251012161953	
1799	1800	50.000000	Q20251012161953	
1800	1799	50.000000	Q20251012161953	
1800	1801	50.000000	Q20251012161953	
1801	1800	50.000000	Q20251012161953	
1801	1802	50.000000	Q20251012161953	
1802	1801	50.000000	Q20251012161953	
1802	1803	50.000000	Q20251012161953	
1803	1802	50.000000	Q20251012161953	
1803	1804	50.000000	Q20251012161953	
1804	1803	50.000000	Q20251012161953	
1804	1805	50.000000	Q20251012161953	
1805	1804	50.000000	Q20251012161953	
1805	1806	50.000000	Q20251012161953	
1806	1805	50.000000	Q20251012161953	
1806	1807	50.000000	Q20251012161953	
1807	1806	50.000000	Q20251012161953	
1807	1808	50.000000	Q20251012161953	
1808	1807	50.000000	Q20251012161953	
1808	1809	50.000000	Q20251012161953	
1809	1808	50.000000	Q20251012161953	
1809	1810	50.000000	Q20251012161953	
1810	1809	50.000000	Q20251012161953	
1810	1811	50.000000	Q20251012161953	
1811	1810	50.000000	Q20251012161953	
1811	1812	50.000000	Q20251012161953	
1812	1811	50.000000	Q20251012161953	
1812	1813	50.000000	Q20251012161953	
1813	1812	50.000000	Q20251012161953	
1813	1814	50.000000	Q20251012161953	
1814	1813	50.000000	Q20251012161953	
1814	1815	50.000000	Q20251012161953	
1815	1814	50.000000	Q20251012161953	
1815	1816	50.000000	Q20251012161953	
1816	1815	50.000000	Q20251012161953	
1816	1817	50.000000	Q20251012161953	
1817	1816	50.000000	Q20251012161953	
1817	1818	50.000000	Q20251012161953	
1818	1817	50.000000	Q20251012161953	
1818	1819	50.000000	Q20251012161953	
1819	1818	50.000000	Q20251012161953	
1819	1820	50.000000	Q20251012161953	
1820	1819	50.000000	Q20251012161953	
1820	1821	50.000000	Q20251012161953	
1821	1820	50.000000	Q20251012161953	
1821	1822	50.000000	Q20251012161953	
1822	1821	50.000000	Q20251012161953	
1822	1823	50.000000	Q20251012161953	
1823	1822	50.000000	Q20251012161953	
1823	1824	50.000000	Q20251012161953	
1824	1823	50.000000	Q20251012161953	
1824	1825	50.000000	Q20251012161953	
1825	1824	50.000000	Q20251012161953	
1825	1826	50.000000	Q20251012161953	
1825	2884	50.000000	Q20251012161953	
1826	1825	50.000000	Q20251012161953	
1826	1827	50.000000	Q20251012161953	
1827	1826	50.000000	Q20251012161953	
1827	1828	50.000000	Q20251012161953	
1828	1827	50.000000	Q20251012161953	
1828	1829	50.000000	Q20251012161953	
1829	1828	50.000000	Q20251012161953	
1829	1830	50.000000	Q20251012161953	
1830	1829	50.000000	Q20251012161953	
1830	1831	50.000000	Q20251012161953	
1831	1830	50.000000	Q20251012161953	
1831	1832	50.000000	Q20251012161953	
1832	1831	50.000000	Q20251012161953	
1832	1833	50.000000	Q20251012161953	
1833	1832	50.000000	Q20251012161953	
1833	1834	50.000000	Q20251012161953	
1834	1833	50.000000	Q20251012161953	
1834	1835	50.000000	Q20251012161953	
1835	1834	50.000000	Q20251012161953	
1835	1836	50.000000	Q20251012161953	
1835	2423	50.000000	Q20251012161953	
1836	1835	50.000000	Q20251012161953	
1836	1837	50.000000	Q20251012161953	
1837	1836	50.000000	Q20251012161953	
1837	1838	50.000000	Q20251012161953	
1838	1837	50.000000	Q20251012161953	
1838	1839	50.000000	Q20251012161953	
1839	1838	50.000000	Q20251012161953	
1839	1840	50.000000	Q20251012161953	
1840	1839	50.000000	Q20251012161953	
1840	1841	50.000000	Q20251012161953	
1841	1840	50.000000	Q20251012161953	
1841	1842	50.000000	Q20251012161953	
1842	1841	50.000000	Q20251012161953	
1842	1843	50.000000	Q20251012161953	
1843	1842	50.000000	Q20251012161953	
1843	1844	50.000000	Q20251012161953	
1844	1843	50.000000	Q20251012161953	
1844	1845	50.000000	Q20251012161953	
1845	1844	50.000000	Q20251012161953	
1845	1846	50.000000	Q20251012161953	
1846	1845	50.000000	Q20251012161953	
1846	1847	50.000000	Q20251012161953	
1847	1846	50.000000	Q20251012161953	
1847	1848	50.000000	Q20251012161953	
1848	1847	50.000000	Q20251012161953	
1848	1849	50.000000	Q20251012161953	
1849	1848	50.000000	Q20251012161953	
1849	1850	50.000000	Q20251012161953	
1850	1849	50.000000	Q20251012161953	
1850	1851	50.000000	Q20251012161953	
1851	1850	50.000000	Q20251012161953	
1851	1852	50.000000	Q20251012161953	
1852	1851	50.000000	Q20251012161953	
1852	1853	50.000000	Q20251012161953	
1853	1852	50.000000	Q20251012161953	
1853	1854	50.000000	Q20251012161953	
1854	1853	50.000000	Q20251012161953	
1854	1855	50.000000	Q20251012161953	
1855	1854	50.000000	Q20251012161953	
1855	1856	50.000000	Q20251012161953	
1856	1855	50.000000	Q20251012161953	
1856	1857	50.000000	Q20251012161953	
1857	1856	50.000000	Q20251012161953	
1857	1858	50.000000	Q20251012161953	
1858	1857	50.000000	Q20251012161953	
1858	1859	50.000000	Q20251012161953	
1859	1858	50.000000	Q20251012161953	
1859	1860	50.000000	Q20251012161953	
1860	1859	50.000000	Q20251012161953	
1860	1861	50.000000	Q20251012161953	
1861	1860	50.000000	Q20251012161953	
1861	1862	50.000000	Q20251012161953	
1862	1861	50.000000	Q20251012161953	
1862	1863	50.000000	Q20251012161953	
1863	1862	50.000000	Q20251012161953	
1863	1864	50.000000	Q20251012161953	
1864	1863	50.000000	Q20251012161953	
1864	1865	50.000000	Q20251012161953	
1865	1864	50.000000	Q20251012161953	
1865	1866	50.000000	Q20251012161953	
1866	1865	50.000000	Q20251012161953	
1866	1867	50.000000	Q20251012161953	
1867	1866	50.000000	Q20251012161953	
1867	1868	50.000000	Q20251012161953	
1868	1867	50.000000	Q20251012161953	
1868	1869	50.000000	Q20251012161953	
1869	1868	50.000000	Q20251012161953	
1869	1870	50.000000	Q20251012161953	
1870	1869	50.000000	Q20251012161953	
1870	1871	50.000000	Q20251012161953	
1871	1870	50.000000	Q20251012161953	
1871	1872	50.000000	Q20251012161953	
1871	2914	50.000000	Q20251012161953	
1872	1871	50.000000	Q20251012161953	
1872	1873	50.000000	Q20251012161953	
1873	1872	50.000000	Q20251012161953	
1873	1874	50.000000	Q20251012161953	
1874	1873	50.000000	Q20251012161953	
1874	1875	50.000000	Q20251012161953	
1875	1874	50.000000	Q20251012161953	
1875	1876	50.000000	Q20251012161953	
1876	1875	50.000000	Q20251012161953	
1876	1877	50.000000	Q20251012161953	
1877	1876	50.000000	Q20251012161953	
1877	1878	50.000000	Q20251012161953	
1878	1877	50.000000	Q20251012161953	
1878	1879	50.000000	Q20251012161953	
1879	1878	50.000000	Q20251012161953	
1879	1880	50.000000	Q20251012161953	
1880	1879	50.000000	Q20251012161953	
1880	1881	50.000000	Q20251012161953	
1881	1880	50.000000	Q20251012161953	
1881	1882	50.000000	Q20251012161953	
1882	1881	50.000000	Q20251012161953	
1882	1883	50.000000	Q20251012161953	
1883	1882	50.000000	Q20251012161953	
1883	1884	50.000000	Q20251012161953	
1884	1883	50.000000	Q20251012161953	
1884	1885	50.000000	Q20251012161953	
1885	1884	50.000000	Q20251012161953	
1885	1886	50.000000	Q20251012161953	
1885	2453	50.000000	Q20251012161953	
1886	1885	50.000000	Q20251012161953	
1886	1887	50.000000	Q20251012161953	
1887	1886	50.000000	Q20251012161953	
1887	1888	50.000000	Q20251012161953	
1888	1887	50.000000	Q20251012161953	
1888	1889	50.000000	Q20251012161953	
1889	1888	50.000000	Q20251012161953	
1889	1890	50.000000	Q20251012161953	
1890	1889	50.000000	Q20251012161953	
1890	1891	50.000000	Q20251012161953	
1891	1890	50.000000	Q20251012161953	
1891	1892	50.000000	Q20251012161953	
1892	1891	50.000000	Q20251012161953	
1892	1893	50.000000	Q20251012161953	
1893	1892	50.000000	Q20251012161953	
1893	1894	50.000000	Q20251012161953	
1894	1893	50.000000	Q20251012161953	
1894	1895	50.000000	Q20251012161953	
1895	1894	50.000000	Q20251012161953	
1895	1896	50.000000	Q20251012161953	
1896	1895	50.000000	Q20251012161953	
1896	1897	50.000000	Q20251012161953	
1897	1896	50.000000	Q20251012161953	
1897	1898	50.000000	Q20251012161953	
1898	1897	50.000000	Q20251012161953	
1898	1899	50.000000	Q20251012161953	
1899	1898	50.000000	Q20251012161953	
1899	1900	50.000000	Q20251012161953	
1900	1899	50.000000	Q20251012161953	
1900	1901	50.000000	Q20251012161953	
1901	1900	50.000000	Q20251012161953	
1901	1902	50.000000	Q20251012161953	
1902	1901	50.000000	Q20251012161953	
1902	1903	50.000000	Q20251012161953	
1903	1902	50.000000	Q20251012161953	
1903	1904	50.000000	Q20251012161953	
1904	1903	50.000000	Q20251012161953	
1904	1905	50.000000	Q20251012161953	
1905	1904	50.000000	Q20251012161953	
1905	1906	50.000000	Q20251012161953	
1906	1905	50.000000	Q20251012161953	
1906	1907	50.000000	Q20251012161953	
1907	1906	50.000000	Q20251012161953	
1907	1908	50.000000	Q20251012161953	
1908	1907	50.000000	Q20251012161953	
1908	1909	50.000000	Q20251012161953	
1909	1908	50.000000	Q20251012161953	
1909	1910	50.000000	Q20251012161953	
1910	1909	50.000000	Q20251012161953	
1910	1911	50.000000	Q20251012161953	
1911	1910	50.000000	Q20251012161953	
1911	1912	50.000000	Q20251012161953	
1912	1911	50.000000	Q20251012161953	
1912	1913	50.000000	Q20251012161953	
1913	1912	50.000000	Q20251012161953	
1913	1914	50.000000	Q20251012161953	
1914	1913	50.000000	Q20251012161953	
1914	1915	50.000000	Q20251012161953	
1915	1914	50.000000	Q20251012161953	
1915	1916	50.000000	Q20251012161953	
1916	1915	50.000000	Q20251012161953	
1916	1917	50.000000	Q20251012161953	
1917	1916	50.000000	Q20251012161953	
1917	1918	50.000000	Q20251012161953	
1918	1917	50.000000	Q20251012161953	
1918	1919	50.000000	Q20251012161953	
1919	1918	50.000000	Q20251012161953	
1919	1920	50.000000	Q20251012161953	
1920	1919	50.000000	Q20251012161953	
1920	1921	50.000000	Q20251012161953	
1921	1920	50.000000	Q20251012161953	
1921	1922	50.000000	Q20251012161953	
1921	2944	50.000000	Q20251012161953	
1922	1921	50.000000	Q20251012161953	
1922	1923	50.000000	Q20251012161953	
1923	1922	50.000000	Q20251012161953	
1923	1924	50.000000	Q20251012161953	
1924	1923	50.000000	Q20251012161953	
1924	1925	50.000000	Q20251012161953	
1925	1924	50.000000	Q20251012161953	
1925	1926	50.000000	Q20251012161953	
1926	1925	50.000000	Q20251012161953	
1926	1927	50.000000	Q20251012161953	
1927	1926	50.000000	Q20251012161953	
1927	1928	50.000000	Q20251012161953	
1928	1927	50.000000	Q20251012161953	
1928	1929	50.000000	Q20251012161953	
1929	1928	50.000000	Q20251012161953	
1929	1930	50.000000	Q20251012161953	
1930	1929	50.000000	Q20251012161953	
1930	1931	50.000000	Q20251012161953	
1931	1930	50.000000	Q20251012161953	
1931	1932	50.000000	Q20251012161953	
1932	1931	50.000000	Q20251012161953	
1932	1933	50.000000	Q20251012161953	
1933	1932	50.000000	Q20251012161953	
1933	1934	50.000000	Q20251012161953	
1933	2483	50.000000	Q20251012161953	
1934	1933	50.000000	Q20251012161953	
1934	1935	50.000000	Q20251012161953	
1935	1934	50.000000	Q20251012161953	
1935	1936	50.000000	Q20251012161953	
1936	1935	50.000000	Q20251012161953	
1936	1937	50.000000	Q20251012161953	
1937	1936	50.000000	Q20251012161953	
1937	1938	50.000000	Q20251012161953	
1938	1937	50.000000	Q20251012161953	
1938	1939	50.000000	Q20251012161953	
1939	1938	50.000000	Q20251012161953	
1939	1940	50.000000	Q20251012161953	
1940	1939	50.000000	Q20251012161953	
1940	1941	50.000000	Q20251012161953	
1941	1940	50.000000	Q20251012161953	
1941	1942	50.000000	Q20251012161953	
1942	1941	50.000000	Q20251012161953	
1942	1943	50.000000	Q20251012161953	
1943	1942	50.000000	Q20251012161953	
1943	1944	50.000000	Q20251012161953	
1944	1943	50.000000	Q20251012161953	
1944	1945	50.000000	Q20251012161953	
1945	1944	50.000000	Q20251012161953	
1945	1946	50.000000	Q20251012161953	
1946	1945	50.000000	Q20251012161953	
1946	1947	50.000000	Q20251012161953	
1947	1946	50.000000	Q20251012161953	
1947	1948	50.000000	Q20251012161953	
1948	1947	50.000000	Q20251012161953	
1948	1949	50.000000	Q20251012161953	
1949	1948	50.000000	Q20251012161953	
1949	1950	50.000000	Q20251012161953	
1950	1949	50.000000	Q20251012161953	
1950	1951	50.000000	Q20251012161953	
1951	1950	50.000000	Q20251012161953	
1951	1952	50.000000	Q20251012161953	
1952	1951	50.000000	Q20251012161953	
1952	1953	50.000000	Q20251012161953	
1953	1952	50.000000	Q20251012161953	
1953	1954	50.000000	Q20251012161953	
1954	1953	50.000000	Q20251012161953	
1954	1955	50.000000	Q20251012161953	
1955	1954	50.000000	Q20251012161953	
1955	1956	50.000000	Q20251012161953	
1956	1955	50.000000	Q20251012161953	
1956	1957	50.000000	Q20251012161953	
1957	1956	50.000000	Q20251012161953	
1957	1958	50.000000	Q20251012161953	
1958	1957	50.000000	Q20251012161953	
1958	1959	50.000000	Q20251012161953	
1959	1958	50.000000	Q20251012161953	
1959	1960	50.000000	Q20251012161953	
1960	1959	50.000000	Q20251012161953	
1960	1961	50.000000	Q20251012161953	
1961	1960	50.000000	Q20251012161953	
1961	1962	50.000000	Q20251012161953	
1962	1961	50.000000	Q20251012161953	
1962	1963	50.000000	Q20251012161953	
1963	1962	50.000000	Q20251012161953	
1963	1964	50.000000	Q20251012161953	
1964	1963	50.000000	Q20251012161953	
1964	1965	50.000000	Q20251012161953	
1965	1964	50.000000	Q20251012161953	
1965	1966	50.000000	Q20251012161953	
1966	1965	50.000000	Q20251012161953	
1966	1967	50.000000	Q20251012161953	
1967	1966	50.000000	Q20251012161953	
1967	1968	50.000000	Q20251012161953	
1968	1967	50.000000	Q20251012161953	
1968	1969	50.000000	Q20251012161953	
1968	2977	50.000000	Q20251012161953	
1969	1968	50.000000	Q20251012161953	
1969	1970	50.000000	Q20251012161953	
1970	1969	50.000000	Q20251012161953	
1970	1971	50.000000	Q20251012161953	
1971	1970	50.000000	Q20251012161953	
1971	1972	50.000000	Q20251012161953	
1972	1971	50.000000	Q20251012161953	
1972	1973	50.000000	Q20251012161953	
1973	1972	50.000000	Q20251012161953	
1973	1974	50.000000	Q20251012161953	
1974	1973	50.000000	Q20251012161953	
1974	1975	50.000000	Q20251012161953	
1975	1974	50.000000	Q20251012161953	
1975	1976	50.000000	Q20251012161953	
1976	1975	50.000000	Q20251012161953	
1976	1977	50.000000	Q20251012161953	
1977	1976	50.000000	Q20251012161953	
1977	1978	50.000000	Q20251012161953	
1978	1977	50.000000	Q20251012161953	
1978	1979	50.000000	Q20251012161953	
1979	1978	50.000000	Q20251012161953	
1979	1980	50.000000	Q20251012161953	
1980	1979	50.000000	Q20251012161953	
1980	1981	50.000000	Q20251012161953	
1981	1980	50.000000	Q20251012161953	
1981	1982	50.000000	Q20251012161953	
1982	1981	50.000000	Q20251012161953	
1982	1983	50.000000	Q20251012161953	
1983	1982	50.000000	Q20251012161953	
1983	1984	50.000000	Q20251012161953	
1984	1983	50.000000	Q20251012161953	
1984	1985	50.000000	Q20251012161953	
1985	1984	50.000000	Q20251012161953	
1985	1986	50.000000	Q20251012161953	
1986	1985	50.000000	Q20251012161953	
1986	1987	50.000000	Q20251012161953	
1986	2510	50.000000	Q20251012161953	
1987	1986	50.000000	Q20251012161953	
1987	1988	50.000000	Q20251012161953	
1988	1987	50.000000	Q20251012161953	
1988	1989	50.000000	Q20251012161953	
1989	1988	50.000000	Q20251012161953	
1989	1990	50.000000	Q20251012161953	
1990	1989	50.000000	Q20251012161953	
1990	1991	50.000000	Q20251012161953	
1991	1990	50.000000	Q20251012161953	
1991	1992	50.000000	Q20251012161953	
1992	1991	50.000000	Q20251012161953	
1992	1993	50.000000	Q20251012161953	
1993	1992	50.000000	Q20251012161953	
1993	1994	50.000000	Q20251012161953	
1994	1993	50.000000	Q20251012161953	
1994	1995	50.000000	Q20251012161953	
1995	1994	50.000000	Q20251012161953	
1995	1996	50.000000	Q20251012161953	
1996	1995	50.000000	Q20251012161953	
1996	1997	50.000000	Q20251012161953	
1997	1996	50.000000	Q20251012161953	
1997	1998	50.000000	Q20251012161953	
1998	1997	50.000000	Q20251012161953	
1998	1999	50.000000	Q20251012161953	
1999	1998	50.000000	Q20251012161953	
1999	2000	50.000000	Q20251012161953	
2000	1999	50.000000	Q20251012161953	
2000	2001	50.000000	Q20251012161953	
2001	2000	50.000000	Q20251012161953	
2001	2002	50.000000	Q20251012161953	
2002	2001	50.000000	Q20251012161953	
2002	2003	50.000000	Q20251012161953	
2003	2002	50.000000	Q20251012161953	
2003	2004	50.000000	Q20251012161953	
2004	2003	50.000000	Q20251012161953	
2004	2005	50.000000	Q20251012161953	
2005	2004	50.000000	Q20251012161953	
2005	2006	50.000000	Q20251012161953	
2006	2005	50.000000	Q20251012161953	
2006	2007	50.000000	Q20251012161953	
2007	2006	50.000000	Q20251012161953	
2007	2008	50.000000	Q20251012161953	
2008	2007	50.000000	Q20251012161953	
2008	2009	50.000000	Q20251012161953	
2009	2008	50.000000	Q20251012161953	
2009	2010	50.000000	Q20251012161953	
2010	2009	50.000000	Q20251012161953	
2010	2011	50.000000	Q20251012161953	
2011	2010	50.000000	Q20251012161953	
2011	2012	50.000000	Q20251012161953	
2012	2011	50.000000	Q20251012161953	
2012	2013	50.000000	Q20251012161953	
2013	2012	50.000000	Q20251012161953	
2013	2014	50.000000	Q20251012161953	
2014	2013	50.000000	Q20251012161953	
2014	2015	50.000000	Q20251012161953	
2015	2014	50.000000	Q20251012161953	
2015	2016	50.000000	Q20251012161953	
2016	2015	50.000000	Q20251012161953	
2016	2017	50.000000	Q20251012161953	
2017	2016	50.000000	Q20251012161953	
2017	2018	50.000000	Q20251012161953	
2018	2017	50.000000	Q20251012161953	
2018	2019	50.000000	Q20251012161953	
2019	2018	50.000000	Q20251012161953	
2019	2020	50.000000	Q20251012161953	
2020	2019	50.000000	Q20251012161953	
2020	2021	50.000000	Q20251012161953	
2021	2020	50.000000	Q20251012161953	
2021	2022	50.000000	Q20251012161953	
2022	2021	50.000000	Q20251012161953	
2022	2023	50.000000	Q20251012161953	
2023	2022	50.000000	Q20251012161953	
2023	2024	50.000000	Q20251012161953	
2024	2023	50.000000	Q20251012161953	
2024	2025	50.000000	Q20251012161953	
2025	2024	50.000000	Q20251012161953	
2025	2026	50.000000	Q20251012161953	
2026	2025	50.000000	Q20251012161953	
2026	2027	50.000000	Q20251012161953	
2027	2026	50.000000	Q20251012161953	
2027	2028	50.000000	Q20251012161953	
2028	2027	50.000000	Q20251012161953	
2028	2029	50.000000	Q20251012161953	
2029	2028	50.000000	Q20251012161953	
2029	2030	50.000000	Q20251012161953	
2030	2029	50.000000	Q20251012161953	
2030	2031	50.000000	Q20251012161953	
2031	2030	50.000000	Q20251012161953	
2031	2032	50.000000	Q20251012161953	
2032	2031	50.000000	Q20251012161953	
2032	2033	50.000000	Q20251012161953	
2033	2032	50.000000	Q20251012161953	
2033	2034	50.000000	Q20251012161953	
2034	2033	50.000000	Q20251012161953	
2034	2035	50.000000	Q20251012161953	
2035	2034	50.000000	Q20251012161953	
2035	2036	50.000000	Q20251012161953	
2036	2035	50.000000	Q20251012161953	
2036	2037	50.000000	Q20251012161953	
2037	2036	50.000000	Q20251012161953	
2037	2038	50.000000	Q20251012161953	
2038	2037	50.000000	Q20251012161953	
2038	2039	50.000000	Q20251012161953	
2039	2038	50.000000	Q20251012161953	
2039	2040	50.000000	Q20251012161953	
2040	2039	50.000000	Q20251012161953	
2040	2041	50.000000	Q20251012161953	
2041	2040	50.000000	Q20251012161953	
2041	2042	50.000000	Q20251012161953	
2042	2041	50.000000	Q20251012161953	
2042	2043	50.000000	Q20251012161953	
2043	2042	50.000000	Q20251012161953	
2043	2044	50.000000	Q20251012161953	
2044	2043	50.000000	Q20251012161953	
2044	2045	50.000000	Q20251012161953	
2045	2044	50.000000	Q20251012161953	
2045	2046	50.000000	Q20251012161953	
2046	2045	50.000000	Q20251012161953	
2046	2047	50.000000	Q20251012161953	
2047	2046	50.000000	Q20251012161953	
2047	2048	50.000000	Q20251012161953	
2048	2047	50.000000	Q20251012161953	
2048	2049	50.000000	Q20251012161953	
2049	2048	50.000000	Q20251012161953	
2049	2050	50.000000	Q20251012161953	
2050	2049	50.000000	Q20251012161953	
2050	2051	50.000000	Q20251012161953	
2051	2050	50.000000	Q20251012161953	
2051	2052	50.000000	Q20251012161953	
2052	2051	50.000000	Q20251012161953	
2052	2053	50.000000	Q20251012161953	
2053	2052	50.000000	Q20251012161953	
2054	142	50.000000	Q20251022154230	
2054	2055	50.000000	Q20251022154230	
2055	2054	50.000000	Q20251022154230	
2055	2056	50.000000	Q20251022154230	
2056	2055	50.000000	Q20251022154230	
2056	2057	50.000000	Q20251022154230	
2057	2056	50.000000	Q20251022154230	
2057	2058	50.000000	Q20251022154230	
2058	2057	50.000000	Q20251022154230	
2058	2059	50.000000	Q20251022154230	
2059	2058	50.000000	Q20251022154230	
2059	2060	50.000000	Q20251022154230	
2060	2059	50.000000	Q20251022154230	
2060	2061	50.000000	Q20251022154230	
2061	2060	50.000000	Q20251022154230	
2061	2062	50.000000	Q20251022154230	
2062	2061	50.000000	Q20251022154230	
2062	2063	50.000000	Q20251022154230	
2063	2062	50.000000	Q20251022154230	
2063	2064	50.000000	Q20251022154230	
2064	2063	50.000000	Q20251022154230	
2064	2065	50.000000	Q20251022154230	
2065	2064	50.000000	Q20251022154230	
2065	2066	50.000000	Q20251022154230	
2066	2065	50.000000	Q20251022154230	
2066	2067	50.000000	Q20251022154230	
2067	2066	50.000000	Q20251022154230	
2067	2068	50.000000	Q20251022154230	
2068	2067	50.000000	Q20251022154230	
2068	2069	50.000000	Q20251022154230	
2069	2068	50.000000	Q20251022154230	
2069	2070	50.000000	Q20251022154230	
2070	2069	50.000000	Q20251022154230	
2070	2071	50.000000	Q20251022154230	
2071	2070	50.000000	Q20251022154230	
2071	2072	50.000000	Q20251022154230	
2072	2071	50.000000	Q20251022154230	
2072	2073	50.000000	Q20251022154230	
2073	2072	50.000000	Q20251022154230	
2073	2074	50.000000	Q20251022154230	
2074	2073	50.000000	Q20251022154230	
2074	2075	50.000000	Q20251022154230	
2075	2074	50.000000	Q20251022154230	
2075	2076	50.000000	Q20251022154230	
2076	2075	50.000000	Q20251022154230	
2076	2077	50.000000	Q20251022154230	
2077	2076	50.000000	Q20251022154230	
2077	2078	50.000000	Q20251022154230	
2078	2077	50.000000	Q20251022154230	
2078	2079	50.000000	Q20251022154230	
2079	2078	50.000000	Q20251022154230	
2079	2080	50.000000	Q20251022154230	
2080	2079	50.000000	Q20251022154230	
2080	2081	50.000000	Q20251022154230	
2081	2080	50.000000	Q20251022154230	
2081	2082	50.000000	Q20251022154230	
2082	2081	50.000000	Q20251022154230	
2082	2083	50.000000	Q20251022154230	
2083	2082	50.000000	Q20251022154230	
2083	2084	50.000000	Q20251022154230	
2084	2083	50.000000	Q20251022154230	
2084	2085	50.000000	Q20251022154230	
2085	2084	50.000000	Q20251022154230	
2085	2086	50.000000	Q20251022154230	
2086	2085	50.000000	Q20251022154230	
2086	2087	50.000000	Q20251022154230	
2087	2086	50.000000	Q20251022154230	
2087	2088	50.000000	Q20251022154230	
2088	2087	50.000000	Q20251022154230	
2088	2089	50.000000	Q20251022154230	
2089	2088	50.000000	Q20251022154230	
2089	2090	50.000000	Q20251022154230	
2090	2089	50.000000	Q20251022154230	
2090	2091	50.000000	Q20251022154230	
2091	2090	50.000000	Q20251022154230	
2091	2092	50.000000	Q20251022154230	
2092	2091	50.000000	Q20251022154230	
2092	2093	50.000000	Q20251022154230	
2093	2092	50.000000	Q20251022154230	
2093	2094	50.000000	Q20251022154230	
2094	2093	50.000000	Q20251022154230	
2094	2095	50.000000	Q20251022154230	
2095	2094	50.000000	Q20251022154230	
2095	2096	50.000000	Q20251022154230	
2096	2095	50.000000	Q20251022154230	
2096	2097	50.000000	Q20251022154230	
2097	2096	50.000000	Q20251022154230	
2097	2098	50.000000	Q20251022154230	
2098	2097	50.000000	Q20251022154230	
2098	2099	50.000000	Q20251022154230	
2099	2098	50.000000	Q20251022154230	
2099	2100	50.000000	Q20251022154230	
2100	2099	50.000000	Q20251022154230	
2100	2101	50.000000	Q20251022154230	
2101	2100	50.000000	Q20251022154230	
2101	2102	50.000000	Q20251022154230	
2102	2101	50.000000	Q20251022154230	
2102	2103	50.000000	Q20251022154230	
2103	2102	50.000000	Q20251022154230	
2103	2104	50.000000	Q20251022154230	
2104	2103	50.000000	Q20251022154230	
2104	2105	50.000000	Q20251022154230	
2105	2104	50.000000	Q20251022154230	
2105	2106	50.000000	Q20251022154230	
2106	2105	50.000000	Q20251022154230	
2106	2107	50.000000	Q20251022154230	
2107	2106	50.000000	Q20251022154230	
2108	390	50.000000	Q20251022154254	
2108	2109	50.000000	Q20251022154254	
2109	2108	50.000000	Q20251022154254	
2109	2110	50.000000	Q20251022154254	
2110	2109	50.000000	Q20251022154254	
2110	2111	50.000000	Q20251022154254	
2111	2110	50.000000	Q20251022154254	
2111	2112	50.000000	Q20251022154254	
2112	2111	50.000000	Q20251022154254	
2112	2113	50.000000	Q20251022154254	
2113	2112	50.000000	Q20251022154254	
2113	2114	50.000000	Q20251022154254	
2114	2113	50.000000	Q20251022154254	
2114	2115	50.000000	Q20251022154254	
2115	2114	50.000000	Q20251022154254	
2115	2116	50.000000	Q20251022154254	
2116	2115	50.000000	Q20251022154254	
2116	2117	50.000000	Q20251022154254	
2117	2116	50.000000	Q20251022154254	
2117	2118	50.000000	Q20251022154254	
2118	2117	50.000000	Q20251022154254	
2118	2119	50.000000	Q20251022154254	
2119	2118	50.000000	Q20251022154254	
2119	2120	50.000000	Q20251022154254	
2120	2119	50.000000	Q20251022154254	
2120	2121	50.000000	Q20251022154254	
2121	2120	50.000000	Q20251022154254	
2121	2122	50.000000	Q20251022154254	
2122	2121	50.000000	Q20251022154254	
2122	2123	50.000000	Q20251022154254	
2123	2122	50.000000	Q20251022154254	
2123	2124	50.000000	Q20251022154254	
2124	2123	50.000000	Q20251022154254	
2124	2125	50.000000	Q20251022154254	
2125	2124	50.000000	Q20251022154254	
2125	2126	50.000000	Q20251022154254	
2126	2125	50.000000	Q20251022154254	
2126	2127	50.000000	Q20251022154254	
2127	2126	50.000000	Q20251022154254	
2127	2128	50.000000	Q20251022154254	
2128	2127	50.000000	Q20251022154254	
2128	2129	50.000000	Q20251022154254	
2129	2128	50.000000	Q20251022154254	
2129	2130	50.000000	Q20251022154254	
2130	2129	50.000000	Q20251022154254	
2130	2131	50.000000	Q20251022154254	
2131	2130	50.000000	Q20251022154254	
2131	2132	50.000000	Q20251022154254	
2132	2131	50.000000	Q20251022154254	
2132	2133	50.000000	Q20251022154254	
2133	2132	50.000000	Q20251022154254	
2133	2134	50.000000	Q20251022154254	
2134	2133	50.000000	Q20251022154254	
2134	2135	50.000000	Q20251022154254	
2135	2134	50.000000	Q20251022154254	
2135	2136	50.000000	Q20251022154254	
2136	2135	50.000000	Q20251022154254	
2136	2137	50.000000	Q20251022154254	
2137	2136	50.000000	Q20251022154254	
2137	2138	50.000000	Q20251022154254	
2138	2137	50.000000	Q20251022154254	
2138	2139	50.000000	Q20251022154254	
2139	2138	50.000000	Q20251022154254	
2139	2140	50.000000	Q20251022154254	
2140	2139	50.000000	Q20251022154254	
2140	2141	50.000000	Q20251022154254	
2141	2140	50.000000	Q20251022154254	
2141	2142	50.000000	Q20251022154254	
2142	2141	50.000000	Q20251022154254	
2142	2143	50.000000	Q20251022154254	
2143	2142	50.000000	Q20251022154254	
2143	2144	50.000000	Q20251022154254	
2144	2143	50.000000	Q20251022154254	
2144	2145	50.000000	Q20251022154254	
2145	2144	50.000000	Q20251022154254	
2145	2146	50.000000	Q20251022154254	
2146	2145	50.000000	Q20251022154254	
2146	2147	50.000000	Q20251022154254	
2147	2146	50.000000	Q20251022154254	
2147	2148	50.000000	Q20251022154254	
2148	2147	50.000000	Q20251022154254	
2148	2149	50.000000	Q20251022154254	
2149	2148	50.000000	Q20251022154254	
2149	2150	50.000000	Q20251022154254	
2150	2149	50.000000	Q20251022154254	
2150	2151	50.000000	Q20251022154254	
2151	2150	50.000000	Q20251022154254	
2151	2152	50.000000	Q20251022154254	
2152	2151	50.000000	Q20251022154254	
2152	2153	50.000000	Q20251022154254	
2153	2152	50.000000	Q20251022154254	
2153	2154	50.000000	Q20251022154254	
2154	2153	50.000000	Q20251022154254	
2154	2155	50.000000	Q20251022154254	
2155	2154	50.000000	Q20251022154254	
2155	2156	50.000000	Q20251022154254	
2156	2155	50.000000	Q20251022154254	
2156	2157	50.000000	Q20251022154254	
2157	2156	50.000000	Q20251022154254	
2157	2158	50.000000	Q20251022154254	
2158	2157	50.000000	Q20251022154254	
2158	2159	50.000000	Q20251022154254	
2159	2158	50.000000	Q20251022154254	
2159	2160	50.000000	Q20251022154254	
2160	2159	50.000000	Q20251022154254	
2160	2161	50.000000	Q20251022154254	
2161	2160	50.000000	Q20251022154254	
2161	2162	50.000000	Q20251022154254	
2162	2161	50.000000	Q20251022154254	
2162	2163	50.000000	Q20251022154254	
2163	2162	50.000000	Q20251022154254	
2163	2164	50.000000	Q20251022154254	
2164	2163	50.000000	Q20251022154254	
2164	2165	50.000000	Q20251022154254	
2165	2164	50.000000	Q20251022154254	
2165	2166	50.000000	Q20251022154254	
2166	2165	50.000000	Q20251022154254	
2166	2167	50.000000	Q20251022154254	
2167	2166	50.000000	Q20251022154254	
2167	2168	50.000000	Q20251022154254	
2168	2167	50.000000	Q20251022154254	
2168	2169	50.000000	Q20251022154254	
2169	2168	50.000000	Q20251022154254	
2169	2170	50.000000	Q20251022154254	
2170	2169	50.000000	Q20251022154254	
2170	2171	50.000000	Q20251022154254	
2171	2170	50.000000	Q20251022154254	
2171	2172	50.000000	Q20251022154254	
2172	2171	50.000000	Q20251022154254	
2172	2173	50.000000	Q20251022154254	
2173	2172	50.000000	Q20251022154254	
2173	2174	50.000000	Q20251022154254	
2174	2173	50.000000	Q20251022154254	
2174	2175	50.000000	Q20251022154254	
2175	2174	50.000000	Q20251022154254	
2175	2176	50.000000	Q20251022154254	
2176	2175	50.000000	Q20251022154254	
2176	2177	50.000000	Q20251022154254	
2177	2176	50.000000	Q20251022154254	
2177	2178	50.000000	Q20251022154254	
2178	2177	50.000000	Q20251022154254	
2178	2179	50.000000	Q20251022154254	
2179	2178	50.000000	Q20251022154254	
2179	2180	50.000000	Q20251022154254	
2180	2179	50.000000	Q20251022154254	
2180	2181	50.000000	Q20251022154254	
2181	2180	50.000000	Q20251022154254	
2181	2182	50.000000	Q20251022154254	
2182	2181	50.000000	Q20251022154254	
2182	2183	50.000000	Q20251022154254	
2183	2182	50.000000	Q20251022154254	
2183	2184	50.000000	Q20251022154254	
2184	2183	50.000000	Q20251022154254	
2184	2185	50.000000	Q20251022154254	
2185	2184	50.000000	Q20251022154254	
2185	2186	50.000000	Q20251022154254	
2186	2185	50.000000	Q20251022154254	
2186	2187	50.000000	Q20251022154254	
2187	2186	50.000000	Q20251022154254	
2187	2188	50.000000	Q20251022154254	
2188	2187	50.000000	Q20251022154254	
2188	2189	50.000000	Q20251022154254	
2189	2188	50.000000	Q20251022154254	
2190	646	50.000000	Q20251022154302	
2190	2191	50.000000	Q20251022154302	
2191	2190	50.000000	Q20251022154302	
2191	2192	50.000000	Q20251022154302	
2192	2191	50.000000	Q20251022154302	
2192	2193	50.000000	Q20251022154302	
2193	2192	50.000000	Q20251022154302	
2193	2194	50.000000	Q20251022154302	
2194	2193	50.000000	Q20251022154302	
2194	2195	50.000000	Q20251022154302	
2195	2194	50.000000	Q20251022154302	
2195	2196	50.000000	Q20251022154302	
2196	2195	50.000000	Q20251022154302	
2196	2197	50.000000	Q20251022154302	
2197	2196	50.000000	Q20251022154302	
2197	2198	50.000000	Q20251022154302	
2198	2197	50.000000	Q20251022154302	
2198	2199	50.000000	Q20251022154302	
2199	2198	50.000000	Q20251022154302	
2199	2200	50.000000	Q20251022154302	
2200	2199	50.000000	Q20251022154302	
2200	2201	50.000000	Q20251022154302	
2201	2200	50.000000	Q20251022154302	
2201	2202	50.000000	Q20251022154302	
2202	2201	50.000000	Q20251022154302	
2202	2203	50.000000	Q20251022154302	
2203	2202	50.000000	Q20251022154302	
2203	2204	50.000000	Q20251022154302	
2204	2203	50.000000	Q20251022154302	
2204	2205	50.000000	Q20251022154302	
2205	2204	50.000000	Q20251022154302	
2205	2206	50.000000	Q20251022154302	
2206	2205	50.000000	Q20251022154302	
2206	2207	50.000000	Q20251022154302	
2207	2206	50.000000	Q20251022154302	
2207	2208	50.000000	Q20251022154302	
2208	2207	50.000000	Q20251022154302	
2208	2209	50.000000	Q20251022154302	
2209	2208	50.000000	Q20251022154302	
2209	2210	50.000000	Q20251022154302	
2210	2209	50.000000	Q20251022154302	
2210	2211	50.000000	Q20251022154302	
2211	2210	50.000000	Q20251022154302	
2211	2212	50.000000	Q20251022154302	
2212	2211	50.000000	Q20251022154302	
2212	2213	50.000000	Q20251022154302	
2213	2212	50.000000	Q20251022154302	
2213	2214	50.000000	Q20251022154302	
2214	2213	50.000000	Q20251022154302	
2214	2215	50.000000	Q20251022154302	
2215	2214	50.000000	Q20251022154302	
2215	2216	50.000000	Q20251022154302	
2216	2215	50.000000	Q20251022154302	
2216	2217	50.000000	Q20251022154302	
2217	2216	50.000000	Q20251022154302	
2217	2218	50.000000	Q20251022154302	
2218	2217	50.000000	Q20251022154302	
2218	2219	50.000000	Q20251022154302	
2219	2218	50.000000	Q20251022154302	
2219	2220	50.000000	Q20251022154302	
2220	2219	50.000000	Q20251022154302	
2220	2221	50.000000	Q20251022154302	
2221	2220	50.000000	Q20251022154302	
2221	2222	50.000000	Q20251022154302	
2222	2221	50.000000	Q20251022154302	
2222	2223	50.000000	Q20251022154302	
2223	2222	50.000000	Q20251022154302	
2223	2224	50.000000	Q20251022154302	
2224	2223	50.000000	Q20251022154302	
2224	2225	50.000000	Q20251022154302	
2225	2224	50.000000	Q20251022154302	
2225	2226	50.000000	Q20251022154302	
2226	2225	50.000000	Q20251022154302	
2226	2227	50.000000	Q20251022154302	
2227	2226	50.000000	Q20251022154302	
2227	2228	50.000000	Q20251022154302	
2228	2227	50.000000	Q20251022154302	
2228	2229	50.000000	Q20251022154302	
2229	2228	50.000000	Q20251022154302	
2229	2230	50.000000	Q20251022154302	
2230	2229	50.000000	Q20251022154302	
2230	2231	50.000000	Q20251022154302	
2231	2230	50.000000	Q20251022154302	
2231	2232	50.000000	Q20251022154302	
2232	2231	50.000000	Q20251022154302	
2232	2233	50.000000	Q20251022154302	
2233	2232	50.000000	Q20251022154302	
2233	2234	50.000000	Q20251022154302	
2234	2233	50.000000	Q20251022154302	
2234	2235	50.000000	Q20251022154302	
2235	2234	50.000000	Q20251022154302	
2235	2236	50.000000	Q20251022154302	
2236	2235	50.000000	Q20251022154302	
2236	2237	50.000000	Q20251022154302	
2237	2236	50.000000	Q20251022154302	
2237	2238	50.000000	Q20251022154302	
2238	2237	50.000000	Q20251022154302	
2238	2239	50.000000	Q20251022154302	
2239	2238	50.000000	Q20251022154302	
2239	2240	50.000000	Q20251022154302	
2240	2239	50.000000	Q20251022154302	
2240	2241	50.000000	Q20251022154302	
2241	2240	50.000000	Q20251022154302	
2241	2242	50.000000	Q20251022154302	
2242	2241	50.000000	Q20251022154302	
2242	2243	50.000000	Q20251022154302	
2243	2242	50.000000	Q20251022154302	
2243	2244	50.000000	Q20251022154302	
2244	2243	50.000000	Q20251022154302	
2244	2245	50.000000	Q20251022154302	
2245	2244	50.000000	Q20251022154302	
2245	2246	50.000000	Q20251022154302	
2246	2245	50.000000	Q20251022154302	
2247	907	50.000000	Q20251022154310	
2247	2248	50.000000	Q20251022154310	
2248	2247	50.000000	Q20251022154310	
2248	2249	50.000000	Q20251022154310	
2249	2248	50.000000	Q20251022154310	
2249	2250	50.000000	Q20251022154310	
2250	2249	50.000000	Q20251022154310	
2250	2251	50.000000	Q20251022154310	
2251	2250	50.000000	Q20251022154310	
2251	2252	50.000000	Q20251022154310	
2252	2251	50.000000	Q20251022154310	
2252	2253	50.000000	Q20251022154310	
2253	2252	50.000000	Q20251022154310	
2253	2254	50.000000	Q20251022154310	
2254	2253	50.000000	Q20251022154310	
2254	2255	50.000000	Q20251022154310	
2255	2254	50.000000	Q20251022154310	
2255	2256	50.000000	Q20251022154310	
2256	2255	50.000000	Q20251022154310	
2256	2257	50.000000	Q20251022154310	
2257	2256	50.000000	Q20251022154310	
2257	2258	50.000000	Q20251022154310	
2258	2257	50.000000	Q20251022154310	
2258	2259	50.000000	Q20251022154310	
2259	2258	50.000000	Q20251022154310	
2259	2260	50.000000	Q20251022154310	
2260	2259	50.000000	Q20251022154310	
2260	2261	50.000000	Q20251022154310	
2261	2260	50.000000	Q20251022154310	
2261	2262	50.000000	Q20251022154310	
2262	2261	50.000000	Q20251022154310	
2262	2263	50.000000	Q20251022154310	
2263	2262	50.000000	Q20251022154310	
2263	2264	50.000000	Q20251022154310	
2264	2263	50.000000	Q20251022154310	
2264	2265	50.000000	Q20251022154310	
2265	2264	50.000000	Q20251022154310	
2265	2266	50.000000	Q20251022154310	
2266	2265	50.000000	Q20251022154310	
2266	2267	50.000000	Q20251022154310	
2267	2266	50.000000	Q20251022154310	
2267	2268	50.000000	Q20251022154310	
2268	2267	50.000000	Q20251022154310	
2268	2269	50.000000	Q20251022154310	
2269	2268	50.000000	Q20251022154310	
2269	2270	50.000000	Q20251022154310	
2270	2269	50.000000	Q20251022154310	
2270	2271	50.000000	Q20251022154310	
2271	2270	50.000000	Q20251022154310	
2271	2272	50.000000	Q20251022154310	
2272	2271	50.000000	Q20251022154310	
2272	2273	50.000000	Q20251022154310	
2273	2272	50.000000	Q20251022154310	
2273	2274	50.000000	Q20251022154310	
2274	2273	50.000000	Q20251022154310	
2274	2275	50.000000	Q20251022154310	
2275	2274	50.000000	Q20251022154310	
2275	2276	50.000000	Q20251022154310	
2276	2275	50.000000	Q20251022154310	
2276	2277	50.000000	Q20251022154310	
2277	2276	50.000000	Q20251022154310	
2277	2278	50.000000	Q20251022154310	
2278	2277	50.000000	Q20251022154310	
2278	2279	50.000000	Q20251022154310	
2279	2278	50.000000	Q20251022154310	
2279	2280	50.000000	Q20251022154310	
2280	2279	50.000000	Q20251022154310	
2280	2281	50.000000	Q20251022154310	
2281	2280	50.000000	Q20251022154310	
2281	2282	50.000000	Q20251022154310	
2282	2281	50.000000	Q20251022154310	
2282	2283	50.000000	Q20251022154310	
2283	2282	50.000000	Q20251022154310	
2283	2284	50.000000	Q20251022154310	
2284	2283	50.000000	Q20251022154310	
2284	2285	50.000000	Q20251022154310	
2285	2284	50.000000	Q20251022154310	
2285	2286	50.000000	Q20251022154310	
2286	2285	50.000000	Q20251022154310	
2286	2287	50.000000	Q20251022154310	
2287	2286	50.000000	Q20251022154310	
2287	2288	50.000000	Q20251022154310	
2288	2287	50.000000	Q20251022154310	
2288	2289	50.000000	Q20251022154310	
2289	2288	50.000000	Q20251022154310	
2289	2290	50.000000	Q20251022154310	
2290	2289	50.000000	Q20251022154310	
2290	2291	50.000000	Q20251022154310	
2291	2290	50.000000	Q20251022154310	
2291	2292	50.000000	Q20251022154310	
2292	2291	50.000000	Q20251022154310	
2292	2293	50.000000	Q20251022154310	
2293	2292	50.000000	Q20251022154310	
2294	1047	50.000000	Q20251022154319	
2294	2295	50.000000	Q20251022154319	
2295	2294	50.000000	Q20251022154319	
2295	2296	50.000000	Q20251022154319	
2296	2295	50.000000	Q20251022154319	
2296	2297	50.000000	Q20251022154319	
2297	2296	50.000000	Q20251022154319	
2297	2298	50.000000	Q20251022154319	
2298	2297	50.000000	Q20251022154319	
2298	2299	50.000000	Q20251022154319	
2299	2298	50.000000	Q20251022154319	
2299	2300	50.000000	Q20251022154319	
2300	2299	50.000000	Q20251022154319	
2300	2301	50.000000	Q20251022154319	
2301	2300	50.000000	Q20251022154319	
2301	2302	50.000000	Q20251022154319	
2302	2301	50.000000	Q20251022154319	
2302	2303	50.000000	Q20251022154319	
2303	2302	50.000000	Q20251022154319	
2303	2304	50.000000	Q20251022154319	
2304	2303	50.000000	Q20251022154319	
2304	2305	50.000000	Q20251022154319	
2305	2304	50.000000	Q20251022154319	
2305	2306	50.000000	Q20251022154319	
2306	2305	50.000000	Q20251022154319	
2306	2307	50.000000	Q20251022154319	
2307	2306	50.000000	Q20251022154319	
2307	2308	50.000000	Q20251022154319	
2308	2307	50.000000	Q20251022154319	
2308	2309	50.000000	Q20251022154319	
2309	2308	50.000000	Q20251022154319	
2309	2310	50.000000	Q20251022154319	
2310	2309	50.000000	Q20251022154319	
2310	2311	50.000000	Q20251022154319	
2311	2310	50.000000	Q20251022154319	
2311	2312	50.000000	Q20251022154319	
2312	2311	50.000000	Q20251022154319	
2312	2313	50.000000	Q20251022154319	
2313	2312	50.000000	Q20251022154319	
2313	2314	50.000000	Q20251022154319	
2314	2313	50.000000	Q20251022154319	
2314	2315	50.000000	Q20251022154319	
2315	2314	50.000000	Q20251022154319	
2315	2316	50.000000	Q20251022154319	
2316	2315	50.000000	Q20251022154319	
2316	2317	50.000000	Q20251022154319	
2317	2316	50.000000	Q20251022154319	
2317	2318	50.000000	Q20251022154319	
2318	2317	50.000000	Q20251022154319	
2318	2319	50.000000	Q20251022154319	
2319	2318	50.000000	Q20251022154319	
2319	2320	50.000000	Q20251022154319	
2320	2319	50.000000	Q20251022154319	
2320	2321	50.000000	Q20251022154319	
2321	2320	50.000000	Q20251022154319	
2321	2322	50.000000	Q20251022154319	
2322	2321	50.000000	Q20251022154319	
2322	2323	50.000000	Q20251022154319	
2323	2322	50.000000	Q20251022154319	
2323	2324	50.000000	Q20251022154319	
2324	2323	50.000000	Q20251022154319	
2324	2325	50.000000	Q20251022154319	
2325	2324	50.000000	Q20251022154319	
2325	2326	50.000000	Q20251022154319	
2326	2325	50.000000	Q20251022154319	
2326	2327	50.000000	Q20251022154319	
2327	2326	50.000000	Q20251022154319	
2327	2328	50.000000	Q20251022154319	
2328	2327	50.000000	Q20251022154319	
2328	2329	50.000000	Q20251022154319	
2329	2328	50.000000	Q20251022154319	
2329	2330	50.000000	Q20251022154319	
2330	2329	50.000000	Q20251022154319	
2330	2331	50.000000	Q20251022154319	
2331	2330	50.000000	Q20251022154319	
2331	2332	50.000000	Q20251022154319	
2332	2331	50.000000	Q20251022154319	
2332	2333	50.000000	Q20251022154319	
2333	2332	50.000000	Q20251022154319	
2333	2334	50.000000	Q20251022154319	
2334	2333	50.000000	Q20251022154319	
2334	2335	50.000000	Q20251022154319	
2335	2334	50.000000	Q20251022154319	
2336	1340	50.000000	Q20251022154328	
2336	2337	50.000000	Q20251022154328	
2337	2336	50.000000	Q20251022154328	
2337	2338	50.000000	Q20251022154328	
2338	2337	50.000000	Q20251022154328	
2338	2339	50.000000	Q20251022154328	
2339	2338	50.000000	Q20251022154328	
2339	2340	50.000000	Q20251022154328	
2340	2339	50.000000	Q20251022154328	
2340	2341	50.000000	Q20251022154328	
2341	2340	50.000000	Q20251022154328	
2341	2342	50.000000	Q20251022154328	
2342	2341	50.000000	Q20251022154328	
2342	2343	50.000000	Q20251022154328	
2343	2342	50.000000	Q20251022154328	
2343	2344	50.000000	Q20251022154328	
2344	2343	50.000000	Q20251022154328	
2344	2345	50.000000	Q20251022154328	
2345	2344	50.000000	Q20251022154328	
2345	2346	50.000000	Q20251022154328	
2346	2345	50.000000	Q20251022154328	
2346	2347	50.000000	Q20251022154328	
2347	2346	50.000000	Q20251022154328	
2347	2348	50.000000	Q20251022154328	
2348	2347	50.000000	Q20251022154328	
2348	2349	50.000000	Q20251022154328	
2349	2348	50.000000	Q20251022154328	
2349	2350	50.000000	Q20251022154328	
2350	2349	50.000000	Q20251022154328	
2350	2351	50.000000	Q20251022154328	
2351	2350	50.000000	Q20251022154328	
2351	2352	50.000000	Q20251022154328	
2352	2351	50.000000	Q20251022154328	
2352	2353	50.000000	Q20251022154328	
2353	2352	50.000000	Q20251022154328	
2353	2354	50.000000	Q20251022154328	
2354	2353	50.000000	Q20251022154328	
2354	2355	50.000000	Q20251022154328	
2355	2354	50.000000	Q20251022154328	
2355	2356	50.000000	Q20251022154328	
2356	2355	50.000000	Q20251022154328	
2356	2357	50.000000	Q20251022154328	
2357	2356	50.000000	Q20251022154328	
2357	2358	50.000000	Q20251022154328	
2358	2357	50.000000	Q20251022154328	
2358	2359	50.000000	Q20251022154328	
2359	2358	50.000000	Q20251022154328	
2359	2360	50.000000	Q20251022154328	
2360	2359	50.000000	Q20251022154328	
2360	2361	50.000000	Q20251022154328	
2361	2360	50.000000	Q20251022154328	
2361	2362	50.000000	Q20251022154328	
2362	2361	50.000000	Q20251022154328	
2362	2363	50.000000	Q20251022154328	
2363	2362	50.000000	Q20251022154328	
2363	2364	50.000000	Q20251022154328	
2364	2363	50.000000	Q20251022154328	
2364	2365	50.000000	Q20251022154328	
2365	2364	50.000000	Q20251022154328	
2365	2366	50.000000	Q20251022154328	
2366	2365	50.000000	Q20251022154328	
2366	2367	50.000000	Q20251022154328	
2367	2366	50.000000	Q20251022154328	
2367	2368	50.000000	Q20251022154328	
2368	2367	50.000000	Q20251022154328	
2368	2369	50.000000	Q20251022154328	
2369	2368	50.000000	Q20251022154328	
2369	2370	50.000000	Q20251022154328	
2370	2369	50.000000	Q20251022154328	
2370	2371	50.000000	Q20251022154328	
2371	2370	50.000000	Q20251022154328	
2371	2372	50.000000	Q20251022154328	
2372	2371	50.000000	Q20251022154328	
2372	2373	50.000000	Q20251022154328	
2373	2372	50.000000	Q20251022154328	
2373	2374	50.000000	Q20251022154328	
2374	2373	50.000000	Q20251022154328	
2374	2375	50.000000	Q20251022154328	
2375	2374	50.000000	Q20251022154328	
2375	2376	50.000000	Q20251022154328	
2376	2375	50.000000	Q20251022154328	
2377	1623	50.000000	Q20251022154337	
2377	2378	50.000000	Q20251022154337	
2378	2377	50.000000	Q20251022154337	
2378	2379	50.000000	Q20251022154337	
2379	2378	50.000000	Q20251022154337	
2379	2380	50.000000	Q20251022154337	
2380	2379	50.000000	Q20251022154337	
2380	2381	50.000000	Q20251022154337	
2381	2380	50.000000	Q20251022154337	
2381	2382	50.000000	Q20251022154337	
2382	2381	50.000000	Q20251022154337	
2382	2383	50.000000	Q20251022154337	
2383	2382	50.000000	Q20251022154337	
2383	2384	50.000000	Q20251022154337	
2384	2383	50.000000	Q20251022154337	
2384	2385	50.000000	Q20251022154337	
2385	2384	50.000000	Q20251022154337	
2385	2386	50.000000	Q20251022154337	
2386	2385	50.000000	Q20251022154337	
2386	2387	50.000000	Q20251022154337	
2387	2386	50.000000	Q20251022154337	
2387	2388	50.000000	Q20251022154337	
2388	2387	50.000000	Q20251022154337	
2388	2389	50.000000	Q20251022154337	
2389	2388	50.000000	Q20251022154337	
2389	2390	50.000000	Q20251022154337	
2390	2389	50.000000	Q20251022154337	
2390	2391	50.000000	Q20251022154337	
2391	2390	50.000000	Q20251022154337	
2391	2392	50.000000	Q20251022154337	
2392	2391	50.000000	Q20251022154337	
2392	2393	50.000000	Q20251022154337	
2393	2392	50.000000	Q20251022154337	
2393	2394	50.000000	Q20251022154337	
2394	2393	50.000000	Q20251022154337	
2394	2395	50.000000	Q20251022154337	
2395	2394	50.000000	Q20251022154337	
2395	2396	50.000000	Q20251022154337	
2396	2395	50.000000	Q20251022154337	
2396	2397	50.000000	Q20251022154337	
2397	2396	50.000000	Q20251022154337	
2397	2398	50.000000	Q20251022154337	
2398	2397	50.000000	Q20251022154337	
2398	2399	50.000000	Q20251022154337	
2399	2398	50.000000	Q20251022154337	
2399	2400	50.000000	Q20251022154337	
2400	2399	50.000000	Q20251022154337	
2400	2401	50.000000	Q20251022154337	
2401	2400	50.000000	Q20251022154337	
2401	2402	50.000000	Q20251022154337	
2402	2401	50.000000	Q20251022154337	
2402	2403	50.000000	Q20251022154337	
2403	2402	50.000000	Q20251022154337	
2403	2404	50.000000	Q20251022154337	
2404	2403	50.000000	Q20251022154337	
2404	2405	50.000000	Q20251022154337	
2405	2404	50.000000	Q20251022154337	
2405	2406	50.000000	Q20251022154337	
2406	2405	50.000000	Q20251022154337	
2406	2407	50.000000	Q20251022154337	
2407	2406	50.000000	Q20251022154337	
2407	2408	50.000000	Q20251022154337	
2408	2407	50.000000	Q20251022154337	
2408	2409	50.000000	Q20251022154337	
2409	2408	50.000000	Q20251022154337	
2409	2410	50.000000	Q20251022154337	
2410	2409	50.000000	Q20251022154337	
2410	2411	50.000000	Q20251022154337	
2411	2410	50.000000	Q20251022154337	
2411	2412	50.000000	Q20251022154337	
2412	2411	50.000000	Q20251022154337	
2412	2413	50.000000	Q20251022154337	
2413	2412	50.000000	Q20251022154337	
2413	2414	50.000000	Q20251022154337	
2414	2413	50.000000	Q20251022154337	
2414	2415	50.000000	Q20251022154337	
2415	2414	50.000000	Q20251022154337	
2415	2416	50.000000	Q20251022154337	
2416	2415	50.000000	Q20251022154337	
2416	2417	50.000000	Q20251022154337	
2417	2416	50.000000	Q20251022154337	
2417	2418	50.000000	Q20251022154337	
2418	2417	50.000000	Q20251022154337	
2418	2419	50.000000	Q20251022154337	
2419	2418	50.000000	Q20251022154337	
2419	2420	50.000000	Q20251022154337	
2420	2419	50.000000	Q20251022154337	
2420	2421	50.000000	Q20251022154337	
2421	2420	50.000000	Q20251022154337	
2421	2422	50.000000	Q20251022154337	
2422	2421	50.000000	Q20251022154337	
2423	1835	50.000000	Q20251022154347	
2423	2424	50.000000	Q20251022154347	
2424	2423	50.000000	Q20251022154347	
2424	2425	50.000000	Q20251022154347	
2425	2424	50.000000	Q20251022154347	
2425	2426	50.000000	Q20251022154347	
2426	2425	50.000000	Q20251022154347	
2426	2427	50.000000	Q20251022154347	
2427	2426	50.000000	Q20251022154347	
2427	2428	50.000000	Q20251022154347	
2428	2427	50.000000	Q20251022154347	
2428	2429	50.000000	Q20251022154347	
2429	2428	50.000000	Q20251022154347	
2429	2430	50.000000	Q20251022154347	
2430	2429	50.000000	Q20251022154347	
2430	2431	50.000000	Q20251022154347	
2431	2430	50.000000	Q20251022154347	
2431	2432	50.000000	Q20251022154347	
2432	2431	50.000000	Q20251022154347	
2432	2433	50.000000	Q20251022154347	
2433	2432	50.000000	Q20251022154347	
2433	2434	50.000000	Q20251022154347	
2434	2433	50.000000	Q20251022154347	
2434	2435	50.000000	Q20251022154347	
2435	2434	50.000000	Q20251022154347	
2435	2436	50.000000	Q20251022154347	
2436	2435	50.000000	Q20251022154347	
2436	2437	50.000000	Q20251022154347	
2437	2436	50.000000	Q20251022154347	
2437	2438	50.000000	Q20251022154347	
2438	2437	50.000000	Q20251022154347	
2438	2439	50.000000	Q20251022154347	
2439	2438	50.000000	Q20251022154347	
2439	2440	50.000000	Q20251022154347	
2440	2439	50.000000	Q20251022154347	
2440	2441	50.000000	Q20251022154347	
2441	2440	50.000000	Q20251022154347	
2441	2442	50.000000	Q20251022154347	
2442	2441	50.000000	Q20251022154347	
2442	2443	50.000000	Q20251022154347	
2443	2442	50.000000	Q20251022154347	
2443	2444	50.000000	Q20251022154347	
2444	2443	50.000000	Q20251022154347	
2444	2445	50.000000	Q20251022154347	
2445	2444	50.000000	Q20251022154347	
2445	2446	50.000000	Q20251022154347	
2446	2445	50.000000	Q20251022154347	
2446	2447	50.000000	Q20251022154347	
2447	2446	50.000000	Q20251022154347	
2447	2448	50.000000	Q20251022154347	
2448	2447	50.000000	Q20251022154347	
2448	2449	50.000000	Q20251022154347	
2449	2448	50.000000	Q20251022154347	
2449	2450	50.000000	Q20251022154347	
2450	2449	50.000000	Q20251022154347	
2450	2451	50.000000	Q20251022154347	
2451	2450	50.000000	Q20251022154347	
2451	2452	50.000000	Q20251022154347	
2452	2451	50.000000	Q20251022154347	
2453	1885	50.000000	Q20251022154353	
2453	2454	50.000000	Q20251022154353	
2454	2453	50.000000	Q20251022154353	
2454	2455	50.000000	Q20251022154353	
2455	2454	50.000000	Q20251022154353	
2455	2456	50.000000	Q20251022154353	
2456	2455	50.000000	Q20251022154353	
2456	2457	50.000000	Q20251022154353	
2457	2456	50.000000	Q20251022154353	
2457	2458	50.000000	Q20251022154353	
2458	2457	50.000000	Q20251022154353	
2458	2459	50.000000	Q20251022154353	
2459	2458	50.000000	Q20251022154353	
2459	2460	50.000000	Q20251022154353	
2460	2459	50.000000	Q20251022154353	
2460	2461	50.000000	Q20251022154353	
2461	2460	50.000000	Q20251022154353	
2461	2462	50.000000	Q20251022154353	
2462	2461	50.000000	Q20251022154353	
2462	2463	50.000000	Q20251022154353	
2463	2462	50.000000	Q20251022154353	
2463	2464	50.000000	Q20251022154353	
2464	2463	50.000000	Q20251022154353	
2464	2465	50.000000	Q20251022154353	
2465	2464	50.000000	Q20251022154353	
2465	2466	50.000000	Q20251022154353	
2466	2465	50.000000	Q20251022154353	
2466	2467	50.000000	Q20251022154353	
2467	2466	50.000000	Q20251022154353	
2467	2468	50.000000	Q20251022154353	
2468	2467	50.000000	Q20251022154353	
2468	2469	50.000000	Q20251022154353	
2469	2468	50.000000	Q20251022154353	
2469	2470	50.000000	Q20251022154353	
2470	2469	50.000000	Q20251022154353	
2470	2471	50.000000	Q20251022154353	
2471	2470	50.000000	Q20251022154353	
2471	2472	50.000000	Q20251022154353	
2472	2471	50.000000	Q20251022154353	
2472	2473	50.000000	Q20251022154353	
2473	2472	50.000000	Q20251022154353	
2473	2474	50.000000	Q20251022154353	
2474	2473	50.000000	Q20251022154353	
2474	2475	50.000000	Q20251022154353	
2475	2474	50.000000	Q20251022154353	
2475	2476	50.000000	Q20251022154353	
2476	2475	50.000000	Q20251022154353	
2476	2477	50.000000	Q20251022154353	
2477	2476	50.000000	Q20251022154353	
2477	2478	50.000000	Q20251022154353	
2478	2477	50.000000	Q20251022154353	
2478	2479	50.000000	Q20251022154353	
2479	2478	50.000000	Q20251022154353	
2479	2480	50.000000	Q20251022154353	
2480	2479	50.000000	Q20251022154353	
2480	2481	50.000000	Q20251022154353	
2481	2480	50.000000	Q20251022154353	
2481	2482	50.000000	Q20251022154353	
2482	2481	50.000000	Q20251022154353	
2483	1933	50.000000	Q20251022154400	
2483	2484	50.000000	Q20251022154400	
2484	2483	50.000000	Q20251022154400	
2484	2485	50.000000	Q20251022154400	
2485	2484	50.000000	Q20251022154400	
2485	2486	50.000000	Q20251022154400	
2486	2485	50.000000	Q20251022154400	
2486	2487	50.000000	Q20251022154400	
2487	2486	50.000000	Q20251022154400	
2487	2488	50.000000	Q20251022154400	
2488	2487	50.000000	Q20251022154400	
2488	2489	50.000000	Q20251022154400	
2489	2488	50.000000	Q20251022154400	
2489	2490	50.000000	Q20251022154400	
2490	2489	50.000000	Q20251022154400	
2490	2491	50.000000	Q20251022154400	
2491	2490	50.000000	Q20251022154400	
2491	2492	50.000000	Q20251022154400	
2492	2491	50.000000	Q20251022154400	
2492	2493	50.000000	Q20251022154400	
2493	2492	50.000000	Q20251022154400	
2493	2494	50.000000	Q20251022154400	
2494	2493	50.000000	Q20251022154400	
2494	2495	50.000000	Q20251022154400	
2495	2494	50.000000	Q20251022154400	
2495	2496	50.000000	Q20251022154400	
2496	2495	50.000000	Q20251022154400	
2496	2497	50.000000	Q20251022154400	
2497	2496	50.000000	Q20251022154400	
2497	2498	50.000000	Q20251022154400	
2498	2497	50.000000	Q20251022154400	
2498	2499	50.000000	Q20251022154400	
2499	2498	50.000000	Q20251022154400	
2499	2500	50.000000	Q20251022154400	
2500	2499	50.000000	Q20251022154400	
2500	2501	50.000000	Q20251022154400	
2501	2500	50.000000	Q20251022154400	
2501	2502	50.000000	Q20251022154400	
2502	2501	50.000000	Q20251022154400	
2502	2503	50.000000	Q20251022154400	
2503	2502	50.000000	Q20251022154400	
2503	2504	50.000000	Q20251022154400	
2504	2503	50.000000	Q20251022154400	
2504	2505	50.000000	Q20251022154400	
2505	2504	50.000000	Q20251022154400	
2505	2506	50.000000	Q20251022154400	
2506	2505	50.000000	Q20251022154400	
2506	2507	50.000000	Q20251022154400	
2507	2506	50.000000	Q20251022154400	
2507	2508	50.000000	Q20251022154400	
2508	2507	50.000000	Q20251022154400	
2508	2509	50.000000	Q20251022154400	
2509	2508	50.000000	Q20251022154400	
2510	1986	50.000000	Q20251022154405	
2510	2511	50.000000	Q20251022154405	
2511	2510	50.000000	Q20251022154405	
2511	2512	50.000000	Q20251022154405	
2512	2511	50.000000	Q20251022154405	
2512	2513	50.000000	Q20251022154405	
2513	2512	50.000000	Q20251022154405	
2513	2514	50.000000	Q20251022154405	
2514	2513	50.000000	Q20251022154405	
2514	2515	50.000000	Q20251022154405	
2515	2514	50.000000	Q20251022154405	
2515	2516	50.000000	Q20251022154405	
2516	2515	50.000000	Q20251022154405	
2516	2517	50.000000	Q20251022154405	
2517	2516	50.000000	Q20251022154405	
2517	2518	50.000000	Q20251022154405	
2518	2517	50.000000	Q20251022154405	
2518	2519	50.000000	Q20251022154405	
2519	2518	50.000000	Q20251022154405	
2519	2520	50.000000	Q20251022154405	
2520	2519	50.000000	Q20251022154405	
2520	2521	50.000000	Q20251022154405	
2521	2520	50.000000	Q20251022154405	
2521	2522	50.000000	Q20251022154405	
2522	2521	50.000000	Q20251022154405	
2522	2523	50.000000	Q20251022154405	
2523	2522	50.000000	Q20251022154405	
2523	2524	50.000000	Q20251022154405	
2524	2523	50.000000	Q20251022154405	
2524	2525	50.000000	Q20251022154405	
2525	2524	50.000000	Q20251022154405	
2525	2526	50.000000	Q20251022154405	
2526	2525	50.000000	Q20251022154405	
2526	2527	50.000000	Q20251022154405	
2527	2526	50.000000	Q20251022154405	
2527	2528	50.000000	Q20251022154405	
2528	2527	50.000000	Q20251022154405	
2528	2529	50.000000	Q20251022154405	
2529	2528	50.000000	Q20251022154405	
2529	2530	50.000000	Q20251022154405	
2530	2529	50.000000	Q20251022154405	
2530	2531	50.000000	Q20251022154405	
2531	2530	50.000000	Q20251022154405	
2531	2532	50.000000	Q20251022154405	
2532	2531	50.000000	Q20251022154405	
2532	2533	50.000000	Q20251022154405	
2533	2532	50.000000	Q20251022154405	
2533	2534	50.000000	Q20251022154405	
2534	2533	50.000000	Q20251022154405	
2534	2535	50.000000	Q20251022154405	
2535	2534	50.000000	Q20251022154405	
2535	2536	50.000000	Q20251022154405	
2536	2535	50.000000	Q20251022154405	
2537	82	50.000000	Q20251024235647	
2537	2538	50.000000	Q20251024235647	
2538	2537	50.000000	Q20251024235647	
2538	2539	50.000000	Q20251024235647	
2539	2538	50.000000	Q20251024235647	
2539	2540	50.000000	Q20251024235647	
2540	2539	50.000000	Q20251024235647	
2540	2541	50.000000	Q20251024235647	
2541	2540	50.000000	Q20251024235647	
2541	2542	50.000000	Q20251024235647	
2542	2541	50.000000	Q20251024235647	
2542	2543	50.000000	Q20251024235647	
2543	2542	50.000000	Q20251024235647	
2543	2544	50.000000	Q20251024235647	
2544	2543	50.000000	Q20251024235647	
2544	2545	50.000000	Q20251024235647	
2545	2544	50.000000	Q20251024235647	
2545	2546	50.000000	Q20251024235647	
2546	2545	50.000000	Q20251024235647	
2546	2547	50.000000	Q20251024235647	
2547	2546	50.000000	Q20251024235647	
2547	2548	50.000000	Q20251024235647	
2548	2547	50.000000	Q20251024235647	
2548	2549	50.000000	Q20251024235647	
2549	2548	50.000000	Q20251024235647	
2549	2550	50.000000	Q20251024235647	
2550	2549	50.000000	Q20251024235647	
2550	2551	50.000000	Q20251024235647	
2551	2550	50.000000	Q20251024235647	
2551	2552	50.000000	Q20251024235647	
2552	2551	50.000000	Q20251024235647	
2552	2553	50.000000	Q20251024235647	
2553	2552	50.000000	Q20251024235647	
2553	2554	50.000000	Q20251024235647	
2554	2553	50.000000	Q20251024235647	
2554	2555	50.000000	Q20251024235647	
2555	2554	50.000000	Q20251024235647	
2555	2556	50.000000	Q20251024235647	
2556	2555	50.000000	Q20251024235647	
2556	2557	50.000000	Q20251024235647	
2557	2556	50.000000	Q20251024235647	
2557	2558	50.000000	Q20251024235647	
2558	2557	50.000000	Q20251024235647	
2558	2559	50.000000	Q20251024235647	
2559	2558	50.000000	Q20251024235647	
2559	2560	50.000000	Q20251024235647	
2560	2559	50.000000	Q20251024235647	
2560	2561	50.000000	Q20251024235647	
2561	2560	50.000000	Q20251024235647	
2561	2562	50.000000	Q20251024235647	
2562	2561	50.000000	Q20251024235647	
2562	2563	50.000000	Q20251024235647	
2563	2562	50.000000	Q20251024235647	
2563	2564	50.000000	Q20251024235647	
2564	2563	50.000000	Q20251024235647	
2564	2565	50.000000	Q20251024235647	
2565	2564	50.000000	Q20251024235647	
2565	2566	50.000000	Q20251024235647	
2566	2565	50.000000	Q20251024235647	
2566	2567	50.000000	Q20251024235647	
2567	2566	50.000000	Q20251024235647	
2567	2568	50.000000	Q20251024235647	
2568	2567	50.000000	Q20251024235647	
2568	2569	50.000000	Q20251024235647	
2569	2568	50.000000	Q20251024235647	
2569	2570	50.000000	Q20251024235647	
2570	2569	50.000000	Q20251024235647	
2570	2571	50.000000	Q20251024235647	
2571	2570	50.000000	Q20251024235647	
2571	2572	50.000000	Q20251024235647	
2572	2571	50.000000	Q20251024235647	
2572	2573	50.000000	Q20251024235647	
2573	2572	50.000000	Q20251024235647	
2573	2574	50.000000	Q20251024235647	
2574	2573	50.000000	Q20251024235647	
2574	2575	50.000000	Q20251024235647	
2575	2574	50.000000	Q20251024235647	
2575	2576	50.000000	Q20251024235647	
2576	2575	50.000000	Q20251024235647	
2576	2577	50.000000	Q20251024235647	
2577	2576	50.000000	Q20251024235647	
2577	2578	50.000000	Q20251024235647	
2578	2577	50.000000	Q20251024235647	
2578	2579	50.000000	Q20251024235647	
2579	2578	50.000000	Q20251024235647	
2579	2580	50.000000	Q20251024235647	
2580	2579	50.000000	Q20251024235647	
2580	2581	50.000000	Q20251024235647	
2581	2580	50.000000	Q20251024235647	
2581	2582	50.000000	Q20251024235647	
2582	2581	50.000000	Q20251024235647	
2582	2583	50.000000	Q20251024235647	
2583	2582	50.000000	Q20251024235647	
2583	2584	50.000000	Q20251024235647	
2584	2583	50.000000	Q20251024235647	
2584	2585	50.000000	Q20251024235647	
2585	2584	50.000000	Q20251024235647	
2585	2586	50.000000	Q20251024235647	
2586	2585	50.000000	Q20251024235647	
2586	2587	50.000000	Q20251024235647	
2587	2586	50.000000	Q20251024235647	
2587	2588	50.000000	Q20251024235647	
2588	2587	50.000000	Q20251024235647	
2589	322	50.000000	Q20251024235657	
2589	2590	50.000000	Q20251024235657	
2590	2589	50.000000	Q20251024235657	
2590	2591	50.000000	Q20251024235657	
2591	2590	50.000000	Q20251024235657	
2591	2592	50.000000	Q20251024235657	
2592	2591	50.000000	Q20251024235657	
2592	2593	50.000000	Q20251024235657	
2593	2592	50.000000	Q20251024235657	
2593	2594	50.000000	Q20251024235657	
2594	2593	50.000000	Q20251024235657	
2594	2595	50.000000	Q20251024235657	
2595	2594	50.000000	Q20251024235657	
2595	2596	50.000000	Q20251024235657	
2596	2595	50.000000	Q20251024235657	
2596	2597	50.000000	Q20251024235657	
2597	2596	50.000000	Q20251024235657	
2597	2598	50.000000	Q20251024235657	
2598	2597	50.000000	Q20251024235657	
2598	2599	50.000000	Q20251024235657	
2599	2598	50.000000	Q20251024235657	
2599	2600	50.000000	Q20251024235657	
2600	2599	50.000000	Q20251024235657	
2600	2601	50.000000	Q20251024235657	
2601	2600	50.000000	Q20251024235657	
2601	2602	50.000000	Q20251024235657	
2602	2601	50.000000	Q20251024235657	
2602	2603	50.000000	Q20251024235657	
2603	2602	50.000000	Q20251024235657	
2603	2604	50.000000	Q20251024235657	
2604	2603	50.000000	Q20251024235657	
2604	2605	50.000000	Q20251024235657	
2605	2604	50.000000	Q20251024235657	
2605	2606	50.000000	Q20251024235657	
2606	2605	50.000000	Q20251024235657	
2606	2607	50.000000	Q20251024235657	
2607	2606	50.000000	Q20251024235657	
2607	2608	50.000000	Q20251024235657	
2608	2607	50.000000	Q20251024235657	
2608	2609	50.000000	Q20251024235657	
2609	2608	50.000000	Q20251024235657	
2609	2610	50.000000	Q20251024235657	
2610	2609	50.000000	Q20251024235657	
2610	2611	50.000000	Q20251024235657	
2611	2610	50.000000	Q20251024235657	
2611	2612	50.000000	Q20251024235657	
2612	2611	50.000000	Q20251024235657	
2612	2613	50.000000	Q20251024235657	
2613	2612	50.000000	Q20251024235657	
2613	2614	50.000000	Q20251024235657	
2614	2613	50.000000	Q20251024235657	
2614	2615	50.000000	Q20251024235657	
2615	2614	50.000000	Q20251024235657	
2615	2616	50.000000	Q20251024235657	
2616	2615	50.000000	Q20251024235657	
2616	2617	50.000000	Q20251024235657	
2617	2616	50.000000	Q20251024235657	
2617	2618	50.000000	Q20251024235657	
2618	2617	50.000000	Q20251024235657	
2618	2619	50.000000	Q20251024235657	
2619	2618	50.000000	Q20251024235657	
2619	2620	50.000000	Q20251024235657	
2620	2619	50.000000	Q20251024235657	
2620	2621	50.000000	Q20251024235657	
2621	2620	50.000000	Q20251024235657	
2621	2622	50.000000	Q20251024235657	
2622	2621	50.000000	Q20251024235657	
2622	2623	50.000000	Q20251024235657	
2623	2622	50.000000	Q20251024235657	
2623	2624	50.000000	Q20251024235657	
2624	2623	50.000000	Q20251024235657	
2624	2625	50.000000	Q20251024235657	
2625	2624	50.000000	Q20251024235657	
2625	2626	50.000000	Q20251024235657	
2626	2625	50.000000	Q20251024235657	
2626	2627	50.000000	Q20251024235657	
2627	2626	50.000000	Q20251024235657	
2627	2628	50.000000	Q20251024235657	
2628	2627	50.000000	Q20251024235657	
2628	2629	50.000000	Q20251024235657	
2629	2628	50.000000	Q20251024235657	
2629	2630	50.000000	Q20251024235657	
2630	2629	50.000000	Q20251024235657	
2630	2631	50.000000	Q20251024235657	
2631	2630	50.000000	Q20251024235657	
2631	2632	50.000000	Q20251024235657	
2632	2631	50.000000	Q20251024235657	
2632	2633	50.000000	Q20251024235657	
2633	2632	50.000000	Q20251024235657	
2633	2634	50.000000	Q20251024235657	
2634	2633	50.000000	Q20251024235657	
2634	2635	50.000000	Q20251024235657	
2635	2634	50.000000	Q20251024235657	
2635	2636	50.000000	Q20251024235657	
2636	2635	50.000000	Q20251024235657	
2636	2637	50.000000	Q20251024235657	
2637	2636	50.000000	Q20251024235657	
2637	2638	50.000000	Q20251024235657	
2638	2637	50.000000	Q20251024235657	
2638	2639	50.000000	Q20251024235657	
2639	2638	50.000000	Q20251024235657	
2639	2640	50.000000	Q20251024235657	
2640	2639	50.000000	Q20251024235657	
2640	2641	50.000000	Q20251024235657	
2641	2640	50.000000	Q20251024235657	
2641	2642	50.000000	Q20251024235657	
2642	2641	50.000000	Q20251024235657	
2642	2643	50.000000	Q20251024235657	
2643	2642	50.000000	Q20251024235657	
2643	2644	50.000000	Q20251024235657	
2644	2643	50.000000	Q20251024235657	
2644	2645	50.000000	Q20251024235657	
2645	2644	50.000000	Q20251024235657	
2646	537	50.000000	Q20251024235707	
2646	2647	50.000000	Q20251024235707	
2647	2646	50.000000	Q20251024235707	
2647	2648	50.000000	Q20251024235707	
2648	2647	50.000000	Q20251024235707	
2648	2649	50.000000	Q20251024235707	
2649	2648	50.000000	Q20251024235707	
2649	2650	50.000000	Q20251024235707	
2650	2649	50.000000	Q20251024235707	
2650	2651	50.000000	Q20251024235707	
2651	2650	50.000000	Q20251024235707	
2651	2652	50.000000	Q20251024235707	
2652	2651	50.000000	Q20251024235707	
2652	2653	50.000000	Q20251024235707	
2653	2652	50.000000	Q20251024235707	
2653	2654	50.000000	Q20251024235707	
2654	2653	50.000000	Q20251024235707	
2654	2655	50.000000	Q20251024235707	
2655	2654	50.000000	Q20251024235707	
2655	2656	50.000000	Q20251024235707	
2656	2655	50.000000	Q20251024235707	
2656	2657	50.000000	Q20251024235707	
2657	2656	50.000000	Q20251024235707	
2657	2658	50.000000	Q20251024235707	
2658	2657	50.000000	Q20251024235707	
2658	2659	50.000000	Q20251024235707	
2659	2658	50.000000	Q20251024235707	
2659	2660	50.000000	Q20251024235707	
2660	2659	50.000000	Q20251024235707	
2660	2661	50.000000	Q20251024235707	
2661	2660	50.000000	Q20251024235707	
2661	2662	50.000000	Q20251024235707	
2662	2661	50.000000	Q20251024235707	
2662	2663	50.000000	Q20251024235707	
2663	2662	50.000000	Q20251024235707	
2663	2664	50.000000	Q20251024235707	
2664	2663	50.000000	Q20251024235707	
2664	2665	50.000000	Q20251024235707	
2665	2664	50.000000	Q20251024235707	
2665	2666	50.000000	Q20251024235707	
2666	2665	50.000000	Q20251024235707	
2666	2667	50.000000	Q20251024235707	
2667	2666	50.000000	Q20251024235707	
2667	2668	50.000000	Q20251024235707	
2668	2667	50.000000	Q20251024235707	
2668	2669	50.000000	Q20251024235707	
2669	2668	50.000000	Q20251024235707	
2669	2670	50.000000	Q20251024235707	
2670	2669	50.000000	Q20251024235707	
2670	2671	50.000000	Q20251024235707	
2671	2670	50.000000	Q20251024235707	
2671	2672	50.000000	Q20251024235707	
2672	2671	50.000000	Q20251024235707	
2672	2673	50.000000	Q20251024235707	
2673	2672	50.000000	Q20251024235707	
2673	2674	50.000000	Q20251024235707	
2674	2673	50.000000	Q20251024235707	
2674	2675	50.000000	Q20251024235707	
2675	2674	50.000000	Q20251024235707	
2675	2676	50.000000	Q20251024235707	
2676	2675	50.000000	Q20251024235707	
2676	2677	50.000000	Q20251024235707	
2677	2676	50.000000	Q20251024235707	
2677	2678	50.000000	Q20251024235707	
2678	2677	50.000000	Q20251024235707	
2678	2679	50.000000	Q20251024235707	
2679	2678	50.000000	Q20251024235707	
2679	2680	50.000000	Q20251024235707	
2680	2679	50.000000	Q20251024235707	
2680	2681	50.000000	Q20251024235707	
2681	2680	50.000000	Q20251024235707	
2681	2682	50.000000	Q20251024235707	
2682	2681	50.000000	Q20251024235707	
2682	2683	50.000000	Q20251024235707	
2683	2682	50.000000	Q20251024235707	
2683	2684	50.000000	Q20251024235707	
2684	2683	50.000000	Q20251024235707	
2684	2685	50.000000	Q20251024235707	
2685	2684	50.000000	Q20251024235707	
2685	2686	50.000000	Q20251024235707	
2686	2685	50.000000	Q20251024235707	
2686	2687	50.000000	Q20251024235707	
2687	2686	50.000000	Q20251024235707	
2687	2688	50.000000	Q20251024235707	
2688	2687	50.000000	Q20251024235707	
2689	858	50.000000	Q20251024235722	
2689	2690	50.000000	Q20251024235722	
2690	2689	50.000000	Q20251024235722	
2690	2691	50.000000	Q20251024235722	
2691	2690	50.000000	Q20251024235722	
2691	2692	50.000000	Q20251024235722	
2692	2691	50.000000	Q20251024235722	
2692	2693	50.000000	Q20251024235722	
2693	2692	50.000000	Q20251024235722	
2693	2694	50.000000	Q20251024235722	
2694	2693	50.000000	Q20251024235722	
2694	2695	50.000000	Q20251024235722	
2695	2694	50.000000	Q20251024235722	
2695	2696	50.000000	Q20251024235722	
2696	2695	50.000000	Q20251024235722	
2696	2697	50.000000	Q20251024235722	
2697	2696	50.000000	Q20251024235722	
2697	2698	50.000000	Q20251024235722	
2698	2697	50.000000	Q20251024235722	
2698	2699	50.000000	Q20251024235722	
2699	2698	50.000000	Q20251024235722	
2699	2700	50.000000	Q20251024235722	
2700	2699	50.000000	Q20251024235722	
2700	2701	50.000000	Q20251024235722	
2701	2700	50.000000	Q20251024235722	
2701	2702	50.000000	Q20251024235722	
2702	2701	50.000000	Q20251024235722	
2702	2703	50.000000	Q20251024235722	
2703	2702	50.000000	Q20251024235722	
2703	2704	50.000000	Q20251024235722	
2704	2703	50.000000	Q20251024235722	
2704	2705	50.000000	Q20251024235722	
2705	2704	50.000000	Q20251024235722	
2705	2706	50.000000	Q20251024235722	
2706	2705	50.000000	Q20251024235722	
2706	2707	50.000000	Q20251024235722	
2707	2706	50.000000	Q20251024235722	
2707	2708	50.000000	Q20251024235722	
2708	2707	50.000000	Q20251024235722	
2708	2709	50.000000	Q20251024235722	
2709	2708	50.000000	Q20251024235722	
2709	2710	50.000000	Q20251024235722	
2710	2709	50.000000	Q20251024235722	
2710	2711	50.000000	Q20251024235722	
2711	2710	50.000000	Q20251024235722	
2711	2712	50.000000	Q20251024235722	
2712	2711	50.000000	Q20251024235722	
2712	2713	50.000000	Q20251024235722	
2713	2712	50.000000	Q20251024235722	
2713	2714	50.000000	Q20251024235722	
2714	2713	50.000000	Q20251024235722	
2714	2715	50.000000	Q20251024235722	
2715	2714	50.000000	Q20251024235722	
2715	2716	50.000000	Q20251024235722	
2716	2715	50.000000	Q20251024235722	
2716	2717	50.000000	Q20251024235722	
2717	2716	50.000000	Q20251024235722	
2717	2718	50.000000	Q20251024235722	
2718	2717	50.000000	Q20251024235722	
2718	2719	50.000000	Q20251024235722	
2719	2718	50.000000	Q20251024235722	
2719	2720	50.000000	Q20251024235722	
2720	2719	50.000000	Q20251024235722	
2720	2721	50.000000	Q20251024235722	
2721	2720	50.000000	Q20251024235722	
2721	2722	50.000000	Q20251024235722	
2722	2721	50.000000	Q20251024235722	
2722	2723	50.000000	Q20251024235722	
2723	2722	50.000000	Q20251024235722	
2723	2724	50.000000	Q20251024235722	
2724	2723	50.000000	Q20251024235722	
2724	2725	50.000000	Q20251024235722	
2725	2724	50.000000	Q20251024235722	
2725	2726	50.000000	Q20251024235722	
2726	2725	50.000000	Q20251024235722	
2726	2727	50.000000	Q20251024235722	
2727	2726	50.000000	Q20251024235722	
2727	2728	50.000000	Q20251024235722	
2728	2727	50.000000	Q20251024235722	
2728	2729	50.000000	Q20251024235722	
2729	2728	50.000000	Q20251024235722	
2729	2730	50.000000	Q20251024235722	
2730	2729	50.000000	Q20251024235722	
2730	2731	50.000000	Q20251024235722	
2731	2730	50.000000	Q20251024235722	
2731	2732	50.000000	Q20251024235722	
2732	2731	50.000000	Q20251024235722	
2732	2733	50.000000	Q20251024235722	
2733	2732	50.000000	Q20251024235722	
2733	2734	50.000000	Q20251024235722	
2734	2733	50.000000	Q20251024235722	
2734	2735	50.000000	Q20251024235722	
2735	2734	50.000000	Q20251024235722	
2736	1108	50.000000	Q20251024235734	
2736	2737	50.000000	Q20251024235734	
2737	2736	50.000000	Q20251024235734	
2737	2738	50.000000	Q20251024235734	
2738	2737	50.000000	Q20251024235734	
2738	2739	50.000000	Q20251024235734	
2739	2738	50.000000	Q20251024235734	
2739	2740	50.000000	Q20251024235734	
2740	2739	50.000000	Q20251024235734	
2740	2741	50.000000	Q20251024235734	
2741	2740	50.000000	Q20251024235734	
2741	2742	50.000000	Q20251024235734	
2742	2741	50.000000	Q20251024235734	
2742	2743	50.000000	Q20251024235734	
2743	2742	50.000000	Q20251024235734	
2743	2744	50.000000	Q20251024235734	
2744	2743	50.000000	Q20251024235734	
2744	2745	50.000000	Q20251024235734	
2745	2744	50.000000	Q20251024235734	
2745	2746	50.000000	Q20251024235734	
2746	2745	50.000000	Q20251024235734	
2746	2747	50.000000	Q20251024235734	
2747	2746	50.000000	Q20251024235734	
2747	2748	50.000000	Q20251024235734	
2748	2747	50.000000	Q20251024235734	
2748	2749	50.000000	Q20251024235734	
2749	2748	50.000000	Q20251024235734	
2749	2750	50.000000	Q20251024235734	
2750	2749	50.000000	Q20251024235734	
2750	2751	50.000000	Q20251024235734	
2751	2750	50.000000	Q20251024235734	
2751	2752	50.000000	Q20251024235734	
2752	2751	50.000000	Q20251024235734	
2752	2753	50.000000	Q20251024235734	
2753	2752	50.000000	Q20251024235734	
2753	2754	50.000000	Q20251024235734	
2754	2753	50.000000	Q20251024235734	
2754	2755	50.000000	Q20251024235734	
2755	2754	50.000000	Q20251024235734	
2755	2756	50.000000	Q20251024235734	
2756	2755	50.000000	Q20251024235734	
2756	2757	50.000000	Q20251024235734	
2757	2756	50.000000	Q20251024235734	
2757	2758	50.000000	Q20251024235734	
2758	2757	50.000000	Q20251024235734	
2758	2759	50.000000	Q20251024235734	
2759	2758	50.000000	Q20251024235734	
2759	2760	50.000000	Q20251024235734	
2760	2759	50.000000	Q20251024235734	
2760	2761	50.000000	Q20251024235734	
2761	2760	50.000000	Q20251024235734	
2761	2762	50.000000	Q20251024235734	
2762	2761	50.000000	Q20251024235734	
2762	2763	50.000000	Q20251024235734	
2763	2762	50.000000	Q20251024235734	
2763	2764	50.000000	Q20251024235734	
2764	2763	50.000000	Q20251024235734	
2764	2765	50.000000	Q20251024235734	
2765	2764	50.000000	Q20251024235734	
2765	2766	50.000000	Q20251024235734	
2766	2765	50.000000	Q20251024235734	
2766	2767	50.000000	Q20251024235734	
2767	2766	50.000000	Q20251024235734	
2767	2768	50.000000	Q20251024235734	
2768	2767	50.000000	Q20251024235734	
2768	2769	50.000000	Q20251024235734	
2769	2768	50.000000	Q20251024235734	
2769	2770	50.000000	Q20251024235734	
2770	2769	50.000000	Q20251024235734	
2770	2771	50.000000	Q20251024235734	
2771	2770	50.000000	Q20251024235734	
2771	2772	50.000000	Q20251024235734	
2772	2771	50.000000	Q20251024235734	
2772	2773	50.000000	Q20251024235734	
2773	2772	50.000000	Q20251024235734	
2773	2774	50.000000	Q20251024235734	
2774	2773	50.000000	Q20251024235734	
2774	2775	50.000000	Q20251024235734	
2775	2774	50.000000	Q20251024235734	
2775	2776	50.000000	Q20251024235734	
2776	2775	50.000000	Q20251024235734	
2776	2777	50.000000	Q20251024235734	
2777	2776	50.000000	Q20251024235734	
2777	2778	50.000000	Q20251024235734	
2778	2777	50.000000	Q20251024235734	
2778	2779	50.000000	Q20251024235734	
2779	2778	50.000000	Q20251024235734	
2779	2780	50.000000	Q20251024235734	
2780	2779	50.000000	Q20251024235734	
2781	1303	50.000000	Q20251024235742	
2781	2782	50.000000	Q20251024235742	
2782	2781	50.000000	Q20251024235742	
2782	2783	50.000000	Q20251024235742	
2783	2782	50.000000	Q20251024235742	
2783	2784	50.000000	Q20251024235742	
2784	2783	50.000000	Q20251024235742	
2784	2785	50.000000	Q20251024235742	
2785	2784	50.000000	Q20251024235742	
2785	2786	50.000000	Q20251024235742	
2786	2785	50.000000	Q20251024235742	
2786	2787	50.000000	Q20251024235742	
2787	2786	50.000000	Q20251024235742	
2787	2788	50.000000	Q20251024235742	
2788	2787	50.000000	Q20251024235742	
2788	2789	50.000000	Q20251024235742	
2789	2788	50.000000	Q20251024235742	
2789	2790	50.000000	Q20251024235742	
2790	2789	50.000000	Q20251024235742	
2790	2791	50.000000	Q20251024235742	
2791	2790	50.000000	Q20251024235742	
2791	2792	50.000000	Q20251024235742	
2792	2791	50.000000	Q20251024235742	
2792	2793	50.000000	Q20251024235742	
2793	2792	50.000000	Q20251024235742	
2793	2794	50.000000	Q20251024235742	
2794	2793	50.000000	Q20251024235742	
2794	2795	50.000000	Q20251024235742	
2795	2794	50.000000	Q20251024235742	
2795	2796	50.000000	Q20251024235742	
2796	2795	50.000000	Q20251024235742	
2796	2797	50.000000	Q20251024235742	
2797	2796	50.000000	Q20251024235742	
2797	2798	50.000000	Q20251024235742	
2798	2797	50.000000	Q20251024235742	
2798	2799	50.000000	Q20251024235742	
2799	2798	50.000000	Q20251024235742	
2799	2800	50.000000	Q20251024235742	
2800	2799	50.000000	Q20251024235742	
2800	2801	50.000000	Q20251024235742	
2801	2800	50.000000	Q20251024235742	
2801	2802	50.000000	Q20251024235742	
2802	2801	50.000000	Q20251024235742	
2802	2803	50.000000	Q20251024235742	
2803	2802	50.000000	Q20251024235742	
2803	2804	50.000000	Q20251024235742	
2804	2803	50.000000	Q20251024235742	
2804	2805	50.000000	Q20251024235742	
2805	2804	50.000000	Q20251024235742	
2805	2806	50.000000	Q20251024235742	
2806	2805	50.000000	Q20251024235742	
2806	2807	50.000000	Q20251024235742	
2807	2806	50.000000	Q20251024235742	
2807	2808	50.000000	Q20251024235742	
2808	2807	50.000000	Q20251024235742	
2808	2809	50.000000	Q20251024235742	
2809	2808	50.000000	Q20251024235742	
2809	2810	50.000000	Q20251024235742	
2810	2809	50.000000	Q20251024235742	
2810	2811	50.000000	Q20251024235742	
2811	2810	50.000000	Q20251024235742	
2811	2812	50.000000	Q20251024235742	
2812	2811	50.000000	Q20251024235742	
2812	2813	50.000000	Q20251024235742	
2813	2812	50.000000	Q20251024235742	
2813	2814	50.000000	Q20251024235742	
2814	2813	50.000000	Q20251024235742	
2814	2815	50.000000	Q20251024235742	
2815	2814	50.000000	Q20251024235742	
2815	2816	50.000000	Q20251024235742	
2816	2815	50.000000	Q20251024235742	
2816	2817	50.000000	Q20251024235742	
2817	2816	50.000000	Q20251024235742	
2817	2818	50.000000	Q20251024235742	
2818	2817	50.000000	Q20251024235742	
2818	2819	50.000000	Q20251024235742	
2819	2818	50.000000	Q20251024235742	
2819	2820	50.000000	Q20251024235742	
2820	2819	50.000000	Q20251024235742	
2820	2821	50.000000	Q20251024235742	
2821	2820	50.000000	Q20251024235742	
2821	2822	50.000000	Q20251024235742	
2822	2821	50.000000	Q20251024235742	
2822	2823	50.000000	Q20251024235742	
2823	2822	50.000000	Q20251024235742	
2823	2824	50.000000	Q20251024235742	
2824	2823	50.000000	Q20251024235742	
2824	2825	50.000000	Q20251024235742	
2825	2824	50.000000	Q20251024235742	
2825	2826	50.000000	Q20251024235742	
2826	2825	50.000000	Q20251024235742	
2827	1710	50.000000	Q20251024235753	
2827	2828	50.000000	Q20251024235753	
2828	2827	50.000000	Q20251024235753	
2828	2829	50.000000	Q20251024235753	
2829	2828	50.000000	Q20251024235753	
2829	2830	50.000000	Q20251024235753	
2830	2829	50.000000	Q20251024235753	
2830	2831	50.000000	Q20251024235753	
2831	2830	50.000000	Q20251024235753	
2831	2832	50.000000	Q20251024235753	
2832	2831	50.000000	Q20251024235753	
2832	2833	50.000000	Q20251024235753	
2833	2832	50.000000	Q20251024235753	
2833	2834	50.000000	Q20251024235753	
2834	2833	50.000000	Q20251024235753	
2834	2835	50.000000	Q20251024235753	
2835	2834	50.000000	Q20251024235753	
2835	2836	50.000000	Q20251024235753	
2836	2835	50.000000	Q20251024235753	
2836	2837	50.000000	Q20251024235753	
2837	2836	50.000000	Q20251024235753	
2837	2838	50.000000	Q20251024235753	
2838	2837	50.000000	Q20251024235753	
2838	2839	50.000000	Q20251024235753	
2839	2838	50.000000	Q20251024235753	
2839	2840	50.000000	Q20251024235753	
2840	2839	50.000000	Q20251024235753	
2840	2841	50.000000	Q20251024235753	
2841	2840	50.000000	Q20251024235753	
2841	2842	50.000000	Q20251024235753	
2842	2841	50.000000	Q20251024235753	
2842	2843	50.000000	Q20251024235753	
2843	2842	50.000000	Q20251024235753	
2843	2844	50.000000	Q20251024235753	
2844	2843	50.000000	Q20251024235753	
2844	2845	50.000000	Q20251024235753	
2845	2844	50.000000	Q20251024235753	
2845	2846	50.000000	Q20251024235753	
2846	2845	50.000000	Q20251024235753	
2846	2847	50.000000	Q20251024235753	
2847	2846	50.000000	Q20251024235753	
2847	2848	50.000000	Q20251024235753	
2848	2847	50.000000	Q20251024235753	
2848	2849	50.000000	Q20251024235753	
2849	2848	50.000000	Q20251024235753	
2849	2850	50.000000	Q20251024235753	
2850	2849	50.000000	Q20251024235753	
2850	2851	50.000000	Q20251024235753	
2851	2850	50.000000	Q20251024235753	
2851	2852	50.000000	Q20251024235753	
2852	2851	50.000000	Q20251024235753	
2852	2853	50.000000	Q20251024235753	
2853	2852	50.000000	Q20251024235753	
2853	2854	50.000000	Q20251024235753	
2854	2853	50.000000	Q20251024235753	
2854	2855	50.000000	Q20251024235753	
2855	2854	50.000000	Q20251024235753	
2855	2856	50.000000	Q20251024235753	
2856	2855	50.000000	Q20251024235753	
2856	2857	50.000000	Q20251024235753	
2857	2856	50.000000	Q20251024235753	
2857	2858	50.000000	Q20251024235753	
2858	2857	50.000000	Q20251024235753	
2858	2859	50.000000	Q20251024235753	
2859	2858	50.000000	Q20251024235753	
2859	2860	50.000000	Q20251024235753	
2860	2859	50.000000	Q20251024235753	
2860	2861	50.000000	Q20251024235753	
2861	2860	50.000000	Q20251024235753	
2861	2862	50.000000	Q20251024235753	
2862	2861	50.000000	Q20251024235753	
2862	2863	50.000000	Q20251024235753	
2863	2862	50.000000	Q20251024235753	
2863	2864	50.000000	Q20251024235753	
2864	2863	50.000000	Q20251024235753	
2864	2865	50.000000	Q20251024235753	
2865	2864	50.000000	Q20251024235753	
2865	2866	50.000000	Q20251024235753	
2866	2865	50.000000	Q20251024235753	
2866	2867	50.000000	Q20251024235753	
2867	2866	50.000000	Q20251024235753	
2867	2868	50.000000	Q20251024235753	
2868	2867	50.000000	Q20251024235753	
2868	2869	50.000000	Q20251024235753	
2869	2868	50.000000	Q20251024235753	
2869	2870	50.000000	Q20251024235753	
2870	2869	50.000000	Q20251024235753	
2870	2871	50.000000	Q20251024235753	
2871	2870	50.000000	Q20251024235753	
2871	2872	50.000000	Q20251024235753	
2872	2871	50.000000	Q20251024235753	
2872	2873	50.000000	Q20251024235753	
2873	2872	50.000000	Q20251024235753	
2873	2874	50.000000	Q20251024235753	
2874	2873	50.000000	Q20251024235753	
2874	2875	50.000000	Q20251024235753	
2875	2874	50.000000	Q20251024235753	
2875	2876	50.000000	Q20251024235753	
2876	2875	50.000000	Q20251024235753	
2876	2877	50.000000	Q20251024235753	
2877	2876	50.000000	Q20251024235753	
2877	2878	50.000000	Q20251024235753	
2878	2877	50.000000	Q20251024235753	
2878	2879	50.000000	Q20251024235753	
2879	2878	50.000000	Q20251024235753	
2879	2880	50.000000	Q20251024235753	
2880	2879	50.000000	Q20251024235753	
2880	2881	50.000000	Q20251024235753	
2881	2880	50.000000	Q20251024235753	
2881	2882	50.000000	Q20251024235753	
2882	2881	50.000000	Q20251024235753	
2882	2883	50.000000	Q20251024235753	
2883	2882	50.000000	Q20251024235753	
2884	1825	50.000000	Q20251024235801	
2884	2885	50.000000	Q20251024235801	
2885	2884	50.000000	Q20251024235801	
2885	2886	50.000000	Q20251024235801	
2886	2885	50.000000	Q20251024235801	
2886	2887	50.000000	Q20251024235801	
2887	2886	50.000000	Q20251024235801	
2887	2888	50.000000	Q20251024235801	
2888	2887	50.000000	Q20251024235801	
2888	2889	50.000000	Q20251024235801	
2889	2888	50.000000	Q20251024235801	
2889	2890	50.000000	Q20251024235801	
2890	2889	50.000000	Q20251024235801	
2890	2891	50.000000	Q20251024235801	
2891	2890	50.000000	Q20251024235801	
2891	2892	50.000000	Q20251024235801	
2892	2891	50.000000	Q20251024235801	
2892	2893	50.000000	Q20251024235801	
2893	2892	50.000000	Q20251024235801	
2893	2894	50.000000	Q20251024235801	
2894	2893	50.000000	Q20251024235801	
2894	2895	50.000000	Q20251024235801	
2895	2894	50.000000	Q20251024235801	
2895	2896	50.000000	Q20251024235801	
2896	2895	50.000000	Q20251024235801	
2896	2897	50.000000	Q20251024235801	
2897	2896	50.000000	Q20251024235801	
2897	2898	50.000000	Q20251024235801	
2898	2897	50.000000	Q20251024235801	
2898	2899	50.000000	Q20251024235801	
2899	2898	50.000000	Q20251024235801	
2899	2900	50.000000	Q20251024235801	
2900	2899	50.000000	Q20251024235801	
2900	2901	50.000000	Q20251024235801	
2901	2900	50.000000	Q20251024235801	
2901	2902	50.000000	Q20251024235801	
2902	2901	50.000000	Q20251024235801	
2902	2903	50.000000	Q20251024235801	
2903	2902	50.000000	Q20251024235801	
2903	2904	50.000000	Q20251024235801	
2904	2903	50.000000	Q20251024235801	
2904	2905	50.000000	Q20251024235801	
2905	2904	50.000000	Q20251024235801	
2905	2906	50.000000	Q20251024235801	
2906	2905	50.000000	Q20251024235801	
2906	2907	50.000000	Q20251024235801	
2907	2906	50.000000	Q20251024235801	
2907	2908	50.000000	Q20251024235801	
2908	2907	50.000000	Q20251024235801	
2908	2909	50.000000	Q20251024235801	
2909	2908	50.000000	Q20251024235801	
2909	2910	50.000000	Q20251024235801	
2910	2909	50.000000	Q20251024235801	
2910	2911	50.000000	Q20251024235801	
2911	2910	50.000000	Q20251024235801	
2911	2912	50.000000	Q20251024235801	
2912	2911	50.000000	Q20251024235801	
2912	2913	50.000000	Q20251024235801	
2913	2912	50.000000	Q20251024235801	
2914	1871	50.000000	Q20251024235809	
2914	2915	50.000000	Q20251024235809	
2915	2914	50.000000	Q20251024235809	
2915	2916	50.000000	Q20251024235809	
2916	2915	50.000000	Q20251024235809	
2916	2917	50.000000	Q20251024235809	
2917	2916	50.000000	Q20251024235809	
2917	2918	50.000000	Q20251024235809	
2918	2917	50.000000	Q20251024235809	
2918	2919	50.000000	Q20251024235809	
2919	2918	50.000000	Q20251024235809	
2919	2920	50.000000	Q20251024235809	
2920	2919	50.000000	Q20251024235809	
2920	2921	50.000000	Q20251024235809	
2921	2920	50.000000	Q20251024235809	
2921	2922	50.000000	Q20251024235809	
2922	2921	50.000000	Q20251024235809	
2922	2923	50.000000	Q20251024235809	
2923	2922	50.000000	Q20251024235809	
2923	2924	50.000000	Q20251024235809	
2924	2923	50.000000	Q20251024235809	
2924	2925	50.000000	Q20251024235809	
2925	2924	50.000000	Q20251024235809	
2925	2926	50.000000	Q20251024235809	
2926	2925	50.000000	Q20251024235809	
2926	2927	50.000000	Q20251024235809	
2927	2926	50.000000	Q20251024235809	
2927	2928	50.000000	Q20251024235809	
2928	2927	50.000000	Q20251024235809	
2928	2929	50.000000	Q20251024235809	
2929	2928	50.000000	Q20251024235809	
2929	2930	50.000000	Q20251024235809	
2930	2929	50.000000	Q20251024235809	
2930	2931	50.000000	Q20251024235809	
2931	2930	50.000000	Q20251024235809	
2931	2932	50.000000	Q20251024235809	
2932	2931	50.000000	Q20251024235809	
2932	2933	50.000000	Q20251024235809	
2933	2932	50.000000	Q20251024235809	
2933	2934	50.000000	Q20251024235809	
2934	2933	50.000000	Q20251024235809	
2934	2935	50.000000	Q20251024235809	
2935	2934	50.000000	Q20251024235809	
2935	2936	50.000000	Q20251024235809	
2936	2935	50.000000	Q20251024235809	
2936	2937	50.000000	Q20251024235809	
2937	2936	50.000000	Q20251024235809	
2937	2938	50.000000	Q20251024235809	
2938	2937	50.000000	Q20251024235809	
2938	2939	50.000000	Q20251024235809	
2939	2938	50.000000	Q20251024235809	
2939	2940	50.000000	Q20251024235809	
2940	2939	50.000000	Q20251024235809	
2940	2941	50.000000	Q20251024235809	
2941	2940	50.000000	Q20251024235809	
2941	2942	50.000000	Q20251024235809	
2942	2941	50.000000	Q20251024235809	
2942	2943	50.000000	Q20251024235809	
2943	2942	50.000000	Q20251024235809	
2944	1921	50.000000	Q20251024235817	
2944	2945	50.000000	Q20251024235817	
2945	2944	50.000000	Q20251024235817	
2945	2946	50.000000	Q20251024235817	
2946	2945	50.000000	Q20251024235817	
2946	2947	50.000000	Q20251024235817	
2947	2946	50.000000	Q20251024235817	
2947	2948	50.000000	Q20251024235817	
2948	2947	50.000000	Q20251024235817	
2948	2949	50.000000	Q20251024235817	
2949	2948	50.000000	Q20251024235817	
2949	2950	50.000000	Q20251024235817	
2950	2949	50.000000	Q20251024235817	
2950	2951	50.000000	Q20251024235817	
2951	2950	50.000000	Q20251024235817	
2951	2952	50.000000	Q20251024235817	
2952	2951	50.000000	Q20251024235817	
2952	2953	50.000000	Q20251024235817	
2953	2952	50.000000	Q20251024235817	
2953	2954	50.000000	Q20251024235817	
2954	2953	50.000000	Q20251024235817	
2954	2955	50.000000	Q20251024235817	
2955	2954	50.000000	Q20251024235817	
2955	2956	50.000000	Q20251024235817	
2956	2955	50.000000	Q20251024235817	
2956	2957	50.000000	Q20251024235817	
2957	2956	50.000000	Q20251024235817	
2957	2958	50.000000	Q20251024235817	
2958	2957	50.000000	Q20251024235817	
2958	2959	50.000000	Q20251024235817	
2959	2958	50.000000	Q20251024235817	
2959	2960	50.000000	Q20251024235817	
2960	2959	50.000000	Q20251024235817	
2960	2961	50.000000	Q20251024235817	
2961	2960	50.000000	Q20251024235817	
2961	2962	50.000000	Q20251024235817	
2962	2961	50.000000	Q20251024235817	
2962	2963	50.000000	Q20251024235817	
2963	2962	50.000000	Q20251024235817	
2963	2964	50.000000	Q20251024235817	
2964	2963	50.000000	Q20251024235817	
2964	2965	50.000000	Q20251024235817	
2965	2964	50.000000	Q20251024235817	
2965	2966	50.000000	Q20251024235817	
2966	2965	50.000000	Q20251024235817	
2966	2967	50.000000	Q20251024235817	
2967	2966	50.000000	Q20251024235817	
2967	2968	50.000000	Q20251024235817	
2968	2967	50.000000	Q20251024235817	
2968	2969	50.000000	Q20251024235817	
2969	2968	50.000000	Q20251024235817	
2969	2970	50.000000	Q20251024235817	
2970	2969	50.000000	Q20251024235817	
2970	2971	50.000000	Q20251024235817	
2971	2970	50.000000	Q20251024235817	
2971	2972	50.000000	Q20251024235817	
2972	2971	50.000000	Q20251024235817	
2972	2973	50.000000	Q20251024235817	
2973	2972	50.000000	Q20251024235817	
2973	2974	50.000000	Q20251024235817	
2974	2973	50.000000	Q20251024235817	
2974	2975	50.000000	Q20251024235817	
2975	2974	50.000000	Q20251024235817	
2975	2976	50.000000	Q20251024235817	
2976	2975	50.000000	Q20251024235817	
2977	1968	50.000000	Q20251024235825	
2977	2978	50.000000	Q20251024235825	
2978	2977	50.000000	Q20251024235825	
2978	2979	50.000000	Q20251024235825	
2979	2978	50.000000	Q20251024235825	
2979	2980	50.000000	Q20251024235825	
2980	2979	50.000000	Q20251024235825	
2980	2981	50.000000	Q20251024235825	
2981	2980	50.000000	Q20251024235825	
2981	2982	50.000000	Q20251024235825	
2982	2981	50.000000	Q20251024235825	
2982	2983	50.000000	Q20251024235825	
2983	2982	50.000000	Q20251024235825	
2983	2984	50.000000	Q20251024235825	
2984	2983	50.000000	Q20251024235825	
2984	2985	50.000000	Q20251024235825	
2985	2984	50.000000	Q20251024235825	
2985	2986	50.000000	Q20251024235825	
2986	2985	50.000000	Q20251024235825	
2986	2987	50.000000	Q20251024235825	
2987	2986	50.000000	Q20251024235825	
2987	2988	50.000000	Q20251024235825	
2988	2987	50.000000	Q20251024235825	
2988	2989	50.000000	Q20251024235825	
2989	2988	50.000000	Q20251024235825	
2989	2990	50.000000	Q20251024235825	
2990	2989	50.000000	Q20251024235825	
2990	2991	50.000000	Q20251024235825	
2991	2990	50.000000	Q20251024235825	
2991	2992	50.000000	Q20251024235825	
2992	2991	50.000000	Q20251024235825	
2992	2993	50.000000	Q20251024235825	
2993	2992	50.000000	Q20251024235825	
2993	2994	50.000000	Q20251024235825	
2994	2993	50.000000	Q20251024235825	
2994	2995	50.000000	Q20251024235825	
2995	2994	50.000000	Q20251024235825	
2995	2996	50.000000	Q20251024235825	
2996	2995	50.000000	Q20251024235825	
2996	2997	50.000000	Q20251024235825	
2997	2996	50.000000	Q20251024235825	
2997	2998	50.000000	Q20251024235825	
2998	2997	50.000000	Q20251024235825	
2998	2999	50.000000	Q20251024235825	
2999	2998	50.000000	Q20251024235825	
2999	3000	50.000000	Q20251024235825	
3000	2999	50.000000	Q20251024235825	
3000	3001	50.000000	Q20251024235825	
3001	3000	50.000000	Q20251024235825	
3001	3002	50.000000	Q20251024235825	
3002	3001	50.000000	Q20251024235825	
3002	3003	50.000000	Q20251024235825	
3003	3002	50.000000	Q20251024235825	
3003	3004	50.000000	Q20251024235825	
3004	3003	50.000000	Q20251024235825	
