0	-72545.0757676775	3853555.62405911	522	Q20251012161706	
1	-72541.3203990672	3853570.5615148	521.884814872407	Q20251012161706	
2	-72537.5650304569	3853585.4989705	521.769629744813	Q20251012161706	
3	-72533.8096618466	3853600.43642619	521.654444617219	Q20251012161706	
4	-72529.1329520658	3853619.03863343	521.511	Q20251012161706	
5	-72513.9239491879	3853621.4737621	521.506155309442	Q20251012161706	
6	-72498.7149463099	3853623.90889076	521.501310618884	Q20251012161706	
7	-72483.505943432	3853626.34401943	521.496465928326	Q20251012161706	
8	-72468.2969405541	3853628.7791481	521.491621237768	Q20251012161706	
9	-72453.0879376761	3853631.21427676	521.486776547211	Q20251012161706	
10	-72437.8789347982	3853633.64940543	521.481931856653	Q20251012161706	
11	-72422.6699319202	3853636.0845341	521.477087166095	Q20251012161706	
12	-72407.4609290423	3853638.51966276	521.472242475537	Q20251012161706	
13	-72392.2519261644	3853640.95479143	521.467397784979	Q20251012161706	
14	-72377.0429232864	3853643.3899201	521.462553094421	Q20251012161706	
15	-72361.8339204085	3853645.82504876	521.457708403863	Q20251012161706	
16	-72346.6249175306	3853648.26017743	521.452863713305	Q20251012161706	
17	-72331.4159146526	3853650.6953061	521.448019022747	Q20251012161706	
18	-72316.2069117747	3853653.13043477	521.44317433219	Q20251012161706	
19	-72300.9979088968	3853655.56556343	521.438329641632	Q20251012161706	
20	-72285.7889060188	3853658.0006921	521.433484951074	Q20251012161706	
21	-72270.5799031409	3853660.43582077	521.428640260516	Q20251012161706	
22	-72255.370900263	3853662.87094943	521.423795569958	Q20251012161706	
23	-72240.161897385	3853665.3060781	521.4189508794	Q20251012161706	
24	-72224.9528945071	3853667.74120677	521.414106188842	Q20251012161706	
25	-72209.7438916292	3853670.17633543	521.409261498284	Q20251012161706	
26	-72194.5348887512	3853672.6114641	521.404416807726	Q20251012161706	
27	-72179.3258858733	3853675.04659277	521.399572117169	Q20251012161706	
28	-72164.1168829954	3853677.48172143	521.394727426611	Q20251012161706	
29	-72148.9078801174	3853679.9168501	521.389882736053	Q20251012161706	
30	-72133.6988772395	3853682.35197877	521.385038045495	Q20251012161706	
31	-72118.4898743615	3853684.78710744	521.380193354937	Q20251012161706	
32	-72103.2808714836	3853687.2222361	521.375348664379	Q20251012161706	
33	-72088.0718686057	3853689.65736477	521.370503973821	Q20251012161706	
34	-72072.8628657277	3853692.09249344	521.365659283263	Q20251012161706	
35	-72057.6538628498	3853694.5276221	521.360814592705	Q20251012161706	
36	-72042.4448599719	3853696.96275077	521.355969902148	Q20251012161706	
37	-72027.2358570939	3853699.39787944	521.35112521159	Q20251012161706	
38	-72012.026854216	3853701.8330081	521.346280521032	Q20251012161706	
39	-71996.8178513381	3853704.26813677	521.341435830474	Q20251012161706	
40	-71981.6088484601	3853706.70326544	521.336591139916	Q20251012161706	
41	-71966.3998455822	3853709.1383941	521.331746449358	Q20251012161706	
42	-71951.1908427043	3853711.57352277	521.3269017588	Q20251012161706	
43	-71935.9818398263	3853714.00865144	521.322057068242	Q20251012161706	
44	-71920.7728369484	3853716.44378011	521.317212377684	Q20251012161706	
45	-71905.5638340705	3853718.87890877	521.312367687127	Q20251012161706	
46	-71890.3548311925	3853721.31403744	521.307522996569	Q20251012161706	
47	-71875.1458283146	3853723.74916611	521.302678306011	Q20251012161706	
48	-71859.9368254367	3853726.18429477	521.297833615453	Q20251012161706	
49	-71844.7278225587	3853728.61942344	521.292988924895	Q20251012161706	
50	-71829.5188196808	3853731.05455211	521.288144234337	Q20251012161706	
51	-71814.3098168029	3853733.48968077	521.283299543779	Q20251012161706	
52	-71799.1008139249	3853735.92480944	521.278454853221	Q20251012161706	
53	-71783.891811047	3853738.35993811	521.273610162663	Q20251012161706	
54	-71768.682808169	3853740.79506677	521.268765472105	Q20251012161706	
55	-71753.4738052911	3853743.23019544	521.263920781547	Q20251012161706	
56	-71738.2648024132	3853745.66532411	521.259076090989	Q20251012161706	
57	-71723.0557995352	3853748.10045278	521.254231400431	Q20251012161706	
58	-71707.8467966573	3853750.53558144	521.249386709873	Q20251012161706	
59	-71692.6377937794	3853752.97071011	521.244542019315	Q20251012161706	
60	-71677.4287909015	3853755.40583878	521.239697328757	Q20251012161706	
61	-71662.2197880235	3853757.84096744	521.2348526382	Q20251012161706	
62	-71647.0107851456	3853760.27609611	521.230007947642	Q20251012161706	
63	-71631.8017822677	3853762.71122478	521.225163257084	Q20251012161706	
64	-71616.5927793898	3853765.14635344	521.220318566526	Q20251012161706	
65	-71601.3837765119	3853767.58148211	521.215473875968	Q20251012161706	
66	-71586.1747736339	3853770.01661078	521.21062918541	Q20251012161706	
67	-71570.965770756	3853772.45173944	521.205784494852	Q20251012161706	
68	-71555.7567678781	3853774.88686811	521.200939804294	Q20251012161706	
69	-71540.5477650002	3853777.32199678	521.196095113736	Q20251012161706	
70	-71525.3387621223	3853779.75712545	521.191250423178	Q20251012161706	
71	-71510.1297592443	3853782.19225411	521.18640573262	Q20251012161706	
72	-71494.9207563664	3853784.62738278	521.181561042062	Q20251012161706	
73	-71479.7117534885	3853787.06251145	521.176716351504	Q20251012161706	
74	-71464.5027506106	3853789.49764011	521.171871660946	Q20251012161706	
75	-71449.2937477326	3853791.93276878	521.167026970388	Q20251012161706	
76	-71434.0847448547	3853794.36789745	521.16218227983	Q20251012161706	
77	-71418.8757419768	3853796.80302611	521.157337589272	Q20251012161706	
78	-71403.6667390989	3853799.23815478	521.152492898715	Q20251012161706	
79	-71388.457736221	3853801.67328345	521.147648208157	Q20251012161706	
80	-71373.2487333431	3853804.10841211	521.142803517599	Q20251012161706	
81	-71358.0397304652	3853806.54354078	521.137958827041	Q20251012161706	
82	-71344.8204762265	3853808.6600888	521.133747952948	Q20251012161706	
83	-71329.6527437054	3853811.34029297	521.127468851469	Q20251012161706	
84	-71314.4850111843	3853814.02049714	521.121189749989	Q20251012161706	
85	-71299.3172786632	3853816.7007013	521.11491064851	Q20251012161706	
86	-71284.149546142	3853819.38090547	521.10863154703	Q20251012161706	
87	-71268.9818136209	3853822.06110964	521.102352445551	Q20251012161706	
88	-71253.8140810998	3853824.74131381	521.096073344071	Q20251012161706	
89	-71238.6463485787	3853827.42151797	521.089794242592	Q20251012161706	
90	-71223.4786160576	3853830.10172214	521.083515141113	Q20251012161706	
91	-71208.3108835364	3853832.78192631	521.077236039633	Q20251012161706	
92	-71193.1431510153	3853835.46213047	521.070956938154	Q20251012161706	
93	-71177.9754184942	3853838.14233464	521.064677836674	Q20251012161706	
94	-71162.8076859731	3853840.82253881	521.058398735195	Q20251012161706	
95	-71147.639953452	3853843.50274298	521.052119633715	Q20251012161706	
96	-71132.4722209308	3853846.18294714	521.045840532236	Q20251012161706	
97	-71117.3044884097	3853848.86315131	521.039561430757	Q20251012161706	
98	-71102.1367558886	3853851.54335548	521.033282329277	Q20251012161706	
99	-71086.9690233675	3853854.22355964	521.027003227798	Q20251012161706	
100	-71071.8012908464	3853856.90376381	521.020724126318	Q20251012161706	
101	-71056.6335583252	3853859.58396798	521.014445024839	Q20251012161706	
102	-71041.4658258041	3853862.26417214	521.008165923359	Q20251012161706	
103	-71026.298093283	3853864.94437631	521.00188682188	Q20251012161706	
104	-71011.1303607619	3853867.62458048	520.9956077204	Q20251012161706	
105	-70995.9626282408	3853870.30478465	520.989328618921	Q20251012161706	
106	-70980.7948957196	3853872.98498881	520.983049517442	Q20251012161706	
107	-70965.6271631985	3853875.66519298	520.976770415962	Q20251012161706	
108	-70950.4594306774	3853878.34539715	520.970491314483	Q20251012161706	
109	-70935.2916981563	3853881.02560131	520.964212213003	Q20251012161706	
110	-70920.1239656352	3853883.70580548	520.957933111524	Q20251012161706	
111	-70904.956233114	3853886.38600965	520.951654010044	Q20251012161706	
112	-70889.7885005929	3853889.06621381	520.945374908565	Q20251012161706	
113	-70874.6207680718	3853891.74641798	520.939095807086	Q20251012161706	
114	-70859.4530355507	3853894.42662215	520.932816705606	Q20251012161706	
115	-70844.2853030296	3853897.10682632	520.926537604127	Q20251012161706	
116	-70829.1175705084	3853899.78703048	520.920258502647	Q20251012161706	
117	-70813.9498379873	3853902.46723465	520.913979401168	Q20251012161706	
118	-70798.7821054662	3853905.14743882	520.907700299688	Q20251012161706	
119	-70783.6143729451	3853907.82764298	520.901421198209	Q20251012161706	
120	-70768.446640424	3853910.50784715	520.89514209673	Q20251012161706	
121	-70753.2789079028	3853913.18805132	520.88886299525	Q20251012161706	
122	-70738.1111753817	3853915.86825548	520.882583893771	Q20251012161706	
123	-70722.9434428606	3853918.54845965	520.876304792291	Q20251012161706	
124	-70707.7757103395	3853921.22866382	520.870025690812	Q20251012161706	
125	-70692.6079778183	3853923.90886799	520.863746589332	Q20251012161706	
126	-70677.4402452972	3853926.58907215	520.857467487853	Q20251012161706	
127	-70662.2725127761	3853929.26927632	520.851188386373	Q20251012161706	
128	-70647.104780255	3853931.94948049	520.844909284894	Q20251012161706	
129	-70631.9370477339	3853934.62968465	520.838630183415	Q20251012161706	
130	-70616.7693152127	3853937.30988882	520.832351081935	Q20251012161706	
131	-70601.6015826916	3853939.99009299	520.826071980456	Q20251012161706	
132	-70586.4338501705	3853942.67029716	520.819792878976	Q20251012161706	
133	-70571.2661176494	3853945.35050132	520.813513777497	Q20251012161706	
134	-70556.0983851283	3853948.03070549	520.807234676017	Q20251012161706	
135	-70540.9306526072	3853950.71090966	520.800955574538	Q20251012161706	
136	-70525.7629200861	3853953.39111382	520.794676473058	Q20251012161706	
137	-70510.595187565	3853956.07131799	520.788397371579	Q20251012161706	
138	-70495.4274550439	3853958.75152216	520.782118270099	Q20251012161706	
139	-70480.2597225228	3853961.43172632	520.77583916862	Q20251012161706	
140	-70465.0919900017	3853964.11193049	520.76956006714	Q20251012161706	
141	-70449.9242574806	3853966.79213466	520.763280965661	Q20251012161706	
142	-70435.9598166854	3853969.25971196	520.7575	Q20251012161706	
143	-70424.2978117062	3853979.32158471	520.757125046088	Q20251012161706	
144	-70412.635806727	3853989.38345747	520.756750092177	Q20251012161706	
145	-70400.9738017479	3853999.44533022	520.756375138265	Q20251012161706	
146	-70389.3117967687	3854009.50720298	520.756000184353	Q20251012161706	
147	-70377.6497917895	3854019.56907574	520.755625230442	Q20251012161706	
148	-70365.9877868103	3854029.63094849	520.75525027653	Q20251012161706	
149	-70354.3257818311	3854039.69282125	520.754875322618	Q20251012161706	
150	-70342.663776852	3854049.754694	520.754500368707	Q20251012161706	
151	-70331.0017718728	3854059.81656676	520.754125414795	Q20251012161706	
152	-70319.3397668936	3854069.87843952	520.753750460883	Q20251012161706	
153	-70307.6777619144	3854079.94031227	520.753375506972	Q20251012161706	
154	-70296.0157569352	3854090.00218503	520.75300055306	Q20251012161706	
155	-70284.353751956	3854100.06405779	520.752625599148	Q20251012161706	
156	-70272.6917469769	3854110.12593054	520.752250645237	Q20251012161706	
157	-70261.0297419977	3854120.1878033	520.751875691325	Q20251012161706	
158	-70249.3677370185	3854130.24967605	520.751500737413	Q20251012161706	
159	-70237.7057320394	3854140.31154881	520.751125783502	Q20251012161706	
160	-70226.0437270602	3854150.37342157	520.75075082959	Q20251012161706	
161	-70214.381722081	3854160.43529432	520.750375875679	Q20251012161706	
162	-70202.7197171019	3854170.49716708	520.750000921767	Q20251012161706	
163	-70191.0577121227	3854180.55903983	520.749625967855	Q20251012161706	
164	-70179.3957071435	3854190.62091259	520.749251013944	Q20251012161706	
165	-70167.7337021644	3854200.68278535	520.748876060032	Q20251012161706	
166	-70156.0716971852	3854210.7446581	520.74850110612	Q20251012161706	
167	-70144.4096922061	3854220.80653086	520.748126152209	Q20251012161706	
168	-70132.7476872269	3854230.86840361	520.747751198297	Q20251012161706	
169	-70121.0856822478	3854240.93027637	520.747376244385	Q20251012161706	
170	-70109.4236772686	3854250.99214913	520.747001290474	Q20251012161706	
171	-70097.7616722895	3854261.05402188	520.746626336562	Q20251012161706	
172	-70086.0996673104	3854271.11589464	520.74625138265	Q20251012161706	
173	-70074.4376623313	3854281.1777674	520.745876428739	Q20251012161706	
174	-70062.7756573522	3854291.23964015	520.745501474827	Q20251012161706	
175	-70051.1136523731	3854301.30151291	520.745126520915	Q20251012161706	
176	-70039.451647394	3854311.36338566	520.744751567004	Q20251012161706	
177	-70027.789642415	3854321.42525842	520.744376613092	Q20251012161706	
178	-70016.127637436	3854331.48713118	520.744001659181	Q20251012161706	
179	-69999.2278071585	3854346.06815238	520.7434583	Q20251012161706	
180	-69997.494215592	3854361.3729981	520.74226166956	Q20251012161706	
181	-69995.7606240255	3854376.67784382	520.741065039121	Q20251012161706	
182	-69994.0270324589	3854391.98268954	520.739868408681	Q20251012161706	
183	-69992.2934408924	3854407.28753525	520.738671778242	Q20251012161706	
184	-69990.5598493259	3854422.59238097	520.737475147802	Q20251012161706	
185	-69988.8262577594	3854437.89722669	520.736278517362	Q20251012161706	
186	-69987.0926661929	3854453.20207241	520.735081886923	Q20251012161706	
187	-69985.3590746264	3854468.50691813	520.733885256483	Q20251012161706	
188	-69983.6254830598	3854483.81176385	520.732688626044	Q20251012161706	
189	-69981.8918914933	3854499.11660957	520.731491995604	Q20251012161706	
190	-69980.1582999268	3854514.42145529	520.730295365164	Q20251012161706	
191	-69978.4247083603	3854529.72630101	520.729098734725	Q20251012161706	
192	-69976.6911167938	3854545.03114673	520.727902104285	Q20251012161706	
193	-69974.9575252272	3854560.33599245	520.726705473846	Q20251012161706	
194	-69973.2239336607	3854575.64083816	520.725508843406	Q20251012161706	
195	-69971.4903420942	3854590.94568388	520.724312212966	Q20251012161706	
196	-69969.7567505277	3854606.2505296	520.723115582527	Q20251012161706	
197	-69968.0231589612	3854621.55537532	520.721918952087	Q20251012161706	
198	-69966.2895673947	3854636.86022104	520.720722321647	Q20251012161706	
199	-69964.5559758281	3854652.16506676	520.719525691208	Q20251012161706	
200	-69962.8223842616	3854667.46991248	520.718329060768	Q20251012161706	
201	-69961.0887926951	3854682.7747582	520.717132430329	Q20251012161706	
202	-69959.3552011286	3854698.07960392	520.715935799889	Q20251012161706	
203	-69957.621609562	3854713.38444964	520.714739169449	Q20251012161706	
204	-69955.8880179955	3854728.68929536	520.71354253901	Q20251012161706	
205	-69954.154426429	3854743.99414108	520.71234590857	Q20251012161706	
206	-69952.4208348624	3854759.29898679	520.711149278131	Q20251012161706	
207	-69950.6872432959	3854774.60383251	520.709952647691	Q20251012161706	
208	-69948.9536517294	3854789.90867823	520.708756017251	Q20251012161706	
209	-69947.2200601628	3854805.21352395	520.707559386812	Q20251012161706	
210	-69945.4864685963	3854820.51836967	520.706362756372	Q20251012161706	
211	-69943.7528770298	3854835.82321539	520.705166125933	Q20251012161706	
212	-69942.0192854632	3854851.12806111	520.703969495493	Q20251012161706	
213	-69940.2856938967	3854866.43290683	520.702772865053	Q20251012161706	
214	-69938.5521023302	3854881.73775255	520.701576234614	Q20251012161706	
215	-69936.8185107637	3854897.04259827	520.700379604174	Q20251012161706	
216	-69935.0849191971	3854912.34744399	520.699182973735	Q20251012161706	
217	-69933.3513276306	3854927.6522897	520.697986343295	Q20251012161706	
218	-69931.6177360641	3854942.95713542	520.696789712855	Q20251012161706	
219	-69929.8841444975	3854958.26198114	520.695593082416	Q20251012161706	
220	-69928.150552931	3854973.56682686	520.694396451976	Q20251012161706	
221	-69926.4169613645	3854988.87167258	520.693199821537	Q20251012161706	
222	-69924.683369798	3855004.1765183	520.692003191097	Q20251012161706	
223	-69922.9497782314	3855019.48136402	520.690806560657	Q20251012161706	
224	-69921.2161866649	3855034.78620974	520.689609930218	Q20251012161706	
225	-69919.4825950984	3855050.09105546	520.688413299778	Q20251012161706	
226	-69917.7490035318	3855065.39590118	520.687216669338	Q20251012161706	
227	-69916.0154119653	3855080.7007469	520.686020038899	Q20251012161706	
228	-69914.2818203988	3855096.00559262	520.684823408459	Q20251012161706	
229	-69912.5482288323	3855111.31043833	520.683626778019	Q20251012161706	
230	-69910.8146372657	3855126.61528405	520.682430147579	Q20251012161706	
231	-69909.0810456992	3855141.92012977	520.68123351714	Q20251012161706	
232	-69907.3474541327	3855157.22497549	520.6800368867	Q20251012161706	
233	-69905.6138625661	3855172.52982121	520.678840256261	Q20251012161706	
234	-69903.8802709996	3855187.83466693	520.677643625821	Q20251012161706	
235	-69902.1466794331	3855203.13951265	520.676446995381	Q20251012161706	
236	-69900.4130878665	3855218.44435837	520.675250364941	Q20251012161706	
237	-69898.6794963	3855233.74920409	520.674053734502	Q20251012161706	
238	-69896.9459047335	3855249.05404981	520.672857104062	Q20251012161706	
239	-69895.212313167	3855264.35889553	520.671660473623	Q20251012161706	
240	-69893.4787216004	3855279.66374124	520.670463843183	Q20251012161706	
241	-69891.7451300339	3855294.96858696	520.669267212743	Q20251012161706	
242	-69890.7343343134	3855303.89229936	520.6685695	Q20251012161706	
243	-69878.6410793546	3855313.43152512	520.668455560766	Q20251012161706	
244	-69866.5478243957	3855322.97075088	520.668341621532	Q20251012161706	
245	-69854.4545694369	3855332.50997665	520.668227682299	Q20251012161706	
246	-69842.361314478	3855342.04920241	520.668113743065	Q20251012161706	
247	-69830.2680595192	3855351.58842817	520.667999803831	Q20251012161706	
248	-69818.1748045603	3855361.12765393	520.667885864597	Q20251012161706	
249	-69806.0815496015	3855370.66687969	520.667771925364	Q20251012161706	
250	-69793.9882946427	3855380.20610545	520.66765798613	Q20251012161706	
251	-69781.8950396838	3855389.74533121	520.667544046896	Q20251012161706	
252	-69769.801784725	3855399.28455698	520.667430107662	Q20251012161706	
253	-69757.7085297661	3855408.82378274	520.667316168429	Q20251012161706	
254	-69745.6152748072	3855418.3630085	520.667202229195	Q20251012161706	
255	-69733.5220198484	3855427.90223426	520.667088289961	Q20251012161706	
256	-69721.4287648895	3855437.44146002	520.666974350727	Q20251012161706	
257	-69709.3355099307	3855446.98068578	520.666860411494	Q20251012161706	
258	-69697.2422549718	3855456.51991154	520.66674647226	Q20251012161706	
259	-69685.1490000129	3855466.0591373	520.666632533026	Q20251012161706	
260	-69673.0557450541	3855475.59836307	520.666518593792	Q20251012161706	
261	-69660.9624900952	3855485.13758883	520.666404654559	Q20251012161706	
262	-69648.8692351363	3855494.67681459	520.666290715325	Q20251012161706	
263	-69636.7759801775	3855504.21604035	520.666176776091	Q20251012161706	
264	-69624.6827252186	3855513.75526611	520.666062836857	Q20251012161706	
265	-69612.5894702598	3855523.29449187	520.665948897624	Q20251012161706	
266	-69600.4962153009	3855532.83371763	520.66583495839	Q20251012161706	
267	-69588.402960342	3855542.37294339	520.665721019156	Q20251012161706	
268	-69576.3097053832	3855551.91216916	520.665607079922	Q20251012161706	
269	-69564.2164504243	3855561.45139492	520.665493140689	Q20251012161706	
270	-69552.1231954655	3855570.99062068	520.665379201455	Q20251012161706	
271	-69540.0299405066	3855580.52984644	520.665265262221	Q20251012161706	
272	-69527.9366855477	3855590.0690722	520.665151322987	Q20251012161706	
273	-69515.8434305888	3855599.60829796	520.665037383754	Q20251012161706	
274	-69503.75017563	3855609.14752372	520.66492344452	Q20251012161706	
275	-69491.6569206711	3855618.68674949	520.664809505286	Q20251012161706	
276	-69479.5636657122	3855628.22597525	520.664695566052	Q20251012161706	
277	-69467.4704107533	3855637.76520101	520.664581626819	Q20251012161706	
278	-69455.3771557945	3855647.30442677	520.664467687585	Q20251012161706	
279	-69443.2839008356	3855656.84365253	520.664353748351	Q20251012161706	
280	-69431.1906458767	3855666.38287829	520.664239809117	Q20251012161706	
281	-69419.0973909178	3855675.92210405	520.664125869883	Q20251012161706	
282	-69407.004135959	3855685.46132981	520.66401193065	Q20251012161706	
283	-69394.9108810001	3855695.00055558	520.663897991416	Q20251012161706	
284	-69382.8176260412	3855704.53978134	520.663784052182	Q20251012161706	
285	-69370.7243710823	3855714.0790071	520.663670112948	Q20251012161706	
286	-69358.6311161234	3855723.61823286	520.663556173715	Q20251012161706	
287	-69346.5378611645	3855733.15745862	520.663442234481	Q20251012161706	
288	-69334.4446062056	3855742.69668438	520.663328295247	Q20251012161706	
289	-69322.3513512467	3855752.23591014	520.663214356013	Q20251012161706	
290	-69310.2580962878	3855761.77513591	520.66310041678	Q20251012161706	
291	-69298.164841329	3855771.31436167	520.662986477546	Q20251012161706	
292	-69286.07158637	3855780.85358743	520.662872538312	Q20251012161706	
293	-69273.9783314111	3855790.39281319	520.662758599078	Q20251012161706	
294	-69261.8850764522	3855799.93203895	520.662644659845	Q20251012161706	
295	-69249.7918214933	3855809.47126471	520.662530720611	Q20251012161706	
296	-69237.6985665344	3855819.01049047	520.662416781377	Q20251012161706	
297	-69225.6053115755	3855828.54971623	520.662302842143	Q20251012161706	
298	-69213.5120566166	3855838.088942	520.66218890291	Q20251012161706	
299	-69201.4188016577	3855847.62816776	520.662074963676	Q20251012161706	
300	-69189.3255466987	3855857.16739352	520.661961024442	Q20251012161706	
301	-69177.2322917398	3855866.70661928	520.661847085208	Q20251012161706	
302	-69165.1390367809	3855876.24584504	520.661733145975	Q20251012161706	
303	-69153.0457818219	3855885.7850708	520.661619206741	Q20251012161706	
304	-69140.952526863	3855895.32429656	520.661505267507	Q20251012161706	
305	-69128.8592719041	3855904.86352232	520.661391328273	Q20251012161706	
306	-69116.7660169451	3855914.40274809	520.66127738904	Q20251012161706	
307	-69104.6727619861	3855923.94197385	520.661163449806	Q20251012161706	
308	-69092.5795070272	3855933.48119961	520.661049510572	Q20251012161706	
309	-69080.4862520682	3855943.02042537	520.660935571338	Q20251012161706	
310	-69068.3929971092	3855952.55965113	520.660821632105	Q20251012161706	
311	-69056.2997421503	3855962.09887689	520.660707692871	Q20251012161706	
312	-69044.2064871913	3855971.63810265	520.660593753637	Q20251012161706	
313	-69032.1132322323	3855981.17732841	520.660479814403	Q20251012161706	
314	-69020.0199772734	3855990.71655418	520.660365875169	Q20251012161706	
315	-69007.9267223144	3856000.25577994	520.660251935935	Q20251012161706	
316	-68995.8334673554	3856009.7950057	520.660137996702	Q20251012161706	
317	-68983.7402123964	3856019.33423146	520.660024057468	Q20251012161706	
318	-68971.6469574375	3856028.87345722	520.659910118234	Q20251012161706	
319	-68959.5537024785	3856038.41268298	520.659796179	Q20251012161706	
320	-68947.4604475195	3856047.95190874	520.659682239766	Q20251012161706	
321	-68935.3671925605	3856057.4911345	520.659568300533	Q20251012161706	
322	-68927.1327299517	3856063.98652372	520.659490717751	Q20251012161706	
323	-68914.5018248409	3856072.80150413	520.659349430669	Q20251012161706	
324	-68901.8709197302	3856081.61648455	520.659208143587	Q20251012161706	
325	-68889.2400146194	3856090.43146496	520.659066856505	Q20251012161706	
326	-68876.6091095087	3856099.24644538	520.658925569422	Q20251012161706	
327	-68863.9782043979	3856108.06142579	520.65878428234	Q20251012161706	
328	-68851.3472992872	3856116.8764062	520.658642995258	Q20251012161706	
329	-68838.7163941764	3856125.69138662	520.658501708176	Q20251012161706	
330	-68826.0854890656	3856134.50636703	520.658360421094	Q20251012161706	
331	-68813.4545839549	3856143.32134745	520.658219134012	Q20251012161706	
332	-68800.8236788441	3856152.13632786	520.65807784693	Q20251012161706	
333	-68788.1927737333	3856160.95130828	520.657936559848	Q20251012161706	
334	-68775.5618686226	3856169.76628869	520.657795272766	Q20251012161706	
335	-68762.9309635118	3856178.5812691	520.657653985684	Q20251012161706	
336	-68750.300058401	3856187.39624952	520.657512698601	Q20251012161706	
337	-68737.6691532902	3856196.21122993	520.657371411519	Q20251012161706	
338	-68725.0382481795	3856205.02621035	520.657230124437	Q20251012161706	
339	-68712.4073430687	3856213.84119076	520.657088837355	Q20251012161706	
340	-68699.7764379579	3856222.65617117	520.656947550273	Q20251012161706	
341	-68687.1455328472	3856231.47115159	520.656806263191	Q20251012161706	
342	-68674.5146277364	3856240.286132	520.656664976109	Q20251012161706	
343	-68661.8837226256	3856249.10111242	520.656523689027	Q20251012161706	
344	-68649.2528175149	3856257.91609283	520.656382401945	Q20251012161706	
345	-68636.6219124041	3856266.73107324	520.656241114863	Q20251012161706	
346	-68623.9910072933	3856275.54605366	520.65609982778	Q20251012161706	
347	-68611.3601021826	3856284.36103407	520.655958540698	Q20251012161706	
348	-68598.7291970718	3856293.17601449	520.655817253616	Q20251012161706	
349	-68586.098291961	3856301.9909949	520.655675966534	Q20251012161706	
350	-68573.4673868503	3856310.80597531	520.655534679452	Q20251012161706	
351	-68560.8364817395	3856319.62095573	520.65539339237	Q20251012161706	
352	-68548.2055766287	3856328.43593614	520.655252105288	Q20251012161706	
353	-68535.574671518	3856337.25091656	520.655110818206	Q20251012161706	
354	-68522.9437664072	3856346.06589697	520.654969531124	Q20251012161706	
355	-68510.3128612964	3856354.88087738	520.654828244041	Q20251012161706	
356	-68497.6819561857	3856363.6958578	520.654686956959	Q20251012161706	
357	-68485.0510510749	3856372.51083821	520.654545669877	Q20251012161706	
358	-68472.4201459641	3856381.32581863	520.654404382795	Q20251012161706	
359	-68459.7892408534	3856390.14079904	520.654263095713	Q20251012161706	
360	-68447.1583357426	3856398.95577945	520.654121808631	Q20251012161706	
361	-68434.5274306318	3856407.77075987	520.653980521549	Q20251012161706	
362	-68421.8965255211	3856416.58574028	520.653839234467	Q20251012161706	
363	-68409.2656204103	3856425.4007207	520.653697947385	Q20251012161706	
364	-68396.6347152995	3856434.21570111	520.653556660303	Q20251012161706	
365	-68384.0038101888	3856443.03068152	520.65341537322	Q20251012161706	
366	-68371.372905078	3856451.84566194	520.653274086138	Q20251012161706	
367	-68358.7419999672	3856460.66064235	520.653132799056	Q20251012161706	
368	-68346.1110948565	3856469.47562277	520.652991511974	Q20251012161706	
369	-68333.4801897457	3856478.29060318	520.652850224892	Q20251012161706	
370	-68320.8492846349	3856487.10558359	520.65270893781	Q20251012161706	
371	-68308.2183795241	3856495.92056401	520.652567650728	Q20251012161706	
372	-68295.5874744134	3856504.73554442	520.652426363646	Q20251012161706	
373	-68282.9565693026	3856513.55052484	520.652285076564	Q20251012161706	
374	-68270.3256641918	3856522.36550525	520.652143789482	Q20251012161706	
375	-68257.694759081	3856531.18048566	520.6520025024	Q20251012161706	
376	-68245.0638539703	3856539.99546608	520.651861215318	Q20251012161706	
377	-68232.4329488595	3856548.81044649	520.651719928236	Q20251012161706	
378	-68219.8020437487	3856557.62542691	520.651578641154	Q20251012161706	
379	-68207.1711386379	3856566.44040732	520.651437354072	Q20251012161706	
380	-68194.5402335272	3856575.25538773	520.65129606699	Q20251012161706	
381	-68181.9093284164	3856584.07036815	520.651154779908	Q20251012161706	
382	-68169.2784233056	3856592.88534856	520.651013492826	Q20251012161706	
383	-68156.6475181948	3856601.70032898	520.650872205744	Q20251012161706	
384	-68144.0166130841	3856610.51530939	520.650730918662	Q20251012161706	
385	-68131.3857079733	3856619.3302898	520.65058963158	Q20251012161706	
386	-68118.7548028625	3856628.14527022	520.650448344497	Q20251012161706	
387	-68106.1238977518	3856636.96025063	520.650307057415	Q20251012161706	
388	-68093.492992641	3856645.77523105	520.650165770333	Q20251012161706	
389	-68080.8620875302	3856654.59021146	520.650024483251	Q20251012161706	
390	-68065.0221055412	3856665.64477404	520.6498473	Q20251012161706	
391	-68052.0705016338	3856673.98141537	520.64649372375	Q20251012161706	
392	-68039.1188977265	3856682.31805669	520.643140147499	Q20251012161706	
393	-68026.1672938191	3856690.65469802	520.639786571249	Q20251012161706	
394	-68013.2156899118	3856698.99133935	520.636432994998	Q20251012161706	
395	-68000.2640860044	3856707.32798067	520.633079418748	Q20251012161706	
396	-67987.3124820971	3856715.664622	520.629725842497	Q20251012161706	
397	-67974.3608781897	3856724.00126333	520.626372266247	Q20251012161706	
398	-67961.4092742824	3856732.33790466	520.623018689997	Q20251012161706	
399	-67948.4576703751	3856740.67454598	520.619665113746	Q20251012161706	
400	-67935.5060664677	3856749.01118731	520.616311537496	Q20251012161706	
401	-67922.5544625604	3856757.34782864	520.612957961246	Q20251012161706	
402	-67909.602858653	3856765.68446996	520.609604384995	Q20251012161706	
403	-67896.6512547457	3856774.02111129	520.606250808745	Q20251012161706	
404	-67883.6996508383	3856782.35775262	520.602897232494	Q20251012161706	
405	-67870.748046931	3856790.69439394	520.599543656244	Q20251012161706	
406	-67857.7964430237	3856799.03103527	520.596190079994	Q20251012161706	
407	-67844.8448391163	3856807.3676766	520.592836503743	Q20251012161706	
408	-67831.893235209	3856815.70431793	520.589482927493	Q20251012161706	
409	-67818.9416313017	3856824.04095925	520.586129351243	Q20251012161706	
410	-67805.9900273943	3856832.37760058	520.582775774992	Q20251012161706	
411	-67793.038423487	3856840.71424191	520.579422198742	Q20251012161706	
412	-67780.0868195797	3856849.05088323	520.576068622492	Q20251012161706	
413	-67767.1352156723	3856857.38752456	520.572715046241	Q20251012161706	
414	-67754.183611765	3856865.72416589	520.569361469991	Q20251012161706	
415	-67741.2320078577	3856874.06080721	520.56600789374	Q20251012161706	
416	-67728.2804039503	3856882.39744854	520.56265431749	Q20251012161706	
417	-67715.328800043	3856890.73408987	520.55930074124	Q20251012161706	
418	-67702.3771961357	3856899.0707312	520.555947164989	Q20251012161706	
419	-67689.4255922283	3856907.40737252	520.552593588739	Q20251012161706	
420	-67676.473988321	3856915.74401385	520.549240012489	Q20251012161706	
421	-67663.5223844137	3856924.08065518	520.545886436238	Q20251012161706	
422	-67650.5707805064	3856932.4172965	520.542532859988	Q20251012161706	
423	-67637.6191765991	3856940.75393783	520.539179283737	Q20251012161706	
424	-67624.6675726917	3856949.09057916	520.535825707487	Q20251012161706	
425	-67611.7159687844	3856957.42722048	520.532472131237	Q20251012161706	
426	-67598.7643648771	3856965.76386181	520.529118554986	Q20251012161706	
427	-67585.8127609698	3856974.10050314	520.525764978736	Q20251012161706	
428	-67572.8611570624	3856982.43714447	520.522411402486	Q20251012161706	
429	-67559.9095531551	3856990.77378579	520.519057826235	Q20251012161706	
430	-67546.9579492478	3856999.11042712	520.515704249985	Q20251012161706	
431	-67534.0063453405	3857007.44706845	520.512350673734	Q20251012161706	
432	-67521.0547414332	3857015.78370977	520.508997097484	Q20251012161706	
433	-67508.1031375259	3857024.1203511	520.505643521234	Q20251012161706	
434	-67495.1515336186	3857032.45699243	520.502289944983	Q20251012161706	
435	-67482.1999297113	3857040.79363375	520.498936368733	Q20251012161706	
436	-67469.248325804	3857049.13027508	520.495582792483	Q20251012161706	
437	-67456.2967218967	3857057.46691641	520.492229216232	Q20251012161706	
438	-67443.3451179894	3857065.80355774	520.488875639982	Q20251012161706	
439	-67430.3935140821	3857074.14019906	520.485522063731	Q20251012161706	
440	-67417.4419101748	3857082.47684039	520.482168487481	Q20251012161706	
441	-67404.4903062675	3857090.81348172	520.478814911231	Q20251012161706	
442	-67391.5387023602	3857099.15012304	520.47546133498	Q20251012161706	
443	-67378.5870984529	3857107.48676437	520.47210775873	Q20251012161706	
444	-67365.6354945456	3857115.8234057	520.46875418248	Q20251012161706	
445	-67352.6838906383	3857124.16004703	520.465400606229	Q20251012161706	
446	-67339.7322867311	3857132.49668835	520.462047029979	Q20251012161706	
447	-67326.7806828238	3857140.83332968	520.458693453729	Q20251012161706	
448	-67313.8290789165	3857149.16997101	520.455339877478	Q20251012161706	
449	-67300.8774750092	3857157.50661233	520.451986301228	Q20251012161706	
450	-67287.925871102	3857165.84325366	520.448632724977	Q20251012161706	
451	-67274.9742671947	3857174.17989499	520.445279148727	Q20251012161706	
452	-67262.0226632874	3857182.51653632	520.441925572477	Q20251012161706	
453	-67249.0710593801	3857190.85317764	520.438571996226	Q20251012161706	
454	-67236.1194554729	3857199.18981897	520.435218419976	Q20251012161706	
455	-67223.1678515656	3857207.5264603	520.431864843726	Q20251012161706	
456	-67210.2162476583	3857215.86310162	520.428511267475	Q20251012161706	
457	-67197.264643751	3857224.19974295	520.425157691225	Q20251012161706	
458	-67184.3130398438	3857232.53638428	520.421804114974	Q20251012161706	
459	-67171.3614359365	3857240.87302561	520.418450538724	Q20251012161706	
460	-67158.4098320292	3857249.20966693	520.415096962474	Q20251012161706	
461	-67145.4582281219	3857257.54630826	520.411743386223	Q20251012161706	
462	-67132.5066242147	3857265.88294959	520.408389809973	Q20251012161706	
463	-67119.5550203074	3857274.21959091	520.405036233722	Q20251012161706	
464	-67106.6034164001	3857282.55623224	520.401682657472	Q20251012161706	
465	-67093.6518124929	3857290.89287357	520.398329081222	Q20251012161706	
466	-67080.7002085856	3857299.2295149	520.394975504971	Q20251012161706	
467	-67067.7486046783	3857307.56615622	520.391621928721	Q20251012161706	
468	-67054.797000771	3857315.90279755	520.38826835247	Q20251012161706	
469	-67041.8453968638	3857324.23943888	520.38491477622	Q20251012161706	
470	-67028.8937929565	3857332.57608021	520.38156119997	Q20251012161706	
471	-67015.9421890492	3857340.91272153	520.378207623719	Q20251012161706	
472	-67002.990585142	3857349.24936286	520.374854047469	Q20251012161706	
473	-66990.0389812347	3857357.58600419	520.371500471219	Q20251012161706	
474	-66977.0873773274	3857365.92264551	520.368146894968	Q20251012161706	
475	-66964.1357734202	3857374.25928684	520.364793318718	Q20251012161706	
476	-66951.1841695129	3857382.59592817	520.361439742467	Q20251012161706	
477	-66938.2325656056	3857390.9325695	520.358086166217	Q20251012161706	
478	-66925.2809616983	3857399.26921082	520.354732589966	Q20251012161706	
479	-66912.3293577911	3857407.60585215	520.351379013716	Q20251012161706	
480	-66899.3656369048	3857415.95029289	520.3480223	Q20251012161706	
481	-66897.7962682456	3857431.27284899	520.347651814778	Q20251012161706	
482	-66896.2268995864	3857446.5954051	520.347281329556	Q20251012161706	
483	-66894.6575309272	3857461.9179612	520.346910844333	Q20251012161706	
484	-66893.0881622679	3857477.2405173	520.346540359111	Q20251012161706	
485	-66891.5187936087	3857492.5630734	520.346169873889	Q20251012161706	
486	-66889.9494249495	3857507.8856295	520.345799388667	Q20251012161706	
487	-66888.3800562903	3857523.20818561	520.345428903444	Q20251012161706	
488	-66886.8106876311	3857538.53074171	520.345058418222	Q20251012161706	
489	-66885.2413189719	3857553.85329781	520.344687933	Q20251012161706	
490	-66883.6719503127	3857569.17585391	520.344317447778	Q20251012161706	
491	-66882.1025816535	3857584.49841001	520.343946962556	Q20251012161706	
492	-66880.5332129942	3857599.82096612	520.343576477333	Q20251012161706	
493	-66878.963844335	3857615.14352222	520.343205992111	Q20251012161706	
494	-66877.3944756758	3857630.46607832	520.342835506889	Q20251012161706	
495	-66875.8251070166	3857645.78863442	520.342465021667	Q20251012161706	
496	-66874.2557383574	3857661.11119053	520.342094536445	Q20251012161706	
497	-66872.6863696982	3857676.43374663	520.341724051222	Q20251012161706	
498	-66871.117001039	3857691.75630273	520.341353566	Q20251012161706	
499	-66869.5476323797	3857707.07885883	520.340983080778	Q20251012161706	
500	-66867.9782637205	3857722.40141493	520.340612595556	Q20251012161706	
501	-66866.4088950613	3857737.72397104	520.340242110334	Q20251012161706	
502	-66864.8395264021	3857753.04652714	520.339871625112	Q20251012161706	
503	-66863.2701577429	3857768.36908324	520.339501139889	Q20251012161706	
504	-66861.7007890837	3857783.69163934	520.339130654667	Q20251012161706	
505	-66860.1314204245	3857799.01419545	520.338760169445	Q20251012161706	
506	-66858.5620517653	3857814.33675155	520.338389684223	Q20251012161706	
507	-66856.992683106	3857829.65930765	520.338019199001	Q20251012161706	
508	-66855.4233144468	3857844.98186375	520.337648713779	Q20251012161706	
509	-66853.8539457876	3857860.30441985	520.337278228556	Q20251012161706	
510	-66852.2845771284	3857875.62697596	520.336907743334	Q20251012161706	
511	-66850.7152084692	3857890.94953206	520.336537258112	Q20251012161706	
512	-66849.14583981	3857906.27208816	520.33616677289	Q20251012161706	
513	-66847.5764711508	3857921.59464426	520.335796287668	Q20251012161706	
514	-66846.0071024916	3857936.91720037	520.335425802446	Q20251012161706	
515	-66844.4377338324	3857952.23975647	520.335055317223	Q20251012161706	
516	-66842.8683651732	3857967.56231257	520.334684832001	Q20251012161706	
517	-66841.298996514	3857982.88486867	520.334314346779	Q20251012161706	
518	-66839.7296278548	3857998.20742477	520.333943861557	Q20251012161706	
519	-66838.1602591956	3858013.52998088	520.333573376335	Q20251012161706	
520	-66836.5908905364	3858028.85253698	520.333202891113	Q20251012161706	
521	-66835.0215218772	3858044.17509308	520.332832405891	Q20251012161706	
522	-66833.452153218	3858059.49764918	520.332461920668	Q20251012161706	
523	-66831.8827845588	3858074.82020528	520.332091435446	Q20251012161706	
524	-66830.3134158996	3858090.14276139	520.331720950224	Q20251012161706	
525	-66828.7440472404	3858105.46531749	520.331350465002	Q20251012161706	
526	-66827.1746785812	3858120.78787359	520.33097997978	Q20251012161706	
527	-66825.605309922	3858136.11042969	520.330609494558	Q20251012161706	
528	-66824.0359412629	3858151.4329858	520.330239009335	Q20251012161706	
529	-66822.4665726037	3858166.7555419	520.329868524113	Q20251012161706	
530	-66820.8972039445	3858182.078098	520.329498038891	Q20251012161706	
531	-66819.3278352853	3858197.4006541	520.329127553669	Q20251012161706	
532	-66817.7584666261	3858212.7232102	520.328757068447	Q20251012161706	
533	-66816.189097967	3858228.04576631	520.328386583225	Q20251012161706	
534	-66814.6197293078	3858243.36832241	520.328016098003	Q20251012161706	
535	-66813.0503606486	3858258.69087851	520.32764561278	Q20251012161706	
536	-66811.4809919895	3858274.01343461	520.327275127558	Q20251012161706	
537	-66810.1452701915	3858287.05477584	520.3269598	Q20251012161706	
538	-66825.4457523389	3858288.82645996	520.32195277153	Q20251012161706	
539	-66840.7462344864	3858290.59814408	520.31694574306	Q20251012161706	
540	-66856.0467166338	3858292.3698282	520.311938714589	Q20251012161706	
541	-66871.3471987813	3858294.14151232	520.306931686119	Q20251012161706	
542	-66886.6476809287	3858295.91319644	520.301924657649	Q20251012161706	
543	-66901.9481630762	3858297.68488056	520.296917629179	Q20251012161706	
544	-66917.2486452236	3858299.45656468	520.291910600708	Q20251012161706	
545	-66932.5491273711	3858301.2282488	520.286903572238	Q20251012161706	
546	-66947.8496095185	3858302.99993292	520.281896543768	Q20251012161706	
547	-66963.1500916659	3858304.77161704	520.276889515298	Q20251012161706	
548	-66978.4505738134	3858306.54330116	520.271882486828	Q20251012161706	
549	-66993.7510559608	3858308.31498528	520.266875458357	Q20251012161706	
550	-67009.0515381083	3858310.0866694	520.261868429887	Q20251012161706	
551	-67024.3520202557	3858311.85835352	520.256861401417	Q20251012161706	
552	-67039.6525024032	3858313.63003764	520.251854372947	Q20251012161706	
553	-67054.9529845506	3858315.40172176	520.246847344476	Q20251012161706	
554	-67070.2534666981	3858317.17340588	520.241840316006	Q20251012161706	
555	-67085.5539488455	3858318.94509	520.236833287536	Q20251012161706	
556	-67100.854430993	3858320.71677412	520.231826259066	Q20251012161706	
557	-67116.1549131404	3858322.48845824	520.226819230595	Q20251012161706	
558	-67131.4553952878	3858324.26014236	520.221812202125	Q20251012161706	
559	-67146.7558774353	3858326.03182648	520.216805173655	Q20251012161706	
560	-67162.0563595827	3858327.8035106	520.211798145185	Q20251012161706	
561	-67177.3568417302	3858329.57519472	520.206791116715	Q20251012161706	
562	-67192.6573238776	3858331.34687884	520.201784088244	Q20251012161706	
563	-67207.9578060251	3858333.11856296	520.196777059774	Q20251012161706	
564	-67223.2582881725	3858334.89024708	520.191770031304	Q20251012161706	
565	-67238.55877032	3858336.6619312	520.186763002834	Q20251012161706	
566	-67253.8592524674	3858338.43361532	520.181755974363	Q20251012161706	
567	-67269.1597346149	3858340.20529944	520.176748945893	Q20251012161706	
568	-67284.4602167623	3858341.97698356	520.171741917423	Q20251012161706	
569	-67299.7606989098	3858343.74866768	520.166734888953	Q20251012161706	
570	-67315.0611810572	3858345.5203518	520.161727860482	Q20251012161706	
571	-67330.3616632046	3858347.29203592	520.156720832012	Q20251012161706	
572	-67345.6621453521	3858349.06372004	520.151713803542	Q20251012161706	
573	-67360.9626274995	3858350.83540416	520.146706775072	Q20251012161706	
574	-67376.263109647	3858352.60708828	520.141699746601	Q20251012161706	
575	-67391.5635917944	3858354.3787724	520.136692718131	Q20251012161706	
576	-67406.8640739419	3858356.15045652	520.131685689661	Q20251012161706	
577	-67422.1645560893	3858357.92214064	520.126678661191	Q20251012161706	
578	-67437.4650382368	3858359.69382476	520.121671632721	Q20251012161706	
579	-67452.7655203842	3858361.46550888	520.11666460425	Q20251012161706	
580	-67468.0660025317	3858363.237193	520.11165757578	Q20251012161706	
581	-67483.3664846791	3858365.00887712	520.10665054731	Q20251012161706	
582	-67498.6669668266	3858366.78056124	520.10164351884	Q20251012161706	
583	-67513.967448974	3858368.55224536	520.096636490369	Q20251012161706	
584	-67529.2679311214	3858370.32392948	520.091629461899	Q20251012161706	
585	-67544.5684132689	3858372.0956136	520.086622433429	Q20251012161706	
586	-67559.8688954163	3858373.86729772	520.081615404959	Q20251012161706	
587	-67575.1693775638	3858375.63898184	520.076608376488	Q20251012161706	
588	-67590.4698597112	3858377.41066596	520.071601348018	Q20251012161706	
589	-67605.7703418587	3858379.18235008	520.066594319548	Q20251012161706	
590	-67621.0708240061	3858380.9540342	520.061587291078	Q20251012161706	
591	-67636.3713061536	3858382.72571833	520.056580262608	Q20251012161706	
592	-67651.671788301	3858384.49740244	520.051573234137	Q20251012161706	
593	-67666.9722704485	3858386.26908657	520.046566205667	Q20251012161706	
594	-67682.2727525959	3858388.04077069	520.041559177197	Q20251012161706	
595	-67697.5732347434	3858389.81245481	520.036552148727	Q20251012161706	
596	-67712.8737168908	3858391.58413893	520.031545120256	Q20251012161706	
597	-67728.1741990382	3858393.35582305	520.026538091786	Q20251012161706	
598	-67743.4746811857	3858395.12750717	520.021531063316	Q20251012161706	
599	-67758.7751633331	3858396.89919129	520.016524034846	Q20251012161706	
600	-67774.0756454806	3858398.67087541	520.011517006375	Q20251012161706	
601	-67789.376127628	3858400.44255953	520.006509977905	Q20251012161706	
602	-67804.6766097755	3858402.21424365	520.001502949435	Q20251012161706	
603	-67819.9770919229	3858403.98592777	519.996495920965	Q20251012161706	
604	-67835.2775740704	3858405.75761189	519.991488892495	Q20251012161706	
605	-67850.5780562178	3858407.52929601	519.986481864024	Q20251012161706	
606	-67865.8785383653	3858409.30098013	519.981474835554	Q20251012161706	
607	-67881.1790205127	3858411.07266425	519.976467807084	Q20251012161706	
608	-67896.4795026602	3858412.84434837	519.971460778614	Q20251012161706	
609	-67911.7799848076	3858414.61603249	519.966453750144	Q20251012161706	
610	-67927.080466955	3858416.38771661	519.961446721673	Q20251012161706	
611	-67942.3809491025	3858418.15940073	519.956439693203	Q20251012161706	
612	-67957.6814312499	3858419.93108485	519.951432664733	Q20251012161706	
613	-67972.9819133974	3858421.70276897	519.946425636263	Q20251012161706	
614	-67988.2823955448	3858423.47445309	519.941418607793	Q20251012161706	
615	-68003.5828776923	3858425.24613721	519.936411579323	Q20251012161706	
616	-68018.8833598397	3858427.01782133	519.931404550852	Q20251012161706	
617	-68034.1838419872	3858428.78950545	519.926397522382	Q20251012161706	
618	-68049.4843241346	3858430.56118957	519.921390493912	Q20251012161706	
619	-68064.7848062821	3858432.33287369	519.916383465442	Q20251012161706	
620	-68080.0852884295	3858434.10455781	519.911376436972	Q20251012161706	
621	-68095.3857705769	3858435.87624193	519.906369408502	Q20251012161706	
622	-68110.6862527244	3858437.64792605	519.901362380031	Q20251012161706	
623	-68125.9867348718	3858439.41961017	519.896355351561	Q20251012161706	
624	-68141.2872170193	3858441.19129429	519.891348323091	Q20251012161706	
625	-68156.5876991667	3858442.96297841	519.886341294621	Q20251012161706	
626	-68171.8881813142	3858444.73466253	519.881334266151	Q20251012161706	
627	-68187.1886634616	3858446.50634665	519.87632723768	Q20251012161706	
628	-68202.4891456091	3858448.27803077	519.87132020921	Q20251012161706	
629	-68217.7896277565	3858450.04971489	519.86631318074	Q20251012161706	
630	-68233.090109904	3858451.82139901	519.86130615227	Q20251012161706	
631	-68248.3905920514	3858453.59308313	519.8562991238	Q20251012161706	
632	-68263.6910741989	3858455.36476725	519.85129209533	Q20251012161706	
633	-68278.9915563463	3858457.13645137	519.846285066859	Q20251012161706	
634	-68294.2920384937	3858458.90813549	519.841278038389	Q20251012161706	
635	-68309.5925206412	3858460.67981961	519.836271009919	Q20251012161706	
636	-68324.8930027886	3858462.45150373	519.831263981449	Q20251012161706	
637	-68340.1934849361	3858464.22318785	519.826256952979	Q20251012161706	
638	-68355.4939670835	3858465.99487197	519.821249924508	Q20251012161706	
639	-68370.794449231	3858467.76655609	519.816242896038	Q20251012161706	
640	-68386.0949313784	3858469.53824021	519.811235867568	Q20251012161706	
641	-68401.3954135259	3858471.30992433	519.806228839098	Q20251012161706	
642	-68416.6958956733	3858473.08160845	519.801221810628	Q20251012161706	
643	-68431.9963778208	3858474.85329257	519.796214782158	Q20251012161706	
644	-68447.2968599682	3858476.62497669	519.791207753688	Q20251012161706	
645	-68462.5973421157	3858478.39666081	519.786200725217	Q20251012161706	
646	-68479.6105907322	3858480.36667079	519.7806332	Q20251012161706	
647	-68494.2307746302	3858485.21371778	519.779271030785	Q20251012161706	
648	-68508.8509585282	3858490.06076478	519.77790886157	Q20251012161706	
649	-68523.4711424262	3858494.90781177	519.776546692355	Q20251012161706	
650	-68538.0913263242	3858499.75485876	519.77518452314	Q20251012161706	
651	-68552.7115102221	3858504.60190576	519.773822353925	Q20251012161706	
652	-68567.3316941201	3858509.44895275	519.772460184709	Q20251012161706	
653	-68581.9518780181	3858514.29599975	519.771098015494	Q20251012161706	
654	-68596.5720619161	3858519.14304674	519.769735846279	Q20251012161706	
655	-68611.1922458141	3858523.99009374	519.768373677064	Q20251012161706	
656	-68625.8124297121	3858528.83714073	519.767011507849	Q20251012161706	
657	-68640.43261361	3858533.68418773	519.765649338634	Q20251012161706	
658	-68655.052797508	3858538.53123472	519.764287169419	Q20251012161706	
659	-68669.672981406	3858543.37828172	519.762925000204	Q20251012161706	
660	-68684.293165304	3858548.22532871	519.761562830989	Q20251012161706	
661	-68698.9133492019	3858553.07237571	519.760200661774	Q20251012161706	
662	-68713.5335330999	3858557.9194227	519.758838492558	Q20251012161706	
663	-68728.1537169979	3858562.7664697	519.757476323343	Q20251012161706	
664	-68742.7739008959	3858567.61351669	519.756114154128	Q20251012161706	
665	-68757.3940847938	3858572.46056369	519.754751984913	Q20251012161706	
666	-68772.0142686918	3858577.30761068	519.753389815698	Q20251012161706	
667	-68786.6344525898	3858582.15465768	519.752027646483	Q20251012161706	
668	-68801.2546364878	3858587.00170467	519.750665477268	Q20251012161706	
669	-68815.8748203857	3858591.84875167	519.749303308053	Q20251012161706	
670	-68830.4950042837	3858596.69579866	519.747941138838	Q20251012161706	
671	-68845.1151881817	3858601.54284566	519.746578969623	Q20251012161706	
672	-68859.7353720797	3858606.38989265	519.745216800407	Q20251012161706	
673	-68874.3555559776	3858611.23693965	519.743854631192	Q20251012161706	
674	-68888.9757398756	3858616.08398664	519.742492461977	Q20251012161706	
675	-68903.5959237736	3858620.93103364	519.741130292762	Q20251012161706	
676	-68918.2161076716	3858625.77808063	519.739768123547	Q20251012161706	
677	-68932.8362915695	3858630.62512762	519.738405954332	Q20251012161706	
678	-68947.4564754675	3858635.47217462	519.737043785117	Q20251012161706	
679	-68962.0766593655	3858640.31922161	519.735681615902	Q20251012161706	
680	-68976.6968432635	3858645.16626861	519.734319446687	Q20251012161706	
681	-68991.3170271615	3858650.0133156	519.732957277472	Q20251012161706	
682	-69005.9372110594	3858654.8603626	519.731595108256	Q20251012161706	
683	-69020.5573949574	3858659.70740959	519.730232939041	Q20251012161706	
684	-69035.1775788554	3858664.55445659	519.728870769826	Q20251012161706	
685	-69049.7977627534	3858669.40150358	519.727508600611	Q20251012161706	
686	-69064.4179466514	3858674.24855058	519.726146431396	Q20251012161706	
687	-69079.0381305493	3858679.09559757	519.724784262181	Q20251012161706	
688	-69093.6583144473	3858683.94264457	519.723422092966	Q20251012161706	
689	-69108.2784983453	3858688.78969156	519.722059923751	Q20251012161706	
690	-69122.8986822433	3858693.63673856	519.720697754536	Q20251012161706	
691	-69137.5188661413	3858698.48378555	519.719335585321	Q20251012161706	
692	-69152.1390500393	3858703.33083255	519.717973416105	Q20251012161706	
693	-69166.7592339372	3858708.17787954	519.71661124689	Q20251012161706	
694	-69181.3794178352	3858713.02492654	519.715249077675	Q20251012161706	
695	-69195.9996017332	3858717.87197353	519.71388690846	Q20251012161706	
696	-69210.6197856312	3858722.71902053	519.712524739245	Q20251012161706	
697	-69225.2399695292	3858727.56606752	519.71116257003	Q20251012161706	
698	-69239.8601534272	3858732.41311452	519.709800400815	Q20251012161706	
699	-69258.2758709179	3858738.51849929	519.7080846	Q20251012161706	
700	-69272.8954569914	3858743.36734915	519.709377866945	Q20251012161706	
701	-69287.5150430648	3858748.21619902	519.71067113389	Q20251012161706	
702	-69302.1346291382	3858753.06504888	519.711964400835	Q20251012161706	
703	-69316.7542152116	3858757.91389874	519.713257667781	Q20251012161706	
704	-69331.373801285	3858762.76274861	519.714550934726	Q20251012161706	
705	-69345.9933873584	3858767.61159847	519.715844201671	Q20251012161706	
706	-69360.6129734319	3858772.46044834	519.717137468616	Q20251012161706	
707	-69375.2325595053	3858777.3092982	519.718430735561	Q20251012161706	
708	-69389.8521455787	3858782.15814807	519.719724002506	Q20251012161706	
709	-69404.4717316521	3858787.00699793	519.721017269451	Q20251012161706	
710	-69419.0913177255	3858791.85584779	519.722310536397	Q20251012161706	
711	-69433.7109037989	3858796.70469766	519.723603803342	Q20251012161706	
712	-69448.3304898723	3858801.55354752	519.724897070287	Q20251012161706	
713	-69462.9500759458	3858806.40239739	519.726190337232	Q20251012161706	
714	-69477.5696620192	3858811.25124725	519.727483604177	Q20251012161706	
715	-69492.1892480926	3858816.10009711	519.728776871122	Q20251012161706	
716	-69506.808834166	3858820.94894698	519.730070138067	Q20251012161706	
717	-69521.4284202394	3858825.79779684	519.731363405013	Q20251012161706	
718	-69536.0480063128	3858830.64664671	519.732656671958	Q20251012161706	
719	-69550.6675923862	3858835.49549657	519.733949938903	Q20251012161706	
720	-69565.2871784597	3858840.34434644	519.735243205848	Q20251012161706	
721	-69579.9067645331	3858845.1931963	519.736536472793	Q20251012161706	
722	-69594.5263506065	3858850.04204616	519.737829739738	Q20251012161706	
723	-69609.1459366799	3858854.89089603	519.739123006683	Q20251012161706	
724	-69623.7655227533	3858859.73974589	519.740416273629	Q20251012161706	
725	-69638.3851088267	3858864.58859576	519.741709540574	Q20251012161706	
726	-69653.0046949002	3858869.43744562	519.743002807519	Q20251012161706	
727	-69667.6242809736	3858874.28629549	519.744296074464	Q20251012161706	
728	-69682.243867047	3858879.13514535	519.745589341409	Q20251012161706	
729	-69696.8634531204	3858883.98399521	519.746882608354	Q20251012161706	
730	-69711.4830391938	3858888.83284508	519.7481758753	Q20251012161706	
731	-69726.1026252672	3858893.68169494	519.749469142245	Q20251012161706	
732	-69740.7222113406	3858898.53054481	519.75076240919	Q20251012161706	
733	-69755.3417974141	3858903.37939467	519.752055676135	Q20251012161706	
734	-69769.9613834875	3858908.22824453	519.75334894308	Q20251012161706	
735	-69784.5809695609	3858913.0770944	519.754642210026	Q20251012161706	
736	-69799.2005556343	3858917.92594426	519.755935476971	Q20251012161706	
737	-69813.8201417077	3858922.77479413	519.757228743916	Q20251012161706	
738	-69828.4397277811	3858927.62364399	519.758522010861	Q20251012161706	
739	-69843.0593138546	3858932.47249386	519.759815277806	Q20251012161706	
740	-69857.678899928	3858937.32134372	519.761108544752	Q20251012161706	
741	-69872.2984860014	3858942.17019358	519.762401811697	Q20251012161706	
742	-69886.9180720748	3858947.01904345	519.763695078642	Q20251012161706	
743	-69901.5376581482	3858951.86789331	519.764988345587	Q20251012161706	
744	-69916.1572442216	3858956.71674318	519.766281612532	Q20251012161706	
745	-69930.776830295	3858961.56559304	519.767574879478	Q20251012161706	
746	-69945.3964163684	3858966.41444291	519.768868146423	Q20251012161706	
747	-69960.0160024418	3858971.26329277	519.770161413368	Q20251012161706	
748	-69974.6355885152	3858976.11214263	519.771454680313	Q20251012161706	
749	-69989.2551745886	3858980.9609925	519.772747947258	Q20251012161706	
750	-70003.874760662	3858985.80984236	519.774041214204	Q20251012161706	
751	-70018.4943467353	3858990.65869223	519.775334481149	Q20251012161706	
752	-70033.1139328087	3858995.50754209	519.776627748094	Q20251012161706	
753	-70047.7335188821	3859000.35639195	519.777921015039	Q20251012161706	
754	-70062.3531049554	3859005.20524182	519.779214281984	Q20251012161706	
755	-70078.3930989712	3859010.52519564	519.7806332	Q20251012161706	
756	-70093.3189420196	3859014.328189	519.770913675283	Q20251012161706	
757	-70108.2447850681	3859018.13118235	519.761194150566	Q20251012161706	
758	-70123.1706281165	3859021.93417571	519.751474625849	Q20251012161706	
759	-70138.0964711649	3859025.73716906	519.741755101132	Q20251012161706	
760	-70153.0223142133	3859029.54016242	519.732035576415	Q20251012161706	
761	-70167.9481572617	3859033.34315577	519.722316051698	Q20251012161706	
762	-70182.8740003101	3859037.14614913	519.712596526981	Q20251012161706	
763	-70197.7998433585	3859040.94914248	519.702877002263	Q20251012161706	
764	-70212.725686407	3859044.75213584	519.693157477546	Q20251012161706	
765	-70227.6515294554	3859048.55512919	519.683437952829	Q20251012161706	
766	-70242.5773725038	3859052.35812255	519.673718428112	Q20251012161706	
767	-70257.5032155522	3859056.16111591	519.663998903395	Q20251012161706	
768	-70272.4290586006	3859059.96410926	519.654279378678	Q20251012161706	
769	-70287.354901649	3859063.76710262	519.644559853961	Q20251012161706	
770	-70302.2807446974	3859067.57009597	519.634840329244	Q20251012161706	
771	-70317.2065877458	3859071.37308933	519.625120804527	Q20251012161706	
772	-70332.1324307942	3859075.17608268	519.61540127981	Q20251012161706	
773	-70347.0582738426	3859078.97907604	519.605681755093	Q20251012161706	
774	-70361.984116891	3859082.78206939	519.595962230376	Q20251012161706	
775	-70376.9099599394	3859086.58506275	519.586242705659	Q20251012161706	
776	-70391.8358029877	3859090.3880561	519.576523180942	Q20251012161706	
777	-70406.7616460361	3859094.19104946	519.566803656224	Q20251012161706	
778	-70421.6874890845	3859097.99404281	519.557084131507	Q20251012161706	
779	-70436.6133321329	3859101.79703617	519.54736460679	Q20251012161706	
780	-70451.5391751813	3859105.60002952	519.537645082073	Q20251012161706	
781	-70466.4650182297	3859109.40302288	519.527925557356	Q20251012161706	
782	-70481.3908612781	3859113.20601624	519.518206032639	Q20251012161706	
783	-70496.3167043264	3859117.00900959	519.508486507922	Q20251012161706	
784	-70511.2425473748	3859120.81200295	519.498766983205	Q20251012161706	
785	-70526.1683904232	3859124.6149963	519.489047458488	Q20251012161706	
786	-70541.0942334716	3859128.41798966	519.479327933771	Q20251012161706	
787	-70556.02007652	3859132.22098301	519.469608409054	Q20251012161706	
788	-70570.9459195683	3859136.02397637	519.459888884337	Q20251012161706	
789	-70585.8717626167	3859139.82696973	519.45016935962	Q20251012161706	
790	-70600.7976056651	3859143.62996308	519.440449834903	Q20251012161706	
791	-70615.7234487135	3859147.43295644	519.430730310186	Q20251012161706	
792	-70630.6492917619	3859151.23594979	519.421010785469	Q20251012161706	
793	-70648.2716858598	3859155.72600422	519.4095353	Q20251012161706	
794	-70663.5753615568	3859157.46989418	519.408272116388	Q20251012161755	
795	-70678.8790372538	3859159.21378414	519.407008932776	Q20251012161755	
796	-70694.1827129508	3859160.95767411	519.405745749164	Q20251012161755	
797	-70709.4863886478	3859162.70156407	519.404482565553	Q20251012161755	
798	-70724.7900643447	3859164.44545403	519.403219381941	Q20251012161755	
799	-70740.0937400417	3859166.189344	519.401956198329	Q20251012161755	
800	-70755.3974157387	3859167.93323396	519.400693014717	Q20251012161755	
801	-70770.7010914357	3859169.67712392	519.399429831105	Q20251012161755	
802	-70786.0047671327	3859171.42101388	519.398166647493	Q20251012161755	
803	-70801.3084428296	3859173.16490385	519.396903463881	Q20251012161755	
804	-70816.6121185266	3859174.90879381	519.39564028027	Q20251012161755	
805	-70831.9157942236	3859176.65268377	519.394377096658	Q20251012161755	
806	-70847.2194699206	3859178.39657374	519.393113913046	Q20251012161755	
807	-70862.5231456176	3859180.1404637	519.391850729434	Q20251012161755	
808	-70877.8268213145	3859181.88435366	519.390587545822	Q20251012161755	
809	-70893.1304970115	3859183.62824362	519.38932436221	Q20251012161755	
810	-70908.4341727085	3859185.37213359	519.388061178598	Q20251012161755	
811	-70923.7378484055	3859187.11602355	519.386797994987	Q20251012161755	
812	-70939.0415241025	3859188.85991351	519.385534811375	Q20251012161755	
813	-70954.3451997995	3859190.60380347	519.384271627763	Q20251012161755	
814	-70969.6488754964	3859192.34769344	519.383008444151	Q20251012161755	
815	-70984.9525511934	3859194.0915834	519.381745260539	Q20251012161755	
816	-71000.2562268904	3859195.83547336	519.380482076927	Q20251012161755	
817	-71015.5599025874	3859197.57936333	519.379218893316	Q20251012161755	
818	-71030.8635782844	3859199.32325329	519.377955709704	Q20251012161755	
819	-71046.1672539813	3859201.06714325	519.376692526092	Q20251012161755	
820	-71061.4709296783	3859202.81103321	519.37542934248	Q20251012161755	
821	-71076.7746053753	3859204.55492318	519.374166158868	Q20251012161755	
822	-71092.0782810723	3859206.29881314	519.372902975256	Q20251012161755	
823	-71107.3819567693	3859208.0427031	519.371639791644	Q20251012161755	
824	-71122.6856324663	3859209.78659307	519.370376608033	Q20251012161755	
825	-71137.9893081632	3859211.53048303	519.369113424421	Q20251012161755	
826	-71153.2929838602	3859213.27437299	519.367850240809	Q20251012161755	
827	-71168.5966595572	3859215.01826295	519.366587057197	Q20251012161755	
828	-71183.9003352542	3859216.76215292	519.365323873585	Q20251012161755	
829	-71199.2040109512	3859218.50604288	519.364060689973	Q20251012161755	
830	-71214.5076866481	3859220.24993284	519.362797506361	Q20251012161755	
831	-71229.8113623451	3859221.99382281	519.36153432275	Q20251012161755	
832	-71245.1150380421	3859223.73771277	519.360271139138	Q20251012161755	
833	-71260.4187137391	3859225.48160273	519.359007955526	Q20251012161755	
834	-71275.7223894361	3859227.22549269	519.357744771914	Q20251012161755	
835	-71291.026065133	3859228.96938266	519.356481588302	Q20251012161755	
836	-71306.32974083	3859230.71327262	519.355218404691	Q20251012161755	
837	-71321.633416527	3859232.45716258	519.353955221079	Q20251012161755	
838	-71336.937092224	3859234.20105254	519.352692037467	Q20251012161755	
839	-71352.240767921	3859235.94494251	519.351428853855	Q20251012161755	
840	-71367.544443618	3859237.68883247	519.350165670243	Q20251012161755	
841	-71382.8481193149	3859239.43272243	519.348902486632	Q20251012161755	
842	-71398.1517950119	3859241.1766124	519.34763930302	Q20251012161755	
843	-71413.4554707089	3859242.92050236	519.346376119408	Q20251012161755	
844	-71428.7591464059	3859244.66439232	519.345112935796	Q20251012161755	
845	-71444.0628221029	3859246.40828228	519.343849752184	Q20251012161755	
846	-71459.3664977998	3859248.15217225	519.342586568573	Q20251012161755	
847	-71474.6701734968	3859249.89606221	519.341323384961	Q20251012161755	
848	-71489.9738491938	3859251.63995217	519.340060201349	Q20251012161755	
849	-71505.2775248907	3859253.38384214	519.338797017737	Q20251012161755	
850	-71520.5812005877	3859255.1277321	519.337533834125	Q20251012161755	
851	-71535.8848762847	3859256.87162206	519.336270650514	Q20251012161755	
852	-71551.1885519816	3859258.61551202	519.335007466902	Q20251012161755	
853	-71566.4922276786	3859260.35940199	519.33374428329	Q20251012161755	
854	-71581.7959033755	3859262.10329195	519.332481099678	Q20251012161755	
855	-71597.0995790725	3859263.84718191	519.331217916066	Q20251012161755	
856	-71612.4032547695	3859265.59107188	519.329954732455	Q20251012161755	
857	-71627.7069304664	3859267.33496184	519.328691548843	Q20251012161755	
858	-71637.9991159617	3859268.50778067	519.327842019599	Q20251012161755	
859	-71653.330216286	3859269.99135848	519.326009940788	Q20251012161755	
860	-71668.6613166104	3859271.47493629	519.324177861977	Q20251012161755	
861	-71683.9924169347	3859272.9585141	519.322345783167	Q20251012161755	
862	-71699.3235172591	3859274.44209191	519.320513704356	Q20251012161755	
863	-71714.6546175834	3859275.92566973	519.318681625545	Q20251012161755	
864	-71729.9857179077	3859277.40924754	519.316849546734	Q20251012161755	
865	-71745.3168182321	3859278.89282535	519.315017467924	Q20251012161755	
866	-71760.6479185564	3859280.37640316	519.313185389113	Q20251012161755	
867	-71775.9790188807	3859281.85998097	519.311353310302	Q20251012161755	
868	-71791.310119205	3859283.34355879	519.309521231492	Q20251012161755	
869	-71806.6412195294	3859284.8271366	519.307689152681	Q20251012161755	
870	-71821.9723198537	3859286.31071441	519.30585707387	Q20251012161755	
871	-71837.303420178	3859287.79429222	519.30402499506	Q20251012161755	
872	-71852.6345205024	3859289.27787004	519.302192916249	Q20251012161755	
873	-71867.9656208267	3859290.76144785	519.300360837438	Q20251012161755	
874	-71883.296721151	3859292.24502566	519.298528758627	Q20251012161755	
875	-71898.6278214753	3859293.72860347	519.296696679817	Q20251012161755	
876	-71913.9589217997	3859295.21218129	519.294864601006	Q20251012161755	
877	-71929.290022124	3859296.6957591	519.293032522195	Q20251012161755	
878	-71944.6211224483	3859298.17933691	519.291200443385	Q20251012161755	
879	-71959.9522227727	3859299.66291472	519.289368364574	Q20251012161755	
880	-71975.283323097	3859301.14649253	519.287536285763	Q20251012161755	
881	-71990.6144234213	3859302.63007035	519.285704206952	Q20251012161755	
882	-72005.9455237456	3859304.11364816	519.283872128142	Q20251012161755	
883	-72021.27662407	3859305.59722597	519.282040049331	Q20251012161755	
884	-72036.6077243943	3859307.08080378	519.28020797052	Q20251012161755	
885	-72051.9388247186	3859308.5643816	519.27837589171	Q20251012161755	
886	-72067.269925043	3859310.04795941	519.276543812899	Q20251012161755	
887	-72082.6010253673	3859311.53153722	519.274711734088	Q20251012161755	
888	-72097.9321256916	3859313.01511503	519.272879655278	Q20251012161755	
889	-72113.2632260159	3859314.49869285	519.271047576467	Q20251012161755	
890	-72128.5943263403	3859315.98227066	519.269215497656	Q20251012161755	
891	-72143.9254266646	3859317.46584847	519.267383418845	Q20251012161755	
892	-72159.2565269889	3859318.94942628	519.265551340035	Q20251012161755	
893	-72174.5876273133	3859320.43300409	519.263719261224	Q20251012161755	
894	-72189.9187276376	3859321.91658191	519.261887182413	Q20251012161755	
895	-72205.2498279619	3859323.40015972	519.260055103603	Q20251012161755	
896	-72220.5809282862	3859324.88373753	519.258223024792	Q20251012161755	
897	-72235.9120286106	3859326.36731534	519.256390945981	Q20251012161755	
898	-72251.2431289349	3859327.85089316	519.25455886717	Q20251012161755	
899	-72266.5742292592	3859329.33447097	519.25272678836	Q20251012161755	
900	-72281.9053295836	3859330.81804878	519.250894709549	Q20251012161755	
901	-72297.2364299079	3859332.30162659	519.249062630738	Q20251012161755	
902	-72312.5675302322	3859333.78520441	519.247230551928	Q20251012161755	
903	-72327.8986305565	3859335.26878222	519.245398473117	Q20251012161755	
904	-72343.2297308809	3859336.75236003	519.243566394307	Q20251012161755	
905	-72358.5608312052	3859338.23593784	519.241734315496	Q20251012161755	
906	-72373.8919315295	3859339.71951565	519.239902236685	Q20251012161755	
907	-72387.2553285573	3859341.01268046	519.2383053	Q20251012161755	
908	-72402.4189855611	3859338.30950825	519.235159181981	Q20251012161755	
909	-72417.5826425649	3859335.60633603	519.232013063963	Q20251012161755	
910	-72432.7462995687	3859332.90316382	519.228866945944	Q20251012161755	
911	-72447.9099565725	3859330.19999161	519.225720827926	Q20251012161755	
912	-72463.0736135763	3859327.4968194	519.222574709907	Q20251012161755	
913	-72478.2372705801	3859324.79364718	519.219428591889	Q20251012161755	
914	-72493.4009275839	3859322.09047497	519.21628247387	Q20251012161755	
915	-72508.5645845878	3859319.38730276	519.213136355852	Q20251012161755	
916	-72523.7282415916	3859316.68413055	519.209990237833	Q20251012161755	
917	-72538.8918985954	3859313.98095833	519.206844119814	Q20251012161755	
918	-72554.0555555992	3859311.27778612	519.203698001796	Q20251012161755	
919	-72569.219212603	3859308.57461391	519.200551883777	Q20251012161755	
920	-72584.3828696068	3859305.8714417	519.197405765759	Q20251012161755	
921	-72599.5465266106	3859303.16826948	519.19425964774	Q20251012161755	
922	-72614.7101836144	3859300.46509727	519.191113529722	Q20251012161755	
923	-72629.8738406182	3859297.76192506	519.187967411703	Q20251012161755	
924	-72645.037497622	3859295.05875285	519.184821293685	Q20251012161755	
925	-72660.2011546259	3859292.35558063	519.181675175666	Q20251012161755	
926	-72675.3648116297	3859289.65240842	519.178529057648	Q20251012161755	
927	-72690.5284686335	3859286.94923621	519.175382939629	Q20251012161755	
928	-72705.6921256373	3859284.246064	519.17223682161	Q20251012161755	
929	-72720.8557826411	3859281.54289178	519.169090703592	Q20251012161755	
930	-72736.0194396449	3859278.83971957	519.165944585573	Q20251012161755	
931	-72751.1830966487	3859276.13654736	519.162798467555	Q20251012161755	
932	-72766.3467536526	3859273.43337515	519.159652349536	Q20251012161755	
933	-72781.5104106564	3859270.73020293	519.156506231518	Q20251012161755	
934	-72796.6740676602	3859268.02703072	519.153360113499	Q20251012161755	
935	-72811.837724664	3859265.32385851	519.150213995481	Q20251012161755	
936	-72827.0013816678	3859262.6206863	519.147067877462	Q20251012161755	
937	-72842.1650386716	3859259.91751409	519.143921759444	Q20251012161755	
938	-72857.3286956755	3859257.21434187	519.140775641425	Q20251012161755	
939	-72872.4923526793	3859254.51116966	519.137629523407	Q20251012161755	
940	-72887.6560096831	3859251.80799745	519.134483405388	Q20251012161755	
941	-72902.8196666869	3859249.10482524	519.13133728737	Q20251012161755	
942	-72917.9833236907	3859246.40165302	519.128191169351	Q20251012161755	
943	-72933.1469806945	3859243.69848081	519.125045051333	Q20251012161755	
944	-72948.3106376984	3859240.9953086	519.121898933314	Q20251012161755	
945	-72963.4742947022	3859238.29213639	519.118752815296	Q20251012161755	
946	-72978.637951706	3859235.58896418	519.115606697277	Q20251012161755	
947	-72993.8016087098	3859232.88579196	519.112460579259	Q20251012161755	
948	-73008.9652657136	3859230.18261975	519.10931446124	Q20251012161755	
949	-73024.1289227174	3859227.47944754	519.106168343222	Q20251012161755	
950	-73039.2925797213	3859224.77627533	519.103022225203	Q20251012161755	
951	-73054.4562367251	3859222.07310311	519.099876107185	Q20251012161755	
952	-73069.6198937289	3859219.3699309	519.096729989166	Q20251012161755	
953	-73084.7835507327	3859216.66675869	519.093583871148	Q20251012161755	
954	-73099.9472077365	3859213.96358648	519.090437753129	Q20251012161755	
955	-73115.1108647403	3859211.26041427	519.087291635111	Q20251012161755	
956	-73130.2745217442	3859208.55724205	519.084145517092	Q20251012161755	
957	-73145.438178748	3859205.85406984	519.080999399074	Q20251012161755	
958	-73160.6018357518	3859203.15089763	519.077853281055	Q20251012161755	
959	-73175.7654927556	3859200.44772542	519.074707163037	Q20251012161755	
960	-73190.9291497594	3859197.7445532	519.071561045018	Q20251012161755	
961	-73212.5495398598	3859193.89036172	519.0670753	Q20251012161755	
962	-73227.8215949971	3859195.89233746	519.058789314827	Q20251012161755	
963	-73243.0936501344	3859197.8943132	519.050503329654	Q20251012161755	
964	-73258.3657052717	3859199.89628894	519.042217344482	Q20251012161755	
965	-73273.637760409	3859201.89826467	519.033931359309	Q20251012161755	
966	-73288.9098155463	3859203.90024041	519.025645374136	Q20251012161755	
967	-73304.1818706836	3859205.90221615	519.017359388963	Q20251012161755	
968	-73319.453925821	3859207.90419189	519.00907340379	Q20251012161755	
969	-73334.7259809583	3859209.90616763	519.000787418617	Q20251012161755	
970	-73349.9980360956	3859211.90814337	518.992501433444	Q20251012161755	
971	-73365.2700912329	3859213.91011911	518.984215448272	Q20251012161755	
972	-73380.5421463702	3859215.91209485	518.975929463099	Q20251012161755	
973	-73395.8142015075	3859217.91407059	518.967643477926	Q20251012161755	
974	-73411.0862566448	3859219.91604633	518.959357492753	Q20251012161755	
975	-73426.3583117821	3859221.91802207	518.95107150758	Q20251012161755	
976	-73441.6303669194	3859223.91999781	518.942785522407	Q20251012161755	
977	-73456.9024220567	3859225.92197355	518.934499537235	Q20251012161755	
978	-73472.174477194	3859227.92394929	518.926213552062	Q20251012161755	
979	-73487.4465323313	3859229.92592503	518.917927566889	Q20251012161755	
980	-73502.7185874686	3859231.92790077	518.909641581716	Q20251012161755	
981	-73517.9906426059	3859233.92987651	518.901355596543	Q20251012161755	
982	-73528.1467738173	3859235.2612185	518.8958453	Q20251012161755	
983	-73543.4171239279	3859237.27616605	518.889722466962	Q20251012161755	
984	-73558.6874740385	3859239.29111361	518.883599633924	Q20251012161755	
985	-73573.9578241492	3859241.30606116	518.877476800886	Q20251012161755	
986	-73589.2281742598	3859243.32100871	518.871353967848	Q20251012161755	
987	-73604.4985243705	3859245.33595627	518.86523113481	Q20251012161755	
988	-73619.7688744811	3859247.35090382	518.859108301773	Q20251012161755	
989	-73635.0392245918	3859249.36585138	518.852985468735	Q20251012161755	
990	-73650.3095747024	3859251.38079893	518.846862635697	Q20251012161755	
991	-73665.5799248131	3859253.39574649	518.840739802659	Q20251012161755	
992	-73680.8502749237	3859255.41069404	518.834616969621	Q20251012161755	
993	-73696.1206250343	3859257.42564159	518.828494136583	Q20251012161755	
994	-73711.390975145	3859259.44058915	518.822371303545	Q20251012161755	
995	-73726.6613252556	3859261.4555367	518.816248470508	Q20251012161755	
996	-73741.9316753663	3859263.47048426	518.81012563747	Q20251012161755	
997	-73757.2020254769	3859265.48543181	518.804002804432	Q20251012161755	
998	-73772.4723755876	3859267.50037936	518.797879971394	Q20251012161755	
999	-73787.7427256982	3859269.51532692	518.791757138356	Q20251012161755	
1000	-73803.0130758089	3859271.53027447	518.785634305318	Q20251012161755	
1001	-73818.2834259195	3859273.54522203	518.77951147228	Q20251012161755	
1002	-73833.5537760302	3859275.56016958	518.773388639242	Q20251012161755	
1003	-73848.8241261408	3859277.57511713	518.767265806205	Q20251012161755	
1004	-73864.0944762515	3859279.59006469	518.761142973167	Q20251012161755	
1005	-73879.3648263622	3859281.60501224	518.755020140129	Q20251012161755	
1006	-73894.6351764728	3859283.6199598	518.748897307091	Q20251012161755	
1007	-73909.9055265835	3859285.63490735	518.742774474053	Q20251012161755	
1008	-73925.1758766942	3859287.6498549	518.736651641015	Q20251012161755	
1009	-73940.4462268048	3859289.66480246	518.730528807977	Q20251012161755	
1010	-73955.1945200603	3859291.61086376	518.7246153	Q20251012161755	
1011	-73967.3621349087	3859301.05505623	518.720021119023	Q20251012161755	
1012	-73979.529749757	3859310.4992487	518.715426938045	Q20251012161755	
1013	-73991.6973646053	3859319.94344117	518.710832757068	Q20251012161755	
1014	-74003.8649794536	3859329.38763364	518.706238576091	Q20251012161755	
1015	-74016.032594302	3859338.83182612	518.701644395114	Q20251012161755	
1016	-74028.2002091503	3859348.27601859	518.697050214136	Q20251012161755	
1017	-74040.3678239986	3859357.72021106	518.692456033159	Q20251012161755	
1018	-74052.5354388469	3859367.16440353	518.687861852182	Q20251012161755	
1019	-74064.7030536952	3859376.608596	518.683267671204	Q20251012161755	
1020	-74076.8706685435	3859386.05278847	518.678673490227	Q20251012161755	
1021	-74089.0382833919	3859395.49698094	518.67407930925	Q20251012161755	
1022	-74101.2058982402	3859404.94117341	518.669485128273	Q20251012161755	
1023	-74113.3735130885	3859414.38536588	518.664890947295	Q20251012161755	
1024	-74125.5411279368	3859423.82955836	518.660296766318	Q20251012161755	
1025	-74137.7087427851	3859433.27375083	518.655702585341	Q20251012161755	
1026	-74149.8763576334	3859442.7179433	518.651108404363	Q20251012161755	
1027	-74162.0439724817	3859452.16213577	518.646514223386	Q20251012161755	
1028	-74174.21158733	3859461.60632824	518.641920042409	Q20251012161755	
1029	-74186.3792021783	3859471.05052071	518.637325861431	Q20251012161755	
1030	-74198.5468170266	3859480.49471318	518.632731680454	Q20251012161755	
1031	-74210.7144318749	3859489.93890565	518.628137499477	Q20251012161755	
1032	-74222.8820467232	3859499.38309813	518.623543318499	Q20251012161755	
1033	-74235.0496615715	3859508.8272906	518.618949137522	Q20251012161755	
1034	-74247.2172764198	3859518.27148307	518.614354956545	Q20251012161755	
1035	-74259.3848912681	3859527.71567554	518.609760775567	Q20251012161755	
1036	-74271.5525061164	3859537.15986801	518.60516659459	Q20251012161755	
1037	-74283.7201209647	3859546.60406048	518.600572413613	Q20251012161755	
1038	-74295.887735813	3859556.04825295	518.595978232635	Q20251012161755	
1039	-74308.0553506613	3859565.49244542	518.591384051658	Q20251012161755	
1040	-74320.2229655096	3859574.93663789	518.586789870681	Q20251012161755	
1041	-74332.3905803579	3859584.38083037	518.582195689703	Q20251012161755	
1042	-74344.5581952062	3859593.82502284	518.577601508726	Q20251012161755	
1043	-74356.7258100545	3859603.26921531	518.573007327749	Q20251012161755	
1044	-74368.8934249028	3859612.71340778	518.568413146771	Q20251012161755	
1045	-74381.0610397511	3859622.15760025	518.563818965794	Q20251012161755	
1046	-74393.2286545993	3859631.60179272	518.559224784817	Q20251012161755	
1047	-74408.6944367512	3859643.60593858	518.5533853	Q20251012161755	
1048	-74424.0045370462	3859645.29248957	518.549103309843	Q20251012161755	
1049	-74439.3146373412	3859646.97904057	518.544821319686	Q20251012161755	
1050	-74454.6247376363	3859648.66559156	518.540539329529	Q20251012161755	
1051	-74469.9348379313	3859650.35214256	518.536257339372	Q20251012161755	
1052	-74485.2449382263	3859652.03869355	518.531975349215	Q20251012161755	
1053	-74500.5550385214	3859653.72524454	518.527693359058	Q20251012161755	
1054	-74515.8651388164	3859655.41179554	518.523411368901	Q20251012161755	
1055	-74531.1752391114	3859657.09834653	518.519129378744	Q20251012161755	
1056	-74546.4853394064	3859658.78489753	518.514847388587	Q20251012161755	
1057	-74561.7954397015	3859660.47144852	518.51056539843	Q20251012161755	
1058	-74577.1055399965	3859662.15799952	518.506283408273	Q20251012161755	
1059	-74592.4156402915	3859663.84455051	518.502001418116	Q20251012161755	
1060	-74607.7257405866	3859665.53110151	518.497719427959	Q20251012161755	
1061	-74623.0358408816	3859667.2176525	518.493437437802	Q20251012161755	
1062	-74638.3459411766	3859668.90420349	518.489155447645	Q20251012161755	
1063	-74653.6560414716	3859670.59075449	518.484873457488	Q20251012161755	
1064	-74668.9661417667	3859672.27730548	518.480591467331	Q20251012161755	
1065	-74684.2762420617	3859673.96385648	518.476309477174	Q20251012161755	
1066	-74699.5863423567	3859675.65040747	518.472027487017	Q20251012161755	
1067	-74714.8964426517	3859677.33695847	518.46774549686	Q20251012161755	
1068	-74730.2065429467	3859679.02350946	518.463463506703	Q20251012161755	
1069	-74745.5166432418	3859680.71006046	518.459181516546	Q20251012161755	
1070	-74760.8267435368	3859682.39661145	518.454899526389	Q20251012161755	
1071	-74776.1368438318	3859684.08316244	518.450617536232	Q20251012161755	
1072	-74791.4469441268	3859685.76971344	518.446335546075	Q20251012161755	
1073	-74806.7570444218	3859687.45626443	518.442053555918	Q20251012161755	
1074	-74822.0671447168	3859689.14281543	518.437771565761	Q20251012161755	
1075	-74837.3772450118	3859690.82936642	518.433489575604	Q20251012161755	
1076	-74852.6873453069	3859692.51591742	518.429207585447	Q20251012161755	
1077	-74867.9974456019	3859694.20246841	518.42492559529	Q20251012161755	
1078	-74883.3075458969	3859695.88901941	518.420643605133	Q20251012161755	
1079	-74898.6176461919	3859697.5755704	518.416361614975	Q20251012161755	
1080	-74913.9277464869	3859699.2621214	518.412079624818	Q20251012161755	
1081	-74929.2378467819	3859700.94867239	518.407797634661	Q20251012161755	
1082	-74944.5479470769	3859702.63522339	518.403515644504	Q20251012161755	
1083	-74959.8580473719	3859704.32177438	518.399233654347	Q20251012161755	
1084	-74975.168147667	3859706.00832537	518.39495166419	Q20251012161755	
1085	-74990.478247962	3859707.69487637	518.390669674033	Q20251012161755	
1086	-75005.788348257	3859709.38142736	518.386387683876	Q20251012161755	
1087	-75020.9210830965	3859711.04843989	518.3821553	Q20251012161755	
1088	-75035.4501876019	3859705.93486028	518.373818426099	Q20251012161755	
1089	-75049.9792921073	3859700.82128068	518.365481552198	Q20251012161755	
1090	-75064.5083966127	3859695.70770107	518.357144678297	Q20251012161755	
1091	-75079.0375011181	3859690.59412146	518.348807804396	Q20251012161755	
1092	-75093.5666056236	3859685.48054185	518.340470930495	Q20251012161755	
1093	-75108.095710129	3859680.36696225	518.332134056594	Q20251012161755	
1094	-75122.6248146343	3859675.25338264	518.323797182694	Q20251012161755	
1095	-75137.1539191397	3859670.13980303	518.315460308793	Q20251012161755	
1096	-75151.6830236451	3859665.02622342	518.307123434892	Q20251012161755	
1097	-75166.2121281505	3859659.91264382	518.298786560991	Q20251012161755	
1098	-75180.7412326559	3859654.79906421	518.29044968709	Q20251012161755	
1099	-75195.2703371613	3859649.6854846	518.282112813189	Q20251012161755	
1100	-75209.7994416666	3859644.57190499	518.273775939288	Q20251012161755	
1101	-75224.328546172	3859639.45832539	518.265439065387	Q20251012161755	
1102	-75238.8576506774	3859634.34474578	518.257102191486	Q20251012161755	
1103	-75253.3867551827	3859629.23116617	518.248765317585	Q20251012161755	
1104	-75267.9158596881	3859624.11758656	518.240428443684	Q20251012161755	
1105	-75282.4449641934	3859619.00400695	518.232091569783	Q20251012161755	
1106	-75296.9740686988	3859613.89042735	518.223754695882	Q20251012161755	
1107	-75311.5031732042	3859608.77684774	518.215417821981	Q20251012161755	
1108	-75319.3325253252	3859606.02127424	518.2109253	Q20251012161755	
1109	-75334.6402528545	3859607.72923096	518.208611433624	Q20251012161755	
1110	-75349.9479803838	3859609.43718769	518.206297567247	Q20251012161755	
1111	-75365.2557079131	3859611.14514441	518.203983700871	Q20251012161755	
1112	-75380.5634354423	3859612.85310114	518.201669834494	Q20251012161755	
1113	-75395.8711629716	3859614.56105786	518.199355968118	Q20251012161755	
1114	-75411.1788905009	3859616.26901459	518.197042101741	Q20251012161755	
1115	-75426.4866180302	3859617.97697131	518.194728235365	Q20251012161755	
1116	-75441.7943455594	3859619.68492803	518.192414368989	Q20251012161755	
1117	-75457.1020730887	3859621.39288476	518.190100502612	Q20251012161755	
1118	-75472.409800618	3859623.10084148	518.187786636236	Q20251012161755	
1119	-75487.7175281473	3859624.80879821	518.185472769859	Q20251012161755	
1120	-75503.0252556765	3859626.51675493	518.183158903483	Q20251012161755	
1121	-75518.3329832058	3859628.22471166	518.180845037106	Q20251012161755	
1122	-75533.6407107351	3859629.93266838	518.17853117073	Q20251012161755	
1123	-75548.9484382644	3859631.6406251	518.176217304354	Q20251012161755	
1124	-75564.2561657936	3859633.34858183	518.173903437977	Q20251012161755	
1125	-75579.5638933229	3859635.05653855	518.171589571601	Q20251012161755	
1126	-75594.8716208522	3859636.76449528	518.169275705224	Q20251012161755	
1127	-75610.1793483815	3859638.472452	518.166961838848	Q20251012161755	
1128	-75625.4870759107	3859640.18040873	518.164647972471	Q20251012161755	
1129	-75640.79480344	3859641.88836545	518.162334106095	Q20251012161755	
1130	-75656.1025309693	3859643.59632217	518.160020239719	Q20251012161755	
1131	-75671.4102584986	3859645.3042789	518.157706373342	Q20251012161755	
1132	-75686.7179860278	3859647.01223562	518.155392506966	Q20251012161755	
1133	-75702.0257135571	3859648.72019235	518.153078640589	Q20251012161755	
1134	-75717.3334410864	3859650.42814907	518.150764774213	Q20251012161755	
1135	-75732.6411686157	3859652.1361058	518.148450907836	Q20251012161755	
1136	-75747.9488961449	3859653.84406252	518.14613704146	Q20251012161755	
1137	-75763.2566236742	3859655.55201925	518.143823175084	Q20251012161755	
1138	-75778.5643512035	3859657.25997597	518.141509308707	Q20251012161755	
1139	-75793.8720787327	3859658.96793269	518.139195442331	Q20251012161755	
1140	-75809.179806262	3859660.67588942	518.136881575954	Q20251012161755	
1141	-75824.4875337913	3859662.38384614	518.134567709578	Q20251012161755	
1142	-75839.7952613206	3859664.09180287	518.132253843202	Q20251012161755	
1143	-75855.1029888498	3859665.79975959	518.129939976825	Q20251012161755	
1144	-75870.4107163791	3859667.50771632	518.127626110449	Q20251012161755	
1145	-75885.7184439084	3859669.21567304	518.125312244072	Q20251012161755	
1146	-75901.0261714377	3859670.92362976	518.122998377696	Q20251012161755	
1147	-75916.3338989669	3859672.63158649	518.120684511319	Q20251012161755	
1148	-75931.6416264962	3859674.33954321	518.118370644943	Q20251012161755	
1149	-75946.9493540255	3859676.04749994	518.116056778567	Q20251012161755	
1150	-75962.2570815548	3859677.75545666	518.11374291219	Q20251012161755	
1151	-75977.5648090841	3859679.46341339	518.111429045814	Q20251012161755	
1152	-75992.8725366134	3859681.17137011	518.109115179437	Q20251012161755	
1153	-76008.1802641427	3859682.87932683	518.106801313061	Q20251012161755	
1154	-76023.487991672	3859684.58728356	518.104487446684	Q20251012161755	
1155	-76038.7957192012	3859686.29524028	518.102173580308	Q20251012161755	
1156	-76054.1034467305	3859688.00319701	518.099859713932	Q20251012161755	
1157	-76069.4111742598	3859689.71115373	518.097545847555	Q20251012161755	
1158	-76084.7189017891	3859691.41911046	518.095231981179	Q20251012161755	
1159	-76100.0266293184	3859693.12706718	518.092918114802	Q20251012161755	
1160	-76115.3343568477	3859694.8350239	518.090604248426	Q20251012161755	
1161	-76130.642084377	3859696.54298063	518.088290382049	Q20251012161755	
1162	-76145.9498119063	3859698.25093735	518.085976515673	Q20251012161755	
1163	-76161.2575394356	3859699.95889408	518.083662649297	Q20251012161755	
1164	-76176.5652669648	3859701.6668508	518.08134878292	Q20251012161755	
1165	-76191.8729944941	3859703.37480753	518.079034916544	Q20251012161755	
1166	-76207.1807220234	3859705.08276425	518.076721050167	Q20251012161755	
1167	-76222.4884495527	3859706.79072097	518.074407183791	Q20251012161755	
1168	-76237.796177082	3859708.4986777	518.072093317414	Q20251012161755	
1169	-76253.1039046113	3859710.20663442	518.069779451038	Q20251012161755	
1170	-76268.4116321406	3859711.91459115	518.067465584662	Q20251012161755	
1171	-76283.7193596699	3859713.62254787	518.065151718285	Q20251012161755	
1172	-76299.0270871992	3859715.33050459	518.062837851909	Q20251012161755	
1173	-76314.3348147284	3859717.03846132	518.060523985532	Q20251012161755	
1174	-76329.6425422577	3859718.74641804	518.058210119156	Q20251012161755	
1175	-76344.950269787	3859720.45437477	518.055896252779	Q20251012161755	
1176	-76360.2579973163	3859722.16233149	518.053582386403	Q20251012161755	
1177	-76375.5657248456	3859723.87028822	518.051268520027	Q20251012161755	
1178	-76390.8734523749	3859725.57824494	518.04895465365	Q20251012161755	
1179	-76406.1811799042	3859727.28620166	518.046640787274	Q20251012161755	
1180	-76421.4889074335	3859728.99415839	518.044326920898	Q20251012161755	
1181	-76436.7966349628	3859730.70211511	518.042013054521	Q20251012161755	
1182	-76452.1300850933	3859732.41294183	518.0396953	Q20251012161755	
1183	-76465.4187470412	3859724.62480456	518.034680431847	Q20251012161755	
1184	-76478.7074089892	3859716.83666729	518.029665563693	Q20251012161755	
1185	-76491.9960709371	3859709.04853002	518.02465069554	Q20251012161755	
1186	-76505.284732885	3859701.26039275	518.019635827387	Q20251012161755	
1187	-76518.5733948329	3859693.47225548	518.014620959233	Q20251012161755	
1188	-76531.8620567809	3859685.68411821	518.00960609108	Q20251012161755	
1189	-76545.1507187288	3859677.89598095	518.004591222926	Q20251012161755	
1190	-76558.4393806768	3859670.10784368	517.999576354773	Q20251012161755	
1191	-76571.7280426247	3859662.31970641	517.994561486619	Q20251012161755	
1192	-76585.0167045726	3859654.53156914	517.989546618466	Q20251012161755	
1193	-76598.3053665206	3859646.74343187	517.984531750313	Q20251012161755	
1194	-76611.5940284685	3859638.9552946	517.979516882159	Q20251012161755	
1195	-76624.8826904165	3859631.16715733	517.974502014006	Q20251012161755	
1196	-76638.1713523645	3859623.37902006	517.969487145852	Q20251012161755	
1197	-76651.4600143124	3859615.59088279	517.964472277699	Q20251012161755	
1198	-76664.7486762604	3859607.80274552	517.959457409545	Q20251012161755	
1199	-76678.0373382083	3859600.01460825	517.954442541392	Q20251012161755	
1200	-76691.3260001563	3859592.22647099	517.949427673239	Q20251012161755	
1201	-76704.6146621043	3859584.43833372	517.944412805085	Q20251012161755	
1202	-76717.9033240522	3859576.65019645	517.939397936932	Q20251012161755	
1203	-76731.1919860002	3859568.86205918	517.934383068778	Q20251012161755	
1204	-76744.4806479482	3859561.07392191	517.929368200625	Q20251012161755	
1205	-76757.7693098961	3859553.28578464	517.924353332471	Q20251012161755	
1206	-76771.0579718441	3859545.49764737	517.919338464318	Q20251012161755	
1207	-76784.346633792	3859537.7095101	517.914323596165	Q20251012161755	
1208	-76797.63529574	3859529.92137283	517.909308728011	Q20251012161755	
1209	-76810.923957688	3859522.13323556	517.904293859858	Q20251012161755	
1210	-76824.2126196359	3859514.3450983	517.899278991704	Q20251012161755	
1211	-76837.5012815839	3859506.55696103	517.894264123551	Q20251012161755	
1212	-76850.7899435319	3859498.76882376	517.889249255398	Q20251012161755	
1213	-76864.0786054798	3859490.98068649	517.884234387244	Q20251012161755	
1214	-76877.3672674278	3859483.19254922	517.879219519091	Q20251012161755	
1215	-76890.6559293757	3859475.40441195	517.874204650937	Q20251012161755	
1216	-76905.8643639894	3859466.49114612	517.8684653	Q20251012161755	
1217	-76916.5766652452	3859455.42789357	517.560750408902	Q20251012161755	
1218	-76930.6022569799	3859440.94280211	517.15786	Q20251012161755	
1219	-76945.9137611036	3859442.61656308	517.154810830298	Q20251012161921	
1220	-76961.2252652273	3859444.29032406	517.151761660597	Q20251012161921	
1221	-76976.536769351	3859445.96408504	517.148712490895	Q20251012161921	
1222	-76991.8482734747	3859447.63784601	517.145663321193	Q20251012161921	
1223	-77007.1597775984	3859449.31160699	517.142614151492	Q20251012161921	
1224	-77022.4712817221	3859450.98536797	517.13956498179	Q20251012161921	
1225	-77037.7827858458	3859452.65912895	517.136515812088	Q20251012161921	
1226	-77053.0942899695	3859454.33288992	517.133466642386	Q20251012161921	
1227	-77068.4057940932	3859456.0066509	517.130417472685	Q20251012161921	
1228	-77083.7172982169	3859457.68041188	517.127368302983	Q20251012161921	
1229	-77099.0288023406	3859459.35417286	517.124319133281	Q20251012161921	
1230	-77108.0968524787	3859460.34543722	517.1225133	Q20251012161921	
1231	-77118.5981518274	3859449.07750335	517.11784381106	Q20251012161921	
1232	-77129.0994511761	3859437.80956947	517.113174322121	Q20251012161921	
1233	-77139.6007505248	3859426.5416356	517.108504833181	Q20251012161921	
1234	-77150.1020498734	3859415.27370172	517.103835344242	Q20251012161921	
1235	-77160.6033492221	3859404.00576785	517.099165855302	Q20251012161921	
1236	-77171.1046485707	3859392.73783397	517.094496366362	Q20251012161921	
1237	-77181.6059479192	3859381.4699001	517.089826877423	Q20251012161921	
1238	-77187.5886946237	3859375.05039028	517.0871666	Q20251012161921	
1239	-77199.9463632597	3859365.85629886	517.068391084632	Q20251012161921	
1240	-77210.8531855001	3859357.74163551	517.0518199	Q20251012161921	
1241	-77213.0478301054	3859342.49607317	517.049054511308	Q20251012161921	
1242	-77215.2424747107	3859327.25051083	517.046289122616	Q20251012161921	
1243	-77217.437119316	3859312.0049485	517.043523733924	Q20251012161921	
1244	-77219.6317639214	3859296.75938616	517.040758345231	Q20251012161921	
1245	-77221.8264085267	3859281.51382382	517.037992956539	Q20251012161921	
1246	-77224.0210531319	3859266.26826148	517.035227567847	Q20251012161921	
1247	-77226.2156977372	3859251.02269914	517.032462179155	Q20251012161921	
1248	-77228.4103423425	3859235.7771368	517.029696790463	Q20251012161921	
1249	-77230.6049869478	3859220.53157446	517.02693140177	Q20251012161921	
1250	-77232.7996315531	3859205.28601212	517.024166013078	Q20251012161921	
1251	-77234.9942761584	3859190.04044978	517.021400624386	Q20251012161921	
1252	-77237.1889207637	3859174.79488744	517.018635235694	Q20251012161921	
1253	-77238.9047374174	3859162.87560461	517.0164732	Q20251012161921	
1254	-77254.3009031473	3859163.3247396	517.014984047882	Q20251012161921	
1255	-77269.6970688773	3859163.77387458	517.013494895763	Q20251012161921	
1256	-77285.0932346073	3859164.22300957	517.012005743645	Q20251012161921	
1257	-77300.4894003373	3859164.67214455	517.010516591526	Q20251012161921	
1258	-77315.8855660673	3859165.12127953	517.009027439408	Q20251012161921	
1259	-77331.2817317972	3859165.57041452	517.007538287289	Q20251012161921	
1260	-77346.6778975272	3859166.0195495	517.006049135171	Q20251012161921	
1261	-77362.0740632572	3859166.46868449	517.004559983052	Q20251012161921	
1262	-77377.4702289872	3859166.91781947	517.003070830934	Q20251012161921	
1263	-77392.8663947172	3859167.36695445	517.001581678816	Q20251012161921	
1264	-77408.2625604471	3859167.81608944	517.000092526697	Q20251012161921	
1265	-77423.6587261771	3859168.26522442	516.998603374579	Q20251012161921	
1266	-77439.0548919071	3859168.71435941	516.99711422246	Q20251012161921	
1267	-77454.4510576371	3859169.16349439	516.995625070342	Q20251012161921	
1268	-77469.8472233671	3859169.61262937	516.994135918223	Q20251012161921	
1269	-77485.243389097	3859170.06176436	516.992646766105	Q20251012161921	
1270	-77500.639554827	3859170.51089934	516.991157613986	Q20251012161921	
1271	-77516.035720557	3859170.96003433	516.989668461868	Q20251012161921	
1272	-77531.431886287	3859171.40916931	516.988179309749	Q20251012161921	
1273	-77546.828052017	3859171.85830429	516.986690157631	Q20251012161921	
1274	-77562.2242177469	3859172.30743928	516.985201005512	Q20251012161921	
1275	-77577.6203834769	3859172.75657426	516.983711853394	Q20251012161921	
1276	-77593.0165492069	3859173.20570925	516.982222701275	Q20251012161921	
1277	-77604.3500431436	3859173.53632849	516.9811265	Q20251012161921	
1278	-77607.1618903501	3859158.3924468	516.978571247564	Q20251012161921	
1279	-77609.9737375567	3859143.24856512	516.976015995128	Q20251012161921	
1280	-77612.7855847632	3859128.10468344	516.973460742692	Q20251012161921	
1281	-77615.5974319697	3859112.96080176	516.970905490256	Q20251012161921	
1282	-77618.4092791762	3859097.81692008	516.96835023782	Q20251012161921	
1283	-77621.2211263828	3859082.67303839	516.965794985384	Q20251012161921	
1284	-77624.0329735893	3859067.52915671	516.963239732948	Q20251012161921	
1285	-77626.8448207958	3859052.38527503	516.960684480512	Q20251012161921	
1286	-77629.6566680023	3859037.24139335	516.958129228076	Q20251012161921	
1287	-77632.4685152088	3859022.09751167	516.95557397564	Q20251012161921	
1288	-77635.2803624153	3859006.95362999	516.953018723204	Q20251012161921	
1289	-77638.0922096218	3858991.8097483	516.950463470768	Q20251012161921	
1290	-77640.9040568284	3858976.66586662	516.947908218332	Q20251012161921	
1291	-77643.2462078644	3858964.05164701	516.9457798	Q20251012161921	
1292	-77658.5809503111	3858965.49709128	516.942845945056	Q20251012161921	
1293	-77673.9156927578	3858966.94253554	516.939912090111	Q20251012161921	
1294	-77689.2504352045	3858968.38797981	516.936978235167	Q20251012161921	
1295	-77704.5851776512	3858969.83342407	516.934044380223	Q20251012161921	
1296	-77719.9199200979	3858971.27886834	516.931110525278	Q20251012161921	
1297	-77735.2546625446	3858972.7243126	516.928176670334	Q20251012161921	
1298	-77750.5894049913	3858974.16975687	516.92524281539	Q20251012161921	
1299	-77765.924147438	3858975.61520113	516.922308960445	Q20251012161921	
1300	-77781.2588898847	3858977.0606454	516.919375105501	Q20251012161921	
1301	-77796.5936323314	3858978.50608966	516.916441250557	Q20251012161921	
1302	-77811.9283747781	3858979.95153392	516.913507395612	Q20251012161921	
1303	-77827.9971758304	3858981.46617014	516.9104331	Q20251012161921	
1304	-77839.3229693367	3858971.02729836	516.909477423075	Q20251012161921	
1305	-77850.648762843	3858960.58842657	516.908521746149	Q20251012161921	
1306	-77861.9745563492	3858950.14955478	516.907566069224	Q20251012161921	
1307	-77873.3003498555	3858939.710683	516.906610392298	Q20251012161921	
1308	-77884.6261433617	3858929.27181121	516.905654715373	Q20251012161921	
1309	-77895.951936868	3858918.83293942	516.904699038448	Q20251012161921	
1310	-77907.2777303743	3858908.39406764	516.903743361522	Q20251012161921	
1311	-77918.6035238805	3858897.95519585	516.902787684597	Q20251012161921	
1312	-77929.9293173868	3858887.51632407	516.901832007671	Q20251012161921	
1313	-77941.255110893	3858877.07745228	516.900876330746	Q20251012161921	
1314	-77952.5809043993	3858866.63858049	516.899920653821	Q20251012161921	
1315	-77963.9066979055	3858856.19970871	516.898964976895	Q20251012161921	
1316	-77975.2324914118	3858845.76083692	516.89800929997	Q20251012161921	
1317	-77986.558284918	3858835.32196513	516.897053623044	Q20251012161921	
1318	-77997.8840784243	3858824.88309335	516.896097946119	Q20251012161921	
1319	-78009.2098719305	3858814.44422156	516.895142269194	Q20251012161921	
1320	-78020.5356654367	3858804.00534977	516.894186592268	Q20251012161921	
1321	-78031.861458943	3858793.56647799	516.893230915343	Q20251012161921	
1322	-78043.1872524492	3858783.1276062	516.892275238417	Q20251012161921	
1323	-78054.5130459554	3858772.68873441	516.891319561492	Q20251012161921	
1324	-78065.8388394616	3858762.24986263	516.890363884567	Q20251012161921	
1325	-78077.1646329678	3858751.81099084	516.889408207641	Q20251012161921	
1326	-78088.490426474	3858741.37211905	516.888452530716	Q20251012161921	
1327	-78099.8162199802	3858730.93324727	516.88749685379	Q20251012161921	
1328	-78111.1420134864	3858720.49437548	516.886541176865	Q20251012161921	
1329	-78122.4678069926	3858710.0555037	516.88558549994	Q20251012161921	
1330	-78133.7936004988	3858699.61663191	516.884629823014	Q20251012161921	
1331	-78145.119394005	3858689.17776012	516.883674146089	Q20251012161921	
1332	-78156.4451875111	3858678.73888834	516.882718469163	Q20251012161921	
1333	-78167.7709810173	3858668.30001655	516.881762792238	Q20251012161921	
1334	-78179.0967745234	3858657.86114476	516.880807115312	Q20251012161921	
1335	-78190.4225680296	3858647.42227298	516.879851438387	Q20251012161921	
1336	-78201.7483615357	3858636.98340119	516.878895761461	Q20251012161921	
1337	-78213.0741550419	3858626.5445294	516.877940084536	Q20251012161921	
1338	-78224.3999485481	3858616.10565762	516.876984407611	Q20251012161921	
1339	-78235.7257420543	3858605.66678583	516.876028730685	Q20251012161921	
1340	-78246.8933683396	3858595.3736952	516.8750864	Q20251012161921	
1341	-78262.2100463785	3858596.9994306	516.873708524407	Q20251012161921	
1342	-78277.5267244173	3858598.625166	516.872330648814	Q20251012161921	
1343	-78292.8434024562	3858600.2509014	516.870952773221	Q20251012161921	
1344	-78308.160080495	3858601.87663681	516.869574897628	Q20251012161921	
1345	-78323.4767585338	3858603.50237221	516.868197022035	Q20251012161921	
1346	-78338.7934365727	3858605.12810761	516.866819146442	Q20251012161921	
1347	-78354.1101146115	3858606.75384301	516.865441270849	Q20251012161921	
1348	-78369.4267926504	3858608.37957841	516.864063395256	Q20251012161921	
1349	-78384.7434706892	3858610.00531381	516.862685519663	Q20251012161921	
1350	-78400.0601487281	3858611.63104921	516.86130764407	Q20251012161921	
1351	-78415.3768267669	3858613.25678461	516.859929768477	Q20251012161921	
1352	-78430.6935048057	3858614.88252001	516.858551892884	Q20251012161921	
1353	-78446.0101828446	3858616.50825541	516.857174017291	Q20251012161921	
1354	-78461.3268608834	3858618.13399081	516.855796141698	Q20251012161921	
1355	-78476.6435389223	3858619.75972621	516.854418266105	Q20251012161921	
1356	-78491.9602169611	3858621.38546161	516.853040390512	Q20251012161921	
1357	-78507.2768949999	3858623.01119701	516.851662514919	Q20251012161921	
1358	-78522.5935730388	3858624.63693241	516.850284639326	Q20251012161921	
1359	-78537.9102510776	3858626.26266781	516.848906763733	Q20251012161921	
1360	-78553.2269291165	3858627.88840321	516.84752888814	Q20251012161921	
1361	-78568.5436071553	3858629.51413861	516.846151012547	Q20251012161921	
1362	-78583.8602851942	3858631.13987401	516.844773136954	Q20251012161921	
1363	-78599.176963233	3858632.76560941	516.843395261361	Q20251012161921	
1364	-78614.4936412718	3858634.39134482	516.842017385767	Q20251012161921	
1365	-78629.8103193107	3858636.01708022	516.840639510174	Q20251012161921	
1366	-78639.8116366578	3858637.07863518	516.8397398	Q20251012161921	
1367	-78641.7764151476	3858621.80174784	516.838240914034	Q20251012161921	
1368	-78643.7411936374	3858606.5248605	516.836742028068	Q20251012161921	
1369	-78645.7059721272	3858591.24797316	516.835243142103	Q20251012161921	
1370	-78647.6707506171	3858575.97108581	516.833744256137	Q20251012161921	
1371	-78649.6355291069	3858560.69419847	516.832245370171	Q20251012161921	
1372	-78651.6003075967	3858545.41731113	516.830746484205	Q20251012161921	
1373	-78653.5650860865	3858530.14042379	516.829247598239	Q20251012161921	
1374	-78655.5298645763	3858514.86353644	516.827748712273	Q20251012161921	
1375	-78657.4946430661	3858499.5866491	516.826249826308	Q20251012161921	
1376	-78659.4594215559	3858484.30976176	516.824750940342	Q20251012161921	
1377	-78661.4242000457	3858469.03287442	516.823252054376	Q20251012161921	
1378	-78663.3889785355	3858453.75598708	516.82175316841	Q20251012161921	
1379	-78665.3537570253	3858438.47909973	516.820254282444	Q20251012161921	
1380	-78667.3185355151	3858423.20221239	516.818755396479	Q20251012161921	
1381	-78669.2833140049	3858407.92532505	516.817256510513	Q20251012161921	
1382	-78671.2480924946	3858392.64843771	516.815757624547	Q20251012161921	
1383	-78673.2128709844	3858377.37155036	516.814258738581	Q20251012161921	
1384	-78675.1776494742	3858362.09466302	516.812759852615	Q20251012161921	
1385	-78677.142427964	3858346.81777568	516.811260966649	Q20251012161921	
1386	-78679.1072064538	3858331.54088834	516.809762080684	Q20251012161921	
1387	-78681.0719849435	3858316.26400099	516.808263194718	Q20251012161921	
1388	-78683.0367634333	3858300.98711365	516.806764308752	Q20251012161921	
1389	-78685.001541923	3858285.71022631	516.805265422786	Q20251012161921	
1390	-78686.1450051918	3858276.81937188	516.8043931	Q20251012161921	
1391	-78701.4215851484	3858278.7865383	516.802215864121	Q20251012161921	
1392	-78716.6981651051	3858280.75370472	516.800038628242	Q20251012161921	
1393	-78731.9747450617	3858282.72087114	516.797861392363	Q20251012161921	
1394	-78747.2513250183	3858284.68803756	516.795684156484	Q20251012161921	
1395	-78762.527904975	3858286.65520398	516.793506920604	Q20251012161921	
1396	-78777.8044849316	3858288.6223704	516.791329684725	Q20251012161921	
1397	-78793.0810648882	3858290.58953682	516.789152448846	Q20251012161921	
1398	-78808.3576448448	3858292.55670324	516.786975212967	Q20251012161921	
1399	-78823.6342248015	3858294.52386966	516.784797977088	Q20251012161921	
1400	-78838.9108047581	3858296.49103608	516.782620741209	Q20251012161921	
1401	-78854.1873847147	3858298.4582025	516.780443505329	Q20251012161921	
1402	-78869.4639646713	3858300.42536892	516.77826626945	Q20251012161921	
1403	-78884.7405446279	3858302.39253534	516.776089033571	Q20251012161921	
1404	-78900.0171245846	3858304.35970176	516.773911797692	Q20251012161921	
1405	-78915.2937045412	3858306.32686818	516.771734561813	Q20251012161921	
1406	-78934.1551973455	3858308.75566412	516.7690464	Q20251012161921	
1407	-78936.1620554825	3858293.48424761	516.767630780297	Q20251012161921	
1408	-78938.1689136194	3858278.21283111	516.766215160594	Q20251012161921	
1409	-78940.1757717563	3858262.9414146	516.764799540892	Q20251012161921	
1410	-78942.1826298932	3858247.6699981	516.763383921189	Q20251012161921	
1411	-78944.1894880302	3858232.39858159	516.761968301486	Q20251012161921	
1412	-78946.1963461671	3858217.12716509	516.760552681783	Q20251012161921	
1413	-78948.203204304	3858201.85574859	516.75913706208	Q20251012161921	
1414	-78950.210062441	3858186.58433208	516.757721442377	Q20251012161921	
1415	-78952.2169205779	3858171.31291558	516.756305822675	Q20251012161921	
1416	-78954.2237787148	3858156.04149907	516.754890202972	Q20251012161921	
1417	-78956.2306368518	3858140.77008257	516.753474583269	Q20251012161921	
1418	-78958.2374949887	3858125.49866606	516.752058963566	Q20251012161921	
1419	-78960.2443531256	3858110.22724956	516.750643343863	Q20251012161921	
1420	-78962.2512112626	3858094.95583306	516.749227724161	Q20251012161921	
1421	-78964.2580693995	3858079.68441655	516.747812104458	Q20251012161921	
1422	-78966.2649275364	3858064.41300005	516.746396484755	Q20251012161921	
1423	-78968.2717856734	3858049.14158354	516.744980865052	Q20251012161921	
1424	-78970.2786438103	3858033.87016704	516.743565245349	Q20251012161921	
1425	-78972.2855019472	3858018.59875053	516.742149625647	Q20251012161921	
1426	-78974.2923600842	3858003.32733403	516.740734005944	Q20251012161921	
1427	-78976.2992182211	3857988.05591752	516.739318386241	Q20251012161921	
1428	-78978.306076358	3857972.78450102	516.737902766538	Q20251012161921	
1429	-78980.312934495	3857957.51308452	516.736487146835	Q20251012161921	
1430	-78982.3197926319	3857942.24166801	516.735071527133	Q20251012161921	
1431	-78984.2645680812	3857927.44267682	516.7336997	Q20251012161921	
1432	-78999.5093044081	3857929.64305242	516.731430069407	Q20251012161921	
1433	-79014.754040735	3857931.84342803	516.729160438815	Q20251012161921	
1434	-79029.9987770618	3857934.04380364	516.726890808222	Q20251012161921	
1435	-79045.2435133887	3857936.24417924	516.724621177629	Q20251012161921	
1436	-79060.4882497155	3857938.44455485	516.722351547036	Q20251012161921	
1437	-79075.7329860424	3857940.64493046	516.720081916444	Q20251012161921	
1438	-79090.9777223693	3857942.84530606	516.717812285851	Q20251012161921	
1439	-79106.2224586961	3857945.04568167	516.715542655258	Q20251012161921	
1440	-79121.467195023	3857947.24605728	516.713273024666	Q20251012161921	
1441	-79136.7119313498	3857949.44643288	516.711003394073	Q20251012161921	
1442	-79151.9566676767	3857951.64680849	516.70873376348	Q20251012161921	
1443	-79167.2014040035	3857953.8471841	516.706464132888	Q20251012161921	
1444	-79182.4461403304	3857956.0475597	516.704194502295	Q20251012161921	
1445	-79197.6908766572	3857958.24793531	516.701924871702	Q20251012161921	
1446	-79212.9356129841	3857960.44831092	516.699655241109	Q20251012161921	
1447	-79221.682552865	3857961.71081574	516.698353	Q20251012161921	
1448	-79223.9121790741	3857946.47033015	516.695233366842	Q20251012161921	
1449	-79226.1418052831	3857931.22984457	516.692113733684	Q20251012161921	
1450	-79228.3714314922	3857915.98935898	516.688994100526	Q20251012161921	
1451	-79230.6010577013	3857900.7488734	516.685874467368	Q20251012161921	
1452	-79232.8306839104	3857885.50838781	516.682754834211	Q20251012161921	
1453	-79235.0603101195	3857870.26790223	516.679635201053	Q20251012161921	
1454	-79237.2899363286	3857855.02741664	516.676515567895	Q20251012161921	
1455	-79239.5195625376	3857839.78693106	516.673395934737	Q20251012161921	
1456	-79241.7491887467	3857824.54644547	516.670276301579	Q20251012161921	
1457	-79243.9788149558	3857809.30595989	516.667156668421	Q20251012161921	
1458	-79246.9451157165	3857789.0299765	516.6630063	Q20251012161921	
1459	-79262.1999271647	3857791.15938271	516.662300780435	Q20251012161921	
1460	-79277.4547386129	3857793.28878892	516.661595260869	Q20251012161921	
1461	-79292.7095500611	3857795.41819513	516.660889741304	Q20251012161921	
1462	-79307.9643615093	3857797.54760135	516.660184221739	Q20251012161921	
1463	-79323.2191729575	3857799.67700756	516.659478702174	Q20251012161921	
1464	-79338.4739844057	3857801.80641377	516.658773182608	Q20251012161921	
1465	-79353.7287958539	3857803.93581999	516.658067663043	Q20251012161921	
1466	-79368.9836073021	3857806.0652262	516.657362143478	Q20251012161921	
1467	-79384.2384187503	3857808.19463241	516.656656623913	Q20251012161921	
1468	-79399.4932301985	3857810.32403862	516.655951104347	Q20251012161921	
1469	-79414.7480416466	3857812.45344484	516.655245584782	Q20251012161921	
1470	-79430.0028530948	3857814.58285105	516.654540065217	Q20251012161921	
1471	-79445.257664543	3857816.71225726	516.653834545652	Q20251012161921	
1472	-79460.5124759912	3857818.84166348	516.653129026087	Q20251012161921	
1473	-79475.7672874394	3857820.97106969	516.652423506521	Q20251012161921	
1474	-79491.0220988876	3857823.1004759	516.651717986956	Q20251012161921	
1475	-79506.2769103358	3857825.22988211	516.651012467391	Q20251012161921	
1476	-79521.531721784	3857827.35928833	516.650306947826	Q20251012161921	
1477	-79536.7865332322	3857829.48869454	516.649601428261	Q20251012161921	
1478	-79552.0413446804	3857831.61810075	516.648895908695	Q20251012161921	
1479	-79567.2961561285	3857833.74750697	516.64819038913	Q20251012161921	
1480	-79582.5509675767	3857835.87691318	516.647484869565	Q20251012161921	
1481	-79597.8057790249	3857838.00631939	516.64677935	Q20251012161921	
1482	-79613.0605904731	3857840.1357256	516.646073830435	Q20251012161921	
1483	-79628.3154019213	3857842.26513182	516.645368310869	Q20251012161921	
1484	-79643.5702133695	3857844.39453803	516.644662791304	Q20251012161921	
1485	-79658.8250248177	3857846.52394424	516.643957271739	Q20251012161921	
1486	-79674.0798362659	3857848.65335045	516.643251752174	Q20251012161921	
1487	-79689.3346477141	3857850.78275667	516.642546232609	Q20251012161921	
1488	-79704.5894591623	3857852.91216288	516.641840713043	Q20251012161921	
1489	-79719.8442706105	3857855.04156909	516.641135193478	Q20251012161921	
1490	-79735.0990820586	3857857.17097531	516.640429673913	Q20251012161921	
1491	-79750.3538935068	3857859.30038152	516.639724154348	Q20251012161921	
1492	-79765.608704955	3857861.42978773	516.639018634783	Q20251012161921	
1493	-79780.8635164032	3857863.55919394	516.638313115217	Q20251012161921	
1494	-79796.1183278514	3857865.68860016	516.637607595652	Q20251012161921	
1495	-79811.3731392996	3857867.81800637	516.636902076087	Q20251012161921	
1496	-79826.6279507478	3857869.94741258	516.636196556522	Q20251012161921	
1497	-79841.882762196	3857872.0768188	516.635491036957	Q20251012161921	
1498	-79857.1375736442	3857874.20622501	516.634785517391	Q20251012161921	
1499	-79872.3923850924	3857876.33563122	516.634079997826	Q20251012161921	
1500	-79887.6471965406	3857878.46503743	516.633374478261	Q20251012161921	
1501	-79902.9020079889	3857880.59444365	516.632668958696	Q20251012161921	
1502	-79918.1568194371	3857882.72384986	516.631963439131	Q20251012161921	
1503	-79933.4116308853	3857884.85325607	516.631257919565	Q20251012161921	
1504	-79948.6664423335	3857886.98266228	516.6305524	Q20251012161921	
1505	-79963.9212537817	3857889.1120685	516.629846880435	Q20251012161921	
1506	-79979.1760652299	3857891.24147471	516.62914136087	Q20251012161921	
1507	-79994.4308766781	3857893.37088092	516.628435841305	Q20251012161921	
1508	-80011.2148403322	3857895.7137402	516.6276596	Q20251012161921	
1509	-80023.8617003781	3857886.92166604	516.625090299461	Q20251012161921	
1510	-80036.5085604241	3857878.12959188	516.622520998923	Q20251012161921	
1511	-80049.15542047	3857869.33751772	516.619951698384	Q20251012161921	
1512	-80061.802280516	3857860.54544356	516.617382397846	Q20251012161921	
1513	-80074.4491405619	3857851.7533694	516.614813097307	Q20251012161921	
1514	-80087.0960006079	3857842.96129524	516.612243796769	Q20251012161921	
1515	-80099.7428606538	3857834.16922109	516.60967449623	Q20251012161921	
1516	-80112.3897206998	3857825.37714693	516.607105195692	Q20251012161921	
1517	-80125.0365807457	3857816.58507277	516.604535895154	Q20251012161921	
1518	-80137.6834407916	3857807.79299861	516.601966594615	Q20251012161921	
1519	-80150.3303008376	3857799.00092445	516.599397294077	Q20251012161921	
1520	-80162.9771608836	3857790.20885029	516.596827993538	Q20251012161921	
1521	-80175.6240209295	3857781.41677613	516.594258693	Q20251012161921	
1522	-80185.2017917566	3857774.75832723	516.5923129	Q20251012161921	
1523	-80195.7153478613	3857763.50182794	516.589977735641	Q20251012161921	
1524	-80206.2289039661	3857752.24532866	516.587642571282	Q20251012161921	
1525	-80216.7424600709	3857740.98882937	516.585307406924	Q20251012161921	
1526	-80227.2560161756	3857729.73233008	516.582972242565	Q20251012161921	
1527	-80237.7695722804	3857718.47583079	516.580637078206	Q20251012161921	
1528	-80248.2831283851	3857707.2193315	516.578301913847	Q20251012161921	
1529	-80258.7966844899	3857695.96283222	516.575966749489	Q20251012161921	
1530	-80269.3102405946	3857684.70633293	516.57363158513	Q20251012161921	
1531	-80279.8237966994	3857673.44983364	516.571296420771	Q20251012161921	
1532	-80290.3373528041	3857662.19333435	516.568961256412	Q20251012161921	
1533	-80300.8509089088	3857650.93683507	516.566626092054	Q20251012161921	
1534	-80311.3644650135	3857639.68033578	516.564290927695	Q20251012161921	
1535	-80321.8780211182	3857628.42383649	516.561955763336	Q20251012161921	
1536	-80332.3915772228	3857617.1673372	516.559620598978	Q20251012161921	
1537	-80344.3424159165	3857604.37198938	516.5569662	Q20251012161921	
1538	-80355.8411510816	3857594.12392945	516.555966953487	Q20251012161921	
1539	-80367.3398862466	3857583.87586953	516.554967706974	Q20251012161921	
1540	-80378.8386214117	3857573.6278096	516.553968460461	Q20251012161921	
1541	-80390.3373565768	3857563.37974967	516.552969213948	Q20251012161921	
1542	-80401.8360917418	3857553.13168975	516.551969967435	Q20251012161921	
1543	-80413.3348269069	3857542.88362982	516.550970720922	Q20251012161921	
1544	-80424.8335620719	3857532.6355699	516.549971474409	Q20251012161921	
1545	-80436.332297237	3857522.38750997	516.548972227896	Q20251012161921	
1546	-80447.831032402	3857512.13945005	516.547972981384	Q20251012161921	
1547	-80459.3297675671	3857501.89139012	516.546973734871	Q20251012161921	
1548	-80470.8285027321	3857491.6433302	516.545974488358	Q20251012161921	
1549	-80482.3272378971	3857481.39527027	516.544975241845	Q20251012161921	
1550	-80493.8259730622	3857471.14721034	516.543975995332	Q20251012161921	
1551	-80505.3247082272	3857460.89915042	516.542976748819	Q20251012161921	
1552	-80516.8234433922	3857450.65109049	516.541977502306	Q20251012161921	
1553	-80528.3221785573	3857440.40303057	516.540978255793	Q20251012161921	
1554	-80539.8209137223	3857430.15497064	516.53997900928	Q20251012161921	
1555	-80551.3196488873	3857419.90691072	516.538979762767	Q20251012161921	
1556	-80562.8183840523	3857409.65885079	516.537980516254	Q20251012161921	
1557	-80574.3171192173	3857399.41079086	516.536981269741	Q20251012161921	
1558	-80585.8158543823	3857389.16273094	516.535982023228	Q20251012161921	
1559	-80597.3145895473	3857378.91467101	516.534982776715	Q20251012161921	
1560	-80608.8133247123	3857368.66661109	516.533983530202	Q20251012161921	
1561	-80620.3120598773	3857358.41855116	516.532984283689	Q20251012161921	
1562	-80631.8107950422	3857348.17049124	516.531985037176	Q20251012161921	
1563	-80643.3095302072	3857337.92243131	516.530985790663	Q20251012161921	
1564	-80654.8082653722	3857327.67437138	516.52998654415	Q20251012161921	
1565	-80666.3070005372	3857317.42631146	516.528987297637	Q20251012161921	
1566	-80677.8057357021	3857307.17825153	516.527988051124	Q20251012161921	
1567	-80689.3044708671	3857296.93019161	516.526988804611	Q20251012161921	
1568	-80700.8032060321	3857286.68213168	516.525989558098	Q20251012161921	
1569	-80712.301941197	3857276.43407176	516.524990311585	Q20251012161921	
1570	-80723.800676362	3857266.18601183	516.523991065072	Q20251012161921	
1571	-80735.299411527	3857255.9379519	516.522991818559	Q20251012161921	
1572	-80744.8772389756	3857247.40186961	516.5221595	Q20251012161921	
1573	-80760.1410238724	3857245.33779751	516.511176640065	Q20251012161953	
1574	-80775.4048087691	3857243.27372541	516.50019378013	Q20251012161953	
1575	-80790.6685936659	3857241.20965331	516.489210920195	Q20251012161953	
1576	-80805.9323785627	3857239.1455812	516.478228060261	Q20251012161953	
1577	-80821.1961634595	3857237.0815091	516.467245200326	Q20251012161953	
1578	-80836.4599483562	3857235.017437	516.456262340391	Q20251012161953	
1579	-80851.723733253	3857232.9533649	516.445279480456	Q20251012161953	
1580	-80866.9875181498	3857230.8892928	516.434296620521	Q20251012161953	
1581	-80882.2513030465	3857228.8252207	516.423313760586	Q20251012161953	
1582	-80897.5150879433	3857226.7611486	516.412330900651	Q20251012161953	
1583	-80912.7788728401	3857224.6970765	516.401348040716	Q20251012161953	
1584	-80928.0426577369	3857222.6330044	516.390365180782	Q20251012161953	
1585	-80943.3064426336	3857220.5689323	516.379382320847	Q20251012161953	
1586	-80958.5702275304	3857218.5048602	516.368399460912	Q20251012161953	
1587	-80973.8340124272	3857216.44078809	516.357416600977	Q20251012161953	
1588	-80989.097797324	3857214.37671599	516.346433741042	Q20251012161953	
1589	-81004.3615822207	3857212.31264389	516.335450881107	Q20251012161953	
1590	-81019.6253671175	3857210.24857179	516.324468021172	Q20251012161953	
1591	-81034.8891520143	3857208.18449969	516.313485161238	Q20251012161953	
1592	-81050.152936911	3857206.12042759	516.302502301303	Q20251012161953	
1593	-81065.4167218078	3857204.05635549	516.291519441368	Q20251012161953	
1594	-81080.6805067046	3857201.99228339	516.280536581433	Q20251012161953	
1595	-81095.9442916013	3857199.92821129	516.269553721498	Q20251012161953	
1596	-81111.2080764981	3857197.86413919	516.258570861563	Q20251012161953	
1597	-81126.4718613948	3857195.80006709	516.247588001628	Q20251012161953	
1598	-81141.7356462916	3857193.73599498	516.236605141693	Q20251012161953	
1599	-81156.9994311883	3857191.67192288	516.225622281759	Q20251012161953	
1600	-81172.2632160851	3857189.60785078	516.214639421824	Q20251012161953	
1601	-81187.5270009819	3857187.54377868	516.203656561889	Q20251012161953	
1602	-81202.7907858786	3857185.47970658	516.192673701954	Q20251012161953	
1603	-81218.0545707754	3857183.41563448	516.181690842019	Q20251012161953	
1604	-81233.3183556721	3857181.35156238	516.170707982084	Q20251012161953	
1605	-81248.5821405689	3857179.28749028	516.159725122149	Q20251012161953	
1606	-81263.8459254656	3857177.22341818	516.148742262214	Q20251012161953	
1607	-81279.1097103624	3857175.15934607	516.13775940228	Q20251012161953	
1608	-81294.3734952592	3857173.09527397	516.126776542345	Q20251012161953	
1609	-81309.6372801559	3857171.03120187	516.11579368241	Q20251012161953	
1610	-81324.9010650527	3857168.96712977	516.104810822475	Q20251012161953	
1611	-81340.1648499494	3857166.90305767	516.09382796254	Q20251012161953	
1612	-81355.4286348462	3857164.83898557	516.082845102605	Q20251012161953	
1613	-81370.6924197429	3857162.77491347	516.07186224267	Q20251012161953	
1614	-81385.9562046397	3857160.71084137	516.060879382735	Q20251012161953	
1615	-81401.2199895365	3857158.64676927	516.049896522801	Q20251012161953	
1616	-81416.4837744332	3857156.58269716	516.038913662866	Q20251012161953	
1617	-81431.74755933	3857154.51862506	516.027930802931	Q20251012161953	
1618	-81447.0113442267	3857152.45455296	516.016947942996	Q20251012161953	
1619	-81462.2751291235	3857150.39048086	516.005965083061	Q20251012161953	
1620	-81477.5389140203	3857148.32640876	515.994982223126	Q20251012161953	
1621	-81492.802698917	3857146.26233666	515.983999363192	Q20251012161953	
1622	-81508.0664838138	3857144.19826456	515.973016503257	Q20251012161953	
1623	-81517.8740434101	3857142.8720201	515.9659596	Q20251012161953	
1624	-81532.4327159558	3857137.84323337	515.964789041144	Q20251012161953	
1625	-81546.9913885015	3857132.81444664	515.963618482288	Q20251012161953	
1626	-81561.5500610472	3857127.78565991	515.962447923432	Q20251012161953	
1627	-81576.1087335928	3857122.75687318	515.961277364576	Q20251012161953	
1628	-81590.6674061385	3857117.72808645	515.96010680572	Q20251012161953	
1629	-81605.2260786842	3857112.69929972	515.958936246864	Q20251012161953	
1630	-81619.7847512299	3857107.67051299	515.957765688008	Q20251012161953	
1631	-81634.3434237756	3857102.64172626	515.956595129152	Q20251012161953	
1632	-81648.9020963213	3857097.61293953	515.955424570296	Q20251012161953	
1633	-81663.460768867	3857092.5841528	515.95425401144	Q20251012161953	
1634	-81678.0194414127	3857087.55536607	515.953083452584	Q20251012161953	
1635	-81692.5781139584	3857082.52657934	515.951912893728	Q20251012161953	
1636	-81707.1367865041	3857077.49779261	515.950742334873	Q20251012161953	
1637	-81721.6954590498	3857072.46900588	515.949571776017	Q20251012161953	
1638	-81736.2541315955	3857067.44021916	515.948401217161	Q20251012161953	
1639	-81750.8128041412	3857062.41143243	515.947230658305	Q20251012161953	
1640	-81765.3714766869	3857057.3826457	515.946060099449	Q20251012161953	
1641	-81779.9301492326	3857052.35385897	515.944889540593	Q20251012161953	
1642	-81794.4888217783	3857047.32507224	515.943718981737	Q20251012161953	
1643	-81809.0474943239	3857042.29628551	515.942548422881	Q20251012161953	
1644	-81823.6061668696	3857037.26749878	515.941377864025	Q20251012161953	
1645	-81838.1648394153	3857032.23871205	515.940207305169	Q20251012161953	
1646	-81852.723511961	3857027.20992532	515.939036746313	Q20251012161953	
1647	-81867.2821845067	3857022.18113859	515.937866187457	Q20251012161953	
1648	-81881.8408570523	3857017.15235186	515.936695628601	Q20251012161953	
1649	-81896.399529598	3857012.12356513	515.935525069745	Q20251012161953	
1650	-81910.9582021437	3857007.0947784	515.934354510889	Q20251012161953	
1651	-81925.5168746894	3857002.06599167	515.933183952033	Q20251012161953	
1652	-81940.0755472351	3856997.03720494	515.932013393177	Q20251012161953	
1653	-81954.6342197808	3856992.00841821	515.930842834321	Q20251012161953	
1654	-81969.1928923264	3856986.97963148	515.929672275465	Q20251012161953	
1655	-81983.7515648721	3856981.95084475	515.928501716609	Q20251012161953	
1656	-81998.3102374178	3856976.92205802	515.927331157753	Q20251012161953	
1657	-82012.8689099635	3856971.89327129	515.926160598897	Q20251012161953	
1658	-82027.4275825092	3856966.86448456	515.924990040041	Q20251012161953	
1659	-82041.9862550548	3856961.83569783	515.923819481185	Q20251012161953	
1660	-82056.5449276005	3856956.8069111	515.922648922329	Q20251012161953	
1661	-82071.1036001462	3856951.77812437	515.921478363473	Q20251012161953	
1662	-82085.6622726919	3856946.74933764	515.920307804617	Q20251012161953	
1663	-82100.2209452376	3856941.72055091	515.919137245761	Q20251012161953	
1664	-82114.7796177833	3856936.69176418	515.917966686905	Q20251012161953	
1665	-82129.338290329	3856931.66297745	515.916796128049	Q20251012161953	
1666	-82143.8969628746	3856926.63419072	515.915625569193	Q20251012161953	
1667	-82158.4556354203	3856921.60540399	515.914455010337	Q20251012161953	
1668	-82173.014307966	3856916.57661726	515.913284451481	Q20251012161953	
1669	-82187.5729805117	3856911.54783053	515.912113892625	Q20251012161953	
1670	-82202.1316530574	3856906.5190438	515.910943333769	Q20251012161953	
1671	-82216.6903256031	3856901.49025707	515.909772774913	Q20251012161953	
1672	-82231.2489981488	3856896.46147034	515.908602216057	Q20251012161953	
1673	-82245.8076706945	3856891.43268361	515.907431657201	Q20251012161953	
1674	-82260.3663432402	3856886.40389688	515.906261098345	Q20251012161953	
1675	-82274.9250157858	3856881.37511015	515.905090539489	Q20251012161953	
1676	-82289.4836883315	3856876.34632342	515.903919980633	Q20251012161953	
1677	-82304.0423608772	3856871.31753669	515.902749421777	Q20251012161953	
1678	-82318.6010334229	3856866.28874996	515.901578862921	Q20251012161953	
1679	-82333.1597059686	3856861.25996323	515.900408304065	Q20251012161953	
1680	-82347.7183785143	3856856.2311765	515.899237745209	Q20251012161953	
1681	-82362.27705106	3856851.20238977	515.898067186353	Q20251012161953	
1682	-82376.8357236057	3856846.17360304	515.896896627497	Q20251012161953	
1683	-82391.3943961514	3856841.14481632	515.895726068641	Q20251012161953	
1684	-82405.953068697	3856836.11602959	515.894555509785	Q20251012161953	
1685	-82420.5117412427	3856831.08724286	515.893384950929	Q20251012161953	
1686	-82435.0704137884	3856826.05845613	515.892214392073	Q20251012161953	
1687	-82449.6290863341	3856821.0296694	515.891043833216	Q20251012161953	
1688	-82464.1877588798	3856816.00088267	515.889873274361	Q20251012161953	
1689	-82478.7464314255	3856810.97209594	515.888702715504	Q20251012161953	
1690	-82493.3051039712	3856805.94330921	515.887532156648	Q20251012161953	
1691	-82507.8637765169	3856800.91452248	515.886361597792	Q20251012161953	
1692	-82522.4224490625	3856795.88573575	515.885191038936	Q20251012161953	
1693	-82536.9811216082	3856790.85694902	515.88402048008	Q20251012161953	
1694	-82551.5397941539	3856785.82816229	515.882849921224	Q20251012161953	
1695	-82566.0984666996	3856780.79937556	515.881679362368	Q20251012161953	
1696	-82580.6571392453	3856775.77058883	515.880508803512	Q20251012161953	
1697	-82595.215811791	3856770.7418021	515.879338244656	Q20251012161953	
1698	-82609.7744843367	3856765.71301537	515.8781676858	Q20251012161953	
1699	-82624.3331568824	3856760.68422864	515.876997126944	Q20251012161953	
1700	-82638.8918294281	3856755.65544191	515.875826568088	Q20251012161953	
1701	-82653.4505019738	3856750.62665518	515.874656009232	Q20251012161953	
1702	-82668.0091745194	3856745.59786845	515.873485450376	Q20251012161953	
1703	-82682.5678470651	3856740.56908172	515.87231489152	Q20251012161953	
1704	-82697.1265196108	3856735.54029499	515.871144332664	Q20251012161953	
1705	-82711.6851921565	3856730.51150826	515.869973773808	Q20251012161953	
1706	-82726.2438647022	3856725.48272153	515.868803214952	Q20251012161953	
1707	-82740.8025372479	3856720.4539348	515.867632656096	Q20251012161953	
1708	-82755.3612097936	3856715.42514807	515.86646209724	Q20251012161953	
1709	-82769.9198823393	3856710.39636134	515.865291538384	Q20251012161953	
1710	-82783.8825502885	3856705.57344366	515.8641689	Q20251012161953	
1711	-82799.1634268731	3856703.63993558	515.863181058869	Q20251012161953	
1712	-82814.4443034578	3856701.70642751	515.862193217737	Q20251012161953	
1713	-82829.7251800424	3856699.77291944	515.861205376606	Q20251012161953	
1714	-82845.0060566271	3856697.83941137	515.860217535475	Q20251012161953	
1715	-82860.2869332117	3856695.9059033	515.859229694344	Q20251012161953	
1716	-82875.5678097964	3856693.97239522	515.858241853212	Q20251012161953	
1717	-82890.8486863811	3856692.03888715	515.857254012081	Q20251012161953	
1718	-82906.1295629657	3856690.10537908	515.85626617095	Q20251012161953	
1719	-82921.4104395504	3856688.17187101	515.855278329818	Q20251012161953	
1720	-82936.691316135	3856686.23836293	515.854290488687	Q20251012161953	
1721	-82951.9721927197	3856684.30485486	515.853302647556	Q20251012161953	
1722	-82967.2530693043	3856682.37134679	515.852314806424	Q20251012161953	
1723	-82982.533945889	3856680.43783872	515.851326965293	Q20251012161953	
1724	-82997.8148224737	3856678.50433065	515.850339124162	Q20251012161953	
1725	-83013.0956990583	3856676.57082257	515.849351283031	Q20251012161953	
1726	-83028.376575643	3856674.6373145	515.848363441899	Q20251012161953	
1727	-83043.6574522276	3856672.70380643	515.847375600768	Q20251012161953	
1728	-83058.9383288123	3856670.77029836	515.846387759637	Q20251012161953	
1729	-83074.2192053969	3856668.83679029	515.845399918505	Q20251012161953	
1730	-83089.5000819816	3856666.90328221	515.844412077374	Q20251012161953	
1731	-83104.7809585662	3856664.96977414	515.843424236243	Q20251012161953	
1732	-83120.0618351509	3856663.03626607	515.842436395112	Q20251012161953	
1733	-83135.3427117355	3856661.102758	515.84144855398	Q20251012161953	
1734	-83150.6235883201	3856659.16924993	515.840460712849	Q20251012161953	
1735	-83165.9044649048	3856657.23574185	515.839472871718	Q20251012161953	
1736	-83181.1853414894	3856655.30223378	515.838485030586	Q20251012161953	
1737	-83196.4662180741	3856653.36872571	515.837497189455	Q20251012161953	
1738	-83211.7470946587	3856651.43521764	515.836509348324	Q20251012161953	
1739	-83227.0279712434	3856649.50170957	515.835521507193	Q20251012161953	
1740	-83242.308847828	3856647.56820149	515.834533666061	Q20251012161953	
1741	-83257.5897244126	3856645.63469342	515.83354582493	Q20251012161953	
1742	-83272.8706009973	3856643.70118535	515.832557983799	Q20251012161953	
1743	-83288.1514775819	3856641.76767728	515.831570142667	Q20251012161953	
1744	-83303.4323541666	3856639.83416921	515.830582301536	Q20251012161953	
1745	-83318.7132307512	3856637.90066113	515.829594460405	Q20251012161953	
1746	-83333.9941073359	3856635.96715306	515.828606619274	Q20251012161953	
1747	-83349.2749839205	3856634.03364499	515.827618778142	Q20251012161953	
1748	-83364.5558605051	3856632.10013692	515.826630937011	Q20251012161953	
1749	-83379.8367370898	3856630.16662885	515.82564309588	Q20251012161953	
1750	-83395.1176136744	3856628.23312077	515.824655254748	Q20251012161953	
1751	-83410.3984902591	3856626.2996127	515.823667413617	Q20251012161953	
1752	-83425.6793668437	3856624.36610463	515.822679572486	Q20251012161953	
1753	-83440.9602434283	3856622.43259656	515.821691731354	Q20251012161953	
1754	-83456.241120013	3856620.49908848	515.820703890223	Q20251012161953	
1755	-83471.5219965976	3856618.56558041	515.819716049092	Q20251012161953	
1756	-83486.8028731823	3856616.63207234	515.818728207961	Q20251012161953	
1757	-83502.0837497669	3856614.69856427	515.817740366829	Q20251012161953	
1758	-83517.3646263516	3856612.7650562	515.816752525698	Q20251012161953	
1759	-83532.6455029362	3856610.83154812	515.815764684567	Q20251012161953	
1760	-83547.9263795208	3856608.89804005	515.814776843435	Q20251012161953	
1761	-83563.2072561055	3856606.96453198	515.813789002304	Q20251012161953	
1762	-83578.4881326901	3856605.03102391	515.812801161173	Q20251012161953	
1763	-83593.7690092748	3856603.09751583	515.811813320042	Q20251012161953	
1764	-83609.0498858594	3856601.16400776	515.81082547891	Q20251012161953	
1765	-83624.330762444	3856599.23049969	515.809837637779	Q20251012161953	
1766	-83639.6116390287	3856597.29699162	515.808849796648	Q20251012161953	
1767	-83654.8925156133	3856595.36348354	515.807861955516	Q20251012161953	
1768	-83670.173392198	3856593.42997547	515.806874114385	Q20251012161953	
1769	-83685.4542687826	3856591.4964674	515.805886273254	Q20251012161953	
1770	-83700.7351453673	3856589.56295933	515.804898432123	Q20251012161953	
1771	-83716.0160219519	3856587.62945126	515.803910590991	Q20251012161953	
1772	-83731.2968985365	3856585.69594318	515.80292274986	Q20251012161953	
1773	-83746.5777751212	3856583.76243511	515.801934908729	Q20251012161953	
1774	-83761.8586517058	3856581.82892704	515.800947067598	Q20251012161953	
1775	-83777.1395282905	3856579.89541897	515.799959226466	Q20251012161953	
1776	-83792.4204048751	3856577.96191089	515.798971385335	Q20251012161953	
1777	-83807.7012814598	3856576.02840282	515.797983544204	Q20251012161953	
1778	-83822.9821580444	3856574.09489475	515.796995703073	Q20251012161953	
1779	-83838.263034629	3856572.16138668	515.796007861941	Q20251012161953	
1780	-83853.5439112137	3856570.22787861	515.79502002081	Q20251012161953	
1781	-83868.8247877983	3856568.29437053	515.794032179679	Q20251012161953	
1782	-83884.105664383	3856566.36086246	515.793044338548	Q20251012161953	
1783	-83899.3865409676	3856564.42735439	515.792056497417	Q20251012161953	
1784	-83914.6674175522	3856562.49384632	515.791068656285	Q20251012161953	
1785	-83929.9482941369	3856560.56033824	515.790080815154	Q20251012161953	
1786	-83945.2291707215	3856558.62683017	515.789092974023	Q20251012161953	
1787	-83960.5100473062	3856556.6933221	515.788105132892	Q20251012161953	
1788	-83975.7909238908	3856554.75981403	515.78711729176	Q20251012161953	
1789	-83991.0718004755	3856552.82630595	515.786129450629	Q20251012161953	
1790	-84006.3526770601	3856550.89279788	515.785141609498	Q20251012161953	
1791	-84021.6335536447	3856548.95928981	515.784153768367	Q20251012161953	
1792	-84036.9144302294	3856547.02578174	515.783165927235	Q20251012161953	
1793	-84052.195306814	3856545.09227367	515.782178086104	Q20251012161953	
1794	-84067.4761833987	3856543.15876559	515.781190244973	Q20251012161953	
1795	-84082.7570599833	3856541.22525752	515.780202403842	Q20251012161953	
1796	-84098.037936568	3856539.29174945	515.77921456271	Q20251012161953	
1797	-84113.3188131526	3856537.35824138	515.778226721579	Q20251012161953	
1798	-84128.5996897372	3856535.4247333	515.777238880448	Q20251012161953	
1799	-84143.8805663219	3856533.49122523	515.776251039317	Q20251012161953	
1800	-84159.1614429065	3856531.55771716	515.775263198185	Q20251012161953	
1801	-84174.4423194912	3856529.62420909	515.774275357054	Q20251012161953	
1802	-84189.7231960758	3856527.69070101	515.773287515923	Q20251012161953	
1803	-84205.0040726604	3856525.75719294	515.772299674792	Q20251012161953	
1804	-84220.2849492451	3856523.82368487	515.771311833661	Q20251012161953	
1805	-84235.5658258297	3856521.8901768	515.770323992529	Q20251012161953	
1806	-84250.8467024144	3856519.95666873	515.769336151398	Q20251012161953	
1807	-84266.127578999	3856518.02316065	515.768348310267	Q20251012161953	
1808	-84281.4084555837	3856516.08965258	515.767360469136	Q20251012161953	
1809	-84296.6893321683	3856514.15614451	515.766372628004	Q20251012161953	
1810	-84311.9702087529	3856512.22263644	515.765384786873	Q20251012161953	
1811	-84327.2510853376	3856510.28912836	515.764396945742	Q20251012161953	
1812	-84342.5319619222	3856508.35562029	515.763409104611	Q20251012161953	
1813	-84358.4789858208	3856506.33782378	515.7623782	Q20251012161953	
1814	-84373.7368326618	3856508.44537052	515.76279664397	Q20251012161953	
1815	-84388.9946795029	3856510.55291725	515.76321508794	Q20251012161953	
1816	-84404.252526344	3856512.66046399	515.76363353191	Q20251012161953	
1817	-84419.5103731851	3856514.76801072	515.764051975881	Q20251012161953	
1818	-84434.7682200261	3856516.87555745	515.764470419851	Q20251012161953	
1819	-84450.0260668672	3856518.98310419	515.764888863821	Q20251012161953	
1820	-84465.2839137083	3856521.09065092	515.765307307791	Q20251012161953	
1821	-84480.5417605493	3856523.19819765	515.765725751761	Q20251012161953	
1822	-84495.7996073904	3856525.30574439	515.766144195731	Q20251012161953	
1823	-84511.0574542315	3856527.41329112	515.766562639701	Q20251012161953	
1824	-84526.3153010726	3856529.52083786	515.766981083671	Q20251012161953	
1825	-84536.1147785675	3856530.87442706	515.767249832749	Q20251012161953	
1826	-84551.4517940356	3856532.29555287	515.765984726163	Q20251012161953	
1827	-84566.7888095036	3856533.71667868	515.764719619578	Q20251012161953	
1828	-84582.1258249717	3856535.13780449	515.763454512992	Q20251012161953	
1829	-84597.4628404398	3856536.5589303	515.762189406406	Q20251012161953	
1830	-84612.7998559078	3856537.98005611	515.76092429982	Q20251012161953	
1831	-84628.1368713758	3856539.40118192	515.759659193235	Q20251012161953	
1832	-84643.4738868439	3856540.82230773	515.758394086649	Q20251012161953	
1833	-84658.8109023119	3856542.24343354	515.757128980063	Q20251012161953	
1834	-84674.14791778	3856543.66455935	515.755863873477	Q20251012161953	
1835	-84694.1277114172	3856545.51588437	515.754215797385	Q20251012161953	
1836	-84709.3693693118	3856547.73748457	515.753305594981	Q20251012161953	
1837	-84724.6110272064	3856549.95908476	515.752395392576	Q20251012161953	
1838	-84739.852685101	3856552.18068496	515.751485190172	Q20251012161953	
1839	-84755.0943429956	3856554.40228516	515.750574987767	Q20251012161953	
1840	-84770.3360008902	3856556.62388535	515.749664785362	Q20251012161953	
1841	-84785.5776587849	3856558.84548555	515.748754582958	Q20251012161953	
1842	-84800.8193166795	3856561.06708575	515.747844380553	Q20251012161953	
1843	-84816.0609745741	3856563.28868594	515.746934178149	Q20251012161953	
1844	-84831.3026324687	3856565.51028614	515.746023975744	Q20251012161953	
1845	-84846.5442903633	3856567.73188633	515.745113773339	Q20251012161953	
1846	-84861.785948258	3856569.95348653	515.744203570935	Q20251012161953	
1847	-84877.0276061526	3856572.17508673	515.74329336853	Q20251012161953	
1848	-84892.2692640472	3856574.39668692	515.742383166125	Q20251012161953	
1849	-84907.5109219418	3856576.61828712	515.741472963721	Q20251012161953	
1850	-84922.7525798365	3856578.83988731	515.740562761316	Q20251012161953	
1851	-84937.9942377311	3856581.06148751	515.739652558912	Q20251012161953	
1852	-84953.2358956257	3856583.28308771	515.738742356507	Q20251012161953	
1853	-84968.4775535203	3856585.5046879	515.737832154102	Q20251012161953	
1854	-84983.719211415	3856587.7262881	515.736921951698	Q20251012161953	
1855	-84998.9608693096	3856589.9478883	515.736011749293	Q20251012161953	
1856	-85014.2025272042	3856592.16948849	515.735101546889	Q20251012161953	
1857	-85029.4441850988	3856594.39108869	515.734191344484	Q20251012161953	
1858	-85044.6858429935	3856596.61268888	515.733281142079	Q20251012161953	
1859	-85059.9275008881	3856598.83428908	515.732370939675	Q20251012161953	
1860	-85075.1691587827	3856601.05588928	515.73146073727	Q20251012161953	
1861	-85090.4108166773	3856603.27748947	515.730550534866	Q20251012161953	
1862	-85105.6524745719	3856605.49908967	515.729640332461	Q20251012161953	
1863	-85120.8941324666	3856607.72068986	515.728730130056	Q20251012161953	
1864	-85136.1357903612	3856609.94229006	515.727819927652	Q20251012161953	
1865	-85151.3774482558	3856612.16389026	515.726909725247	Q20251012161953	
1866	-85166.6191061504	3856614.38549045	515.725999522842	Q20251012161953	
1867	-85181.860764045	3856616.60709065	515.725089320438	Q20251012161953	
1868	-85197.1024219397	3856618.82869084	515.724179118033	Q20251012161953	
1869	-85212.3440798343	3856621.05029104	515.723268915629	Q20251012161953	
1870	-85227.5857377289	3856623.27189124	515.722358713224	Q20251012161953	
1871	-85245.3588196788	3856625.86246784	515.721297339059	Q20251012161953	
1872	-85260.6095752002	3856628.02072295	515.715421082328	Q20251012161953	
1873	-85275.8603307217	3856630.17897807	515.709544825597	Q20251012161953	
1874	-85291.1110862432	3856632.33723318	515.703668568867	Q20251012161953	
1875	-85306.3618417646	3856634.49548829	515.697792312136	Q20251012161953	
1876	-85321.6125972861	3856636.6537434	515.691916055406	Q20251012161953	
1877	-85336.8633528075	3856638.81199851	515.686039798675	Q20251012161953	
1878	-85352.114108329	3856640.97025363	515.680163541944	Q20251012161953	
1879	-85367.3648638504	3856643.12850874	515.674287285214	Q20251012161953	
1880	-85382.6156193719	3856645.28676385	515.668411028483	Q20251012161953	
1881	-85397.8663748933	3856647.44501897	515.662534771752	Q20251012161953	
1882	-85413.1171304148	3856649.60327408	515.656658515022	Q20251012161953	
1883	-85428.3678859362	3856651.76152919	515.650782258291	Q20251012161953	
1884	-85443.6186414577	3856653.9197843	515.644906001561	Q20251012161953	
1885	-85465.5417349696	3856657.02229477	515.636458831476	Q20251012161953	
1886	-85480.71167635	3856659.68997415	515.633480795726	Q20251012161953	
1887	-85495.8816177304	3856662.35765353	515.630502759975	Q20251012161953	
1888	-85511.0515591108	3856665.02533292	515.627524724224	Q20251012161953	
1889	-85526.2215004912	3856667.6930123	515.624546688473	Q20251012161953	
1890	-85541.3914418716	3856670.36069168	515.621568652722	Q20251012161953	
1891	-85556.561383252	3856673.02837106	515.618590616971	Q20251012161953	
1892	-85571.7313246324	3856675.69605044	515.61561258122	Q20251012161953	
1893	-85586.9012660129	3856678.36372982	515.612634545469	Q20251012161953	
1894	-85602.0712073933	3856681.03140921	515.609656509718	Q20251012161953	
1895	-85617.2411487737	3856683.69908859	515.606678473968	Q20251012161953	
1896	-85632.4110901541	3856686.36676797	515.603700438217	Q20251012161953	
1897	-85647.5810315345	3856689.03444735	515.600722402466	Q20251012161953	
1898	-85662.7509729149	3856691.70212673	515.597744366715	Q20251012161953	
1899	-85677.9209142953	3856694.36980611	515.594766330964	Q20251012161953	
1900	-85693.0908556757	3856697.03748549	515.591788295213	Q20251012161953	
1901	-85708.2607970561	3856699.70516488	515.588810259462	Q20251012161953	
1902	-85723.4307384365	3856702.37284426	515.585832223711	Q20251012161953	
1903	-85738.6006798169	3856705.04052364	515.58285418796	Q20251012161953	
1904	-85753.7706211973	3856707.70820302	515.579876152209	Q20251012161953	
1905	-85768.9405625777	3856710.3758824	515.576898116458	Q20251012161953	
1906	-85784.1105039581	3856713.04356178	515.573920080708	Q20251012161953	
1907	-85799.2804453385	3856715.71124117	515.570942044957	Q20251012161953	
1908	-85814.4503867189	3856718.37892055	515.567964009206	Q20251012161953	
1909	-85829.6203280993	3856721.04659993	515.564985973455	Q20251012161953	
1910	-85844.7902694797	3856723.71427931	515.562007937704	Q20251012161953	
1911	-85861.1476186879	3856726.5907679	515.5587968	Q20251012161953	
1912	-85875.746925609	3856731.50032798	515.548754912143	Q20251012161953	
1913	-85890.3462325302	3856736.40988806	515.538713024285	Q20251012161953	
1914	-85904.9455394513	3856741.31944815	515.528671136428	Q20251012161953	
1915	-85919.5448463724	3856746.22900823	515.518629248571	Q20251012161953	
1916	-85934.1441532935	3856751.13856832	515.508587360714	Q20251012161953	
1917	-85948.7434602146	3856756.0481284	515.498545472856	Q20251012161953	
1918	-85963.3427671358	3856760.95768849	515.488503584999	Q20251012161953	
1919	-85977.9420740569	3856765.86724857	515.478461697142	Q20251012161953	
1920	-85992.541380978	3856770.77680865	515.468419809285	Q20251012161953	
1921	-86009.135097949	3856776.35706331	515.4570061	Q20251012161953	
1922	-86017.1766405084	3856789.49392621	515.448631935099	Q20251012161953	
1923	-86025.2181830678	3856802.63078911	515.440257770199	Q20251012161953	
1924	-86033.2597256272	3856815.76765201	515.431883605298	Q20251012161953	
1925	-86041.3012681866	3856828.9045149	515.423509440398	Q20251012161953	
1926	-86049.342810746	3856842.0413778	515.415135275497	Q20251012161953	
1927	-86057.3843533054	3856855.1782407	515.406761110596	Q20251012161953	
1928	-86065.4258958648	3856868.31510359	515.398386945696	Q20251012161953	
1929	-86073.4674384241	3856881.45196649	515.390012780795	Q20251012161953	
1930	-86081.5089809835	3856894.58882939	515.381638615895	Q20251012161953	
1931	-86089.5505235428	3856907.72569228	515.373264450994	Q20251012161953	
1932	-86097.592066102	3856920.86255518	515.364890286093	Q20251012161953	
1933	-86106.882665129	3856936.03990763	515.3552154	Q20251012161953	
1934	-86116.5499469397	3856948.03103451	515.341718312137	Q20251012161953	
1935	-86126.2172287503	3856960.02216139	515.328221224274	Q20251012161953	
1936	-86135.884510561	3856972.01328827	515.314724136411	Q20251012161953	
1937	-86145.5517923716	3856984.00441515	515.301227048548	Q20251012161953	
1938	-86155.2190741822	3856995.99554203	515.287729960684	Q20251012161953	
1939	-86164.8863559929	3857007.98666891	515.274232872821	Q20251012161953	
1940	-86174.5536378035	3857019.97779579	515.260735784958	Q20251012161953	
1941	-86179.7901984119	3857026.47313377	515.2534247	Q20251012161953	
1942	-86195.1819713096	3857025.89265448	515.249616948741	Q20251012161953	
1943	-86210.5737442073	3857025.31217519	515.245809197481	Q20251012161953	
1944	-86225.965517105	3857024.7316959	515.242001446222	Q20251012161953	
1945	-86241.3572900027	3857024.15121662	515.238193694962	Q20251012161953	
1946	-86256.7490629004	3857023.57073733	515.234385943703	Q20251012161953	
1947	-86272.1408357981	3857022.99025804	515.230578192444	Q20251012161953	
1948	-86287.5326086958	3857022.40977875	515.226770441184	Q20251012161953	
1949	-86302.9243815935	3857021.82929947	515.222962689925	Q20251012161953	
1950	-86318.3161544912	3857021.24882018	515.219154938666	Q20251012161953	
1951	-86333.7079273889	3857020.66834089	515.215347187406	Q20251012161953	
1952	-86349.0997002866	3857020.0878616	515.211539436147	Q20251012161953	
1953	-86364.4914731843	3857019.50738232	515.207731684887	Q20251012161953	
1954	-86379.883246082	3857018.92690303	515.203923933628	Q20251012161953	
1955	-86395.2750189797	3857018.34642374	515.200116182369	Q20251012161953	
1956	-86410.6667918773	3857017.76594445	515.196308431109	Q20251012161953	
1957	-86426.058564775	3857017.18546516	515.19250067985	Q20251012161953	
1958	-86441.4503376727	3857016.60498588	515.18869292859	Q20251012161953	
1959	-86456.8421105704	3857016.02450659	515.184885177331	Q20251012161953	
1960	-86472.2338834681	3857015.4440273	515.181077426072	Q20251012161953	
1961	-86487.6256563658	3857014.86354801	515.177269674812	Q20251012161953	
1962	-86503.0174292635	3857014.28306873	515.173461923553	Q20251012161953	
1963	-86518.4092021613	3857013.70258944	515.169654172293	Q20251012161953	
1964	-86533.800975059	3857013.12211015	515.165846421034	Q20251012161953	
1965	-86549.1927479567	3857012.54163087	515.162038669775	Q20251012161953	
1966	-86564.5845208544	3857011.96115158	515.158230918515	Q20251012161953	
1967	-86579.9762937521	3857011.38067229	515.154423167256	Q20251012161953	
1968	-86591.2503205658	3857010.95548806	515.1516341	Q20251012161953	
1969	-86604.8606705613	3857003.7442609	515.13681910686	Q20251012161953	
1970	-86618.4710205568	3856996.53303374	515.122004113719	Q20251012161953	
1971	-86632.0813705522	3856989.32180659	515.107189120579	Q20251012161953	
1972	-86645.6917205477	3856982.11057943	515.092374127438	Q20251012161953	
1973	-86659.3020705432	3856974.89935227	515.077559134298	Q20251012161953	
1974	-86672.9124205387	3856967.68812511	515.062744141157	Q20251012161953	
1975	-86684.7641710379	3856961.40866388	515.0498434	Q20251012161953	
1976	-86696.1108136547	3856971.82485189	515.030550643683	Q20251012161953	
1977	-86707.4574562714	3856982.24103991	515.011257887366	Q20251012161953	
1978	-86718.8040988882	3856992.65722792	514.991965131049	Q20251012161953	
1979	-86730.1507415049	3857003.07341594	514.972672374733	Q20251012161953	
1980	-86741.4973841217	3857013.48960395	514.953379618416	Q20251012161953	
1981	-86752.8440267385	3857023.90579197	514.934086862099	Q20251012161953	
1982	-86764.1906693553	3857034.32197998	514.914794105782	Q20251012161953	
1983	-86775.5373119721	3857044.73816799	514.895501349465	Q20251012161953	
1984	-86786.8839545889	3857055.15435601	514.876208593148	Q20251012161953	
1985	-86798.2305972057	3857065.57054402	514.856915836831	Q20251012161953	
1986	-86804.4964348617	3857071.32256648	514.846262	Q20251012161953	
1987	-86819.3330906218	3857067.18526735	514.839520185773	Q20251012161953	
1988	-86834.1697463819	3857063.04796823	514.832778371546	Q20251012161953	
1989	-86849.0064021421	3857058.9106691	514.826036557319	Q20251012161953	
1990	-86863.8430579022	3857054.77336998	514.819294743092	Q20251012161953	
1991	-86878.6797136623	3857050.63607086	514.812552928865	Q20251012161953	
1992	-86893.5163694224	3857046.49877173	514.805811114638	Q20251012161953	
1993	-86908.3530251825	3857042.36147261	514.799069300411	Q20251012161953	
1994	-86923.1896809426	3857038.22417349	514.792327486184	Q20251012161953	
1995	-86938.0263367027	3857034.08687436	514.785585671957	Q20251012161953	
1996	-86952.8629924628	3857029.94957524	514.77884385773	Q20251012161953	
1997	-86967.6996482229	3857025.81227611	514.772102043503	Q20251012161953	
1998	-86982.536303983	3857021.67497699	514.765360229276	Q20251012161953	
1999	-86997.3729597431	3857017.53767787	514.758618415049	Q20251012161953	
2000	-87012.2096155032	3857013.40037874	514.751876600822	Q20251012161953	
2001	-87028.5064008194	3857008.85591288	514.7444713	Q20251012161953	
2002	-87034.8570787108	3856994.82338768	514.716715468182	Q20251012161953	
2003	-87041.2077566021	3856980.79086248	514.688959636364	Q20251012161953	
2004	-87047.5584344934	3856966.75833727	514.661203804546	Q20251012161953	
2005	-87051.7966395076	3856957.39355454	514.6426806	Q20251012161953	
2006	-87066.1238149475	3856963.04825586	514.636316589528	Q20251012161953	
2007	-87080.4509903874	3856968.70295718	514.629952579055	Q20251012161953	
2008	-87094.7781658273	3856974.3576585	514.623588568583	Q20251012161953	
2009	-87109.1053412672	3856980.01235983	514.617224558111	Q20251012161953	
2010	-87123.4325167072	3856985.66706115	514.610860547638	Q20251012161953	
2011	-87137.7596921471	3856991.32176247	514.604496537166	Q20251012161953	
2012	-87152.086867587	3856996.9764638	514.598132526694	Q20251012161953	
2013	-87166.4140430269	3857002.63116512	514.591768516221	Q20251012161953	
2014	-87180.7412184668	3857008.28586644	514.585404505749	Q20251012161953	
2015	-87195.0683939067	3857013.94056776	514.579040495277	Q20251012161953	
2016	-87209.3955693466	3857019.59526909	514.572676484804	Q20251012161953	
2017	-87223.7227447865	3857025.24997041	514.566312474332	Q20251012161953	
2018	-87238.0499202264	3857030.90467173	514.55994846386	Q20251012161953	
2019	-87252.3770956663	3857036.55937306	514.553584453387	Q20251012161953	
2020	-87266.7042711062	3857042.21407438	514.547220442915	Q20251012161953	
2021	-87281.0314465461	3857047.8687757	514.540856432443	Q20251012161953	
2022	-87295.358621986	3857053.52347702	514.53449242197	Q20251012161953	
2023	-87309.6857974259	3857059.17817835	514.528128411498	Q20251012161953	
2024	-87324.0129728659	3857064.83287967	514.521764401026	Q20251012161953	
2025	-87338.3401483058	3857070.48758099	514.515400390553	Q20251012161953	
2026	-87352.6673237457	3857076.14228231	514.509036380081	Q20251012161953	
2027	-87366.9944991856	3857081.79698364	514.502672369608	Q20251012161953	
2028	-87381.3216746255	3857087.45168496	514.496308359136	Q20251012161953	
2029	-87395.6488500654	3857093.10638628	514.489944348664	Q20251012161953	
2030	-87409.9760255053	3857098.76108761	514.483580338191	Q20251012161953	
2031	-87424.3032009453	3857104.41578893	514.477216327719	Q20251012161953	
2032	-87438.6303763852	3857110.07049025	514.470852317247	Q20251012161953	
2033	-87452.9575518251	3857115.72519157	514.464488306774	Q20251012161953	
2034	-87467.284727265	3857121.3798929	514.458124296302	Q20251012161953	
2035	-87481.6119027049	3857127.03459422	514.45176028583	Q20251012161953	
2036	-87495.9390781448	3857132.68929554	514.445396275357	Q20251012161953	
2037	-87510.2662535847	3857138.34399687	514.439032264885	Q20251012161953	
2038	-87524.5934290247	3857143.99869819	514.432668254413	Q20251012161953	
2039	-87538.9206044646	3857149.65339951	514.42630424394	Q20251012161953	
2040	-87553.2477799045	3857155.30810083	514.419940233468	Q20251012161953	
2041	-87567.5749553444	3857160.96280216	514.413576222995	Q20251012161953	
2042	-87581.9021307843	3857166.61750348	514.407212212523	Q20251012161953	
2043	-87596.2293062242	3857172.2722048	514.400848202051	Q20251012161953	
2044	-87610.5564816641	3857177.92690612	514.394484191578	Q20251012161953	
2045	-87624.883657104	3857183.58160745	514.388120181106	Q20251012161953	
2046	-87639.210832544	3857189.23630877	514.381756170633	Q20251012161953	
2047	-87653.5380079839	3857194.89101009	514.375392160161	Q20251012161953	
2048	-87667.8651834238	3857200.54571142	514.369028149689	Q20251012161953	
2049	-87682.1923588637	3857206.20041274	514.362664139216	Q20251012161953	
2050	-87696.5195343036	3857211.85511406	514.356300128744	Q20251012161953	
2051	-87710.8467097435	3857217.50981538	514.349936118271	Q20251012161953	
2052	-87725.1738851834	3857223.16451671	514.343572107799	Q20251012161953	
2053	-87739.2750259991	3857228.73000587	514.3373085	Q20251012161953	
2054	-70426.5198089735	3853957.08884929	520.75752033985	Q20251022154230	
2055	-70417.0798012616	3853944.91798662	520.7575406797	Q20251022154230	
2056	-70407.6397935497	3853932.74712396	520.757561019549	Q20251022154230	
2057	-70398.1997858378	3853920.57626129	520.757581359399	Q20251022154230	
2058	-70388.7597781259	3853908.40539863	520.757601699249	Q20251022154230	
2059	-70379.319770414	3853896.23453596	520.757622039099	Q20251022154230	
2060	-70369.8797627021	3853884.06367329	520.757642378949	Q20251022154230	
2061	-70360.4397549902	3853871.89281063	520.757662718799	Q20251022154230	
2062	-70350.9997472783	3853859.72194796	520.757683058648	Q20251022154230	
2063	-70341.5597395664	3853847.5510853	520.757703398498	Q20251022154230	
2064	-70332.1197318546	3853835.38022263	520.757723738348	Q20251022154230	
2065	-70322.6797241427	3853823.20935997	520.757744078198	Q20251022154230	
2066	-70313.2397164308	3853811.0384973	520.757764418047	Q20251022154230	
2067	-70303.799708719	3853798.86763463	520.757784757897	Q20251022154230	
2068	-70294.3597010072	3853786.69677197	520.757805097747	Q20251022154230	
2069	-70284.9196932953	3853774.5259093	520.757825437597	Q20251022154230	
2070	-70275.4796855835	3853762.35504664	520.757845777446	Q20251022154230	
2071	-70266.0396778717	3853750.18418397	520.757866117296	Q20251022154230	
2072	-70256.5996701599	3853738.0133213	520.757886457146	Q20251022154230	
2073	-70247.1596624481	3853725.84245864	520.757906796996	Q20251022154230	
2074	-70237.7196547363	3853713.67159597	520.757927136845	Q20251022154230	
2075	-70228.2796470245	3853701.50073331	520.757947476695	Q20251022154230	
2076	-70218.8396393126	3853689.32987064	520.757967816545	Q20251022154230	
2077	-70209.3996316009	3853677.15900797	520.757988156395	Q20251022154230	
2078	-70203.9028493181	3853670.07208767	520.758	Q20251022154230	
2079	-70193.7775854048	3853658.46507797	520.758	Q20251022154230	
2080	-70183.6523214914	3853646.85806826	520.758	Q20251022154230	
2081	-70173.527057578	3853635.25105856	520.758	Q20251022154230	
2082	-70163.4017936647	3853623.64404885	520.758	Q20251022154230	
2083	-70153.2765297514	3853612.03703914	520.758	Q20251022154230	
2084	-70143.151265838	3853600.43002944	520.758	Q20251022154230	
2085	-70133.0260019247	3853588.82301973	520.758	Q20251022154230	
2086	-70122.9007380113	3853577.21601003	520.758	Q20251022154230	
2087	-70112.775474098	3853565.60900032	520.758	Q20251022154230	
2088	-70102.6502101847	3853554.00199061	520.758	Q20251022154230	
2089	-70092.5249462714	3853542.39498091	520.758	Q20251022154230	
2090	-70082.3996823581	3853530.7879712	520.758	Q20251022154230	
2091	-70072.2744184448	3853519.1809615	520.758	Q20251022154230	
2092	-70062.1491545315	3853507.57395179	520.758	Q20251022154230	
2093	-70052.0238906182	3853495.96694208	520.758	Q20251022154230	
2094	-70041.8986267049	3853484.35993238	520.758	Q20251022154230	
2095	-70031.7733627916	3853472.75292267	520.758	Q20251022154230	
2096	-70021.6480988783	3853461.14591296	520.758	Q20251022154230	
2097	-70011.522834965	3853449.53890326	520.758	Q20251022154230	
2098	-70001.3975710517	3853437.93189355	520.758	Q20251022154230	
2099	-69991.2723071384	3853426.32488385	520.758	Q20251022154230	
2100	-69981.1470432251	3853414.71787414	520.758	Q20251022154230	
2101	-69971.0217793118	3853403.11086443	520.758	Q20251022154230	
2102	-69960.8965153985	3853391.50385473	520.758	Q20251022154230	
2103	-69950.7712514853	3853379.89684502	520.758	Q20251022154230	
2104	-69940.645987572	3853368.28983531	520.758	Q20251022154230	
2105	-69930.5207236587	3853356.68282561	520.758	Q20251022154230	
2106	-69920.3954597454	3853345.0758159	520.758	Q20251022154230	
2107	-69906.8490864355	3853329.54704669	520.758	Q20251022154230	
2108	-68054.0643852844	3856654.82017195	520.64985133391	Q20251022154254	
2109	-68043.1066650277	3856643.99556986	520.649855367819	Q20251022154254	
2110	-68032.1489447709	3856633.17096777	520.649859401728	Q20251022154254	
2111	-68021.1912245142	3856622.34636568	520.649863435638	Q20251022154254	
2112	-68010.2335042574	3856611.52176359	520.649867469547	Q20251022154254	
2113	-67999.2757840006	3856600.6971615	520.649871503457	Q20251022154254	
2114	-67988.3180637439	3856589.87255941	520.649875537366	Q20251022154254	
2115	-67977.3603434871	3856579.04795732	520.649879571276	Q20251022154254	
2116	-67966.4026232303	3856568.22335523	520.649883605185	Q20251022154254	
2117	-67955.4449029735	3856557.39875314	520.649887639095	Q20251022154254	
2118	-67944.4871827168	3856546.57415105	520.649891673004	Q20251022154254	
2119	-67933.52946246	3856535.74954896	520.649895706914	Q20251022154254	
2120	-67922.5717422032	3856524.92494687	520.649899740823	Q20251022154254	
2121	-67911.6140219464	3856514.10034478	520.649903774733	Q20251022154254	
2122	-67900.6563016897	3856503.27574269	520.649907808642	Q20251022154254	
2123	-67889.6985814329	3856492.45114059	520.649911842552	Q20251022154254	
2124	-67878.7408611761	3856481.6265385	520.649915876461	Q20251022154254	
2125	-67867.7831409193	3856470.80193641	520.649919910371	Q20251022154254	
2126	-67856.8254206625	3856459.97733432	520.64992394428	Q20251022154254	
2127	-67845.8677004057	3856449.15273223	520.64992797819	Q20251022154254	
2128	-67834.9099801489	3856438.32813014	520.649932012099	Q20251022154254	
2129	-67823.9522598921	3856427.50352805	520.649936046009	Q20251022154254	
2130	-67812.9945396353	3856416.67892596	520.649940079918	Q20251022154254	
2131	-67802.0368193785	3856405.85432387	520.649944113827	Q20251022154254	
2132	-67791.0790991216	3856395.02972178	520.649948147737	Q20251022154254	
2133	-67780.1213788648	3856384.20511969	520.649952181646	Q20251022154254	
2134	-67769.163658608	3856373.3805176	520.649956215556	Q20251022154254	
2135	-67758.2059383511	3856362.55591551	520.649960249465	Q20251022154254	
2136	-67747.2482180943	3856351.73131342	520.649964283374	Q20251022154254	
2137	-67736.2904978374	3856340.90671133	520.649968317284	Q20251022154254	
2138	-67725.3327775806	3856330.08210924	520.649972351193	Q20251022154254	
2139	-67714.3750573237	3856319.25750715	520.649976385103	Q20251022154254	
2140	-67703.4173370668	3856308.43290506	520.649980419012	Q20251022154254	
2141	-67692.4596168099	3856297.60830297	520.649984452922	Q20251022154254	
2142	-67681.501896553	3856286.78370088	520.649988486831	Q20251022154254	
2143	-67670.5441762961	3856275.95909879	520.64999252074	Q20251022154254	
2144	-67659.5864560391	3856265.1344967	520.64999655465	Q20251022154254	
2145	-67650.2274993629	3856255.88923586	520.65	Q20251022154254	
2146	-67638.9216915585	3856245.42872184	520.65	Q20251022154254	
2147	-67627.6158837541	3856234.96820782	520.65	Q20251022154254	
2148	-67616.3100759497	3856224.5076938	520.65	Q20251022154254	
2149	-67605.0042681453	3856214.04717979	520.65	Q20251022154254	
2150	-67593.6984603409	3856203.58666577	520.65	Q20251022154254	
2151	-67582.3926525365	3856193.12615175	520.65	Q20251022154254	
2152	-67571.0868447321	3856182.66563773	520.65	Q20251022154254	
2153	-67559.7810369277	3856172.20512371	520.65	Q20251022154254	
2154	-67548.4752291233	3856161.74460969	520.65	Q20251022154254	
2155	-67537.1694213189	3856151.28409568	520.65	Q20251022154254	
2156	-67525.8636135145	3856140.82358166	520.65	Q20251022154254	
2157	-67514.5578057101	3856130.36306764	520.65	Q20251022154254	
2158	-67503.2519979057	3856119.90255362	520.65	Q20251022154254	
2159	-67491.9461901013	3856109.4420396	520.65	Q20251022154254	
2160	-67480.6403822969	3856098.98152558	520.65	Q20251022154254	
2161	-67469.3345744925	3856088.52101157	520.65	Q20251022154254	
2162	-67458.0287666881	3856078.06049755	520.65	Q20251022154254	
2163	-67446.7229588837	3856067.59998353	520.65	Q20251022154254	
2164	-67435.4171510793	3856057.13946951	520.65	Q20251022154254	
2165	-67424.1113432749	3856046.67895549	520.65	Q20251022154254	
2166	-67412.8055354705	3856036.21844147	520.65	Q20251022154254	
2167	-67401.499727666	3856025.75792746	520.65	Q20251022154254	
2168	-67390.1939198616	3856015.29741344	520.65	Q20251022154254	
2169	-67378.8881120572	3856004.83689942	520.65	Q20251022154254	
2170	-67367.5823042528	3855994.3763854	520.65	Q20251022154254	
2171	-67356.2764964484	3855983.91587138	520.65	Q20251022154254	
2172	-67344.970688644	3855973.45535736	520.65	Q20251022154254	
2173	-67333.6648808396	3855962.99484335	520.65	Q20251022154254	
2174	-67322.3590730351	3855952.53432933	520.65	Q20251022154254	
2175	-67311.0532652307	3855942.07381531	520.65	Q20251022154254	
2176	-67299.7474574263	3855931.61330129	520.65	Q20251022154254	
2177	-67288.4416496219	3855921.15278727	520.65	Q20251022154254	
2178	-67277.1358418174	3855910.69227325	520.65	Q20251022154254	
2179	-67265.830034013	3855900.23175924	520.65	Q20251022154254	
2180	-67254.5242262086	3855889.77124522	520.65	Q20251022154254	
2181	-67243.2184184041	3855879.3107312	520.65	Q20251022154254	
2182	-67231.9126105997	3855868.85021718	520.65	Q20251022154254	
2183	-67220.6068027952	3855858.38970316	520.65	Q20251022154254	
2184	-67209.3009949908	3855847.92918914	520.65	Q20251022154254	
2185	-67197.9951871863	3855837.46867513	520.65	Q20251022154254	
2186	-67186.6893793818	3855827.00816111	520.65	Q20251022154254	
2187	-67175.3835715773	3855816.54764709	520.65	Q20251022154254	
2188	-67164.0777637728	3855806.08713307	520.65	Q20251022154254	
2189	-67148.8897235589	3855792.03464692	520.65	Q20251022154254	
2190	-68475.4989602669	3858495.21046203	519.780646017796	Q20251022154302	
2191	-68471.3873298017	3858510.05425328	519.780658835592	Q20251022154302	
2192	-68467.2756993364	3858524.89804452	519.780671653388	Q20251022154302	
2193	-68463.1640688712	3858539.74183577	519.780684471184	Q20251022154302	
2194	-68459.0524384059	3858554.58562702	519.780697288979	Q20251022154302	
2195	-68454.9408079407	3858569.42941826	519.780710106775	Q20251022154302	
2196	-68450.8291774754	3858584.27320951	519.780722924571	Q20251022154302	
2197	-68446.7175470102	3858599.11700075	519.780735742367	Q20251022154302	
2198	-68442.6059165449	3858613.960792	519.780748560163	Q20251022154302	
2199	-68438.4942860797	3858628.80458325	519.780761377959	Q20251022154302	
2200	-68434.3826556144	3858643.64837449	519.780774195755	Q20251022154302	
2201	-68430.2710251492	3858658.49216574	519.78078701355	Q20251022154302	
2202	-68426.1593946839	3858673.33595698	519.780799831346	Q20251022154302	
2203	-68422.0477642186	3858688.17974823	519.780812649142	Q20251022154302	
2204	-68417.9361337534	3858703.02353948	519.780825466938	Q20251022154302	
2205	-68413.8245032881	3858717.86733072	519.780838284734	Q20251022154302	
2206	-68409.7128728229	3858732.71112197	519.78085110253	Q20251022154302	
2207	-68405.6012423576	3858747.55491321	519.780863920325	Q20251022154302	
2208	-68401.4896118924	3858762.39870446	519.780876738121	Q20251022154302	
2209	-68397.3779814271	3858777.24249571	519.780889555917	Q20251022154302	
2210	-68393.2663509619	3858792.08628695	519.780902373713	Q20251022154302	
2211	-68389.1547204966	3858806.9300782	519.780915191509	Q20251022154302	
2212	-68385.0430900314	3858821.77386944	519.780928009305	Q20251022154302	
2213	-68380.9314595661	3858836.61766069	519.7809408271	Q20251022154302	
2214	-68376.8198291009	3858851.46145194	519.780953644896	Q20251022154302	
2215	-68372.7081986357	3858866.30524318	519.780966462692	Q20251022154302	
2216	-68368.5965681704	3858881.14903443	519.780979280488	Q20251022154302	
2217	-68364.4849377052	3858895.99282567	519.780992098284	Q20251022154302	
2218	-68361.9502634966	3858905.14349598	519.781	Q20251022154302	
2219	-68357.7800463511	3858919.97093449	519.781	Q20251022154302	
2220	-68353.6098292055	3858934.79837299	519.781	Q20251022154302	
2221	-68349.4396120599	3858949.6258115	519.781	Q20251022154302	
2222	-68345.2693949143	3858964.45325	519.781	Q20251022154302	
2223	-68341.0991777687	3858979.2806885	519.781	Q20251022154302	
2224	-68336.9289606232	3858994.10812701	519.781	Q20251022154302	
2225	-68332.7587434776	3859008.93556551	519.781	Q20251022154302	
2226	-68328.588526332	3859023.76300402	519.781	Q20251022154302	
2227	-68324.4183091865	3859038.59044252	519.781	Q20251022154302	
2228	-68320.2480920409	3859053.41788102	519.781	Q20251022154302	
2229	-68316.0778748953	3859068.24531953	519.781	Q20251022154302	
2230	-68311.9076577498	3859083.07275803	519.781	Q20251022154302	
2231	-68307.7374406042	3859097.90019654	519.781	Q20251022154302	
2232	-68303.5672234587	3859112.72763504	519.781	Q20251022154302	
2233	-68299.3970063132	3859127.55507354	519.781	Q20251022154302	
2234	-68295.2267891676	3859142.38251205	519.781	Q20251022154302	
2235	-68291.0565720221	3859157.20995055	519.781	Q20251022154302	
2236	-68286.8863548766	3859172.03738906	519.781	Q20251022154302	
2237	-68282.716137731	3859186.86482756	519.781	Q20251022154302	
2238	-68278.5459205855	3859201.69226606	519.781	Q20251022154302	
2239	-68274.37570344	3859216.51970457	519.781	Q20251022154302	
2240	-68270.2054862945	3859231.34714307	519.781	Q20251022154302	
2241	-68266.035269149	3859246.17458158	519.781	Q20251022154302	
2242	-68261.8650520035	3859261.00202008	519.781	Q20251022154302	
2243	-68257.694834858	3859275.82945858	519.781	Q20251022154302	
2244	-68253.5246177125	3859290.65689709	519.781	Q20251022154302	
2245	-68249.354400567	3859305.48433559	519.781	Q20251022154302	
2246	-68245.6205639814	3859318.7601988	519.781	Q20251022154302	
2247	-72387.036892445	3859356.41384695	519.238291742005	Q20251022154310	
2248	-72386.8184563327	3859371.81501344	519.238278184011	Q20251022154310	
2249	-72386.6000202204	3859387.21617993	519.238264626016	Q20251022154310	
2250	-72386.3815841081	3859402.61734642	519.238251068022	Q20251022154310	
2251	-72386.1631479958	3859418.01851292	519.238237510027	Q20251022154310	
2252	-72385.9447118835	3859433.41967941	519.238223952033	Q20251022154310	
2253	-72385.7262757712	3859448.8208459	519.238210394038	Q20251022154310	
2254	-72385.5078396589	3859464.22201239	519.238196836044	Q20251022154310	
2255	-72385.2894035466	3859479.62317888	519.238183278049	Q20251022154310	
2256	-72385.0709674342	3859495.02434537	519.238169720055	Q20251022154310	
2257	-72384.8525313219	3859510.42551187	519.23815616206	Q20251022154310	
2258	-72384.6340952096	3859525.82667836	519.238142604066	Q20251022154310	
2259	-72384.4156590973	3859541.22784485	519.238129046071	Q20251022154310	
2260	-72384.197222985	3859556.62901134	519.238115488077	Q20251022154310	
2261	-72383.9787868727	3859572.03017783	519.238101930082	Q20251022154310	
2262	-72383.7603507603	3859587.43134432	519.238088372088	Q20251022154310	
2263	-72383.541914648	3859602.83251082	519.238074814093	Q20251022154310	
2264	-72383.3234785357	3859618.23367731	519.238061256099	Q20251022154310	
2265	-72383.1050424234	3859633.6348438	519.238047698104	Q20251022154310	
2266	-72382.8866063111	3859649.03601029	519.23803414011	Q20251022154310	
2267	-72382.6681701988	3859664.43717678	519.238020582115	Q20251022154310	
2268	-72382.4497340864	3859679.83834327	519.238007024121	Q20251022154310	
2269	-72382.3365667891	3859687.8173737	519.238	Q20251022154310	
2270	-72381.4701820521	3859703.1957033	519.238	Q20251022154310	
2271	-72380.6037973152	3859718.57403289	519.238	Q20251022154310	
2272	-72379.7374125782	3859733.95236249	519.238	Q20251022154310	
2273	-72378.8710278412	3859749.33069208	519.238	Q20251022154310	
2274	-72378.0046431042	3859764.70902168	519.238	Q20251022154310	
2275	-72377.1382583672	3859780.08735127	519.238	Q20251022154310	
2276	-72376.2718736302	3859795.46568087	519.238	Q20251022154310	
2277	-72375.4054888932	3859810.84401046	519.238	Q20251022154310	
2278	-72374.5391041562	3859826.22234006	519.238	Q20251022154310	
2279	-72373.6727194192	3859841.60066965	519.238	Q20251022154310	
2280	-72372.8063346822	3859856.97899925	519.238	Q20251022154310	
2281	-72371.9399499452	3859872.35732884	519.238	Q20251022154310	
2282	-72371.0735652083	3859887.73565843	519.238	Q20251022154310	
2283	-72370.2071804713	3859903.11398803	519.238	Q20251022154310	
2284	-72369.3407957343	3859918.49231762	519.238	Q20251022154310	
2285	-72368.4744109973	3859933.87064722	519.238	Q20251022154310	
2286	-72367.6080262603	3859949.24897681	519.238	Q20251022154310	
2287	-72366.7416415233	3859964.62730641	519.238	Q20251022154310	
2288	-72365.8752567863	3859980.005636	519.238	Q20251022154310	
2289	-72365.0088720493	3859995.3839656	519.238	Q20251022154310	
2290	-72364.1424873123	3860010.76229519	519.238	Q20251022154310	
2291	-72363.2761025753	3860026.14062479	519.238	Q20251022154310	
2292	-72362.4097178383	3860041.51895438	519.238	Q20251022154310	
2293	-72361.3047643791	3860061.13187894	519.238	Q20251022154310	
2294	-74408.0195453347	3859658.99386128	518.553366417657	Q20251022154319	
2295	-74407.3446539182	3859674.38178399	518.553347535314	Q20251022154319	
2296	-74406.6697625017	3859689.7697067	518.55332865297	Q20251022154319	
2297	-74405.9948710852	3859705.1576294	518.553309770627	Q20251022154319	
2298	-74405.3199796687	3859720.54555211	518.553290888284	Q20251022154319	
2299	-74404.6450882522	3859735.93347481	518.553272005941	Q20251022154319	
2300	-74403.9701968357	3859751.32139752	518.553253123598	Q20251022154319	
2301	-74403.2953054192	3859766.70932023	518.553234241255	Q20251022154319	
2302	-74402.6204140027	3859782.09724293	518.553215358911	Q20251022154319	
2303	-74401.9455225862	3859797.48516564	518.553196476568	Q20251022154319	
2304	-74401.2706311697	3859812.87308834	518.553177594225	Q20251022154319	
2305	-74400.5957397532	3859828.26101105	518.553158711882	Q20251022154319	
2306	-74399.9208483367	3859843.64893376	518.553139829539	Q20251022154319	
2307	-74399.2459569202	3859859.03685646	518.553120947196	Q20251022154319	
2308	-74398.5710655037	3859874.42477917	518.553102064852	Q20251022154319	
2309	-74397.8961740872	3859889.81270188	518.553083182509	Q20251022154319	
2310	-74397.2212826707	3859905.20062458	518.553064300166	Q20251022154319	
2311	-74396.5463912542	3859920.58854729	518.553045417823	Q20251022154319	
2312	-74395.8714998377	3859935.97646999	518.55302653548	Q20251022154319	
2313	-74394.9230705323	3859957.60121805	518.553	Q20251022154319	
2314	-74394.9230705323	3859973.00393351	518.553	Q20251022154319	
2315	-74394.9230705323	3859988.40664897	518.553	Q20251022154319	
2316	-74394.9230705323	3860003.80936444	518.553	Q20251022154319	
2317	-74394.9230705323	3860019.2120799	518.553	Q20251022154319	
2318	-74394.9230705323	3860034.61479536	518.553	Q20251022154319	
2319	-74394.9230705323	3860050.01751083	518.553	Q20251022154319	
2320	-74394.9230705323	3860065.42022629	518.553	Q20251022154319	
2321	-74394.9230705323	3860080.82294175	518.553	Q20251022154319	
2322	-74394.9230705323	3860096.22565722	518.553	Q20251022154319	
2323	-74394.9230705323	3860111.62837268	518.553	Q20251022154319	
2324	-74394.9230705323	3860127.03108814	518.553	Q20251022154319	
2325	-74394.9230705323	3860142.4338036	518.553	Q20251022154319	
2326	-74394.9230705323	3860157.83651907	518.553	Q20251022154319	
2327	-74394.9230705323	3860173.23923453	518.553	Q20251022154319	
2328	-74394.9230705323	3860188.64194999	518.553	Q20251022154319	
2329	-74394.9230705323	3860204.04466546	518.553	Q20251022154319	
2330	-74394.9230705323	3860219.44738092	518.553	Q20251022154319	
2331	-74394.9230705323	3860234.85009638	518.553	Q20251022154319	
2332	-74394.9230705323	3860250.25281185	518.553	Q20251022154319	
2333	-74394.9230705323	3860265.65552731	518.553	Q20251022154319	
2334	-74394.9230705323	3860281.05824277	518.553	Q20251022154319	
2335	-74394.9230705323	3860296.31931951	518.553	Q20251022154319	
2336	-78254.7426272192	3858608.62634696	516.875082009031	Q20251022154328	
2337	-78262.5918860987	3858621.87899872	516.875077618061	Q20251022154328	
2338	-78270.4411449782	3858635.13165049	516.875073227092	Q20251022154328	
2339	-78278.2904038578	3858648.38430225	516.875068836122	Q20251022154328	
2340	-78286.1396627373	3858661.63695401	516.875064445153	Q20251022154328	
2341	-78293.9889216169	3858674.88960577	516.875060054183	Q20251022154328	
2342	-78301.8381804964	3858688.14225753	516.875055663214	Q20251022154328	
2343	-78309.687439376	3858701.39490929	516.875051272244	Q20251022154328	
2344	-78317.5366982555	3858714.64756105	516.875046881275	Q20251022154328	
2345	-78325.3859571351	3858727.90021281	516.875042490305	Q20251022154328	
2346	-78333.2352160147	3858741.15286457	516.875038099336	Q20251022154328	
2347	-78341.0844748942	3858754.40551633	516.875033708366	Q20251022154328	
2348	-78348.9337337738	3858767.65816809	516.875029317397	Q20251022154328	
2349	-78356.7829926534	3858780.91081985	516.875024926427	Q20251022154328	
2350	-78364.632251533	3858794.16347161	516.875020535457	Q20251022154328	
2351	-78372.4815104126	3858807.41612337	516.875016144488	Q20251022154328	
2352	-78380.3307692922	3858820.66877513	516.875011753518	Q20251022154328	
2353	-78388.1800281719	3858833.92142689	516.875007362549	Q20251022154328	
2354	-78396.0292870516	3858847.17407865	516.875002971579	Q20251022154328	
2355	-78401.3412562819	3858856.14278251	516.875	Q20251022154328	
2356	-78408.4965776626	3858869.7826146	516.875	Q20251022154328	
2357	-78415.6518990434	3858883.42244669	516.875	Q20251022154328	
2358	-78422.8072204241	3858897.06227879	516.875	Q20251022154328	
2359	-78429.9625418048	3858910.70211088	516.875	Q20251022154328	
2360	-78437.1178631856	3858924.34194298	516.875	Q20251022154328	
2361	-78444.2731845663	3858937.98177507	516.875	Q20251022154328	
2362	-78451.428505947	3858951.62160717	516.875	Q20251022154328	
2363	-78458.5838273278	3858965.26143926	516.875	Q20251022154328	
2364	-78465.7391487085	3858978.90127136	516.875	Q20251022154328	
2365	-78472.8944700892	3858992.54110345	516.875	Q20251022154328	
2366	-78480.04979147	3859006.18093555	516.875	Q20251022154328	
2367	-78487.2051128507	3859019.82076764	516.875	Q20251022154328	
2368	-78494.3604342314	3859033.46059974	516.875	Q20251022154328	
2369	-78501.5157556121	3859047.10043183	516.875	Q20251022154328	
2370	-78508.6710769929	3859060.74026393	516.875	Q20251022154328	
2371	-78515.8263983736	3859074.38009602	516.875	Q20251022154328	
2372	-78522.9817197543	3859088.01992812	516.875	Q20251022154328	
2373	-78530.137041135	3859101.65976021	516.875	Q20251022154328	
2374	-78537.2923625157	3859115.29959231	516.875	Q20251022154328	
2375	-78544.4476838964	3859128.9394244	516.875	Q20251022154328	
2376	-78554.5620215263	3859148.21988152	516.875	Q20251022154328	
2377	-81523.1935222989	3857157.3270119	515.965961452788	Q20251022154337	
2378	-81528.5130011876	3857171.7820037	515.965963305575	Q20251022154337	
2379	-81533.8324800764	3857186.2369955	515.965965158363	Q20251022154337	
2380	-81539.1519589652	3857200.6919873	515.965967011151	Q20251022154337	
2381	-81544.471437854	3857215.14697911	515.965968863939	Q20251022154337	
2382	-81549.7909167428	3857229.60197091	515.965970716726	Q20251022154337	
2383	-81555.1103956316	3857244.05696271	515.965972569514	Q20251022154337	
2384	-81560.4298745204	3857258.51195451	515.965974422302	Q20251022154337	
2385	-81565.7493534091	3857272.96694631	515.96597627509	Q20251022154337	
2386	-81571.0688322979	3857287.42193811	515.965978127877	Q20251022154337	
2387	-81576.3883111867	3857301.87692992	515.965979980665	Q20251022154337	
2388	-81581.7077900755	3857316.33192172	515.965981833453	Q20251022154337	
2389	-81587.0272689642	3857330.78691352	515.965983686241	Q20251022154337	
2390	-81592.346747853	3857345.24190532	515.965985539028	Q20251022154337	
2391	-81597.6662267417	3857359.69689712	515.965987391816	Q20251022154337	
2392	-81602.9857056305	3857374.15188892	515.965989244604	Q20251022154337	
2393	-81608.3051845192	3857388.60688073	515.965991097392	Q20251022154337	
2394	-81613.624663408	3857403.06187253	515.96599295018	Q20251022154337	
2395	-81618.9441422967	3857417.51686433	515.965994802967	Q20251022154337	
2396	-81624.2636211854	3857431.97185613	515.965996655755	Q20251022154337	
2397	-81629.5831000741	3857446.42684793	515.965998508543	Q20251022154337	
2398	-81633.8651747245	3857458.06282869	515.966	Q20251022154337	
2399	-81638.5353344332	3857472.74047332	515.966	Q20251022154337	
2400	-81643.2054941419	3857487.41811795	515.966	Q20251022154337	
2401	-81647.8756538507	3857502.09576258	515.966	Q20251022154337	
2402	-81652.5458135594	3857516.77340721	515.966	Q20251022154337	
2403	-81657.2159732682	3857531.45105184	515.966	Q20251022154337	
2404	-81661.8861329769	3857546.12869648	515.966	Q20251022154337	
2405	-81666.5562926856	3857560.80634111	515.966	Q20251022154337	
2406	-81671.2264523944	3857575.48398574	515.966	Q20251022154337	
2407	-81675.8966121031	3857590.16163037	515.966	Q20251022154337	
2408	-81680.5667718118	3857604.839275	515.966	Q20251022154337	
2409	-81685.2369315206	3857619.51691963	515.966	Q20251022154337	
2410	-81689.9070912293	3857634.19456427	515.966	Q20251022154337	
2411	-81694.5772509381	3857648.8722089	515.966	Q20251022154337	
2412	-81699.2474106468	3857663.54985353	515.966	Q20251022154337	
2413	-81703.9175703555	3857678.22749816	515.966	Q20251022154337	
2414	-81708.5877300643	3857692.90514279	515.966	Q20251022154337	
2415	-81713.257889773	3857707.58278742	515.966	Q20251022154337	
2416	-81717.9280494818	3857722.26043205	515.966	Q20251022154337	
2417	-81722.5982091905	3857736.93807669	515.966	Q20251022154337	
2418	-81727.2683688993	3857751.61572132	515.966	Q20251022154337	
2419	-81731.938528608	3857766.29336595	515.966	Q20251022154337	
2420	-81736.6086883167	3857780.97101058	515.966	Q20251022154337	
2421	-81741.2788480255	3857795.64865521	515.966	Q20251022154337	
2422	-81748.0925896596	3857817.06327153	515.966	Q20251022154337	
2423	-84691.258108646	3856560.64892847	515.754203158678	Q20251022154347	
2424	-84688.3885058748	3856575.78197256	515.75419051997	Q20251022154347	
2425	-84685.5189031036	3856590.91501666	515.754177881262	Q20251022154347	
2426	-84682.6493003324	3856606.04806075	515.754165242554	Q20251022154347	
2427	-84679.7796975612	3856621.18110485	515.754152603847	Q20251022154347	
2428	-84676.91009479	3856636.31414894	515.754139965139	Q20251022154347	
2429	-84674.0404920187	3856651.44719303	515.754127326431	Q20251022154347	
2430	-84671.1708892475	3856666.58023713	515.754114687724	Q20251022154347	
2431	-84668.3012864763	3856681.71328122	515.754102049016	Q20251022154347	
2432	-84665.4316837051	3856696.84632532	515.754089410308	Q20251022154347	
2433	-84662.5620809339	3856711.97936941	515.754076771601	Q20251022154347	
2434	-84659.6924781627	3856727.11241351	515.754064132893	Q20251022154347	
2435	-84656.8228753915	3856742.2454576	515.754051494185	Q20251022154347	
2436	-84653.9532726202	3856757.3785017	515.754038855478	Q20251022154347	
2437	-84651.083669849	3856772.51154579	515.75402621677	Q20251022154347	
2438	-84648.2140670778	3856787.64458989	515.754013578062	Q20251022154347	
2439	-84645.1311850464	3856803.90237657	515.754	Q20251022154347	
2440	-84642.5525440556	3856819.0877068	515.754	Q20251022154347	
2441	-84639.9739030647	3856834.27303704	515.754	Q20251022154347	
2442	-84637.3952620739	3856849.45836727	515.754	Q20251022154347	
2443	-84634.8166210831	3856864.6436975	515.754	Q20251022154347	
2444	-84632.2379800923	3856879.82902773	515.754	Q20251022154347	
2445	-84629.6593391014	3856895.01435797	515.754	Q20251022154347	
2446	-84627.0806981106	3856910.1996882	515.754	Q20251022154347	
2447	-84624.5020571198	3856925.38501843	515.754	Q20251022154347	
2448	-84621.923416129	3856940.57034866	515.754	Q20251022154347	
2449	-84619.3447751382	3856955.7556789	515.754	Q20251022154347	
2450	-84616.7661341474	3856970.94100913	515.754	Q20251022154347	
2451	-84614.1874931566	3856986.12633936	515.754	Q20251022154347	
2452	-84612.4204106107	3856996.5324921	515.754	Q20251022154347	
2453	-85462.0406182065	3856672.02182227	515.636431246244	Q20251022154353	
2454	-85458.5395014433	3856687.02134976	515.636403661011	Q20251022154353	
2455	-85455.0383846802	3856702.02087725	515.636376075778	Q20251022154353	
2456	-85451.537267917	3856717.02040475	515.636348490545	Q20251022154353	
2457	-85448.0361511539	3856732.01993224	515.636320905312	Q20251022154353	
2458	-85444.5350343907	3856747.01945974	515.636293320079	Q20251022154353	
2459	-85441.0339176276	3856762.01898723	515.636265734847	Q20251022154353	
2460	-85437.5328008644	3856777.01851472	515.636238149614	Q20251022154353	
2461	-85434.0316841013	3856792.01804222	515.636210564381	Q20251022154353	
2462	-85430.5305673382	3856807.01756971	515.636182979148	Q20251022154353	
2463	-85427.029450575	3856822.0170972	515.636155393915	Q20251022154353	
2464	-85423.5283338119	3856837.0166247	515.636127808682	Q20251022154353	
2465	-85420.0272170488	3856852.01615219	515.63610022345	Q20251022154353	
2466	-85416.5261002857	3856867.01567969	515.636072638217	Q20251022154353	
2467	-85413.0249835226	3856882.01520718	515.636045052984	Q20251022154353	
2468	-85409.5238667595	3856897.01473467	515.636017467751	Q20251022154353	
2469	-85407.306860397	3856906.5128606	515.636	Q20251022154353	
2470	-85404.0397115516	3856921.56508243	515.636	Q20251022154353	
2471	-85400.7725627061	3856936.61730426	515.636	Q20251022154353	
2472	-85397.5054138606	3856951.66952609	515.636	Q20251022154353	
2473	-85394.2382650151	3856966.72174792	515.636	Q20251022154353	
2474	-85390.9711161696	3856981.77396976	515.636	Q20251022154353	
2475	-85387.7039673242	3856996.82619159	515.636	Q20251022154353	
2476	-85384.4368184787	3857011.87841342	515.636	Q20251022154353	
2477	-85381.1696696332	3857026.93063525	515.636	Q20251022154353	
2478	-85377.9025207877	3857041.98285708	515.636	Q20251022154353	
2479	-85374.6353719422	3857057.03507891	515.636	Q20251022154353	
2480	-85371.3682230966	3857072.08730074	515.636	Q20251022154353	
2481	-85368.1010742511	3857087.13952258	515.636	Q20251022154353	
2482	-85365.9093002227	3857097.23733888	515.636	Q20251022154353	
2483	-86095.0500256603	3856945.90055096	515.355196913125	Q20251022154400	
2484	-86083.2173861916	3856955.76119428	515.355178426249	Q20251022154400	
2485	-86071.384746723	3856965.62183761	515.355159939374	Q20251022154400	
2486	-86059.5521072543	3856975.48248094	515.355141452498	Q20251022154400	
2487	-86047.7194677856	3856985.34312427	515.355122965623	Q20251022154400	
2488	-86035.886828317	3856995.2037676	515.355104478747	Q20251022154400	
2489	-86024.0541888483	3857005.06441092	515.355085991872	Q20251022154400	
2490	-86012.2215493796	3857014.92505425	515.355067504997	Q20251022154400	
2491	-86000.388909911	3857024.78569758	515.355049018121	Q20251022154400	
2492	-85988.5562704423	3857034.64634091	515.355030531246	Q20251022154400	
2493	-85976.7236309737	3857044.50698424	515.35501204437	Q20251022154400	
2494	-85969.014556976	3857050.93128452	515.355	Q20251022154400	
2495	-85957.5561571014	3857061.22442378	515.355	Q20251022154400	
2496	-85946.0977572268	3857071.51756305	515.355	Q20251022154400	
2497	-85934.6393573523	3857081.81070232	515.355	Q20251022154400	
2498	-85923.1809574777	3857092.10384158	515.355	Q20251022154400	
2499	-85911.7225576031	3857102.39698085	515.355	Q20251022154400	
2500	-85900.2641577286	3857112.69012011	515.355	Q20251022154400	
2501	-85888.805757854	3857122.98325938	515.355	Q20251022154400	
2502	-85877.3473579794	3857133.27639865	515.355	Q20251022154400	
2503	-85865.8889581048	3857143.56953791	515.355	Q20251022154400	
2504	-85854.4305582303	3857153.86267718	515.355	Q20251022154400	
2505	-85842.9721583557	3857164.15581644	515.355	Q20251022154400	
2506	-85831.5137584811	3857174.44895571	515.355	Q20251022154400	
2507	-85820.0553586066	3857184.74209498	515.355	Q20251022154400	
2508	-85808.596958732	3857195.03523424	515.355	Q20251022154400	
2509	-85799.5960362141	3857203.12080902	515.355	Q20251022154400	
2510	-86803.3883458535	3857086.68537164	514.846243165456	Q20251022154405	
2511	-86802.2802568452	3857102.0481768	514.846224330913	Q20251022154405	
2512	-86801.172167837	3857117.41098196	514.846205496369	Q20251022154405	
2513	-86800.0640788288	3857132.77378712	514.846186661825	Q20251022154405	
2514	-86798.9559898206	3857148.13659228	514.846167827282	Q20251022154405	
2515	-86797.8479008123	3857163.49939744	514.846148992738	Q20251022154405	
2516	-86796.7398118041	3857178.8622026	514.846130158194	Q20251022154405	
2517	-86795.6317227959	3857194.22500776	514.846111323651	Q20251022154405	
2518	-86794.5236337877	3857209.58781292	514.846092489107	Q20251022154405	
2519	-86793.4155447794	3857224.95061808	514.846073654564	Q20251022154405	
2520	-86792.3074557712	3857240.31342324	514.84605482002	Q20251022154405	
2521	-86791.1993667629	3857255.6762284	514.846035985476	Q20251022154405	
2522	-86790.0912777547	3857271.03903356	514.846017150932	Q20251022154405	
2523	-86789.0822403222	3857285.02856451	514.846	Q20251022154405	
2524	-86787.6877439954	3857300.3680242	514.846	Q20251022154405	
2525	-86786.2932476685	3857315.70748389	514.846	Q20251022154405	
2526	-86784.8987513417	3857331.04694358	514.846	Q20251022154405	
2527	-86783.5042550148	3857346.38640327	514.846	Q20251022154405	
2528	-86782.1097586879	3857361.72586297	514.846	Q20251022154405	
2529	-86780.7152623611	3857377.06532266	514.846	Q20251022154405	
2530	-86779.3207660342	3857392.40478235	514.846	Q20251022154405	
2531	-86777.9262697074	3857407.74424204	514.846	Q20251022154405	
2532	-86776.5317733805	3857423.08370173	514.846	Q20251022154405	
2533	-86775.1372770537	3857438.42316142	514.846	Q20251022154405	
2534	-86773.7427807268	3857453.76262112	514.846	Q20251022154405	
2535	-86772.3482844	3857469.10208081	514.846	Q20251022154405	
2536	-86771.2392253034	3857481.30173095	514.846	Q20251022154405	
2537	-71341.8036652084	3853793.55570219	521.13375727099	Q20251024235647	
2538	-71338.7868541903	3853778.45131558	521.133766589033	Q20251024235647	
2539	-71335.7700431722	3853763.34692897	521.133775907075	Q20251024235647	
2540	-71332.7532321541	3853748.24254236	521.133785225118	Q20251024235647	
2541	-71329.736421136	3853733.13815574	521.13379454316	Q20251024235647	
2542	-71326.7196101179	3853718.03376913	521.133803861203	Q20251024235647	
2543	-71323.7027990998	3853702.92938252	521.133813179245	Q20251024235647	
2544	-71320.6859880818	3853687.82499591	521.133822497288	Q20251024235647	
2545	-71317.6691770636	3853672.7206093	521.13383181533	Q20251024235647	
2546	-71314.6523660455	3853657.61622269	521.133841133372	Q20251024235647	
2547	-71311.6355550274	3853642.51183607	521.133850451415	Q20251024235647	
2548	-71308.6187440093	3853627.40744946	521.133859769457	Q20251024235647	
2549	-71305.6019329912	3853612.30306285	521.1338690875	Q20251024235647	
2550	-71302.5851219731	3853597.19867624	521.133878405542	Q20251024235647	
2551	-71299.568310955	3853582.09428963	521.133887723585	Q20251024235647	
2552	-71296.5514999369	3853566.98990301	521.133897041627	Q20251024235647	
2553	-71293.5346889187	3853551.8855164	521.133906359669	Q20251024235647	
2554	-71290.5178779006	3853536.78112979	521.133915677712	Q20251024235647	
2555	-71287.5010668825	3853521.67674318	521.133924995754	Q20251024235647	
2556	-71284.4842558644	3853506.57235657	521.133934313796	Q20251024235647	
2557	-71281.4674448463	3853491.46796995	521.133943631839	Q20251024235647	
2558	-71278.4506338282	3853476.36358334	521.133952949881	Q20251024235647	
2559	-71275.43382281	3853461.25919673	521.133962267923	Q20251024235647	
2560	-71272.4170117919	3853446.15481012	521.133971585966	Q20251024235647	
2561	-71269.4002007738	3853431.05042351	521.133980904008	Q20251024235647	
2562	-71266.3833897556	3853415.9460369	521.133990222051	Q20251024235647	
2563	-71263.2176791652	3853400.09614893	521.134	Q20251024235647	
2564	-71259.689851392	3853385.10288128	521.134	Q20251024235647	
2565	-71256.1620236187	3853370.10961363	521.134	Q20251024235647	
2566	-71252.6341958455	3853355.11634598	521.134	Q20251024235647	
2567	-71249.1063680722	3853340.12307833	521.134	Q20251024235647	
2568	-71245.578540299	3853325.12981068	521.134	Q20251024235647	
2569	-71242.0507125258	3853310.13654303	521.134	Q20251024235647	
2570	-71238.5228847526	3853295.14327538	521.134	Q20251024235647	
2571	-71234.9950569793	3853280.15000773	521.134	Q20251024235647	
2572	-71231.4672292061	3853265.15674008	521.134	Q20251024235647	
2573	-71227.9394014329	3853250.16347243	521.134	Q20251024235647	
2574	-71224.4115736597	3853235.17020477	521.134	Q20251024235647	
2575	-71220.8837458865	3853220.17693712	521.134	Q20251024235647	
2576	-71217.3559181132	3853205.18366947	521.134	Q20251024235647	
2577	-71213.82809034	3853190.19040182	521.134	Q20251024235647	
2578	-71210.3002625668	3853175.19713417	521.134	Q20251024235647	
2579	-71206.7724347936	3853160.20386652	521.134	Q20251024235647	
2580	-71203.2446070204	3853145.21059887	521.134	Q20251024235647	
2581	-71199.7167792472	3853130.21733122	521.134	Q20251024235647	
2582	-71196.188951474	3853115.22406357	521.134	Q20251024235647	
2583	-71192.6611237008	3853100.23079592	521.134	Q20251024235647	
2584	-71189.1332959276	3853085.23752827	521.134	Q20251024235647	
2585	-71185.6054681543	3853070.24426062	521.134	Q20251024235647	
2586	-71182.0776403811	3853055.25099297	521.134	Q20251024235647	
2587	-71178.5498126079	3853040.25772532	521.134	Q20251024235647	
2588	-71174.8008954331	3853024.32482774	521.134	Q20251024235647	
2589	-68916.8543748922	3856052.51486033	520.659471113572	Q20251024235657	
2590	-68906.5760198328	3856041.04319694	520.659451509393	Q20251024235657	
2591	-68896.2976647733	3856029.57153355	520.659431905215	Q20251024235657	
2592	-68886.0193097139	3856018.09987016	520.659412301036	Q20251024235657	
2593	-68875.7409546545	3856006.62820677	520.659392696857	Q20251024235657	
2594	-68865.462599595	3855995.15654339	520.659373092678	Q20251024235657	
2595	-68855.1842445356	3855983.68488	520.6593534885	Q20251024235657	
2596	-68844.9058894761	3855972.21321661	520.659333884321	Q20251024235657	
2597	-68834.6275344167	3855960.74155322	520.659314280142	Q20251024235657	
2598	-68824.3491793572	3855949.26988983	520.659294675963	Q20251024235657	
2599	-68814.0708242978	3855937.79822644	520.659275071784	Q20251024235657	
2600	-68803.7924692383	3855926.32656305	520.659255467606	Q20251024235657	
2601	-68793.5141141789	3855914.85489966	520.659235863427	Q20251024235657	
2602	-68783.2357591194	3855903.38323627	520.659216259248	Q20251024235657	
2603	-68772.95740406	3855891.91157289	520.659196655069	Q20251024235657	
2604	-68762.6790490006	3855880.4399095	520.659177050891	Q20251024235657	
2605	-68752.4006939411	3855868.96824611	520.659157446712	Q20251024235657	
2606	-68742.1223388817	3855857.49658272	520.659137842533	Q20251024235657	
2607	-68731.8439838223	3855846.02491933	520.659118238355	Q20251024235657	
2608	-68721.5656287628	3855834.55325594	520.659098634176	Q20251024235657	
2609	-68711.2872737034	3855823.08159255	520.659079029997	Q20251024235657	
2610	-68701.008918644	3855811.60992916	520.659059425818	Q20251024235657	
2611	-68690.7305635845	3855800.13826577	520.65903982164	Q20251024235657	
2612	-68680.4522085251	3855788.66660239	520.659020217461	Q20251024235657	
2613	-68669.8523131498	3855776.83606812	520.659	Q20251024235657	
2614	-68659.2297508285	3855765.68237755	520.659	Q20251024235657	
2615	-68648.6071885073	3855754.52868698	520.659	Q20251024235657	
2616	-68637.9846261861	3855743.37499641	520.659	Q20251024235657	
2617	-68627.3620638648	3855732.22130584	520.659	Q20251024235657	
2618	-68616.7395015436	3855721.06761526	520.659	Q20251024235657	
2619	-68606.1169392223	3855709.91392469	520.659	Q20251024235657	
2620	-68595.4943769011	3855698.76023412	520.659	Q20251024235657	
2621	-68584.8718145799	3855687.60654355	520.659	Q20251024235657	
2622	-68574.2492522587	3855676.45285298	520.659	Q20251024235657	
2623	-68563.6266899375	3855665.29916241	520.659	Q20251024235657	
2624	-68553.0041276163	3855654.14547184	520.659	Q20251024235657	
2625	-68542.381565295	3855642.99178126	520.659	Q20251024235657	
2626	-68531.7590029738	3855631.83809069	520.659	Q20251024235657	
2627	-68521.1364406526	3855620.68440012	520.659	Q20251024235657	
2628	-68510.5138783314	3855609.53070955	520.659	Q20251024235657	
2629	-68499.8913160102	3855598.37701898	520.659	Q20251024235657	
2630	-68489.268753689	3855587.22332841	520.659	Q20251024235657	
2631	-68478.6461913678	3855576.06963783	520.659	Q20251024235657	
2632	-68468.0236290466	3855564.91594726	520.659	Q20251024235657	
2633	-68457.4010667253	3855553.76225669	520.659	Q20251024235657	
2634	-68446.7785044041	3855542.60856612	520.659	Q20251024235657	
2635	-68436.1559420829	3855531.45487555	520.659	Q20251024235657	
2636	-68425.5333797617	3855520.30118498	520.659	Q20251024235657	
2637	-68414.9108174405	3855509.1474944	520.659	Q20251024235657	
2638	-68404.2882551193	3855497.99380383	520.659	Q20251024235657	
2639	-68393.6656927981	3855486.84011326	520.659	Q20251024235657	
2640	-68383.0431304769	3855475.68642269	520.659	Q20251024235657	
2641	-68372.4205681556	3855464.53273212	520.659	Q20251024235657	
2642	-68361.7980058344	3855453.37904155	520.659	Q20251024235657	
2643	-68351.1754435132	3855442.22535097	520.659	Q20251024235657	
2644	-68340.552881192	3855431.0716604	520.659	Q20251024235657	
2645	-68332.0898960042	3855422.18552585	520.659	Q20251024235657	
2646	-66806.0923807601	3858301.91471295	520.326961591495	Q20251024235707	
2647	-66802.0394913288	3858316.77465005	520.32696338299	Q20251024235707	
2648	-66797.9866018974	3858331.63458716	520.326965174484	Q20251024235707	
2649	-66793.933712466	3858346.49452427	520.326966965979	Q20251024235707	
2650	-66789.8808230347	3858361.35446138	520.326968757474	Q20251024235707	
2651	-66785.8279336033	3858376.21439849	520.326970548969	Q20251024235707	
2652	-66781.7750441719	3858391.0743356	520.326972340464	Q20251024235707	
2653	-66777.7221547406	3858405.93427271	520.326974131959	Q20251024235707	
2654	-66773.6692653092	3858420.79420982	520.326975923453	Q20251024235707	
2655	-66769.6163758778	3858435.65414693	520.326977714948	Q20251024235707	
2656	-66765.5634864464	3858450.51408404	520.326979506443	Q20251024235707	
2657	-66761.510597015	3858465.37402115	520.326981297938	Q20251024235707	
2658	-66757.4577075836	3858480.23395826	520.326983089433	Q20251024235707	
2659	-66753.4048181523	3858495.09389537	520.326984880927	Q20251024235707	
2660	-66749.3519287208	3858509.95383248	520.326986672422	Q20251024235707	
2661	-66745.2990392894	3858524.81376959	520.326988463917	Q20251024235707	
2662	-66741.246149858	3858539.6737067	520.326990255412	Q20251024235707	
2663	-66737.1932604266	3858554.53364381	520.326992046906	Q20251024235707	
2664	-66733.1403709952	3858569.39358092	520.326993838401	Q20251024235707	
2665	-66729.0874815637	3858584.25351803	520.326995629896	Q20251024235707	
2666	-66725.0345921322	3858599.11345514	520.326997421391	Q20251024235707	
2667	-66719.2010175105	3858620.50228241	520.327	Q20251024235707	
2668	-66715.7375705701	3858635.51055276	520.327	Q20251024235707	
2669	-66712.2741236297	3858650.51882311	520.327	Q20251024235707	
2670	-66708.8106766893	3858665.52709346	520.327	Q20251024235707	
2671	-66705.3472297489	3858680.53536381	520.327	Q20251024235707	
2672	-66701.8837828085	3858695.54363416	520.327	Q20251024235707	
2673	-66698.4203358681	3858710.55190451	520.327	Q20251024235707	
2674	-66694.9568889277	3858725.56017486	520.327	Q20251024235707	
2675	-66691.4934419873	3858740.56844521	520.327	Q20251024235707	
2676	-66688.0299950469	3858755.57671556	520.327	Q20251024235707	
2677	-66684.5665481066	3858770.58498591	520.327	Q20251024235707	
2678	-66681.1031011662	3858785.59325627	520.327	Q20251024235707	
2679	-66677.6396542258	3858800.60152662	520.327	Q20251024235707	
2680	-66674.1762072855	3858815.60979697	520.327	Q20251024235707	
2681	-66670.7127603451	3858830.61806732	520.327	Q20251024235707	
2682	-66667.2493134048	3858845.62633767	520.327	Q20251024235707	
2683	-66663.7858664644	3858860.63460802	520.327	Q20251024235707	
2684	-66660.3224195241	3858875.64287837	520.327	Q20251024235707	
2685	-66656.8589725838	3858890.65114872	520.327	Q20251024235707	
2686	-66653.3955256435	3858905.65941907	520.327	Q20251024235707	
2687	-66649.9320787032	3858920.66768942	520.327	Q20251024235707	
2688	-66647.018817069	3858933.2918234	520.327	Q20251024235707	
2689	-71635.1760688601	3859283.64957873	519.32784861521	Q20251024235722	
2690	-71632.3530217584	3859298.7913768	519.327855210822	Q20251024235722	
2691	-71629.5299746568	3859313.93317487	519.327861806434	Q20251024235722	
2692	-71626.7069275552	3859329.07497293	519.327868402046	Q20251024235722	
2693	-71623.8838804535	3859344.216771	519.327874997657	Q20251024235722	
2694	-71621.0608333519	3859359.35856907	519.327881593269	Q20251024235722	
2695	-71618.2377862502	3859374.50036713	519.327888188881	Q20251024235722	
2696	-71615.4147391486	3859389.6421652	519.327894784492	Q20251024235722	
2697	-71612.591692047	3859404.78396327	519.327901380104	Q20251024235722	
2698	-71609.7686449453	3859419.92576134	519.327907975716	Q20251024235722	
2699	-71606.9455978437	3859435.0675594	519.327914571327	Q20251024235722	
2700	-71604.122550742	3859450.20935747	519.327921166939	Q20251024235722	
2701	-71601.2995036404	3859465.35115554	519.327927762551	Q20251024235722	
2702	-71598.4764565388	3859480.4929536	519.327934358162	Q20251024235722	
2703	-71595.6534094371	3859495.63475167	519.327940953774	Q20251024235722	
2704	-71592.8303623355	3859510.77654974	519.327947549386	Q20251024235722	
2705	-71590.0073152338	3859525.9183478	519.327954144998	Q20251024235722	
2706	-71587.1842681322	3859541.06014587	519.327960740609	Q20251024235722	
2707	-71584.3612210306	3859556.20194394	519.327967336221	Q20251024235722	
2708	-71581.5381739289	3859571.343742	519.327973931833	Q20251024235722	
2709	-71578.7151268273	3859586.48554007	519.327980527444	Q20251024235722	
2710	-71575.8920797256	3859601.62733814	519.327987123056	Q20251024235722	
2711	-71573.069032624	3859616.7691362	519.327993718668	Q20251024235722	
2712	-71570.3805029877	3859631.1894315	519.328	Q20251024235722	
2713	-71567.4117019084	3859646.30332788	519.328	Q20251024235722	
2714	-71564.4429008291	3859661.41722426	519.328	Q20251024235722	
2715	-71561.4740997497	3859676.53112064	519.328	Q20251024235722	
2716	-71558.5052986704	3859691.64501703	519.328	Q20251024235722	
2717	-71555.5364975911	3859706.75891341	519.328	Q20251024235722	
2718	-71552.5676965118	3859721.87280979	519.328	Q20251024235722	
2719	-71549.5988954325	3859736.98670617	519.328	Q20251024235722	
2720	-71546.6300943532	3859752.10060255	519.328	Q20251024235722	
2721	-71543.6612932738	3859767.21449893	519.328	Q20251024235722	
2722	-71540.6924921945	3859782.32839531	519.328	Q20251024235722	
2723	-71537.7236911152	3859797.44229169	519.328	Q20251024235722	
2724	-71534.7548900359	3859812.55618807	519.328	Q20251024235722	
2725	-71531.7860889566	3859827.67008445	519.328	Q20251024235722	
2726	-71528.8172878772	3859842.78398083	519.328	Q20251024235722	
2727	-71525.8484867979	3859857.89787721	519.328	Q20251024235722	
2728	-71522.8796857186	3859873.01177359	519.328	Q20251024235722	
2729	-71519.9108846392	3859888.12566997	519.328	Q20251024235722	
2730	-71516.9420835599	3859903.23956635	519.328	Q20251024235722	
2731	-71513.9732824806	3859918.35346273	519.328	Q20251024235722	
2732	-71511.0044814012	3859933.46735911	519.328	Q20251024235722	
2733	-71508.0356803219	3859948.58125549	519.328	Q20251024235722	
2734	-71505.0668792425	3859963.69515187	519.328	Q20251024235722	
2735	-71502.7618900137	3859975.42964247	519.328	Q20251024235722	
2736	-75318.5596048266	3859621.4045846	518.210928574193	Q20251024235734	
2737	-75317.786684328	3859636.78789495	518.210931848385	Q20251024235734	
2738	-75317.0137638294	3859652.17120531	518.210935122578	Q20251024235734	
2739	-75316.2408433307	3859667.55451567	518.21093839677	Q20251024235734	
2740	-75315.4679228321	3859682.93782602	518.210941670963	Q20251024235734	
2741	-75314.6950023335	3859698.32113638	518.210944945155	Q20251024235734	
2742	-75313.9220818349	3859713.70444674	518.210948219348	Q20251024235734	
2743	-75313.1491613362	3859729.0877571	518.21095149354	Q20251024235734	
2744	-75312.3762408376	3859744.47106745	518.210954767733	Q20251024235734	
2745	-75311.603320339	3859759.85437781	518.210958041925	Q20251024235734	
2746	-75310.8303998404	3859775.23768817	518.210961316118	Q20251024235734	
2747	-75310.0574793417	3859790.62099852	518.21096459031	Q20251024235734	
2748	-75309.2845588431	3859806.00430888	518.210967864503	Q20251024235734	
2749	-75308.5116383445	3859821.38761924	518.210971138695	Q20251024235734	
2750	-75307.7387178459	3859836.7709296	518.210974412888	Q20251024235734	
2751	-75306.9657973472	3859852.15423995	518.21097768708	Q20251024235734	
2752	-75306.1928768486	3859867.53755031	518.210980961273	Q20251024235734	
2753	-75305.41995635	3859882.92086067	518.210984235465	Q20251024235734	
2754	-75304.6470358514	3859898.30417102	518.210987509658	Q20251024235734	
2755	-75303.8741153528	3859913.68748138	518.21099078385	Q20251024235734	
2756	-75303.1011948541	3859929.07079174	518.210994058043	Q20251024235734	
2757	-75302.3282743555	3859944.4541021	518.210997332235	Q20251024235734	
2758	-75301.698509826	3859956.9882026	518.211	Q20251024235734	
2759	-75300.8745458527	3859972.36886341	518.211	Q20251024235734	
2760	-75300.0505818793	3859987.74952422	518.211	Q20251024235734	
2761	-75299.226617906	3860003.13018503	518.211	Q20251024235734	
2762	-75298.4026539326	3860018.51084584	518.211	Q20251024235734	
2763	-75297.5786899593	3860033.89150666	518.211	Q20251024235734	
2764	-75296.7547259859	3860049.27216747	518.211	Q20251024235734	
2765	-75295.9307620126	3860064.65282828	518.211	Q20251024235734	
2766	-75295.1067980392	3860080.03348909	518.211	Q20251024235734	
2767	-75294.2828340659	3860095.4141499	518.211	Q20251024235734	
2768	-75293.4588700925	3860110.79481072	518.211	Q20251024235734	
2769	-75292.6349061192	3860126.17547153	518.211	Q20251024235734	
2770	-75291.8109421458	3860141.55613234	518.211	Q20251024235734	
2771	-75290.9869781725	3860156.93679315	518.211	Q20251024235734	
2772	-75290.1630141991	3860172.31745396	518.211	Q20251024235734	
2773	-75289.3390502258	3860187.69811477	518.211	Q20251024235734	
2774	-75288.5150862524	3860203.07877559	518.211	Q20251024235734	
2775	-75287.6911222791	3860218.4594364	518.211	Q20251024235734	
2776	-75286.8671583057	3860233.84009721	518.211	Q20251024235734	
2777	-75286.0431943323	3860249.22075802	518.211	Q20251024235734	
2778	-75285.219230359	3860264.60141883	518.211	Q20251024235734	
2779	-75284.3952663856	3860279.98207965	518.211	Q20251024235734	
2780	-75283.257069924	3860301.22841356	518.211	Q20251024235734	
2781	-77836.8547550101	3858994.06723894	516.910413481291	Q20251024235742	
2782	-77845.7123341898	3859006.66830773	516.910393862583	Q20251024235742	
2783	-77854.5699133695	3859019.26937652	516.910374243874	Q20251024235742	
2784	-77863.4274925492	3859031.87044531	516.910354625166	Q20251024235742	
2785	-77872.2850717289	3859044.47151411	516.910335006457	Q20251024235742	
2786	-77881.1426509086	3859057.0725829	516.910315387749	Q20251024235742	
2787	-77890.0002300882	3859069.67365169	516.91029576904	Q20251024235742	
2788	-77898.8578092679	3859082.27472048	516.910276150332	Q20251024235742	
2789	-77907.7153884476	3859094.87578927	516.910256531623	Q20251024235742	
2790	-77916.5729676273	3859107.47685807	516.910236912915	Q20251024235742	
2791	-77925.430546807	3859120.07792686	516.910217294206	Q20251024235742	
2792	-77934.2881259866	3859132.67899565	516.910197675498	Q20251024235742	
2793	-77943.1457051663	3859145.28006444	516.910178056789	Q20251024235742	
2794	-77952.003284346	3859157.88113324	516.910158438081	Q20251024235742	
2795	-77960.8608635257	3859170.48220203	516.910138819372	Q20251024235742	
2796	-77969.7184427053	3859183.08327082	516.910119200664	Q20251024235742	
2797	-77978.576021885	3859195.68433961	516.910099581955	Q20251024235742	
2798	-77987.4336010647	3859208.28540841	516.910079963247	Q20251024235742	
2799	-77996.2911802443	3859220.8864772	516.910060344538	Q20251024235742	
2800	-78005.148759424	3859233.48754599	516.91004072583	Q20251024235742	
2801	-78014.0063386036	3859246.08861478	516.910021107121	Q20251024235742	
2802	-78023.5359159295	3859259.64568913	516.91	Q20251024235742	
2803	-78032.6555010457	3859272.05845719	516.91	Q20251024235742	
2804	-78041.7750861619	3859284.47122525	516.91	Q20251024235742	
2805	-78050.8946712781	3859296.88399331	516.91	Q20251024235742	
2806	-78060.0142563943	3859309.29676137	516.91	Q20251024235742	
2807	-78069.1338415104	3859321.70952943	516.91	Q20251024235742	
2808	-78078.2534266266	3859334.1222975	516.91	Q20251024235742	
2809	-78087.3730117427	3859346.53506556	516.91	Q20251024235742	
2810	-78096.4925968589	3859358.94783362	516.91	Q20251024235742	
2811	-78105.6121819751	3859371.36060168	516.91	Q20251024235742	
2812	-78114.7317670912	3859383.77336974	516.91	Q20251024235742	
2813	-78123.8513522074	3859396.1861378	516.91	Q20251024235742	
2814	-78132.9709373235	3859408.59890586	516.91	Q20251024235742	
2815	-78142.0905224397	3859421.01167392	516.91	Q20251024235742	
2816	-78151.2101075558	3859433.42444199	516.91	Q20251024235742	
2817	-78160.3296926719	3859445.83721005	516.91	Q20251024235742	
2818	-78169.4492777881	3859458.24997811	516.91	Q20251024235742	
2819	-78178.5688629042	3859470.66274617	516.91	Q20251024235742	
2820	-78187.6884480203	3859483.07551423	516.91	Q20251024235742	
2821	-78196.8080331364	3859495.48828229	516.91	Q20251024235742	
2822	-78205.9276182525	3859507.90105035	516.91	Q20251024235742	
2823	-78215.0472033685	3859520.31381841	516.91	Q20251024235742	
2824	-78224.1667884846	3859532.72658648	516.91	Q20251024235742	
2825	-78233.2863736005	3859545.13935454	516.91	Q20251024235742	
2826	-78239.7454208949	3859553.93083517	516.91	Q20251024235742	
2827	-82787.0292447225	3856720.65130683	515.864163072036	Q20251024235753	
2828	-82790.1759391566	3856735.72917	515.864157244071	Q20251024235753	
2829	-82793.3226335907	3856750.80703316	515.864151416107	Q20251024235753	
2830	-82796.4693280247	3856765.88489633	515.864145588142	Q20251024235753	
2831	-82799.6160224588	3856780.9627595	515.864139760178	Q20251024235753	
2832	-82802.7627168928	3856796.04062267	515.864133932214	Q20251024235753	
2833	-82805.9094113269	3856811.11848584	515.864128104249	Q20251024235753	
2834	-82809.0561057609	3856826.19634901	515.864122276285	Q20251024235753	
2835	-82812.202800195	3856841.27421218	515.86411644832	Q20251024235753	
2836	-82815.349494629	3856856.35207535	515.864110620356	Q20251024235753	
2837	-82818.4961890631	3856871.42993852	515.864104792392	Q20251024235753	
2838	-82821.6428834971	3856886.50780169	515.864098964427	Q20251024235753	
2839	-82824.7895779312	3856901.58566486	515.864093136463	Q20251024235753	
2840	-82827.9362723652	3856916.66352803	515.864087308498	Q20251024235753	
2841	-82831.0829667993	3856931.7413912	515.864081480534	Q20251024235753	
2842	-82834.2296612333	3856946.81925437	515.86407565257	Q20251024235753	
2843	-82837.3763556673	3856961.89711754	515.864069824605	Q20251024235753	
2844	-82840.5230501014	3856976.97498071	515.864063996641	Q20251024235753	
2845	-82843.6697445354	3856992.05284388	515.864058168676	Q20251024235753	
2846	-82846.8164389694	3857007.13070705	515.864052340712	Q20251024235753	
2847	-82849.9631334035	3857022.20857022	515.864046512748	Q20251024235753	
2848	-82853.1098278375	3857037.28643339	515.864040684783	Q20251024235753	
2849	-82856.2565222715	3857052.36429656	515.864034856819	Q20251024235753	
2850	-82859.4032167056	3857067.44215973	515.864029028855	Q20251024235753	
2851	-82862.5499111396	3857082.5200229	515.86402320089	Q20251024235753	
2852	-82865.6966055736	3857097.59788607	515.864017372926	Q20251024235753	
2853	-82868.8433000076	3857112.67574924	515.864011544962	Q20251024235753	
2854	-82871.9899944417	3857127.75361241	515.864005716997	Q20251024235753	
2855	-82875.0767743588	3857142.5443861	515.864	Q20251024235753	
2856	-82878.5915402649	3857157.54072113	515.864	Q20251024235753	
2857	-82882.1063061709	3857172.53705615	515.864	Q20251024235753	
2858	-82885.621072077	3857187.53339118	515.864	Q20251024235753	
2859	-82889.1358379831	3857202.52972621	515.864	Q20251024235753	
2860	-82892.6506038892	3857217.52606124	515.864	Q20251024235753	
2861	-82896.1653697952	3857232.52239626	515.864	Q20251024235753	
2862	-82899.6801357013	3857247.51873129	515.864	Q20251024235753	
2863	-82903.1949016074	3857262.51506632	515.864	Q20251024235753	
2864	-82906.7096675135	3857277.51140135	515.864	Q20251024235753	
2865	-82910.2244334195	3857292.50773638	515.864	Q20251024235753	
2866	-82913.7391993256	3857307.5040714	515.864	Q20251024235753	
2867	-82917.2539652317	3857322.50040643	515.864	Q20251024235753	
2868	-82920.7687311378	3857337.49674146	515.864	Q20251024235753	
2869	-82924.2834970438	3857352.49307649	515.864	Q20251024235753	
2870	-82927.7982629499	3857367.48941151	515.864	Q20251024235753	
2871	-82931.313028856	3857382.48574654	515.864	Q20251024235753	
2872	-82934.8277947621	3857397.48208157	515.864	Q20251024235753	
2873	-82938.3425606681	3857412.4784166	515.864	Q20251024235753	
2874	-82941.8573265742	3857427.47475162	515.864	Q20251024235753	
2875	-82945.3720924803	3857442.47108665	515.864	Q20251024235753	
2876	-82948.8868583864	3857457.46742168	515.864	Q20251024235753	
2877	-82952.4016242925	3857472.46375671	515.864	Q20251024235753	
2878	-82955.9163901986	3857487.46009174	515.864	Q20251024235753	
2879	-82959.4311561047	3857502.45642676	515.864	Q20251024235753	
2880	-82962.9459220108	3857517.45276179	515.864	Q20251024235753	
2881	-82966.4606879169	3857532.44909682	515.864	Q20251024235753	
2882	-82969.975453823	3857547.44543185	515.864	Q20251024235753	
2883	-82973.1518750132	3857560.99816271	515.864	Q20251024235753	
2884	-84533.2515420839	3856546.00867698	515.767233695449	Q20251024235801	
2885	-84530.3883056002	3856561.14292689	515.767217558149	Q20251024235801	
2886	-84527.5250691166	3856576.27717681	515.767201420849	Q20251024235801	
2887	-84524.661832633	3856591.41142672	515.767185283549	Q20251024235801	
2888	-84521.7985961493	3856606.54567663	515.767169146249	Q20251024235801	
2889	-84518.9353596657	3856621.67992655	515.767153008949	Q20251024235801	
2890	-84516.0721231821	3856636.81417646	515.767136871649	Q20251024235801	
2891	-84513.2088866984	3856651.94842638	515.767120734349	Q20251024235801	
2892	-84510.3456502148	3856667.08267629	515.767104597049	Q20251024235801	
2893	-84507.4824137312	3856682.21692621	515.767088459749	Q20251024235801	
2894	-84504.6191772476	3856697.35117612	515.767072322449	Q20251024235801	
2895	-84501.7559407639	3856712.48542604	515.767056185149	Q20251024235801	
2896	-84498.8927042803	3856727.61967595	515.767040047849	Q20251024235801	
2897	-84496.0294677967	3856742.75392586	515.767023910549	Q20251024235801	
2898	-84491.7870259981	3856765.17826098	515.767	Q20251024235801	
2899	-84489.0865626998	3856780.34240097	515.767	Q20251024235801	
2900	-84486.3860994015	3856795.50654096	515.767	Q20251024235801	
2901	-84483.6856361032	3856810.67068095	515.767	Q20251024235801	
2902	-84480.9851728048	3856825.83482094	515.767	Q20251024235801	
2903	-84478.2847095065	3856840.99896093	515.767	Q20251024235801	
2904	-84475.5842462082	3856856.16310092	515.767	Q20251024235801	
2905	-84472.8837829099	3856871.32724091	515.767	Q20251024235801	
2906	-84470.1833196116	3856886.4913809	515.767	Q20251024235801	
2907	-84467.4828563133	3856901.65552089	515.767	Q20251024235801	
2908	-84464.7823930149	3856916.81966088	515.767	Q20251024235801	
2909	-84462.0819297166	3856931.98380086	515.767	Q20251024235801	
2910	-84459.3814664183	3856947.14794085	515.767	Q20251024235801	
2911	-84456.6810031199	3856962.31208084	515.767	Q20251024235801	
2912	-84453.9805398216	3856977.47622083	515.767	Q20251024235801	
2913	-84450.6255414693	3856996.31582688	515.767	Q20251024235801	
2914	-85242.1950786238	3856640.93676339	515.721279862485	Q20251024235809	
2915	-85239.0313375688	3856656.01105893	515.721262385911	Q20251024235809	
2916	-85235.8675965138	3856671.08535448	515.721244909338	Q20251024235809	
2917	-85232.7038554588	3856686.15965002	515.721227432764	Q20251024235809	
2918	-85229.5401144038	3856701.23394557	515.72120995619	Q20251024235809	
2919	-85226.3763733487	3856716.30824111	515.721192479616	Q20251024235809	
2920	-85223.2126322937	3856731.38253666	515.721175003043	Q20251024235809	
2921	-85220.0488912387	3856746.4568322	515.721157526469	Q20251024235809	
2922	-85216.8851501837	3856761.53112775	515.721140049895	Q20251024235809	
2923	-85213.7214091287	3856776.60542329	515.721122573321	Q20251024235809	
2924	-85210.5576680736	3856791.67971884	515.721105096748	Q20251024235809	
2925	-85207.3939270186	3856806.75401438	515.721087620174	Q20251024235809	
2926	-85204.2301859636	3856821.82830993	515.7210701436	Q20251024235809	
2927	-85201.0664449085	3856836.90260547	515.721052667026	Q20251024235809	
2928	-85197.9027038535	3856851.97690102	515.721035190453	Q20251024235809	
2929	-85194.7389627984	3856867.05119656	515.721017713879	Q20251024235809	
2930	-85191.5322629873	3856882.33017794	515.721	Q20251024235809	
2931	-85188.7547241208	3856897.48038987	515.721	Q20251024235809	
2932	-85185.9771852543	3856912.6306018	515.721	Q20251024235809	
2933	-85183.1996463878	3856927.78081373	515.721	Q20251024235809	
2934	-85180.4221075213	3856942.93102566	515.721	Q20251024235809	
2935	-85177.6445686548	3856958.08123758	515.721	Q20251024235809	
2936	-85174.8670297884	3856973.23144951	515.721	Q20251024235809	
2937	-85172.0894909219	3856988.38166144	515.721	Q20251024235809	
2938	-85169.3119520554	3857003.53187337	515.721	Q20251024235809	
2939	-85166.5344131889	3857018.6820853	515.721	Q20251024235809	
2940	-85163.7568743225	3857033.83229723	515.721	Q20251024235809	
2941	-85160.9793354561	3857048.98250915	515.721	Q20251024235809	
2942	-85158.2017965896	3857064.13272108	515.721	Q20251024235809	
2943	-85156.7033145399	3857072.3062595	515.721	Q20251024235809	
2944	-85999.4919245684	3856788.36759414	515.457005734599	Q20251024235817	
2945	-85989.8487511878	3856800.37812497	515.457005369198	Q20251024235817	
2946	-85980.2055778073	3856812.3886558	515.457005003797	Q20251024235817	
2947	-85970.5624044267	3856824.39918663	515.457004638396	Q20251024235817	
2948	-85960.9192310462	3856836.40971746	515.457004272995	Q20251024235817	
2949	-85951.2760576656	3856848.42024829	515.457003907594	Q20251024235817	
2950	-85941.632884285	3856860.43077912	515.457003542193	Q20251024235817	
2951	-85931.9897109044	3856872.44130995	515.457003176792	Q20251024235817	
2952	-85922.3465375238	3856884.45184078	515.457002811391	Q20251024235817	
2953	-85912.7033641432	3856896.4623716	515.45700244599	Q20251024235817	
2954	-85903.0601907626	3856908.47290243	515.457002080589	Q20251024235817	
2955	-85893.4170173819	3856920.48343326	515.457001715188	Q20251024235817	
2956	-85883.7738440013	3856932.49396409	515.457001349787	Q20251024235817	
2957	-85874.1306706207	3856944.50449492	515.457000984386	Q20251024235817	
2958	-85864.4874972401	3856956.51502575	515.457000618985	Q20251024235817	
2959	-85854.8443238594	3856968.52555658	515.457000253584	Q20251024235817	
2960	-85848.1520736905	3856976.86072528	515.457	Q20251024235817	
2961	-85838.8173624107	3856989.11253368	515.457	Q20251024235817	
2962	-85829.4826511309	3857001.36434207	515.457	Q20251024235817	
2963	-85820.1479398511	3857013.61615047	515.457	Q20251024235817	
2964	-85810.8132285713	3857025.86795886	515.457	Q20251024235817	
2965	-85801.4785172914	3857038.11976726	515.457	Q20251024235817	
2966	-85792.1438060116	3857050.37157565	515.457	Q20251024235817	
2967	-85782.8090947318	3857062.62338405	515.457	Q20251024235817	
2968	-85773.4743834519	3857074.87519244	515.457	Q20251024235817	
2969	-85764.1396721721	3857087.12700084	515.457	Q20251024235817	
2970	-85754.8049608922	3857099.37880924	515.457	Q20251024235817	
2971	-85745.4702496123	3857111.63061763	515.457	Q20251024235817	
2972	-85736.1355383324	3857123.88242603	515.457	Q20251024235817	
2973	-85726.8008270525	3857136.13423442	515.457	Q20251024235817	
2974	-85717.4661157726	3857148.38604282	515.457	Q20251024235817	
2975	-85708.1314044927	3857160.63785121	515.457	Q20251024235817	
2976	-85697.700274078	3857174.3287097	515.457	Q20251024235817	
2977	-86588.6333438567	3857026.13425865	515.151657994025	Q20251024235825	
2978	-86586.0163671476	3857041.31302924	515.151681888049	Q20251024235825	
2979	-86583.3993904385	3857056.49179983	515.151705782074	Q20251024235825	
2980	-86580.7824137295	3857071.67057041	515.151729676099	Q20251024235825	
2981	-86578.1654370204	3857086.849341	515.151753570124	Q20251024235825	
2982	-86575.5484603113	3857102.02811159	515.151777464148	Q20251024235825	
2983	-86572.9314836022	3857117.20688218	515.151801358173	Q20251024235825	
2984	-86570.3145068932	3857132.38565276	515.151825252198	Q20251024235825	
2985	-86567.6975301841	3857147.56442335	515.151849146222	Q20251024235825	
2986	-86565.080553475	3857162.74319394	515.151873040247	Q20251024235825	
2987	-86562.4635767659	3857177.92196453	515.151896934272	Q20251024235825	
2988	-86559.8466000568	3857193.10073511	515.151920828297	Q20251024235825	
2989	-86557.2296233478	3857208.2795057	515.151944722321	Q20251024235825	
2990	-86554.6126466387	3857223.45827629	515.151968616346	Q20251024235825	
2991	-86551.1753734043	3857243.39486254	515.152	Q20251024235825	
2992	-86549.1831987661	3857258.66820152	515.152	Q20251024235825	
2993	-86547.191024128	3857273.94154051	515.152	Q20251024235825	
2994	-86545.1988494899	3857289.2148795	515.152	Q20251024235825	
2995	-86543.2066748517	3857304.48821849	515.152	Q20251024235825	
2996	-86541.2145002136	3857319.76155748	515.152	Q20251024235825	
2997	-86539.2223255755	3857335.03489646	515.152	Q20251024235825	
2998	-86537.2301509374	3857350.30823545	515.152	Q20251024235825	
2999	-86535.2379762993	3857365.58157444	515.152	Q20251024235825	
3000	-86533.2458016611	3857380.85491343	515.152	Q20251024235825	
3001	-86531.253627023	3857396.12825242	515.152	Q20251024235825	
3002	-86529.2614523849	3857411.4015914	515.152	Q20251024235825	
3003	-86527.2692777469	3857426.67493039	515.152	Q20251024235825	
3004	-86524.410850876	3857448.58953654	515.152	Q20251024235825	
