;pt1	pt2	distance	type
0	1	15.402715463275085	Q20251012161706
1	0	15.402715463275085	Q20251012161706
1	2	15.402715463278637	Q20251012161706
2	1	15.402715463278637	Q20251012161706
2	3	15.402715463285736	Q20251012161706
3	2	15.402715463285736	Q20251012161706
3	4	19.181613719115436	Q20251012161706
4	3	19.181613719115436	Q20251012161706
4	5	15.402715463078009	Q20251012161706
5	4	15.402715463078009	Q20251012161706
5	6	15.402715463078009	Q20251012161706
6	5	15.402715463078009	Q20251012161706
6	7	15.402715463078009	Q20251012161706
7	6	15.402715463078009	Q20251012161706
7	8	15.402715463078009	Q20251012161706
8	7	15.402715463078009	Q20251012161706
8	9	15.402715463078009	Q20251012161706
9	8	15.402715463078009	Q20251012161706
9	10	15.402715463078009	Q20251012161706
10	9	15.402715463078009	Q20251012161706
10	11	15.402715463078009	Q20251012161706
11	10	15.402715463078009	Q20251012161706
11	12	15.402715463078009	Q20251012161706
12	11	15.402715463078009	Q20251012161706
12	13	15.402715463078009	Q20251012161706
13	12	15.402715463078009	Q20251012161706
13	14	15.402715463078009	Q20251012161706
14	13	15.402715463078009	Q20251012161706
14	15	15.402715463078009	Q20251012161706
15	14	15.402715463078009	Q20251012161706
15	16	15.402715463078009	Q20251012161706
16	15	15.402715463078009	Q20251012161706
16	17	15.402715463078009	Q20251012161706
17	16	15.402715463078009	Q20251012161706
17	18	15.402715463078009	Q20251012161706
18	17	15.402715463078009	Q20251012161706
18	19	15.402715463078009	Q20251012161706
19	18	15.402715463078009	Q20251012161706
19	20	15.402715463078009	Q20251012161706
20	19	15.402715463078009	Q20251012161706
20	21	15.402715463078009	Q20251012161706
21	20	15.402715463078009	Q20251012161706
21	22	15.402715463078009	Q20251012161706
22	21	15.402715463078009	Q20251012161706
22	23	15.402715463078009	Q20251012161706
23	22	15.402715463078009	Q20251012161706
23	24	15.402715463078009	Q20251012161706
24	23	15.402715463078009	Q20251012161706
24	25	15.402715463078009	Q20251012161706
25	24	15.402715463078009	Q20251012161706
25	26	15.402715463078009	Q20251012161706
26	25	15.402715463078009	Q20251012161706
26	27	15.402715463078009	Q20251012161706
27	26	15.402715463078009	Q20251012161706
27	28	15.402715463078009	Q20251012161706
28	27	15.402715463078009	Q20251012161706
28	29	15.402715463078009	Q20251012161706
29	28	15.402715463078009	Q20251012161706
29	30	15.402715463078009	Q20251012161706
30	29	15.402715463078009	Q20251012161706
30	31	15.402715463078009	Q20251012161706
31	30	15.402715463078009	Q20251012161706
31	32	15.402715463078009	Q20251012161706
32	31	15.402715463078009	Q20251012161706
32	33	15.402715463078009	Q20251012161706
33	32	15.402715463078009	Q20251012161706
33	34	15.402715463078009	Q20251012161706
34	33	15.402715463078009	Q20251012161706
34	35	15.402715463078009	Q20251012161706
35	34	15.402715463078009	Q20251012161706
35	36	15.402715463078009	Q20251012161706
36	35	15.402715463078009	Q20251012161706
36	37	15.402715463078009	Q20251012161706
37	36	15.402715463078009	Q20251012161706
37	38	15.402715463078009	Q20251012161706
38	37	15.402715463078009	Q20251012161706
38	39	15.402715463078009	Q20251012161706
39	38	15.402715463078009	Q20251012161706
39	40	15.402715463078009	Q20251012161706
40	39	15.402715463078009	Q20251012161706
40	41	15.402715463078009	Q20251012161706
41	40	15.402715463078009	Q20251012161706
41	42	15.402715463078009	Q20251012161706
42	41	15.402715463078009	Q20251012161706
42	43	15.402715463078009	Q20251012161706
43	42	15.402715463078009	Q20251012161706
43	44	15.402715463078009	Q20251012161706
44	43	15.402715463078009	Q20251012161706
44	45	15.402715463078009	Q20251012161706
45	44	15.402715463078009	Q20251012161706
45	46	15.402715463078009	Q20251012161706
46	45	15.402715463078009	Q20251012161706
46	47	15.402715463078009	Q20251012161706
47	46	15.402715463078009	Q20251012161706
47	48	15.402715463078009	Q20251012161706
48	47	15.402715463078009	Q20251012161706
48	49	15.402715463078009	Q20251012161706
49	48	15.402715463078009	Q20251012161706
49	50	15.402715463078009	Q20251012161706
50	49	15.402715463078009	Q20251012161706
50	51	15.402715463078009	Q20251012161706
51	50	15.402715463078009	Q20251012161706
51	52	15.402715463078009	Q20251012161706
52	51	15.402715463078009	Q20251012161706
52	53	15.402715463078009	Q20251012161706
53	52	15.402715463078009	Q20251012161706
53	54	15.402715463078009	Q20251012161706
54	53	15.402715463078009	Q20251012161706
54	55	15.402715463078009	Q20251012161706
55	54	15.402715463078009	Q20251012161706
55	56	15.402715463078009	Q20251012161706
56	55	15.402715463078009	Q20251012161706
56	57	15.402715463078009	Q20251012161706
57	56	15.402715463078009	Q20251012161706
57	58	15.402715463078009	Q20251012161706
58	57	15.402715463078009	Q20251012161706
58	59	15.402715463078009	Q20251012161706
59	58	15.402715463078009	Q20251012161706
59	60	15.402715463063640	Q20251012161706
60	59	15.402715463063640	Q20251012161706
60	61	15.402715463063640	Q20251012161706
61	60	15.402715463063640	Q20251012161706
61	62	15.402715463063640	Q20251012161706
62	61	15.402715463063640	Q20251012161706
62	63	15.402715463063640	Q20251012161706
63	62	15.402715463063640	Q20251012161706
63	64	15.402715463063640	Q20251012161706
64	63	15.402715463063640	Q20251012161706
64	65	15.402715463063640	Q20251012161706
65	64	15.402715463063640	Q20251012161706
65	66	15.402715463063640	Q20251012161706
66	65	15.402715463063640	Q20251012161706
66	67	15.402715463063640	Q20251012161706
67	66	15.402715463063640	Q20251012161706
67	68	15.402715463063640	Q20251012161706
68	67	15.402715463063640	Q20251012161706
68	69	15.402715463063640	Q20251012161706
69	68	15.402715463063640	Q20251012161706
69	70	15.402715463063640	Q20251012161706
70	69	15.402715463063640	Q20251012161706
70	71	15.402715463063640	Q20251012161706
71	70	15.402715463063640	Q20251012161706
71	72	15.402715463063640	Q20251012161706
72	71	15.402715463063640	Q20251012161706
72	73	15.402715463063640	Q20251012161706
73	72	15.402715463063640	Q20251012161706
73	74	15.402715463063640	Q20251012161706
74	73	15.402715463063640	Q20251012161706
74	75	15.402715463063640	Q20251012161706
75	74	15.402715463063640	Q20251012161706
75	76	15.402715463063640	Q20251012161706
76	75	15.402715463063640	Q20251012161706
76	77	15.402715463063640	Q20251012161706
77	76	15.402715463063640	Q20251012161706
77	78	15.402715463049271	Q20251012161706
78	77	15.402715463049271	Q20251012161706
78	79	15.402715463049271	Q20251012161706
79	78	15.402715463049271	Q20251012161706
79	80	15.402715463034902	Q20251012161706
80	79	15.402715463034902	Q20251012161706
80	81	15.402715463094152	Q20251012161706
81	80	15.402715463094152	Q20251012161706
81	82	13.387623982153766	Q20251012161706
82	81	13.387623982153766	Q20251012161706
82	83	15.402715463071310	Q20251012161706
82	2537	15.402715463157021	Q20251024235647
83	82	15.402715463071310	Q20251012161706
83	84	15.402715463071310	Q20251012161706
84	83	15.402715463071310	Q20251012161706
84	85	15.402715463071310	Q20251012161706
85	84	15.402715463071310	Q20251012161706
85	86	15.402715463071310	Q20251012161706
86	85	15.402715463071310	Q20251012161706
86	87	15.402715463071310	Q20251012161706
87	86	15.402715463071310	Q20251012161706
87	88	15.402715463071310	Q20251012161706
88	87	15.402715463071310	Q20251012161706
88	89	15.402715463071310	Q20251012161706
89	88	15.402715463071310	Q20251012161706
89	90	15.402715463071310	Q20251012161706
90	89	15.402715463071310	Q20251012161706
90	91	15.402715463071310	Q20251012161706
91	90	15.402715463071310	Q20251012161706
91	92	15.402715463071310	Q20251012161706
92	91	15.402715463071310	Q20251012161706
92	93	15.402715463071310	Q20251012161706
93	92	15.402715463071310	Q20251012161706
93	94	15.402715463071310	Q20251012161706
94	93	15.402715463071310	Q20251012161706
94	95	15.402715463071310	Q20251012161706
95	94	15.402715463071310	Q20251012161706
95	96	15.402715463071310	Q20251012161706
96	95	15.402715463071310	Q20251012161706
96	97	15.402715463071310	Q20251012161706
97	96	15.402715463071310	Q20251012161706
97	98	15.402715463071310	Q20251012161706
98	97	15.402715463071310	Q20251012161706
98	99	15.402715463071310	Q20251012161706
99	98	15.402715463071310	Q20251012161706
99	100	15.402715463071310	Q20251012161706
100	99	15.402715463071310	Q20251012161706
100	101	15.402715463071310	Q20251012161706
101	100	15.402715463071310	Q20251012161706
101	102	15.402715463071310	Q20251012161706
102	101	15.402715463071310	Q20251012161706
102	103	15.402715463071310	Q20251012161706
103	102	15.402715463071310	Q20251012161706
103	104	15.402715463071310	Q20251012161706
104	103	15.402715463071310	Q20251012161706
104	105	15.402715463071310	Q20251012161706
105	104	15.402715463071310	Q20251012161706
105	106	15.402715463071310	Q20251012161706
106	105	15.402715463071310	Q20251012161706
106	107	15.402715463071310	Q20251012161706
107	106	15.402715463071310	Q20251012161706
107	108	15.402715463071310	Q20251012161706
108	107	15.402715463071310	Q20251012161706
108	109	15.402715463071310	Q20251012161706
109	108	15.402715463071310	Q20251012161706
109	110	15.402715463071310	Q20251012161706
110	109	15.402715463071310	Q20251012161706
110	111	15.402715463071310	Q20251012161706
111	110	15.402715463071310	Q20251012161706
111	112	15.402715463071310	Q20251012161706
112	111	15.402715463071310	Q20251012161706
112	113	15.402715463071310	Q20251012161706
113	112	15.402715463071310	Q20251012161706
113	114	15.402715463071310	Q20251012161706
114	113	15.402715463071310	Q20251012161706
114	115	15.402715463071310	Q20251012161706
115	114	15.402715463071310	Q20251012161706
115	116	15.402715463071310	Q20251012161706
116	115	15.402715463071310	Q20251012161706
116	117	15.402715463071310	Q20251012161706
117	116	15.402715463071310	Q20251012161706
117	118	15.402715463071310	Q20251012161706
118	117	15.402715463071310	Q20251012161706
118	119	15.402715463071310	Q20251012161706
119	118	15.402715463071310	Q20251012161706
119	120	15.402715463071310	Q20251012161706
120	119	15.402715463071310	Q20251012161706
120	121	15.402715463071310	Q20251012161706
121	120	15.402715463071310	Q20251012161706
121	122	15.402715463071310	Q20251012161706
122	121	15.402715463071310	Q20251012161706
122	123	15.402715463071310	Q20251012161706
123	122	15.402715463071310	Q20251012161706
123	124	15.402715463071310	Q20251012161706
124	123	15.402715463071310	Q20251012161706
124	125	15.402715463071310	Q20251012161706
125	124	15.402715463071310	Q20251012161706
125	126	15.402715463071310	Q20251012161706
126	125	15.402715463071310	Q20251012161706
126	127	15.402715463071310	Q20251012161706
127	126	15.402715463071310	Q20251012161706
127	128	15.402715463071310	Q20251012161706
128	127	15.402715463071310	Q20251012161706
128	129	15.402715463071310	Q20251012161706
129	128	15.402715463071310	Q20251012161706
129	130	15.402715463071310	Q20251012161706
130	129	15.402715463071310	Q20251012161706
130	131	15.402715463071310	Q20251012161706
131	130	15.402715463071310	Q20251012161706
131	132	15.402715463071310	Q20251012161706
132	131	15.402715463071310	Q20251012161706
132	133	15.402715463056980	Q20251012161706
133	132	15.402715463056980	Q20251012161706
133	134	15.402715463056980	Q20251012161706
134	133	15.402715463056980	Q20251012161706
134	135	15.402715463056980	Q20251012161706
135	134	15.402715463056980	Q20251012161706
135	136	15.402715463056980	Q20251012161706
136	135	15.402715463056980	Q20251012161706
136	137	15.402715463056980	Q20251012161706
137	136	15.402715463056980	Q20251012161706
137	138	15.402715463056980	Q20251012161706
138	137	15.402715463056980	Q20251012161706
138	139	15.402715463042650	Q20251012161706
139	138	15.402715463042650	Q20251012161706
139	140	15.402715463042650	Q20251012161706
140	139	15.402715463042650	Q20251012161706
140	141	15.402715463095021	Q20251012161706
141	140	15.402715463095021	Q20251012161706
141	142	14.180781990362053	Q20251012161706
142	141	14.180781990362053	Q20251012161706
142	143	15.402715463033552	Q20251012161706
142	2054	15.402715462959696	Q20251022154230
143	142	15.402715463033552	Q20251012161706
143	144	15.402715463033552	Q20251012161706
144	143	15.402715463033552	Q20251012161706
144	145	15.402715463033552	Q20251012161706
145	144	15.402715463033552	Q20251012161706
145	146	15.402715463033552	Q20251012161706
146	145	15.402715463033552	Q20251012161706
146	147	15.402715463033552	Q20251012161706
147	146	15.402715463033552	Q20251012161706
147	148	15.402715463033552	Q20251012161706
148	147	15.402715463033552	Q20251012161706
148	149	15.402715463033552	Q20251012161706
149	148	15.402715463033552	Q20251012161706
149	150	15.402715463033552	Q20251012161706
150	149	15.402715463033552	Q20251012161706
150	151	15.402715463033552	Q20251012161706
151	150	15.402715463033552	Q20251012161706
151	152	15.402715463033552	Q20251012161706
152	151	15.402715463033552	Q20251012161706
152	153	15.402715463033552	Q20251012161706
153	152	15.402715463033552	Q20251012161706
153	154	15.402715463033552	Q20251012161706
154	153	15.402715463033552	Q20251012161706
154	155	15.402715463033552	Q20251012161706
155	154	15.402715463033552	Q20251012161706
155	156	15.402715463033552	Q20251012161706
156	155	15.402715463033552	Q20251012161706
156	157	15.402715463022535	Q20251012161706
157	156	15.402715463022535	Q20251012161706
157	158	15.402715463022535	Q20251012161706
158	157	15.402715463022535	Q20251012161706
158	159	15.402715463022535	Q20251012161706
159	158	15.402715463022535	Q20251012161706
159	160	15.402715463022535	Q20251012161706
160	159	15.402715463022535	Q20251012161706
160	161	15.402715463022535	Q20251012161706
161	160	15.402715463022535	Q20251012161706
161	162	15.402715463022535	Q20251012161706
162	161	15.402715463022535	Q20251012161706
162	163	15.402715463022535	Q20251012161706
163	162	15.402715463022535	Q20251012161706
163	164	15.402715463022535	Q20251012161706
164	163	15.402715463022535	Q20251012161706
164	165	15.402715463011516	Q20251012161706
165	164	15.402715463011516	Q20251012161706
165	166	15.402715463011516	Q20251012161706
166	165	15.402715463011516	Q20251012161706
166	167	15.402715463011516	Q20251012161706
167	166	15.402715463011516	Q20251012161706
167	168	15.402715463011516	Q20251012161706
168	167	15.402715463011516	Q20251012161706
168	169	15.402715463000499	Q20251012161706
169	168	15.402715463000499	Q20251012161706
169	170	15.402715463000499	Q20251012161706
170	169	15.402715463000499	Q20251012161706
170	171	15.402715463000499	Q20251012161706
171	170	15.402715463000499	Q20251012161706
171	172	15.402715462989480	Q20251012161706
172	171	15.402715462989480	Q20251012161706
172	173	15.402715462978463	Q20251012161706
173	172	15.402715462978463	Q20251012161706
173	174	15.402715462978463	Q20251012161706
174	173	15.402715462978463	Q20251012161706
174	175	15.402715462967445	Q20251012161706
175	174	15.402715462967445	Q20251012161706
175	176	15.402715462945409	Q20251012161706
176	175	15.402715462945409	Q20251012161706
176	177	15.402715462923373	Q20251012161706
177	176	15.402715462923373	Q20251012161706
177	178	15.402715463194516	Q20251012161706
178	177	15.402715463194516	Q20251012161706
178	179	22.320628194347421	Q20251012161706
179	178	22.320628194347421	Q20251012161706
179	180	15.402715463121247	Q20251012161706
180	179	15.402715463121247	Q20251012161706
180	181	15.402715463121247	Q20251012161706
181	180	15.402715463121247	Q20251012161706
181	182	15.402715463121247	Q20251012161706
182	181	15.402715463121247	Q20251012161706
182	183	15.402715463121247	Q20251012161706
183	182	15.402715463121247	Q20251012161706
183	184	15.402715463121247	Q20251012161706
184	183	15.402715463121247	Q20251012161706
184	185	15.402715463121247	Q20251012161706
185	184	15.402715463121247	Q20251012161706
185	186	15.402715463121247	Q20251012161706
186	185	15.402715463121247	Q20251012161706
186	187	15.402715463121247	Q20251012161706
187	186	15.402715463121247	Q20251012161706
187	188	15.402715463121247	Q20251012161706
188	187	15.402715463121247	Q20251012161706
188	189	15.402715463121247	Q20251012161706
189	188	15.402715463121247	Q20251012161706
189	190	15.402715463121247	Q20251012161706
190	189	15.402715463121247	Q20251012161706
190	191	15.402715463121247	Q20251012161706
191	190	15.402715463121247	Q20251012161706
191	192	15.402715463121247	Q20251012161706
192	191	15.402715463121247	Q20251012161706
192	193	15.402715463121247	Q20251012161706
193	192	15.402715463121247	Q20251012161706
193	194	15.402715463121247	Q20251012161706
194	193	15.402715463121247	Q20251012161706
194	195	15.402715463121247	Q20251012161706
195	194	15.402715463121247	Q20251012161706
195	196	15.402715463121247	Q20251012161706
196	195	15.402715463121247	Q20251012161706
196	197	15.402715463121247	Q20251012161706
197	196	15.402715463121247	Q20251012161706
197	198	15.402715463121247	Q20251012161706
198	197	15.402715463121247	Q20251012161706
198	199	15.402715463121247	Q20251012161706
199	198	15.402715463121247	Q20251012161706
199	200	15.402715463122885	Q20251012161706
200	199	15.402715463122885	Q20251012161706
200	201	15.402715463122885	Q20251012161706
201	200	15.402715463122885	Q20251012161706
201	202	15.402715463122885	Q20251012161706
202	201	15.402715463122885	Q20251012161706
202	203	15.402715463122885	Q20251012161706
203	202	15.402715463122885	Q20251012161706
203	204	15.402715463122885	Q20251012161706
204	203	15.402715463122885	Q20251012161706
204	205	15.402715463122885	Q20251012161706
205	204	15.402715463122885	Q20251012161706
205	206	15.402715463121247	Q20251012161706
206	205	15.402715463121247	Q20251012161706
206	207	15.402715463122885	Q20251012161706
207	206	15.402715463122885	Q20251012161706
207	208	15.402715463122885	Q20251012161706
208	207	15.402715463122885	Q20251012161706
208	209	15.402715463122885	Q20251012161706
209	208	15.402715463122885	Q20251012161706
209	210	15.402715463122885	Q20251012161706
210	209	15.402715463122885	Q20251012161706
210	211	15.402715463122885	Q20251012161706
211	210	15.402715463122885	Q20251012161706
211	212	15.402715463122885	Q20251012161706
212	211	15.402715463122885	Q20251012161706
212	213	15.402715463121247	Q20251012161706
213	212	15.402715463121247	Q20251012161706
213	214	15.402715463122885	Q20251012161706
214	213	15.402715463122885	Q20251012161706
214	215	15.402715463122885	Q20251012161706
215	214	15.402715463122885	Q20251012161706
215	216	15.402715463122885	Q20251012161706
216	215	15.402715463122885	Q20251012161706
216	217	15.402715463122885	Q20251012161706
217	216	15.402715463122885	Q20251012161706
217	218	15.402715463122885	Q20251012161706
218	217	15.402715463122885	Q20251012161706
218	219	15.402715463122885	Q20251012161706
219	218	15.402715463122885	Q20251012161706
219	220	15.402715463122885	Q20251012161706
220	219	15.402715463122885	Q20251012161706
220	221	15.402715463121247	Q20251012161706
221	220	15.402715463121247	Q20251012161706
221	222	15.402715463122885	Q20251012161706
222	221	15.402715463122885	Q20251012161706
222	223	15.402715463122885	Q20251012161706
223	222	15.402715463122885	Q20251012161706
223	224	15.402715463122885	Q20251012161706
224	223	15.402715463122885	Q20251012161706
224	225	15.402715463122885	Q20251012161706
225	224	15.402715463122885	Q20251012161706
225	226	15.402715463122885	Q20251012161706
226	225	15.402715463122885	Q20251012161706
226	227	15.402715463122885	Q20251012161706
227	226	15.402715463122885	Q20251012161706
227	228	15.402715463121247	Q20251012161706
228	227	15.402715463121247	Q20251012161706
228	229	15.402715463122885	Q20251012161706
229	228	15.402715463122885	Q20251012161706
229	230	15.402715463122885	Q20251012161706
230	229	15.402715463122885	Q20251012161706
230	231	15.402715463122885	Q20251012161706
231	230	15.402715463122885	Q20251012161706
231	232	15.402715463122885	Q20251012161706
232	231	15.402715463122885	Q20251012161706
232	233	15.402715463122885	Q20251012161706
233	232	15.402715463122885	Q20251012161706
233	234	15.402715463122885	Q20251012161706
234	233	15.402715463122885	Q20251012161706
234	235	15.402715463122885	Q20251012161706
235	234	15.402715463122885	Q20251012161706
235	236	15.402715463121247	Q20251012161706
236	235	15.402715463121247	Q20251012161706
236	237	15.402715463122885	Q20251012161706
237	236	15.402715463122885	Q20251012161706
237	238	15.402715463122885	Q20251012161706
238	237	15.402715463122885	Q20251012161706
238	239	15.402715463122885	Q20251012161706
239	238	15.402715463122885	Q20251012161706
239	240	15.402715463122885	Q20251012161706
240	239	15.402715463122885	Q20251012161706
240	241	15.402715463122885	Q20251012161706
241	240	15.402715463122885	Q20251012161706
241	242	8.980776772428630	Q20251012161706
242	241	8.980776772428630	Q20251012161706
242	243	15.402715463123899	Q20251012161706
243	242	15.402715463123899	Q20251012161706
243	244	15.402715463123899	Q20251012161706
244	243	15.402715463123899	Q20251012161706
244	245	15.402715463123899	Q20251012161706
245	244	15.402715463123899	Q20251012161706
245	246	15.402715463123899	Q20251012161706
246	245	15.402715463123899	Q20251012161706
246	247	15.402715463123899	Q20251012161706
247	246	15.402715463123899	Q20251012161706
247	248	15.402715463123899	Q20251012161706
248	247	15.402715463123899	Q20251012161706
248	249	15.402715463123899	Q20251012161706
249	248	15.402715463123899	Q20251012161706
249	250	15.402715463123899	Q20251012161706
250	249	15.402715463123899	Q20251012161706
250	251	15.402715463123899	Q20251012161706
251	250	15.402715463123899	Q20251012161706
251	252	15.402715463123899	Q20251012161706
252	251	15.402715463123899	Q20251012161706
252	253	15.402715463135324	Q20251012161706
253	252	15.402715463135324	Q20251012161706
253	254	15.402715463135324	Q20251012161706
254	253	15.402715463135324	Q20251012161706
254	255	15.402715463135324	Q20251012161706
255	254	15.402715463135324	Q20251012161706
255	256	15.402715463135324	Q20251012161706
256	255	15.402715463135324	Q20251012161706
256	257	15.402715463135324	Q20251012161706
257	256	15.402715463135324	Q20251012161706
257	258	15.402715463135324	Q20251012161706
258	257	15.402715463135324	Q20251012161706
258	259	15.402715463135324	Q20251012161706
259	258	15.402715463135324	Q20251012161706
259	260	15.402715463135324	Q20251012161706
260	259	15.402715463135324	Q20251012161706
260	261	15.402715463135324	Q20251012161706
261	260	15.402715463135324	Q20251012161706
261	262	15.402715463135324	Q20251012161706
262	261	15.402715463135324	Q20251012161706
262	263	15.402715463135324	Q20251012161706
263	262	15.402715463135324	Q20251012161706
263	264	15.402715463135324	Q20251012161706
264	263	15.402715463135324	Q20251012161706
264	265	15.402715463135324	Q20251012161706
265	264	15.402715463135324	Q20251012161706
265	266	15.402715463135324	Q20251012161706
266	265	15.402715463135324	Q20251012161706
266	267	15.402715463135324	Q20251012161706
267	266	15.402715463135324	Q20251012161706
267	268	15.402715463135324	Q20251012161706
268	267	15.402715463135324	Q20251012161706
268	269	15.402715463135324	Q20251012161706
269	268	15.402715463135324	Q20251012161706
269	270	15.402715463135324	Q20251012161706
270	269	15.402715463135324	Q20251012161706
270	271	15.402715463135324	Q20251012161706
271	270	15.402715463135324	Q20251012161706
271	272	15.402715463146748	Q20251012161706
272	271	15.402715463146748	Q20251012161706
272	273	15.402715463146748	Q20251012161706
273	272	15.402715463146748	Q20251012161706
273	274	15.402715463146748	Q20251012161706
274	273	15.402715463146748	Q20251012161706
274	275	15.402715463146748	Q20251012161706
275	274	15.402715463146748	Q20251012161706
275	276	15.402715463146748	Q20251012161706
276	275	15.402715463146748	Q20251012161706
276	277	15.402715463146748	Q20251012161706
277	276	15.402715463146748	Q20251012161706
277	278	15.402715463146748	Q20251012161706
278	277	15.402715463146748	Q20251012161706
278	279	15.402715463146748	Q20251012161706
279	278	15.402715463146748	Q20251012161706
279	280	15.402715463146748	Q20251012161706
280	279	15.402715463146748	Q20251012161706
280	281	15.402715463146748	Q20251012161706
281	280	15.402715463146748	Q20251012161706
281	282	15.402715463146748	Q20251012161706
282	281	15.402715463146748	Q20251012161706
282	283	15.402715463146748	Q20251012161706
283	282	15.402715463146748	Q20251012161706
283	284	15.402715463158174	Q20251012161706
284	283	15.402715463158174	Q20251012161706
284	285	15.402715463158174	Q20251012161706
285	284	15.402715463158174	Q20251012161706
285	286	15.402715463158174	Q20251012161706
286	285	15.402715463158174	Q20251012161706
286	287	15.402715463158174	Q20251012161706
287	286	15.402715463158174	Q20251012161706
287	288	15.402715463158174	Q20251012161706
288	287	15.402715463158174	Q20251012161706
288	289	15.402715463158174	Q20251012161706
289	288	15.402715463158174	Q20251012161706
289	290	15.402715463158174	Q20251012161706
290	289	15.402715463158174	Q20251012161706
290	291	15.402715463158174	Q20251012161706
291	290	15.402715463158174	Q20251012161706
291	292	15.402715463169599	Q20251012161706
292	291	15.402715463169599	Q20251012161706
292	293	15.402715463169599	Q20251012161706
293	292	15.402715463169599	Q20251012161706
293	294	15.402715463169599	Q20251012161706
294	293	15.402715463169599	Q20251012161706
294	295	15.402715463169599	Q20251012161706
295	294	15.402715463169599	Q20251012161706
295	296	15.402715463169599	Q20251012161706
296	295	15.402715463169599	Q20251012161706
296	297	15.402715463181027	Q20251012161706
297	296	15.402715463181027	Q20251012161706
297	298	15.402715463181027	Q20251012161706
298	297	15.402715463181027	Q20251012161706
298	299	15.402715463181027	Q20251012161706
299	298	15.402715463181027	Q20251012161706
299	300	15.402715463181027	Q20251012161706
300	299	15.402715463181027	Q20251012161706
300	301	15.402715463192450	Q20251012161706
301	300	15.402715463192450	Q20251012161706
301	302	15.402715463192450	Q20251012161706
302	301	15.402715463192450	Q20251012161706
302	303	15.402715463192450	Q20251012161706
303	302	15.402715463192450	Q20251012161706
303	304	15.402715463192450	Q20251012161706
304	303	15.402715463192450	Q20251012161706
304	305	15.402715463203876	Q20251012161706
305	304	15.402715463203876	Q20251012161706
305	306	15.402715463203876	Q20251012161706
306	305	15.402715463203876	Q20251012161706
306	307	15.402715463215301	Q20251012161706
307	306	15.402715463215301	Q20251012161706
307	308	15.402715463215301	Q20251012161706
308	307	15.402715463215301	Q20251012161706
308	309	15.402715462938332	Q20251012161706
309	308	15.402715462938332	Q20251012161706
309	310	15.402715463215301	Q20251012161706
310	309	15.402715463215301	Q20251012161706
310	311	15.402715462938332	Q20251012161706
311	310	15.402715462938332	Q20251012161706
311	312	15.402715463215301	Q20251012161706
312	311	15.402715463215301	Q20251012161706
312	313	15.402715462938332	Q20251012161706
313	312	15.402715462938332	Q20251012161706
313	314	15.402715463215301	Q20251012161706
314	313	15.402715463215301	Q20251012161706
314	315	15.402715462938332	Q20251012161706
315	314	15.402715462938332	Q20251012161706
315	316	15.402715463215301	Q20251012161706
316	315	15.402715463215301	Q20251012161706
316	317	15.402715462938332	Q20251012161706
317	316	15.402715462938332	Q20251012161706
317	318	15.402715463215301	Q20251012161706
318	317	15.402715463215301	Q20251012161706
318	319	15.402715462949757	Q20251012161706
319	318	15.402715462949757	Q20251012161706
319	320	15.402715463203876	Q20251012161706
320	319	15.402715463203876	Q20251012161706
320	321	15.402715462972608	Q20251012161706
321	320	15.402715462972608	Q20251012161706
321	322	10.487919504413501	Q20251012161706
322	321	10.487919504413501	Q20251012161706
322	323	15.402715463192461	Q20251012161706
322	2589	15.402715463074102	Q20251024235657
323	322	15.402715463192461	Q20251012161706
323	324	15.402715463192461	Q20251012161706
324	323	15.402715463192461	Q20251012161706
324	325	15.402715463192461	Q20251012161706
325	324	15.402715463192461	Q20251012161706
325	326	15.402715463192461	Q20251012161706
326	325	15.402715463192461	Q20251012161706
326	327	15.402715463192461	Q20251012161706
327	326	15.402715463192461	Q20251012161706
327	328	15.402715463204395	Q20251012161706
328	327	15.402715463204395	Q20251012161706
328	329	15.402715463204395	Q20251012161706
329	328	15.402715463204395	Q20251012161706
329	330	15.402715463204395	Q20251012161706
330	329	15.402715463204395	Q20251012161706
330	331	15.402715463204395	Q20251012161706
331	330	15.402715463204395	Q20251012161706
331	332	15.402715463204395	Q20251012161706
332	331	15.402715463204395	Q20251012161706
332	333	15.402715463204395	Q20251012161706
333	332	15.402715463204395	Q20251012161706
333	334	15.402715463204395	Q20251012161706
334	333	15.402715463204395	Q20251012161706
334	335	15.402715463204395	Q20251012161706
335	334	15.402715463204395	Q20251012161706
335	336	15.402715462937897	Q20251012161706
336	335	15.402715462937897	Q20251012161706
336	337	15.402715462937897	Q20251012161706
337	336	15.402715462937897	Q20251012161706
337	338	15.402715463204395	Q20251012161706
338	337	15.402715463204395	Q20251012161706
338	339	15.402715462937897	Q20251012161706
339	338	15.402715462937897	Q20251012161706
339	340	15.402715463204395	Q20251012161706
340	339	15.402715463204395	Q20251012161706
340	341	15.402715462937897	Q20251012161706
341	340	15.402715462937897	Q20251012161706
341	342	15.402715463204395	Q20251012161706
342	341	15.402715463204395	Q20251012161706
342	343	15.402715462937897	Q20251012161706
343	342	15.402715462937897	Q20251012161706
343	344	15.402715463204395	Q20251012161706
344	343	15.402715463204395	Q20251012161706
344	345	15.402715462937897	Q20251012161706
345	344	15.402715462937897	Q20251012161706
345	346	15.402715463204395	Q20251012161706
346	345	15.402715463204395	Q20251012161706
346	347	15.402715462937897	Q20251012161706
347	346	15.402715462937897	Q20251012161706
347	348	15.402715463204395	Q20251012161706
348	347	15.402715463204395	Q20251012161706
348	349	15.402715462937897	Q20251012161706
349	348	15.402715462937897	Q20251012161706
349	350	15.402715463204395	Q20251012161706
350	349	15.402715463204395	Q20251012161706
350	351	15.402715462937897	Q20251012161706
351	350	15.402715462937897	Q20251012161706
351	352	15.402715463204395	Q20251012161706
352	351	15.402715463204395	Q20251012161706
352	353	15.402715462937897	Q20251012161706
353	352	15.402715462937897	Q20251012161706
353	354	15.402715463204395	Q20251012161706
354	353	15.402715463204395	Q20251012161706
354	355	15.402715462937897	Q20251012161706
355	354	15.402715462937897	Q20251012161706
355	356	15.402715463204395	Q20251012161706
356	355	15.402715463204395	Q20251012161706
356	357	15.402715462937897	Q20251012161706
357	356	15.402715462937897	Q20251012161706
357	358	15.402715463204395	Q20251012161706
358	357	15.402715463204395	Q20251012161706
358	359	15.402715462937897	Q20251012161706
359	358	15.402715462937897	Q20251012161706
359	360	15.402715463204395	Q20251012161706
360	359	15.402715463204395	Q20251012161706
360	361	15.402715462937897	Q20251012161706
361	360	15.402715462937897	Q20251012161706
361	362	15.402715463204395	Q20251012161706
362	361	15.402715463204395	Q20251012161706
362	363	15.402715462937897	Q20251012161706
363	362	15.402715462937897	Q20251012161706
363	364	15.402715463204395	Q20251012161706
364	363	15.402715463204395	Q20251012161706
364	365	15.402715462937897	Q20251012161706
365	364	15.402715462937897	Q20251012161706
365	366	15.402715463204395	Q20251012161706
366	365	15.402715463204395	Q20251012161706
366	367	15.402715462937897	Q20251012161706
367	366	15.402715462937897	Q20251012161706
367	368	15.402715463204395	Q20251012161706
368	367	15.402715463204395	Q20251012161706
368	369	15.402715462949830	Q20251012161706
369	368	15.402715462949830	Q20251012161706
369	370	15.402715463204395	Q20251012161706
370	369	15.402715463204395	Q20251012161706
370	371	15.402715462949830	Q20251012161706
371	370	15.402715462949830	Q20251012161706
371	372	15.402715463204395	Q20251012161706
372	371	15.402715463204395	Q20251012161706
372	373	15.402715462949830	Q20251012161706
373	372	15.402715462949830	Q20251012161706
373	374	15.402715463204395	Q20251012161706
374	373	15.402715463204395	Q20251012161706
374	375	15.402715462949830	Q20251012161706
375	374	15.402715462949830	Q20251012161706
375	376	15.402715463204395	Q20251012161706
376	375	15.402715463204395	Q20251012161706
376	377	15.402715462949830	Q20251012161706
377	376	15.402715462949830	Q20251012161706
377	378	15.402715463204395	Q20251012161706
378	377	15.402715463204395	Q20251012161706
378	379	15.402715462949830	Q20251012161706
379	378	15.402715462949830	Q20251012161706
379	380	15.402715463204395	Q20251012161706
380	379	15.402715463204395	Q20251012161706
380	381	15.402715462949830	Q20251012161706
381	380	15.402715462949830	Q20251012161706
381	382	15.402715463204395	Q20251012161706
382	381	15.402715463204395	Q20251012161706
382	383	15.402715462949830	Q20251012161706
383	382	15.402715462949830	Q20251012161706
383	384	15.402715463204395	Q20251012161706
384	383	15.402715463204395	Q20251012161706
384	385	15.402715462949830	Q20251012161706
385	384	15.402715462949830	Q20251012161706
385	386	15.402715463192461	Q20251012161706
386	385	15.402715463192461	Q20251012161706
386	387	15.402715462949830	Q20251012161706
387	386	15.402715462949830	Q20251012161706
387	388	15.402715463192461	Q20251012161706
388	387	15.402715463192461	Q20251012161706
388	389	15.402715462961764	Q20251012161706
389	388	15.402715462961764	Q20251012161706
389	390	19.316013648919892	Q20251012161706
390	389	19.316013648919892	Q20251012161706
390	391	15.402715463014887	Q20251012161706
390	2108	15.402715463141114	Q20251022154254
391	390	15.402715463014887	Q20251012161706
391	392	15.402715463014887	Q20251012161706
392	391	15.402715463014887	Q20251012161706
392	393	15.402715463014887	Q20251012161706
393	392	15.402715463014887	Q20251012161706
393	394	15.402715463014887	Q20251012161706
394	393	15.402715463014887	Q20251012161706
394	395	15.402715463014887	Q20251012161706
395	394	15.402715463014887	Q20251012161706
395	396	15.402715463014887	Q20251012161706
396	395	15.402715463014887	Q20251012161706
396	397	15.402715463014887	Q20251012161706
397	396	15.402715463014887	Q20251012161706
397	398	15.402715463014887	Q20251012161706
398	397	15.402715463014887	Q20251012161706
398	399	15.402715463014887	Q20251012161706
399	398	15.402715463014887	Q20251012161706
399	400	15.402715463014887	Q20251012161706
400	399	15.402715463014887	Q20251012161706
400	401	15.402715463014887	Q20251012161706
401	400	15.402715463014887	Q20251012161706
401	402	15.402715463002652	Q20251012161706
402	401	15.402715463002652	Q20251012161706
402	403	15.402715463002652	Q20251012161706
403	402	15.402715463002652	Q20251012161706
403	404	15.402715463002652	Q20251012161706
404	403	15.402715463002652	Q20251012161706
404	405	15.402715463002652	Q20251012161706
405	404	15.402715463002652	Q20251012161706
405	406	15.402715463002652	Q20251012161706
406	405	15.402715463002652	Q20251012161706
406	407	15.402715463002652	Q20251012161706
407	406	15.402715463002652	Q20251012161706
407	408	15.402715463002652	Q20251012161706
408	407	15.402715463002652	Q20251012161706
408	409	15.402715463002652	Q20251012161706
409	408	15.402715463002652	Q20251012161706
409	410	15.402715463002652	Q20251012161706
410	409	15.402715463002652	Q20251012161706
410	411	15.402715463002652	Q20251012161706
411	410	15.402715463002652	Q20251012161706
411	412	15.402715463002652	Q20251012161706
412	411	15.402715463002652	Q20251012161706
412	413	15.402715463002652	Q20251012161706
413	412	15.402715463002652	Q20251012161706
413	414	15.402715463002652	Q20251012161706
414	413	15.402715463002652	Q20251012161706
414	415	15.402715463002652	Q20251012161706
415	414	15.402715463002652	Q20251012161706
415	416	15.402715463002652	Q20251012161706
416	415	15.402715463002652	Q20251012161706
416	417	15.402715463002652	Q20251012161706
417	416	15.402715463002652	Q20251012161706
417	418	15.402715463002652	Q20251012161706
418	417	15.402715463002652	Q20251012161706
418	419	15.402715462990415	Q20251012161706
419	418	15.402715462990415	Q20251012161706
419	420	15.402715462990415	Q20251012161706
420	419	15.402715462990415	Q20251012161706
420	421	15.402715462990415	Q20251012161706
421	420	15.402715462990415	Q20251012161706
421	422	15.402715462990415	Q20251012161706
422	421	15.402715462990415	Q20251012161706
422	423	15.402715462990415	Q20251012161706
423	422	15.402715462990415	Q20251012161706
423	424	15.402715462990415	Q20251012161706
424	423	15.402715462990415	Q20251012161706
424	425	15.402715462990415	Q20251012161706
425	424	15.402715462990415	Q20251012161706
425	426	15.402715462990415	Q20251012161706
426	425	15.402715462990415	Q20251012161706
426	427	15.402715462990415	Q20251012161706
427	426	15.402715462990415	Q20251012161706
427	428	15.402715462990415	Q20251012161706
428	427	15.402715462990415	Q20251012161706
428	429	15.402715462990415	Q20251012161706
429	428	15.402715462990415	Q20251012161706
429	430	15.402715462978179	Q20251012161706
430	429	15.402715462978179	Q20251012161706
430	431	15.402715462978179	Q20251012161706
431	430	15.402715462978179	Q20251012161706
431	432	15.402715462978179	Q20251012161706
432	431	15.402715462978179	Q20251012161706
432	433	15.402715462978179	Q20251012161706
433	432	15.402715462978179	Q20251012161706
433	434	15.402715462978179	Q20251012161706
434	433	15.402715462978179	Q20251012161706
434	435	15.402715462978179	Q20251012161706
435	434	15.402715462978179	Q20251012161706
435	436	15.402715462978179	Q20251012161706
436	435	15.402715462978179	Q20251012161706
436	437	15.402715462978179	Q20251012161706
437	436	15.402715462978179	Q20251012161706
437	438	15.402715462978179	Q20251012161706
438	437	15.402715462978179	Q20251012161706
438	439	15.402715462965944	Q20251012161706
439	438	15.402715462965944	Q20251012161706
439	440	15.402715462965944	Q20251012161706
440	439	15.402715462965944	Q20251012161706
440	441	15.402715462965944	Q20251012161706
441	440	15.402715462965944	Q20251012161706
441	442	15.402715462965944	Q20251012161706
442	441	15.402715462965944	Q20251012161706
442	443	15.402715462965944	Q20251012161706
443	442	15.402715462965944	Q20251012161706
443	444	15.402715462965944	Q20251012161706
444	443	15.402715462965944	Q20251012161706
444	445	15.402715462953706	Q20251012161706
445	444	15.402715462953706	Q20251012161706
445	446	15.402715462953706	Q20251012161706
446	445	15.402715462953706	Q20251012161706
446	447	15.402715462953706	Q20251012161706
447	446	15.402715462953706	Q20251012161706
447	448	15.402715462953706	Q20251012161706
448	447	15.402715462953706	Q20251012161706
448	449	15.402715463205743	Q20251012161706
449	448	15.402715463205743	Q20251012161706
449	450	15.402715462953706	Q20251012161706
450	449	15.402715462953706	Q20251012161706
450	451	15.402715463205743	Q20251012161706
451	450	15.402715463205743	Q20251012161706
451	452	15.402715462953706	Q20251012161706
452	451	15.402715462953706	Q20251012161706
452	453	15.402715463205743	Q20251012161706
453	452	15.402715463205743	Q20251012161706
453	454	15.402715462953706	Q20251012161706
454	453	15.402715462953706	Q20251012161706
454	455	15.402715463205743	Q20251012161706
455	454	15.402715463205743	Q20251012161706
455	456	15.402715462953706	Q20251012161706
456	455	15.402715462953706	Q20251012161706
456	457	15.402715463205743	Q20251012161706
457	456	15.402715463205743	Q20251012161706
457	458	15.402715462953706	Q20251012161706
458	457	15.402715462953706	Q20251012161706
458	459	15.402715463205743	Q20251012161706
459	458	15.402715463205743	Q20251012161706
459	460	15.402715462953706	Q20251012161706
460	459	15.402715462953706	Q20251012161706
460	461	15.402715463193507	Q20251012161706
461	460	15.402715463193507	Q20251012161706
461	462	15.402715462953706	Q20251012161706
462	461	15.402715462953706	Q20251012161706
462	463	15.402715463193507	Q20251012161706
463	462	15.402715463193507	Q20251012161706
463	464	15.402715462953706	Q20251012161706
464	463	15.402715462953706	Q20251012161706
464	465	15.402715463193507	Q20251012161706
465	464	15.402715463193507	Q20251012161706
465	466	15.402715462953706	Q20251012161706
466	465	15.402715462953706	Q20251012161706
466	467	15.402715463193507	Q20251012161706
467	466	15.402715463193507	Q20251012161706
467	468	15.402715462953706	Q20251012161706
468	467	15.402715462953706	Q20251012161706
468	469	15.402715463193507	Q20251012161706
469	468	15.402715463193507	Q20251012161706
469	470	15.402715462953706	Q20251012161706
470	469	15.402715462953706	Q20251012161706
470	471	15.402715463193507	Q20251012161706
471	470	15.402715463193507	Q20251012161706
471	472	15.402715462953706	Q20251012161706
472	471	15.402715462953706	Q20251012161706
472	473	15.402715463193507	Q20251012161706
473	472	15.402715463193507	Q20251012161706
473	474	15.402715462953706	Q20251012161706
474	473	15.402715462953706	Q20251012161706
474	475	15.402715463193507	Q20251012161706
475	474	15.402715463193507	Q20251012161706
475	476	15.402715462965944	Q20251012161706
476	475	15.402715462965944	Q20251012161706
476	477	15.402715463193507	Q20251012161706
477	476	15.402715463193507	Q20251012161706
477	478	15.402715462965944	Q20251012161706
478	477	15.402715462965944	Q20251012161706
478	479	15.402715463181272	Q20251012161706
479	478	15.402715463181272	Q20251012161706
479	480	15.417125599410410	Q20251012161706
480	479	15.417125599410410	Q20251012161706
480	481	15.402715462877381	Q20251012161706
481	480	15.402715462877381	Q20251012161706
481	482	15.402715462877381	Q20251012161706
482	481	15.402715462877381	Q20251012161706
482	483	15.402715462877381	Q20251012161706
483	482	15.402715462877381	Q20251012161706
483	484	15.402715462875898	Q20251012161706
484	483	15.402715462875898	Q20251012161706
484	485	15.402715462875898	Q20251012161706
485	484	15.402715462875898	Q20251012161706
485	486	15.402715462875898	Q20251012161706
486	485	15.402715462875898	Q20251012161706
486	487	15.402715462875898	Q20251012161706
487	486	15.402715462875898	Q20251012161706
487	488	15.402715462875898	Q20251012161706
488	487	15.402715462875898	Q20251012161706
488	489	15.402715462875898	Q20251012161706
489	488	15.402715462875898	Q20251012161706
489	490	15.402715462875898	Q20251012161706
490	489	15.402715462875898	Q20251012161706
490	491	15.402715462875898	Q20251012161706
491	490	15.402715462875898	Q20251012161706
491	492	15.402715462875898	Q20251012161706
492	491	15.402715462875898	Q20251012161706
492	493	15.402715462875898	Q20251012161706
493	492	15.402715462875898	Q20251012161706
493	494	15.402715462875898	Q20251012161706
494	493	15.402715462875898	Q20251012161706
494	495	15.402715462875898	Q20251012161706
495	494	15.402715462875898	Q20251012161706
495	496	15.402715462875898	Q20251012161706
496	495	15.402715462875898	Q20251012161706
496	497	15.402715462875898	Q20251012161706
497	496	15.402715462875898	Q20251012161706
497	498	15.402715462875898	Q20251012161706
498	497	15.402715462875898	Q20251012161706
498	499	15.402715462875898	Q20251012161706
499	498	15.402715462875898	Q20251012161706
499	500	15.402715462875898	Q20251012161706
500	499	15.402715462875898	Q20251012161706
500	501	15.402715462875898	Q20251012161706
501	500	15.402715462875898	Q20251012161706
501	502	15.402715462875898	Q20251012161706
502	501	15.402715462875898	Q20251012161706
502	503	15.402715462875898	Q20251012161706
503	502	15.402715462875898	Q20251012161706
503	504	15.402715462875898	Q20251012161706
504	503	15.402715462875898	Q20251012161706
504	505	15.402715462875898	Q20251012161706
505	504	15.402715462875898	Q20251012161706
505	506	15.402715462875898	Q20251012161706
506	505	15.402715462875898	Q20251012161706
506	507	15.402715462875898	Q20251012161706
507	506	15.402715462875898	Q20251012161706
507	508	15.402715462875898	Q20251012161706
508	507	15.402715462875898	Q20251012161706
508	509	15.402715462875898	Q20251012161706
509	508	15.402715462875898	Q20251012161706
509	510	15.402715462875898	Q20251012161706
510	509	15.402715462875898	Q20251012161706
510	511	15.402715462875898	Q20251012161706
511	510	15.402715462875898	Q20251012161706
511	512	15.402715462874417	Q20251012161706
512	511	15.402715462874417	Q20251012161706
512	513	15.402715462874417	Q20251012161706
513	512	15.402715462874417	Q20251012161706
513	514	15.402715462874417	Q20251012161706
514	513	15.402715462874417	Q20251012161706
514	515	15.402715462874417	Q20251012161706
515	514	15.402715462874417	Q20251012161706
515	516	15.402715462874417	Q20251012161706
516	515	15.402715462874417	Q20251012161706
516	517	15.402715462874417	Q20251012161706
517	516	15.402715462874417	Q20251012161706
517	518	15.402715462874417	Q20251012161706
518	517	15.402715462874417	Q20251012161706
518	519	15.402715462874417	Q20251012161706
519	518	15.402715462874417	Q20251012161706
519	520	15.402715462874417	Q20251012161706
520	519	15.402715462874417	Q20251012161706
520	521	15.402715462874417	Q20251012161706
521	520	15.402715462874417	Q20251012161706
521	522	15.402715462874417	Q20251012161706
522	521	15.402715462874417	Q20251012161706
522	523	15.402715462874417	Q20251012161706
523	522	15.402715462874417	Q20251012161706
523	524	15.402715462874417	Q20251012161706
524	523	15.402715462874417	Q20251012161706
524	525	15.402715462874417	Q20251012161706
525	524	15.402715462874417	Q20251012161706
525	526	15.402715462872933	Q20251012161706
526	525	15.402715462872933	Q20251012161706
526	527	15.402715462872933	Q20251012161706
527	526	15.402715462872933	Q20251012161706
527	528	15.402715462872933	Q20251012161706
528	527	15.402715462872933	Q20251012161706
528	529	15.402715462872933	Q20251012161706
529	528	15.402715462872933	Q20251012161706
529	530	15.402715462872933	Q20251012161706
530	529	15.402715462872933	Q20251012161706
530	531	15.402715462872933	Q20251012161706
531	530	15.402715462872933	Q20251012161706
531	532	15.402715462871450	Q20251012161706
532	531	15.402715462871450	Q20251012161706
532	533	15.402715462871450	Q20251012161706
533	532	15.402715462871450	Q20251012161706
533	534	15.402715462871450	Q20251012161706
534	533	15.402715462871450	Q20251012161706
534	535	15.402715462869969	Q20251012161706
535	534	15.402715462869969	Q20251012161706
535	536	15.402715462868485	Q20251012161706
536	535	15.402715462868485	Q20251012161706
536	537	13.109566495467842	Q20251012161706
537	536	13.109566495467842	Q20251012161706
537	538	15.402715463044446	Q20251012161706
537	2646	15.402715463245292	Q20251024235707
538	537	15.402715463044446	Q20251012161706
538	539	15.402715463098009	Q20251012161706
539	538	15.402715463098009	Q20251012161706
539	540	15.402715463044446	Q20251012161706
540	539	15.402715463044446	Q20251012161706
540	541	15.402715463098009	Q20251012161706
541	540	15.402715463098009	Q20251012161706
541	542	15.402715463044446	Q20251012161706
542	541	15.402715463044446	Q20251012161706
542	543	15.402715463098009	Q20251012161706
543	542	15.402715463098009	Q20251012161706
543	544	15.402715463044446	Q20251012161706
544	543	15.402715463044446	Q20251012161706
544	545	15.402715463098009	Q20251012161706
545	544	15.402715463098009	Q20251012161706
545	546	15.402715463044446	Q20251012161706
546	545	15.402715463044446	Q20251012161706
546	547	15.402715463098009	Q20251012161706
547	546	15.402715463098009	Q20251012161706
547	548	15.402715463044446	Q20251012161706
548	547	15.402715463044446	Q20251012161706
548	549	15.402715463098009	Q20251012161706
549	548	15.402715463098009	Q20251012161706
549	550	15.402715463044446	Q20251012161706
550	549	15.402715463044446	Q20251012161706
550	551	15.402715463098009	Q20251012161706
551	550	15.402715463098009	Q20251012161706
551	552	15.402715463044446	Q20251012161706
552	551	15.402715463044446	Q20251012161706
552	553	15.402715463098009	Q20251012161706
553	552	15.402715463098009	Q20251012161706
553	554	15.402715463044446	Q20251012161706
554	553	15.402715463044446	Q20251012161706
554	555	15.402715463098009	Q20251012161706
555	554	15.402715463098009	Q20251012161706
555	556	15.402715463044446	Q20251012161706
556	555	15.402715463044446	Q20251012161706
556	557	15.402715463098009	Q20251012161706
557	556	15.402715463098009	Q20251012161706
557	558	15.402715463044446	Q20251012161706
558	557	15.402715463044446	Q20251012161706
558	559	15.402715463098009	Q20251012161706
559	558	15.402715463098009	Q20251012161706
559	560	15.402715463044446	Q20251012161706
560	559	15.402715463044446	Q20251012161706
560	561	15.402715463098009	Q20251012161706
561	560	15.402715463098009	Q20251012161706
561	562	15.402715463044446	Q20251012161706
562	561	15.402715463044446	Q20251012161706
562	563	15.402715463098009	Q20251012161706
563	562	15.402715463098009	Q20251012161706
563	564	15.402715463044446	Q20251012161706
564	563	15.402715463044446	Q20251012161706
564	565	15.402715463098009	Q20251012161706
565	564	15.402715463098009	Q20251012161706
565	566	15.402715463044446	Q20251012161706
566	565	15.402715463044446	Q20251012161706
566	567	15.402715463098009	Q20251012161706
567	566	15.402715463098009	Q20251012161706
567	568	15.402715463044446	Q20251012161706
568	567	15.402715463044446	Q20251012161706
568	569	15.402715463098009	Q20251012161706
569	568	15.402715463098009	Q20251012161706
569	570	15.402715463044446	Q20251012161706
570	569	15.402715463044446	Q20251012161706
570	571	15.402715463098009	Q20251012161706
571	570	15.402715463098009	Q20251012161706
571	572	15.402715463044446	Q20251012161706
572	571	15.402715463044446	Q20251012161706
572	573	15.402715463098009	Q20251012161706
573	572	15.402715463098009	Q20251012161706
573	574	15.402715463044446	Q20251012161706
574	573	15.402715463044446	Q20251012161706
574	575	15.402715463098009	Q20251012161706
575	574	15.402715463098009	Q20251012161706
575	576	15.402715463044446	Q20251012161706
576	575	15.402715463044446	Q20251012161706
576	577	15.402715463098009	Q20251012161706
577	576	15.402715463098009	Q20251012161706
577	578	15.402715463044446	Q20251012161706
578	577	15.402715463044446	Q20251012161706
578	579	15.402715463098009	Q20251012161706
579	578	15.402715463098009	Q20251012161706
579	580	15.402715463044446	Q20251012161706
580	579	15.402715463044446	Q20251012161706
580	581	15.402715463098009	Q20251012161706
581	580	15.402715463098009	Q20251012161706
581	582	15.402715463044446	Q20251012161706
582	581	15.402715463044446	Q20251012161706
582	583	15.402715463098009	Q20251012161706
583	582	15.402715463098009	Q20251012161706
583	584	15.402715463044446	Q20251012161706
584	583	15.402715463044446	Q20251012161706
584	585	15.402715463098009	Q20251012161706
585	584	15.402715463098009	Q20251012161706
585	586	15.402715463044446	Q20251012161706
586	585	15.402715463044446	Q20251012161706
586	587	15.402715463098009	Q20251012161706
587	586	15.402715463098009	Q20251012161706
587	588	15.402715463044446	Q20251012161706
588	587	15.402715463044446	Q20251012161706
588	589	15.402715463098009	Q20251012161706
589	588	15.402715463098009	Q20251012161706
589	590	15.402715463044446	Q20251012161706
590	589	15.402715463044446	Q20251012161706
590	591	15.402715463098009	Q20251012161706
591	590	15.402715463098009	Q20251012161706
591	592	15.402715463044446	Q20251012161706
592	591	15.402715463044446	Q20251012161706
592	593	15.402715463098009	Q20251012161706
593	592	15.402715463098009	Q20251012161706
593	594	15.402715463044446	Q20251012161706
594	593	15.402715463044446	Q20251012161706
594	595	15.402715463098009	Q20251012161706
595	594	15.402715463098009	Q20251012161706
595	596	15.402715463044446	Q20251012161706
596	595	15.402715463044446	Q20251012161706
596	597	15.402715463098009	Q20251012161706
597	596	15.402715463098009	Q20251012161706
597	598	15.402715463044446	Q20251012161706
598	597	15.402715463044446	Q20251012161706
598	599	15.402715463098009	Q20251012161706
599	598	15.402715463098009	Q20251012161706
599	600	15.402715463044446	Q20251012161706
600	599	15.402715463044446	Q20251012161706
600	601	15.402715463098009	Q20251012161706
601	600	15.402715463098009	Q20251012161706
601	602	15.402715463044446	Q20251012161706
602	601	15.402715463044446	Q20251012161706
602	603	15.402715463098009	Q20251012161706
603	602	15.402715463098009	Q20251012161706
603	604	15.402715463044446	Q20251012161706
604	603	15.402715463044446	Q20251012161706
604	605	15.402715463098009	Q20251012161706
605	604	15.402715463098009	Q20251012161706
605	606	15.402715463044446	Q20251012161706
606	605	15.402715463044446	Q20251012161706
606	607	15.402715463098009	Q20251012161706
607	606	15.402715463098009	Q20251012161706
607	608	15.402715463044446	Q20251012161706
608	607	15.402715463044446	Q20251012161706
608	609	15.402715463098009	Q20251012161706
609	608	15.402715463098009	Q20251012161706
609	610	15.402715463044446	Q20251012161706
610	609	15.402715463044446	Q20251012161706
610	611	15.402715463098009	Q20251012161706
611	610	15.402715463098009	Q20251012161706
611	612	15.402715463044446	Q20251012161706
612	611	15.402715463044446	Q20251012161706
612	613	15.402715463098009	Q20251012161706
613	612	15.402715463098009	Q20251012161706
613	614	15.402715463044446	Q20251012161706
614	613	15.402715463044446	Q20251012161706
614	615	15.402715463098009	Q20251012161706
615	614	15.402715463098009	Q20251012161706
615	616	15.402715463044446	Q20251012161706
616	615	15.402715463044446	Q20251012161706
616	617	15.402715463098009	Q20251012161706
617	616	15.402715463098009	Q20251012161706
617	618	15.402715463044446	Q20251012161706
618	617	15.402715463044446	Q20251012161706
618	619	15.402715463098009	Q20251012161706
619	618	15.402715463098009	Q20251012161706
619	620	15.402715463044446	Q20251012161706
620	619	15.402715463044446	Q20251012161706
620	621	15.402715463098009	Q20251012161706
621	620	15.402715463098009	Q20251012161706
621	622	15.402715463044446	Q20251012161706
622	621	15.402715463044446	Q20251012161706
622	623	15.402715463098009	Q20251012161706
623	622	15.402715463098009	Q20251012161706
623	624	15.402715463044446	Q20251012161706
624	623	15.402715463044446	Q20251012161706
624	625	15.402715463098009	Q20251012161706
625	624	15.402715463098009	Q20251012161706
625	626	15.402715463044446	Q20251012161706
626	625	15.402715463044446	Q20251012161706
626	627	15.402715463098009	Q20251012161706
627	626	15.402715463098009	Q20251012161706
627	628	15.402715463044446	Q20251012161706
628	627	15.402715463044446	Q20251012161706
628	629	15.402715463098009	Q20251012161706
629	628	15.402715463098009	Q20251012161706
629	630	15.402715463044446	Q20251012161706
630	629	15.402715463044446	Q20251012161706
630	631	15.402715463098009	Q20251012161706
631	630	15.402715463098009	Q20251012161706
631	632	15.402715463044446	Q20251012161706
632	631	15.402715463044446	Q20251012161706
632	633	15.402715463098009	Q20251012161706
633	632	15.402715463098009	Q20251012161706
633	634	15.402715463044446	Q20251012161706
634	633	15.402715463044446	Q20251012161706
634	635	15.402715463098009	Q20251012161706
635	634	15.402715463098009	Q20251012161706
635	636	15.402715463044446	Q20251012161706
636	635	15.402715463044446	Q20251012161706
636	637	15.402715463098009	Q20251012161706
637	636	15.402715463098009	Q20251012161706
637	638	15.402715463044446	Q20251012161706
638	637	15.402715463044446	Q20251012161706
638	639	15.402715463098009	Q20251012161706
639	638	15.402715463098009	Q20251012161706
639	640	15.402715463044446	Q20251012161706
640	639	15.402715463044446	Q20251012161706
640	641	15.402715463098009	Q20251012161706
641	640	15.402715463098009	Q20251012161706
641	642	15.402715463044446	Q20251012161706
642	641	15.402715463044446	Q20251012161706
642	643	15.402715463098009	Q20251012161706
643	642	15.402715463098009	Q20251012161706
643	644	15.402715463058902	Q20251012161706
644	643	15.402715463058902	Q20251012161706
644	645	15.402715463098009	Q20251012161706
645	644	15.402715463098009	Q20251012161706
645	646	17.126926133263957	Q20251012161706
646	645	17.126926133263957	Q20251012161706
646	647	15.402715463010637	Q20251012161706
646	2190	15.402715463068875	Q20251022154302
647	646	15.402715463010637	Q20251012161706
647	648	15.402715463010637	Q20251012161706
648	647	15.402715463010637	Q20251012161706
648	649	15.402715463010637	Q20251012161706
649	648	15.402715463010637	Q20251012161706
649	650	15.402715463010637	Q20251012161706
650	649	15.402715463010637	Q20251012161706
650	651	15.402715463010637	Q20251012161706
651	650	15.402715463010637	Q20251012161706
651	652	15.402715463010637	Q20251012161706
652	651	15.402715463010637	Q20251012161706
652	653	15.402715463010637	Q20251012161706
653	652	15.402715463010637	Q20251012161706
653	654	15.402715462996825	Q20251012161706
654	653	15.402715462996825	Q20251012161706
654	655	15.402715463143362	Q20251012161706
655	654	15.402715463143362	Q20251012161706
655	656	15.402715462996825	Q20251012161706
656	655	15.402715462996825	Q20251012161706
656	657	15.402715463143362	Q20251012161706
657	656	15.402715463143362	Q20251012161706
657	658	15.402715462996825	Q20251012161706
658	657	15.402715462996825	Q20251012161706
658	659	15.402715463143362	Q20251012161706
659	658	15.402715463143362	Q20251012161706
659	660	15.402715462996825	Q20251012161706
660	659	15.402715462996825	Q20251012161706
660	661	15.402715463143362	Q20251012161706
661	660	15.402715463143362	Q20251012161706
661	662	15.402715462996825	Q20251012161706
662	661	15.402715462996825	Q20251012161706
662	663	15.402715463143362	Q20251012161706
663	662	15.402715463143362	Q20251012161706
663	664	15.402715462996825	Q20251012161706
664	663	15.402715462996825	Q20251012161706
664	665	15.402715463143362	Q20251012161706
665	664	15.402715463143362	Q20251012161706
665	666	15.402715462996825	Q20251012161706
666	665	15.402715462996825	Q20251012161706
666	667	15.402715463143362	Q20251012161706
667	666	15.402715463143362	Q20251012161706
667	668	15.402715462996825	Q20251012161706
668	667	15.402715462996825	Q20251012161706
668	669	15.402715463143362	Q20251012161706
669	668	15.402715463143362	Q20251012161706
669	670	15.402715462996825	Q20251012161706
670	669	15.402715462996825	Q20251012161706
670	671	15.402715463143362	Q20251012161706
671	670	15.402715463143362	Q20251012161706
671	672	15.402715462996825	Q20251012161706
672	671	15.402715462996825	Q20251012161706
672	673	15.402715463143362	Q20251012161706
673	672	15.402715463143362	Q20251012161706
673	674	15.402715462996825	Q20251012161706
674	673	15.402715462996825	Q20251012161706
674	675	15.402715463143362	Q20251012161706
675	674	15.402715463143362	Q20251012161706
675	676	15.402715462996825	Q20251012161706
676	675	15.402715462996825	Q20251012161706
676	677	15.402715463143362	Q20251012161706
677	676	15.402715463143362	Q20251012161706
677	678	15.402715462996825	Q20251012161706
678	677	15.402715462996825	Q20251012161706
678	679	15.402715463143362	Q20251012161706
679	678	15.402715463143362	Q20251012161706
679	680	15.402715462996825	Q20251012161706
680	679	15.402715462996825	Q20251012161706
680	681	15.402715463143362	Q20251012161706
681	680	15.402715463143362	Q20251012161706
681	682	15.402715462996825	Q20251012161706
682	681	15.402715462996825	Q20251012161706
682	683	15.402715463143362	Q20251012161706
683	682	15.402715463143362	Q20251012161706
683	684	15.402715463010637	Q20251012161706
684	683	15.402715463010637	Q20251012161706
684	685	15.402715463143362	Q20251012161706
685	684	15.402715463143362	Q20251012161706
685	686	15.402715463010637	Q20251012161706
686	685	15.402715463010637	Q20251012161706
686	687	15.402715463143362	Q20251012161706
687	686	15.402715463143362	Q20251012161706
687	688	15.402715463010637	Q20251012161706
688	687	15.402715463010637	Q20251012161706
688	689	15.402715463143362	Q20251012161706
689	688	15.402715463143362	Q20251012161706
689	690	15.402715463010637	Q20251012161706
690	689	15.402715463010637	Q20251012161706
690	691	15.402715463143362	Q20251012161706
691	690	15.402715463143362	Q20251012161706
691	692	15.402715463010637	Q20251012161706
692	691	15.402715463010637	Q20251012161706
692	693	15.402715463143362	Q20251012161706
693	692	15.402715463143362	Q20251012161706
693	694	15.402715463010637	Q20251012161706
694	693	15.402715463010637	Q20251012161706
694	695	15.402715463143362	Q20251012161706
695	694	15.402715463143362	Q20251012161706
695	696	15.402715463010637	Q20251012161706
696	695	15.402715463010637	Q20251012161706
696	697	15.402715463143362	Q20251012161706
697	696	15.402715463143362	Q20251012161706
697	698	15.402715463010637	Q20251012161706
698	697	15.402715463010637	Q20251012161706
698	699	19.401401414575194	Q20251012161706
699	698	19.401401414575194	Q20251012161706
699	700	15.402715463066606	Q20251012161706
700	699	15.402715463066606	Q20251012161706
700	701	15.402715463066606	Q20251012161706
701	700	15.402715463066606	Q20251012161706
701	702	15.402715463066606	Q20251012161706
702	701	15.402715463066606	Q20251012161706
702	703	15.402715463066606	Q20251012161706
703	702	15.402715463066606	Q20251012161706
703	704	15.402715463066606	Q20251012161706
704	703	15.402715463066606	Q20251012161706
704	705	15.402715463066606	Q20251012161706
705	704	15.402715463066606	Q20251012161706
705	706	15.402715463066606	Q20251012161706
706	705	15.402715463066606	Q20251012161706
706	707	15.402715463066606	Q20251012161706
707	706	15.402715463066606	Q20251012161706
707	708	15.402715463066606	Q20251012161706
708	707	15.402715463066606	Q20251012161706
708	709	15.402715463066606	Q20251012161706
709	708	15.402715463066606	Q20251012161706
709	710	15.402715463066606	Q20251012161706
710	709	15.402715463066606	Q20251012161706
710	711	15.402715463066606	Q20251012161706
711	710	15.402715463066606	Q20251012161706
711	712	15.402715463066606	Q20251012161706
712	711	15.402715463066606	Q20251012161706
712	713	15.402715463066606	Q20251012161706
713	712	15.402715463066606	Q20251012161706
713	714	15.402715463066606	Q20251012161706
714	713	15.402715463066606	Q20251012161706
714	715	15.402715463066606	Q20251012161706
715	714	15.402715463066606	Q20251012161706
715	716	15.402715463066606	Q20251012161706
716	715	15.402715463066606	Q20251012161706
716	717	15.402715463066606	Q20251012161706
717	716	15.402715463066606	Q20251012161706
717	718	15.402715463066606	Q20251012161706
718	717	15.402715463066606	Q20251012161706
718	719	15.402715463066606	Q20251012161706
719	718	15.402715463066606	Q20251012161706
719	720	15.402715463066606	Q20251012161706
720	719	15.402715463066606	Q20251012161706
720	721	15.402715463066606	Q20251012161706
721	720	15.402715463066606	Q20251012161706
721	722	15.402715463066606	Q20251012161706
722	721	15.402715463066606	Q20251012161706
722	723	15.402715463066606	Q20251012161706
723	722	15.402715463066606	Q20251012161706
723	724	15.402715463066606	Q20251012161706
724	723	15.402715463066606	Q20251012161706
724	725	15.402715463066606	Q20251012161706
725	724	15.402715463066606	Q20251012161706
725	726	15.402715463066606	Q20251012161706
726	725	15.402715463066606	Q20251012161706
726	727	15.402715463066606	Q20251012161706
727	726	15.402715463066606	Q20251012161706
727	728	15.402715463066606	Q20251012161706
728	727	15.402715463066606	Q20251012161706
728	729	15.402715463066606	Q20251012161706
729	728	15.402715463066606	Q20251012161706
729	730	15.402715463066606	Q20251012161706
730	729	15.402715463066606	Q20251012161706
730	731	15.402715463066606	Q20251012161706
731	730	15.402715463066606	Q20251012161706
731	732	15.402715463066606	Q20251012161706
732	731	15.402715463066606	Q20251012161706
732	733	15.402715463066606	Q20251012161706
733	732	15.402715463066606	Q20251012161706
733	734	15.402715463066606	Q20251012161706
734	733	15.402715463066606	Q20251012161706
734	735	15.402715463066606	Q20251012161706
735	734	15.402715463066606	Q20251012161706
735	736	15.402715463066606	Q20251012161706
736	735	15.402715463066606	Q20251012161706
736	737	15.402715463066606	Q20251012161706
737	736	15.402715463066606	Q20251012161706
737	738	15.402715463066606	Q20251012161706
738	737	15.402715463066606	Q20251012161706
738	739	15.402715463066606	Q20251012161706
739	738	15.402715463066606	Q20251012161706
739	740	15.402715463066606	Q20251012161706
740	739	15.402715463066606	Q20251012161706
740	741	15.402715463066606	Q20251012161706
741	740	15.402715463066606	Q20251012161706
741	742	15.402715463052795	Q20251012161706
742	741	15.402715463052795	Q20251012161706
742	743	15.402715463052795	Q20251012161706
743	742	15.402715463052795	Q20251012161706
743	744	15.402715463052795	Q20251012161706
744	743	15.402715463052795	Q20251012161706
744	745	15.402715463052795	Q20251012161706
745	744	15.402715463052795	Q20251012161706
745	746	15.402715463052795	Q20251012161706
746	745	15.402715463052795	Q20251012161706
746	747	15.402715463052795	Q20251012161706
747	746	15.402715463052795	Q20251012161706
747	748	15.402715463052795	Q20251012161706
748	747	15.402715463052795	Q20251012161706
748	749	15.402715463038982	Q20251012161706
749	748	15.402715463038982	Q20251012161706
749	750	15.402715463038982	Q20251012161706
750	749	15.402715463038982	Q20251012161706
750	751	15.402715463038982	Q20251012161706
751	750	15.402715463038982	Q20251012161706
751	752	15.402715463025171	Q20251012161706
752	751	15.402715463025171	Q20251012161706
752	753	15.402715463011358	Q20251012161706
753	752	15.402715463011358	Q20251012161706
753	754	15.402715463130326	Q20251012161706
754	753	15.402715463130326	Q20251012161706
754	755	16.899210594282362	Q20251012161706
755	754	16.899210594282362	Q20251012161706
755	756	15.402715463053616	Q20251012161706
756	755	15.402715463053616	Q20251012161706
756	757	15.402715463053616	Q20251012161706
757	756	15.402715463053616	Q20251012161706
757	758	15.402715463053616	Q20251012161706
758	757	15.402715463053616	Q20251012161706
758	759	15.402715463053616	Q20251012161706
759	758	15.402715463053616	Q20251012161706
759	760	15.402715463053616	Q20251012161706
760	759	15.402715463053616	Q20251012161706
760	761	15.402715463053616	Q20251012161706
761	760	15.402715463053616	Q20251012161706
761	762	15.402715463039515	Q20251012161706
762	761	15.402715463039515	Q20251012161706
762	763	15.402715463039515	Q20251012161706
763	762	15.402715463039515	Q20251012161706
763	764	15.402715463039515	Q20251012161706
764	763	15.402715463039515	Q20251012161706
764	765	15.402715463039515	Q20251012161706
765	764	15.402715463039515	Q20251012161706
765	766	15.402715463039515	Q20251012161706
766	765	15.402715463039515	Q20251012161706
766	767	15.402715463039515	Q20251012161706
767	766	15.402715463039515	Q20251012161706
767	768	15.402715463039515	Q20251012161706
768	767	15.402715463039515	Q20251012161706
768	769	15.402715463039515	Q20251012161706
769	768	15.402715463039515	Q20251012161706
769	770	15.402715463039515	Q20251012161706
770	769	15.402715463039515	Q20251012161706
770	771	15.402715463039515	Q20251012161706
771	770	15.402715463039515	Q20251012161706
771	772	15.402715463039515	Q20251012161706
772	771	15.402715463039515	Q20251012161706
772	773	15.402715463025412	Q20251012161706
773	772	15.402715463025412	Q20251012161706
773	774	15.402715463025412	Q20251012161706
774	773	15.402715463025412	Q20251012161706
774	775	15.402715463025412	Q20251012161706
775	774	15.402715463025412	Q20251012161706
775	776	15.402715463025412	Q20251012161706
776	775	15.402715463025412	Q20251012161706
776	777	15.402715463025412	Q20251012161706
777	776	15.402715463025412	Q20251012161706
777	778	15.402715463025412	Q20251012161706
778	777	15.402715463025412	Q20251012161706
778	779	15.402715463126285	Q20251012161706
779	778	15.402715463126285	Q20251012161706
779	780	15.402715463025412	Q20251012161706
780	779	15.402715463025412	Q20251012161706
780	781	15.402715463126285	Q20251012161706
781	780	15.402715463126285	Q20251012161706
781	782	15.402715463025412	Q20251012161706
782	781	15.402715463025412	Q20251012161706
782	783	15.402715463126285	Q20251012161706
783	782	15.402715463126285	Q20251012161706
783	784	15.402715463025412	Q20251012161706
784	783	15.402715463025412	Q20251012161706
784	785	15.402715463126285	Q20251012161706
785	784	15.402715463126285	Q20251012161706
785	786	15.402715463025412	Q20251012161706
786	785	15.402715463025412	Q20251012161706
786	787	15.402715463126285	Q20251012161706
787	786	15.402715463126285	Q20251012161706
787	788	15.402715463025412	Q20251012161706
788	787	15.402715463025412	Q20251012161706
788	789	15.402715463126285	Q20251012161706
789	788	15.402715463126285	Q20251012161706
789	790	15.402715463025412	Q20251012161706
790	789	15.402715463025412	Q20251012161706
790	791	15.402715463126285	Q20251012161706
791	790	15.402715463126285	Q20251012161706
791	792	15.402715463025412	Q20251012161706
792	791	15.402715463025412	Q20251012161706
792	793	18.185419824507999	Q20251012161706
793	792	18.185419824507999	Q20251012161706
793	794	15.402715463070990	Q20251012161755
794	793	15.402715463070990	Q20251012161755
794	795	15.402715463070990	Q20251012161755
795	794	15.402715463070990	Q20251012161755
795	796	15.402715463070990	Q20251012161755
796	795	15.402715463070990	Q20251012161755
796	797	15.402715463070990	Q20251012161755
797	796	15.402715463070990	Q20251012161755
797	798	15.402715463070990	Q20251012161755
798	797	15.402715463070990	Q20251012161755
798	799	15.402715463070990	Q20251012161755
799	798	15.402715463070990	Q20251012161755
799	800	15.402715463070990	Q20251012161755
800	799	15.402715463070990	Q20251012161755
800	801	15.402715463070990	Q20251012161755
801	800	15.402715463070990	Q20251012161755
801	802	15.402715463070990	Q20251012161755
802	801	15.402715463070990	Q20251012161755
802	803	15.402715463070990	Q20251012161755
803	802	15.402715463070990	Q20251012161755
803	804	15.402715463070990	Q20251012161755
804	803	15.402715463070990	Q20251012161755
804	805	15.402715463070990	Q20251012161755
805	804	15.402715463070990	Q20251012161755
805	806	15.402715463070990	Q20251012161755
806	805	15.402715463070990	Q20251012161755
806	807	15.402715463070990	Q20251012161755
807	806	15.402715463070990	Q20251012161755
807	808	15.402715463070990	Q20251012161755
808	807	15.402715463070990	Q20251012161755
808	809	15.402715463070990	Q20251012161755
809	808	15.402715463070990	Q20251012161755
809	810	15.402715463070990	Q20251012161755
810	809	15.402715463070990	Q20251012161755
810	811	15.402715463070990	Q20251012161755
811	810	15.402715463070990	Q20251012161755
811	812	15.402715463070990	Q20251012161755
812	811	15.402715463070990	Q20251012161755
812	813	15.402715463070990	Q20251012161755
813	812	15.402715463070990	Q20251012161755
813	814	15.402715463070990	Q20251012161755
814	813	15.402715463070990	Q20251012161755
814	815	15.402715463070990	Q20251012161755
815	814	15.402715463070990	Q20251012161755
815	816	15.402715463070990	Q20251012161755
816	815	15.402715463070990	Q20251012161755
816	817	15.402715463070990	Q20251012161755
817	816	15.402715463070990	Q20251012161755
817	818	15.402715463070990	Q20251012161755
818	817	15.402715463070990	Q20251012161755
818	819	15.402715463070990	Q20251012161755
819	818	15.402715463070990	Q20251012161755
819	820	15.402715463070990	Q20251012161755
820	819	15.402715463070990	Q20251012161755
820	821	15.402715463070990	Q20251012161755
821	820	15.402715463070990	Q20251012161755
821	822	15.402715463070990	Q20251012161755
822	821	15.402715463070990	Q20251012161755
822	823	15.402715463070990	Q20251012161755
823	822	15.402715463070990	Q20251012161755
823	824	15.402715463070990	Q20251012161755
824	823	15.402715463070990	Q20251012161755
824	825	15.402715463070990	Q20251012161755
825	824	15.402715463070990	Q20251012161755
825	826	15.402715463070990	Q20251012161755
826	825	15.402715463070990	Q20251012161755
826	827	15.402715463070990	Q20251012161755
827	826	15.402715463070990	Q20251012161755
827	828	15.402715463070990	Q20251012161755
828	827	15.402715463070990	Q20251012161755
828	829	15.402715463070990	Q20251012161755
829	828	15.402715463070990	Q20251012161755
829	830	15.402715463070990	Q20251012161755
830	829	15.402715463070990	Q20251012161755
830	831	15.402715463070990	Q20251012161755
831	830	15.402715463070990	Q20251012161755
831	832	15.402715463070990	Q20251012161755
832	831	15.402715463070990	Q20251012161755
832	833	15.402715463070990	Q20251012161755
833	832	15.402715463070990	Q20251012161755
833	834	15.402715463070990	Q20251012161755
834	833	15.402715463070990	Q20251012161755
834	835	15.402715463070990	Q20251012161755
835	834	15.402715463070990	Q20251012161755
835	836	15.402715463070990	Q20251012161755
836	835	15.402715463070990	Q20251012161755
836	837	15.402715463070990	Q20251012161755
837	836	15.402715463070990	Q20251012161755
837	838	15.402715463070990	Q20251012161755
838	837	15.402715463070990	Q20251012161755
838	839	15.402715463070990	Q20251012161755
839	838	15.402715463070990	Q20251012161755
839	840	15.402715463070990	Q20251012161755
840	839	15.402715463070990	Q20251012161755
840	841	15.402715463070990	Q20251012161755
841	840	15.402715463070990	Q20251012161755
841	842	15.402715463070990	Q20251012161755
842	841	15.402715463070990	Q20251012161755
842	843	15.402715463070990	Q20251012161755
843	842	15.402715463070990	Q20251012161755
843	844	15.402715463070990	Q20251012161755
844	843	15.402715463070990	Q20251012161755
844	845	15.402715463070990	Q20251012161755
845	844	15.402715463070990	Q20251012161755
845	846	15.402715463056531	Q20251012161755
846	845	15.402715463056531	Q20251012161755
846	847	15.402715463056531	Q20251012161755
847	846	15.402715463056531	Q20251012161755
847	848	15.402715463056531	Q20251012161755
848	847	15.402715463056531	Q20251012161755
848	849	15.402715463056531	Q20251012161755
849	848	15.402715463056531	Q20251012161755
849	850	15.402715463056531	Q20251012161755
850	849	15.402715463056531	Q20251012161755
850	851	15.402715463056531	Q20251012161755
851	850	15.402715463056531	Q20251012161755
851	852	15.402715463056531	Q20251012161755
852	851	15.402715463056531	Q20251012161755
852	853	15.402715463094795	Q20251012161755
853	852	15.402715463094795	Q20251012161755
853	854	15.402715463056531	Q20251012161755
854	853	15.402715463056531	Q20251012161755
854	855	15.402715463094795	Q20251012161755
855	854	15.402715463094795	Q20251012161755
855	856	15.402715463056531	Q20251012161755
856	855	15.402715463056531	Q20251012161755
856	857	15.402715463094795	Q20251012161755
857	856	15.402715463094795	Q20251012161755
857	858	10.358792738138797	Q20251012161755
858	857	10.358792738138797	Q20251012161755
858	859	15.402715463064398	Q20251012161755
858	2689	15.402715463093987	Q20251024235722
859	858	15.402715463064398	Q20251012161755
859	860	15.402715463064398	Q20251012161755
860	859	15.402715463064398	Q20251012161755
860	861	15.402715463064398	Q20251012161755
861	860	15.402715463064398	Q20251012161755
861	862	15.402715463064398	Q20251012161755
862	861	15.402715463064398	Q20251012161755
862	863	15.402715463049914	Q20251012161755
863	862	15.402715463049914	Q20251012161755
863	864	15.402715463049914	Q20251012161755
864	863	15.402715463049914	Q20251012161755
864	865	15.402715463049914	Q20251012161755
865	864	15.402715463049914	Q20251012161755
865	866	15.402715463049914	Q20251012161755
866	865	15.402715463049914	Q20251012161755
866	867	15.402715463049914	Q20251012161755
867	866	15.402715463049914	Q20251012161755
867	868	15.402715463049914	Q20251012161755
868	867	15.402715463049914	Q20251012161755
868	869	15.402715463049914	Q20251012161755
869	868	15.402715463049914	Q20251012161755
869	870	15.402715463049914	Q20251012161755
870	869	15.402715463049914	Q20251012161755
870	871	15.402715463049914	Q20251012161755
871	870	15.402715463049914	Q20251012161755
871	872	15.402715463094765	Q20251012161755
872	871	15.402715463094765	Q20251012161755
872	873	15.402715463049914	Q20251012161755
873	872	15.402715463049914	Q20251012161755
873	874	15.402715463094765	Q20251012161755
874	873	15.402715463094765	Q20251012161755
874	875	15.402715463049914	Q20251012161755
875	874	15.402715463049914	Q20251012161755
875	876	15.402715463094765	Q20251012161755
876	875	15.402715463094765	Q20251012161755
876	877	15.402715463049914	Q20251012161755
877	876	15.402715463049914	Q20251012161755
877	878	15.402715463094765	Q20251012161755
878	877	15.402715463094765	Q20251012161755
878	879	15.402715463049914	Q20251012161755
879	878	15.402715463049914	Q20251012161755
879	880	15.402715463094765	Q20251012161755
880	879	15.402715463094765	Q20251012161755
880	881	15.402715463049914	Q20251012161755
881	880	15.402715463049914	Q20251012161755
881	882	15.402715463094765	Q20251012161755
882	881	15.402715463094765	Q20251012161755
882	883	15.402715463049914	Q20251012161755
883	882	15.402715463049914	Q20251012161755
883	884	15.402715463094765	Q20251012161755
884	883	15.402715463094765	Q20251012161755
884	885	15.402715463049914	Q20251012161755
885	884	15.402715463049914	Q20251012161755
885	886	15.402715463094765	Q20251012161755
886	885	15.402715463094765	Q20251012161755
886	887	15.402715463049914	Q20251012161755
887	886	15.402715463049914	Q20251012161755
887	888	15.402715463094765	Q20251012161755
888	887	15.402715463094765	Q20251012161755
888	889	15.402715463049914	Q20251012161755
889	888	15.402715463049914	Q20251012161755
889	890	15.402715463094765	Q20251012161755
890	889	15.402715463094765	Q20251012161755
890	891	15.402715463049914	Q20251012161755
891	890	15.402715463049914	Q20251012161755
891	892	15.402715463094765	Q20251012161755
892	891	15.402715463094765	Q20251012161755
892	893	15.402715463049914	Q20251012161755
893	892	15.402715463049914	Q20251012161755
893	894	15.402715463094765	Q20251012161755
894	893	15.402715463094765	Q20251012161755
894	895	15.402715463049914	Q20251012161755
895	894	15.402715463049914	Q20251012161755
895	896	15.402715463094765	Q20251012161755
896	895	15.402715463094765	Q20251012161755
896	897	15.402715463049914	Q20251012161755
897	896	15.402715463049914	Q20251012161755
897	898	15.402715463094765	Q20251012161755
898	897	15.402715463094765	Q20251012161755
898	899	15.402715463049914	Q20251012161755
899	898	15.402715463049914	Q20251012161755
899	900	15.402715463094765	Q20251012161755
900	899	15.402715463094765	Q20251012161755
900	901	15.402715463049914	Q20251012161755
901	900	15.402715463049914	Q20251012161755
901	902	15.402715463094765	Q20251012161755
902	901	15.402715463094765	Q20251012161755
902	903	15.402715463049914	Q20251012161755
903	902	15.402715463049914	Q20251012161755
903	904	15.402715463094765	Q20251012161755
904	903	15.402715463094765	Q20251012161755
904	905	15.402715463049914	Q20251012161755
905	904	15.402715463049914	Q20251012161755
905	906	15.402715463094765	Q20251012161755
906	905	15.402715463094765	Q20251012161755
906	907	13.425820566351494	Q20251012161755
907	906	13.425820566351494	Q20251012161755
907	908	15.402715463094902	Q20251012161755
907	2247	15.402715463179574	Q20251022154310
908	907	15.402715463094902	Q20251012161755
908	909	15.402715463094902	Q20251012161755
909	908	15.402715463094902	Q20251012161755
909	910	15.402715463094902	Q20251012161755
910	909	15.402715463094902	Q20251012161755
910	911	15.402715463094902	Q20251012161755
911	910	15.402715463094902	Q20251012161755
911	912	15.402715463109228	Q20251012161755
912	911	15.402715463109228	Q20251012161755
912	913	15.402715463109228	Q20251012161755
913	912	15.402715463109228	Q20251012161755
913	914	15.402715463109228	Q20251012161755
914	913	15.402715463109228	Q20251012161755
914	915	15.402715463109228	Q20251012161755
915	914	15.402715463109228	Q20251012161755
915	916	15.402715463109228	Q20251012161755
916	915	15.402715463109228	Q20251012161755
916	917	15.402715463109228	Q20251012161755
917	916	15.402715463109228	Q20251012161755
917	918	15.402715463109228	Q20251012161755
918	917	15.402715463109228	Q20251012161755
918	919	15.402715463109228	Q20251012161755
919	918	15.402715463109228	Q20251012161755
919	920	15.402715463109228	Q20251012161755
920	919	15.402715463109228	Q20251012161755
920	921	15.402715463109228	Q20251012161755
921	920	15.402715463109228	Q20251012161755
921	922	15.402715463109228	Q20251012161755
922	921	15.402715463109228	Q20251012161755
922	923	15.402715463109228	Q20251012161755
923	922	15.402715463109228	Q20251012161755
923	924	15.402715463109228	Q20251012161755
924	923	15.402715463109228	Q20251012161755
924	925	15.402715463109228	Q20251012161755
925	924	15.402715463109228	Q20251012161755
925	926	15.402715463109228	Q20251012161755
926	925	15.402715463109228	Q20251012161755
926	927	15.402715463109228	Q20251012161755
927	926	15.402715463109228	Q20251012161755
927	928	15.402715463109228	Q20251012161755
928	927	15.402715463109228	Q20251012161755
928	929	15.402715463109228	Q20251012161755
929	928	15.402715463109228	Q20251012161755
929	930	15.402715463041829	Q20251012161755
930	929	15.402715463041829	Q20251012161755
930	931	15.402715463109228	Q20251012161755
931	930	15.402715463109228	Q20251012161755
931	932	15.402715463041829	Q20251012161755
932	931	15.402715463041829	Q20251012161755
932	933	15.402715463109228	Q20251012161755
933	932	15.402715463109228	Q20251012161755
933	934	15.402715463041829	Q20251012161755
934	933	15.402715463041829	Q20251012161755
934	935	15.402715463109228	Q20251012161755
935	934	15.402715463109228	Q20251012161755
935	936	15.402715463041829	Q20251012161755
936	935	15.402715463041829	Q20251012161755
936	937	15.402715463109228	Q20251012161755
937	936	15.402715463109228	Q20251012161755
937	938	15.402715463041829	Q20251012161755
938	937	15.402715463041829	Q20251012161755
938	939	15.402715463109228	Q20251012161755
939	938	15.402715463109228	Q20251012161755
939	940	15.402715463041829	Q20251012161755
940	939	15.402715463041829	Q20251012161755
940	941	15.402715463109228	Q20251012161755
941	940	15.402715463109228	Q20251012161755
941	942	15.402715463041829	Q20251012161755
942	941	15.402715463041829	Q20251012161755
942	943	15.402715463109228	Q20251012161755
943	942	15.402715463109228	Q20251012161755
943	944	15.402715463041829	Q20251012161755
944	943	15.402715463041829	Q20251012161755
944	945	15.402715463109228	Q20251012161755
945	944	15.402715463109228	Q20251012161755
945	946	15.402715463041829	Q20251012161755
946	945	15.402715463041829	Q20251012161755
946	947	15.402715463109228	Q20251012161755
947	946	15.402715463109228	Q20251012161755
947	948	15.402715463041829	Q20251012161755
948	947	15.402715463041829	Q20251012161755
948	949	15.402715463109228	Q20251012161755
949	948	15.402715463109228	Q20251012161755
949	950	15.402715463041829	Q20251012161755
950	949	15.402715463041829	Q20251012161755
950	951	15.402715463109228	Q20251012161755
951	950	15.402715463109228	Q20251012161755
951	952	15.402715463041829	Q20251012161755
952	951	15.402715463041829	Q20251012161755
952	953	15.402715463109228	Q20251012161755
953	952	15.402715463109228	Q20251012161755
953	954	15.402715463041829	Q20251012161755
954	953	15.402715463041829	Q20251012161755
954	955	15.402715463109228	Q20251012161755
955	954	15.402715463109228	Q20251012161755
955	956	15.402715463041829	Q20251012161755
956	955	15.402715463041829	Q20251012161755
956	957	15.402715463109228	Q20251012161755
957	956	15.402715463109228	Q20251012161755
957	958	15.402715463041829	Q20251012161755
958	957	15.402715463041829	Q20251012161755
958	959	15.402715463109228	Q20251012161755
959	958	15.402715463109228	Q20251012161755
959	960	15.402715463041829	Q20251012161755
960	959	15.402715463041829	Q20251012161755
960	961	21.961240407402542	Q20251012161755
961	960	21.961240407402542	Q20251012161755
961	962	15.402715463058794	Q20251012161755
962	961	15.402715463058794	Q20251012161755
962	963	15.402715463058794	Q20251012161755
963	962	15.402715463058794	Q20251012161755
963	964	15.402715463058794	Q20251012161755
964	963	15.402715463058794	Q20251012161755
964	965	15.402715463058794	Q20251012161755
965	964	15.402715463058794	Q20251012161755
965	966	15.402715463044366	Q20251012161755
966	965	15.402715463044366	Q20251012161755
966	967	15.402715463044366	Q20251012161755
967	966	15.402715463044366	Q20251012161755
967	968	15.402715463044366	Q20251012161755
968	967	15.402715463044366	Q20251012161755
968	969	15.402715463044366	Q20251012161755
969	968	15.402715463044366	Q20251012161755
969	970	15.402715463104890	Q20251012161755
970	969	15.402715463104890	Q20251012161755
970	971	15.402715463044366	Q20251012161755
971	970	15.402715463044366	Q20251012161755
971	972	15.402715463104890	Q20251012161755
972	971	15.402715463104890	Q20251012161755
972	973	15.402715463044366	Q20251012161755
973	972	15.402715463044366	Q20251012161755
973	974	15.402715463104890	Q20251012161755
974	973	15.402715463104890	Q20251012161755
974	975	15.402715463044366	Q20251012161755
975	974	15.402715463044366	Q20251012161755
975	976	15.402715463104890	Q20251012161755
976	975	15.402715463104890	Q20251012161755
976	977	15.402715463044366	Q20251012161755
977	976	15.402715463044366	Q20251012161755
977	978	15.402715463104890	Q20251012161755
978	977	15.402715463104890	Q20251012161755
978	979	15.402715463044366	Q20251012161755
979	978	15.402715463044366	Q20251012161755
979	980	15.402715463090461	Q20251012161755
980	979	15.402715463090461	Q20251012161755
980	981	15.402715463044366	Q20251012161755
981	980	15.402715463044366	Q20251012161755
981	982	10.243022163537812	Q20251012161755
982	981	10.243022163537812	Q20251012161755
982	983	15.402715463076644	Q20251012161755
983	982	15.402715463076644	Q20251012161755
983	984	15.402715463076644	Q20251012161755
984	983	15.402715463076644	Q20251012161755
984	985	15.402715463076644	Q20251012161755
985	984	15.402715463076644	Q20251012161755
985	986	15.402715463076644	Q20251012161755
986	985	15.402715463076644	Q20251012161755
986	987	15.402715463076644	Q20251012161755
987	986	15.402715463076644	Q20251012161755
987	988	15.402715463076644	Q20251012161755
988	987	15.402715463076644	Q20251012161755
988	989	15.402715463076644	Q20251012161755
989	988	15.402715463076644	Q20251012161755
989	990	15.402715463076644	Q20251012161755
990	989	15.402715463076644	Q20251012161755
990	991	15.402715463076644	Q20251012161755
991	990	15.402715463076644	Q20251012161755
991	992	15.402715463076644	Q20251012161755
992	991	15.402715463076644	Q20251012161755
992	993	15.402715463076644	Q20251012161755
993	992	15.402715463076644	Q20251012161755
993	994	15.402715463076644	Q20251012161755
994	993	15.402715463076644	Q20251012161755
994	995	15.402715463076644	Q20251012161755
995	994	15.402715463076644	Q20251012161755
995	996	15.402715463076644	Q20251012161755
996	995	15.402715463076644	Q20251012161755
996	997	15.402715463076644	Q20251012161755
997	996	15.402715463076644	Q20251012161755
997	998	15.402715463076644	Q20251012161755
998	997	15.402715463076644	Q20251012161755
998	999	15.402715463076644	Q20251012161755
999	998	15.402715463076644	Q20251012161755
999	1000	15.402715463091072	Q20251012161755
1000	999	15.402715463091072	Q20251012161755
1000	1001	15.402715463091072	Q20251012161755
1001	1000	15.402715463091072	Q20251012161755
1001	1002	15.402715463091072	Q20251012161755
1002	1001	15.402715463091072	Q20251012161755
1002	1003	15.402715463091072	Q20251012161755
1003	1002	15.402715463091072	Q20251012161755
1003	1004	15.402715463091072	Q20251012161755
1004	1003	15.402715463091072	Q20251012161755
1004	1005	15.402715463091072	Q20251012161755
1005	1004	15.402715463091072	Q20251012161755
1005	1006	15.402715463091072	Q20251012161755
1006	1005	15.402715463091072	Q20251012161755
1006	1007	15.402715463105498	Q20251012161755
1007	1006	15.402715463105498	Q20251012161755
1007	1008	15.402715463044581	Q20251012161755
1008	1007	15.402715463044581	Q20251012161755
1008	1009	15.402715463091072	Q20251012161755
1009	1008	15.402715463091072	Q20251012161755
1009	1010	14.876133352146226	Q20251012161755
1010	1009	14.876133352146226	Q20251012161755
1010	1011	15.402715462962046	Q20251012161755
1011	1010	15.402715462962046	Q20251012161755
1011	1012	15.402715462962046	Q20251012161755
1012	1011	15.402715462962046	Q20251012161755
1012	1013	15.402715462950551	Q20251012161755
1013	1012	15.402715462950551	Q20251012161755
1013	1014	15.402715462950551	Q20251012161755
1014	1013	15.402715462950551	Q20251012161755
1014	1015	15.402715462950551	Q20251012161755
1015	1014	15.402715462950551	Q20251012161755
1015	1016	15.402715462950551	Q20251012161755
1016	1015	15.402715462950551	Q20251012161755
1016	1017	15.402715462950551	Q20251012161755
1017	1016	15.402715462950551	Q20251012161755
1017	1018	15.402715462939057	Q20251012161755
1018	1017	15.402715462939057	Q20251012161755
1018	1019	15.402715462939057	Q20251012161755
1019	1018	15.402715462939057	Q20251012161755
1019	1020	15.402715462939057	Q20251012161755
1020	1019	15.402715462939057	Q20251012161755
1020	1021	15.402715462939057	Q20251012161755
1021	1020	15.402715462939057	Q20251012161755
1021	1022	15.402715463213081	Q20251012161755
1022	1021	15.402715463213081	Q20251012161755
1022	1023	15.402715462939057	Q20251012161755
1023	1022	15.402715462939057	Q20251012161755
1023	1024	15.402715463213081	Q20251012161755
1024	1023	15.402715463213081	Q20251012161755
1024	1025	15.402715462939057	Q20251012161755
1025	1024	15.402715462939057	Q20251012161755
1025	1026	15.402715463213081	Q20251012161755
1026	1025	15.402715463213081	Q20251012161755
1026	1027	15.402715462939057	Q20251012161755
1027	1026	15.402715462939057	Q20251012161755
1027	1028	15.402715463213081	Q20251012161755
1028	1027	15.402715463213081	Q20251012161755
1028	1029	15.402715462939057	Q20251012161755
1029	1028	15.402715462939057	Q20251012161755
1029	1030	15.402715463213081	Q20251012161755
1030	1029	15.402715463213081	Q20251012161755
1030	1031	15.402715462939057	Q20251012161755
1031	1030	15.402715462939057	Q20251012161755
1031	1032	15.402715463213081	Q20251012161755
1032	1031	15.402715463213081	Q20251012161755
1032	1033	15.402715462939057	Q20251012161755
1033	1032	15.402715462939057	Q20251012161755
1033	1034	15.402715463213081	Q20251012161755
1034	1033	15.402715463213081	Q20251012161755
1034	1035	15.402715462939057	Q20251012161755
1035	1034	15.402715462939057	Q20251012161755
1035	1036	15.402715463213081	Q20251012161755
1036	1035	15.402715463213081	Q20251012161755
1036	1037	15.402715462939057	Q20251012161755
1037	1036	15.402715462939057	Q20251012161755
1037	1038	15.402715463213081	Q20251012161755
1038	1037	15.402715463213081	Q20251012161755
1038	1039	15.402715462939057	Q20251012161755
1039	1038	15.402715462939057	Q20251012161755
1039	1040	15.402715463213081	Q20251012161755
1040	1039	15.402715463213081	Q20251012161755
1040	1041	15.402715462939057	Q20251012161755
1041	1040	15.402715462939057	Q20251012161755
1041	1042	15.402715463201586	Q20251012161755
1042	1041	15.402715463201586	Q20251012161755
1042	1043	15.402715462939057	Q20251012161755
1043	1042	15.402715462939057	Q20251012161755
1043	1044	15.402715463201586	Q20251012161755
1044	1043	15.402715463201586	Q20251012161755
1044	1045	15.402715462939057	Q20251012161755
1045	1044	15.402715462939057	Q20251012161755
1045	1046	15.402715463190090	Q20251012161755
1046	1045	15.402715463190090	Q20251012161755
1046	1047	19.577792761200410	Q20251012161755
1047	1046	19.577792761200410	Q20251012161755
1047	1048	15.402715463059709	Q20251012161755
1047	2294	15.402715462956525	Q20251022154319
1048	1047	15.402715463059709	Q20251012161755
1048	1049	15.402715463059709	Q20251012161755
1049	1048	15.402715463059709	Q20251012161755
1049	1050	15.402715463059709	Q20251012161755
1050	1049	15.402715463059709	Q20251012161755
1050	1051	15.402715463059709	Q20251012161755
1051	1050	15.402715463059709	Q20251012161755
1051	1052	15.402715463059709	Q20251012161755
1052	1051	15.402715463059709	Q20251012161755
1052	1053	15.402715463059709	Q20251012161755
1053	1052	15.402715463059709	Q20251012161755
1053	1054	15.402715463059709	Q20251012161755
1054	1053	15.402715463059709	Q20251012161755
1054	1055	15.402715463059709	Q20251012161755
1055	1054	15.402715463059709	Q20251012161755
1055	1056	15.402715463059709	Q20251012161755
1056	1055	15.402715463059709	Q20251012161755
1056	1057	15.402715463059709	Q20251012161755
1057	1056	15.402715463059709	Q20251012161755
1057	1058	15.402715463059709	Q20251012161755
1058	1057	15.402715463059709	Q20251012161755
1058	1059	15.402715463059709	Q20251012161755
1059	1058	15.402715463059709	Q20251012161755
1059	1060	15.402715463059709	Q20251012161755
1060	1059	15.402715463059709	Q20251012161755
1060	1061	15.402715463059709	Q20251012161755
1061	1060	15.402715463059709	Q20251012161755
1061	1062	15.402715463059709	Q20251012161755
1062	1061	15.402715463059709	Q20251012161755
1062	1063	15.402715463059709	Q20251012161755
1063	1062	15.402715463059709	Q20251012161755
1063	1064	15.402715463059709	Q20251012161755
1064	1063	15.402715463059709	Q20251012161755
1064	1065	15.402715463059709	Q20251012161755
1065	1064	15.402715463059709	Q20251012161755
1065	1066	15.402715463059709	Q20251012161755
1066	1065	15.402715463059709	Q20251012161755
1066	1067	15.402715463045244	Q20251012161755
1067	1066	15.402715463045244	Q20251012161755
1067	1068	15.402715463045244	Q20251012161755
1068	1067	15.402715463045244	Q20251012161755
1068	1069	15.402715463096232	Q20251012161755
1069	1068	15.402715463096232	Q20251012161755
1069	1070	15.402715463045244	Q20251012161755
1070	1069	15.402715463045244	Q20251012161755
1070	1071	15.402715463096232	Q20251012161755
1071	1070	15.402715463096232	Q20251012161755
1071	1072	15.402715463045244	Q20251012161755
1072	1071	15.402715463045244	Q20251012161755
1072	1073	15.402715463096232	Q20251012161755
1073	1072	15.402715463096232	Q20251012161755
1073	1074	15.402715463045244	Q20251012161755
1074	1073	15.402715463045244	Q20251012161755
1074	1075	15.402715463096232	Q20251012161755
1075	1074	15.402715463096232	Q20251012161755
1075	1076	15.402715463045244	Q20251012161755
1076	1075	15.402715463045244	Q20251012161755
1076	1077	15.402715463096232	Q20251012161755
1077	1076	15.402715463096232	Q20251012161755
1077	1078	15.402715463045244	Q20251012161755
1078	1077	15.402715463045244	Q20251012161755
1078	1079	15.402715463096232	Q20251012161755
1079	1078	15.402715463096232	Q20251012161755
1079	1080	15.402715463045244	Q20251012161755
1080	1079	15.402715463045244	Q20251012161755
1080	1081	15.402715463096232	Q20251012161755
1081	1080	15.402715463096232	Q20251012161755
1081	1082	15.402715463045244	Q20251012161755
1082	1081	15.402715463045244	Q20251012161755
1082	1083	15.402715463096232	Q20251012161755
1083	1082	15.402715463096232	Q20251012161755
1083	1084	15.402715463045244	Q20251012161755
1084	1083	15.402715463045244	Q20251012161755
1084	1085	15.402715463096232	Q20251012161755
1085	1084	15.402715463096232	Q20251012161755
1085	1086	15.402715463059709	Q20251012161755
1086	1085	15.402715463059709	Q20251012161755
1086	1087	15.224277073319943	Q20251012161755
1087	1086	15.224277073319943	Q20251012161755
1087	1088	15.402715463039296	Q20251012161755
1088	1087	15.402715463039296	Q20251012161755
1088	1089	15.402715463039296	Q20251012161755
1089	1088	15.402715463039296	Q20251012161755
1089	1090	15.402715463039296	Q20251012161755
1090	1089	15.402715463039296	Q20251012161755
1090	1091	15.402715463039296	Q20251012161755
1091	1090	15.402715463039296	Q20251012161755
1091	1092	15.402715463039296	Q20251012161755
1092	1091	15.402715463039296	Q20251012161755
1092	1093	15.402715463039296	Q20251012161755
1093	1092	15.402715463039296	Q20251012161755
1093	1094	15.402715463025569	Q20251012161755
1094	1093	15.402715463025569	Q20251012161755
1094	1095	15.402715463025569	Q20251012161755
1095	1094	15.402715463025569	Q20251012161755
1095	1096	15.402715463025569	Q20251012161755
1096	1095	15.402715463025569	Q20251012161755
1096	1097	15.402715463025569	Q20251012161755
1097	1096	15.402715463025569	Q20251012161755
1097	1098	15.402715463011843	Q20251012161755
1098	1097	15.402715463011843	Q20251012161755
1098	1099	15.402715463011843	Q20251012161755
1099	1098	15.402715463011843	Q20251012161755
1099	1100	15.402715462998117	Q20251012161755
1100	1099	15.402715462998117	Q20251012161755
1100	1101	15.402715463152711	Q20251012161755
1101	1100	15.402715463152711	Q20251012161755
1101	1102	15.402715463011843	Q20251012161755
1102	1101	15.402715463011843	Q20251012161755
1102	1103	15.402715463152711	Q20251012161755
1103	1102	15.402715463152711	Q20251012161755
1103	1104	15.402715463011843	Q20251012161755
1104	1103	15.402715463011843	Q20251012161755
1104	1105	15.402715463152711	Q20251012161755
1105	1104	15.402715463152711	Q20251012161755
1105	1106	15.402715463011843	Q20251012161755
1106	1105	15.402715463011843	Q20251012161755
1106	1107	15.402715463138986	Q20251012161755
1107	1106	15.402715463138986	Q20251012161755
1107	1108	8.300118079253195	Q20251012161755
1108	1107	8.300118079253195	Q20251012161755
1108	1109	15.402715463082570	Q20251012161755
1108	2736	15.402715463201050	Q20251024235734
1109	1108	15.402715463082570	Q20251012161755
1109	1110	15.402715463082570	Q20251012161755
1110	1109	15.402715463082570	Q20251012161755
1110	1111	15.402715463082570	Q20251012161755
1111	1110	15.402715463082570	Q20251012161755
1111	1112	15.402715463082570	Q20251012161755
1112	1111	15.402715463082570	Q20251012161755
1112	1113	15.402715463082570	Q20251012161755
1113	1112	15.402715463082570	Q20251012161755
1113	1114	15.402715463082570	Q20251012161755
1114	1113	15.402715463082570	Q20251012161755
1114	1115	15.402715463082570	Q20251012161755
1115	1114	15.402715463082570	Q20251012161755
1115	1116	15.402715463082570	Q20251012161755
1116	1115	15.402715463082570	Q20251012161755
1116	1117	15.402715463082570	Q20251012161755
1117	1116	15.402715463082570	Q20251012161755
1117	1118	15.402715463082570	Q20251012161755
1118	1117	15.402715463082570	Q20251012161755
1118	1119	15.402715463082570	Q20251012161755
1119	1118	15.402715463082570	Q20251012161755
1119	1120	15.402715463082570	Q20251012161755
1120	1119	15.402715463082570	Q20251012161755
1120	1121	15.402715463082570	Q20251012161755
1121	1120	15.402715463082570	Q20251012161755
1121	1122	15.402715463082570	Q20251012161755
1122	1121	15.402715463082570	Q20251012161755
1122	1123	15.402715463082570	Q20251012161755
1123	1122	15.402715463082570	Q20251012161755
1123	1124	15.402715463082570	Q20251012161755
1124	1123	15.402715463082570	Q20251012161755
1124	1125	15.402715463082570	Q20251012161755
1125	1124	15.402715463082570	Q20251012161755
1125	1126	15.402715463082570	Q20251012161755
1126	1125	15.402715463082570	Q20251012161755
1126	1127	15.402715463082570	Q20251012161755
1127	1126	15.402715463082570	Q20251012161755
1127	1128	15.402715463082570	Q20251012161755
1128	1127	15.402715463082570	Q20251012161755
1128	1129	15.402715463082570	Q20251012161755
1129	1128	15.402715463082570	Q20251012161755
1129	1130	15.402715463082570	Q20251012161755
1130	1129	15.402715463082570	Q20251012161755
1130	1131	15.402715463082570	Q20251012161755
1131	1130	15.402715463082570	Q20251012161755
1131	1132	15.402715463082570	Q20251012161755
1132	1131	15.402715463082570	Q20251012161755
1132	1133	15.402715463082570	Q20251012161755
1133	1132	15.402715463082570	Q20251012161755
1133	1134	15.402715463082570	Q20251012161755
1134	1133	15.402715463082570	Q20251012161755
1134	1135	15.402715463082570	Q20251012161755
1135	1134	15.402715463082570	Q20251012161755
1135	1136	15.402715463082570	Q20251012161755
1136	1135	15.402715463082570	Q20251012161755
1136	1137	15.402715463082570	Q20251012161755
1137	1136	15.402715463082570	Q20251012161755
1137	1138	15.402715463082570	Q20251012161755
1138	1137	15.402715463082570	Q20251012161755
1138	1139	15.402715463082570	Q20251012161755
1139	1138	15.402715463082570	Q20251012161755
1139	1140	15.402715463082570	Q20251012161755
1140	1139	15.402715463082570	Q20251012161755
1140	1141	15.402715463082570	Q20251012161755
1141	1140	15.402715463082570	Q20251012161755
1141	1142	15.402715463082570	Q20251012161755
1142	1141	15.402715463082570	Q20251012161755
1142	1143	15.402715463082570	Q20251012161755
1143	1142	15.402715463082570	Q20251012161755
1143	1144	15.402715463082570	Q20251012161755
1144	1143	15.402715463082570	Q20251012161755
1144	1145	15.402715463082570	Q20251012161755
1145	1144	15.402715463082570	Q20251012161755
1145	1146	15.402715463082570	Q20251012161755
1146	1145	15.402715463082570	Q20251012161755
1146	1147	15.402715463082570	Q20251012161755
1147	1146	15.402715463082570	Q20251012161755
1147	1148	15.402715463082570	Q20251012161755
1148	1147	15.402715463082570	Q20251012161755
1148	1149	15.402715463097032	Q20251012161755
1149	1148	15.402715463097032	Q20251012161755
1149	1150	15.402715463097032	Q20251012161755
1150	1149	15.402715463097032	Q20251012161755
1150	1151	15.402715463097032	Q20251012161755
1151	1150	15.402715463097032	Q20251012161755
1151	1152	15.402715463097032	Q20251012161755
1152	1151	15.402715463097032	Q20251012161755
1152	1153	15.402715463097032	Q20251012161755
1153	1152	15.402715463097032	Q20251012161755
1153	1154	15.402715463097032	Q20251012161755
1154	1153	15.402715463097032	Q20251012161755
1154	1155	15.402715463097032	Q20251012161755
1155	1154	15.402715463097032	Q20251012161755
1155	1156	15.402715463097032	Q20251012161755
1156	1155	15.402715463097032	Q20251012161755
1156	1157	15.402715463097032	Q20251012161755
1157	1156	15.402715463097032	Q20251012161755
1157	1158	15.402715463097032	Q20251012161755
1158	1157	15.402715463097032	Q20251012161755
1158	1159	15.402715463097032	Q20251012161755
1159	1158	15.402715463097032	Q20251012161755
1159	1160	15.402715463097032	Q20251012161755
1160	1159	15.402715463097032	Q20251012161755
1160	1161	15.402715463097032	Q20251012161755
1161	1160	15.402715463097032	Q20251012161755
1161	1162	15.402715463097032	Q20251012161755
1162	1161	15.402715463097032	Q20251012161755
1162	1163	15.402715463097032	Q20251012161755
1163	1162	15.402715463097032	Q20251012161755
1163	1164	15.402715463045396	Q20251012161755
1164	1163	15.402715463045396	Q20251012161755
1164	1165	15.402715463097032	Q20251012161755
1165	1164	15.402715463097032	Q20251012161755
1165	1166	15.402715463045396	Q20251012161755
1166	1165	15.402715463045396	Q20251012161755
1166	1167	15.402715463097032	Q20251012161755
1167	1166	15.402715463097032	Q20251012161755
1167	1168	15.402715463045396	Q20251012161755
1168	1167	15.402715463045396	Q20251012161755
1168	1169	15.402715463097032	Q20251012161755
1169	1168	15.402715463097032	Q20251012161755
1169	1170	15.402715463045396	Q20251012161755
1170	1169	15.402715463045396	Q20251012161755
1170	1171	15.402715463097032	Q20251012161755
1171	1170	15.402715463097032	Q20251012161755
1171	1172	15.402715463045396	Q20251012161755
1172	1171	15.402715463045396	Q20251012161755
1172	1173	15.402715463097032	Q20251012161755
1173	1172	15.402715463097032	Q20251012161755
1173	1174	15.402715463045396	Q20251012161755
1174	1173	15.402715463045396	Q20251012161755
1174	1175	15.402715463097032	Q20251012161755
1175	1174	15.402715463097032	Q20251012161755
1175	1176	15.402715463045396	Q20251012161755
1176	1175	15.402715463045396	Q20251012161755
1176	1177	15.402715463097032	Q20251012161755
1177	1176	15.402715463097032	Q20251012161755
1177	1178	15.402715463045396	Q20251012161755
1178	1177	15.402715463045396	Q20251012161755
1178	1179	15.402715463097032	Q20251012161755
1179	1178	15.402715463097032	Q20251012161755
1179	1180	15.402715463059858	Q20251012161755
1180	1179	15.402715463059858	Q20251012161755
1180	1181	15.402715463097032	Q20251012161755
1181	1180	15.402715463097032	Q20251012161755
1181	1182	15.428597678919049	Q20251012161755
1182	1181	15.428597678919049	Q20251012161755
1182	1183	15.402715463162110	Q20251012161755
1183	1182	15.402715463162110	Q20251012161755
1183	1184	15.402715463162110	Q20251012161755
1184	1183	15.402715463162110	Q20251012161755
1184	1185	15.402715463162110	Q20251012161755
1185	1184	15.402715463162110	Q20251012161755
1185	1186	15.402715463162110	Q20251012161755
1186	1185	15.402715463162110	Q20251012161755
1186	1187	15.402715463162110	Q20251012161755
1187	1186	15.402715463162110	Q20251012161755
1187	1188	15.402715463174664	Q20251012161755
1188	1187	15.402715463174664	Q20251012161755
1188	1189	15.402715463174664	Q20251012161755
1189	1188	15.402715463174664	Q20251012161755
1189	1190	15.402715463174664	Q20251012161755
1190	1189	15.402715463174664	Q20251012161755
1190	1191	15.402715463174664	Q20251012161755
1191	1190	15.402715463174664	Q20251012161755
1191	1192	15.402715463174664	Q20251012161755
1192	1191	15.402715463174664	Q20251012161755
1192	1193	15.402715463187219	Q20251012161755
1193	1192	15.402715463187219	Q20251012161755
1193	1194	15.402715463187219	Q20251012161755
1194	1193	15.402715463187219	Q20251012161755
1194	1195	15.402715463187219	Q20251012161755
1195	1194	15.402715463187219	Q20251012161755
1195	1196	15.402715462964318	Q20251012161755
1196	1195	15.402715462964318	Q20251012161755
1196	1197	15.402715463187219	Q20251012161755
1197	1196	15.402715463187219	Q20251012161755
1197	1198	15.402715462964318	Q20251012161755
1198	1197	15.402715462964318	Q20251012161755
1198	1199	15.402715463187219	Q20251012161755
1199	1198	15.402715463187219	Q20251012161755
1199	1200	15.402715462964318	Q20251012161755
1200	1199	15.402715462964318	Q20251012161755
1200	1201	15.402715463187219	Q20251012161755
1201	1200	15.402715463187219	Q20251012161755
1201	1202	15.402715462964318	Q20251012161755
1202	1201	15.402715462964318	Q20251012161755
1202	1203	15.402715463187219	Q20251012161755
1203	1202	15.402715463187219	Q20251012161755
1203	1204	15.402715462964318	Q20251012161755
1204	1203	15.402715462964318	Q20251012161755
1204	1205	15.402715463187219	Q20251012161755
1205	1204	15.402715463187219	Q20251012161755
1205	1206	15.402715462964318	Q20251012161755
1206	1205	15.402715462964318	Q20251012161755
1206	1207	15.402715463187219	Q20251012161755
1207	1206	15.402715463187219	Q20251012161755
1207	1208	15.402715462964318	Q20251012161755
1208	1207	15.402715462964318	Q20251012161755
1208	1209	15.402715463187219	Q20251012161755
1209	1208	15.402715463187219	Q20251012161755
1209	1210	15.402715462964318	Q20251012161755
1210	1209	15.402715462964318	Q20251012161755
1210	1211	15.402715463187219	Q20251012161755
1211	1210	15.402715463187219	Q20251012161755
1211	1212	15.402715462964318	Q20251012161755
1212	1211	15.402715462964318	Q20251012161755
1212	1213	15.402715463187219	Q20251012161755
1213	1212	15.402715463187219	Q20251012161755
1213	1214	15.402715462964318	Q20251012161755
1214	1213	15.402715462964318	Q20251012161755
1214	1215	15.402715463174664	Q20251012161755
1215	1214	15.402715463174664	Q20251012161755
1215	1216	17.627899024793674	Q20251012161755
1216	1215	17.627899024793674	Q20251012161755
1216	1217	15.402715463045672	Q20251012161755
1217	1216	15.402715463045672	Q20251012161755
1217	1218	20.166740416723364	Q20251012161755
1218	1217	20.166740416723364	Q20251012161755
1218	1219	15.402715463063974	Q20251012161921
1219	1218	15.402715463063974	Q20251012161921
1219	1220	15.402715463063974	Q20251012161921
1220	1219	15.402715463063974	Q20251012161921
1220	1221	15.402715463063974	Q20251012161921
1221	1220	15.402715463063974	Q20251012161921
1221	1222	15.402715463063974	Q20251012161921
1222	1221	15.402715463063974	Q20251012161921
1222	1223	15.402715463063974	Q20251012161921
1223	1222	15.402715463063974	Q20251012161921
1223	1224	15.402715463049507	Q20251012161921
1224	1223	15.402715463049507	Q20251012161921
1224	1225	15.402715463049507	Q20251012161921
1225	1224	15.402715463049507	Q20251012161921
1225	1226	15.402715463100108	Q20251012161921
1226	1225	15.402715463100108	Q20251012161921
1226	1227	15.402715463049507	Q20251012161921
1227	1226	15.402715463049507	Q20251012161921
1227	1228	15.402715463100108	Q20251012161921
1228	1227	15.402715463100108	Q20251012161921
1228	1229	15.402715463049507	Q20251012161921
1229	1228	15.402715463049507	Q20251012161921
1229	1230	9.122068932907684	Q20251012161921
1230	1229	9.122068932907684	Q20251012161921
1230	1231	15.402715462990402	Q20251012161921
1231	1230	15.402715462990402	Q20251012161921
1231	1232	15.402715462980481	Q20251012161921
1232	1231	15.402715462980481	Q20251012161921
1232	1233	15.402715462970560	Q20251012161921
1233	1232	15.402715462970560	Q20251012161921
1233	1234	15.402715462960639	Q20251012161921
1234	1233	15.402715462960639	Q20251012161921
1234	1235	15.402715462950717	Q20251012161921
1235	1234	15.402715462950717	Q20251012161921
1235	1236	15.402715462920954	Q20251012161921
1236	1235	15.402715462920954	Q20251012161921
1236	1237	15.402715463221925	Q20251012161921
1237	1236	15.402715463221925	Q20251012161921
1237	1238	8.775156494123170	Q20251012161921
1238	1237	8.775156494123170	Q20251012161921
1238	1239	15.402715463126013	Q20251012161921
1239	1238	15.402715463126013	Q20251012161921
1239	1240	13.594366746852110	Q20251012161921
1240	1239	13.594366746852110	Q20251012161921
1240	1241	15.402715462847690	Q20251012161921
1241	1240	15.402715462847690	Q20251012161921
1241	1242	15.402715462847690	Q20251012161921
1242	1241	15.402715462847690	Q20251012161921
1242	1243	15.402715462847690	Q20251012161921
1243	1242	15.402715462847690	Q20251012161921
1243	1244	15.402715462847690	Q20251012161921
1244	1243	15.402715462847690	Q20251012161921
1244	1245	15.402715462847690	Q20251012161921
1245	1244	15.402715462847690	Q20251012161921
1245	1246	15.402715462845615	Q20251012161921
1246	1245	15.402715462845615	Q20251012161921
1246	1247	15.402715462845615	Q20251012161921
1247	1246	15.402715462845615	Q20251012161921
1247	1248	15.402715462845615	Q20251012161921
1248	1247	15.402715462845615	Q20251012161921
1248	1249	15.402715463304453	Q20251012161921
1249	1248	15.402715463304453	Q20251012161921
1249	1250	15.402715462845615	Q20251012161921
1250	1249	15.402715462845615	Q20251012161921
1250	1251	15.402715463304453	Q20251012161921
1251	1250	15.402715463304453	Q20251012161921
1251	1252	15.402715462845615	Q20251012161921
1252	1251	15.402715462845615	Q20251012161921
1252	1253	12.042148255073448	Q20251012161921
1253	1252	12.042148255073448	Q20251012161921
1253	1254	15.402715463076728	Q20251012161921
1254	1253	15.402715463076728	Q20251012161921
1254	1255	15.402715463076728	Q20251012161921
1255	1254	15.402715463076728	Q20251012161921
1255	1256	15.402715463076728	Q20251012161921
1256	1255	15.402715463076728	Q20251012161921
1256	1257	15.402715463076728	Q20251012161921
1257	1256	15.402715463076728	Q20251012161921
1257	1258	15.402715463076728	Q20251012161921
1258	1257	15.402715463076728	Q20251012161921
1258	1259	15.402715463076728	Q20251012161921
1259	1258	15.402715463076728	Q20251012161921
1259	1260	15.402715463076728	Q20251012161921
1260	1259	15.402715463076728	Q20251012161921
1260	1261	15.402715463076728	Q20251012161921
1261	1260	15.402715463076728	Q20251012161921
1261	1262	15.402715463076728	Q20251012161921
1262	1261	15.402715463076728	Q20251012161921
1262	1263	15.402715463076728	Q20251012161921
1263	1262	15.402715463076728	Q20251012161921
1263	1264	15.402715463076728	Q20251012161921
1264	1263	15.402715463076728	Q20251012161921
1264	1265	15.402715463076728	Q20251012161921
1265	1264	15.402715463076728	Q20251012161921
1265	1266	15.402715463076728	Q20251012161921
1266	1265	15.402715463076728	Q20251012161921
1266	1267	15.402715463076728	Q20251012161921
1267	1266	15.402715463076728	Q20251012161921
1267	1268	15.402715463076728	Q20251012161921
1268	1267	15.402715463076728	Q20251012161921
1268	1269	15.402715463076728	Q20251012161921
1269	1268	15.402715463076728	Q20251012161921
1269	1270	15.402715463076728	Q20251012161921
1270	1269	15.402715463076728	Q20251012161921
1270	1271	15.402715463063149	Q20251012161921
1271	1270	15.402715463063149	Q20251012161921
1271	1272	15.402715463076728	Q20251012161921
1272	1271	15.402715463076728	Q20251012161921
1272	1273	15.402715463063149	Q20251012161921
1273	1272	15.402715463063149	Q20251012161921
1273	1274	15.402715463076728	Q20251012161921
1274	1273	15.402715463076728	Q20251012161921
1274	1275	15.402715463063149	Q20251012161921
1275	1274	15.402715463063149	Q20251012161921
1275	1276	15.402715463076728	Q20251012161921
1276	1275	15.402715463076728	Q20251012161921
1276	1277	11.338315355332309	Q20251012161921
1277	1276	11.338315355332309	Q20251012161921
1277	1278	15.402715463052427	Q20251012161921
1278	1277	15.402715463052427	Q20251012161921
1278	1279	15.402715463052427	Q20251012161921
1279	1278	15.402715463052427	Q20251012161921
1279	1280	15.402715463052427	Q20251012161921
1280	1279	15.402715463052427	Q20251012161921
1280	1281	15.402715463052427	Q20251012161921
1281	1280	15.402715463052427	Q20251012161921
1281	1282	15.402715463052427	Q20251012161921
1282	1281	15.402715463052427	Q20251012161921
1282	1283	15.402715463052427	Q20251012161921
1283	1282	15.402715463052427	Q20251012161921
1283	1284	15.402715463052427	Q20251012161921
1284	1283	15.402715463052427	Q20251012161921
1284	1285	15.402715463049772	Q20251012161921
1285	1284	15.402715463049772	Q20251012161921
1285	1286	15.402715463049772	Q20251012161921
1286	1285	15.402715463049772	Q20251012161921
1286	1287	15.402715463049772	Q20251012161921
1287	1286	15.402715463049772	Q20251012161921
1287	1288	15.402715463049772	Q20251012161921
1288	1287	15.402715463049772	Q20251012161921
1288	1289	15.402715463049772	Q20251012161921
1289	1288	15.402715463049772	Q20251012161921
1289	1290	15.402715463052427	Q20251012161921
1290	1289	15.402715463052427	Q20251012161921
1290	1291	12.829817315702810	Q20251012161921
1291	1290	12.829817315702810	Q20251012161921
1291	1292	15.402715463088196	Q20251012161921
1292	1291	15.402715463088196	Q20251012161921
1292	1293	15.402715463088196	Q20251012161921
1293	1292	15.402715463088196	Q20251012161921
1293	1294	15.402715463102684	Q20251012161921
1294	1293	15.402715463102684	Q20251012161921
1294	1295	15.402715463058986	Q20251012161921
1295	1294	15.402715463058986	Q20251012161921
1295	1296	15.402715463102684	Q20251012161921
1296	1295	15.402715463102684	Q20251012161921
1296	1297	15.402715463058986	Q20251012161921
1297	1296	15.402715463058986	Q20251012161921
1297	1298	15.402715463102684	Q20251012161921
1298	1297	15.402715463102684	Q20251012161921
1298	1299	15.402715463058986	Q20251012161921
1299	1298	15.402715463058986	Q20251012161921
1299	1300	15.402715463088196	Q20251012161921
1300	1299	15.402715463088196	Q20251012161921
1300	1301	15.402715463058986	Q20251012161921
1301	1300	15.402715463058986	Q20251012161921
1301	1302	15.402715463088196	Q20251012161921
1302	1301	15.402715463088196	Q20251012161921
1302	1303	16.140027868210172	Q20251012161921
1303	1302	16.140027868210172	Q20251012161921
1303	1304	15.402715463004116	Q20251012161921
1303	2781	15.402715463048683	Q20251024235742
1304	1303	15.402715463004116	Q20251012161921
1304	1305	15.402715463004116	Q20251012161921
1305	1304	15.402715463004116	Q20251012161921
1305	1306	15.402715463004116	Q20251012161921
1306	1305	15.402715463004116	Q20251012161921
1306	1307	15.402715462993415	Q20251012161921
1307	1306	15.402715462993415	Q20251012161921
1307	1308	15.402715462993415	Q20251012161921
1308	1307	15.402715462993415	Q20251012161921
1308	1309	15.402715462993415	Q20251012161921
1309	1308	15.402715462993415	Q20251012161921
1309	1310	15.402715462993415	Q20251012161921
1310	1309	15.402715462993415	Q20251012161921
1310	1311	15.402715462993415	Q20251012161921
1311	1310	15.402715462993415	Q20251012161921
1311	1312	15.402715462993415	Q20251012161921
1312	1311	15.402715462993415	Q20251012161921
1312	1313	15.402715462993415	Q20251012161921
1313	1312	15.402715462993415	Q20251012161921
1313	1314	15.402715462993415	Q20251012161921
1314	1313	15.402715462993415	Q20251012161921
1314	1315	15.402715462982716	Q20251012161921
1315	1314	15.402715462982716	Q20251012161921
1315	1316	15.402715462982716	Q20251012161921
1316	1315	15.402715462982716	Q20251012161921
1316	1317	15.402715462982716	Q20251012161921
1317	1316	15.402715462982716	Q20251012161921
1317	1318	15.402715462982716	Q20251012161921
1318	1317	15.402715462982716	Q20251012161921
1318	1319	15.402715462982716	Q20251012161921
1319	1318	15.402715462982716	Q20251012161921
1319	1320	15.402715462972015	Q20251012161921
1320	1319	15.402715462972015	Q20251012161921
1320	1321	15.402715462972015	Q20251012161921
1321	1320	15.402715462972015	Q20251012161921
1321	1322	15.402715462972015	Q20251012161921
1322	1321	15.402715462972015	Q20251012161921
1322	1323	15.402715462961314	Q20251012161921
1323	1322	15.402715462961314	Q20251012161921
1323	1324	15.402715462961314	Q20251012161921
1324	1323	15.402715462961314	Q20251012161921
1324	1325	15.402715462961314	Q20251012161921
1325	1324	15.402715462961314	Q20251012161921
1325	1326	15.402715462950614	Q20251012161921
1326	1325	15.402715462950614	Q20251012161921
1326	1327	15.402715462950614	Q20251012161921
1327	1326	15.402715462950614	Q20251012161921
1327	1328	15.402715462950614	Q20251012161921
1328	1327	15.402715462950614	Q20251012161921
1328	1329	15.402715462939915	Q20251012161921
1329	1328	15.402715462939915	Q20251012161921
1329	1330	15.402715462929214	Q20251012161921
1330	1329	15.402715462929214	Q20251012161921
1330	1331	15.402715462929214	Q20251012161921
1331	1330	15.402715462929214	Q20251012161921
1331	1332	15.402715463234108	Q20251012161921
1332	1331	15.402715463234108	Q20251012161921
1332	1333	15.402715462929214	Q20251012161921
1333	1332	15.402715462929214	Q20251012161921
1333	1334	15.402715463234108	Q20251012161921
1334	1333	15.402715463234108	Q20251012161921
1334	1335	15.402715462929214	Q20251012161921
1335	1334	15.402715462929214	Q20251012161921
1335	1336	15.402715463223407	Q20251012161921
1336	1335	15.402715463223407	Q20251012161921
1336	1337	15.402715462929214	Q20251012161921
1337	1336	15.402715462929214	Q20251012161921
1337	1338	15.402715463223407	Q20251012161921
1338	1337	15.402715463223407	Q20251012161921
1338	1339	15.402715462950614	Q20251012161921
1339	1338	15.402715462950614	Q20251012161921
1339	1340	15.187613122104912	Q20251012161921
1340	1339	15.187613122104912	Q20251012161921
1340	1341	15.402715463050411	Q20251012161921
1340	2336	15.402715463164231	Q20251022154328
1341	1340	15.402715463050411	Q20251012161921
1341	1342	15.402715463050411	Q20251012161921
1342	1341	15.402715463050411	Q20251012161921
1342	1343	15.402715463050411	Q20251012161921
1343	1342	15.402715463050411	Q20251012161921
1343	1344	15.402715463099561	Q20251012161921
1344	1343	15.402715463099561	Q20251012161921
1344	1345	15.402715463050411	Q20251012161921
1345	1344	15.402715463050411	Q20251012161921
1345	1346	15.402715463099561	Q20251012161921
1346	1345	15.402715463099561	Q20251012161921
1346	1347	15.402715463050411	Q20251012161921
1347	1346	15.402715463050411	Q20251012161921
1347	1348	15.402715463099561	Q20251012161921
1348	1347	15.402715463099561	Q20251012161921
1348	1349	15.402715463050411	Q20251012161921
1349	1348	15.402715463050411	Q20251012161921
1349	1350	15.402715463099561	Q20251012161921
1350	1349	15.402715463099561	Q20251012161921
1350	1351	15.402715463050411	Q20251012161921
1351	1350	15.402715463050411	Q20251012161921
1351	1352	15.402715463099561	Q20251012161921
1352	1351	15.402715463099561	Q20251012161921
1352	1353	15.402715463050411	Q20251012161921
1353	1352	15.402715463050411	Q20251012161921
1353	1354	15.402715463099561	Q20251012161921
1354	1353	15.402715463099561	Q20251012161921
1354	1355	15.402715463050411	Q20251012161921
1355	1354	15.402715463050411	Q20251012161921
1355	1356	15.402715463099561	Q20251012161921
1356	1355	15.402715463099561	Q20251012161921
1356	1357	15.402715463050411	Q20251012161921
1357	1356	15.402715463050411	Q20251012161921
1357	1358	15.402715463099561	Q20251012161921
1358	1357	15.402715463099561	Q20251012161921
1358	1359	15.402715463050411	Q20251012161921
1359	1358	15.402715463050411	Q20251012161921
1359	1360	15.402715463099561	Q20251012161921
1360	1359	15.402715463099561	Q20251012161921
1360	1361	15.402715463050411	Q20251012161921
1361	1360	15.402715463050411	Q20251012161921
1361	1362	15.402715463099561	Q20251012161921
1362	1361	15.402715463099561	Q20251012161921
1362	1363	15.402715463050411	Q20251012161921
1363	1362	15.402715463050411	Q20251012161921
1363	1364	15.402715463099561	Q20251012161921
1364	1363	15.402715463099561	Q20251012161921
1364	1365	15.402715463064881	Q20251012161921
1365	1364	15.402715463064881	Q20251012161921
1365	1366	10.057497125871516	Q20251012161921
1366	1365	10.057497125871516	Q20251012161921
1366	1367	15.402715462899517	Q20251012161921
1367	1366	15.402715462899517	Q20251012161921
1367	1368	15.402715462899517	Q20251012161921
1368	1367	15.402715462899517	Q20251012161921
1368	1369	15.402715462899517	Q20251012161921
1369	1368	15.402715462899517	Q20251012161921
1369	1370	15.402715462899517	Q20251012161921
1370	1369	15.402715462899517	Q20251012161921
1370	1371	15.402715462899517	Q20251012161921
1371	1370	15.402715462899517	Q20251012161921
1371	1372	15.402715462899517	Q20251012161921
1372	1371	15.402715462899517	Q20251012161921
1372	1373	15.402715462899517	Q20251012161921
1373	1372	15.402715462899517	Q20251012161921
1373	1374	15.402715462897662	Q20251012161921
1374	1373	15.402715462897662	Q20251012161921
1374	1375	15.402715462897662	Q20251012161921
1375	1374	15.402715462897662	Q20251012161921
1375	1376	15.402715462897662	Q20251012161921
1376	1375	15.402715462897662	Q20251012161921
1376	1377	15.402715462897662	Q20251012161921
1377	1376	15.402715462897662	Q20251012161921
1377	1378	15.402715462897662	Q20251012161921
1378	1377	15.402715462897662	Q20251012161921
1378	1379	15.402715462897662	Q20251012161921
1379	1378	15.402715462897662	Q20251012161921
1379	1380	15.402715462897662	Q20251012161921
1380	1379	15.402715462897662	Q20251012161921
1380	1381	15.402715462897662	Q20251012161921
1381	1380	15.402715462897662	Q20251012161921
1381	1382	15.402715462895806	Q20251012161921
1382	1381	15.402715462895806	Q20251012161921
1382	1383	15.402715462895806	Q20251012161921
1383	1382	15.402715462895806	Q20251012161921
1383	1384	15.402715462895806	Q20251012161921
1384	1383	15.402715462895806	Q20251012161921
1384	1385	15.402715462895806	Q20251012161921
1385	1384	15.402715462895806	Q20251012161921
1385	1386	15.402715462893950	Q20251012161921
1386	1385	15.402715462893950	Q20251012161921
1386	1387	15.402715462893950	Q20251012161921
1387	1386	15.402715462893950	Q20251012161921
1387	1388	15.402715462892093	Q20251012161921
1388	1387	15.402715462892093	Q20251012161921
1388	1389	15.402715462892093	Q20251012161921
1389	1388	15.402715462892093	Q20251012161921
1389	1390	8.964083973580582	Q20251012161921
1390	1389	8.964083973580582	Q20251012161921
1390	1391	15.402715463068391	Q20251012161921
1391	1390	15.402715463068391	Q20251012161921
1391	1392	15.402715463068391	Q20251012161921
1392	1391	15.402715463068391	Q20251012161921
1392	1393	15.402715463053958	Q20251012161921
1393	1392	15.402715463053958	Q20251012161921
1393	1394	15.402715463053958	Q20251012161921
1394	1393	15.402715463053958	Q20251012161921
1394	1395	15.402715463053958	Q20251012161921
1395	1394	15.402715463053958	Q20251012161921
1395	1396	15.402715463053958	Q20251012161921
1396	1395	15.402715463053958	Q20251012161921
1396	1397	15.402715463053958	Q20251012161921
1397	1396	15.402715463053958	Q20251012161921
1397	1398	15.402715463053958	Q20251012161921
1398	1397	15.402715463053958	Q20251012161921
1398	1399	15.402715463053958	Q20251012161921
1399	1398	15.402715463053958	Q20251012161921
1399	1400	15.402715463053958	Q20251012161921
1400	1399	15.402715463053958	Q20251012161921
1400	1401	15.402715463098998	Q20251012161921
1401	1400	15.402715463098998	Q20251012161921
1401	1402	15.402715463053958	Q20251012161921
1402	1401	15.402715463053958	Q20251012161921
1402	1403	15.402715463098998	Q20251012161921
1403	1402	15.402715463098998	Q20251012161921
1403	1404	15.402715463053958	Q20251012161921
1404	1403	15.402715463053958	Q20251012161921
1404	1405	15.402715463098998	Q20251012161921
1405	1404	15.402715463098998	Q20251012161921
1405	1406	19.017228181917371	Q20251012161921
1406	1405	19.017228181917371	Q20251012161921
1406	1407	15.402715463081238	Q20251012161921
1407	1406	15.402715463081238	Q20251012161921
1407	1408	15.402715463081238	Q20251012161921
1408	1407	15.402715463081238	Q20251012161921
1408	1409	15.402715463081238	Q20251012161921
1409	1408	15.402715463081238	Q20251012161921
1409	1410	15.402715463081238	Q20251012161921
1410	1409	15.402715463081238	Q20251012161921
1410	1411	15.402715463081238	Q20251012161921
1411	1410	15.402715463081238	Q20251012161921
1411	1412	15.402715463081238	Q20251012161921
1412	1411	15.402715463081238	Q20251012161921
1412	1413	15.402715463081238	Q20251012161921
1413	1412	15.402715463081238	Q20251012161921
1413	1414	15.402715463081238	Q20251012161921
1414	1413	15.402715463081238	Q20251012161921
1414	1415	15.402715463083133	Q20251012161921
1415	1414	15.402715463083133	Q20251012161921
1415	1416	15.402715463081238	Q20251012161921
1416	1415	15.402715463081238	Q20251012161921
1416	1417	15.402715463083133	Q20251012161921
1417	1416	15.402715463083133	Q20251012161921
1417	1418	15.402715463081238	Q20251012161921
1418	1417	15.402715463081238	Q20251012161921
1418	1419	15.402715463083133	Q20251012161921
1419	1418	15.402715463083133	Q20251012161921
1419	1420	15.402715463081238	Q20251012161921
1420	1419	15.402715463081238	Q20251012161921
1420	1421	15.402715463083133	Q20251012161921
1421	1420	15.402715463083133	Q20251012161921
1421	1422	15.402715463083133	Q20251012161921
1422	1421	15.402715463083133	Q20251012161921
1422	1423	15.402715463081238	Q20251012161921
1423	1422	15.402715463081238	Q20251012161921
1423	1424	15.402715463083133	Q20251012161921
1424	1423	15.402715463083133	Q20251012161921
1424	1425	15.402715463081238	Q20251012161921
1425	1424	15.402715463081238	Q20251012161921
1425	1426	15.402715463083133	Q20251012161921
1426	1425	15.402715463083133	Q20251012161921
1426	1427	15.402715463081238	Q20251012161921
1427	1426	15.402715463081238	Q20251012161921
1427	1428	15.402715463083133	Q20251012161921
1428	1427	15.402715463083133	Q20251012161921
1428	1429	15.402715463083133	Q20251012161921
1429	1428	15.402715463083133	Q20251012161921
1429	1430	15.402715463081238	Q20251012161921
1430	1429	15.402715463081238	Q20251012161921
1430	1431	14.926228383707667	Q20251012161921
1431	1430	14.926228383707667	Q20251012161921
1431	1432	15.402715463110216	Q20251012161921
1432	1431	15.402715463110216	Q20251012161921
1432	1433	15.402715463043693	Q20251012161921
1433	1432	15.402715463043693	Q20251012161921
1433	1434	15.402715463110216	Q20251012161921
1434	1433	15.402715463110216	Q20251012161921
1434	1435	15.402715463043693	Q20251012161921
1435	1434	15.402715463043693	Q20251012161921
1435	1436	15.402715463110216	Q20251012161921
1436	1435	15.402715463110216	Q20251012161921
1436	1437	15.402715463043693	Q20251012161921
1437	1436	15.402715463043693	Q20251012161921
1437	1438	15.402715463110216	Q20251012161921
1438	1437	15.402715463110216	Q20251012161921
1438	1439	15.402715463043693	Q20251012161921
1439	1438	15.402715463043693	Q20251012161921
1439	1440	15.402715463110216	Q20251012161921
1440	1439	15.402715463110216	Q20251012161921
1440	1441	15.402715463043693	Q20251012161921
1441	1440	15.402715463043693	Q20251012161921
1441	1442	15.402715463095811	Q20251012161921
1442	1441	15.402715463095811	Q20251012161921
1442	1443	15.402715463043693	Q20251012161921
1443	1442	15.402715463043693	Q20251012161921
1443	1444	15.402715463095811	Q20251012161921
1444	1443	15.402715463095811	Q20251012161921
1444	1445	15.402715463043693	Q20251012161921
1445	1444	15.402715463043693	Q20251012161921
1445	1446	15.402715463081410	Q20251012161921
1446	1445	15.402715463081410	Q20251012161921
1446	1447	8.837583233335174	Q20251012161921
1447	1446	8.837583233335174	Q20251012161921
1447	1448	15.402715463185277	Q20251012161921
1448	1447	15.402715463185277	Q20251012161921
1448	1449	15.402715463185277	Q20251012161921
1449	1448	15.402715463185277	Q20251012161921
1449	1450	15.402715463187384	Q20251012161921
1450	1449	15.402715463187384	Q20251012161921
1450	1451	15.402715463187384	Q20251012161921
1451	1450	15.402715463187384	Q20251012161921
1451	1452	15.402715463187384	Q20251012161921
1452	1451	15.402715463187384	Q20251012161921
1452	1453	15.402715463187384	Q20251012161921
1453	1452	15.402715463187384	Q20251012161921
1453	1454	15.402715463187384	Q20251012161921
1454	1453	15.402715463187384	Q20251012161921
1454	1455	15.402715463187384	Q20251012161921
1455	1454	15.402715463187384	Q20251012161921
1455	1456	15.402715463189489	Q20251012161921
1456	1455	15.402715463189489	Q20251012161921
1456	1457	15.402715463189489	Q20251012161921
1457	1456	15.402715463189489	Q20251012161921
1457	1458	20.491814461244221	Q20251012161921
1458	1457	20.491814461244221	Q20251012161921
1458	1459	15.402715463087658	Q20251012161921
1459	1458	15.402715463087658	Q20251012161921
1459	1460	15.402715463087658	Q20251012161921
1460	1459	15.402715463087658	Q20251012161921
1460	1461	15.402715463087658	Q20251012161921
1461	1460	15.402715463087658	Q20251012161921
1461	1462	15.402715463087658	Q20251012161921
1462	1461	15.402715463087658	Q20251012161921
1462	1463	15.402715463087658	Q20251012161921
1463	1462	15.402715463087658	Q20251012161921
1463	1464	15.402715463087658	Q20251012161921
1464	1463	15.402715463087658	Q20251012161921
1464	1465	15.402715463087658	Q20251012161921
1465	1464	15.402715463087658	Q20251012161921
1465	1466	15.402715463087658	Q20251012161921
1466	1465	15.402715463087658	Q20251012161921
1466	1467	15.402715463087658	Q20251012161921
1467	1466	15.402715463087658	Q20251012161921
1467	1468	15.402715463087658	Q20251012161921
1468	1467	15.402715463087658	Q20251012161921
1468	1469	15.402715463087658	Q20251012161921
1469	1468	15.402715463087658	Q20251012161921
1469	1470	15.402715463087658	Q20251012161921
1470	1469	15.402715463087658	Q20251012161921
1470	1471	15.402715463087658	Q20251012161921
1471	1470	15.402715463087658	Q20251012161921
1471	1472	15.402715463087658	Q20251012161921
1472	1471	15.402715463087658	Q20251012161921
1472	1473	15.402715463087658	Q20251012161921
1473	1472	15.402715463087658	Q20251012161921
1473	1474	15.402715463087658	Q20251012161921
1474	1473	15.402715463087658	Q20251012161921
1474	1475	15.402715463087658	Q20251012161921
1475	1474	15.402715463087658	Q20251012161921
1475	1476	15.402715463087658	Q20251012161921
1476	1475	15.402715463087658	Q20251012161921
1476	1477	15.402715463087658	Q20251012161921
1477	1476	15.402715463087658	Q20251012161921
1477	1478	15.402715463087658	Q20251012161921
1478	1477	15.402715463087658	Q20251012161921
1478	1479	15.402715463087658	Q20251012161921
1479	1478	15.402715463087658	Q20251012161921
1479	1480	15.402715463087658	Q20251012161921
1480	1479	15.402715463087658	Q20251012161921
1480	1481	15.402715463087658	Q20251012161921
1481	1480	15.402715463087658	Q20251012161921
1481	1482	15.402715463087658	Q20251012161921
1482	1481	15.402715463087658	Q20251012161921
1482	1483	15.402715463087658	Q20251012161921
1483	1482	15.402715463087658	Q20251012161921
1483	1484	15.402715463087658	Q20251012161921
1484	1483	15.402715463087658	Q20251012161921
1484	1485	15.402715463087658	Q20251012161921
1485	1484	15.402715463087658	Q20251012161921
1485	1486	15.402715463087658	Q20251012161921
1486	1485	15.402715463087658	Q20251012161921
1486	1487	15.402715463087658	Q20251012161921
1487	1486	15.402715463087658	Q20251012161921
1487	1488	15.402715463087658	Q20251012161921
1488	1487	15.402715463087658	Q20251012161921
1488	1489	15.402715463087658	Q20251012161921
1489	1488	15.402715463087658	Q20251012161921
1489	1490	15.402715463087658	Q20251012161921
1490	1489	15.402715463087658	Q20251012161921
1490	1491	15.402715463087658	Q20251012161921
1491	1490	15.402715463087658	Q20251012161921
1491	1492	15.402715463087658	Q20251012161921
1492	1491	15.402715463087658	Q20251012161921
1492	1493	15.402715463087658	Q20251012161921
1493	1492	15.402715463087658	Q20251012161921
1493	1494	15.402715463087658	Q20251012161921
1494	1493	15.402715463087658	Q20251012161921
1494	1495	15.402715463102069	Q20251012161921
1495	1494	15.402715463102069	Q20251012161921
1495	1496	15.402715463102069	Q20251012161921
1496	1495	15.402715463102069	Q20251012161921
1496	1497	15.402715463102069	Q20251012161921
1497	1496	15.402715463102069	Q20251012161921
1497	1498	15.402715463102069	Q20251012161921
1498	1497	15.402715463102069	Q20251012161921
1498	1499	15.402715463102069	Q20251012161921
1499	1498	15.402715463102069	Q20251012161921
1499	1500	15.402715463102069	Q20251012161921
1500	1499	15.402715463102069	Q20251012161921
1500	1501	15.402715463052106	Q20251012161921
1501	1500	15.402715463052106	Q20251012161921
1501	1502	15.402715463102069	Q20251012161921
1502	1501	15.402715463102069	Q20251012161921
1502	1503	15.402715463052106	Q20251012161921
1503	1502	15.402715463052106	Q20251012161921
1503	1504	15.402715463102069	Q20251012161921
1504	1503	15.402715463102069	Q20251012161921
1504	1505	15.402715463052106	Q20251012161921
1505	1504	15.402715463052106	Q20251012161921
1505	1506	15.402715463102069	Q20251012161921
1506	1505	15.402715463102069	Q20251012161921
1506	1507	15.402715463052106	Q20251012161921
1507	1506	15.402715463052106	Q20251012161921
1507	1508	16.946693663404094	Q20251012161921
1508	1507	16.946693663404094	Q20251012161921
1508	1509	15.402715463084245	Q20251012161921
1509	1508	15.402715463084245	Q20251012161921
1509	1510	15.402715463084245	Q20251012161921
1510	1509	15.402715463084245	Q20251012161921
1510	1511	15.402715463084245	Q20251012161921
1511	1510	15.402715463084245	Q20251012161921
1511	1512	15.402715463084245	Q20251012161921
1512	1511	15.402715463084245	Q20251012161921
1512	1513	15.402715463084245	Q20251012161921
1513	1512	15.402715463084245	Q20251012161921
1513	1514	15.402715463084245	Q20251012161921
1514	1513	15.402715463084245	Q20251012161921
1514	1515	15.402715463084245	Q20251012161921
1515	1514	15.402715463084245	Q20251012161921
1515	1516	15.402715463084245	Q20251012161921
1516	1515	15.402715463084245	Q20251012161921
1516	1517	15.402715463084245	Q20251012161921
1517	1516	15.402715463084245	Q20251012161921
1517	1518	15.402715463084245	Q20251012161921
1518	1517	15.402715463084245	Q20251012161921
1518	1519	15.402715463084245	Q20251012161921
1519	1518	15.402715463084245	Q20251012161921
1519	1520	15.402715463096193	Q20251012161921
1520	1519	15.402715463096193	Q20251012161921
1520	1521	15.402715463096193	Q20251012161921
1521	1520	15.402715463096193	Q20251012161921
1521	1522	11.664846316229857	Q20251012161921
1522	1521	11.664846316229857	Q20251012161921
1522	1523	15.402715463018167	Q20251012161921
1523	1522	15.402715463018167	Q20251012161921
1523	1524	15.402715463008235	Q20251012161921
1524	1523	15.402715463008235	Q20251012161921
1524	1525	15.402715463008235	Q20251012161921
1525	1524	15.402715463008235	Q20251012161921
1525	1526	15.402715463008235	Q20251012161921
1526	1525	15.402715463008235	Q20251012161921
1526	1527	15.402715463008235	Q20251012161921
1527	1526	15.402715463008235	Q20251012161921
1527	1528	15.402715462998302	Q20251012161921
1528	1527	15.402715462998302	Q20251012161921
1528	1529	15.402715462998302	Q20251012161921
1529	1528	15.402715462998302	Q20251012161921
1529	1530	15.402715462988368	Q20251012161921
1530	1529	15.402715462988368	Q20251012161921
1530	1531	15.402715462988368	Q20251012161921
1531	1530	15.402715462988368	Q20251012161921
1531	1532	15.402715462978437	Q20251012161921
1532	1531	15.402715462978437	Q20251012161921
1532	1533	15.402715462968503	Q20251012161921
1533	1532	15.402715462968503	Q20251012161921
1533	1534	15.402715462958570	Q20251012161921
1534	1533	15.402715462958570	Q20251012161921
1534	1535	15.402715462948636	Q20251012161921
1535	1534	15.402715462948636	Q20251012161921
1535	1536	15.402715462918838	Q20251012161921
1536	1535	15.402715462918838	Q20251012161921
1536	1537	17.508383092664392	Q20251012161921
1537	1536	17.508383092664392	Q20251012161921
1537	1538	15.402715462993022	Q20251012161921
1538	1537	15.402715462993022	Q20251012161921
1538	1539	15.402715462993022	Q20251012161921
1539	1538	15.402715462993022	Q20251012161921
1539	1540	15.402715462993022	Q20251012161921
1540	1539	15.402715462993022	Q20251012161921
1540	1541	15.402715462993022	Q20251012161921
1541	1540	15.402715462993022	Q20251012161921
1541	1542	15.402715462993022	Q20251012161921
1542	1541	15.402715462993022	Q20251012161921
1542	1543	15.402715462982160	Q20251012161921
1543	1542	15.402715462982160	Q20251012161921
1543	1544	15.402715462982160	Q20251012161921
1544	1543	15.402715462982160	Q20251012161921
1544	1545	15.402715462982160	Q20251012161921
1545	1544	15.402715462982160	Q20251012161921
1545	1546	15.402715462982160	Q20251012161921
1546	1545	15.402715462982160	Q20251012161921
1546	1547	15.402715462982160	Q20251012161921
1547	1546	15.402715462982160	Q20251012161921
1547	1548	15.402715462982160	Q20251012161921
1548	1547	15.402715462982160	Q20251012161921
1548	1549	15.402715462971296	Q20251012161921
1549	1548	15.402715462971296	Q20251012161921
1549	1550	15.402715462971296	Q20251012161921
1550	1549	15.402715462971296	Q20251012161921
1550	1551	15.402715462971296	Q20251012161921
1551	1550	15.402715462971296	Q20251012161921
1551	1552	15.402715462971296	Q20251012161921
1552	1551	15.402715462971296	Q20251012161921
1552	1553	15.402715462960431	Q20251012161921
1553	1552	15.402715462960431	Q20251012161921
1553	1554	15.402715462960431	Q20251012161921
1554	1553	15.402715462960431	Q20251012161921
1554	1555	15.402715462960431	Q20251012161921
1555	1554	15.402715462960431	Q20251012161921
1555	1556	15.402715462949569	Q20251012161921
1556	1555	15.402715462949569	Q20251012161921
1556	1557	15.402715462949569	Q20251012161921
1557	1556	15.402715462949569	Q20251012161921
1557	1558	15.402715462949569	Q20251012161921
1558	1557	15.402715462949569	Q20251012161921
1558	1559	15.402715462938705	Q20251012161921
1559	1558	15.402715462938705	Q20251012161921
1559	1560	15.402715462938705	Q20251012161921
1560	1559	15.402715462938705	Q20251012161921
1560	1561	15.402715462927841	Q20251012161921
1561	1560	15.402715462927841	Q20251012161921
1561	1562	15.402715463226802	Q20251012161921
1562	1561	15.402715463226802	Q20251012161921
1562	1563	15.402715462927841	Q20251012161921
1563	1562	15.402715462927841	Q20251012161921
1563	1564	15.402715463226802	Q20251012161921
1564	1563	15.402715463226802	Q20251012161921
1564	1565	15.402715462927841	Q20251012161921
1565	1564	15.402715462927841	Q20251012161921
1565	1566	15.402715463226802	Q20251012161921
1566	1565	15.402715463226802	Q20251012161921
1566	1567	15.402715462927841	Q20251012161921
1567	1566	15.402715462927841	Q20251012161921
1567	1568	15.402715463226802	Q20251012161921
1568	1567	15.402715463226802	Q20251012161921
1568	1569	15.402715462938705	Q20251012161921
1569	1568	15.402715462938705	Q20251012161921
1569	1570	15.402715463215937	Q20251012161921
1570	1569	15.402715463215937	Q20251012161921
1570	1571	15.402715462960431	Q20251012161921
1571	1570	15.402715462960431	Q20251012161921
1571	1572	12.829632896963654	Q20251012161921
1572	1571	12.829632896963654	Q20251012161921
1572	1573	15.402715463056625	Q20251012161953
1573	1572	15.402715463056625	Q20251012161953
1573	1574	15.402715463056625	Q20251012161953
1574	1573	15.402715463056625	Q20251012161953
1574	1575	15.402715463056625	Q20251012161953
1575	1574	15.402715463056625	Q20251012161953
1575	1576	15.402715463056625	Q20251012161953
1576	1575	15.402715463056625	Q20251012161953
1576	1577	15.402715463056625	Q20251012161953
1577	1576	15.402715463056625	Q20251012161953
1577	1578	15.402715463056625	Q20251012161953
1578	1577	15.402715463056625	Q20251012161953
1578	1579	15.402715463056625	Q20251012161953
1579	1578	15.402715463056625	Q20251012161953
1579	1580	15.402715463056625	Q20251012161953
1580	1579	15.402715463056625	Q20251012161953
1580	1581	15.402715463056625	Q20251012161953
1581	1580	15.402715463056625	Q20251012161953
1581	1582	15.402715463056625	Q20251012161953
1582	1581	15.402715463056625	Q20251012161953
1582	1583	15.402715463056625	Q20251012161953
1583	1582	15.402715463056625	Q20251012161953
1583	1584	15.402715463056625	Q20251012161953
1584	1583	15.402715463056625	Q20251012161953
1584	1585	15.402715463056625	Q20251012161953
1585	1584	15.402715463056625	Q20251012161953
1585	1586	15.402715463056625	Q20251012161953
1586	1585	15.402715463056625	Q20251012161953
1586	1587	15.402715463056625	Q20251012161953
1587	1586	15.402715463056625	Q20251012161953
1587	1588	15.402715463056625	Q20251012161953
1588	1587	15.402715463056625	Q20251012161953
1588	1589	15.402715463056625	Q20251012161953
1589	1588	15.402715463056625	Q20251012161953
1589	1590	15.402715463056625	Q20251012161953
1590	1589	15.402715463056625	Q20251012161953
1590	1591	15.402715463056625	Q20251012161953
1591	1590	15.402715463056625	Q20251012161953
1591	1592	15.402715463056625	Q20251012161953
1592	1591	15.402715463056625	Q20251012161953
1592	1593	15.402715463056625	Q20251012161953
1593	1592	15.402715463056625	Q20251012161953
1593	1594	15.402715463042204	Q20251012161953
1594	1593	15.402715463042204	Q20251012161953
1594	1595	15.402715463042204	Q20251012161953
1595	1594	15.402715463042204	Q20251012161953
1595	1596	15.402715463042204	Q20251012161953
1596	1595	15.402715463042204	Q20251012161953
1596	1597	15.402715463042204	Q20251012161953
1597	1596	15.402715463042204	Q20251012161953
1597	1598	15.402715463042204	Q20251012161953
1598	1597	15.402715463042204	Q20251012161953
1598	1599	15.402715463104606	Q20251012161953
1599	1598	15.402715463104606	Q20251012161953
1599	1600	15.402715463042204	Q20251012161953
1600	1599	15.402715463042204	Q20251012161953
1600	1601	15.402715463104606	Q20251012161953
1601	1600	15.402715463104606	Q20251012161953
1601	1602	15.402715463042204	Q20251012161953
1602	1601	15.402715463042204	Q20251012161953
1602	1603	15.402715463104606	Q20251012161953
1603	1602	15.402715463104606	Q20251012161953
1603	1604	15.402715463042204	Q20251012161953
1604	1603	15.402715463042204	Q20251012161953
1604	1605	15.402715463104606	Q20251012161953
1605	1604	15.402715463104606	Q20251012161953
1605	1606	15.402715463042204	Q20251012161953
1606	1605	15.402715463042204	Q20251012161953
1606	1607	15.402715463104606	Q20251012161953
1607	1606	15.402715463104606	Q20251012161953
1607	1608	15.402715463042204	Q20251012161953
1608	1607	15.402715463042204	Q20251012161953
1608	1609	15.402715463104606	Q20251012161953
1609	1608	15.402715463104606	Q20251012161953
1609	1610	15.402715463042204	Q20251012161953
1610	1609	15.402715463042204	Q20251012161953
1610	1611	15.402715463104606	Q20251012161953
1611	1610	15.402715463104606	Q20251012161953
1611	1612	15.402715463042204	Q20251012161953
1612	1611	15.402715463042204	Q20251012161953
1612	1613	15.402715463104606	Q20251012161953
1613	1612	15.402715463104606	Q20251012161953
1613	1614	15.402715463042204	Q20251012161953
1614	1613	15.402715463042204	Q20251012161953
1614	1615	15.402715463104606	Q20251012161953
1615	1614	15.402715463104606	Q20251012161953
1615	1616	15.402715463042204	Q20251012161953
1616	1615	15.402715463042204	Q20251012161953
1616	1617	15.402715463104606	Q20251012161953
1617	1616	15.402715463104606	Q20251012161953
1617	1618	15.402715463056625	Q20251012161953
1618	1617	15.402715463056625	Q20251012161953
1618	1619	15.402715463104606	Q20251012161953
1619	1618	15.402715463104606	Q20251012161953
1619	1620	15.402715463056625	Q20251012161953
1620	1619	15.402715463056625	Q20251012161953
1620	1621	15.402715463104606	Q20251012161953
1621	1620	15.402715463104606	Q20251012161953
1621	1622	15.402715463056625	Q20251012161953
1622	1621	15.402715463056625	Q20251012161953
1622	1623	9.896827744238369	Q20251012161953
1623	1622	9.896827744238369	Q20251012161953
1623	1624	15.402715463007343	Q20251012161953
1623	2377	15.402715462990399	Q20251022154337
1624	1623	15.402715463007343	Q20251012161953
1624	1625	15.402715463007343	Q20251012161953
1625	1624	15.402715463007343	Q20251012161953
1625	1626	15.402715463007343	Q20251012161953
1626	1625	15.402715463007343	Q20251012161953
1626	1627	15.402715463007343	Q20251012161953
1627	1626	15.402715463007343	Q20251012161953
1627	1628	15.402715463007343	Q20251012161953
1628	1627	15.402715463007343	Q20251012161953
1628	1629	15.402715463007343	Q20251012161953
1629	1628	15.402715463007343	Q20251012161953
1629	1630	15.402715463007343	Q20251012161953
1630	1629	15.402715463007343	Q20251012161953
1630	1631	15.402715463007343	Q20251012161953
1631	1630	15.402715463007343	Q20251012161953
1631	1632	15.402715463007343	Q20251012161953
1632	1631	15.402715463007343	Q20251012161953
1632	1633	15.402715463007343	Q20251012161953
1633	1632	15.402715463007343	Q20251012161953
1633	1634	15.402715463007343	Q20251012161953
1634	1633	15.402715463007343	Q20251012161953
1634	1635	15.402715463007343	Q20251012161953
1635	1634	15.402715463007343	Q20251012161953
1635	1636	15.402715463007343	Q20251012161953
1636	1635	15.402715463007343	Q20251012161953
1636	1637	15.402715463007343	Q20251012161953
1637	1636	15.402715463007343	Q20251012161953
1637	1638	15.402715463007343	Q20251012161953
1638	1637	15.402715463007343	Q20251012161953
1638	1639	15.402715463007343	Q20251012161953
1639	1638	15.402715463007343	Q20251012161953
1639	1640	15.402715463007343	Q20251012161953
1640	1639	15.402715463007343	Q20251012161953
1640	1641	15.402715462993589	Q20251012161953
1641	1640	15.402715462993589	Q20251012161953
1641	1642	15.402715463145622	Q20251012161953
1642	1641	15.402715463145622	Q20251012161953
1642	1643	15.402715462993589	Q20251012161953
1643	1642	15.402715462993589	Q20251012161953
1643	1644	15.402715463145622	Q20251012161953
1644	1643	15.402715463145622	Q20251012161953
1644	1645	15.402715462993589	Q20251012161953
1645	1644	15.402715462993589	Q20251012161953
1645	1646	15.402715463145622	Q20251012161953
1646	1645	15.402715463145622	Q20251012161953
1646	1647	15.402715462993589	Q20251012161953
1647	1646	15.402715462993589	Q20251012161953
1647	1648	15.402715463145622	Q20251012161953
1648	1647	15.402715463145622	Q20251012161953
1648	1649	15.402715462993589	Q20251012161953
1649	1648	15.402715462993589	Q20251012161953
1649	1650	15.402715463145622	Q20251012161953
1650	1649	15.402715463145622	Q20251012161953
1650	1651	15.402715462993589	Q20251012161953
1651	1650	15.402715462993589	Q20251012161953
1651	1652	15.402715463145622	Q20251012161953
1652	1651	15.402715463145622	Q20251012161953
1652	1653	15.402715462993589	Q20251012161953
1653	1652	15.402715462993589	Q20251012161953
1653	1654	15.402715463145622	Q20251012161953
1654	1653	15.402715463145622	Q20251012161953
1654	1655	15.402715462993589	Q20251012161953
1655	1654	15.402715462993589	Q20251012161953
1655	1656	15.402715463145622	Q20251012161953
1656	1655	15.402715463145622	Q20251012161953
1656	1657	15.402715462993589	Q20251012161953
1657	1656	15.402715462993589	Q20251012161953
1657	1658	15.402715463145622	Q20251012161953
1658	1657	15.402715463145622	Q20251012161953
1658	1659	15.402715462993589	Q20251012161953
1659	1658	15.402715462993589	Q20251012161953
1659	1660	15.402715463145622	Q20251012161953
1660	1659	15.402715463145622	Q20251012161953
1660	1661	15.402715462993589	Q20251012161953
1661	1660	15.402715462993589	Q20251012161953
1661	1662	15.402715463145622	Q20251012161953
1662	1661	15.402715463145622	Q20251012161953
1662	1663	15.402715463007343	Q20251012161953
1663	1662	15.402715463007343	Q20251012161953
1663	1664	15.402715463145622	Q20251012161953
1664	1663	15.402715463145622	Q20251012161953
1664	1665	15.402715463007343	Q20251012161953
1665	1664	15.402715463007343	Q20251012161953
1665	1666	15.402715463145622	Q20251012161953
1666	1665	15.402715463145622	Q20251012161953
1666	1667	15.402715463007343	Q20251012161953
1667	1666	15.402715463007343	Q20251012161953
1667	1668	15.402715463145622	Q20251012161953
1668	1667	15.402715463145622	Q20251012161953
1668	1669	15.402715463007343	Q20251012161953
1669	1668	15.402715463007343	Q20251012161953
1669	1670	15.402715463145622	Q20251012161953
1670	1669	15.402715463145622	Q20251012161953
1670	1671	15.402715463007343	Q20251012161953
1671	1670	15.402715463007343	Q20251012161953
1671	1672	15.402715463145622	Q20251012161953
1672	1671	15.402715463145622	Q20251012161953
1672	1673	15.402715463007343	Q20251012161953
1673	1672	15.402715463007343	Q20251012161953
1673	1674	15.402715463145622	Q20251012161953
1674	1673	15.402715463145622	Q20251012161953
1674	1675	15.402715463007343	Q20251012161953
1675	1674	15.402715463007343	Q20251012161953
1675	1676	15.402715463145622	Q20251012161953
1676	1675	15.402715463145622	Q20251012161953
1676	1677	15.402715463007343	Q20251012161953
1677	1676	15.402715463007343	Q20251012161953
1677	1678	15.402715463145622	Q20251012161953
1678	1677	15.402715463145622	Q20251012161953
1678	1679	15.402715463007343	Q20251012161953
1679	1678	15.402715463007343	Q20251012161953
1679	1680	15.402715463145622	Q20251012161953
1680	1679	15.402715463145622	Q20251012161953
1680	1681	15.402715463007343	Q20251012161953
1681	1680	15.402715463007343	Q20251012161953
1681	1682	15.402715463145622	Q20251012161953
1682	1681	15.402715463145622	Q20251012161953
1682	1683	15.402715463007343	Q20251012161953
1683	1682	15.402715463007343	Q20251012161953
1683	1684	15.402715463145622	Q20251012161953
1684	1683	15.402715463145622	Q20251012161953
1684	1685	15.402715463007343	Q20251012161953
1685	1684	15.402715463007343	Q20251012161953
1685	1686	15.402715463145622	Q20251012161953
1686	1685	15.402715463145622	Q20251012161953
1686	1687	15.402715463007343	Q20251012161953
1687	1686	15.402715463007343	Q20251012161953
1687	1688	15.402715463145622	Q20251012161953
1688	1687	15.402715463145622	Q20251012161953
1688	1689	15.402715463007343	Q20251012161953
1689	1688	15.402715463007343	Q20251012161953
1689	1690	15.402715463145622	Q20251012161953
1690	1689	15.402715463145622	Q20251012161953
1690	1691	15.402715463007343	Q20251012161953
1691	1690	15.402715463007343	Q20251012161953
1691	1692	15.402715463145622	Q20251012161953
1692	1691	15.402715463145622	Q20251012161953
1692	1693	15.402715463007343	Q20251012161953
1693	1692	15.402715463007343	Q20251012161953
1693	1694	15.402715463145622	Q20251012161953
1694	1693	15.402715463145622	Q20251012161953
1694	1695	15.402715463007343	Q20251012161953
1695	1694	15.402715463007343	Q20251012161953
1695	1696	15.402715463145622	Q20251012161953
1696	1695	15.402715463145622	Q20251012161953
1696	1697	15.402715463007343	Q20251012161953
1697	1696	15.402715463007343	Q20251012161953
1697	1698	15.402715463145622	Q20251012161953
1698	1697	15.402715463145622	Q20251012161953
1698	1699	15.402715463007343	Q20251012161953
1699	1698	15.402715463007343	Q20251012161953
1699	1700	15.402715463145622	Q20251012161953
1700	1699	15.402715463145622	Q20251012161953
1700	1701	15.402715463007343	Q20251012161953
1701	1700	15.402715463007343	Q20251012161953
1701	1702	15.402715463145622	Q20251012161953
1702	1701	15.402715463145622	Q20251012161953
1702	1703	15.402715463007343	Q20251012161953
1703	1702	15.402715463007343	Q20251012161953
1703	1704	15.402715463145622	Q20251012161953
1704	1703	15.402715463145622	Q20251012161953
1704	1705	15.402715463007343	Q20251012161953
1705	1704	15.402715463007343	Q20251012161953
1705	1706	15.402715463145622	Q20251012161953
1706	1705	15.402715463145622	Q20251012161953
1706	1707	15.402715463007343	Q20251012161953
1707	1706	15.402715463007343	Q20251012161953
1707	1708	15.402715463145622	Q20251012161953
1708	1707	15.402715463145622	Q20251012161953
1708	1709	15.402715463021098	Q20251012161953
1709	1708	15.402715463021098	Q20251012161953
1709	1710	14.772157341405565	Q20251012161953
1710	1709	14.772157341405565	Q20251012161953
1710	1711	15.402715463060872	Q20251012161953
1710	2827	15.402715462854074	Q20251024235753
1711	1710	15.402715463060872	Q20251012161953
1711	1712	15.402715463060872	Q20251012161953
1712	1711	15.402715463060872	Q20251012161953
1712	1713	15.402715463060872	Q20251012161953
1713	1712	15.402715463060872	Q20251012161953
1713	1714	15.402715463060872	Q20251012161953
1714	1713	15.402715463060872	Q20251012161953
1714	1715	15.402715463060872	Q20251012161953
1715	1714	15.402715463060872	Q20251012161953
1715	1716	15.402715463060872	Q20251012161953
1716	1715	15.402715463060872	Q20251012161953
1716	1717	15.402715463060872	Q20251012161953
1717	1716	15.402715463060872	Q20251012161953
1717	1718	15.402715463060872	Q20251012161953
1718	1717	15.402715463060872	Q20251012161953
1718	1719	15.402715463060872	Q20251012161953
1719	1718	15.402715463060872	Q20251012161953
1719	1720	15.402715463060872	Q20251012161953
1720	1719	15.402715463060872	Q20251012161953
1720	1721	15.402715463060872	Q20251012161953
1721	1720	15.402715463060872	Q20251012161953
1721	1722	15.402715463060872	Q20251012161953
1722	1721	15.402715463060872	Q20251012161953
1722	1723	15.402715463060872	Q20251012161953
1723	1722	15.402715463060872	Q20251012161953
1723	1724	15.402715463060872	Q20251012161953
1724	1723	15.402715463060872	Q20251012161953
1724	1725	15.402715463060872	Q20251012161953
1725	1724	15.402715463060872	Q20251012161953
1725	1726	15.402715463060872	Q20251012161953
1726	1725	15.402715463060872	Q20251012161953
1726	1727	15.402715463060872	Q20251012161953
1727	1726	15.402715463060872	Q20251012161953
1727	1728	15.402715463060872	Q20251012161953
1728	1727	15.402715463060872	Q20251012161953
1728	1729	15.402715463060872	Q20251012161953
1729	1728	15.402715463060872	Q20251012161953
1729	1730	15.402715463046436	Q20251012161953
1730	1729	15.402715463046436	Q20251012161953
1730	1731	15.402715463046436	Q20251012161953
1731	1730	15.402715463046436	Q20251012161953
1731	1732	15.402715463046436	Q20251012161953
1732	1731	15.402715463046436	Q20251012161953
1732	1733	15.402715463046436	Q20251012161953
1733	1732	15.402715463046436	Q20251012161953
1733	1734	15.402715463046436	Q20251012161953
1734	1733	15.402715463046436	Q20251012161953
1734	1735	15.402715463046436	Q20251012161953
1735	1734	15.402715463046436	Q20251012161953
1735	1736	15.402715463046436	Q20251012161953
1736	1735	15.402715463046436	Q20251012161953
1736	1737	15.402715463046436	Q20251012161953
1737	1736	15.402715463046436	Q20251012161953
1737	1738	15.402715463046436	Q20251012161953
1738	1737	15.402715463046436	Q20251012161953
1738	1739	15.402715463046436	Q20251012161953
1739	1738	15.402715463046436	Q20251012161953
1739	1740	15.402715463046436	Q20251012161953
1740	1739	15.402715463046436	Q20251012161953
1740	1741	15.402715463046436	Q20251012161953
1741	1740	15.402715463046436	Q20251012161953
1741	1742	15.402715463046436	Q20251012161953
1742	1741	15.402715463046436	Q20251012161953
1742	1743	15.402715463046436	Q20251012161953
1743	1742	15.402715463046436	Q20251012161953
1743	1744	15.402715463046436	Q20251012161953
1744	1743	15.402715463046436	Q20251012161953
1744	1745	15.402715463046436	Q20251012161953
1745	1744	15.402715463046436	Q20251012161953
1745	1746	15.402715463046436	Q20251012161953
1746	1745	15.402715463046436	Q20251012161953
1746	1747	15.402715463046436	Q20251012161953
1747	1746	15.402715463046436	Q20251012161953
1747	1748	15.402715463046436	Q20251012161953
1748	1747	15.402715463046436	Q20251012161953
1748	1749	15.402715463046436	Q20251012161953
1749	1748	15.402715463046436	Q20251012161953
1749	1750	15.402715463046436	Q20251012161953
1750	1749	15.402715463046436	Q20251012161953
1750	1751	15.402715463046436	Q20251012161953
1751	1750	15.402715463046436	Q20251012161953
1751	1752	15.402715463104890	Q20251012161953
1752	1751	15.402715463104890	Q20251012161953
1752	1753	15.402715463046436	Q20251012161953
1753	1752	15.402715463046436	Q20251012161953
1753	1754	15.402715463104890	Q20251012161953
1754	1753	15.402715463104890	Q20251012161953
1754	1755	15.402715463046436	Q20251012161953
1755	1754	15.402715463046436	Q20251012161953
1755	1756	15.402715463104890	Q20251012161953
1756	1755	15.402715463104890	Q20251012161953
1756	1757	15.402715463046436	Q20251012161953
1757	1756	15.402715463046436	Q20251012161953
1757	1758	15.402715463104890	Q20251012161953
1758	1757	15.402715463104890	Q20251012161953
1758	1759	15.402715463046436	Q20251012161953
1759	1758	15.402715463046436	Q20251012161953
1759	1760	15.402715463104890	Q20251012161953
1760	1759	15.402715463104890	Q20251012161953
1760	1761	15.402715463046436	Q20251012161953
1761	1760	15.402715463046436	Q20251012161953
1761	1762	15.402715463104890	Q20251012161953
1762	1761	15.402715463104890	Q20251012161953
1762	1763	15.402715463046436	Q20251012161953
1763	1762	15.402715463046436	Q20251012161953
1763	1764	15.402715463104890	Q20251012161953
1764	1763	15.402715463104890	Q20251012161953
1764	1765	15.402715463046436	Q20251012161953
1765	1764	15.402715463046436	Q20251012161953
1765	1766	15.402715463104890	Q20251012161953
1766	1765	15.402715463104890	Q20251012161953
1766	1767	15.402715463046436	Q20251012161953
1767	1766	15.402715463046436	Q20251012161953
1767	1768	15.402715463104890	Q20251012161953
1768	1767	15.402715463104890	Q20251012161953
1768	1769	15.402715463046436	Q20251012161953
1769	1768	15.402715463046436	Q20251012161953
1769	1770	15.402715463104890	Q20251012161953
1770	1769	15.402715463104890	Q20251012161953
1770	1771	15.402715463046436	Q20251012161953
1771	1770	15.402715463046436	Q20251012161953
1771	1772	15.402715463104890	Q20251012161953
1772	1771	15.402715463104890	Q20251012161953
1772	1773	15.402715463046436	Q20251012161953
1773	1772	15.402715463046436	Q20251012161953
1773	1774	15.402715463104890	Q20251012161953
1774	1773	15.402715463104890	Q20251012161953
1774	1775	15.402715463046436	Q20251012161953
1775	1774	15.402715463046436	Q20251012161953
1775	1776	15.402715463104890	Q20251012161953
1776	1775	15.402715463104890	Q20251012161953
1776	1777	15.402715463046436	Q20251012161953
1777	1776	15.402715463046436	Q20251012161953
1777	1778	15.402715463104890	Q20251012161953
1778	1777	15.402715463104890	Q20251012161953
1778	1779	15.402715463046436	Q20251012161953
1779	1778	15.402715463046436	Q20251012161953
1779	1780	15.402715463104890	Q20251012161953
1780	1779	15.402715463104890	Q20251012161953
1780	1781	15.402715463046436	Q20251012161953
1781	1780	15.402715463046436	Q20251012161953
1781	1782	15.402715463104890	Q20251012161953
1782	1781	15.402715463104890	Q20251012161953
1782	1783	15.402715463046436	Q20251012161953
1783	1782	15.402715463046436	Q20251012161953
1783	1784	15.402715463104890	Q20251012161953
1784	1783	15.402715463104890	Q20251012161953
1784	1785	15.402715463046436	Q20251012161953
1785	1784	15.402715463046436	Q20251012161953
1785	1786	15.402715463104890	Q20251012161953
1786	1785	15.402715463104890	Q20251012161953
1786	1787	15.402715463046436	Q20251012161953
1787	1786	15.402715463046436	Q20251012161953
1787	1788	15.402715463104890	Q20251012161953
1788	1787	15.402715463104890	Q20251012161953
1788	1789	15.402715463046436	Q20251012161953
1789	1788	15.402715463046436	Q20251012161953
1789	1790	15.402715463104890	Q20251012161953
1790	1789	15.402715463104890	Q20251012161953
1790	1791	15.402715463046436	Q20251012161953
1791	1790	15.402715463046436	Q20251012161953
1791	1792	15.402715463104890	Q20251012161953
1792	1791	15.402715463104890	Q20251012161953
1792	1793	15.402715463046436	Q20251012161953
1793	1792	15.402715463046436	Q20251012161953
1793	1794	15.402715463104890	Q20251012161953
1794	1793	15.402715463104890	Q20251012161953
1794	1795	15.402715463046436	Q20251012161953
1795	1794	15.402715463046436	Q20251012161953
1795	1796	15.402715463104890	Q20251012161953
1796	1795	15.402715463104890	Q20251012161953
1796	1797	15.402715463046436	Q20251012161953
1797	1796	15.402715463046436	Q20251012161953
1797	1798	15.402715463104890	Q20251012161953
1798	1797	15.402715463104890	Q20251012161953
1798	1799	15.402715463046436	Q20251012161953
1799	1798	15.402715463046436	Q20251012161953
1799	1800	15.402715463104890	Q20251012161953
1800	1799	15.402715463104890	Q20251012161953
1800	1801	15.402715463046436	Q20251012161953
1801	1800	15.402715463046436	Q20251012161953
1801	1802	15.402715463104890	Q20251012161953
1802	1801	15.402715463104890	Q20251012161953
1802	1803	15.402715463046436	Q20251012161953
1803	1802	15.402715463046436	Q20251012161953
1803	1804	15.402715463104890	Q20251012161953
1804	1803	15.402715463104890	Q20251012161953
1804	1805	15.402715463046436	Q20251012161953
1805	1804	15.402715463046436	Q20251012161953
1805	1806	15.402715463104890	Q20251012161953
1806	1805	15.402715463104890	Q20251012161953
1806	1807	15.402715463046436	Q20251012161953
1807	1806	15.402715463046436	Q20251012161953
1807	1808	15.402715463104890	Q20251012161953
1808	1807	15.402715463104890	Q20251012161953
1808	1809	15.402715463046436	Q20251012161953
1809	1808	15.402715463046436	Q20251012161953
1809	1810	15.402715463104890	Q20251012161953
1810	1809	15.402715463104890	Q20251012161953
1810	1811	15.402715463060872	Q20251012161953
1811	1810	15.402715463060872	Q20251012161953
1811	1812	15.402715463104890	Q20251012161953
1812	1811	15.402715463104890	Q20251012161953
1812	1813	16.074174163445541	Q20251012161953
1813	1812	16.074174163445541	Q20251012161953
1813	1814	15.402715463097561	Q20251012161953
1814	1813	15.402715463097561	Q20251012161953
1814	1815	15.402715463097561	Q20251012161953
1815	1814	15.402715463097561	Q20251012161953
1815	1816	15.402715463097561	Q20251012161953
1816	1815	15.402715463097561	Q20251012161953
1816	1817	15.402715463111974	Q20251012161953
1817	1816	15.402715463111974	Q20251012161953
1817	1818	15.402715463048258	Q20251012161953
1818	1817	15.402715463048258	Q20251012161953
1818	1819	15.402715463097561	Q20251012161953
1819	1818	15.402715463097561	Q20251012161953
1819	1820	15.402715463048258	Q20251012161953
1820	1819	15.402715463048258	Q20251012161953
1820	1821	15.402715463097561	Q20251012161953
1821	1820	15.402715463097561	Q20251012161953
1821	1822	15.402715463048258	Q20251012161953
1822	1821	15.402715463048258	Q20251012161953
1822	1823	15.402715463097561	Q20251012161953
1823	1822	15.402715463097561	Q20251012161953
1823	1824	15.402715463048258	Q20251012161953
1824	1823	15.402715463048258	Q20251012161953
1824	1825	9.892520557715077	Q20251012161953
1825	1824	9.892520557715077	Q20251012161953
1825	1826	15.402715463067153	Q20251012161953
1825	2884	15.402715463000225	Q20251024235801
1826	1825	15.402715463067153	Q20251012161953
1826	1827	15.402715463067153	Q20251012161953
1827	1826	15.402715463067153	Q20251012161953
1827	1828	15.402715463067153	Q20251012161953
1828	1827	15.402715463067153	Q20251012161953
1828	1829	15.402715463067153	Q20251012161953
1829	1828	15.402715463067153	Q20251012161953
1829	1830	15.402715463052663	Q20251012161953
1830	1829	15.402715463052663	Q20251012161953
1830	1831	15.402715463052663	Q20251012161953
1831	1830	15.402715463052663	Q20251012161953
1831	1832	15.402715463095626	Q20251012161953
1832	1831	15.402715463095626	Q20251012161953
1832	1833	15.402715463052663	Q20251012161953
1833	1832	15.402715463052663	Q20251012161953
1833	1834	15.402715463095626	Q20251012161953
1834	1833	15.402715463095626	Q20251012161953
1834	1835	20.065382149842147	Q20251012161953
1835	1834	20.065382149842147	Q20251012161953
1835	1836	15.402715463100229	Q20251012161953
1835	2423	15.402715463162609	Q20251022154347
1836	1835	15.402715463100229	Q20251012161953
1836	1837	15.402715463100229	Q20251012161953
1837	1836	15.402715463100229	Q20251012161953
1837	1838	15.402715463100229	Q20251012161953
1838	1837	15.402715463100229	Q20251012161953
1838	1839	15.402715463100229	Q20251012161953
1839	1838	15.402715463100229	Q20251012161953
1839	1840	15.402715463100229	Q20251012161953
1840	1839	15.402715463100229	Q20251012161953
1840	1841	15.402715463100229	Q20251012161953
1841	1840	15.402715463100229	Q20251012161953
1841	1842	15.402715463100229	Q20251012161953
1842	1841	15.402715463100229	Q20251012161953
1842	1843	15.402715463100229	Q20251012161953
1843	1842	15.402715463100229	Q20251012161953
1843	1844	15.402715463100229	Q20251012161953
1844	1843	15.402715463100229	Q20251012161953
1844	1845	15.402715463114630	Q20251012161953
1845	1844	15.402715463114630	Q20251012161953
1845	1846	15.402715463047464	Q20251012161953
1846	1845	15.402715463047464	Q20251012161953
1846	1847	15.402715463114630	Q20251012161953
1847	1846	15.402715463114630	Q20251012161953
1847	1848	15.402715463047464	Q20251012161953
1848	1847	15.402715463047464	Q20251012161953
1848	1849	15.402715463114630	Q20251012161953
1849	1848	15.402715463114630	Q20251012161953
1849	1850	15.402715463047464	Q20251012161953
1850	1849	15.402715463047464	Q20251012161953
1850	1851	15.402715463114630	Q20251012161953
1851	1850	15.402715463114630	Q20251012161953
1851	1852	15.402715463047464	Q20251012161953
1852	1851	15.402715463047464	Q20251012161953
1852	1853	15.402715463100229	Q20251012161953
1853	1852	15.402715463100229	Q20251012161953
1853	1854	15.402715463047464	Q20251012161953
1854	1853	15.402715463047464	Q20251012161953
1854	1855	15.402715463100229	Q20251012161953
1855	1854	15.402715463100229	Q20251012161953
1855	1856	15.402715463047464	Q20251012161953
1856	1855	15.402715463047464	Q20251012161953
1856	1857	15.402715463100229	Q20251012161953
1857	1856	15.402715463100229	Q20251012161953
1857	1858	15.402715463047464	Q20251012161953
1858	1857	15.402715463047464	Q20251012161953
1858	1859	15.402715463100229	Q20251012161953
1859	1858	15.402715463100229	Q20251012161953
1859	1860	15.402715463047464	Q20251012161953
1860	1859	15.402715463047464	Q20251012161953
1860	1861	15.402715463100229	Q20251012161953
1861	1860	15.402715463100229	Q20251012161953
1861	1862	15.402715463047464	Q20251012161953
1862	1861	15.402715463047464	Q20251012161953
1862	1863	15.402715463100229	Q20251012161953
1863	1862	15.402715463100229	Q20251012161953
1863	1864	15.402715463047464	Q20251012161953
1864	1863	15.402715463047464	Q20251012161953
1864	1865	15.402715463100229	Q20251012161953
1865	1864	15.402715463100229	Q20251012161953
1865	1866	15.402715463047464	Q20251012161953
1866	1865	15.402715463047464	Q20251012161953
1866	1867	15.402715463100229	Q20251012161953
1867	1866	15.402715463100229	Q20251012161953
1867	1868	15.402715463047464	Q20251012161953
1868	1867	15.402715463047464	Q20251012161953
1868	1869	15.402715463100229	Q20251012161953
1869	1868	15.402715463100229	Q20251012161953
1869	1870	15.402715463047464	Q20251012161953
1870	1869	15.402715463047464	Q20251012161953
1870	1871	17.960888905187534	Q20251012161953
1871	1870	17.960888905187534	Q20251012161953
1871	1872	15.402715463061110	Q20251012161953
1871	2914	15.402715463233372	Q20251024235809
1872	1871	15.402715463061110	Q20251012161953
1872	1873	15.402715463061110	Q20251012161953
1873	1872	15.402715463061110	Q20251012161953
1873	1874	15.402715463046700	Q20251012161953
1874	1873	15.402715463046700	Q20251012161953
1874	1875	15.402715463046700	Q20251012161953
1875	1874	15.402715463046700	Q20251012161953
1875	1876	15.402715463046700	Q20251012161953
1876	1875	15.402715463046700	Q20251012161953
1876	1877	15.402715463046700	Q20251012161953
1877	1876	15.402715463046700	Q20251012161953
1877	1878	15.402715463046700	Q20251012161953
1878	1877	15.402715463046700	Q20251012161953
1878	1879	15.402715463097543	Q20251012161953
1879	1878	15.402715463097543	Q20251012161953
1879	1880	15.402715463046700	Q20251012161953
1880	1879	15.402715463046700	Q20251012161953
1880	1881	15.402715463097543	Q20251012161953
1881	1880	15.402715463097543	Q20251012161953
1881	1882	15.402715463046700	Q20251012161953
1882	1881	15.402715463046700	Q20251012161953
1882	1883	15.402715463097543	Q20251012161953
1883	1882	15.402715463097543	Q20251012161953
1883	1884	15.402715463046700	Q20251012161953
1884	1883	15.402715463046700	Q20251012161953
1884	1885	22.141537247825809	Q20251012161953
1885	1884	22.141537247825809	Q20251012161953
1885	1886	15.402715463070297	Q20251012161953
1885	2453	15.402715462931413	Q20251022154353
1886	1885	15.402715463070297	Q20251012161953
1886	1887	15.402715463070297	Q20251012161953
1887	1886	15.402715463070297	Q20251012161953
1887	1888	15.402715463070297	Q20251012161953
1888	1887	15.402715463070297	Q20251012161953
1888	1889	15.402715463070297	Q20251012161953
1889	1888	15.402715463070297	Q20251012161953
1889	1890	15.402715463070297	Q20251012161953
1890	1889	15.402715463070297	Q20251012161953
1890	1891	15.402715463070297	Q20251012161953
1891	1890	15.402715463070297	Q20251012161953
1891	1892	15.402715463070297	Q20251012161953
1892	1891	15.402715463070297	Q20251012161953
1892	1893	15.402715463070297	Q20251012161953
1893	1892	15.402715463070297	Q20251012161953
1893	1894	15.402715463070297	Q20251012161953
1894	1893	15.402715463070297	Q20251012161953
1894	1895	15.402715463070297	Q20251012161953
1895	1894	15.402715463070297	Q20251012161953
1895	1896	15.402715463070297	Q20251012161953
1896	1895	15.402715463070297	Q20251012161953
1896	1897	15.402715463070297	Q20251012161953
1897	1896	15.402715463070297	Q20251012161953
1897	1898	15.402715463070297	Q20251012161953
1898	1897	15.402715463070297	Q20251012161953
1898	1899	15.402715463070297	Q20251012161953
1899	1898	15.402715463070297	Q20251012161953
1899	1900	15.402715463070297	Q20251012161953
1900	1899	15.402715463070297	Q20251012161953
1900	1901	15.402715463070297	Q20251012161953
1901	1900	15.402715463070297	Q20251012161953
1901	1902	15.402715463070297	Q20251012161953
1902	1901	15.402715463070297	Q20251012161953
1902	1903	15.402715463070297	Q20251012161953
1903	1902	15.402715463070297	Q20251012161953
1903	1904	15.402715463070297	Q20251012161953
1904	1903	15.402715463070297	Q20251012161953
1904	1905	15.402715463070297	Q20251012161953
1905	1904	15.402715463070297	Q20251012161953
1905	1906	15.402715463070297	Q20251012161953
1906	1905	15.402715463070297	Q20251012161953
1906	1907	15.402715463070297	Q20251012161953
1907	1906	15.402715463070297	Q20251012161953
1907	1908	15.402715463070297	Q20251012161953
1908	1907	15.402715463070297	Q20251012161953
1908	1909	15.402715463055964	Q20251012161953
1909	1908	15.402715463055964	Q20251012161953
1909	1910	15.402715463055964	Q20251012161953
1910	1909	15.402715463055964	Q20251012161953
1910	1911	16.608343385658490	Q20251012161953
1911	1910	16.608343385658490	Q20251012161953
1911	1912	15.402715463114134	Q20251012161953
1912	1911	15.402715463114134	Q20251012161953
1912	1913	15.402715463127926	Q20251012161953
1913	1912	15.402715463127926	Q20251012161953
1913	1914	15.402715463127926	Q20251012161953
1914	1913	15.402715463127926	Q20251012161953
1914	1915	15.402715463127926	Q20251012161953
1915	1914	15.402715463127926	Q20251012161953
1915	1916	15.402715463141719	Q20251012161953
1916	1915	15.402715463141719	Q20251012161953
1916	1917	15.402715463007086	Q20251012161953
1917	1916	15.402715463007086	Q20251012161953
1917	1918	15.402715463141719	Q20251012161953
1918	1917	15.402715463141719	Q20251012161953
1918	1919	15.402715463007086	Q20251012161953
1919	1918	15.402715463007086	Q20251012161953
1919	1920	15.402715463127926	Q20251012161953
1920	1919	15.402715463127926	Q20251012161953
1920	1921	17.506879083943012	Q20251012161953
1921	1920	17.506879083943012	Q20251012161953
1921	1922	15.402715462939796	Q20251012161953
1921	2944	15.402715463218311	Q20251024235817
1922	1921	15.402715462939796	Q20251012161953
1922	1923	15.402715462939796	Q20251012161953
1923	1922	15.402715462939796	Q20251012161953
1923	1924	15.402715462932196	Q20251012161953
1924	1923	15.402715462932196	Q20251012161953
1924	1925	15.402715462932196	Q20251012161953
1925	1924	15.402715462932196	Q20251012161953
1925	1926	15.402715462924601	Q20251012161953
1926	1925	15.402715462924601	Q20251012161953
1926	1927	15.402715462917003	Q20251012161953
1927	1926	15.402715462917003	Q20251012161953
1927	1928	15.402715462909404	Q20251012161953
1928	1927	15.402715462909404	Q20251012161953
1928	1929	15.402715462901808	Q20251012161953
1929	1928	15.402715462901808	Q20251012161953
1929	1930	15.402715462894211	Q20251012161953
1930	1929	15.402715462894211	Q20251012161953
1930	1931	15.402715462879016	Q20251012161953
1931	1930	15.402715462879016	Q20251012161953
1931	1932	15.402715463245787	Q20251012161953
1932	1931	15.402715463245787	Q20251012161953
1932	1933	17.795149654150642	Q20251012161953
1933	1932	17.795149654150642	Q20251012161953
1933	1934	15.402715462934129	Q20251012161953
1933	2483	15.402715462934058	Q20251022154400
1934	1933	15.402715462934129	Q20251012161953
1934	1935	15.402715462924997	Q20251012161953
1935	1934	15.402715462924997	Q20251012161953
1935	1936	15.402715462915863	Q20251012161953
1936	1935	15.402715462915863	Q20251012161953
1936	1937	15.402715462897596	Q20251012161953
1937	1936	15.402715462897596	Q20251012161953
1937	1938	15.402715463241851	Q20251012161953
1938	1937	15.402715463241851	Q20251012161953
1938	1939	15.402715462906729	Q20251012161953
1939	1938	15.402715462906729	Q20251012161953
1939	1940	15.402715463232717	Q20251012161953
1940	1939	15.402715463232717	Q20251012161953
1940	1941	8.343322832196458	Q20251012161953
1941	1940	8.343322832196458	Q20251012161953
1941	1942	15.402715463075904	Q20251012161953
1942	1941	15.402715463075904	Q20251012161953
1942	1943	15.402715463075904	Q20251012161953
1943	1942	15.402715463075904	Q20251012161953
1943	1944	15.402715463075904	Q20251012161953
1944	1943	15.402715463075904	Q20251012161953
1944	1945	15.402715463075904	Q20251012161953
1945	1944	15.402715463075904	Q20251012161953
1945	1946	15.402715463075904	Q20251012161953
1946	1945	15.402715463075904	Q20251012161953
1946	1947	15.402715463075904	Q20251012161953
1947	1946	15.402715463075904	Q20251012161953
1947	1948	15.402715463075904	Q20251012161953
1948	1947	15.402715463075904	Q20251012161953
1948	1949	15.402715463075904	Q20251012161953
1949	1948	15.402715463075904	Q20251012161953
1949	1950	15.402715463075904	Q20251012161953
1950	1949	15.402715463075904	Q20251012161953
1950	1951	15.402715463075904	Q20251012161953
1951	1950	15.402715463075904	Q20251012161953
1951	1952	15.402715463075904	Q20251012161953
1952	1951	15.402715463075904	Q20251012161953
1952	1953	15.402715463075904	Q20251012161953
1953	1952	15.402715463075904	Q20251012161953
1953	1954	15.402715463075904	Q20251012161953
1954	1953	15.402715463075904	Q20251012161953
1954	1955	15.402715463075904	Q20251012161953
1955	1954	15.402715463075904	Q20251012161953
1955	1956	15.402715463075904	Q20251012161953
1956	1955	15.402715463075904	Q20251012161953
1956	1957	15.402715463075904	Q20251012161953
1957	1956	15.402715463075904	Q20251012161953
1957	1958	15.402715463075904	Q20251012161953
1958	1957	15.402715463075904	Q20251012161953
1958	1959	15.402715463075904	Q20251012161953
1959	1958	15.402715463075904	Q20251012161953
1959	1960	15.402715463075904	Q20251012161953
1960	1959	15.402715463075904	Q20251012161953
1960	1961	15.402715463090445	Q20251012161953
1961	1960	15.402715463090445	Q20251012161953
1961	1962	15.402715463072896	Q20251012161953
1962	1961	15.402715463072896	Q20251012161953
1962	1963	15.402715463090445	Q20251012161953
1963	1962	15.402715463090445	Q20251012161953
1963	1964	15.402715463072896	Q20251012161953
1964	1963	15.402715463072896	Q20251012161953
1964	1965	15.402715463075904	Q20251012161953
1965	1964	15.402715463075904	Q20251012161953
1965	1966	15.402715463072896	Q20251012161953
1966	1965	15.402715463072896	Q20251012161953
1966	1967	15.402715463075904	Q20251012161953
1967	1966	15.402715463075904	Q20251012161953
1967	1968	11.282041925158756	Q20251012161953
1968	1967	11.282041925158756	Q20251012161953
1968	1969	15.402715463065544	Q20251012161953
1968	2977	15.402715463148802	Q20251024235825
1969	1968	15.402715463065544	Q20251012161953
1969	1970	15.402715463065544	Q20251012161953
1970	1969	15.402715463065544	Q20251012161953
1970	1971	15.402715463065544	Q20251012161953
1971	1970	15.402715463065544	Q20251012161953
1971	1972	15.402715463065544	Q20251012161953
1972	1971	15.402715463065544	Q20251012161953
1972	1973	15.402715463065544	Q20251012161953
1973	1972	15.402715463065544	Q20251012161953
1973	1974	15.402715463065544	Q20251012161953
1974	1973	15.402715463065544	Q20251012161953
1974	1975	13.412523611781944	Q20251012161953
1975	1974	13.412523611781944	Q20251012161953
1975	1976	15.402715463164029	Q20251012161953
1976	1975	15.402715463164029	Q20251012161953
1976	1977	15.402715463174749	Q20251012161953
1977	1976	15.402715463174749	Q20251012161953
1977	1978	15.402715463174749	Q20251012161953
1978	1977	15.402715463174749	Q20251012161953
1978	1979	15.402715463185467	Q20251012161953
1979	1978	15.402715463185467	Q20251012161953
1979	1980	15.402715463196188	Q20251012161953
1980	1979	15.402715463196188	Q20251012161953
1980	1981	15.402715463206908	Q20251012161953
1981	1980	15.402715463206908	Q20251012161953
1981	1982	15.402715463217628	Q20251012161953
1982	1981	15.402715463217628	Q20251012161953
1982	1983	15.402715462924162	Q20251012161953
1983	1982	15.402715462924162	Q20251012161953
1983	1984	15.402715463206908	Q20251012161953
1984	1983	15.402715463206908	Q20251012161953
1984	1985	15.402715462934880	Q20251012161953
1985	1984	15.402715462934880	Q20251012161953
1985	1986	8.505680297934266	Q20251012161953
1986	1985	8.505680297934266	Q20251012161953
1986	1987	15.402715463040346	Q20251012161953
1986	2510	15.402715463243243	Q20251022154405
1987	1986	15.402715463040346	Q20251012161953
1987	1988	15.402715463040346	Q20251012161953
1988	1987	15.402715463040346	Q20251012161953
1988	1989	15.402715463040346	Q20251012161953
1989	1988	15.402715463040346	Q20251012161953
1989	1990	15.402715463040346	Q20251012161953
1990	1989	15.402715463040346	Q20251012161953
1990	1991	15.402715463040346	Q20251012161953
1991	1990	15.402715463040346	Q20251012161953
1991	1992	15.402715463026331	Q20251012161953
1992	1991	15.402715463026331	Q20251012161953
1992	1993	15.402715463026331	Q20251012161953
1993	1992	15.402715463026331	Q20251012161953
1993	1994	15.402715463026331	Q20251012161953
1994	1993	15.402715463026331	Q20251012161953
1994	1995	15.402715463012314	Q20251012161953
1995	1994	15.402715463012314	Q20251012161953
1995	1996	15.402715463123377	Q20251012161953
1996	1995	15.402715463123377	Q20251012161953
1996	1997	15.402715463012314	Q20251012161953
1997	1996	15.402715463012314	Q20251012161953
1997	1998	15.402715463123377	Q20251012161953
1998	1997	15.402715463123377	Q20251012161953
1998	1999	15.402715463012314	Q20251012161953
1999	1998	15.402715463012314	Q20251012161953
1999	2000	15.402715463109359	Q20251012161953
2000	1999	15.402715463109359	Q20251012161953
2000	2001	16.918553024858760	Q20251012161953
2001	2000	16.918553024858760	Q20251012161953
2001	2002	15.402715462901234	Q20251012161953
2002	2001	15.402715462901234	Q20251012161953
2002	2003	15.402715462889235	Q20251012161953
2003	2002	15.402715462889235	Q20251012161953
2003	2004	15.402715462871235	Q20251012161953
2004	2003	15.402715462871235	Q20251012161953
2004	2005	10.279196493292277	Q20251012161953
2005	2004	10.279196493292277	Q20251012161953
2005	2006	15.402715463069114	Q20251012161953
2006	2005	15.402715463069114	Q20251012161953
2006	2007	15.402715463069114	Q20251012161953
2007	2006	15.402715463069114	Q20251012161953
2007	2008	15.402715463069114	Q20251012161953
2008	2007	15.402715463069114	Q20251012161953
2008	2009	15.402715463069114	Q20251012161953
2009	2008	15.402715463069114	Q20251012161953
2009	2010	15.402715463069114	Q20251012161953
2010	2009	15.402715463069114	Q20251012161953
2010	2011	15.402715463069114	Q20251012161953
2011	2010	15.402715463069114	Q20251012161953
2011	2012	15.402715463069114	Q20251012161953
2012	2011	15.402715463069114	Q20251012161953
2012	2013	15.402715463069114	Q20251012161953
2013	2012	15.402715463069114	Q20251012161953
2013	2014	15.402715463069114	Q20251012161953
2014	2013	15.402715463069114	Q20251012161953
2014	2015	15.402715463069114	Q20251012161953
2015	2014	15.402715463069114	Q20251012161953
2015	2016	15.402715463069114	Q20251012161953
2016	2015	15.402715463069114	Q20251012161953
2016	2017	15.402715463069114	Q20251012161953
2017	2016	15.402715463069114	Q20251012161953
2017	2018	15.402715463069114	Q20251012161953
2018	2017	15.402715463069114	Q20251012161953
2018	2019	15.402715463082650	Q20251012161953
2019	2018	15.402715463082650	Q20251012161953
2019	2020	15.402715463069114	Q20251012161953
2020	2019	15.402715463069114	Q20251012161953
2020	2021	15.402715463082650	Q20251012161953
2021	2020	15.402715463082650	Q20251012161953
2021	2022	15.402715463082650	Q20251012161953
2022	2021	15.402715463082650	Q20251012161953
2022	2023	15.402715463082650	Q20251012161953
2023	2022	15.402715463082650	Q20251012161953
2023	2024	15.402715463069114	Q20251012161953
2024	2023	15.402715463069114	Q20251012161953
2024	2025	15.402715463082650	Q20251012161953
2025	2024	15.402715463082650	Q20251012161953
2025	2026	15.402715463082650	Q20251012161953
2026	2025	15.402715463082650	Q20251012161953
2026	2027	15.402715463082650	Q20251012161953
2027	2026	15.402715463082650	Q20251012161953
2027	2028	15.402715463069114	Q20251012161953
2028	2027	15.402715463069114	Q20251012161953
2028	2029	15.402715463082650	Q20251012161953
2029	2028	15.402715463082650	Q20251012161953
2029	2030	15.402715463082650	Q20251012161953
2030	2029	15.402715463082650	Q20251012161953
2030	2031	15.402715463082650	Q20251012161953
2031	2030	15.402715463082650	Q20251012161953
2031	2032	15.402715463069114	Q20251012161953
2032	2031	15.402715463069114	Q20251012161953
2032	2033	15.402715463082650	Q20251012161953
2033	2032	15.402715463082650	Q20251012161953
2033	2034	15.402715463082650	Q20251012161953
2034	2033	15.402715463082650	Q20251012161953
2034	2035	15.402715463082650	Q20251012161953
2035	2034	15.402715463082650	Q20251012161953
2035	2036	15.402715463069114	Q20251012161953
2036	2035	15.402715463069114	Q20251012161953
2036	2037	15.402715463082650	Q20251012161953
2037	2036	15.402715463082650	Q20251012161953
2037	2038	15.402715463082650	Q20251012161953
2038	2037	15.402715463082650	Q20251012161953
2038	2039	15.402715463082650	Q20251012161953
2039	2038	15.402715463082650	Q20251012161953
2039	2040	15.402715463069114	Q20251012161953
2040	2039	15.402715463069114	Q20251012161953
2040	2041	15.402715463082650	Q20251012161953
2041	2040	15.402715463082650	Q20251012161953
2041	2042	15.402715463082650	Q20251012161953
2042	2041	15.402715463082650	Q20251012161953
2042	2043	15.402715463069114	Q20251012161953
2043	2042	15.402715463069114	Q20251012161953
2043	2044	15.402715463082650	Q20251012161953
2044	2043	15.402715463082650	Q20251012161953
2044	2045	15.402715463082650	Q20251012161953
2045	2044	15.402715463082650	Q20251012161953
2045	2046	15.402715463082650	Q20251012161953
2046	2045	15.402715463082650	Q20251012161953
2046	2047	15.402715463069114	Q20251012161953
2047	2046	15.402715463069114	Q20251012161953
2047	2048	15.402715463082650	Q20251012161953
2048	2047	15.402715463082650	Q20251012161953
2048	2049	15.402715463082650	Q20251012161953
2049	2048	15.402715463082650	Q20251012161953
2049	2050	15.402715463082650	Q20251012161953
2050	2049	15.402715463082650	Q20251012161953
2050	2051	15.402715463069114	Q20251012161953
2051	2050	15.402715463069114	Q20251012161953
2051	2052	15.402715463082650	Q20251012161953
2052	2051	15.402715463082650	Q20251012161953
2052	2053	15.159712435900074	Q20251012161953
2053	2052	15.159712435900074	Q20251012161953
2054	142	15.402715462959696	Q20251022154230
2054	2055	15.402715462950777	Q20251022154230
2055	2054	15.402715462950777	Q20251022154230
2055	2056	15.402715462950777	Q20251022154230
2056	2055	15.402715462950777	Q20251022154230
2056	2057	15.402715462950777	Q20251022154230
2057	2056	15.402715462950777	Q20251022154230
2057	2058	15.402715462950777	Q20251022154230
2058	2057	15.402715462950777	Q20251022154230
2058	2059	15.402715462941858	Q20251022154230
2059	2058	15.402715462941858	Q20251022154230
2059	2060	15.402715462941858	Q20251022154230
2060	2059	15.402715462941858	Q20251022154230
2060	2061	15.402715462941858	Q20251022154230
2061	2060	15.402715462941858	Q20251022154230
2061	2062	15.402715462932941	Q20251022154230
2062	2061	15.402715462932941	Q20251022154230
2062	2063	15.402715462932941	Q20251022154230
2063	2062	15.402715462932941	Q20251022154230
2063	2064	15.402715462932941	Q20251022154230
2064	2063	15.402715462932941	Q20251022154230
2064	2065	15.402715462924021	Q20251022154230
2065	2064	15.402715462924021	Q20251022154230
2065	2066	15.402715462924021	Q20251022154230
2066	2065	15.402715462924021	Q20251022154230
2066	2067	15.402715462915102	Q20251022154230
2067	2066	15.402715462915102	Q20251022154230
2067	2068	15.402715462906183	Q20251022154230
2068	2067	15.402715462906183	Q20251022154230
2068	2069	15.402715462906183	Q20251022154230
2069	2068	15.402715462906183	Q20251022154230
2069	2070	15.402715462897266	Q20251022154230
2070	2069	15.402715462897266	Q20251022154230
2070	2071	15.402715463256301	Q20251022154230
2071	2070	15.402715463256301	Q20251022154230
2071	2072	15.402715462897266	Q20251022154230
2072	2071	15.402715462897266	Q20251022154230
2072	2073	15.402715463247384	Q20251022154230
2073	2072	15.402715463247384	Q20251022154230
2073	2074	15.402715462897266	Q20251022154230
2074	2073	15.402715462897266	Q20251022154230
2074	2075	15.402715463247384	Q20251022154230
2075	2074	15.402715463247384	Q20251022154230
2075	2076	15.402715462906183	Q20251022154230
2076	2075	15.402715462906183	Q20251022154230
2076	2077	15.402715463229546	Q20251022154230
2077	2076	15.402715463229546	Q20251022154230
2077	2078	8.968782234895963	Q20251022154230
2078	2077	8.968782234895963	Q20251022154230
2078	2079	15.402715462943434	Q20251022154230
2079	2078	15.402715462943434	Q20251022154230
2079	2080	15.402715462943434	Q20251022154230
2080	2079	15.402715462943434	Q20251022154230
2080	2081	15.402715462933868	Q20251022154230
2081	2080	15.402715462933868	Q20251022154230
2081	2082	15.402715462933868	Q20251022154230
2082	2081	15.402715462933868	Q20251022154230
2082	2083	15.402715462933868	Q20251022154230
2083	2082	15.402715462933868	Q20251022154230
2083	2084	15.402715462933868	Q20251022154230
2084	2083	15.402715462933868	Q20251022154230
2084	2085	15.402715462924302	Q20251022154230
2085	2084	15.402715462924302	Q20251022154230
2085	2086	15.402715462924302	Q20251022154230
2086	2085	15.402715462924302	Q20251022154230
2086	2087	15.402715462924302	Q20251022154230
2087	2086	15.402715462924302	Q20251022154230
2087	2088	15.402715462914736	Q20251022154230
2088	2087	15.402715462914736	Q20251022154230
2088	2089	15.402715462914736	Q20251022154230
2089	2088	15.402715462914736	Q20251022154230
2089	2090	15.402715462905171	Q20251022154230
2090	2089	15.402715462905171	Q20251022154230
2090	2091	15.402715462905171	Q20251022154230
2091	2090	15.402715462905171	Q20251022154230
2091	2092	15.402715462905171	Q20251022154230
2092	2091	15.402715462905171	Q20251022154230
2092	2093	15.402715463246512	Q20251022154230
2093	2092	15.402715463246512	Q20251022154230
2093	2094	15.402715462905171	Q20251022154230
2094	2093	15.402715462905171	Q20251022154230
2094	2095	15.402715463246512	Q20251022154230
2095	2094	15.402715463246512	Q20251022154230
2095	2096	15.402715462905171	Q20251022154230
2096	2095	15.402715462905171	Q20251022154230
2096	2097	15.402715463246512	Q20251022154230
2097	2096	15.402715463246512	Q20251022154230
2097	2098	15.402715462905171	Q20251022154230
2098	2097	15.402715462905171	Q20251022154230
2098	2099	15.402715463246512	Q20251022154230
2099	2098	15.402715463246512	Q20251022154230
2099	2100	15.402715462905171	Q20251022154230
2100	2099	15.402715462905171	Q20251022154230
2100	2101	15.402715463246512	Q20251022154230
2101	2100	15.402715463246512	Q20251022154230
2101	2102	15.402715462905171	Q20251022154230
2102	2101	15.402715462905171	Q20251022154230
2102	2103	15.402715463236946	Q20251022154230
2103	2102	15.402715463236946	Q20251022154230
2103	2104	15.402715462905171	Q20251022154230
2104	2103	15.402715462905171	Q20251022154230
2104	2105	15.402715463236946	Q20251022154230
2105	2104	15.402715463236946	Q20251022154230
2105	2106	15.402715462914736	Q20251022154230
2106	2105	15.402715462914736	Q20251022154230
2106	2107	20.606962488761624	Q20251022154230
2107	2106	20.606962488761624	Q20251022154230
2108	390	15.402715463141114	Q20251022154254
2108	2109	15.402715463141114	Q20251022154254
2109	2108	15.402715463141114	Q20251022154254
2109	2110	15.402715463141114	Q20251022154254
2110	2109	15.402715463141114	Q20251022154254
2110	2111	15.402715463141114	Q20251022154254
2111	2110	15.402715463141114	Q20251022154254
2111	2112	15.402715463141114	Q20251022154254
2112	2111	15.402715463141114	Q20251022154254
2112	2113	15.402715463141114	Q20251022154254
2113	2112	15.402715463141114	Q20251022154254
2113	2114	15.402715463151464	Q20251022154254
2114	2113	15.402715463151464	Q20251022154254
2114	2115	15.402715463151464	Q20251022154254
2115	2114	15.402715463151464	Q20251022154254
2115	2116	15.402715463151464	Q20251022154254
2116	2115	15.402715463151464	Q20251022154254
2116	2117	15.402715463151464	Q20251022154254
2117	2116	15.402715463151464	Q20251022154254
2117	2118	15.402715463151464	Q20251022154254
2118	2117	15.402715463151464	Q20251022154254
2118	2119	15.402715463151464	Q20251022154254
2119	2118	15.402715463151464	Q20251022154254
2119	2120	15.402715463151464	Q20251022154254
2120	2119	15.402715463151464	Q20251022154254
2120	2121	15.402715463151464	Q20251022154254
2121	2120	15.402715463151464	Q20251022154254
2121	2122	15.402715463161817	Q20251022154254
2122	2121	15.402715463161817	Q20251022154254
2122	2123	15.402715463161817	Q20251022154254
2123	2122	15.402715463161817	Q20251022154254
2123	2124	15.402715463161817	Q20251022154254
2124	2123	15.402715463161817	Q20251022154254
2124	2125	15.402715463161817	Q20251022154254
2125	2124	15.402715463161817	Q20251022154254
2125	2126	15.402715463161817	Q20251022154254
2126	2125	15.402715463161817	Q20251022154254
2126	2127	15.402715463172171	Q20251022154254
2127	2126	15.402715463172171	Q20251022154254
2127	2128	15.402715463172171	Q20251022154254
2128	2127	15.402715463172171	Q20251022154254
2128	2129	15.402715463172171	Q20251022154254
2129	2128	15.402715463172171	Q20251022154254
2129	2130	15.402715463172171	Q20251022154254
2130	2129	15.402715463172171	Q20251022154254
2130	2131	15.402715463182522	Q20251022154254
2131	2130	15.402715463182522	Q20251022154254
2131	2132	15.402715463182522	Q20251022154254
2132	2131	15.402715463182522	Q20251022154254
2132	2133	15.402715463192875	Q20251022154254
2133	2132	15.402715463192875	Q20251022154254
2133	2134	15.402715463192875	Q20251022154254
2134	2133	15.402715463192875	Q20251022154254
2134	2135	15.402715463203227	Q20251022154254
2135	2134	15.402715463203227	Q20251022154254
2135	2136	15.402715463203227	Q20251022154254
2136	2135	15.402715463203227	Q20251022154254
2136	2137	15.402715463213580	Q20251022154254
2137	2136	15.402715463213580	Q20251022154254
2137	2138	15.402715463223933	Q20251022154254
2138	2137	15.402715463223933	Q20251022154254
2138	2139	15.402715463234285	Q20251022154254
2139	2138	15.402715463234285	Q20251022154254
2139	2140	15.402715462917383	Q20251022154254
2140	2139	15.402715462917383	Q20251022154254
2140	2141	15.402715463234285	Q20251022154254
2141	2140	15.402715463234285	Q20251022154254
2141	2142	15.402715462917383	Q20251022154254
2142	2141	15.402715462917383	Q20251022154254
2142	2143	15.402715463223933	Q20251022154254
2143	2142	15.402715463223933	Q20251022154254
2143	2144	15.402715462938088	Q20251022154254
2144	2143	15.402715462938088	Q20251022154254
2144	2145	13.155414021993458	Q20251022154254
2145	2144	13.155414021993458	Q20251022154254
2145	2146	15.402715463102130	Q20251022154254
2146	2145	15.402715463102130	Q20251022154254
2146	2147	15.402715463102130	Q20251022154254
2147	2146	15.402715463102130	Q20251022154254
2147	2148	15.402715463102130	Q20251022154254
2148	2147	15.402715463102130	Q20251022154254
2148	2149	15.402715463102130	Q20251022154254
2149	2148	15.402715463102130	Q20251022154254
2149	2150	15.402715463102130	Q20251022154254
2150	2149	15.402715463102130	Q20251022154254
2150	2151	15.402715463102130	Q20251022154254
2151	2150	15.402715463102130	Q20251022154254
2151	2152	15.402715463102130	Q20251022154254
2152	2151	15.402715463102130	Q20251022154254
2152	2153	15.402715463102130	Q20251022154254
2153	2152	15.402715463102130	Q20251022154254
2153	2154	15.402715463102130	Q20251022154254
2154	2153	15.402715463102130	Q20251022154254
2154	2155	15.402715463102130	Q20251022154254
2155	2154	15.402715463102130	Q20251022154254
2155	2156	15.402715463102130	Q20251022154254
2156	2155	15.402715463102130	Q20251022154254
2156	2157	15.402715463102130	Q20251022154254
2157	2156	15.402715463102130	Q20251022154254
2157	2158	15.402715463102130	Q20251022154254
2158	2157	15.402715463102130	Q20251022154254
2158	2159	15.402715463102130	Q20251022154254
2159	2158	15.402715463102130	Q20251022154254
2159	2160	15.402715463102130	Q20251022154254
2160	2159	15.402715463102130	Q20251022154254
2160	2161	15.402715463112813	Q20251022154254
2161	2160	15.402715463112813	Q20251022154254
2161	2162	15.402715463112813	Q20251022154254
2162	2161	15.402715463112813	Q20251022154254
2162	2163	15.402715463112813	Q20251022154254
2163	2162	15.402715463112813	Q20251022154254
2163	2164	15.402715463112813	Q20251022154254
2164	2163	15.402715463112813	Q20251022154254
2164	2165	15.402715463112813	Q20251022154254
2165	2164	15.402715463112813	Q20251022154254
2165	2166	15.402715463112813	Q20251022154254
2166	2165	15.402715463112813	Q20251022154254
2166	2167	15.402715463112813	Q20251022154254
2167	2166	15.402715463112813	Q20251022154254
2167	2168	15.402715463112813	Q20251022154254
2168	2167	15.402715463112813	Q20251022154254
2168	2169	15.402715463112813	Q20251022154254
2169	2168	15.402715463112813	Q20251022154254
2169	2170	15.402715463112813	Q20251022154254
2170	2169	15.402715463112813	Q20251022154254
2170	2171	15.402715463112813	Q20251022154254
2171	2170	15.402715463112813	Q20251022154254
2171	2172	15.402715463112813	Q20251022154254
2172	2171	15.402715463112813	Q20251022154254
2172	2173	15.402715463112813	Q20251022154254
2173	2172	15.402715463112813	Q20251022154254
2173	2174	15.402715463123494	Q20251022154254
2174	2173	15.402715463123494	Q20251022154254
2174	2175	15.402715463123494	Q20251022154254
2175	2174	15.402715463123494	Q20251022154254
2175	2176	15.402715463123494	Q20251022154254
2176	2175	15.402715463123494	Q20251022154254
2176	2177	15.402715463123494	Q20251022154254
2177	2176	15.402715463123494	Q20251022154254
2177	2178	15.402715463123494	Q20251022154254
2178	2177	15.402715463123494	Q20251022154254
2178	2179	15.402715463134175	Q20251022154254
2179	2178	15.402715463134175	Q20251022154254
2179	2180	15.402715463134175	Q20251022154254
2180	2179	15.402715463134175	Q20251022154254
2180	2181	15.402715463134175	Q20251022154254
2181	2180	15.402715463134175	Q20251022154254
2181	2182	15.402715463134175	Q20251022154254
2182	2181	15.402715463134175	Q20251022154254
2182	2183	15.402715463144855	Q20251022154254
2183	2182	15.402715463144855	Q20251022154254
2183	2184	15.402715463144855	Q20251022154254
2184	2183	15.402715463144855	Q20251022154254
2184	2185	15.402715463155536	Q20251022154254
2185	2184	15.402715463155536	Q20251022154254
2185	2186	15.402715463166219	Q20251022154254
2186	2185	15.402715463166219	Q20251022154254
2186	2187	15.402715463176898	Q20251022154254
2187	2186	15.402715463176898	Q20251022154254
2187	2188	15.402715463208944	Q20251022154254
2188	2187	15.402715463208944	Q20251022154254
2188	2189	20.691760013802220	Q20251022154254
2189	2188	20.691760013802220	Q20251022154254
2190	646	15.402715463068875	Q20251022154302
2190	2191	15.402715463068875	Q20251022154302
2191	2190	15.402715463068875	Q20251022154302
2191	2192	15.402715463068875	Q20251022154302
2192	2191	15.402715463068875	Q20251022154302
2192	2193	15.402715463068875	Q20251022154302
2193	2192	15.402715463068875	Q20251022154302
2193	2194	15.402715463068875	Q20251022154302
2194	2193	15.402715463068875	Q20251022154302
2194	2195	15.402715463068875	Q20251022154302
2195	2194	15.402715463068875	Q20251022154302
2195	2196	15.402715463068875	Q20251022154302
2196	2195	15.402715463068875	Q20251022154302
2196	2197	15.402715463068875	Q20251022154302
2197	2196	15.402715463068875	Q20251022154302
2197	2198	15.402715463068875	Q20251022154302
2198	2197	15.402715463068875	Q20251022154302
2198	2199	15.402715463068875	Q20251022154302
2199	2198	15.402715463068875	Q20251022154302
2199	2200	15.402715463068875	Q20251022154302
2200	2199	15.402715463068875	Q20251022154302
2200	2201	15.402715463068875	Q20251022154302
2201	2200	15.402715463068875	Q20251022154302
2201	2202	15.402715463068875	Q20251022154302
2202	2201	15.402715463068875	Q20251022154302
2202	2203	15.402715463068875	Q20251022154302
2203	2202	15.402715463068875	Q20251022154302
2203	2204	15.402715463068875	Q20251022154302
2204	2203	15.402715463068875	Q20251022154302
2204	2205	15.402715463068875	Q20251022154302
2205	2204	15.402715463068875	Q20251022154302
2205	2206	15.402715463068875	Q20251022154302
2206	2205	15.402715463068875	Q20251022154302
2206	2207	15.402715463068875	Q20251022154302
2207	2206	15.402715463068875	Q20251022154302
2207	2208	15.402715463068875	Q20251022154302
2208	2207	15.402715463068875	Q20251022154302
2208	2209	15.402715463068875	Q20251022154302
2209	2208	15.402715463068875	Q20251022154302
2209	2210	15.402715463068875	Q20251022154302
2210	2209	15.402715463068875	Q20251022154302
2210	2211	15.402715463068875	Q20251022154302
2211	2210	15.402715463068875	Q20251022154302
2211	2212	15.402715463064991	Q20251022154302
2212	2211	15.402715463064991	Q20251022154302
2212	2213	15.402715463064991	Q20251022154302
2213	2212	15.402715463064991	Q20251022154302
2213	2214	15.402715463068875	Q20251022154302
2214	2213	15.402715463068875	Q20251022154302
2214	2215	15.402715463064991	Q20251022154302
2215	2214	15.402715463064991	Q20251022154302
2215	2216	15.402715463064991	Q20251022154302
2216	2215	15.402715463064991	Q20251022154302
2216	2217	15.402715463068875	Q20251022154302
2217	2216	15.402715463068875	Q20251022154302
2217	2218	9.495227247574693	Q20251022154302
2218	2217	9.495227247574693	Q20251022154302
2218	2219	15.402715462875872	Q20251022154302
2219	2218	15.402715462875872	Q20251022154302
2219	2220	15.402715462875872	Q20251022154302
2220	2219	15.402715462875872	Q20251022154302
2220	2221	15.402715462875872	Q20251022154302
2221	2220	15.402715462875872	Q20251022154302
2221	2222	15.402715462875872	Q20251022154302
2222	2221	15.402715462875872	Q20251022154302
2222	2223	15.402715462871932	Q20251022154302
2223	2222	15.402715462871932	Q20251022154302
2223	2224	15.402715462871932	Q20251022154302
2224	2223	15.402715462871932	Q20251022154302
2224	2225	15.402715462871932	Q20251022154302
2225	2224	15.402715462871932	Q20251022154302
2225	2226	15.402715462871932	Q20251022154302
2226	2225	15.402715462871932	Q20251022154302
2226	2227	15.402715462871932	Q20251022154302
2227	2226	15.402715462871932	Q20251022154302
2227	2228	15.402715462867992	Q20251022154302
2228	2227	15.402715462867992	Q20251022154302
2228	2229	15.402715462867992	Q20251022154302
2229	2228	15.402715462867992	Q20251022154302
2229	2230	15.402715462867992	Q20251022154302
2230	2229	15.402715462867992	Q20251022154302
2230	2231	15.402715462867992	Q20251022154302
2231	2230	15.402715462867992	Q20251022154302
2231	2232	15.402715462864052	Q20251022154302
2232	2231	15.402715462864052	Q20251022154302
2232	2233	15.402715462864052	Q20251022154302
2233	2232	15.402715462864052	Q20251022154302
2233	2234	15.402715462864052	Q20251022154302
2234	2233	15.402715462864052	Q20251022154302
2234	2235	15.402715462864052	Q20251022154302
2235	2234	15.402715462864052	Q20251022154302
2235	2236	15.402715462860112	Q20251022154302
2236	2235	15.402715462860112	Q20251022154302
2236	2237	15.402715462860112	Q20251022154302
2237	2236	15.402715462860112	Q20251022154302
2237	2238	15.402715462856172	Q20251022154302
2238	2237	15.402715462856172	Q20251022154302
2238	2239	15.402715462856172	Q20251022154302
2239	2238	15.402715462856172	Q20251022154302
2239	2240	15.402715462852232	Q20251022154302
2240	2239	15.402715462852232	Q20251022154302
2240	2241	15.402715463300503	Q20251022154302
2241	2240	15.402715463300503	Q20251022154302
2241	2242	15.402715462852232	Q20251022154302
2242	2241	15.402715462852232	Q20251022154302
2242	2243	15.402715463296563	Q20251022154302
2243	2242	15.402715463296563	Q20251022154302
2243	2244	15.402715462856172	Q20251022154302
2244	2243	15.402715462856172	Q20251022154302
2244	2245	15.402715463296563	Q20251022154302
2245	2244	15.402715463296563	Q20251022154302
2245	2246	13.790941935769318	Q20251022154302
2246	2245	13.790941935769318	Q20251022154302
2247	907	15.402715463179574	Q20251022154310
2247	2248	15.402715463179574	Q20251022154310
2248	2247	15.402715463179574	Q20251022154310
2248	2249	15.402715463179574	Q20251022154310
2249	2248	15.402715463179574	Q20251022154310
2249	2250	15.402715463179574	Q20251022154310
2250	2249	15.402715463179574	Q20251022154310
2250	2251	15.402715463179574	Q20251022154310
2251	2250	15.402715463179574	Q20251022154310
2251	2252	15.402715463179574	Q20251022154310
2252	2251	15.402715463179574	Q20251022154310
2252	2253	15.402715463179574	Q20251022154310
2253	2252	15.402715463179574	Q20251022154310
2253	2254	15.402715463179574	Q20251022154310
2254	2253	15.402715463179574	Q20251022154310
2254	2255	15.402715463179780	Q20251022154310
2255	2254	15.402715463179780	Q20251022154310
2255	2256	15.402715463179780	Q20251022154310
2256	2255	15.402715463179780	Q20251022154310
2256	2257	15.402715463179574	Q20251022154310
2257	2256	15.402715463179574	Q20251022154310
2257	2258	15.402715463179780	Q20251022154310
2258	2257	15.402715463179780	Q20251022154310
2258	2259	15.402715463179574	Q20251022154310
2259	2258	15.402715463179574	Q20251022154310
2259	2260	15.402715463179780	Q20251022154310
2260	2259	15.402715463179780	Q20251022154310
2260	2261	15.402715463179780	Q20251022154310
2261	2260	15.402715463179780	Q20251022154310
2261	2262	15.402715463179574	Q20251022154310
2262	2261	15.402715463179574	Q20251022154310
2262	2263	15.402715463179780	Q20251022154310
2263	2262	15.402715463179780	Q20251022154310
2263	2264	15.402715463179574	Q20251022154310
2264	2263	15.402715463179574	Q20251022154310
2264	2265	15.402715463179780	Q20251022154310
2265	2264	15.402715463179780	Q20251022154310
2265	2266	15.402715463179780	Q20251022154310
2266	2265	15.402715463179780	Q20251022154310
2266	2267	15.402715463179574	Q20251022154310
2267	2266	15.402715463179574	Q20251022154310
2267	2268	15.402715463179780	Q20251022154310
2268	2267	15.402715463179780	Q20251022154310
2268	2269	7.979832920413791	Q20251022154310
2269	2268	7.979832920413791	Q20251022154310
2269	2270	15.402715462971663	Q20251022154310
2270	2269	15.402715462971663	Q20251022154310
2270	2271	15.402715462970844	Q20251022154310
2271	2270	15.402715462970844	Q20251022154310
2271	2272	15.402715462970844	Q20251022154310
2272	2271	15.402715462970844	Q20251022154310
2272	2273	15.402715462970844	Q20251022154310
2273	2272	15.402715462970844	Q20251022154310
2273	2274	15.402715462970844	Q20251022154310
2274	2273	15.402715462970844	Q20251022154310
2274	2275	15.402715462970844	Q20251022154310
2275	2274	15.402715462970844	Q20251022154310
2275	2276	15.402715462971663	Q20251022154310
2276	2275	15.402715462971663	Q20251022154310
2276	2277	15.402715462970844	Q20251022154310
2277	2276	15.402715462970844	Q20251022154310
2277	2278	15.402715462970844	Q20251022154310
2278	2277	15.402715462970844	Q20251022154310
2278	2279	15.402715462970844	Q20251022154310
2279	2278	15.402715462970844	Q20251022154310
2279	2280	15.402715462970844	Q20251022154310
2280	2279	15.402715462970844	Q20251022154310
2280	2281	15.402715462970844	Q20251022154310
2281	2280	15.402715462970844	Q20251022154310
2281	2282	15.402715462970844	Q20251022154310
2282	2281	15.402715462970844	Q20251022154310
2282	2283	15.402715462970844	Q20251022154310
2283	2282	15.402715462970844	Q20251022154310
2283	2284	15.402715462970844	Q20251022154310
2284	2283	15.402715462970844	Q20251022154310
2284	2285	15.402715462970844	Q20251022154310
2285	2284	15.402715462970844	Q20251022154310
2285	2286	15.402715462970844	Q20251022154310
2286	2285	15.402715462970844	Q20251022154310
2286	2287	15.402715462971663	Q20251022154310
2287	2286	15.402715462971663	Q20251022154310
2287	2288	15.402715462970844	Q20251022154310
2288	2287	15.402715462970844	Q20251022154310
2288	2289	15.402715462970844	Q20251022154310
2289	2288	15.402715462970844	Q20251022154310
2289	2290	15.402715462970844	Q20251022154310
2290	2289	15.402715462970844	Q20251022154310
2290	2291	15.402715462970844	Q20251022154310
2291	2290	15.402715462970844	Q20251022154310
2291	2292	15.402715462970844	Q20251022154310
2292	2291	15.402715462970844	Q20251022154310
2292	2293	19.644025346048675	Q20251022154310
2293	2292	19.644025346048675	Q20251022154310
2294	1047	15.402715462956525	Q20251022154319
2294	2295	15.402715462956525	Q20251022154319
2295	2294	15.402715462956525	Q20251022154319
2295	2296	15.402715462956525	Q20251022154319
2296	2295	15.402715462956525	Q20251022154319
2296	2297	15.402715462956525	Q20251022154319
2297	2296	15.402715462956525	Q20251022154319
2297	2298	15.402715462956525	Q20251022154319
2298	2297	15.402715462956525	Q20251022154319
2298	2299	15.402715462955888	Q20251022154319
2299	2298	15.402715462955888	Q20251022154319
2299	2300	15.402715462955888	Q20251022154319
2300	2299	15.402715462955888	Q20251022154319
2300	2301	15.402715462955888	Q20251022154319
2301	2300	15.402715462955888	Q20251022154319
2301	2302	15.402715462956525	Q20251022154319
2302	2301	15.402715462956525	Q20251022154319
2302	2303	15.402715462955888	Q20251022154319
2303	2302	15.402715462955888	Q20251022154319
2303	2304	15.402715462955888	Q20251022154319
2304	2303	15.402715462955888	Q20251022154319
2304	2305	15.402715462955888	Q20251022154319
2305	2304	15.402715462955888	Q20251022154319
2305	2306	15.402715462955888	Q20251022154319
2306	2305	15.402715462955888	Q20251022154319
2306	2307	15.402715462955888	Q20251022154319
2307	2306	15.402715462955888	Q20251022154319
2307	2308	15.402715462955888	Q20251022154319
2308	2307	15.402715462955888	Q20251022154319
2308	2309	15.402715462956525	Q20251022154319
2309	2308	15.402715462956525	Q20251022154319
2309	2310	15.402715462955888	Q20251022154319
2310	2309	15.402715462955888	Q20251022154319
2310	2311	15.402715462955888	Q20251022154319
2311	2310	15.402715462955888	Q20251022154319
2311	2312	15.402715462955888	Q20251022154319
2312	2311	15.402715462955888	Q20251022154319
2312	2313	21.645536410659084	Q20251022154319
2313	2312	21.645536410659084	Q20251022154319
2313	2314	15.402715463191271	Q20251022154319
2314	2313	15.402715463191271	Q20251022154319
2314	2315	15.402715463191271	Q20251022154319
2315	2314	15.402715463191271	Q20251022154319
2315	2316	15.402715463191271	Q20251022154319
2316	2315	15.402715463191271	Q20251022154319
2316	2317	15.402715463191271	Q20251022154319
2317	2316	15.402715463191271	Q20251022154319
2317	2318	15.402715463191271	Q20251022154319
2318	2317	15.402715463191271	Q20251022154319
2318	2319	15.402715463191271	Q20251022154319
2319	2318	15.402715463191271	Q20251022154319
2319	2320	15.402715463191271	Q20251022154319
2320	2319	15.402715463191271	Q20251022154319
2320	2321	15.402715463191271	Q20251022154319
2321	2320	15.402715463191271	Q20251022154319
2321	2322	15.402715463191271	Q20251022154319
2322	2321	15.402715463191271	Q20251022154319
2322	2323	15.402715463191271	Q20251022154319
2323	2322	15.402715463191271	Q20251022154319
2323	2324	15.402715463191271	Q20251022154319
2324	2323	15.402715463191271	Q20251022154319
2324	2325	15.402715463191271	Q20251022154319
2325	2324	15.402715463191271	Q20251022154319
2325	2326	15.402715463191271	Q20251022154319
2326	2325	15.402715463191271	Q20251022154319
2326	2327	15.402715463191271	Q20251022154319
2327	2326	15.402715463191271	Q20251022154319
2327	2328	15.402715463191271	Q20251022154319
2328	2327	15.402715463191271	Q20251022154319
2328	2329	15.402715463191271	Q20251022154319
2329	2328	15.402715463191271	Q20251022154319
2329	2330	15.402715463191271	Q20251022154319
2330	2329	15.402715463191271	Q20251022154319
2330	2331	15.402715463191271	Q20251022154319
2331	2330	15.402715463191271	Q20251022154319
2331	2332	15.402715463191271	Q20251022154319
2332	2331	15.402715463191271	Q20251022154319
2332	2333	15.402715463191271	Q20251022154319
2333	2332	15.402715463191271	Q20251022154319
2333	2334	15.402715463191271	Q20251022154319
2334	2333	15.402715463191271	Q20251022154319
2334	2335	15.261076731607318	Q20251022154319
2335	2334	15.261076731607318	Q20251022154319
2336	1340	15.402715463164231	Q20251022154328
2336	2337	15.402715463164231	Q20251022154328
2337	2336	15.402715463164231	Q20251022154328
2337	2338	15.402715463164231	Q20251022154328
2338	2337	15.402715463164231	Q20251022154328
2338	2339	15.402715463164231	Q20251022154328
2339	2338	15.402715463164231	Q20251022154328
2339	2340	15.402715463171646	Q20251022154328
2340	2339	15.402715463171646	Q20251022154328
2340	2341	15.402715463171646	Q20251022154328
2341	2340	15.402715463171646	Q20251022154328
2341	2342	15.402715463171646	Q20251022154328
2342	2341	15.402715463171646	Q20251022154328
2342	2343	15.402715463171646	Q20251022154328
2343	2342	15.402715463171646	Q20251022154328
2343	2344	15.402715463179062	Q20251022154328
2344	2343	15.402715463179062	Q20251022154328
2344	2345	15.402715463179062	Q20251022154328
2345	2344	15.402715463179062	Q20251022154328
2345	2346	15.402715463179062	Q20251022154328
2346	2345	15.402715463179062	Q20251022154328
2346	2347	15.402715463186478	Q20251022154328
2347	2346	15.402715463186478	Q20251022154328
2347	2348	15.402715463186478	Q20251022154328
2348	2347	15.402715463186478	Q20251022154328
2348	2349	15.402715463193895	Q20251022154328
2349	2348	15.402715463193895	Q20251022154328
2349	2350	15.402715463193895	Q20251022154328
2350	2349	15.402715463193895	Q20251022154328
2350	2351	15.402715463201309	Q20251022154328
2351	2350	15.402715463201309	Q20251022154328
2351	2352	15.402715463216140	Q20251022154328
2352	2351	15.402715463216140	Q20251022154328
2352	2353	15.402715463223556	Q20251022154328
2353	2352	15.402715463223556	Q20251022154328
2353	2354	15.402715463253219	Q20251022154328
2354	2353	15.402715463253219	Q20251022154328
2354	2355	10.423754886361433	Q20251022154328
2355	2354	10.423754886361433	Q20251022154328
2355	2356	15.402715463038255	Q20251022154328
2356	2355	15.402715463038255	Q20251022154328
2356	2357	15.402715463038255	Q20251022154328
2357	2356	15.402715463038255	Q20251022154328
2357	2358	15.402715463038255	Q20251022154328
2358	2357	15.402715463038255	Q20251022154328
2358	2359	15.402715463038255	Q20251022154328
2359	2358	15.402715463038255	Q20251022154328
2359	2360	15.402715463038255	Q20251022154328
2360	2359	15.402715463038255	Q20251022154328
2360	2361	15.402715463038255	Q20251022154328
2361	2360	15.402715463038255	Q20251022154328
2361	2362	15.402715463038255	Q20251022154328
2362	2361	15.402715463038255	Q20251022154328
2362	2363	15.402715463038255	Q20251022154328
2363	2362	15.402715463038255	Q20251022154328
2363	2364	15.402715463038255	Q20251022154328
2364	2363	15.402715463038255	Q20251022154328
2364	2365	15.402715463038255	Q20251022154328
2365	2364	15.402715463038255	Q20251022154328
2365	2366	15.402715463038255	Q20251022154328
2366	2365	15.402715463038255	Q20251022154328
2366	2367	15.402715463031495	Q20251022154328
2367	2366	15.402715463031495	Q20251022154328
2367	2368	15.402715463031495	Q20251022154328
2368	2367	15.402715463031495	Q20251022154328
2368	2369	15.402715463031495	Q20251022154328
2369	2368	15.402715463031495	Q20251022154328
2369	2370	15.402715463031495	Q20251022154328
2370	2369	15.402715463031495	Q20251022154328
2370	2371	15.402715463031495	Q20251022154328
2371	2370	15.402715463031495	Q20251022154328
2371	2372	15.402715463031495	Q20251022154328
2372	2371	15.402715463031495	Q20251022154328
2372	2373	15.402715463024736	Q20251022154328
2373	2372	15.402715463024736	Q20251022154328
2373	2374	15.402715463024736	Q20251022154328
2374	2373	15.402715463024736	Q20251022154328
2374	2375	15.402715463017975	Q20251022154328
2375	2374	15.402715463017975	Q20251022154328
2375	2376	21.772364415643739	Q20251022154328
2376	2375	21.772364415643739	Q20251022154328
2377	1623	15.402715462990399	Q20251022154337
2377	2378	15.402715462990399	Q20251022154337
2378	2377	15.402715462990399	Q20251022154337
2378	2379	15.402715462990399	Q20251022154337
2379	2378	15.402715462990399	Q20251022154337
2379	2380	15.402715462990399	Q20251022154337
2380	2379	15.402715462990399	Q20251022154337
2380	2381	15.402715462990399	Q20251022154337
2381	2380	15.402715462990399	Q20251022154337
2381	2382	15.402715462985373	Q20251022154337
2382	2381	15.402715462985373	Q20251022154337
2382	2383	15.402715462985373	Q20251022154337
2383	2382	15.402715462985373	Q20251022154337
2383	2384	15.402715462985373	Q20251022154337
2384	2383	15.402715462985373	Q20251022154337
2384	2385	15.402715462985373	Q20251022154337
2385	2384	15.402715462985373	Q20251022154337
2385	2386	15.402715462985373	Q20251022154337
2386	2385	15.402715462985373	Q20251022154337
2386	2387	15.402715462985373	Q20251022154337
2387	2386	15.402715462985373	Q20251022154337
2387	2388	15.402715462980348	Q20251022154337
2388	2387	15.402715462980348	Q20251022154337
2388	2389	15.402715462980348	Q20251022154337
2389	2388	15.402715462980348	Q20251022154337
2389	2390	15.402715462980348	Q20251022154337
2390	2389	15.402715462980348	Q20251022154337
2390	2391	15.402715462980348	Q20251022154337
2391	2390	15.402715462980348	Q20251022154337
2391	2392	15.402715462975323	Q20251022154337
2392	2391	15.402715462975323	Q20251022154337
2392	2393	15.402715462975323	Q20251022154337
2393	2392	15.402715462975323	Q20251022154337
2393	2394	15.402715462970297	Q20251022154337
2394	2393	15.402715462970297	Q20251022154337
2394	2395	15.402715462970297	Q20251022154337
2395	2394	15.402715462970297	Q20251022154337
2395	2396	15.402715462965270	Q20251022154337
2396	2395	15.402715462965270	Q20251022154337
2396	2397	15.402715462955220	Q20251022154337
2397	2396	15.402715462955220	Q20251022154337
2397	2398	12.398879441333536	Q20251022154337
2398	2397	12.398879441333536	Q20251022154337
2398	2399	15.402715463296364	Q20251022154337
2399	2398	15.402715463296364	Q20251022154337
2399	2400	15.402715463296364	Q20251022154337
2400	2399	15.402715463296364	Q20251022154337
2400	2401	15.402715462852624	Q20251022154337
2401	2400	15.402715462852624	Q20251022154337
2401	2402	15.402715463296364	Q20251022154337
2402	2401	15.402715463296364	Q20251022154337
2402	2403	15.402715462852624	Q20251022154337
2403	2402	15.402715462852624	Q20251022154337
2403	2404	15.402715462852624	Q20251022154337
2404	2403	15.402715462852624	Q20251022154337
2404	2405	15.402715463296364	Q20251022154337
2405	2404	15.402715463296364	Q20251022154337
2405	2406	15.402715462852624	Q20251022154337
2406	2405	15.402715462852624	Q20251022154337
2406	2407	15.402715463296364	Q20251022154337
2407	2406	15.402715463296364	Q20251022154337
2407	2408	15.402715462852624	Q20251022154337
2408	2407	15.402715462852624	Q20251022154337
2408	2409	15.402715463296364	Q20251022154337
2409	2408	15.402715463296364	Q20251022154337
2409	2410	15.402715462852624	Q20251022154337
2410	2409	15.402715462852624	Q20251022154337
2410	2411	15.402715463296364	Q20251022154337
2411	2410	15.402715463296364	Q20251022154337
2411	2412	15.402715462852624	Q20251022154337
2412	2411	15.402715462852624	Q20251022154337
2412	2413	15.402715463296364	Q20251022154337
2413	2412	15.402715463296364	Q20251022154337
2413	2414	15.402715462852624	Q20251022154337
2414	2413	15.402715462852624	Q20251022154337
2414	2415	15.402715463296364	Q20251022154337
2415	2414	15.402715463296364	Q20251022154337
2415	2416	15.402715462857035	Q20251022154337
2416	2415	15.402715462857035	Q20251022154337
2416	2417	15.402715463296364	Q20251022154337
2417	2416	15.402715463296364	Q20251022154337
2417	2418	15.402715462857035	Q20251022154337
2418	2417	15.402715462857035	Q20251022154337
2418	2419	15.402715463291953	Q20251022154337
2419	2418	15.402715463291953	Q20251022154337
2419	2420	15.402715462857035	Q20251022154337
2420	2419	15.402715462857035	Q20251022154337
2420	2421	15.402715463291953	Q20251022154337
2421	2420	15.402715463291953	Q20251022154337
2421	2422	22.472491343908182	Q20251022154337
2422	2421	22.472491343908182	Q20251022154337
2423	1835	15.402715463162609	Q20251022154347
2423	2424	15.402715463162609	Q20251022154347
2424	2423	15.402715463162609	Q20251022154347
2424	2425	15.402715463162609	Q20251022154347
2425	2424	15.402715463162609	Q20251022154347
2425	2426	15.402715463162609	Q20251022154347
2426	2425	15.402715463162609	Q20251022154347
2426	2427	15.402715463162609	Q20251022154347
2427	2426	15.402715463162609	Q20251022154347
2427	2428	15.402715463165320	Q20251022154347
2428	2427	15.402715463165320	Q20251022154347
2428	2429	15.402715463165320	Q20251022154347
2429	2428	15.402715463165320	Q20251022154347
2429	2430	15.402715463165320	Q20251022154347
2430	2429	15.402715463165320	Q20251022154347
2430	2431	15.402715463165320	Q20251022154347
2431	2430	15.402715463165320	Q20251022154347
2431	2432	15.402715463165320	Q20251022154347
2432	2431	15.402715463165320	Q20251022154347
2432	2433	15.402715463165320	Q20251022154347
2433	2432	15.402715463165320	Q20251022154347
2433	2434	15.402715463165320	Q20251022154347
2434	2433	15.402715463165320	Q20251022154347
2434	2435	15.402715463165320	Q20251022154347
2435	2434	15.402715463165320	Q20251022154347
2435	2436	15.402715463168031	Q20251022154347
2436	2435	15.402715463168031	Q20251022154347
2436	2437	15.402715463168031	Q20251022154347
2437	2436	15.402715463168031	Q20251022154347
2437	2438	15.402715463170741	Q20251022154347
2438	2437	15.402715463170741	Q20251022154347
2438	2439	16.547501002967827	Q20251022154347
2439	2438	16.547501002967827	Q20251022154347
2439	2440	15.402715462959074	Q20251022154347
2440	2439	15.402715462959074	Q20251022154347
2440	2441	15.402715462959074	Q20251022154347
2441	2440	15.402715462959074	Q20251022154347
2441	2442	15.402715462956639	Q20251022154347
2442	2441	15.402715462956639	Q20251022154347
2442	2443	15.402715462956639	Q20251022154347
2443	2442	15.402715462956639	Q20251022154347
2443	2444	15.402715462956639	Q20251022154347
2444	2443	15.402715462956639	Q20251022154347
2444	2445	15.402715462956639	Q20251022154347
2445	2444	15.402715462956639	Q20251022154347
2445	2446	15.402715462956639	Q20251022154347
2446	2445	15.402715462956639	Q20251022154347
2446	2447	15.402715462954202	Q20251022154347
2447	2446	15.402715462954202	Q20251022154347
2447	2448	15.402715462954202	Q20251022154347
2448	2447	15.402715462954202	Q20251022154347
2448	2449	15.402715462954202	Q20251022154347
2449	2448	15.402715462954202	Q20251022154347
2449	2450	15.402715462951766	Q20251022154347
2450	2449	15.402715462951766	Q20251022154347
2450	2451	15.402715462951766	Q20251022154347
2451	2450	15.402715462951766	Q20251022154347
2451	2452	10.555121768397450	Q20251022154347
2452	2451	10.555121768397450	Q20251022154347
2453	1885	15.402715462931413	Q20251022154353
2453	2454	15.402715462931413	Q20251022154353
2454	2453	15.402715462931413	Q20251022154353
2454	2455	15.402715462931413	Q20251022154353
2455	2454	15.402715462931413	Q20251022154353
2455	2456	15.402715462931413	Q20251022154353
2456	2455	15.402715462931413	Q20251022154353
2456	2457	15.402715462928105	Q20251022154353
2457	2456	15.402715462928105	Q20251022154353
2457	2458	15.402715462928105	Q20251022154353
2458	2457	15.402715462928105	Q20251022154353
2458	2459	15.402715462928105	Q20251022154353
2459	2458	15.402715462928105	Q20251022154353
2459	2460	15.402715462928105	Q20251022154353
2460	2459	15.402715462928105	Q20251022154353
2460	2461	15.402715462924798	Q20251022154353
2461	2460	15.402715462924798	Q20251022154353
2461	2462	15.402715462924798	Q20251022154353
2462	2461	15.402715462924798	Q20251022154353
2462	2463	15.402715462924798	Q20251022154353
2463	2462	15.402715462924798	Q20251022154353
2463	2464	15.402715462921488	Q20251022154353
2464	2463	15.402715462921488	Q20251022154353
2464	2465	15.402715462921488	Q20251022154353
2465	2464	15.402715462921488	Q20251022154353
2465	2466	15.402715462918181	Q20251022154353
2466	2465	15.402715462918181	Q20251022154353
2466	2467	15.402715462918181	Q20251022154353
2467	2466	15.402715462918181	Q20251022154353
2467	2468	15.402715462911566	Q20251022154353
2468	2467	15.402715462911566	Q20251022154353
2468	2469	9.753435972823105	Q20251022154353
2469	2468	9.753435972823105	Q20251022154353
2469	2470	15.402715463193438	Q20251022154353
2470	2469	15.402715463193438	Q20251022154353
2470	2471	15.402715463196525	Q20251022154353
2471	2470	15.402715463196525	Q20251022154353
2471	2472	15.402715463196525	Q20251022154353
2472	2471	15.402715463196525	Q20251022154353
2472	2473	15.402715463196525	Q20251022154353
2473	2472	15.402715463196525	Q20251022154353
2473	2474	15.402715463196525	Q20251022154353
2474	2473	15.402715463196525	Q20251022154353
2474	2475	15.402715463196525	Q20251022154353
2475	2474	15.402715463196525	Q20251022154353
2475	2476	15.402715463199613	Q20251022154353
2476	2475	15.402715463199613	Q20251022154353
2476	2477	15.402715463199613	Q20251022154353
2477	2476	15.402715463199613	Q20251022154353
2477	2478	15.402715463199613	Q20251022154353
2478	2477	15.402715463199613	Q20251022154353
2478	2479	15.402715463202698	Q20251022154353
2479	2478	15.402715463202698	Q20251022154353
2479	2480	15.402715463205785	Q20251022154353
2480	2479	15.402715463205785	Q20251022154353
2480	2481	15.402715463208871	Q20251022154353
2481	2480	15.402715463208871	Q20251022154353
2481	2482	10.332945731868566	Q20251022154353
2482	2481	10.332945731868566	Q20251022154353
2483	1933	15.402715462934058	Q20251022154400
2483	2484	15.402715462934058	Q20251022154400
2484	2483	15.402715462934058	Q20251022154400
2484	2485	15.402715463220989	Q20251022154400
2485	2484	15.402715463220989	Q20251022154400
2485	2486	15.402715462934058	Q20251022154400
2486	2485	15.402715462934058	Q20251022154400
2486	2487	15.402715463220989	Q20251022154400
2487	2486	15.402715463220989	Q20251022154400
2487	2488	15.402715462934058	Q20251022154400
2488	2487	15.402715462934058	Q20251022154400
2488	2489	15.402715463220989	Q20251022154400
2489	2488	15.402715463220989	Q20251022154400
2489	2490	15.402715462934058	Q20251022154400
2490	2489	15.402715462934058	Q20251022154400
2490	2491	15.402715463209811	Q20251022154400
2491	2490	15.402715463209811	Q20251022154400
2491	2492	15.402715462945237	Q20251022154400
2492	2491	15.402715462945237	Q20251022154400
2492	2493	15.402715463198632	Q20251022154400
2493	2492	15.402715463198632	Q20251022154400
2493	2494	10.035011510647292	Q20251022154400
2494	2493	10.035011510647292	Q20251022154400
2494	2495	15.402715462918646	Q20251022154400
2495	2494	15.402715462918646	Q20251022154400
2495	2496	15.402715463229834	Q20251022154400
2496	2495	15.402715463229834	Q20251022154400
2496	2497	15.402715462918646	Q20251022154400
2497	2496	15.402715462918646	Q20251022154400
2497	2498	15.402715463229834	Q20251022154400
2498	2497	15.402715463229834	Q20251022154400
2498	2499	15.402715462929473	Q20251022154400
2499	2498	15.402715462929473	Q20251022154400
2499	2500	15.402715463229834	Q20251022154400
2500	2499	15.402715463229834	Q20251022154400
2500	2501	15.402715462929473	Q20251022154400
2501	2500	15.402715462929473	Q20251022154400
2501	2502	15.402715463229834	Q20251022154400
2502	2501	15.402715463229834	Q20251022154400
2502	2503	15.402715462929473	Q20251022154400
2503	2502	15.402715462929473	Q20251022154400
2503	2504	15.402715463219007	Q20251022154400
2504	2503	15.402715463219007	Q20251022154400
2504	2505	15.402715462929473	Q20251022154400
2505	2504	15.402715462929473	Q20251022154400
2505	2506	15.402715463219007	Q20251022154400
2506	2505	15.402715463219007	Q20251022154400
2506	2507	15.402715462940296	Q20251022154400
2507	2506	15.402715462940296	Q20251022154400
2507	2508	15.402715463208184	Q20251022154400
2508	2507	15.402715463208184	Q20251022154400
2508	2509	12.099302691906120	Q20251022154400
2509	2508	12.099302691906120	Q20251022154400
2510	1986	15.402715463243243	Q20251022154405
2510	2511	15.402715463243243	Q20251022154405
2511	2510	15.402715463243243	Q20251022154405
2511	2512	15.402715463243243	Q20251022154405
2512	2511	15.402715463243243	Q20251022154405
2512	2513	15.402715463243243	Q20251022154405
2513	2512	15.402715463243243	Q20251022154405
2513	2514	15.402715463243243	Q20251022154405
2514	2513	15.402715463243243	Q20251022154405
2514	2515	15.402715463243243	Q20251022154405
2515	2514	15.402715463243243	Q20251022154405
2515	2516	15.402715463243243	Q20251022154405
2516	2515	15.402715463243243	Q20251022154405
2516	2517	15.402715463243243	Q20251022154405
2517	2516	15.402715463243243	Q20251022154405
2517	2518	15.402715463244290	Q20251022154405
2518	2517	15.402715463244290	Q20251022154405
2518	2519	15.402715463244290	Q20251022154405
2519	2518	15.402715463244290	Q20251022154405
2519	2520	15.402715463244290	Q20251022154405
2520	2519	15.402715463244290	Q20251022154405
2520	2521	15.402715463244290	Q20251022154405
2521	2520	15.402715463244290	Q20251022154405
2521	2522	15.402715463245338	Q20251022154405
2522	2521	15.402715463245338	Q20251022154405
2522	2523	14.025873687520727	Q20251022154405
2523	2522	14.025873687520727	Q20251022154405
2523	2524	15.402715463116087	Q20251022154405
2524	2523	15.402715463116087	Q20251022154405
2524	2525	15.402715463116087	Q20251022154405
2525	2524	15.402715463116087	Q20251022154405
2525	2526	15.402715463117405	Q20251022154405
2526	2525	15.402715463117405	Q20251022154405
2526	2527	15.402715463116087	Q20251022154405
2527	2526	15.402715463116087	Q20251022154405
2527	2528	15.402715463117405	Q20251022154405
2528	2527	15.402715463117405	Q20251022154405
2528	2529	15.402715463117405	Q20251022154405
2529	2528	15.402715463117405	Q20251022154405
2529	2530	15.402715463117405	Q20251022154405
2530	2529	15.402715463117405	Q20251022154405
2530	2531	15.402715463116087	Q20251022154405
2531	2530	15.402715463116087	Q20251022154405
2531	2532	15.402715463117405	Q20251022154405
2532	2531	15.402715463117405	Q20251022154405
2532	2533	15.402715463117405	Q20251022154405
2533	2532	15.402715463117405	Q20251022154405
2533	2534	15.402715463117405	Q20251022154405
2534	2533	15.402715463117405	Q20251022154405
2534	2535	15.402715463117405	Q20251022154405
2535	2534	15.402715463117405	Q20251022154405
2535	2536	12.249958187509828	Q20251022154405
2536	2535	12.249958187509828	Q20251022154405
2537	82	15.402715463157021	Q20251024235647
2537	2538	15.402715463157021	Q20251024235647
2538	2537	15.402715463157021	Q20251024235647
2538	2539	15.402715463157021	Q20251024235647
2539	2538	15.402715463157021	Q20251024235647
2539	2540	15.402715463157021	Q20251024235647
2540	2539	15.402715463157021	Q20251024235647
2540	2541	15.402715463157021	Q20251024235647
2541	2540	15.402715463157021	Q20251024235647
2541	2542	15.402715463157021	Q20251024235647
2542	2541	15.402715463157021	Q20251024235647
2542	2543	15.402715463157021	Q20251024235647
2543	2542	15.402715463157021	Q20251024235647
2543	2544	15.402715463157021	Q20251024235647
2544	2543	15.402715463157021	Q20251024235647
2544	2545	15.402715463159872	Q20251024235647
2545	2544	15.402715463159872	Q20251024235647
2545	2546	15.402715463159872	Q20251024235647
2546	2545	15.402715463159872	Q20251024235647
2546	2547	15.402715463159872	Q20251024235647
2547	2546	15.402715463159872	Q20251024235647
2547	2548	15.402715463159872	Q20251024235647
2548	2547	15.402715463159872	Q20251024235647
2548	2549	15.402715463159872	Q20251024235647
2549	2548	15.402715463159872	Q20251024235647
2549	2550	15.402715463159872	Q20251024235647
2550	2549	15.402715463159872	Q20251024235647
2550	2551	15.402715463159872	Q20251024235647
2551	2550	15.402715463159872	Q20251024235647
2551	2552	15.402715463159872	Q20251024235647
2552	2551	15.402715463159872	Q20251024235647
2552	2553	15.402715463159872	Q20251024235647
2553	2552	15.402715463159872	Q20251024235647
2553	2554	15.402715463159872	Q20251024235647
2554	2553	15.402715463159872	Q20251024235647
2554	2555	15.402715463159872	Q20251024235647
2555	2554	15.402715463159872	Q20251024235647
2555	2556	15.402715463159872	Q20251024235647
2556	2555	15.402715463159872	Q20251024235647
2556	2557	15.402715463162721	Q20251024235647
2557	2556	15.402715463162721	Q20251024235647
2557	2558	15.402715463162721	Q20251024235647
2558	2557	15.402715463162721	Q20251024235647
2558	2559	15.402715463162721	Q20251024235647
2559	2558	15.402715463162721	Q20251024235647
2559	2560	15.402715463162721	Q20251024235647
2560	2559	15.402715463162721	Q20251024235647
2560	2561	15.402715463165572	Q20251024235647
2561	2560	15.402715463165572	Q20251024235647
2561	2562	15.402715463165572	Q20251024235647
2562	2561	15.402715463165572	Q20251024235647
2562	2563	16.162941320867883	Q20251024235647
2563	2562	16.162941320867883	Q20251024235647
2563	2564	15.402715462856200	Q20251024235647
2564	2563	15.402715462856200	Q20251024235647
2564	2565	15.402715462856200	Q20251024235647
2565	2564	15.402715462856200	Q20251024235647
2565	2566	15.402715462856200	Q20251024235647
2566	2565	15.402715462856200	Q20251024235647
2566	2567	15.402715462856200	Q20251024235647
2567	2566	15.402715462856200	Q20251024235647
2567	2568	15.402715462852868	Q20251024235647
2568	2567	15.402715462852868	Q20251024235647
2568	2569	15.402715462852868	Q20251024235647
2569	2568	15.402715462852868	Q20251024235647
2569	2570	15.402715462852868	Q20251024235647
2570	2569	15.402715462852868	Q20251024235647
2570	2571	15.402715462852868	Q20251024235647
2571	2570	15.402715462852868	Q20251024235647
2571	2572	15.402715462852868	Q20251024235647
2572	2571	15.402715462852868	Q20251024235647
2572	2573	15.402715462849535	Q20251024235647
2573	2572	15.402715462849535	Q20251024235647
2573	2574	15.402715462849535	Q20251024235647
2574	2573	15.402715462849535	Q20251024235647
2574	2575	15.402715462849535	Q20251024235647
2575	2574	15.402715462849535	Q20251024235647
2575	2576	15.402715463302819	Q20251024235647
2576	2575	15.402715463302819	Q20251024235647
2576	2577	15.402715462849535	Q20251024235647
2577	2576	15.402715462849535	Q20251024235647
2577	2578	15.402715463302819	Q20251024235647
2578	2577	15.402715463302819	Q20251024235647
2578	2579	15.402715462849535	Q20251024235647
2579	2578	15.402715462849535	Q20251024235647
2579	2580	15.402715463302819	Q20251024235647
2580	2579	15.402715463302819	Q20251024235647
2580	2581	15.402715462849535	Q20251024235647
2581	2580	15.402715462849535	Q20251024235647
2581	2582	15.402715463299485	Q20251024235647
2582	2581	15.402715463299485	Q20251024235647
2582	2583	15.402715462849535	Q20251024235647
2583	2582	15.402715462849535	Q20251024235647
2583	2584	15.402715463299485	Q20251024235647
2584	2583	15.402715463299485	Q20251024235647
2584	2585	15.402715462849535	Q20251024235647
2585	2584	15.402715462849535	Q20251024235647
2585	2586	15.402715463299485	Q20251024235647
2586	2585	15.402715463299485	Q20251024235647
2586	2587	15.402715462852868	Q20251024235647
2587	2586	15.402715462852868	Q20251024235647
2587	2588	16.368005540611090	Q20251024235647
2588	2587	16.368005540611090	Q20251024235647
2589	322	15.402715463074102	Q20251024235657
2589	2590	15.402715463074102	Q20251024235657
2590	2589	15.402715463074102	Q20251024235657
2590	2591	15.402715463074102	Q20251024235657
2591	2590	15.402715463074102	Q20251024235657
2591	2592	15.402715463074102	Q20251024235657
2592	2591	15.402715463074102	Q20251024235657
2592	2593	15.402715463074102	Q20251024235657
2593	2592	15.402715463074102	Q20251024235657
2593	2594	15.402715463074102	Q20251024235657
2594	2593	15.402715463074102	Q20251024235657
2594	2595	15.402715463074102	Q20251024235657
2595	2594	15.402715463074102	Q20251024235657
2595	2596	15.402715463074102	Q20251024235657
2596	2595	15.402715463074102	Q20251024235657
2596	2597	15.402715463074102	Q20251024235657
2597	2596	15.402715463074102	Q20251024235657
2597	2598	15.402715463074102	Q20251024235657
2598	2597	15.402715463074102	Q20251024235657
2598	2599	15.402715463074102	Q20251024235657
2599	2598	15.402715463074102	Q20251024235657
2599	2600	15.402715463074102	Q20251024235657
2600	2599	15.402715463074102	Q20251024235657
2600	2601	15.402715463074102	Q20251024235657
2601	2600	15.402715463074102	Q20251024235657
2601	2602	15.402715463074102	Q20251024235657
2602	2601	15.402715463074102	Q20251024235657
2602	2603	15.402715463064391	Q20251024235657
2603	2602	15.402715463064391	Q20251024235657
2603	2604	15.402715463064391	Q20251024235657
2604	2603	15.402715463064391	Q20251024235657
2604	2605	15.402715463064391	Q20251024235657
2605	2604	15.402715463064391	Q20251024235657
2605	2606	15.402715463064391	Q20251024235657
2606	2605	15.402715463064391	Q20251024235657
2606	2607	15.402715463064391	Q20251024235657
2607	2606	15.402715463064391	Q20251024235657
2607	2608	15.402715463064391	Q20251024235657
2608	2607	15.402715463064391	Q20251024235657
2608	2609	15.402715463064391	Q20251024235657
2609	2608	15.402715463064391	Q20251024235657
2609	2610	15.402715463064391	Q20251024235657
2610	2609	15.402715463064391	Q20251024235657
2610	2611	15.402715463064391	Q20251024235657
2611	2610	15.402715463064391	Q20251024235657
2611	2612	15.402715463064391	Q20251024235657
2612	2611	15.402715463064391	Q20251024235657
2612	2613	15.884562409088060	Q20251024235657
2613	2612	15.884562409088060	Q20251024235657
2613	2614	15.402715462934355	Q20251024235657
2614	2613	15.402715462934355	Q20251024235657
2614	2615	15.402715462934355	Q20251024235657
2615	2614	15.402715462934355	Q20251024235657
2615	2616	15.402715462924318	Q20251024235657
2616	2615	15.402715462924318	Q20251024235657
2616	2617	15.402715462924318	Q20251024235657
2617	2616	15.402715462924318	Q20251024235657
2617	2618	15.402715462924318	Q20251024235657
2618	2617	15.402715462924318	Q20251024235657
2618	2619	15.402715462924318	Q20251024235657
2619	2618	15.402715462924318	Q20251024235657
2619	2620	15.402715462914282	Q20251024235657
2620	2619	15.402715462914282	Q20251024235657
2620	2621	15.402715462914282	Q20251024235657
2621	2620	15.402715462914282	Q20251024235657
2621	2622	15.402715462914282	Q20251024235657
2622	2621	15.402715462914282	Q20251024235657
2622	2623	15.402715462904247	Q20251024235657
2623	2622	15.402715462904247	Q20251024235657
2623	2624	15.402715463241449	Q20251024235657
2624	2623	15.402715463241449	Q20251024235657
2624	2625	15.402715462904247	Q20251024235657
2625	2624	15.402715462904247	Q20251024235657
2625	2626	15.402715463241449	Q20251024235657
2626	2625	15.402715463241449	Q20251024235657
2626	2627	15.402715462904247	Q20251024235657
2627	2626	15.402715462904247	Q20251024235657
2627	2628	15.402715463241449	Q20251024235657
2628	2627	15.402715463241449	Q20251024235657
2628	2629	15.402715462904247	Q20251024235657
2629	2628	15.402715462904247	Q20251024235657
2629	2630	15.402715463241449	Q20251024235657
2630	2629	15.402715463241449	Q20251024235657
2630	2631	15.402715462914282	Q20251024235657
2631	2630	15.402715462914282	Q20251024235657
2631	2632	15.402715463241449	Q20251024235657
2632	2631	15.402715463241449	Q20251024235657
2632	2633	15.402715462914282	Q20251024235657
2633	2632	15.402715462914282	Q20251024235657
2633	2634	15.402715463241449	Q20251024235657
2634	2633	15.402715463241449	Q20251024235657
2634	2635	15.402715462914282	Q20251024235657
2635	2634	15.402715462914282	Q20251024235657
2635	2636	15.402715463241449	Q20251024235657
2636	2635	15.402715463241449	Q20251024235657
2636	2637	15.402715462914282	Q20251024235657
2637	2636	15.402715462914282	Q20251024235657
2637	2638	15.402715463241449	Q20251024235657
2638	2637	15.402715463241449	Q20251024235657
2638	2639	15.402715462914282	Q20251024235657
2639	2638	15.402715462914282	Q20251024235657
2639	2640	15.402715463231415	Q20251024235657
2640	2639	15.402715463231415	Q20251024235657
2640	2641	15.402715462914282	Q20251024235657
2641	2640	15.402715462914282	Q20251024235657
2641	2642	15.402715463231415	Q20251024235657
2642	2641	15.402715463231415	Q20251024235657
2642	2643	15.402715462924318	Q20251024235657
2643	2642	15.402715462924318	Q20251024235657
2643	2644	15.402715463211342	Q20251024235657
2644	2643	15.402715463211342	Q20251024235657
2644	2645	12.271328599804386	Q20251024235657
2645	2644	12.271328599804386	Q20251024235657
2646	537	15.402715463245292	Q20251024235707
2646	2647	15.402715463245292	Q20251024235707
2647	2646	15.402715463245292	Q20251024235707
2647	2648	15.402715463245292	Q20251024235707
2648	2647	15.402715463245292	Q20251024235707
2648	2649	15.402715463245292	Q20251024235707
2649	2648	15.402715463245292	Q20251024235707
2649	2650	15.402715463245292	Q20251024235707
2650	2649	15.402715463245292	Q20251024235707
2650	2651	15.402715463245292	Q20251024235707
2651	2650	15.402715463245292	Q20251024235707
2651	2652	15.402715463249121	Q20251024235707
2652	2651	15.402715463249121	Q20251024235707
2652	2653	15.402715463249121	Q20251024235707
2653	2652	15.402715463249121	Q20251024235707
2653	2654	15.402715463249121	Q20251024235707
2654	2653	15.402715463249121	Q20251024235707
2654	2655	15.402715463249121	Q20251024235707
2655	2654	15.402715463249121	Q20251024235707
2655	2656	15.402715463252949	Q20251024235707
2656	2655	15.402715463252949	Q20251024235707
2656	2657	15.402715463252949	Q20251024235707
2657	2656	15.402715463252949	Q20251024235707
2657	2658	15.402715463252949	Q20251024235707
2658	2657	15.402715463252949	Q20251024235707
2658	2659	15.402715463252949	Q20251024235707
2659	2658	15.402715463252949	Q20251024235707
2659	2660	15.402715463256779	Q20251024235707
2660	2659	15.402715463256779	Q20251024235707
2660	2661	15.402715463256779	Q20251024235707
2661	2660	15.402715463256779	Q20251024235707
2661	2662	15.402715463260607	Q20251024235707
2662	2661	15.402715463260607	Q20251024235707
2662	2663	15.402715463260607	Q20251024235707
2663	2662	15.402715463260607	Q20251024235707
2663	2664	15.402715463264435	Q20251024235707
2664	2663	15.402715463264435	Q20251024235707
2664	2665	15.402715463268265	Q20251024235707
2665	2664	15.402715463268265	Q20251024235707
2665	2666	15.402715463275923	Q20251024235707
2666	2665	15.402715463275923	Q20251024235707
2666	2667	22.170081752871898	Q20251024235707
2667	2666	22.170081752871898	Q20251024235707
2667	2668	15.402715462870978	Q20251024235707
2668	2667	15.402715462870978	Q20251024235707
2668	2669	15.402715462870978	Q20251024235707
2669	2668	15.402715462870978	Q20251024235707
2669	2670	15.402715462870978	Q20251024235707
2670	2669	15.402715462870978	Q20251024235707
2670	2671	15.402715462870978	Q20251024235707
2671	2670	15.402715462870978	Q20251024235707
2671	2672	15.402715462870978	Q20251024235707
2672	2671	15.402715462870978	Q20251024235707
2672	2673	15.402715462867707	Q20251024235707
2673	2672	15.402715462867707	Q20251024235707
2673	2674	15.402715462867707	Q20251024235707
2674	2673	15.402715462867707	Q20251024235707
2674	2675	15.402715462867707	Q20251024235707
2675	2674	15.402715462867707	Q20251024235707
2675	2676	15.402715462867707	Q20251024235707
2676	2675	15.402715462867707	Q20251024235707
2676	2677	15.402715462864434	Q20251024235707
2677	2676	15.402715462864434	Q20251024235707
2677	2678	15.402715462864434	Q20251024235707
2678	2677	15.402715462864434	Q20251024235707
2678	2679	15.402715462864434	Q20251024235707
2679	2678	15.402715462864434	Q20251024235707
2679	2680	15.402715462864434	Q20251024235707
2680	2679	15.402715462864434	Q20251024235707
2680	2681	15.402715462861163	Q20251024235707
2681	2680	15.402715462861163	Q20251024235707
2681	2682	15.402715462861163	Q20251024235707
2682	2681	15.402715462861163	Q20251024235707
2682	2683	15.402715462857890	Q20251024235707
2683	2682	15.402715462857890	Q20251024235707
2683	2684	15.402715462854619	Q20251024235707
2684	2683	15.402715462854619	Q20251024235707
2684	2685	15.402715462851345	Q20251024235707
2685	2684	15.402715462851345	Q20251024235707
2685	2686	15.402715462848073	Q20251024235707
2686	2685	15.402715462848073	Q20251024235707
2686	2687	15.402715463298538	Q20251024235707
2687	2686	15.402715463298538	Q20251024235707
2687	2688	12.955919578158991	Q20251024235707
2688	2687	12.955919578158991	Q20251024235707
2689	858	15.402715463093987	Q20251024235722
2689	2690	15.402715463093987	Q20251024235722
2690	2689	15.402715463093987	Q20251024235722
2690	2691	15.402715463093987	Q20251024235722
2691	2690	15.402715463093987	Q20251024235722
2691	2692	15.402715463096655	Q20251024235722
2692	2691	15.402715463096655	Q20251024235722
2692	2693	15.402715463096655	Q20251024235722
2693	2692	15.402715463096655	Q20251024235722
2693	2694	15.402715463096655	Q20251024235722
2694	2693	15.402715463096655	Q20251024235722
2694	2695	15.402715463096655	Q20251024235722
2695	2694	15.402715463096655	Q20251024235722
2695	2696	15.402715463093987	Q20251024235722
2696	2695	15.402715463093987	Q20251024235722
2696	2697	15.402715463096655	Q20251024235722
2697	2696	15.402715463096655	Q20251024235722
2697	2698	15.402715463096655	Q20251024235722
2698	2697	15.402715463096655	Q20251024235722
2698	2699	15.402715463096655	Q20251024235722
2699	2698	15.402715463096655	Q20251024235722
2699	2700	15.402715463093987	Q20251024235722
2700	2699	15.402715463093987	Q20251024235722
2700	2701	15.402715463096655	Q20251024235722
2701	2700	15.402715463096655	Q20251024235722
2701	2702	15.402715463096655	Q20251024235722
2702	2701	15.402715463096655	Q20251024235722
2702	2703	15.402715463096655	Q20251024235722
2703	2702	15.402715463096655	Q20251024235722
2703	2704	15.402715463093987	Q20251024235722
2704	2703	15.402715463093987	Q20251024235722
2704	2705	15.402715463096655	Q20251024235722
2705	2704	15.402715463096655	Q20251024235722
2705	2706	15.402715463096655	Q20251024235722
2706	2705	15.402715463096655	Q20251024235722
2706	2707	15.402715463096655	Q20251024235722
2707	2706	15.402715463096655	Q20251024235722
2707	2708	15.402715463093987	Q20251024235722
2708	2707	15.402715463093987	Q20251024235722
2708	2709	15.402715463096655	Q20251024235722
2709	2708	15.402715463096655	Q20251024235722
2709	2710	15.402715463096655	Q20251024235722
2710	2709	15.402715463096655	Q20251024235722
2710	2711	15.402715463096655	Q20251024235722
2711	2710	15.402715463096655	Q20251024235722
2711	2712	14.668780049141116	Q20251024235722
2712	2711	14.668780049141116	Q20251024235722
2712	2713	15.402715463165888	Q20251024235722
2713	2712	15.402715463165888	Q20251024235722
2713	2714	15.402715463168693	Q20251024235722
2714	2713	15.402715463168693	Q20251024235722
2714	2715	15.402715463168693	Q20251024235722
2715	2714	15.402715463168693	Q20251024235722
2715	2716	15.402715463168693	Q20251024235722
2716	2715	15.402715463168693	Q20251024235722
2716	2717	15.402715463168693	Q20251024235722
2717	2716	15.402715463168693	Q20251024235722
2717	2718	15.402715463168693	Q20251024235722
2718	2717	15.402715463168693	Q20251024235722
2718	2719	15.402715463168693	Q20251024235722
2719	2718	15.402715463168693	Q20251024235722
2719	2720	15.402715463168693	Q20251024235722
2720	2719	15.402715463168693	Q20251024235722
2720	2721	15.402715463168693	Q20251024235722
2721	2720	15.402715463168693	Q20251024235722
2721	2722	15.402715463168693	Q20251024235722
2722	2721	15.402715463168693	Q20251024235722
2722	2723	15.402715463168693	Q20251024235722
2723	2722	15.402715463168693	Q20251024235722
2723	2724	15.402715463168693	Q20251024235722
2724	2723	15.402715463168693	Q20251024235722
2724	2725	15.402715463168693	Q20251024235722
2725	2724	15.402715463168693	Q20251024235722
2725	2726	15.402715463168693	Q20251024235722
2726	2725	15.402715463168693	Q20251024235722
2726	2727	15.402715463171498	Q20251024235722
2727	2726	15.402715463171498	Q20251024235722
2727	2728	15.402715463171498	Q20251024235722
2728	2727	15.402715463171498	Q20251024235722
2728	2729	15.402715463171498	Q20251024235722
2729	2728	15.402715463171498	Q20251024235722
2729	2730	15.402715463171498	Q20251024235722
2730	2729	15.402715463171498	Q20251024235722
2730	2731	15.402715463171498	Q20251024235722
2731	2730	15.402715463171498	Q20251024235722
2731	2732	15.402715463174303	Q20251024235722
2732	2731	15.402715463174303	Q20251024235722
2732	2733	15.402715463174303	Q20251024235722
2733	2732	15.402715463174303	Q20251024235722
2733	2734	15.402715463177108	Q20251024235722
2734	2733	15.402715463177108	Q20251024235722
2734	2735	11.958730911233099	Q20251024235722
2735	2734	11.958730911233099	Q20251024235722
2736	1108	15.402715463201050	Q20251024235734
2736	2737	15.402715463201050	Q20251024235734
2737	2736	15.402715463201050	Q20251024235734
2737	2738	15.402715463201050	Q20251024235734
2738	2737	15.402715463201050	Q20251024235734
2738	2739	15.402715463201050	Q20251024235734
2739	2738	15.402715463201050	Q20251024235734
2739	2740	15.402715463201050	Q20251024235734
2740	2739	15.402715463201050	Q20251024235734
2740	2741	15.402715463201050	Q20251024235734
2741	2740	15.402715463201050	Q20251024235734
2741	2742	15.402715463201050	Q20251024235734
2742	2741	15.402715463201050	Q20251024235734
2742	2743	15.402715463201050	Q20251024235734
2743	2742	15.402715463201050	Q20251024235734
2743	2744	15.402715463201050	Q20251024235734
2744	2743	15.402715463201050	Q20251024235734
2744	2745	15.402715463201050	Q20251024235734
2745	2744	15.402715463201050	Q20251024235734
2745	2746	15.402715463201050	Q20251024235734
2746	2745	15.402715463201050	Q20251024235734
2746	2747	15.402715463201050	Q20251024235734
2747	2746	15.402715463201050	Q20251024235734
2747	2748	15.402715463201050	Q20251024235734
2748	2747	15.402715463201050	Q20251024235734
2748	2749	15.402715463201050	Q20251024235734
2749	2748	15.402715463201050	Q20251024235734
2749	2750	15.402715463201050	Q20251024235734
2750	2749	15.402715463201050	Q20251024235734
2750	2751	15.402715463201050	Q20251024235734
2751	2750	15.402715463201050	Q20251024235734
2751	2752	15.402715463201050	Q20251024235734
2752	2751	15.402715463201050	Q20251024235734
2752	2753	15.402715463201050	Q20251024235734
2753	2752	15.402715463201050	Q20251024235734
2753	2754	15.402715463200320	Q20251024235734
2754	2753	15.402715463200320	Q20251024235734
2754	2755	15.402715463201050	Q20251024235734
2755	2754	15.402715463201050	Q20251024235734
2755	2756	15.402715463201050	Q20251024235734
2756	2755	15.402715463201050	Q20251024235734
2756	2757	15.402715463201050	Q20251024235734
2757	2756	15.402715463201050	Q20251024235734
2757	2758	12.549911502346927	Q20251024235734
2758	2757	12.549911502346927	Q20251024235734
2758	2759	15.402715463198204	Q20251024235734
2759	2758	15.402715463198204	Q20251024235734
2759	2760	15.402715463198204	Q20251024235734
2760	2759	15.402715463198204	Q20251024235734
2760	2761	15.402715463198204	Q20251024235734
2761	2760	15.402715463198204	Q20251024235734
2761	2762	15.402715463198204	Q20251024235734
2762	2761	15.402715463198204	Q20251024235734
2762	2763	15.402715463198204	Q20251024235734
2763	2762	15.402715463198204	Q20251024235734
2763	2764	15.402715463198204	Q20251024235734
2764	2763	15.402715463198204	Q20251024235734
2764	2765	15.402715463198204	Q20251024235734
2765	2764	15.402715463198204	Q20251024235734
2765	2766	15.402715463198204	Q20251024235734
2766	2765	15.402715463198204	Q20251024235734
2766	2767	15.402715463198204	Q20251024235734
2767	2766	15.402715463198204	Q20251024235734
2767	2768	15.402715463198204	Q20251024235734
2768	2767	15.402715463198204	Q20251024235734
2768	2769	15.402715463198204	Q20251024235734
2769	2768	15.402715463198204	Q20251024235734
2769	2770	15.402715463198204	Q20251024235734
2770	2769	15.402715463198204	Q20251024235734
2770	2771	15.402715463198204	Q20251024235734
2771	2770	15.402715463198204	Q20251024235734
2771	2772	15.402715463198204	Q20251024235734
2772	2771	15.402715463198204	Q20251024235734
2772	2773	15.402715463198204	Q20251024235734
2773	2772	15.402715463198204	Q20251024235734
2773	2774	15.402715463198980	Q20251024235734
2774	2773	15.402715463198980	Q20251024235734
2774	2775	15.402715463198980	Q20251024235734
2775	2774	15.402715463198980	Q20251024235734
2775	2776	15.402715463198980	Q20251024235734
2776	2775	15.402715463198980	Q20251024235734
2776	2777	15.402715463198980	Q20251024235734
2777	2776	15.402715463198980	Q20251024235734
2777	2778	15.402715463198980	Q20251024235734
2778	2777	15.402715463198980	Q20251024235734
2778	2779	15.402715463198980	Q20251024235734
2779	2778	15.402715463198980	Q20251024235734
2779	2780	21.276799477938788	Q20251024235734
2780	2779	21.276799477938788	Q20251024235734
2781	1303	15.402715463048683	Q20251024235742
2781	2782	15.402715463048683	Q20251024235742
2782	2781	15.402715463048683	Q20251024235742
2782	2783	15.402715463048683	Q20251024235742
2783	2782	15.402715463048683	Q20251024235742
2783	2784	15.402715463048683	Q20251024235742
2784	2783	15.402715463048683	Q20251024235742
2784	2785	15.402715463048683	Q20251024235742
2785	2784	15.402715463048683	Q20251024235742
2785	2786	15.402715463048683	Q20251024235742
2786	2785	15.402715463048683	Q20251024235742
2786	2787	15.402715463048683	Q20251024235742
2787	2786	15.402715463048683	Q20251024235742
2787	2788	15.402715463048683	Q20251024235742
2788	2787	15.402715463048683	Q20251024235742
2788	2789	15.402715463040316	Q20251024235742
2789	2788	15.402715463040316	Q20251024235742
2789	2790	15.402715463040316	Q20251024235742
2790	2789	15.402715463040316	Q20251024235742
2790	2791	15.402715463040316	Q20251024235742
2791	2790	15.402715463040316	Q20251024235742
2791	2792	15.402715463040316	Q20251024235742
2792	2791	15.402715463040316	Q20251024235742
2792	2793	15.402715463040316	Q20251024235742
2793	2792	15.402715463040316	Q20251024235742
2793	2794	15.402715463040316	Q20251024235742
2794	2793	15.402715463040316	Q20251024235742
2794	2795	15.402715463040316	Q20251024235742
2795	2794	15.402715463040316	Q20251024235742
2795	2796	15.402715463031946	Q20251024235742
2796	2795	15.402715463031946	Q20251024235742
2796	2797	15.402715463031946	Q20251024235742
2797	2796	15.402715463031946	Q20251024235742
2797	2798	15.402715463031946	Q20251024235742
2798	2797	15.402715463031946	Q20251024235742
2798	2799	15.402715463031946	Q20251024235742
2799	2798	15.402715463031946	Q20251024235742
2799	2800	15.402715463023577	Q20251024235742
2800	2799	15.402715463023577	Q20251024235742
2800	2801	15.402715463015209	Q20251024235742
2801	2800	15.402715463015209	Q20251024235742
2801	2802	16.571273601850645	Q20251024235742
2802	2801	16.571273601850645	Q20251024235742
2802	2803	15.402715462999547	Q20251024235742
2803	2802	15.402715462999547	Q20251024235742
2803	2804	15.402715462999547	Q20251024235742
2804	2803	15.402715462999547	Q20251024235742
2804	2805	15.402715462999547	Q20251024235742
2805	2804	15.402715462999547	Q20251024235742
2805	2806	15.402715462999547	Q20251024235742
2806	2805	15.402715462999547	Q20251024235742
2806	2807	15.402715462999547	Q20251024235742
2807	2806	15.402715462999547	Q20251024235742
2807	2808	15.402715462990932	Q20251024235742
2808	2807	15.402715462990932	Q20251024235742
2808	2809	15.402715462990932	Q20251024235742
2809	2808	15.402715462990932	Q20251024235742
2809	2810	15.402715462990932	Q20251024235742
2810	2809	15.402715462990932	Q20251024235742
2810	2811	15.402715462990932	Q20251024235742
2811	2810	15.402715462990932	Q20251024235742
2811	2812	15.402715462990932	Q20251024235742
2812	2811	15.402715462990932	Q20251024235742
2812	2813	15.402715462982316	Q20251024235742
2813	2812	15.402715462982316	Q20251024235742
2813	2814	15.402715462982316	Q20251024235742
2814	2813	15.402715462982316	Q20251024235742
2814	2815	15.402715462982316	Q20251024235742
2815	2814	15.402715462982316	Q20251024235742
2815	2816	15.402715462973699	Q20251024235742
2816	2815	15.402715462973699	Q20251024235742
2816	2817	15.402715462973699	Q20251024235742
2817	2816	15.402715462973699	Q20251024235742
2817	2818	15.402715462973699	Q20251024235742
2818	2817	15.402715462973699	Q20251024235742
2818	2819	15.402715462965084	Q20251024235742
2819	2818	15.402715462965084	Q20251024235742
2819	2820	15.402715462956468	Q20251024235742
2820	2819	15.402715462956468	Q20251024235742
2820	2821	15.402715462956468	Q20251024235742
2821	2820	15.402715462956468	Q20251024235742
2821	2822	15.402715462939236	Q20251024235742
2822	2821	15.402715462939236	Q20251024235742
2822	2823	15.402715462930621	Q20251024235742
2823	2822	15.402715462930621	Q20251024235742
2823	2824	15.402715462913390	Q20251024235742
2824	2823	15.402715462913390	Q20251024235742
2824	2825	15.402715463254195	Q20251024235742
2825	2824	15.402715463254195	Q20251024235742
2825	2826	10.909144042340897	Q20251024235742
2826	2825	10.909144042340897	Q20251024235742
2827	1710	15.402715462854074	Q20251024235753
2827	2828	15.402715462854074	Q20251024235753
2828	2827	15.402715462854074	Q20251024235753
2828	2829	15.402715462854074	Q20251024235753
2829	2828	15.402715462854074	Q20251024235753
2829	2830	15.402715462854074	Q20251024235753
2830	2829	15.402715462854074	Q20251024235753
2830	2831	15.402715462854074	Q20251024235753
2831	2830	15.402715462854074	Q20251024235753
2831	2832	15.402715462854074	Q20251024235753
2832	2831	15.402715462854074	Q20251024235753
2832	2833	15.402715462851100	Q20251024235753
2833	2832	15.402715462851100	Q20251024235753
2833	2834	15.402715462851100	Q20251024235753
2834	2833	15.402715462851100	Q20251024235753
2834	2835	15.402715462851100	Q20251024235753
2835	2834	15.402715462851100	Q20251024235753
2835	2836	15.402715462851100	Q20251024235753
2836	2835	15.402715462851100	Q20251024235753
2836	2837	15.402715462851100	Q20251024235753
2837	2836	15.402715462851100	Q20251024235753
2837	2838	15.402715462851100	Q20251024235753
2838	2837	15.402715462851100	Q20251024235753
2838	2839	15.402715462851100	Q20251024235753
2839	2838	15.402715462851100	Q20251024235753
2839	2840	15.402715462848127	Q20251024235753
2840	2839	15.402715462848127	Q20251024235753
2840	2841	15.402715462848127	Q20251024235753
2841	2840	15.402715462848127	Q20251024235753
2841	2842	15.402715462848127	Q20251024235753
2842	2841	15.402715462848127	Q20251024235753
2842	2843	15.402715463303966	Q20251024235753
2843	2842	15.402715463303966	Q20251024235753
2843	2844	15.402715462848127	Q20251024235753
2844	2843	15.402715462848127	Q20251024235753
2844	2845	15.402715463303966	Q20251024235753
2845	2844	15.402715463303966	Q20251024235753
2845	2846	15.402715462848127	Q20251024235753
2846	2845	15.402715462848127	Q20251024235753
2846	2847	15.402715463300995	Q20251024235753
2847	2846	15.402715463300995	Q20251024235753
2847	2848	15.402715462848127	Q20251024235753
2848	2847	15.402715462848127	Q20251024235753
2848	2849	15.402715463300995	Q20251024235753
2849	2848	15.402715463300995	Q20251024235753
2849	2850	15.402715462848127	Q20251024235753
2850	2849	15.402715462848127	Q20251024235753
2850	2851	15.402715463300995	Q20251024235753
2851	2850	15.402715463300995	Q20251024235753
2851	2852	15.402715462848127	Q20251024235753
2852	2851	15.402715462848127	Q20251024235753
2852	2853	15.402715463300995	Q20251024235753
2853	2852	15.402715463300995	Q20251024235753
2853	2854	15.402715462851100	Q20251024235753
2854	2853	15.402715462851100	Q20251024235753
2854	2855	15.109440639309083	Q20251024235753
2855	2854	15.109440639309083	Q20251024235753
2855	2856	15.402715463145062	Q20251024235753
2856	2855	15.402715463145062	Q20251024235753
2856	2857	15.402715463145062	Q20251024235753
2857	2856	15.402715463145062	Q20251024235753
2857	2858	15.402715463148384	Q20251024235753
2858	2857	15.402715463148384	Q20251024235753
2858	2859	15.402715463148384	Q20251024235753
2859	2858	15.402715463148384	Q20251024235753
2859	2860	15.402715463148384	Q20251024235753
2860	2859	15.402715463148384	Q20251024235753
2860	2861	15.402715463148384	Q20251024235753
2861	2860	15.402715463148384	Q20251024235753
2861	2862	15.402715463148384	Q20251024235753
2862	2861	15.402715463148384	Q20251024235753
2862	2863	15.402715463148384	Q20251024235753
2863	2862	15.402715463148384	Q20251024235753
2863	2864	15.402715463148384	Q20251024235753
2864	2863	15.402715463148384	Q20251024235753
2864	2865	15.402715463148384	Q20251024235753
2865	2864	15.402715463148384	Q20251024235753
2865	2866	15.402715463148384	Q20251024235753
2866	2865	15.402715463148384	Q20251024235753
2866	2867	15.402715463148384	Q20251024235753
2867	2866	15.402715463148384	Q20251024235753
2867	2868	15.402715463148384	Q20251024235753
2868	2867	15.402715463148384	Q20251024235753
2868	2869	15.402715463148384	Q20251024235753
2869	2868	15.402715463148384	Q20251024235753
2869	2870	15.402715463148384	Q20251024235753
2870	2869	15.402715463148384	Q20251024235753
2870	2871	15.402715463148384	Q20251024235753
2871	2870	15.402715463148384	Q20251024235753
2871	2872	15.402715463148384	Q20251024235753
2872	2871	15.402715463148384	Q20251024235753
2872	2873	15.402715463148384	Q20251024235753
2873	2872	15.402715463148384	Q20251024235753
2873	2874	15.402715463151704	Q20251024235753
2874	2873	15.402715463151704	Q20251024235753
2874	2875	15.402715463151704	Q20251024235753
2875	2874	15.402715463151704	Q20251024235753
2875	2876	15.402715463151704	Q20251024235753
2876	2875	15.402715463151704	Q20251024235753
2876	2877	15.402715463151704	Q20251024235753
2877	2876	15.402715463151704	Q20251024235753
2877	2878	15.402715463151704	Q20251024235753
2878	2877	15.402715463151704	Q20251024235753
2878	2879	15.402715463155026	Q20251024235753
2879	2878	15.402715463155026	Q20251024235753
2879	2880	15.402715463155026	Q20251024235753
2880	2879	15.402715463155026	Q20251024235753
2880	2881	15.402715463155026	Q20251024235753
2881	2880	15.402715463155026	Q20251024235753
2881	2882	15.402715463158346	Q20251024235753
2882	2881	15.402715463158346	Q20251024235753
2882	2883	13.919991569987234	Q20251024235753
2883	2882	13.919991569987234	Q20251024235753
2884	1825	15.402715463000225	Q20251024235801
2884	2885	15.402715463000225	Q20251024235801
2885	2884	15.402715463000225	Q20251024235801
2885	2886	15.402715463000225	Q20251024235801
2886	2885	15.402715463000225	Q20251024235801
2886	2887	15.402715463000225	Q20251024235801
2887	2886	15.402715463000225	Q20251024235801
2887	2888	15.402715463000225	Q20251024235801
2888	2887	15.402715463000225	Q20251024235801
2888	2889	15.402715463000225	Q20251024235801
2889	2888	15.402715463000225	Q20251024235801
2889	2890	15.402715462997520	Q20251024235801
2890	2889	15.402715462997520	Q20251024235801
2890	2891	15.402715462997520	Q20251024235801
2891	2890	15.402715462997520	Q20251024235801
2891	2892	15.402715462997520	Q20251024235801
2892	2891	15.402715462997520	Q20251024235801
2892	2893	15.402715462997520	Q20251024235801
2893	2892	15.402715462997520	Q20251024235801
2893	2894	15.402715462997520	Q20251024235801
2894	2893	15.402715462997520	Q20251024235801
2894	2895	15.402715462997520	Q20251024235801
2895	2894	15.402715462997520	Q20251024235801
2895	2896	15.402715462997520	Q20251024235801
2896	2895	15.402715462997520	Q20251024235801
2896	2897	15.402715462994815	Q20251024235801
2897	2896	15.402715462994815	Q20251024235801
2897	2898	22.822119048751627	Q20251024235801
2898	2897	22.822119048751627	Q20251024235801
2898	2899	15.402715463206192	Q20251024235801
2899	2898	15.402715463206192	Q20251024235801
2899	2900	15.402715463206192	Q20251024235801
2900	2899	15.402715463206192	Q20251024235801
2900	2901	15.402715463206192	Q20251024235801
2901	2900	15.402715463206192	Q20251024235801
2901	2902	15.402715463208745	Q20251024235801
2902	2901	15.402715463208745	Q20251024235801
2902	2903	15.402715463208745	Q20251024235801
2903	2902	15.402715463208745	Q20251024235801
2903	2904	15.402715463208745	Q20251024235801
2904	2903	15.402715463208745	Q20251024235801
2904	2905	15.402715463208745	Q20251024235801
2905	2904	15.402715463208745	Q20251024235801
2905	2906	15.402715463208745	Q20251024235801
2906	2905	15.402715463208745	Q20251024235801
2906	2907	15.402715463208745	Q20251024235801
2907	2906	15.402715463208745	Q20251024235801
2907	2908	15.402715463211296	Q20251024235801
2908	2907	15.402715463211296	Q20251024235801
2908	2909	15.402715463211296	Q20251024235801
2909	2908	15.402715463211296	Q20251024235801
2909	2910	15.402715463211296	Q20251024235801
2910	2909	15.402715463211296	Q20251024235801
2910	2911	15.402715463213847	Q20251024235801
2911	2910	15.402715463213847	Q20251024235801
2911	2912	15.402715463216397	Q20251024235801
2912	2911	15.402715463216397	Q20251024235801
2912	2913	19.136007154903531	Q20251024235801
2913	2912	19.136007154903531	Q20251024235801
2914	1871	15.402715463233372	Q20251024235809
2914	2915	15.402715463233372	Q20251024235809
2915	2914	15.402715463233372	Q20251024235809
2915	2916	15.402715463233372	Q20251024235809
2916	2915	15.402715463233372	Q20251024235809
2916	2917	15.402715463233372	Q20251024235809
2917	2916	15.402715463233372	Q20251024235809
2917	2918	15.402715463233372	Q20251024235809
2918	2917	15.402715463233372	Q20251024235809
2918	2919	15.402715463236360	Q20251024235809
2919	2918	15.402715463236360	Q20251024235809
2919	2920	15.402715463236360	Q20251024235809
2920	2919	15.402715463236360	Q20251024235809
2920	2921	15.402715463236360	Q20251024235809
2921	2920	15.402715463236360	Q20251024235809
2921	2922	15.402715463236360	Q20251024235809
2922	2921	15.402715463236360	Q20251024235809
2922	2923	15.402715463236360	Q20251024235809
2923	2922	15.402715463236360	Q20251024235809
2923	2924	15.402715463239350	Q20251024235809
2924	2923	15.402715463239350	Q20251024235809
2924	2925	15.402715463239350	Q20251024235809
2925	2924	15.402715463239350	Q20251024235809
2925	2926	15.402715463242339	Q20251024235809
2926	2925	15.402715463242339	Q20251024235809
2926	2927	15.402715463242339	Q20251024235809
2927	2926	15.402715463242339	Q20251024235809
2927	2928	15.402715463245327	Q20251024235809
2928	2927	15.402715463245327	Q20251024235809
2928	2929	15.402715463248317	Q20251024235809
2929	2928	15.402715463248317	Q20251024235809
2929	2930	15.611860738636668	Q20251024235809
2930	2929	15.611860738636668	Q20251024235809
2930	2931	15.402715462889736	Q20251024235809
2931	2930	15.402715462889736	Q20251024235809
2931	2932	15.402715462889736	Q20251024235809
2932	2931	15.402715462889736	Q20251024235809
2932	2933	15.402715462887112	Q20251024235809
2933	2932	15.402715462887112	Q20251024235809
2933	2934	15.402715462887112	Q20251024235809
2934	2933	15.402715462887112	Q20251024235809
2934	2935	15.402715462887112	Q20251024235809
2935	2934	15.402715462887112	Q20251024235809
2935	2936	15.402715462884487	Q20251024235809
2936	2935	15.402715462884487	Q20251024235809
2936	2937	15.402715462884487	Q20251024235809
2937	2936	15.402715462884487	Q20251024235809
2937	2938	15.402715462884487	Q20251024235809
2938	2937	15.402715462884487	Q20251024235809
2938	2939	15.402715462881863	Q20251024235809
2939	2938	15.402715462881863	Q20251024235809
2939	2940	15.402715462879240	Q20251024235809
2940	2939	15.402715462879240	Q20251024235809
2940	2941	15.402715462879240	Q20251024235809
2941	2940	15.402715462879240	Q20251024235809
2941	2942	15.402715462873992	Q20251024235809
2942	2941	15.402715462873992	Q20251024235809
2942	2943	8.309764057196023	Q20251024235809
2943	2942	8.309764057196023	Q20251024235809
2944	1921	15.402715463218311	Q20251024235817
2944	2945	15.402715463218311	Q20251024235817
2945	2944	15.402715463218311	Q20251024235817
2945	2946	15.402715463218311	Q20251024235817
2946	2945	15.402715463218311	Q20251024235817
2946	2947	15.402715463227421	Q20251024235817
2947	2946	15.402715463227421	Q20251024235817
2947	2948	15.402715463227421	Q20251024235817
2948	2947	15.402715463227421	Q20251024235817
2948	2949	15.402715463236532	Q20251024235817
2949	2948	15.402715463236532	Q20251024235817
2949	2950	15.402715463245643	Q20251024235817
2950	2949	15.402715463245643	Q20251024235817
2950	2951	15.402715463245643	Q20251024235817
2951	2950	15.402715463245643	Q20251024235817
2951	2952	15.402715463254752	Q20251024235817
2952	2951	15.402715463254752	Q20251024235817
2952	2953	15.402715462900757	Q20251024235817
2953	2952	15.402715462900757	Q20251024235817
2953	2954	15.402715463254752	Q20251024235817
2954	2953	15.402715463254752	Q20251024235817
2954	2955	15.402715462909867	Q20251024235817
2955	2954	15.402715462909867	Q20251024235817
2955	2956	15.402715463254752	Q20251024235817
2956	2955	15.402715463254752	Q20251024235817
2956	2957	15.402715462909867	Q20251024235817
2957	2956	15.402715462909867	Q20251024235817
2957	2958	15.402715463245643	Q20251024235817
2958	2957	15.402715463245643	Q20251024235817
2958	2959	15.402715462928088	Q20251024235817
2959	2958	15.402715462928088	Q20251024235817
2959	2960	10.689305386524337	Q20251024235817
2960	2959	10.689305386524337	Q20251024235817
2960	2961	15.402715463184178	Q20251024235817
2961	2960	15.402715463184178	Q20251024235817
2961	2962	15.402715463192997	Q20251024235817
2962	2961	15.402715463192997	Q20251024235817
2962	2963	15.402715463192997	Q20251024235817
2963	2962	15.402715463192997	Q20251024235817
2963	2964	15.402715463192997	Q20251024235817
2964	2963	15.402715463192997	Q20251024235817
2964	2965	15.402715463201817	Q20251024235817
2965	2964	15.402715463201817	Q20251024235817
2965	2966	15.402715463201817	Q20251024235817
2966	2965	15.402715463201817	Q20251024235817
2966	2967	15.402715463210635	Q20251024235817
2967	2966	15.402715463210635	Q20251024235817
2967	2968	15.402715463219455	Q20251024235817
2968	2967	15.402715463219455	Q20251024235817
2968	2969	15.402715463219455	Q20251024235817
2969	2968	15.402715463219455	Q20251024235817
2969	2970	15.402715463228274	Q20251024235817
2970	2969	15.402715463228274	Q20251024235817
2970	2971	15.402715463237092	Q20251024235817
2971	2970	15.402715463237092	Q20251024235817
2971	2972	15.402715463245912	Q20251024235817
2972	2971	15.402715463245912	Q20251024235817
2972	2973	15.402715462893148	Q20251024235817
2973	2972	15.402715462893148	Q20251024235817
2973	2974	15.402715463245912	Q20251024235817
2974	2973	15.402715463245912	Q20251024235817
2974	2975	15.402715462901968	Q20251024235817
2975	2974	15.402715462901968	Q20251024235817
2975	2976	17.211858933768418	Q20251024235817
2976	2975	17.211858933768418	Q20251024235817
2977	1968	15.402715463148802	Q20251024235825
2977	2978	15.402715463148802	Q20251024235825
2978	2977	15.402715463148802	Q20251024235825
2978	2979	15.402715463148802	Q20251024235825
2979	2978	15.402715463148802	Q20251024235825
2979	2980	15.402715463148802	Q20251024235825
2980	2979	15.402715463148802	Q20251024235825
2980	2981	15.402715463148802	Q20251024235825
2981	2980	15.402715463148802	Q20251024235825
2981	2982	15.402715463148802	Q20251024235825
2982	2981	15.402715463148802	Q20251024235825
2982	2983	15.402715463148802	Q20251024235825
2983	2982	15.402715463148802	Q20251024235825
2983	2984	15.402715463148802	Q20251024235825
2984	2983	15.402715463148802	Q20251024235825
2984	2985	15.402715463148802	Q20251024235825
2985	2984	15.402715463148802	Q20251024235825
2985	2986	15.402715463148802	Q20251024235825
2986	2985	15.402715463148802	Q20251024235825
2986	2987	15.402715463148802	Q20251024235825
2987	2986	15.402715463148802	Q20251024235825
2987	2988	15.402715463151274	Q20251024235825
2988	2987	15.402715463151274	Q20251024235825
2988	2989	15.402715463151274	Q20251024235825
2989	2988	15.402715463151274	Q20251024235825
2989	2990	15.402715463151274	Q20251024235825
2990	2989	15.402715463151274	Q20251024235825
2990	2991	20.230727088312197	Q20251024235825
2991	2990	20.230727088312197	Q20251024235825
2991	2992	15.402715462861583	Q20251024235825
2992	2991	15.402715462861583	Q20251024235825
2992	2993	15.402715462861583	Q20251024235825
2993	2992	15.402715462861583	Q20251024235825
2993	2994	15.402715462861583	Q20251024235825
2994	2993	15.402715462861583	Q20251024235825
2994	2995	15.402715462861583	Q20251024235825
2995	2994	15.402715462861583	Q20251024235825
2995	2996	15.402715462861583	Q20251024235825
2996	2995	15.402715462861583	Q20251024235825
2996	2997	15.402715462859701	Q20251024235825
2997	2996	15.402715462859701	Q20251024235825
2997	2998	15.402715462859701	Q20251024235825
2998	2997	15.402715462859701	Q20251024235825
2998	2999	15.402715462859701	Q20251024235825
2999	2998	15.402715462859701	Q20251024235825
2999	3000	15.402715462859701	Q20251024235825
3000	2999	15.402715462859701	Q20251024235825
3000	3001	15.402715462857820	Q20251024235825
3001	3000	15.402715462857820	Q20251024235825
3001	3002	15.402715462857820	Q20251024235825
3002	3001	15.402715462857820	Q20251024235825
3002	3003	15.402715462855937	Q20251024235825
3003	3002	15.402715462855937	Q20251024235825
3003	3004	22.100239066911808	Q20251024235825
3004	3003	22.100239066911808	Q20251024235825
